1000 100 100
640 779 884 578 897 746 677 567 182 305 769 170 458 433 849 438 253 227 129 163 932 902 920 254 762 523 512 900 415 798 434 613 315 761 103 808 837 649 674 490 933 259 531 276 993 123 621 41 844 648 398 75 281 74 682 942 871 517 242 462 38 72 889 664 492 740 23 830 821 822 60 704 849 159 591 900 611 201 216 82 704 731 495 5 871 304 661 733 256 144 130 555 923 692 908 769 826 881 132 798
438 164 742 362 98 172 369 484 607 197 306 900 615 571 677 362 559 24 867 639 260 32 730 759 194 594 548 211 893 423 757 547 434 439 504 43 384 527 76 908 367 300 852 959 878 314 285 558 986 687 820 304 121 594 352 310 315 44 842 587 218 857 259 808 837 177 278 835 395 487 334 132 164 636 287 284 716 309 659 285 743 786 18 934 763 49 768 254 233 342 745 546 427 270 24 600 928 875 518 99
98 105 734 279 400 52 660 402 529 108 794 488 808 362 294 992 242 874 599 648 981 735 978 915 704 504 940 523 853 598 656 389 570 686 451 66 931 275 519 602 403 870 911 808 386 54 85 111 196 261 991 909 409 603 34 596 814 474 939 629 126 35 505 902 23 959 197 233 231 160 212 368 147 263 550 161 217 803 260 104 371 459 320 446 502 253 264 766 466 39 845 187 111 479 573 639 53 721 252 797
855 523 377 457 544 301 571 573 311 211 716 341 286 878 129 872 679 593 601 949 173 906 906 189 317 934 941 774 772 258 226 606 697 750 350 776 654 651 657 217 763 497 918 277 474 815 717 239 460 418 504 335 356 922 194 895 64 625 283 307 404 245 105 235 555 791 391 995 787 645 811 982 497 429 77 249 662 401 863 826 748 244 831 368 128 437 952 591 242 298 801 727 207 19 348 493 955 135 169 402
481 123 615 805 978 168 783 618 67 464 630 272 673 208 581 542 618 541 104 919 499 152 140 762 973 869 705 67 48 213 398 464 82 888 753 962 972 27 509 983 325 39 36 877 258 189 268 94 291 152 50 42 326 408 908 374 742 533 746 921 459 706 424 987 389 256 479 591 314 456 444 370 583 813 19 145 304 514 261 949 632 724 827 511 71 664 340 602 74 147 490 736 92 475 685 883 587 806 330 215
862 815 663 674 242 886 323 520 333 466 781 469 142 746 453 4 644 621 602 217 206 285 344 988 797 381 829 145 241 116 774 611 925 627 733 345 274 101 452 131 538 306 169 849 697 759 774 395 914 353 971 109 525 276 827 500 574 284 673 472 868 401 137 793 734 478 246 329 344 273 31 240 20 316 80 495 584 274 196 593 399 295 547 379 421 173 29 246 598 827 360 552 207 210 369 781 673 859 577 86
157 468 386 843 313 311 580 909 138 752 115 127 794 570 467 58 733 751 336 375 531 454 757 170 291 667 407 518 104 946 996 751 223 412 516 535 674 566 688 331 275 270 295 473 82 453 158 180 156 710 8 355 189 226 202 529 596 346 465 162 542 532 44 480 683 462 560 411 712 356 838 387 881 42 264 916 929 74 664 422 230 707 556 655 7 474 586 760 425 40 241 394 440 599 649 165 467 820 942 137
714 136 749 70 343 985 536 270 111 755 472 548 211 839 262 81 49 228 745 847 104 54 207 642 83 717 347 152 148 583 491 532 622 255 832 319 369 81 634 604 143 760 295 385 11 215 641 974 990 736 991 637 224 716 739 163 828 135 636 323 496 664 166 858 10 795 122 138 662 360 247 26 329 845 311 229 297 686 424 778 119 909 112 967 906 924 457 291 361 736 508 279 270 78 526 39 383 261 735 193
264 705 1 359 2 772 471 121 879 751 732 357 979 344 953 825 826 879 536 837 703 208 150 583 258 168 817 370 108 560 974 621 837 421 198 122 240 961 373 817 202 162 222 173 341 177 568 881 351 563 969 340 772 228 582 827 539 788 103 976 624 677 413 516 737 6 365 888 881 441 650 254 876 272 469 278 56 0 595 604 787 648 568 214 316 694 729 175 186 746 761 827 353 881 909 820 651 991 261 103
665 596 433 616 225 685 172 898 451 168 558 810 821 175 396 524 264 141 40 990 489 68 161 789 404 579 17 242 274 337 403 564 411 587 596 855 984 420 635 425 351 129 218 929 143 573 244 749 264 155 549 11 468 469 597 643 144 456 690 60 633 976 814 655 286 682 694 678 358 375 347 993 15 582 121 223 445 152 982 335 988 450 257 481 95 697 739 200 636 186 881 125 415 599 91 583 535 648 957 146
460 129 628 328 278 609 890 181 42 118 914 678 196 164 797 287 523 447 11 702 172 779 130 84 362 927 694 153 260 634 154 509 763 873 585 928 258 633 994 976 653 366 370 181 39 392 487 164 518 242 879 620 104 731 278 669 197 966 633 241 484 195 264 792 275 733 657 766 568 810 127 870 420 826 510 782 482 112 202 232 27 914 744 717 180 126 384 512 739 61 239 96 976 648 364 192 711 55 489 458
558 629 141 677 228 610 101 817 566 431 265 793 100 692 983 130 418 57 453 600 63 669 923 464 535 562 956 128 561 609 744 721 379 620 140 151 177 512 227 1000 807 401 138 971 523 409 547 557 165 321 267 470 494 454 769 21 678 552 89 815 458 978 713 254 801 129 355 156 351 634 844 117 14 511 961 1 559 843 749 560 877 35 635 35 278 759 491 269 137 357 493 454 561 77 590 272 807 261 840 117
601 19 655 68 97 364 380 541 503 904 850 41 878 263 807 982 789 753 743 477 522 256 888 751 348 918 433 790 618 725 527 93 676 492 90 678 991 437 587 249 976 886 896 89 105 460 357 250 392 135 538 487 127 387 87 675 876 836 67 977 787 966 904 334 817 335 349 50 174 764 915 899 647 916 897 398 474 137 788 490 682 960 457 561 98 205 587 273 692 992 751 959 269 777 143 487 901 176 34 571
904 7 879 534 1 365 954 260 983 238 848 2 644 252 573 320 901 622 229 813 674 170 392 919 190 926 877 788 941 357 467 469 876 124 665 680 408 672 756 914 95 797 951 49 174 524 45 694 161 69 149 893 651 793 883 472 984 805 758 767 200 463 812 198 700 464 392 438 286 386 36 310 453 637 265 818 872 904 385 67 715 268 79 917 808 360 983 415 53 187 956 154 42 789 924 794 598 885 924 1000
52 568 198 668 318 652 996 350 279 637 614 824 724 511 871 272 6 692 731 638 298 353 71 50 973 668 37 320 225 891 612 109 384 632 787 215 281 838 187 333 595 589 91 607 157 935 692 995 884 693 831 416 908 84 450 501 177 4 742 419 759 753 460 764 207 818 979 870 50 465 937 359 733 708 332 211 638 220 547 288 131 584 49 723 562 563 750 203 635 200 38 815 694 235 306 623 895 97 18 432
687 786 334 579 458 579 282 728 555 396 905 51 383 353 417 399 724 718 490 224 327 227 966 445 553 428 974 104 566 811 676 223 604 574 78 168 703 973 95 30 301 319 890 463 878 47 374 816 719 306 268 588 406 16 323 542 340 577 648 813 952 188 545 290 95 824 354 904 161 967 433 272 49 871 288 314 743 956 478 812 232 605 394 836 693 245 685 223 59 242 500 360 892 941 272 941 616 659 473 370
730 661 285 502 85 490 730 898 452 565 647 376 772 550 689 703 536 511 687 707 377 880 230 464 128 895 50 859 396 910 236 302 826 747 326 433 570 736 181 639 535 948 964 303 286 735 105 538 571 423 4 59 725 991 588 58 285 814 558 3 143 571 127 723 271 692 543 117 960 789 308 658 453 564 578 919 507 635 54 375 964 177 239 789 792 513 355 119 515 216 975 258 533 30 702 533 774 840 728 399
161 696 772 736 34 534 680 307 344 655 317 339 130 93 375 854 450 350 77 759 441 245 769 172 969 377 541 528 866 432 385 389 983 994 655 668 702 833 318 741 271 549 600 808 444 926 150 884 459 786 871 806 397 871 436 878 69 416 715 347 397 240 504 689 719 89 27 42 535 405 374 866 70 59 579 534 70 543 355 561 535 170 767 792 388 842 341 718 523 106 886 948 979 660 935 17 647 952 650 29
950 556 641 475 660 421 517 818 915 998 301 654 835 185 391 305 609 312 911 795 193 114 103 447 669 103 419 22 647 586 686 944 730 492 648 58 886 191 885 541 93 284 809 830 99 826 35 662 481 888 166 677 597 371 314 801 981 852 491 276 257 213 8 437 187 370 789 481 608 270 15 452 926 414 999 349 572 791 92 900 475 426 956 245 81 394 42 442 586 94 607 315 242 976 368 343 432 16 835 637
5 197 717 316 930 983 845 967 961 515 9 495 807 709 878 925 969 610 467 328 883 846 864 507 937 599 744 754 988 495 490 582 599 883 814 873 924 596 727 139 409 248 299 51 845 321 875 503 291 517 235 269 73 459 78 677 585 658 480 737 287 776 806 727 754 263 456 641 222 809 430 729 25 648 525 330 709 179 887 799 555 42 867 905 995 88 67 599 453 783 256 406 48 632 818 64 551 853 913 603
475 327 352 853 351 992 28 152 946 621 627 325 450 552 930 274 489 84 889 994 960 820 195 227 279 686 279 819 905 48 918 503 93 238 315 137 991 129 519 947 919 779 328 680 811 446 754 275 990 84 673 473 248 159 179 244 133 259 592 277 661 718 947 643 144 652 915 281 506 95 436 134 759 867 817 322 564 347 661 508 648 914 666 485 223 220 538 232 441 843 844 27 311 897 130 149 225 910 121 986
684 906 164 145 126 46 320 771 487 166 353 540 772 978 376 868 989 339 766 889 431 797 221 270 749 644 0 626 104 125 762 595 617 780 546 469 809 424 868 737 934 517 723 584 240 474 202 684 196 910 64 651 111 694 525 631 41 380 489 497 73 536 524 737 348 595 312 416 753 294 334 526 404 206 478 69 878 10 327 39 592 91 575 166 157 898 766 527 153 554 531 494 64 522 312 863 114 989 635 972
685 738 507 37 632 560 167 692 584 689 954 171 201 494 386 80 306 688 22 237 157 1000 536 90 450 788 904 974 736 847 386 962 792 114 884 607 808 107 580 838 533 990 154 120 998 415 853 257 65 887 636 804 705 426 273 990 454 119 819 895 173 519 443 867 54 685 774 732 326 190 415 578 535 985 159 611 121 397 682 757 332 205 49 698 903 49 95 150 644 543 576 570 945 148 236 692 614 834 542 272
913 632 873 103 641 675 269 481 108 855 410 162 559 925 750 292 62 254 477 105 304 591 814 89 635 732 704 634 210 433 474 85 480 202 711 203 359 934 817 348 229 37 932 593 223 980 324 662 393 898 697 915 770 969 360 632 89 577 827 736 429 828 962 710 661 63 422 893 818 986 507 877 648 737 528 646 938 283 0 195 466 616 72 605 77 691 957 413 490 171 777 903 488 272 66 530 986 770 689 959
883 212 965 316 302 791 567 98 924 464 928 172 36 353 92 882 524 705 605 81 115 31 703 327 861 325 491 140 999 739 966 746 862 494 263 278 234 885 545 289 651 243 311 492 910 693 36 587 572 579 720 208 577 275 713 557 51 869 65 59 189 996 347 584 805 678 658 407 446 81 704 736 179 639 346 293 717 407 269 236 69 212 677 890 97 68 207 255 436 18 118 65 418 754 348 827 15 51 776 99
628 981 535 259 204 630 622 286 116 238 720 171 762 981 683 776 562 687 434 458 200 808 998 239 9 755 246 751 37 33 539 955 362 755 315 995 625 271 901 949 188 245 472 623 353 327 257 399 271 320 813 200 456 574 726 904 711 72 496 172 125 457 629 89 774 889 21 814 121 311 692 747 383 284 571 626 442 323 554 137 691 654 9 823 628 486 413 985 152 809 6 814 489 160 514 796 881 732 789 109
714 269 789 724 391 723 912 570 189 545 89 235 298 693 788 939 616 895 13 321 43 434 368 236 584 10 679 207 423 12 884 819 497 63 840 931 377 901 576 46 808 992 890 69 142 796 107 644 119 687 290 355 816 787 518 447 163 245 117 603 951 299 924 607 642 771 460 884 768 132 75 920 411 145 963 611 679 622 232 688 73 291 956 533 339 549 930 315 681 923 119 979 70 970 538 940 988 836 540 309
584 580 219 121 991 781 171 617 303 210 307 311 365 602 678 421 285 480 412 12 368 217 984 812 817 682 222 606 957 228 484 975 892 846 463 915 927 770 330 726 187 984 406 495 515 753 486 987 990 390 314 919 43 188 785 215 257 63 357 395 51 695 434 781 429 942 718 595 623 306 360 253 259 295 641 746 917 874 482 224 555 289 528 940 173 716 86 289 597 379 524 823 658 660 181 948 710 943 746 191
115 422 977 576 992 895 936 969 173 735 203 141 891 531 52 69 710 163 983 451 652 320 770 439 136 860 950 317 94 227 479 506 859 973 510 885 375 261 698 867 305 354 665 772 982 735 441 470 696 735 920 493 774 985 733 446 191 996 160 984 594 349 301 817 535 142 266 610 85 230 137 814 920 366 457 673 913 642 685 562 624 972 116 886 249 827 255 747 225 30 432 701 512 843 194 179 165 973 664 823
103 179 682 605 214 829 405 878 51 47 571 194 843 532 947 866 186 548 730 531 985 768 707 673 398 420 113 377 675 438 624 379 150 381 694 883 564 5 119 415 595 678 317 844 381 421 434 762 610 849 515 233 483 159 980 561 513 632 438 980 32 342 381 744 386 209 923 916 344 452 419 415 564 901 564 491 687 253 101 742 175 533 133 149 939 495 398 505 13 865 653 913 837 505 369 600 671 633 394 413
335 112 678 784 784 624 615 734 115 743 286 184 284 530 793 864 500 314 120 447 665 590 174 270 14 698 984 688 866 973 469 520 995 110 219 463 752 107 299 876 911 344 62 133 120 841 177 394 344 884 137 267 440 820 572 571 961 79 625 781 862 226 339 661 175 718 274 51 384 762 854 805 305 344 690 788 982 339 554 679 846 439 501 662 46 186 734 780 373 155 937 368 56 176 709 766 654 136 740 737
44 986 553 203 971 552 269 519 809 207 282 542 366 175 926 645 37 959 204 812 996 904 268 686 718 156 668 887 477 82 111 374 34 724 169 908 5 721 965 313 297 357 422 125 566 830 897 497 305 428 718 186 342 128 870 32 866 980 37 908 783 216 302 416 489 173 874 69 585 692 930 927 195 583 731 144 311 292 44 273 676 359 759 962 610 169 276 95 876 164 551 118 582 519 110 124 998 489 615 664
725 786 314 797 92 115 382 2 362 709 533 607 987 981 723 376 836 216 105 250 498 149 345 776 313 341 492 490 463 849 614 451 684 608 773 568 958 694 260 594 620 757 716 732 330 963 704 357 229 771 910 324 564 501 762 913 845 667 417 774 19 457 659 742 24 661 769 15 490 154 593 773 131 955 1000 427 536 3 189 334 240 548 241 826 569 99 75 704 728 819 816 802 401 594 838 404 612 105 384 716
790 916 257 720 845 590 529 300 56 555 272 823 46 562 104 730 671 706 944 646 590 269 112 319 504 626 278 356 168 227 120 901 715 321 388 85 602 267 710 22 915 414 204 519 376 560 72 322 513 788 630 599 849 94 790 407 376 725 406 317 32 98 946 674 931 992 893 190 294 656 428 656 850 232 592 539 903 700 694 344 522 41 534 447 570 621 805 905 812 702 652 136 43 357 268 4 766 290 911 882
465 55 784 399 764 260 253 911 870 59 287 766 496 621 384 310 496 176 619 283 586 972 327 631 570 981 383 956 855 97 404 659 413 233 96 824 336 573 976 477 272 829 752 787 17 615 60 329 500 966 484 620 707 814 896 773 845 164 23 805 499 150 374 891 693 183 280 825 75 634 337 66 467 964 114 127 383 427 412 136 636 215 673 364 17 133 476 75 284 614 914 715 571 162 921 609 811 305 433 219
463 874 229 292 550 188 438 54 597 886 317 745 915 568 829 184 285 414 571 305 407 572 971 985 879 749 613 108 278 601 385 443 556 985 843 418 718 34 791 267 527 320 146 457 482 825 725 874 94 191 638 970 571 338 879 111 82 137 141 692 241 609 359 173 329 24 541 46 621 84 939 228 361 77 232 240 109 440 449 836 890 304 203 686 520 916 912 614 473 162 994 240 599 700 775 610 171 455 950 960
811 508 944 773 946 877 809 8 502 943 556 989 940 492 176 509 891 436 310 627 288 114 136 355 100 445 299 372 95 853 382 619 867 413 723 654 929 102 382 746 836 122 162 823 13 164 957 453 212 504 796 394 905 452 456 878 679 644 421 778 744 284 476 628 361 381 149 595 330 762 703 547 406 526 175 321 878 754 909 356 912 858 116 93 823 823 729 923 36 362 176 737 196 559 506 708 408 773 210 844
540 582 615 279 511 211 36 874 545 215 648 61 179 272 371 389 794 385 951 827 367 745 517 241 550 639 623 391 664 767 120 759 61 322 358 134 367 424 531 629 206 240 969 663 182 90 453 73 320 814 385 26 514 412 529 596 867 458 813 519 217 98 532 876 829 311 404 183 646 150 931 287 973 435 768 410 761 290 439 994 315 899 788 887 507 596 240 679 322 987 6 985 665 522 110 40 262 535 466 538
451 288 429 228 866 995 771 312 239 474 842 71 674 814 663 518 668 715 488 916 391 920 288 842 664 623 373 162 888 246 13 684 744 513 705 996 577 811 610 329 26 155 149 944 817 388 329 744 599 718 942 692 425 874 318 497 538 208 891 689 91 127 17 351 583 128 981 340 551 552 147 933 388 652 714 746 989 989 218 227 109 285 175 497 790 210 747 764 256 295 793 804 840 795 910 38 353 240 886 203
188 627 580 87 110 84 787 775 713 786 802 556 362 155 944 718 482 150 105 898 115 694 50 288 441 318 986 622 81 130 548 211 676 333 231 833 305 769 609 406 56 406 689 207 411 448 447 191 271 376 653 999 494 206 39 337 445 671 201 308 84 860 816 820 997 208 258 268 835 812 331 91 351 516 315 392 624 444 980 477 223 747 482 226 53 848 273 87 124 99 297 915 277 425 396 705 439 451 434 147
744 59 198 32 390 68 550 899 941 943 950 174 110 708 225 113 680 291 170 628 654 163 683 437 908 900 142 618 364 854 241 255 752 173 620 880 626 96 483 257 782 22 229 299 934 255 253 18 542 315 439 269 609 289 255 458 992 930 305 812 440 398 886 859 690 241 679 950 820 678 105 672 431 390 759 865 26 538 488 860 832 85 886 148 698 966 667 610 830 67 115 647 130 570 480 935 889 698 312 756
248 681 91 742 989 813 459 468 174 592 321 408 794 894 365 681 182 507 927 889 242 96 170 588 551 584 485 456 194 345 874 328 105 582 709 284 774 555 429 311 114 922 154 717 22 408 478 182 657 741 487 668 655 137 289 567 575 29 556 113 633 370 187 609 698 855 346 964 402 376 433 358 495 582 418 860 896 314 749 579 243 487 207 854 98 7 997 940 946 897 886 478 882 299 839 943 108 269 728 524
464 28 984 385 178 870 77 389 975 972 823 562 902 551 586 210 982 753 614 533 408 964 554 846 799 630 285 904 216 953 244 448 604 560 821 30 157 350 426 370 743 898 261 673 477 57 173 245 782 661 19 282 883 188 463 61 117 962 452 628 805 54 236 806 147 35 916 159 345 837 840 501 345 703 698 730 319 552 370 119 283 808 945 207 551 217 550 823 488 67 325 769 721 964 30 125 21 426 25 289
386 12 155 625 641 30 938 869 131 349 291 170 69 584 843 296 898 739 235 223 939 123 428 693 482 216 196 103 728 179 562 260 604 76 955 497 529 20 960 50 92 70 971 654 368 386 684 276 195 796 561 321 980 492 779 762 722 624 205 277 588 238 900 772 877 307 429 452 349 480 964 197 361 443 809 964 878 675 265 445 882 356 410 371 687 757 620 636 430 228 285 236 137 874 710 720 266 314 965 963
512 706 621 703 944 617 149 939 462 927 680 361 741 590 998 277 690 667 243 28 289 985 278 262 120 265 239 568 949 963 412 218 996 524 511 821 217 287 326 283 967 534 339 173 841 147 580 267 982 548 666 237 531 125 213 674 663 62 251 29 16 877 25 402 79 6 330 536 780 340 878 598 380 577 296 219 239 97 148 451 7 948 125 491 905 299 17 584 432 238 836 718 603 371 207 842 919 110 125 493
768 298 21 780 778 8 227 374 990 985 150 582 684 991 938 35 922 400 978 654 215 853 79 419 274 393 432 611 604 905 666 101 76 275 25 572 184 302 592 953 839 101 114 298 131 407 563 30 62 935 394 157 356 681 491 255 4 454 208 361 52 277 227 272 715 127 581 688 538 415 40 736 529 143 973 675 264 782 567 960 583 478 174 738 843 350 121 402 988 442 228 729 404 409 296 25 115 61 183 257
938 478 168 728 186 730 834 317 28 68 936 561 563 433 403 820 211 280 384 421 995 420 958 207 226 960 772 249 322 522 158 649 888 169 415 740 556 265 107 999 807 376 229 260 436 622 860 88 842 476 590 528 308 93 955 587 558 494 240 411 715 146 957 146 555 472 430 469 554 108 895 266 929 664 506 930 82 192 761 735 834 470 402 361 766 373 971 784 513 545 336 9 261 831 526 177 949 150 889 621
353 883 814 711 445 941 408 923 845 936 0 456 610 621 808 905 679 815 25 9 722 172 721 188 575 694 339 899 854 173 143 551 627 623 993 825 538 315 912 394 150 964 544 715 5 915 499 744 554 305 697 436 348 785 444 786 368 662 514 434 932 198 619 296 701 590 411 55 65 585 806 887 584 851 219 1000 811 128 672 148 167 855 944 664 466 438 445 616 968 667 869 278 680 684 483 475 766 1 610 87
893 963 434 63 462 453 539 951 98 898 101 652 436 740 913 496 681 548 700 721 995 103 494 389 724 177 228 808 359 98 708 942 862 124 35 407 160 228 194 148 669 416 223 653 537 538 400 429 151 273 517 183 449 218 296 892 928 183 551 155 797 420 976 741 822 790 130 684 616 574 524 834 283 918 396 506 710 908 228 489 792 971 32 182 698 78 865 119 181 285 539 401 568 455 888 13 134 808 966 559
964 559 166 695 620 258 447 126 401 991 328 670 833 240 708 754 720 400 908 682 906 739 854 284 166 800 711 79 561 431 785 760 746 876 945 967 396 658 115 831 327 829 672 281 40 829 377 193 731 239 67 613 480 326 717 437 468 754 612 515 586 686 536 505 736 160 127 260 575 303 880 705 188 458 373 909 985 809 384 326 925 940 251 250 111 621 167 635 933 655 973 309 185 41 888 182 96 220 117 231
625 880 309 731 759 337 92 538 543 812 594 902 919 594 244 791 635 397 360 148 1 657 494 550 729 400 862 347 671 990 595 242 997 640 881 899 195 404 265 919 175 423 188 274 387 629 286 275 279 417 275 433 555 478 918 589 219 839 753 903 299 706 610 530 6 271 9 417 557 795 728 410 89 768 213 918 793 39 169 549 643 401 605 435 269 347 217 616 982 66 788 731 444 474 437 50 548 98 664 578
449 324 964 345 948 667 584 228 261 15 132 585 369 106 249 878 993 738 419 3 728 561 194 247 219 647 568 100 471 366 87 388 324 618 503 570 633 851 867 585 143 2 854 588 568 673 765 66 624 953 352 460 455 865 585 704 424 343 808 138 884 911 236 930 571 903 224 876 56 217 271 780 424 274 375 585 496 895 665 495 879 287 557 631 670 911 529 300 228 914 870 666 229 313 960 186 955 23 506 986
787 925 361 471 946 301 912 198 954 469 997 663 112 887 862 554 929 504 702 889 397 463 391 276 328 509 489 406 316 497 246 434 262 848 900 462 347 735 446 975 152 242 106 219 459 118 536 764 568 560 184 940 656 510 855 769 654 5 437 78 50 388 878 981 545 281 495 733 129 492 703 582 168 435 378 474 932 780 80 208 793 813 671 625 16 259 394 781 762 923 814 942 513 950 993 965 566 656 817 874
606 9 811 520 433 421 475 214 115 755 680 696 590 852 812 654 260 389 324 439 243 233 946 517 707 101 294 869 194 957 462 140 178 522 132 784 789 977 356 738 635 839 698 186 774 87 269 265 642 30 223 518 214 682 739 95 362 386 618 496 901 897 50 541 830 264 609 75 341 555 300 828 718 392 992 677 501 642 607 388 755 498 470 941 471 410 279 534 854 773 1000 687 68 144 778 666 104 215 927 532
48 109 495 484 51 775 158 469 240 663 978 544 747 822 133 22 290 489 484 734 723 798 998 761 50 989 839 624 653 69 391 736 856 49 767 248 139 386 629 60 85 283 827 490 791 310 799 939 936 386 175 552 645 346 104 916 128 47 25 820 207 404 340 897 175 863 720 444 490 788 990 423 64 313 848 720 962 420 263 373 745 448 594 485 532 696 528 466 272 57 410 601 978 249 110 500 189 465 601 463
980 761 183 378 741 278 363 511 271 671 685 54 946 29 421 166 739 968 986 494 924 997 359 365 861 834 860 192 230 654 868 680 741 361 467 993 279 203 311 294 569 788 573 227 687 27 715 903 136 145 649 765 738 449 838 516 271 636 874 459 257 166 761 786 825 521 343 181 305 902 144 573 896 452 406 454 195 563 616 401 357 70 959 763 926 337 827 356 682 466 264 989 312 637 432 963 677 269 66 540
22 511 581 352 920 184 938 36 479 292 412 61 602 545 70 401 788 773 405 131 351 56 370 695 890 991 995 802 114 463 834 418 261 135 67 684 263 394 65 804 622 541 598 823 590 789 965 956 168 404 429 702 434 870 513 438 215 998 585 229 482 362 465 673 645 902 493 792 253 506 102 412 58 996 953 226 578 21 194 846 711 840 558 517 790 189 251 247 113 151 296 81 453 342 398 740 153 3 245 519
105 611 410 93 657 860 687 951 199 590 215 568 30 470 320 307 328 825 314 602 425 109 499 866 814 594 854 189 829 805 310 295 480 140 6 951 187 996 298 926 93 881 83 808 564 356 578 970 341 255 473 227 484 614 684 911 15 461 813 53 441 586 41 992 194 148 641 608 410 56 338 830 529 395 212 587 314 399 428 676 633 591 402 906 331 54 676 749 380 254 254 881 625 837 434 61 466 589 74 728
225 708 792 410 787 843 456 80 401 703 218 7 272 312 157 985 810 467 787 337 720 499 129 305 915 659 187 648 41 198 259 629 711 119 0 182 367 111 545 776 29 668 17 119 556 831 20 507 81 593 991 964 641 116 279 351 812 878 59 272 918 766 197 521 824 124 93 287 277 81 293 562 820 952 992 915 360 638 566 87 955 841 990 355 63 343 595 726 547 443 674 263 358 701 287 152 835 666 729 931
579 625 182 446 123 246 482 523 383 135 465 832 470 143 974 776 675 964 841 487 425 365 515 796 608 559 769 435 116 294 213 783 412 399 510 333 405 59 782 225 302 666 386 922 284 103 348 686 843 75 28 106 258 697 337 961 945 145 669 435 331 439 460 418 918 64 856 225 862 876 328 371 860 988 669 46 872 385 733 206 99 755 688 729 980 261 585 891 611 376 473 996 647 175 505 364 89 691 675 267
629 661 119 975 566 674 342 292 167 975 707 546 673 191 933 748 611 965 47 843 992 356 433 365 877 78 736 516 564 958 262 480 685 303 173 313 221 398 833 340 30 523 0 147 778 616 953 760 819 209 874 895 23 380 647 286 755 258 168 557 82 973 144 607 381 216 952 61 417 386 191 306 959 977 69 64 0 864 6 174 594 643 548 758 10 891 480 485 822 233 928 75 116 636 115 457 767 8 802 801
698 42 280 772 680 43 892 940 804 108 355 219 767 857 996 599 447 380 116 818 978 23 321 324 333 610 282 923 419 432 466 480 672 656 822 913 953 1000 910 750 300 793 349 366 177 627 575 929 531 90 206 984 980 470 50 667 154 552 578 936 368 413 260 50 659 172 486 442 476 783 548 553 920 256 947 588 275 974 96 560 225 610 39 982 833 198 113 477 831 581 35 885 966 157 373 346 467 929 788 81
426 729 80 431 399 402 446 647 367 255 520 138 246 978 457 723 650 956 541 942 582 274 424 454 764 551 259 558 81 930 913 897 76 573 183 666 285 440 538 776 727 661 414 439 234 580 569 139 898 946 237 562 529 91 708 30 919 941 68 935 246 295 572 146 239 580 406 678 941 536 730 67 672 720 278 893 97 519 391 561 971 874 802 37 346 88 485 348 907 61 319 265 753 762 382 274 300 686 441 369
325 842 982 250 96 616 390 901 3 563 583 192 932 786 437 471 789 513 666 299 218 131 89 979 938 865 381 725 220 635 804 303 661 288 586 702 56 563 988 372 45 466 170 103 583 575 177 188 137 594 114 128 825 67 225 631 713 34 288 968 61 895 702 135 579 275 23 753 839 193 163 410 263 920 925 596 856 916 82 645 172 25 349 130 822 910 761 112 819 610 381 365 976 185 112 490 761 700 919 974
113 439 460 281 205 560 424 658 287 473 816 190 178 727 515 596 927 134 691 118 639 815 801 628 97 98 930 704 349 334 896 221 180 759 761 747 36 118 845 230 839 93 696 533 108 257 515 958 984 421 45 192 368 36 800 551 238 792 807 372 298 302 652 248 703 204 962 925 805 815 388 763 685 498 843 683 693 551 646 803 865 461 511 569 864 852 337 174 522 874 401 851 268 541 803 485 120 396 313 929
292 982 880 378 96 6 524 5 202 917 787 463 934 746 674 427 38 61 38 586 719 203 488 962 92 389 21 13 997 747 326 194 56 210 698 443 513 350 583 636 642 26 286 349 72 215 53 650 178 867 42 725 338 780 331 691 911 505 719 562 736 966 744 686 996 397 453 842 956 253 732 227 278 453 408 629 904 149 885 372 152 437 135 673 738 204 988 75 949 52 429 916 927 291 414 94 916 293 437 313
7 547 737 77 887 15 816 807 669 980 457 767 82 63 413 503 90 341 481 469 386 105 979 989 931 517 917 375 2 80 107 861 278 777 303 667 256 189 640 578 560 338 371 833 314 888 141 707 415 153 314 796 105 260 938 432 221 527 541 300 243 320 204 788 59 629 15 150 543 905 452 779 58 240 868 771 478 26 48 287 309 883 477 341 668 121 231 62 3 860 125 255 635 342 177 518 553 966 380 80
403 529 239 532 763 187 594 720 91 592 335 829 663 120 30 96 827 852 732 21 967 437 962 921 280 651 998 760 195 286 569 378 903 780 973 945 510 649 580 94 826 285 123 199 41 672 267 596 112 737 254 98 268 147 114 691 870 663 260 770 922 140 284 673 107 972 995 598 4 156 845 875 794 721 297 0 737 359 368 283 74 619 860 395 477 711 844 672 260 483 802 75 34 552 785 925 698 247 170 53
680 171 214 451 698 737 547 764 597 300 91 719 978 174 204 520 151 893 478 514 969 590 468 890 317 529 310 441 240 249 106 213 979 270 47 657 673 781 666 680 346 875 685 660 571 20 767 150 160 930 962 291 513 253 968 929 736 5 671 662 91 427 813 331 893 530 436 847 217 866 808 2 808 141 455 281 337 458 871 726 997 799 26 334 744 652 461 706 80 252 901 431 652 129 493 553 557 483 139 144
594 599 371 946 223 266 509 945 523 585 956 971 1000 533 384 128 233 759 257 446 850 973 988 547 544 929 824 20 603 174 285 776 521 913 729 552 551 98 249 479 288 756 200 616 305 229 182 903 656 226 469 768 784 364 193 919 864 522 113 918 817 266 100 136 789 671 647 154 246 510 437 107 86 967 223 622 412 899 578 428 227 948 563 151 676 84 225 507 484 147 948 274 313 799 236 109 836 680 330 223
122 433 973 754 695 805 690 664 740 113 532 408 196 46 838 609 422 621 233 308 408 251 848 741 423 491 10 502 500 774 310 617 497 708 921 144 364 923 376 899 146 787 449 934 528 453 84 433 548 751 415 341 338 109 119 814 743 594 714 332 369 439 954 938 953 234 923 441 522 529 960 144 88 246 511 243 205 708 861 524 683 998 257 158 769 561 864 347 124 932 174 171 206 395 198 16 405 700 975 629
200 810 104 377 384 662 408 15 942 34 47 868 840 298 924 990 391 626 142 527 643 83 698 103 806 327 856 297 666 767 99 744 482 298 454 824 844 392 791 851 141 321 680 901 122 682 113 889 574 262 332 581 505 701 196 238 350 439 348 978 500 438 785 392 426 943 242 922 258 934 855 699 540 484 830 21 242 782 935 354 2 285 425 721 903 342 161 325 24 468 612 471 904 66 60 431 296 674 103 557
458 637 994 662 961 982 328 866 262 596 549 165 100 97 535 880 752 570 284 653 168 955 537 452 598 402 291 465 750 965 96 54 975 245 591 643 131 197 882 179 5 646 843 345 975 868 232 25 933 745 968 70 995 721 637 820 117 838 609 389 133 217 270 127 408 440 262 948 131 583 361 261 329 491 179 380 302 809 480 794 461 474 268 395 731 614 59 555 923 678 627 540 741 478 953 824 480 325 599 400
584 305 532 432 780 91 421 77 726 406 439 478 498 871 384 833 735 782 877 790 771 1 501 566 99 313 16 241 301 399 998 160 264 217 315 556 141 901 105 823 981 416 961 658 903 589 311 997 411 399 140 981 552 575 57 418 139 538 947 660 717 114 792 993 615 774 615 609 239 269 983 51 844 622 500 637 669 271 901 367 678 436 734 22 24 667 142 776 525 619 912 647 386 995 320 959 46 842 597 30
943 519 276 467 109 238 874 157 898 408 773 661 715 668 658 760 528 328 586 929 584 497 247 621 846 127 77 975 69 573 500 90 285 934 183 180 725 49 525 127 609 851 647 649 276 594 122 367 158 102 990 269 550 951 549 24 265 878 465 799 95 201 608 230 110 247 392 685 173 953 256 619 773 124 731 10 388 141 817 600 639 854 773 744 674 304 816 18 68 817 858 228 945 193 157 573 467 364 376 183
482 155 665 352 881 998 746 551 278 238 484 843 61 339 971 753 873 366 118 127 408 106 249 524 868 666 521 685 856 963 511 194 345 831 365 781 137 812 558 661 319 44 301 831 75 905 300 998 292 302 765 474 347 874 512 965 236 291 730 612 265 655 970 119 996 543 568 542 914 424 810 635 469 3 666 309 493 28 1000 927 450 884 271 208 97 114 409 362 810 15 0 642 144 770 326 950 667 343 480 971
615 527 304 777 353 975 948 431 943 36 358 567 251 644 172 809 420 618 376 330 700 264 438 890 585 749 500 380 283 778 835 328 441 93 97 764 637 332 295 722 77 547 309 947 329 982 910 96 730 249 260 744 844 163 81 218 534 808 23 120 618 699 892 23 73 806 251 640 147 807 680 172 596 88 407 891 272 656 979 628 942 946 613 239 955 723 493 754 195 516 934 453 322 334 492 793 168 772 801 600
301 303 424 222 149 770 324 554 895 700 86 27 917 273 751 809 737 381 76 790 591 148 619 902 388 632 261 990 681 225 203 1 192 14 5 188 941 966 743 232 818 472 883 186 418 218 99 854 391 872 455 509 525 295 530 852 241 665 576 247 428 934 882 642 211 690 144 774 297 120 463 336 625 513 652 278 184 534 171 372 958 207 310 658 813 652 544 436 898 560 315 240 123 152 227 886 648 255 288 939
714 50 953 749 439 654 324 261 249 578 370 157 448 904 528 586 401 743 37 404 958 8 764 369 613 827 346 730 868 486 292 907 661 23 618 535 705 631 644 625 924 176 935 781 137 280 978 30 785 787 241 389 1000 109 692 745 525 369 207 932 628 38 791 646 416 316 875 627 206 819 70 477 817 225 323 492 268 110 719 475 898 196 886 674 187 983 157 346 720 20 229 596 196 229 569 101 811 628 944 761
522 184 412 928 736 318 519 334 355 557 112 202 359 854 318 985 149 914 709 791 482 44 55 974 132 869 223 324 608 322 976 810 2 163 173 603 634 915 512 189 356 348 844 205 807 533 101 491 287 784 45 15 943 119 416 76 645 639 69 516 4 855 253 308 42 103 676 890 684 755 766 598 103 406 192 442 494 183 195 407 190 591 956 248 537 737 867 434 220 265 155 879 116 841 297 577 722 411 430 144
430 464 558 579 330 25 951 454 421 303 43 662 386 863 811 49 244 363 446 237 71 701 244 823 695 274 629 384 196 839 635 821 549 209 429 425 471 710 430 502 20 658 618 829 2 851 932 584 483 568 888 409 36 372 253 947 403 29 590 286 347 316 950 445 201 796 594 999 470 555 832 397 837 260 518 184 279 197 46 605 272 551 541 146 537 385 884 354 867 607 937 845 773 680 603 848 849 102 234 944
107 514 637 148 23 526 312 312 420 312 661 246 289 996 431 842 151 366 688 526 257 56 727 735 287 500 809 377 377 523 831 452 351 172 608 579 631 271 507 860 434 893 381 298 455 204 121 39 40 96 14 890 332 547 403 172 70 139 139 907 608 40 125 655 248 180 561 15 779 701 663 114 848 985 767 818 976 895 60 955 118 226 889 805 841 966 723 857 67 335 146 668 949 802 812 299 370 213 202 296
417 226 812 193 992 684 908 673 375 887 484 676 667 375 507 25 604 80 772 118 351 761 490 341 440 972 247 657 366 965 118 619 106 942 136 896 207 839 620 554 124 421 546 417 326 526 770 25 505 164 943 531 82 966 951 283 930 716 606 927 552 833 406 243 936 3 257 176 152 789 351 883 764 768 297 722 738 91 489 993 556 570 308 746 636 340 714 410 111 951 270 913 982 866 319 72 276 229 7 121
32 226 67 701 279 995 144 387 300 387 979 128 957 54 788 558 943 104 268 958 233 300 249 510 570 818 283 82 249 122 263 8 174 976 837 383 502 739 210 36 457 329 686 544 586 570 562 890 272 722 690 939 529 830 232 43 313 324 171 295 379 823 955 200 530 954 914 146 162 442 586 96 922 668 507 649 80 168 782 97 896 606 104 515 295 694 409 755 218 306 508 661 662 377 952 774 425 525 533 84
605 722 986 706 983 292 694 951 746 82 812 876 522 503 614 744 18 377 525 47 702 13 950 330 341 26 946 950 652 747 265 173 239 994 432 794 505 275 240 52 890 277 202 562 911 135 310 986 345 62 212 543 637 359 777 232 703 185 97 906 983 680 493 167 22 763 992 455 63 148 147 894 159 677 712 795 414 921 786 617 747 259 813 801 416 353 597 997 258 692 106 251 913 623 944 555 483 103 205 264
273 108 628 104 123 81 162 101 242 603 312 970 987 542 599 630 227 245 95 996 661 99 55 478 992 671 993 836 352 276 781 558 990 283 125 530 638 14 79 532 31 473 804 697 205 601 282 446 29 488 910 471 418 518 496 289 170 674 690 839 920 350 94 941 707 803 157 591 970 87 469 894 921 54 733 260 307 144 981 260 390 395 451 4 864 391 517 186 517 410 488 650 109 553 781 956 992 941 618 739
417 204 991 413 660 519 269 361 462 864 944 347 623 570 734 871 750 729 902 446 318 965 857 485 626 358 586 349 399 267 936 447 694 657 759 687 306 968 168 102 658 698 621 778 274 241 406 287 372 379 986 137 458 979 1000 829 274 405 633 832 352 737 405 215 857 699 662 664 596 800 538 112 835 982 916 875 819 146 745 110 533 378 892 494 782 832 559 182 693 593 443 68 541 626 65 100 504 575 749 932
628 541 635 864 338 19 406 791 990 42 719 756 595 449 531 399 511 219 190 481 692 136 135 733 214 32 704 684 681 798 430 260 199 216 733 389 742 370 540 909 593 446 475 390 399 480 170 919 185 55 89 268 105 367 496 69 100 912 835 698 254 689 675 739 313 630 356 352 616 111 952 626 860 413 523 636 37 415 498 880 459 389 586 512 597 594 287 767 779 562 90 664 732 633 847 976 566 20 818 309
795 114 740 258 257 667 742 380 59 407 405 33 391 80 567 458 536 738 625 962 439 721 367 952 398 269 731 951 819 761 974 19 905 954 376 783 423 662 681 745 267 975 872 784 253 856 38 172 502 261 950 76 225 951 614 669 437 702 238 603 840 335 785 346 126 317 47 289 908 762 288 349 885 7 546 959 766 176 784 236 743 491 434 1000 663 260 162 639 529 447 182 837 142 759 238 37 33 897 750 141
641 182 504 698 844 889 766 413 270 270 133 575 72 330 153 54 250 786 533 784 391 170 243 758 550 762 898 556 181 107 702 670 409 139 956 66 601 920 523 857 242 310 65 196 208 986 301 847 625 889 777 511 342 574 246 920 840 661 548 962 879 63 906 144 186 72 772 763 308 565 311 784 924 362 839 181 177 59 25 427 91 812 142 487 12 714 681 545 430 558 791 337 744 954 358 273 268 656 931 985
412 337 456 2 44 842 232 116 356 500 140 660 301 752 781 791 878 276 97 166 15 917 274 298 319 270 245 674 908 913 822 570 217 39 803 999 556 966 760 996 109 663 826 64 734 403 483 944 831 158 674 329 678 860 801 493 820 603 41 409 545 9 503 873 260 152 892 672 206 228 527 580 221 183 135 667 515 930 134 807 769 391 734 63 913 495 839 248 859 757 786 280 874 738 725 193 222 321 788 162
550 729 760 480 332 662 205 32 198 37 203 637 996 231 14 780 476 133 29 955 704 433 221 59 73 268 44 186 469 337 132 68 186 225 677 489 319 692 831 931 77 730 650 192 262 324 681 342 333 233 989 639 158 533 609 313 820 629 89 553 96 162 377 816 677 483 513 913 826 262 570 590 852 995 65 313 190 322 846 574 172 144 627 619 461 233 541 584 902 390 607 458 338 193 969 751 617 649 46 785
207 719 6 50 378 400 330 27 770 364 319 233 89 685 488 833 27 205 899 325 716 569 462 143 742 683 426 906 738 949 443 389 632 31 30 991 847 352 996 224 257 669 834 315 461 363 573 723 990 528 174 642 629 583 600 151 832 207 250 955 594 746 25 669 759 113 806 536 660 207 507 843 17 941 58 869 144 577 396 871 61 493 607 348 289 444 970 300 548 774 898 292 155 585 715 901 29 46 669 657
499 869 828 831 835 9 541 646 160 244 724 900 193 3 76 904 185 575 901 625 634 268 580 983 350 106 711 68 4 685 479 71 471 527 3 534 147 0 353 846 364 724 219 468 870 923 635 963 67 30 337 222 848 764 702 323 97 422 59 851 281 454 766 660 302 372 112 214 988 369 103 242 211 30 609 235 750 994 672 564 79 382 645 38 79 779 285 441 627 550 603 430 556 251 914 792 25 39 138 567
36 761 815 185 430 477 280 913 860 245 13 138 137 793 436 242 758 899 559 276 626 118 190 618 781 903 523 358 827 827 29 893 450 67 355 939 102 562 580 735 136 627 254 667 190 597 729 155 824 581 81 500 750 578 576 744 850 126 436 813 398 645 164 675 367 474 89 739 387 61 954 55 588 741 485 855 55 815 839 649 104 177 604 841 480 615 502 505 557 749 913 14 154 861 242 353 747 194 588 85
254 671 511 687 473 565 577 725 11 997 316 501 667 128 255 2 919 48 215 219 613 693 465 851 194 186 257 772 329 197 501 476 891 698 543 402 598 881 278 503 384 869 866 860 517 602 527 270 292 72 311 903 235 269 80 287 61 142 212 202 383 717 289 439 288 620 37 954 465 953 845 531 880 866 530 541 497 196 344 150 768 922 467 985 3 528 74 787 733 363 801 263 766 799 969 345 636 730 620 77
242 934 824 933 322 355 409 951 421 431 308 328 673 694 544 552 578 607 438 781 117 971 667 0 961 626 21 539 25 312 833 401 738 396 613 767 511 494 209 438 124 850 964 927 421 244 710 381 17 453 646 389 455 322 526 694 181 601 391 195 378 866 154 760 158 920 679 968 300 61 472 479 289 697 88 386 792 47 853 430 196 818 274 268 457 982 806 426 216 223 646 440 486 737 287 167 451 78 492 198
805 931 610 573 281 39 609 487 822 382 375 211 239 778 437 728 192 703 18 548 826 708 676 937 61 250 432 520 317 216 161 58 943 809 507 534 449 952 298 212 826 623 895 596 374 157 163 699 230 954 308 126 435 206 159 776 648 101 660 361 275 385 130 652 379 207 732 305 885 415 607 50 30 3 852 71 29 953 129 67 734 6 339 770 513 301 464 7 232 960 463 344 131 860 466 856 869 939 797 194
928 383 868 462 818 730 377 206 676 929 435 970 353 442 971 949 61 841 871 643 302 186 190 303 59 183 216 463 733 817 929 668 955 329 911 547 282 255 138 656 537 371 381 194 440 246 371 36 29 205 544 866 917 355 509 312 294 956 211 127 720 369 733 904 676 634 306 358 419 617 401 893 527 262 58 125 670 557 476 194 991 948 532 365 877 244 43 889 395 315 830 717 152 741 573 687 507 460 848 513
619 574 701 52 244 160 832 117 158 75 62 893 266 207 205 508 151 143 717 598 14 865 396 891 877 17 818 179 965 699 172 552 248 828 328 910 337 936 785 850 905 110 145 971 70 96 907 110 806 100 821 38 208 7 71 77 303 967 883 979 990 825 252 394 927 307 819 44 145 741 533 751 982 519 455 667 564 368 712 238 228 833 624 394 554 311 610 109 3 967 371 533 226 878 556 140 416 900 712 179
442 912 26 383 893 434 123 518 864 937 609 444 324 374 361 137 364 752 80 65 356 152 934 838 711 996 52 605 677 652 360 385 539 232 729 846 926 852 29 430 981 225 802 215 693 931 475 803 177 188 391 933 15 182 361 635 302 963 554 751 186 614 450 848 599 451 834 178 851 785 199 941 660 75 560 527 189 172 800 650 703 937 390 471 81 619 809 362 156 521 464 784 49 450 568 168 143 311 738 294
91 700 890 783 695 311 176 107 349 301 25 483 440 402 409 126 833 125 402 916 932 535 217 930 527 619 582 372 408 899 826 228 887 212 201 322 765 829 778 886 898 497 953 107 169 184 253 536 931 150 351 732 124 691 945 947 963 93 418 325 650 373 739 387 465 716 642 477 774 248 942 332 393 650 467 37 255 139 957 23 144 822 99 589 157 515 203 238 551 441 589 525 591 878 615 993 402 344 653 160
147 266 734 126 428 573 282 483 605 4 420 48 226 837 414 462 121 184 781 324 51 464 797 668 324 212 607 415 484 276 793 698 428 664 733 772 814 309 669 197 462 480 27 837 907 532 398 659 274 186 494 402 983 607 461 920 233 660 308 729 808 955 567 800 60 388 993 823 333 546 540 117 931 481 469 727 479 17 258 931 156 783 891 168 986 231 570 522 115 581 737 408 223 62 716 958 788 565 214 357
491 921 107 798 238 461 138 749 654 693 151 196 362 38 18 306 248 117 139 943 561 423 952 109 784 770 378 401 56 119 275 608 539 630 738 38 442 701 782 886 517 254 717 955 716 432 841 189 314 162 156 394 689 765 224 662 802 390 260 78 950 693 54 268 822 334 469 152 12 498 638 298 715 601 521 290 403 834 593 389 920 163 199 342 633 827 948 835 438 276 321 118 762 146 132 946 902 907 872 278
744 607 518 709 0 311 152 615 345 34 652 2 843 780 916 318 307 460 36 689 855 221 512 848 82 155 331 218 978 503 26 245 695 109 379 224 581 343 379 863 451 680 914 92 929 940 486 725 570 495 382 140 267 504 906 591 714 36 35 833 460 906 481 392 492 905 688 881 720 299 907 269 97 109 318 698 804 117 694 169 223 793 680 229 453 859 459 831 851 932 497 957 364 827 176 375 101 710 119 493
796 867 395 331 773 720 691 313 157 448 562 379 792 685 50 462 157 676 395 584 818 831 136 764 26 984 607 306 913 616 939 600 294 990 41 462 562 174 786 792 615 649 991 306 613 152 358 942 954 626 376 182 935 314 895 250 143 425 642 793 509 86 629 589 961 42 436 747 88 652 290 824 698 932 288 351 926 921 290 145 154 951 426 714 575 472 730 628 197 969 974 800 593 328 661 229 895 530 49 589
414 293 521 556 299 644 37 228 553 659 854 845 952 111 5 797 936 69 755 400 797 849 465 240 479 516 930 570 758 492 407 751 627 450 37 926 851 342 251 743 324 890 82 297 14 745 204 531 856 191 370 246 766 710 820 558 840 221 277 479 505 192 396 630 258 532 861 189 410 927 931 413 54 70 139 219 305 504 973 186 655 33 197 946 663 722 898 707 695 546 694 408 33 765 341 581 731 654 699 502
966 972 72 909 215 271 578 111 134 104 138 459 512 202 250 218 455 523 972 937 115 79 432 133 289 913 728 62 12 446 239 389 103 99 333 383 710 629 430 969 995 570 191 920 961 715 265 197 826 321 796 936 757 623 212 116 688 660 228 179 437 711 683 854 604 511 809 624 960 680 445 909 925 336 217 658 429 202 192 74 667 660 495 750 716 770 17 314 652 369 238 409 858 570 382 408 764 66 267 789
830 146 522 920 871 398 687 340 331 602 919 747 75 833 675 867 263 710 932 94 951 867 593 682 646 667 234 351 938 821 457 390 158 777 826 943 685 295 714 667 657 565 116 866 783 803 481 492 62 963 69 820 550 655 781 657 290 47 961 726 136 622 692 695 460 172 36 378 676 972 243 798 334 729 194 433 926 267 662 233 8 534 175 590 87 83 150 823 532 923 276 418 29 908 883 649 291 615 478 381
450 288 456 155 596 156 626 820 486 412 264 226 480 601 379 598 246 325 278 98 293 581 473 268 496 126 151 551 222 454 37 538 108 756 995 67 4 310 382 713 607 707 522 570 440 528 170 246 262 782 353 522 374 560 210 445 222 484 247 837 433 114 468 242 767 70 715 923 511 571 161 507 690 475 32 83 51 552 901 840 231 129 391 330 465 781 751 27 305 715 995 429 152 920 611 854 458 239 924 540
259 383 600 878 330 611 448 837 71 148 102 109 639 562 699 598 212 900 925 675 273 193 112 493 163 983 242 715 71 767 943 843 604 713 472 86 110 837 827 662 174 712 991 88 3 239 43 333 213 281 997 360 102 376 440 29 652 484 325 39 928 981 982 920 738 393 26 416 581 261 630 569 359 607 629 221 556 608 935 474 321 695 860 923 379 543 892 900 273 297 721 170 712 518 606 483 439 791 860 827
662 117 166 60 942 727 351 990 917 216 305 726 204 430 949 629 701 625 748 959 525 155 694 101 972 579 569 346 246 599 265 561 524 51 783 679 46 459 828 819 450 78 532 840 699 486 749 64 685 355 27 422 509 678 668 712 767 772 353 598 203 768 317 594 952 936 463 141 631 760 467 238 400 27 414 731 159 838 423 52 133 884 22 694 540 171 278 325 246 36 891 846 894 213 523 42 983 402 410 407
114 394 386 106 62 530 593 974 801 275 307 135 281 299 403 917 623 44 829 287 808 878 289 332 725 208 381 83 376 726 101 363 250 877 847 847 568 753 152 85 975 894 571 138 171 269 582 392 300 625 807 405 405 938 724 554 962 317 651 149 698 614 597 176 372 315 558 560 582 837 847 210 416 455 219 19 789 93 800 513 30 102 742 507 594 305 421 964 551 181 960 408 477 953 614 591 785 393 726 63
798 824 772 256 977 193 124 774 93 2 260 62 83 352 919 392 810 832 540 432 964 49 831 75 611 294 608 378 496 762 804 333 544 780 959 636 973 378 433 99 163 575 623 422 345 75 122 422 295 71 527 390 841 356 356 399 443 978 271 34 263 263 63 593 168 519 500 972 441 245 114 48 298 745 275 161 687 762 724 712 526 409 428 252 668 945 448 250 735 336 199 472 47 451 913 927 624 717 380 951
615 553 331 239 524 25 860 867 208 831 976 511 704 936 666 47 794 577 486 142 810 376 223 377 282 242 682 501 741 340 501 994 374 765 817 992 221 332 95 694 387 301 366 867 106 386 569 9 858 752 779 916 558 948 324 855 320 871 13 624 165 588 946 779 291 30 55 969 829 872 310 569 779 368 85 543 650 777 853 912 912 495 368 752 840 533 406 604 346 402 45 687 361 842 513 451 574 477 133 789
480 379 806 253 453 405 148 824 402 135 843 878 402 27 2 638 267 791 549 483 745 354 615 290 156 51 556 168 1 438 577 922 458 915 341 115 687 106 815 49 552 51 940 11 420 401 814 745 644 933 966 460 367 453 113 279 579 313 26 136 203 635 183 691 291 911 165 913 482 219 333 871 189 763 942 215 139 531 268 202 191 966 77 920 164 376 403 938 140 744 868 110 609 128 684 636 292 187 997 320
61 866 638 564 354 729 698 537 805 185 673 663 68 103 247 798 397 741 883 252 162 199 859 960 398 805 912 291 48 390 253 804 410 229 189 414 0 518 717 804 859 403 937 985 41 759 37 413 522 220 490 806 92 522 521 205 376 815 839 35 913 716 334 21 71 412 446 443 101 733 211 938 87 160 122 529 750 126 602 941 781 817 684 326 981 619 463 168 323 858 464 182 441 894 30 833 964 705 369 395
932 985 226 70 302 218 133 170 903 345 663 206 497 754 925 121 331 476 164 831 102 683 988 786 414 139 589 190 542 66 633 932 274 637 690 797 378 11 778 554 351 353 707 362 583 140 132 622 280 263 643 499 782 855 882 520 964 452 67 987 430 843 193 621 586 258 722 759 249 645 218 120 308 550 473 359 15 21 566 502 858 976 190 811 509 414 312 468 186 632 985 240 87 740 789 919 256 433 467 690
86 432 174 274 390 765 58 685 323 228 592 863 516 316 307 976 138 564 377 1 100 253 347 909 101 825 129 320 133 171 825 343 762 171 622 185 72 205 304 730 312 856 466 139 580 643 92 64 270 901 557 848 21 619 327 758 880 692 183 894 755 212 229 780 75 464 356 148 533 448 561 135 235 146 968 299 984 456 892 118 372 520 105 717 902 231 119 400 167 1 930 783 507 947 943 428 620 528 940 808
531 62 996 614 923 733 461 651 785 55 423 996 581 498 491 451 749 278 391 4 548 353 707 681 351 372 600 611 127 11 695 827 979 525 157 766 838 446 169 691 877 463 651 410 777 251 728 773 472 866 574 815 468 129 872 181 226 625 567 203 473 886 522 140 860 879 857 540 849 102 658 511 794 26 751 208 786 551 454 444 626 871 874 402 273 493 101 222 384 604 664 116 154 301 96 604 462 484 96 626
378 1 972 883 963 478 680 80 835 711 686 520 258 623 109 1000 773 474 805 213 416 320 351 901 962 60 478 717 428 243 699 751 490 514 77 561 433 666 713 134 401 260 95 271 955 641 950 220 115 368 865 289 2 657 94 382 218 802 224 656 344 209 812 592 167 273 344 795 621 520 603 636 232 991 445 38 535 722 927 773 60 860 188 346 611 400 266 136 775 263 536 927 433 335 85 566 791 123 283 162
812 606 344 85 232 281 208 681 952 794 935 298 942 521 668 660 565 501 222 791 23 140 524 224 969 709 452 617 914 585 515 993 662 850 676 968 587 739 203 95 570 486 472 554 250 276 909 775 348 765 365 163 72 344 645 554 372 501 913 802 586 847 465 274 166 169 889 206 95 655 21 720 512 164 972 273 209 119 145 672 421 667 592 672 893 525 442 963 105 518 453 876 308 465 265 566 608 874 3 339
655 132 643 554 710 880 336 518 10 66 145 528 95 115 287 210 617 962 972 334 537 537 843 99 370 410 797 676 705 518 468 329 578 904 940 767 607 256 464 249 992 777 724 855 695 942 950 760 174 378 477 944 558 307 697 521 330 924 343 167 541 785 376 653 390 215 188 149 396 995 922 306 477 150 243 416 25 11 233 559 164 659 572 223 654 568 195 950 722 938 435 362 405 881 734 220 165 743 624 18
168 895 999 588 902 719 883 289 535 905 593 674 571 442 775 360 702 586 650 816 386 385 807 532 54 471 299 632 239 564 861 621 351 62 418 704 474 231 235 520 105 631 640 77 113 951 529 638 365 738 344 303 535 84 629 866 938 124 98 79 530 561 557 921 111 565 391 974 354 895 319 695 95 272 777 705 208 686 265 950 410 563 929 576 414 701 945 67 37 320 186 96 435 76 378 372 918 664 366 185
578 39 152 75 175 908 891 965 10 297 370 558 572 776 837 774 311 751 453 935 487 407 37 372 171 164 77 442 767 265 330 519 375 372 991 874 964 370 857 360 650 751 951 862 351 426 539 82 422 415 972 462 458 173 143 663 261 770 697 484 513 524 400 515 708 246 865 157 718 815 141 467 593 160 861 772 605 381 612 407 973 558 94 68 455 957 156 582 310 949 19 719 62 562 942 689 695 261 673 877
680 231 980 376 471 561 747 75 625 612 198 699 550 940 940 785 325 568 949 369 756 591 327 381 709 777 793 515 473 893 262 440 647 660 365 618 725 749 214 579 182 193 378 787 619 96 119 164 769 761 724 459 909 572 937 237 453 417 131 525 956 101 228 736 551 69 324 830 213 872 210 179 116 168 413 487 405 964 308 468 44 596 925 689 216 706 793 975 169 300 985 372 463 884 713 502 728 361 774 46
726 469 590 776 732 582 374 869 369 566 8 473 684 898 987 37 473 435 202 531 683 965 341 79 987 498 462 3 505 810 261 549 969 694 555 195 385 889 65 886 210 253 113 67 29 816 78 626 34 106 54 363 706 102 77 28 681 478 2 583 871 431 876 297 401 92 700 151 286 89 332 201 183 900 226 571 223 264 460 699 977 88 697 576 231 710 707 358 510 622 842 61 308 624 744 265 501 47 497 417
280 249 630 622 51 434 303 373 318 310 414 910 352 502 605 980 369 301 853 539 469 143 278 861 310 585 680 263 197 68 807 525 159 58 909 697 617 449 803 156 300 774 234 851 697 386 788 104 107 834 160 49 870 789 847 295 533 346 940 696 361 332 597 529 486 738 507 706 519 776 202 601 459 902 607 222 839 946 553 357 927 351 475 48 850 725 369 681 331 173 216 58 442 156 50 231 774 82 813 835
526 205 180 47 446 546 686 891 84 672 129 826 928 417 694 287 505 896 71 815 927 912 522 935 500 256 909 245 47 687 443 951 673 278 960 636 533 114 708 241 187 863 651 411 529 541 590 140 957 100 889 161 905 150 117 345 641 646 585 665 0 362 734 205 351 98 647 405 63 632 234 407 756 213 535 876 884 942 530 962 960 650 485 285 1 538 211 829 874 828 598 642 639 325 355 559 896 736 454 910
67 316 928 373 518 988 651 687 3 573 856 837 525 701 624 581 163 959 459 844 97 330 262 293 28 905 235 458 147 252 268 539 697 707 765 255 61 341 681 874 775 81 812 651 46 695 139 503 137 90 808 780 42 194 641 246 934 109 6 861 624 140 545 420 309 584 292 881 413 229 442 498 132 872 673 143 53 525 259 727 625 467 677 254 97 849 684 360 566 480 943 454 549 316 761 188 412 529 601 899
632 972 95 309 94 485 353 116 248 75 620 789 411 758 862 501 503 428 706 490 822 221 659 991 69 243 928 811 88 987 562 522 18 802 841 178 900 672 876 104 526 521 569 559 629 864 381 471 791 137 738 996 360 956 623 923 536 989 325 249 854 93 86 597 1000 621 357 842 364 572 326 780 276 663 110 88 300 841 321 240 278 245 545 230 15 621 240 853 710 946 382 425 861 203 415 648 624 5 657 947
14 539 579 142 597 207 440 328 55 511 875 883 406 847 411 486 312 653 888 782 679 393 388 357 616 410 505 614 994 58 311 316 258 268 492 93 954 439 150 463 751 736 131 102 758 179 303 219 964 847 692 444 152 617 637 519 781 312 395 286 204 524 191 997 508 373 193 474 220 693 126 520 435 422 301 339 420 173 964 143 575 190 164 787 529 133 407 641 616 150 11 319 495 361 489 77 754 826 481 2
704 826 950 657 111 410 238 545 217 310 554 942 848 695 253 476 853 388 867 135 652 865 333 81 107 50 5 953 378 726 649 731 86 344 310 943 307 381 44 426 687 925 148 96 953 703 227 443 268 577 373 709 255 890 100 676 642 922 51 498 71 431 510 884 769 140 796 571 788 40 613 834 792 584 814 259 884 96 494 308 58 588 38 742 399 886 817 785 608 334 249 394 825 465 346 496 149 947 496 428
928 662 737 828 986 972 962 198 24 482 699 347 663 261 599 933 263 3 339 418 291 385 24 617 598 341 685 600 161 806 8 716 970 178 240 192 837 781 162 494 506 320 618 438 452 492 516 391 240 270 381 743 252 566 7 768 574 181 377 689 984 453 672 706 547 949 448 611 1 558 23 914 447 711 328 157 788 837 57 945 42 107 416 629 587 98 102 281 164 731 1 651 643 612 550 0 910 691 831 385
517 642 379 788 727 512 183 883 650 247 180 956 468 823 723 519 179 686 558 980 868 995 108 675 411 668 113 984 171 230 794 556 257 505 159 919 195 502 159 875 396 3 849 895 62 909 463 423 723 922 151 73 693 934 536 59 218 552 478 480 599 834 123 369 173 836 71 8 512 863 595 375 863 621 929 205 137 959 402 66 683 939 244 980 9 653 167 359 450 60 542 275 810 915 91 745 470 864 452 787
334 424 71 916 571 900 137 961 748 161 665 382 98 517 591 301 912 597 436 39 621 223 837 582 359 867 536 237 543 123 966 292 817 822 370 611 963 730 601 178 509 979 563 567 70 918 739 977 18 429 840 1000 182 693 376 946 970 2 541 359 240 191 292 764 534 50 221 558 767 890 859 316 864 612 155 461 422 219 910 760 308 812 83 488 975 308 381 322 326 545 167 563 951 946 752 849 858 841 686 780
249 354 388 665 679 258 704 879 648 232 714 989 990 335 449 359 932 712 362 781 112 20 805 506 616 425 477 62 767 905 915 385 810 709 334 85 641 578 762 928 466 140 260 975 637 154 888 373 693 939 685 54 482 883 775 683 316 306 633 467 680 993 403 216 933 652 652 132 866 717 502 652 436 418 183 985 633 991 263 378 352 864 344 54 432 734 543 810 439 753 458 86 514 581 992 783 501 871 544 603
248 974 295 112 521 899 413 76 904 231 142 751 669 394 569 806 570 259 942 914 662 445 483 965 53 572 929 312 748 617 145 913 744 166 175 33 210 593 82 14 315 573 860 998 448 95 29 612 420 134 5 303 1000 368 192 295 240 853 756 895 913 912 468 779 544 801 952 274 707 667 871 656 778 670 828 463 566 812 549 372 600 104 505 767 261 630 668 762 413 93 541 834 627 171 184 479 426 88 264 198
207 888 475 525 569 32 724 935 13 203 141 878 717 976 481 86 335 867 200 726 877 201 351 620 508 297 574 828 567 612 378 443 935 73 381 864 527 187 651 267 620 427 551 399 643 198 945 112 69 891 113 580 884 154 748 652 82 31 50 22 290 726 471 413 51 35 203 535 711 38 177 922 94 868 688 884 219 641 324 75 920 768 559 718 573 980 195 440 322 266 209 660 861 340 395 872 753 599 919 10
944 381 216 914 15 371 386 176 905 80 736 168 206 22 307 460 610 304 543 564 88 516 569 347 125 905 915 376 391 84 201 139 62 927 913 389 149 158 291 726 190 394 7 780 65 36 800 36 957 259 893 978 140 950 850 630 357 991 191 250 871 879 974 959 786 712 383 149 344 307 925 805 148 647 349 50 794 255 914 276 466 524 524 61 353 4 298 644 262 505 473 261 229 728 4 585 117 19 330 922
656 774 368 620 92 122 74 639 665 339 480 525 111 995 587 828 193 916 457 256 702 151 780 915 642 672 355 759 95 920 847 36 525 960 399 79 159 584 571 672 367 677 54 665 767 150 642 709 587 438 424 863 483 376 224 213 266 854 488 396 795 876 800 445 826 406 463 179 177 948 974 149 47 211 943 162 613 500 812 98 287 256 944 992 693 26 14 41 481 913 423 974 503 698 939 669 686 607 145 410
863 987 100 900 906 342 195 26 830 567 306 176 968 468 776 875 784 132 654 72 9 767 666 627 585 237 541 165 319 335 6 166 375 324 951 390 450 998 366 670 999 339 985 966 939 294 389 665 659 217 694 22 597 972 606 358 686 555 499 164 916 609 747 27 659 596 59 629 504 381 432 630 300 787 75 407 618 471 559 713 957 645 665 206 963 33 169 70 933 317 889 483 172 328 318 612 902 177 323 747
699 816 89 505 355 166 149 733 738 853 789 335 414 883 380 376 571 364 933 289 792 201 789 802 99 121 99 430 134 165 849 913 918 959 942 619 454 84 653 20 624 3 134 52 657 26 47 156 694 922 293 832 253 414 195 187 425 826 102 814 843 861 38 518 626 848 495 959 468 420 320 230 657 816 31 724 928 38 746 567 156 886 811 376 550 341 46 531 180 904 422 321 887 0 626 247 363 81 419 102
342 955 140 518 49 676 561 601 579 53 384 156 744 544 780 997 81 609 313 957 444 640 225 394 91 402 405 158 868 648 804 407 999 145 274 550 233 98 535 674 268 666 46 936 713 607 738 255 278 461 313 630 477 71 573 183 340 81 965 135 485 172 786 510 804 797 365 194 941 100 76 846 837 841 295 487 459 250 172 47 91 306 86 243 112 134 916 683 329 959 981 150 67 432 750 196 441 13 744 732
991 410 419 352 204 516 528 825 467 110 700 63 534 876 568 116 143 777 4 783 8 403 18 875 46 717 496 880 917 713 602 346 491 295 721 87 555 853 160 485 330 220 479 124 980 571 304 714 877 611 309 16 298 626 178 180 785 354 315 677 459 78 43 373 140 900 591 575 341 816 378 63 165 833 475 792 867 655 327 304 686 267 977 282 306 435 323 732 753 621 551 828 733 650 788 102 620 187 688 521
112 392 690 825 454 172 509 71 672 532 744 974 631 285 135 774 510 342 744 140 146 611 167 529 123 605 370 817 923 239 143 926 269 561 744 377 204 404 41 387 595 833 387 85 98 426 681 487 851 703 320 397 879 947 852 638 708 516 97 607 156 951 238 95 747 689 381 468 485 549 381 328 977 228 693 791 740 395 767 577 880 637 285 100 863 641 615 208 87 36 203 454 661 698 770 930 593 241 402 359
388 855 905 807 361 665 487 796 65 850 727 30 859 276 606 435 399 338 295 79 638 68 460 494 622 486 909 542 426 142 774 644 649 394 960 858 330 754 287 206 961 670 654 875 149 989 686 154 541 293 458 919 412 251 569 321 443 573 764 676 483 261 168 268 882 539 867 167 323 696 723 496 556 332 206 155 307 811 258 140 41 728 891 190 361 515 784 749 286 734 735 923 957 41 970 554 347 941 887 139
849 964 35 480 302 799 384 477 108 635 545 892 912 859 464 317 720 101 339 688 944 499 961 787 238 262 75 992 118 368 989 642 585 956 414 318 431 44 590 305 454 642 162 429 960 705 690 709 267 212 664 33 937 601 979 851 949 609 91 991 111 583 84 752 159 916 127 965 784 450 133 765 113 193 708 860 699 998 457 635 930 154 664 343 332 37 151 161 562 554 145 747 854 329 436 772 530 795 679 852
603 624 165 239 867 844 508 989 752 204 638 375 357 91 620 866 900 375 777 982 72 256 839 413 949 273 839 506 21 817 808 668 554 177 228 512 232 5 544 97 999 882 642 160 532 768 669 410 389 963 390 729 888 360 51 710 601 595 63 510 613 318 153 938 241 578 65 887 316 615 597 584 430 302 816 600 984 171 993 11 594 811 32 826 366 321 727 910 127 552 736 707 666 323 228 586 783 816 66 218
45 402 524 253 454 91 819 143 916 361 393 875 852 94 911 492 438 288 250 914 488 792 157 198 353 494 872 599 745 392 847 433 479 655 67 8 426 763 454 758 163 104 662 775 401 127 636 644 231 180 450 233 769 211 662 15 482 547 874 566 222 943 937 831 227 188 237 792 394 594 939 927 675 892 728 767 882 727 975 141 860 822 474 600 932 638 689 576 645 56 463 252 271 766 247 207 395 611 430 315
284 255 170 304 913 782 748 854 228 40 621 402 692 934 136 457 417 791 414 705 474 410 551 128 904 427 451 835 647 159 579 524 539 446 954 834 585 605 446 125 654 577 453 881 691 341 847 770 927 907 483 492 414 703 604 980 120 35 994 802 830 791 940 456 619 526 583 214 776 150 556 78 121 139 190 166 142 379 174 230 33 990 847 995 524 176 995 782 804 251 45 912 389 301 387 167 310 956 346 738
247 602 975 239 280 609 378 544 561 799 199 359 552 946 47 910 583 835 345 828 240 232 964 836 508 633 1000 304 12 75 575 14 319 866 163 910 574 291 361 637 520 558 818 266 415 229 1000 791 655 373 60 0 98 31 485 260 311 613 118 109 924 113 289 983 128 833 130 728 119 627 404 696 76 4 286 422 529 508 71 674 43 435 656 213 213 681 853 627 459 858 192 857 416 999 850 694 183 869 853 22
537 512 493 849 217 198 874 634 186 873 496 7 959 3 492 511 882 208 127 919 568 968 963 989 996 384 696 35 455 991 218 725 494 733 242 869 642 743 16 689 988 792 109 756 692 268 645 590 976 165 669 82 523 902 138 224 747 693 741 225 481 555 196 195 474 102 206 833 377 990 675 132 348 490 672 176 438 922 152 695 522 448 848 670 99 176 214 728 823 125 184 325 989 208 893 665 114 203 599 810
743 141 777 224 133 599 689 759 699 168 916 352 259 991 409 883 810 784 932 871 157 209 329 796 638 500 823 201 543 9 656 477 752 422 828 626 181 346 996 743 33 407 609 867 641 714 284 262 770 764 784 910 237 613 23 922 147 629 618 533 181 816 21 527 678 998 379 963 137 479 388 826 991 183 446 821 74 621 329 662 900 177 969 82 659 675 268 729 317 961 42 980 455 712 405 222 370 222 524 860
340 475 223 373 72 192 800 403 755 260 865 254 404 326 81 558 738 140 324 194 755 43 219 208 404 194 572 194 323 173 253 422 720 882 238 55 871 836 449 390 736 393 326 620 778 624 691 198 507 748 761 933 442 961 34 566 457 426 552 68 156 684 929 255 681 740 962 732 469 518 921 307 272 420 494 926 644 970 969 109 965 948 748 437 776 880 133 97 339 461 139 851 114 398 215 392 282 667 293 749
720 434 144 222 704 744 742 863 367 233 672 398 128 890 135 730 539 206 844 958 320 404 130 668 773 533 543 489 480 914 446 728 820 382 241 876 116 610 314 256 889 835 608 241 40 72 155 252 300 784 361 57 521 907 826 783 197 629 300 209 736 850 334 304 87 51 940 466 323 963 812 892 383 64 170 800 871 756 478 899 555 275 983 429 963 276 100 316 900 962 289 589 296 166 947 35 355 449 614 852
11 46 403 185 601 482 354 453 906 723 331 832 275 491 971 666 331 178 663 569 833 277 816 478 376 688 363 777 782 97 912 438 617 324 144 560 606 706 151 232 51 263 154 180 80 219 991 601 224 600 31 59 972 444 403 88 254 831 234 468 967 269 227 941 989 107 992 233 329 694 267 159 994 262 643 385 738 973 50 548 188 895 503 374 144 898 536 815 417 690 528 28 220 93 819 272 198 400 348 691
527 385 819 571 361 980 614 430 491 485 560 623 634 155 591 846 789 314 688 488 514 519 615 504 128 392 334 709 587 360 650 100 579 57 956 275 866 521 162 319 652 390 317 598 610 894 813 526 963 414 732 494 461 544 791 305 680 844 975 135 81 294 460 491 666 282 957 362 926 211 654 900 509 135 201 590 526 959 227 833 915 818 734 832 445 641 643 369 994 268 277 421 651 201 559 590 455 146 725 603
743 834 479 822 322 201 551 799 849 303 641 258 774 917 440 364 476 715 40 210 705 289 387 813 370 428 129 453 40 742 576 497 168 560 37 564 882 9 314 308 32 926 249 325 799 907 747 511 683 572 922 519 361 554 867 23 722 133 619 466 311 750 598 280 453 234 814 874 254 776 826 508 193 870 926 751 79 462 329 525 669 51 438 743 105 569 369 400 574 314 189 412 647 505 467 936 474 114 92 59
986 134 0 907 489 31 520 162 264 867 982 614 113 237 812 59 711 104 289 834 319 857 775 426 704 839 872 634 728 562 7 935 653 138 959 58 457 724 509 778 21 309 656 736 494 153 231 490 399 85 182 505 768 259 131 127 59 251 452 348 672 975 5 798 420 681 306 315 984 992 236 406 356 933 635 691 890 715 979 581 222 828 597 282 289 751 613 522 870 543 330 465 574 858 515 677 625 295 642 784
756 833 992 905 219 414 405 516 503 165 681 974 731 309 947 153 315 207 138 987 527 415 674 723 22 747 910 724 396 70 683 501 262 469 80 433 897 560 340 732 823 759 234 790 411 849 503 450 555 288 413 264 778 757 660 247 591 589 613 573 411 690 721 32 593 770 949 212 173 844 735 167 795 15 320 826 581 505 237 585 654 682 606 660 493 681 361 200 940 796 222 540 51 284 94 221 879 553 160 817
196 658 352 142 489 587 80 247 851 346 155 349 353 463 735 953 763 744 477 598 876 803 459 356 928 210 848 697 265 722 402 363 301 150 939 587 360 608 748 219 345 25 126 714 752 810 256 162 620 347 728 112 954 812 874 727 111 867 778 270 772 210 992 240 21 599 174 78 273 669 240 560 810 772 784 634 708 858 997 633 459 446 689 438 236 745 131 73 462 833 766 171 24 815 386 73 462 979 748 451
622 623 193 986 132 53 203 122 612 621 837 128 887 951 818 84 443 887 277 290 794 189 51 209 247 818 828 373 586 310 265 630 413 708 916 937 889 499 914 463 382 837 452 946 724 188 701 222 288 939 486 348 936 580 873 201 113 989 517 98 502 978 590 66 497 779 401 226 377 591 783 327 874 505 733 663 841 903 191 922 248 907 344 114 569 653 74 722 149 132 499 592 406 575 648 813 38 90 723 984
638 473 479 39 868 9 527 555 972 400 981 266 854 277 907 572 477 474 726 333 269 813 333 329 784 54 152 139 861 514 918 856 364 176 648 974 785 762 626 550 562 748 64 510 383 639 196 131 347 706 920 634 425 125 822 54 926 286 512 644 694 478 445 740 723 473 358 84 963 858 810 482 152 94 540 425 388 929 551 406 153 588 806 842 354 483 710 253 37 613 571 156 641 214 892 780 63 4 505 658
928 104 651 851 185 204 184 866 332 645 269 24 321 613 327 673 931 880 187 912 224 495 243 257 427 494 589 629 124 287 824 980 271 308 334 373 311 930 970 963 1000 306 754 218 930 309 726 925 33 120 501 497 740 747 55 745 584 798 934 129 40 260 197 685 60 867 38 357 163 986 730 419 887 266 626 242 895 89 461 911 48 445 101 240 180 387 270 7 165 988 305 812 686 757 756 744 79 82 399 675
299 342 580 831 933 446 267 730 563 930 954 294 377 941 138 306 937 720 878 706 752 930 45 840 205 103 611 553 674 11 293 319 237 663 498 281 241 234 783 954 277 336 221 686 188 331 849 843 171 146 536 488 973 431 653 35 242 248 823 735 980 537 451 840 773 498 313 648 255 951 900 904 119 839 999 877 799 533 351 408 956 843 347 463 364 745 825 458 454 618 436 689 644 829 764 690 343 92 743 548
81 364 164 201 978 96 930 610 264 648 36 691 218 352 463 811 848 196 808 77 392 944 93 936 404 569 200 146 67 867 434 567 420 320 60 453 153 213 557 95 897 557 823 39 922 925 910 772 534 621 859 802 707 151 382 786 842 30 503 486 371 163 542 212 64 902 178 720 101 682 476 490 909 821 774 911 909 422 816 874 909 706 781 327 462 652 356 846 627 515 299 372 481 924 627 734 879 418 228 147
188 335 648 307 55 867 541 629 616 983 224 202 633 401 979 248 677 685 284 907 992 977 556 259 14 796 255 475 65 996 36 376 603 177 899 911 677 191 345 61 120 874 725 643 661 790 119 606 62 684 393 257 403 9 582 762 905 909 305 864 733 656 883 745 34 77 393 238 936 243 716 205 801 960 779 319 406 914 457 761 144 590 752 287 721 247 767 992 617 754 839 300 496 101 354 910 470 180 697 259
365 796 715 387 603 593 842 490 294 824 816 66 40 251 482 172 518 562 673 346 521 587 149 107 49 990 158 666 741 43 694 31 77 553 965 459 861 381 495 969 741 210 292 926 581 934 121 407 448 333 439 193 362 159 610 1 105 19 4 8 350 692 301 961 962 376 455 672 671 45 792 151 9 872 295 554 563 196 492 579 347 156 370 283 989 15 90 717 713 491 774 726 493 499 31 550 45 505 605 66
550 585 810 751 586 503 669 730 53 146 419 512 788 830 292 288 797 705 773 368 792 481 192 526 673 13 561 143 518 993 719 289 903 123 608 838 140 284 172 11 740 839 809 280 330 225 564 355 148 519 48 932 188 568 491 487 859 977 274 421 593 435 159 509 28 719 559 888 453 406 23 872 880 204 409 885 608 612 324 777 876 399 342 122 991 847 186 401 675 896 176 23 129 103 266 714 750 1 537 365
87 835 449 84 796 738 266 214 75 984 48 633 484 411 630 886 577 174 213 910 941 423 951 23 630 394 524 132 491 785 739 747 307 277 868 450 171 621 352 199 239 502 517 652 896 246 116 925 539 690 174 961 286 192 83 358 483 165 290 804 278 464 232 928 65 375 104 191 463 133 393 139 773 726 786 129 27 639 511 68 574 809 67 978 123 246 726 976 614 184 248 376 918 276 695 25 863 531 24 288
371 627 652 119 725 523 502 44 999 8 673 303 732 267 892 556 83 738 641 693 809 863 337 151 16 851 728 562 427 609 759 865 394 91 827 148 233 880 340 920 133 300 482 176 767 568 263 790 891 675 937 230 327 964 609 355 494 67 495 433 63 222 815 897 371 908 526 269 964 794 266 197 865 694 625 370 432 396 959 856 549 980 888 518 651 402 572 293 858 543 692 338 744 598 34 30 30 629 117 70
660 211 465 841 5 299 712 94 970 461 859 70 703 209 829 998 451 213 210 724 168 393 60 648 890 737 141 165 857 787 918 31 292 747 38 35 59 384 893 309 194 554 864 414 36 971 167 555 565 631 327 192 514 504 295 593 612 523 781 168 950 736 117 629 19 441 781 843 23 860 862 943 339 541 677 512 34 792 88 245 228 126 284 384 674 556 214 751 137 978 855 705 306 417 511 838 246 821 326 489
873 673 953 981 27 424 210 286 482 475 978 499 946 704 358 228 417 701 594 404 489 978 386 970 812 893 34 346 329 778 111 950 255 260 349 190 363 262 57 319 751 516 820 209 951 942 813 68 645 263 389 172 693 603 535 292 868 545 879 974 740 946 609 254 157 187 917 513 831 100 199 392 567 597 179 549 481 413 370 655 185 645 720 910 922 253 145 540 371 704 322 845 210 545 835 651 772 431 964 849
656 674 675 619 981 305 886 768 547 244 219 184 355 191 864 860 334 22 878 993 861 87 373 548 589 488 196 979 387 374 180 362 1000 333 531 27 494 364 985 494 526 475 250 302 233 615 935 24 323 814 93 702 49 985 764 87 792 372 924 527 648 63 974 207 455 763 374 583 41 403 792 116 70 21 842 669 461 182 808 371 738 296 953 864 745 926 501 48 196 171 555 722 855 643 145 597 860 917 584 374
457 587 967 836 468 311 873 116 706 680 187 230 565 650 291 163 928 167 75 251 223 847 319 260 91 16 437 772 855 700 254 347 751 381 264 887 556 1000 526 362 619 39 724 165 884 510 245 470 181 995 917 107 319 954 837 857 561 520 80 196 568 720 95 395 370 35 435 821 314 617 949 777 566 365 356 328 678 823 223 499 613 783 456 281 121 552 557 426 367 407 30 448 877 583 296 203 363 276 428 874
498 513 519 292 522 969 200 575 159 771 920 93 428 480 591 894 577 251 481 772 224 663 245 521 93 863 490 280 382 801 343 262 904 815 916 973 251 686 478 834 225 373 632 827 458 590 574 796 484 378 762 108 3 795 738 264 17 892 805 939 706 282 591 307 773 363 769 248 563 813 694 990 722 550 277 997 16 632 544 401 737 113 197 72 942 109 992 697 708 686 668 317 737 997 817 6 894 137 382 763
132 827 478 868 628 930 706 711 589 612 869 948 761 603 927 141 32 614 518 135 698 229 88 323 462 556 296 249 108 110 504 907 86 911 759 7 743 167 247 786 325 982 913 411 637 978 791 341 942 897 936 800 763 554 268 970 41 8 434 533 852 249 504 619 618 249 289 416 654 684 356 452 920 113 249 496 381 314 503 280 568 255 628 92 318 55 969 423 859 930 769 680 795 163 918 176 488 299 166 980
730 747 80 455 124 187 619 997 438 418 558 149 520 264 326 149 392 517 195 87 70 425 923 108 874 522 772 976 648 834 496 150 962 7 233 724 134 99 593 910 953 9 613 960 48 987 763 405 249 245 921 699 864 145 305 79 661 944 69 667 862 36 402 413 95 78 487 863 550 937 52 319 993 213 268 142 912 336 385 213 185 424 299 887 182 7 711 906 123 923 42 368 82 107 369 29 848 458 806 461
346 345 767 133 733 869 539 11 604 722 833 868 750 677 393 730 334 918 487 645 764 331 308 371 817 901 497 857 7 957 568 907 96 382 131 948 346 691 482 1 26 656 827 413 955 729 901 120 597 873 45 94 420 921 461 83 223 31 38 846 164 113 331 106 552 322 467 147 834 396 186 233 893 125 562 464 864 297 382 98 372 24 211 486 683 975 681 684 497 608 631 357 545 759 936 915 66 675 393 262
344 748 999 540 343 300 792 943 744 887 103 818 954 905 516 795 296 635 155 507 131 859 159 356 800 964 120 420 20 546 319 572 444 196 647 120 291 675 579 998 984 855 463 883 235 894 414 140 821 920 401 143 202 247 278 810 304 890 628 621 804 270 748 943 769 88 470 854 617 699 942 446 511 76 476 935 226 516 211 819 649 24 407 659 334 369 955 513 458 842 828 881 322 373 385 359 736 643 843 299
160 736 203 482 687 32 223 171 718 593 122 447 753 695 628 934 516 533 566 956 845 72 647 241 513 35 741 486 318 919 979 682 318 17 671 756 682 401 148 666 617 820 165 467 519 342 24 651 492 88 121 38 789 691 866 652 184 3 962 655 280 950 531 631 914 886 104 153 86 432 67 314 304 376 424 6 564 911 633 745 575 308 47 533 898 860 316 364 508 362 601 203 458 825 957 430 568 961 870 633
955 133 141 210 36 712 793 485 709 925 436 763 971 715 310 317 122 659 510 932 439 781 479 857 239 400 964 390 640 967 294 708 515 856 426 348 676 655 323 147 956 699 249 727 739 253 785 453 418 407 287 495 709 517 880 327 380 626 164 277 223 312 353 441 885 653 622 59 216 851 863 508 860 714 657 382 933 223 929 140 950 964 711 841 566 646 596 898 429 663 141 881 113 418 959 949 497 917 23 432
570 148 274 174 360 404 599 958 581 468 756 115 243 421 827 991 871 373 911 421 756 514 330 669 664 373 921 199 899 750 616 853 339 259 473 198 717 345 595 791 203 953 807 57 689 304 750 634 534 520 28 881 311 829 418 283 507 421 520 132 672 986 957 684 819 806 748 357 335 832 848 279 824 389 265 39 971 461 504 572 301 11 594 515 713 405 828 222 521 610 116 890 603 547 562 228 977 698 364 404
503 558 269 436 253 699 724 24 146 714 287 712 106 516 932 894 45 165 99 70 773 742 724 72 638 678 985 505 772 906 681 610 494 209 603 396 10 390 881 239 8 123 605 521 167 805 309 41 470 319 618 566 401 687 297 855 467 863 650 901 419 538 137 521 768 863 29 583 446 934 649 72 566 40 781 517 982 632 65 395 407 676 72 731 602 682 765 924 606 962 275 961 569 474 540 579 800 668 633 778
585 126 283 80 627 760 143 802 31 292 615 655 471 147 664 713 169 609 586 548 981 703 854 143 470 1 742 84 987 681 816 173 53 322 699 211 236 141 539 919 97 867 553 873 327 611 602 11 711 69 593 513 490 144 377 994 343 300 926 189 561 689 228 168 929 849 566 311 661 97 540 925 66 989 637 712 266 661 175 488 406 241 744 182 233 450 619 871 838 874 730 504 965 276 915 226 423 771 389 565
432 801 811 658 980 878 676 971 590 996 747 880 561 460 738 170 544 319 234 427 897 509 77 231 910 32 968 190 609 60 663 774 341 401 635 871 478 157 891 883 438 983 153 585 270 725 664 682 351 399 719 224 358 446 120 322 766 897 77 840 536 250 951 52 812 326 164 29 46 866 954 474 626 934 73 914 249 357 609 506 399 258 356 89 401 132 572 748 983 264 10 210 640 87 112 326 714 429 563 808
465 957 939 729 57 303 928 474 524 487 825 688 762 542 339 975 51 83 241 226 515 199 545 791 505 293 20 429 10 897 675 327 895 309 44 859 329 983 852 306 26 156 832 496 583 770 712 309 723 964 117 694 80 38 625 711 326 216 393 218 538 619 876 7 434 56 360 885 712 930 538 44 37 788 575 245 130 732 559 205 294 560 117 713 305 710 761 417 291 207 300 189 29 691 799 762 268 850 392 764
433 489 355 825 665 483 837 177 813 570 330 99 326 566 916 823 695 270 678 733 823 219 721 982 644 890 195 974 225 520 999 10 414 912 256 776 710 957 677 89 139 633 329 132 745 330 594 63 776 165 850 46 622 821 12 935 52 764 616 311 558 135 204 174 872 426 555 902 643 848 245 713 346 150 106 101 43 579 718 541 575 449 193 703 393 291 529 372 649 681 17 245 431 190 352 375 661 464 645 815
423 458 278 319 525 608 250 860 804 652 581 252 461 705 47 444 551 809 158 611 820 577 716 295 182 369 561 478 914 290 374 291 221 287 499 119 540 192 475 678 295 440 903 208 389 917 461 703 232 642 91 159 660 495 245 43 684 723 319 228 110 838 85 681 449 987 999 494 239 163 474 584 246 58 671 525 384 537 396 773 318 165 564 525 496 644 322 576 177 12 360 237 779 949 650 984 617 935 270 810
560 8 864 557 495 467 516 638 345 564 522 752 872 447 861 281 585 116 937 247 508 460 403 188 653 175 991 825 318 729 352 718 321 838 622 640 284 629 251 157 779 526 741 511 330 142 931 244 326 133 795 198 837 88 534 795 590 750 651 167 115 879 878 443 588 269 907 862 320 849 616 691 946 110 970 304 887 277 49 406 4 336 448 254 587 777 237 237 954 324 13 792 190 995 454 950 595 335 909 376
771 858 757 745 386 234 520 53 857 735 207 774 758 192 870 365 908 463 353 440 270 777 116 839 305 748 868 406 788 576 709 301 397 682 15 579 776 500 355 397 791 970 567 743 920 928 665 548 310 914 333 767 198 938 448 333 960 971 209 760 892 398 26 998 357 418 617 58 631 270 950 832 200 860 918 786 430 818 727 522 346 483 190 484 711 19 27 772 16 943 317 891 482 440 473 944 982 319 172 354
375 752 326 799 754 70 386 587 164 651 283 686 733 654 888 314 342 266 120 516 648 411 76 283 786 336 350 457 261 593 449 869 793 562 126 258 47 667 463 536 57 34 68 459 532 896 387 423 26 597 200 93 119 925 485 70 969 396 621 742 946 56 69 993 738 278 289 127 427 711 630 322 880 469 351 153 415 559 639 327 52 70 967 941 68 610 535 533 19 186 373 687 466 764 227 146 817 215 470 30
938 815 28 809 746 922 691 363 275 668 49 840 223 855 40 136 1000 188 694 384 29 455 811 474 548 51 830 267 583 76 631 505 641 601 286 52 388 677 796 790 744 203 829 816 517 533 160 720 381 655 690 941 147 249 427 380 448 929 21 862 24 206 96 917 285 823 891 899 361 375 517 751 691 251 457 168 523 308 734 528 962 998 88 767 337 696 907 517 906 537 546 722 628 91 416 590 313 48 434 562
657 802 841 681 496 100 27 747 24 770 534 642 793 633 115 950 581 901 388 354 65 104 324 390 317 776 741 702 822 978 323 592 478 291 816 63 526 125 429 347 967 407 652 29 324 645 826 927 655 451 959 674 194 434 69 178 141 803 245 527 793 1000 209 717 554 872 330 947 245 752 549 431 629 524 691 391 131 433 419 137 279 955 965 80 8 857 603 725 807 532 244 498 783 299 401 4 447 598 590 800
489 729 227 414 645 477 420 985 997 930 393 576 48 803 702 221 61 955 952 183 989 738 31 910 378 182 286 993 926 261 895 582 467 724 282 624 26 662 676 23 504 244 610 386 503 207 411 762 875 954 836 66 822 803 872 401 645 906 262 499 683 67 863 285 406 47 490 218 921 907 640 814 34 850 837 98 0 811 745 879 333 597 894 306 578 610 850 158 253 251 388 672 763 809 419 221 40 833 712 125
654 434 772 233 982 805 779 373 988 298 434 543 131 863 249 47 701 640 427 233 35 826 219 438 788 99 111 91 831 19 704 810 120 365 762 274 25 831 911 920 187 163 473 604 991 587 917 95 635 878 38 85 512 742 946 683 631 557 1 417 201 744 143 553 798 589 530 388 969 641 376 347 438 852 76 5 507 17 399 997 939 438 53 232 935 880 283 637 26 429 201 667 81 760 732 958 276 553 865 632
595 772 164 899 600 672 498 809 70 761 817 10 407 526 91 156 970 65 192 438 704 45 159 849 517 709 464 40 917 489 325 493 783 326 279 695 786 118 182 93 940 822 555 970 860 641 502 190 780 100 42 228 685 374 540 910 161 653 875 256 379 56 942 573 682 48 997 557 225 997 525 234 50 558 392 912 973 861 296 219 469 944 522 78 197 947 834 505 953 421 678 566 919 902 707 363 49 436 410 968
328 789 807 468 70 23 751 500 613 561 294 548 890 385 506 878 506 876 276 709 154 435 556 157 735 127 546 375 723 108 711 329 307 560 5 105 945 998 162 913 447 552 575 41 179 54 12 43 319 264 429 285 753 579 304 90 165 535 624 91 487 204 541 914 344 472 793 674 652 563 688 99 850 217 650 10 486 26 69 468 349 205 717 192 385 595 715 779 66 73 182 102 199 149 321 872 964 38 870 153
365 832 40 993 681 603 542 265 885 46 313 460 921 245 613 210 687 10 67 345 489 700 863 942 695 658 871 248 775 28 552 149 215 148 778 67 399 412 922 523 203 737 240 400 709 69 458 77 890 651 305 990 91 278 65 456 895 588 958 746 599 38 2 194 362 126 477 921 26 348 772 74 823 200 194 669 296 444 412 259 637 494 460 411 94 598 443 419 659 600 289 679 606 507 577 874 709 185 310 168
110 292 680 741 99 347 495 118 533 939 67 858 404 903 722 951 901 727 70 156 444 403 394 349 904 338 862 130 21 336 534 856 155 760 410 882 266 297 414 787 71 836 89 407 623 733 91 468 849 653 183 240 732 347 84 333 583 80 590 940 11 791 49 411 285 256 398 377 909 164 344 818 978 991 675 881 993 499 447 671 989 237 721 800 115 118 995 29 82 741 543 220 849 777 582 484 102 912 744 230
990 961 455 781 873 916 662 660 948 405 743 555 760 386 93 807 928 232 794 468 29 992 627 865 460 110 552 686 878 441 508 942 989 475 789 685 485 946 810 372 200 845 259 922 615 612 474 226 511 808 757 671 482 287 432 920 694 956 906 482 556 406 94 810 233 967 184 503 516 83 752 324 109 806 850 689 210 621 265 93 64 699 789 894 814 146 671 959 899 672 141 668 399 78 225 725 84 572 796 944
154 969 905 617 972 964 222 250 944 669 588 482 352 616 947 984 65 33 378 848 562 19 2 488 302 222 204 452 714 628 373 238 256 869 527 746 450 886 791 748 700 847 570 87 18 829 256 962 447 156 97 815 83 653 290 600 564 944 124 782 311 822 510 780 467 340 612 67 968 187 162 189 556 473 941 135 812 658 656 17 200 314 571 209 199 1000 50 207 913 626 770 886 928 957 295 701 421 736 440 254
801 41 896 684 398 83 627 898 387 548 41 291 972 757 199 784 972 159 967 923 464 29 188 791 840 501 941 646 888 630 63 363 372 99 346 215 538 177 519 930 84 738 93 172 198 760 246 136 709 843 957 717 994 281 491 16 595 298 144 936 317 434 746 700 798 111 239 142 177 532 4 825 607 438 283 415 722 253 456 674 348 247 2 182 683 494 696 205 426 290 595 137 29 344 22 335 537 571 245 193
469 443 209 955 788 770 677 498 177 364 309 526 935 831 257 612 68 884 323 507 331 671 0 310 773 295 919 956 955 632 215 931 398 48 632 943 997 390 540 433 502 696 999 9 165 327 631 59 877 806 812 515 475 484 203 492 573 728 330 208 612 677 103 967 869 369 284 885 455 930 756 970 810 355 123 406 625 16 400 994 352 910 49 53 350 449 263 106 524 336 905 737 207 714 787 747 829 757 528 79
517 390 399 424 929 331 908 423 187 763 709 987 318 867 60 218 740 448 398 826 694 340 333 640 534 696 807 839 75 522 926 912 625 89 796 693 105 993 267 491 841 740 276 424 347 370 114 843 484 362 430 165 520 341 583 268 478 748 98 567 785 269 727 944 983 868 915 252 435 286 664 426 956 504 950 437 69 227 771 26 238 356 182 866 861 134 296 610 203 680 928 506 849 467 80 581 150 893 878 335
146 406 622 358 717 829 713 146 235 191 410 167 627 697 974 170 427 271 907 553 684 467 116 300 134 878 820 213 863 204 672 35 930 726 576 142 188 7 916 310 558 548 150 174 715 382 476 305 711 137 796 370 946 73 842 490 803 728 286 709 337 166 769 36 462 470 159 347 896 960 461 369 507 689 629 561 694 27 392 133 829 861 418 875 352 175 626 628 144 186 112 133 519 109 651 959 964 409 576 339
625 128 407 997 299 678 623 918 898 689 872 142 43 680 479 704 389 797 373 54 513 92 907 952 719 115 156 904 983 341 129 857 599 303 313 214 26 102 364 49 882 960 490 833 973 342 217 335 782 184 724 883 836 446 886 801 382 400 911 731 541 900 326 702 851 354 660 627 520 755 630 332 207 58 714 364 182 751 742 292 148 490 335 566 265 780 514 2 464 467 430 979 715 591 718 541 706 520 773 588
473 18 171 249 123 717 537 734 934 230 12 541 239 670 980 343 397 919 205 669 195 25 154 698 359 939 344 779 241 820 423 808 148 726 1 577 846 447 430 365 26 612 979 165 782 666 342 359 125 743 4 644 26 363 820 565 165 419 941 215 354 39 534 241 901 863 479 84 453 149 488 151 460 875 487 954 721 456 843 543 572 493 712 40 756 39 245 279 478 816 680 521 600 754 829 609 648 565 911 276
579 603 723 295 87 640 149 984 946 814 101 972 167 392 867 463 743 158 45 669 651 942 36 832 551 879 900 723 674 737 936 902 691 934 279 833 929 169 140 140 329 906 940 309 724 710 805 455 383 142 298 361 479 527 486 460 666 210 302 891 603 219 218 96 209 185 762 865 921 397 299 786 528 911 418 779 98 876 196 928 844 598 584 894 527 648 401 323 316 293 996 85 56 258 654 802 766 651 877 778
312 905 534 127 535 297 700 480 998 338 119 28 31 849 716 183 184 378 175 806 860 854 463 427 369 11 900 27 589 775 147 793 72 312 698 269 901 145 731 210 776 286 802 843 344 995 62 970 974 861 109 990 489 876 691 656 581 720 691 974 471 877 869 710 204 875 24 768 210 460 709 333 560 870 27 978 485 974 581 761 621 519 792 579 650 383 118 423 81 831 490 759 405 947 371 976 290 195 734 658
128 60 576 931 370 177 77 144 214 713 85 373 41 666 855 191 622 912 81 248 725 825 611 97 858 330 134 82 820 790 543 909 734 59 349 987 688 609 5 852 610 726 354 351 300 469 416 797 969 421 915 517 352 743 690 215 335 293 646 513 122 380 823 738 841 722 435 371 591 266 280 496 83 892 132 317 702 588 621 660 991 455 312 733 141 450 98 637 837 474 145 984 649 216 777 345 149 772 470 595
895 136 169 223 781 558 327 55 80 886 733 699 140 905 615 131 953 978 36 153 384 967 604 616 512 25 535 170 257 753 757 766 627 359 276 665 875 327 568 89 621 472 700 271 689 756 173 358 489 0 611 70 26 984 778 77 175 673 644 38 384 1 395 592 168 499 547 892 464 47 166 335 671 483 522 140 16 145 647 113 87 22 854 456 1000 508 303 496 13 21 386 337 898 591 147 982 495 275 673 181
348 167 773 732 357 750 246 690 443 831 373 665 213 630 755 808 573 575 957 698 96 343 204 119 891 900 492 481 519 596 711 479 701 405 525 335 744 252 184 473 448 231 875 59 986 600 385 740 590 240 368 853 452 864 704 954 578 84 73 665 255 794 451 399 85 32 295 277 62 112 991 680 390 346 304 430 952 292 37 992 433 684 783 332 775 245 234 87 475 789 219 445 506 101 97 666 694 406 282 633
605 632 397 259 541 599 410 822 309 680 84 375 451 986 712 967 664 166 601 923 706 115 280 707 878 603 499 556 217 565 746 865 858 133 729 542 618 754 766 460 237 135 723 974 700 481 442 795 792 991 166 652 745 519 278 412 313 155 82 351 251 829 948 921 93 697 27 262 791 782 896 643 346 371 782 543 233 837 424 326 605 755 610 747 557 535 695 361 798 471 119 169 641 379 679 571 785 858 162 807
967 787 692 293 933 80 194 359 464 587 57 505 601 365 941 342 513 659 344 702 374 432 784 919 902 120 861 197 367 188 110 856 300 546 63 203 333 867 702 814 589 136 955 203 427 835 496 105 305 626 390 620 546 815 710 381 896 17 82 517 126 190 866 498 858 845 267 255 212 463 724 93 198 404 668 567 858 709 658 392 101 43 48 525 951 156 335 36 966 379 124 431 617 302 654 871 866 340 124 831
93 866 120 677 344 224 854 373 389 767 798 161 265 909 698 830 411 772 303 902 313 785 706 290 738 573 804 811 214 316 262 420 427 202 759 341 481 882 247 93 84 6 179 66 353 892 108 839 309 833 976 542 959 109 104 309 31 88 611 780 951 248 142 868 83 378 889 144 219 306 923 581 622 923 871 378 325 890 137 208 229 658 916 356 186 889 420 496 271 468 222 731 502 314 745 353 115 85 763 829
128 560 731 354 212 901 341 162 969 967 458 891 835 56 880 329 461 815 80 459 168 620 843 717 870 798 159 12 854 930 159 352 878 485 988 825 602 758 230 872 318 345 631 912 338 413 688 850 609 34 645 639 250 161 915 607 657 20 968 186 284 849 531 273 451 225 223 881 873 563 931 388 492 341 180 662 573 50 281 796 417 747 642 767 47 1000 536 236 638 781 522 306 856 252 956 176 850 307 497 658
428 330 325 36 594 666 293 370 57 397 260 588 995 412 957 640 359 274 26 135 482 916 652 384 690 14 625 661 208 251 760 862 983 475 335 370 654 430 726 712 773 385 161 930 12 752 65 938 583 798 279 827 535 344 989 504 998 50 921 790 254 86 783 220 775 947 95 866 249 955 788 165 514 68 467 245 461 54 289 763 141 900 252 707 824 678 933 719 608 317 651 383 667 148 570 939 365 766 198 133
107 911 120 240 689 57 450 788 752 568 736 758 778 24 319 911 35 173 981 627 167 713 636 106 413 141 242 840 731 259 729 985 29 843 88 263 42 47 358 117 755 627 201 162 289 389 551 91 936 44 539 380 730 0 198 416 801 630 943 845 788 695 149 600 926 329 958 735 248 900 811 57 987 754 426 886 638 163 349 397 824 883 970 245 531 864 212 525 779 321 748 278 12 409 834 744 351 465 295 920
522 313 546 203 171 149 939 22 642 406 950 682 156 719 349 441 982 699 206 99 267 870 782 873 625 514 757 706 639 56 941 182 302 468 488 623 671 55 611 464 298 801 338 455 83 17 598 199 338 754 911 396 177 86 725 549 885 926 384 477 289 234 768 520 846 715 367 823 747 994 399 712 751 412 840 335 960 676 845 799 550 704 780 534 196 190 46 587 507 145 938 517 767 724 949 773 434 85 799 409
386 36 290 992 437 534 4 942 646 839 102 541 261 729 762 629 851 949 362 457 840 378 163 474 502 472 757 490 827 595 591 988 496 129 157 956 724 599 880 924 893 158 246 605 44 858 845 518 338 195 902 455 472 799 643 859 977 433 583 85 447 736 427 650 812 15 763 0 293 126 157 366 296 758 467 148 356 632 131 428 955 954 225 120 418 340 789 920 1000 370 878 73 478 265 87 577 880 493 749 947
195 968 850 529 464 871 944 151 523 661 56 122 315 752 911 730 14 906 172 918 677 710 69 135 780 119 139 512 192 878 128 267 604 335 224 833 870 760 100 124 461 749 990 595 986 299 379 548 389 550 22 625 271 546 485 794 701 624 747 82 504 770 978 687 710 51 232 945 0 387 79 922 224 893 454 991 835 822 215 444 344 62 179 686 519 792 535 572 953 432 447 720 313 208 980 371 896 648 437 628
675 49 822 340 320 158 793 62 270 412 214 62 608 917 708 320 901 556 903 80 246 479 859 623 498 682 317 599 135 785 15 103 679 568 901 82 527 19 130 560 333 56 990 625 669 267 62 914 684 397 2 806 568 55 389 772 743 16 228 346 113 443 6 110 696 413 933 645 414 613 420 198 335 129 804 293 505 287 183 314 53 397 856 758 564 495 83 595 35 976 747 982 178 804 743 805 115 721 82 35
825 558 809 385 194 773 546 311 35 441 51 957 629 46 292 28 446 153 187 808 939 345 781 168 210 568 371 962 411 724 453 607 924 987 653 270 864 469 434 856 99 986 911 807 52 208 72 370 53 76 177 648 252 514 466 520 833 399 654 953 786 606 70 234 615 188 471 987 811 21 537 159 118 603 22 195 883 1 843 131 561 654 351 504 584 715 377 340 127 562 910 771 855 996 912 653 348 772 448 801
580 734 691 616 587 86 185 514 703 188 23 597 805 192 249 929 926 756 412 626 225 807 929 557 597 225 646 301 805 971 106 120 863 490 736 988 550 938 664 498 440 690 825 195 664 549 113 415 499 810 664 738 133 241 966 936 903 625 188 443 666 761 523 655 727 314 71 802 453 546 213 602 515 497 255 973 508 816 838 904 254 338 187 217 482 944 967 953 192 390 69 498 407 524 469 506 87 971 875 428
650 304 443 855 440 111 271 846 830 277 456 234 981 278 860 21 244 313 984 609 444 464 685 880 636 117 421 477 321 541 368 943 390 550 690 746 737 558 382 445 496 969 22 764 795 101 359 826 687 296 318 986 211 308 806 158 561 429 450 298 204 562 200 819 100 689 786 974 952 914 180 667 150 397 13 681 579 989 610 372 934 245 598 162 74 685 774 808 928 981 747 956 822 501 387 443 469 19 180 252
127 865 962 974 799 968 792 303 483 180 693 252 365 222 899 602 544 787 889 798 852 640 112 495 972 636 285 164 556 832 763 15 296 161 286 147 194 4 150 195 577 948 136 901 714 931 438 711 136 33 584 263 975 927 734 982 92 126 145 261 721 496 145 366 173 966 904 457 386 725 780 763 1 913 577 573 325 917 427 547 591 338 25 84 449 537 638 67 191 579 598 164 414 566 151 825 771 647 868 25
181 361 850 475 807 986 481 304 188 255 947 925 36 914 706 912 338 522 81 747 470 593 968 628 513 80 846 773 709 370 846 311 383 801 333 45 692 604 884 501 961 478 510 900 603 206 806 341 182 341 751 552 251 679 255 664 526 762 998 798 115 301 971 248 449 441 627 595 292 736 808 434 598 278 329 623 365 275 29 237 310 341 408 986 914 193 117 414 648 112 758 117 823 265 749 266 914 85 800 153
739 653 451 786 26 132 259 630 877 871 444 413 32 655 577 658 730 237 998 225 118 78 982 102 804 744 674 491 424 725 302 219 949 509 235 922 705 990 1 267 398 587 226 398 942 637 200 47 836 357 434 417 28 947 37 553 99 854 271 465 24 378 433 986 950 936 150 755 568 323 200 363 43 233 38 989 107 96 320 101 592 505 340 881 734 268 304 242 675 667 525 434 870 972 522 673 859 511 209 957
551 529 660 710 719 449 416 114 405 536 585 991 728 794 797 201 942 797 141 953 481 710 519 271 35 124 137 501 558 887 686 867 127 970 545 676 485 992 94 113 600 366 976 727 320 768 660 532 74 102 5 817 911 262 677 442 632 617 316 0 374 993 760 927 599 87 298 94 362 840 646 568 996 474 81 568 713 946 770 382 119 156 728 417 45 604 980 491 547 684 196 533 617 234 33 34 688 316 672 582
746 566 460 530 25 89 507 50 304 487 839 162 821 504 714 888 409 543 974 873 772 628 434 835 477 339 185 613 263 469 365 595 310 932 184 905 538 741 531 624 82 813 207 258 943 990 271 970 944 924 770 30 577 204 608 427 158 528 662 366 930 389 769 823 51 168 34 910 844 112 538 931 163 158 56 262 415 524 998 402 893 484 835 145 689 737 35 876 520 161 89 809 833 14 336 110 679 890 214 225
624 902 945 885 152 284 983 829 118 592 997 734 179 842 645 760 276 296 809 824 430 196 839 774 503 844 342 351 663 340 496 517 634 79 37 487 691 612 526 145 668 493 446 487 279 811 824 592 550 159 264 14 458 286 208 242 743 484 230 6 812 900 423 976 968 984 358 585 408 738 228 622 225 376 718 378 102 312 868 390 666 384 87 928 870 869 493 985 121 466 597 177 463 277 402 631 426 56 270 212
410 324 50 157 189 411 450 226 963 91 606 419 188 570 6 919 550 588 975 436 434 483 557 427 582 532 100 750 636 858 430 673 913 998 558 331 648 383 748 539 382 446 839 504 230 712 148 391 224 861 803 102 146 190 507 105 166 351 137 831 712 54 568 894 199 529 168 21 185 595 341 814 624 757 339 979 23 353 881 793 588 805 603 68 691 140 104 514 808 638 574 737 899 661 351 109 250 448 196 89
528 747 629 447 931 452 593 901 882 496 688 408 602 592 297 677 8 405 527 463 419 358 197 55 406 763 869 736 85 880 845 605 795 57 868 463 263 723 472 297 486 344 328 405 523 927 354 472 485 937 376 970 135 534 303 92 664 119 342 963 471 481 177 167 765 216 383 505 31 560 676 843 942 966 962 713 714 392 696 740 452 778 180 828 578 191 418 650 113 56 764 896 350 42 866 597 614 156 889 690
367 498 348 260 363 997 928 37 640 680 408 173 665 654 98 62 326 526 348 548 554 133 3 659 19 189 137 600 355 549 310 908 429 29 984 493 838 635 863 739 243 572 16 537 799 172 316 741 337 226 243 237 114 316 102 72 890 575 469 11 404 569 761 460 291 803 126 439 288 857 273 54 904 118 713 187 415 415 509 465 19 346 903 124 121 905 463 297 374 741 894 47 786 626 739 404 717 240 43 14
123 774 201 422 64 335 746 360 36 101 960 924 758 193 838 309 976 728 687 572 997 150 897 731 980 534 43 616 224 362 826 247 863 107 450 467 846 255 521 561 512 574 386 371 359 143 515 387 971 973 628 793 483 699 845 27 597 714 888 281 41 105 132 202 636 30 313 698 803 913 887 861 275 931 180 247 460 511 254 82 523 362 714 588 135 85 377 699 422 471 141 757 412 466 31 851 798 577 381 191
337 76 518 81 281 324 530 152 202 969 128 166 733 510 109 696 701 166 849 581 440 56 643 568 89 266 272 953 890 427 775 664 958 289 562 214 94 613 333 710 848 522 525 612 605 742 180 998 832 530 629 765 198 233 320 784 530 124 581 86 219 439 1 421 930 236 139 445 800 234 671 821 211 594 289 163 992 153 932 268 272 715 317 192 660 409 377 121 290 614 316 329 634 814 209 211 90 102 928 303
399 551 510 506 755 350 80 538 791 650 702 673 401 148 580 902 655 739 455 23 993 85 44 589 692 851 975 455 16 398 955 283 951 919 526 841 331 250 621 643 754 579 649 441 467 431 650 421 70 176 381 853 196 779 232 578 115 119 393 1000 460 165 723 883 578 579 366 983 17 588 632 234 782 124 235 697 632 462 603 922 800 23 547 278 673 457 151 457 146 565 284 290 260 894 16 981 897 120 64 689
696 488 72 136 800 46 565 595 611 137 947 286 905 555 623 509 946 362 28 998 693 251 440 91 676 501 598 309 482 734 120 53 823 588 730 99 746 776 691 117 220 608 408 528 751 819 961 906 324 651 191 818 632 791 52 548 813 776 502 408 234 426 607 71 361 830 111 371 586 63 291 24 966 697 342 922 812 300 158 78 577 482 646 922 143 538 92 901 520 255 435 62 351 710 970 300 438 118 717 422
407 808 452 864 356 894 712 359 525 742 832 98 417 882 493 264 410 653 304 726 134 270 229 336 111 106 132 17 450 611 210 666 844 292 568 124 965 697 239 963 358 575 759 840 533 475 36 513 716 346 106 587 260 848 756 63 142 502 202 944 669 523 407 546 403 4 289 315 899 958 990 951 336 807 763 919 66 626 48 429 422 640 798 204 1000 655 566 772 521 483 661 796 701 462 323 908 672 13 643 427
297 232 798 946 80 216 233 717 795 834 984 748 568 232 355 741 153 964 379 327 782 506 316 370 548 376 118 246 915 853 526 359 264 7 667 248 217 344 160 860 737 562 648 62 924 355 798 747 778 112 419 322 520 110 800 96 892 236 196 898 145 174 256 908 41 677 207 85 302 479 863 380 786 232 992 584 353 252 741 569 900 607 115 927 9 494 231 350 574 607 986 706 104 38 568 226 987 592 366 425
523 148 975 118 988 582 651 840 742 421 109 872 690 487 627 336 604 549 995 220 36 340 37 955 220 367 492 969 698 681 619 869 265 878 229 659 494 858 997 762 493 554 525 698 243 1 286 605 912 503 969 273 950 751 657 486 488 229 874 671 46 503 999 724 261 895 874 400 64 473 741 833 259 65 86 917 952 505 412 309 365 639 927 929 823 799 520 892 559 332 614 66 661 667 394 12 99 657 975 303
160 749 519 228 331 339 96 392 251 736 602 136 654 477 557 916 280 264 722 746 170 406 309 713 302 619 392 794 511 790 906 798 723 837 734 36 751 384 101 817 429 719 628 258 73 363 479 581 331 369 859 305 539 558 499 739 816 847 191 868 975 810 84 936 559 97 759 254 966 479 625 763 711 998 779 508 358 647 528 186 453 167 161 1 384 275 329 787 49 342 820 672 86 627 667 290 562 578 882 801
89 740 403 969 186 426 453 180 142 775 238 116 399 929 585 422 294 416 157 720 978 649 615 278 435 34 907 437 788 927 575 663 715 666 8 264 574 256 790 584 185 893 342 10 993 720 203 447 935 546 534 589 830 849 974 555 341 634 62 733 733 254 734 870 911 734 860 327 357 683 147 352 578 657 214 254 590 972 500 936 290 271 837 451 728 351 750 291 569 823 87 350 72 629 518 277 483 929 675 732
687 251 221 702 901 999 907 488 464 767 389 292 238 767 445 891 73 495 240 164 685 963 923 244 163 26 565 405 982 980 105 790 196 975 238 58 865 497 498 881 967 669 862 322 151 299 476 86 712 202 218 879 300 239 895 267 958 28 32 728 56 304 890 376 634 864 143 834 708 759 958 745 883 681 520 701 224 107 732 254 446 472 853 61 771 774 587 865 181 320 182 842 95 553 417 495 152 69 889 738
341 439 872 942 281 125 806 520 274 841 660 991 339 308 736 642 539 809 692 550 680 86 216 568 99 886 380 231 884 266 405 225 189 473 817 792 206 202 405 95 82 322 520 930 456 895 749 947 817 111 747 423 561 303 167 167 21 852 507 148 612 463 737 737 53 845 556 74 871 362 564 264 294 624 343 243 890 687 802 290 121 115 844 801 180 294 138 60 456 435 426 834 526 517 56 403 877 940 277 170
482 387 512 40 920 275 923 442 963 585 354 496 890 4 585 348 428 37 574 214 153 749 89 826 11 109 22 616 107 187 38 349 392 30 242 113 557 872 322 425 287 573 770 533 974 399 329 368 932 175 141 724 274 651 535 594 474 344 973 741 708 435 396 162 53 873 623 413 860 663 366 965 562 71 155 70 464 388 277 961 653 681 637 258 247 148 133 575 709 375 374 453 778 615 78 910 850 149 813 135
500 217 697 326 373 660 202 846 604 273 752 423 724 551 330 963 494 948 101 911 952 841 809 554 114 454 321 123 806 553 163 26 52 295 242 782 476 670 77 249 763 204 789 138 714 500 303 71 147 155 337 489 357 154 455 286 427 131 830 602 457 0 807 497 130 314 727 481 820 859 1 97 422 77 425 242 620 733 556 35 556 423 286 439 191 814 537 487 924 852 319 729 312 645 165 500 157 782 331 715
987 708 245 293 473 527 946 12 289 819 189 588 616 158 230 568 276 946 896 20 942 643 449 310 264 872 748 160 177 865 294 897 591 970 547 332 665 345 836 693 265 747 709 76 156 535 562 280 145 574 316 631 197 255 974 783 728 565 698 907 608 618 411 212 322 942 825 165 259 233 301 228 708 209 329 982 665 997 225 908 93 541 389 315 75 674 7 537 241 296 84 736 131 448 993 251 813 260 850 190
444 573 954 34 953 557 107 81 474 813 801 202 670 206 743 143 634 304 133 290 742 92 409 298 492 652 826 788 268 903 100 814 176 590 894 122 716 454 176 390 25 86 817 223 714 722 785 241 598 841 577 96 945 265 903 789 53 791 800 638 941 675 66 115 563 681 940 992 201 438 119 592 46 591 96 145 699 141 241 71 734 704 352 817 864 768 183 725 27 303 31 281 965 907 135 893 656 919 79 911
353 403 32 212 307 524 259 392 693 160 322 218 39 378 479 979 12 58 293 45 368 915 443 821 26 480 550 983 156 418 846 106 492 918 441 712 762 456 581 790 689 9 189 982 512 544 296 206 612 996 280 15 261 372 600 599 22 993 63 597 330 792 621 708 935 459 501 721 30 872 880 461 617 173 250 819 743 466 479 544 376 786 476 135 122 644 813 468 124 657 179 385 534 942 976 629 618 512 235 830
509 297 217 725 12 489 179 774 356 890 483 219 247 854 283 439 899 489 208 240 782 510 21 19 805 979 42 269 798 588 231 623 734 238 721 939 914 225 363 596 31 294 610 461 52 740 610 193 84 974 790 504 644 755 429 269 472 876 531 631 451 328 3 550 145 738 566 524 879 79 665 656 877 785 40 936 438 492 848 121 215 342 543 856 264 392 376 989 728 705 817 159 978 539 931 49 667 173 649 509
643 799 478 290 91 197 78 138 390 208 257 781 164 418 855 948 587 919 445 82 772 958 93 477 279 349 888 389 444 139 220 273 930 360 728 925 250 92 201 167 724 723 825 525 41 375 357 584 593 298 611 992 155 190 825 750 257 974 63 215 823 271 113 340 817 424 368 689 318 479 838 557 248 579 775 826 432 134 214 979 726 348 449 594 869 832 854 783 498 835 812 643 823 247 666 747 488 28 587 348
965 239 728 47 582 511 255 265 315 276 985 562 978 570 44 574 66 689 969 70 468 705 408 568 350 882 17 824 753 292 693 152 72 94 4 20 173 370 847 19 420 579 718 15 136 51 997 668 857 82 679 704 222 345 905 13 335 985 899 326 113 45 97 613 766 874 67 985 315 842 302 426 773 569 335 422 711 911 754 759 839 851 663 488 685 416 185 287 959 973 306 908 838 203 386 908 583 502 744 463
600 93 325 56 947 607 829 375 289 618 952 382 213 445 54 21 41 886 274 704 910 582 469 756 661 457 835 469 358 842 230 306 169 783 361 581 499 952 107 93 732 602 361 96 562 746 230 490 961 435 966 287 259 470 402 744 579 680 85 564 544 676 591 88 267 192 504 920 397 166 839 143 638 304 842 526 278 788 997 266 427 14 464 952 186 449 792 42 237 494 868 241 431 858 23 814 195 104 796 971
174 686 962 478 793 53 188 350 851 422 361 123 375 10 188 645 635 108 897 590 348 453 523 387 379 891 936 953 247 35 880 579 658 337 327 961 991 332 675 140 798 645 783 585 48 367 606 101 708 400 511 175 984 648 126 940 812 615 453 617 328 753 660 797 46 374 460 95 191 593 119 541 156 237 450 984 948 937 925 292 211 962 116 483 443 315 276 317 655 335 320 937 350 932 408 646 803 376 235 341
440 589 565 802 770 269 704 590 82 937 109 213 243 617 688 933 375 678 610 284 640 512 517 243 454 703 776 182 479 740 674 401 509 382 855 866 58 202 623 789 853 707 182 918 176 670 271 699 817 182 928 443 546 660 321 895 75 103 134 909 501 368 900 131 588 388 965 639 947 594 537 165 995 839 642 121 145 87 229 226 416 792 160 877 742 842 435 421 138 403 390 51 317 44 852 234 510 584 282 825
155 584 468 650 346 496 807 847 669 976 380 959 334 203 466 42 321 83 0 109 125 893 898 306 164 395 957 485 981 836 402 863 662 198 805 510 645 143 245 465 957 250 618 239 399 194 328 199 428 376 4 832 895 160 755 53 237 759 787 959 242 900 104 231 798 126 598 406 90 627 512 299 810 206 388 39 951 538 779 565 835 201 987 252 746 884 817 750 665 782 982 861 861 360 437 893 76 501 623 380
154 35 362 868 485 346 209 742 448 858 472 571 73 462 538 356 762 931 754 640 455 415 960 549 37 892 213 655 749 861 813 108 783 461 144 579 834 39 179 256 122 409 693 441 256 739 327 158 546 0 152 713 857 175 457 938 960 304 645 556 969 203 396 911 812 128 874 960 156 594 478 984 966 207 593 914 50 46 828 702 851 797 362 1000 881 160 959 203 177 778 130 160 737 886 758 53 337 630 402 583
901 533 852 913 798 472 493 717 946 973 602 598 944 112 851 322 518 753 352 453 310 710 555 893 858 409 258 993 306 549 720 559 184 221 45 421 809 557 339 764 559 567 90 908 85 918 302 499 169 326 91 920 219 696 553 613 970 51 893 665 863 610 881 964 931 464 258 845 432 497 242 735 894 376 53 699 455 234 83 986 761 855 452 993 486 495 706 180 263 382 188 544 853 313 356 784 95 178 822 774
418 732 273 696 660 286 186 249 38 380 163 925 488 971 262 671 249 11 675 935 22 147 806 271 273 394 123 925 643 785 747 384 850 503 888 318 730 305 267 853 948 132 700 891 291 129 123 928 665 957 852 576 421 710 985 839 871 369 91 715 521 386 768 13 225 778 108 874 119 193 732 658 732 862 203 832 142 142 625 773 390 568 102 386 900 529 185 245 299 163 160 547 774 706 268 823 714 45 3 819
425 676 59 750 186 469 953 869 796 334 170 9 956 255 331 923 376 43 920 804 431 311 754 873 61 726 257 368 42 300 641 91 226 411 7 786 354 904 821 881 484 716 960 597 793 175 348 203 306 632 664 247 976 888 199 379 310 526 903 627 527 960 441 10 297 873 871 153 526 220 298 522 471 3 745 734 610 862 99 247 504 24 794 402 485 892 690 201 936 221 132 200 327 209 545 395 145 810 740 30
417 774 495 462 414 213 22 181 230 240 695 688 813 500 191 387 526 530 996 164 936 959 435 58 174 561 967 937 774 89 201 537 222 570 244 100 202 521 478 840 423 248 435 675 177 404 321 819 823 954 402 25 862 237 231 285 180 949 334 530 455 931 917 718 79 382 263 329 32 236 155 131 226 401 502 921 214 518 780 937 23 420 297 350 83 788 740 373 829 329 854 2 496 965 848 971 66 389 948 211
947 822 23 841 301 684 908 737 820 271 432 590 152 622 540 306 61 240 378 374 709 251 315 112 697 740 197 575 750 419 736 382 337 589 791 421 912 294 543 583 874 282 609 858 96 118 303 312 594 124 492 279 546 644 574 924 847 797 4 970 181 746 700 315 405 627 493 346 800 758 606 316 2 217 210 729 236 852 196 130 274 738 567 18 667 794 350 982 439 489 877 994 805 158 909 240 226 805 802 338
468 805 211 669 20 888 253 282 713 255 250 621 128 812 603 331 819 674 973 482 653 341 165 461 82 63 3 503 931 55 798 494 689 869 105 787 695 655 158 683 883 967 888 535 994 199 679 539 290 468 124 624 717 837 193 410 270 155 267 640 931 222 548 399 1000 580 337 746 757 896 680 366 283 337 361 280 106 590 523 527 146 556 742 478 223 111 608 438 751 75 789 403 434 466 666 136 505 102 874 12
637 231 656 738 515 233 755 544 72 235 471 567 606 129 783 943 227 557 319 816 386 170 283 385 464 767 716 417 345 953 13 486 436 604 920 434 189 896 975 212 644 375 100 319 824 422 205 452 509 614 294 240 424 19 633 355 456 131 225 82 387 229 183 140 29 382 755 368 422 778 479 422 538 192 929 178 281 377 874 511 701 232 671 94 338 724 344 639 750 145 981 309 706 541 488 152 279 298 404 879
286 461 694 370 313 943 208 781 905 650 514 755 659 128 279 375 391 179 555 8 84 881 809 935 789 40 773 88 156 870 553 251 160 123 205 162 155 702 367 647 843 47 141 844 578 5 900 769 470 444 981 970 896 500 427 807 196 336 327 976 813 554 38 736 164 888 818 564 267 707 62 906 554 236 266 560 284 365 463 448 459 393 3 532 69 903 312 166 32 811 347 770 97 287 378 306 80 107 573 886
87 203 490 666 803 357 633 469 670 628 327 714 446 327 315 949 410 822 15 807 746 727 512 942 821 318 869 362 683 742 254 870 324 967 517 433 357 443 873 844 819 778 83 136 544 830 357 921 696 42 566 809 311 263 67 625 791 855 354 863 855 875 664 101 68 81 848 600 993 248 329 668 483 958 892 591 354 669 726 862 227 360 607 240 901 200 930 912 731 893 868 66 864 813 823 263 294 549 258 486
699 865 931 800 158 423 77 90 78 30 677 330 356 65 96 459 480 456 938 21 481 741 899 68 407 451 930 512 683 629 536 712 230 564 156 973 154 343 93 430 604 824 592 252 320 211 141 14 731 754 640 268 146 334 586 946 400 898 308 469 425 813 973 130 866 605 89 70 440 339 291 567 908 664 405 233 247 566 872 717 31 267 866 535 235 445 434 660 133 481 898 707 163 864 932 847 102 845 217 324
345 335 683 272 514 898 986 491 697 766 865 923 699 142 555 812 884 740 752 357 972 976 780 305 343 971 716 939 857 681 482 370 722 172 436 304 685 962 611 835 634 169 920 810 722 245 377 302 844 398 424 595 800 942 192 510 746 488 933 442 522 902 942 229 373 942 350 880 648 790 834 810 85 679 25 698 994 444 954 340 653 41 350 620 212 961 434 60 688 154 651 982 410 331 526 16 888 54 112 146
522 195 629 418 231 948 332 789 885 718 482 858 602 927 3 999 625 406 668 319 201 401 536 459 745 255 215 280 448 596 124 831 126 527 545 277 993 57 973 407 649 609 964 218 899 569 881 187 743 12 858 823 625 743 711 415 102 868 12 287 878 217 270 210 572 612 125 82 288 333 310 976 878 343 927 919 313 657 120 914 299 803 279 614 514 238 720 227 873 968 340 949 81 855 439 888 796 560 205 237
293 560 244 439 204 382 842 636 709 683 128 224 646 851 634 610 532 418 615 991 823 487 789 774 521 28 737 1 649 707 849 912 414 99 464 184 662 253 570 727 179 229 850 460 742 824 723 616 125 497 361 691 796 296 944 964 559 210 826 525 432 955 747 360 11 347 876 989 384 285 165 219 19 362 91 265 398 768 832 530 3 106 275 828 710 65 329 351 691 749 90 288 68 247 956 61 173 832 696 277
772 539 293 693 301 953 374 654 536 923 87 267 720 80 912 623 462 8 14 869 352 171 929 428 816 217 980 650 931 616 832 139 14 612 982 379 650 762 20 7 770 794 435 258 356 534 29 130 820 128 970 234 104 463 400 0 686 721 245 45 944 725 357 444 129 619 804 395 627 260 618 561 555 497 891 163 163 212 456 94 404 737 900 713 764 926 380 661 568 97 740 281 391 444 55 53 15 753 372 402
906 80 79 628 746 449 355 313 300 754 936 657 815 337 179 927 895 193 585 78 461 295 137 436 749 411 510 488 647 558 316 424 44 966 606 316 863 492 571 455 410 387 468 222 110 37 826 242 397 883 805 69 882 860 915 4 15 838 289 302 558 415 944 695 389 570 653 339 852 352 44 271 477 993 863 78 527 315 663 846 600 819 661 965 493 462 95 97 24 74 936 354 565 762 129 556 770 762 650 206
447 109 588 161 315 837 255 49 502 555 858 267 310 734 222 469 33 44 347 685 258 631 672 686 437 59 905 340 198 585 605 214 328 10 279 845 925 219 97 534 99 976 311 885 55 516 275 402 935 715 464 832 764 494 919 507 669 811 531 624 340 717 648 760 996 826 783 511 904 572 855 364 346 972 691 937 457 714 424 521 498 685 830 426 25 491 229 748 831 806 778 562 300 785 816 636 619 618 706 351
706 688 918 80 227 328 423 448 687 948 685 937 403 534 254 561 828 835 105 777 215 695 964 51 96 539 12 136 883 920 322 839 806 505 97 266 657 562 548 226 988 194 500 321 920 360 147 688 977 556 776 888 286 714 846 660 565 763 445 958 815 419 178 818 350 910 517 845 99 237 599 15 18 268 758 351 571 186 75 789 500 452 981 96 524 159 953 986 12 209 944 877 737 114 994 365 774 648 602 976
986 774 13 767 899 445 857 728 150 142 150 589 356 713 419 934 359 803 946 242 342 64 854 85 117 59 323 59 702 803 312 900 546 479 572 325 957 17 457 498 61 530 414 610 842 935 558 847 993 419 61 490 889 661 975 349 680 262 866 273 440 621 900 924 35 110 340 587 798 420 293 454 555 20 389 868 274 988 514 784 920 597 512 277 577 449 640 179 353 977 391 982 499 505 300 791 674 2 519 347
702 288 417 897 264 723 821 44 873 383 980 638 518 92 493 883 629 69 598 429 155 192 109 871 918 430 121 378 790 359 274 791 424 951 614 636 713 648 591 231 360 866 208 68 806 572 669 576 500 223 600 719 655 804 597 866 704 118 194 128 877 599 734 915 649 828 110 492 316 528 144 477 356 61 612 711 719 787 907 557 904 52 437 533 174 419 358 176 877 418 550 408 436 913 339 279 857 72 602 496
178 634 710 778 77 823 321 793 517 888 432 962 637 592 699 215 359 517 124 713 998 716 799 402 729 926 32 258 521 174 96 551 661 150 673 756 119 287 130 680 268 729 942 328 607 19 140 473 118 617 88 339 316 108 601 564 364 824 922 949 298 703 136 521 334 704 502 525 177 81 385 769 817 880 360 420 946 306 559 427 238 334 922 799 221 330 25 221 652 943 748 85 494 88 190 26 21 183 636 441
221 104 166 741 273 486 872 897 475 724 123 914 489 679 594 706 173 42 96 253 257 431 572 890 506 573 464 944 214 463 474 115 667 625 95 979 259 956 588 182 45 543 565 702 630 146 164 182 569 549 932 380 583 26 971 157 642 521 10 399 848 986 374 87 857 969 185 628 5 174 962 291 249 461 225 786 736 316 962 315 214 164 342 912 465 977 593 179 485 187 839 871 513 845 877 250 317 861 201 228
727 252 54 326 368 963 574 665 591 426 149 165 527 329 157 210 236 836 195 337 922 831 3 306 886 745 994 748 604 537 539 601 619 549 934 337 967 836 385 449 649 393 959 354 443 371 16 582 387 858 193 981 302 799 513 757 301 259 786 704 252 990 552 83 30 327 365 1 36 436 527 584 190 836 820 30 381 543 247 697 342 763 52 645 684 398 130 611 521 256 85 900 762 914 182 626 989 886 55 704
906 843 378 789 388 93 20 565 929 193 25 560 421 78 319 870 267 241 871 22 640 471 313 666 264 320 192 558 811 214 522 253 544 957 805 923 546 14 291 953 875 483 551 749 255 28 306 587 791 349 749 691 104 828 983 785 281 633 277 507 177 748 681 156 401 470 829 351 881 366 16 825 67 587 73 411 454 76 613 515 832 187 43 58 370 924 957 557 580 640 657 525 470 224 610 766 182 822 888 869
944 614 405 308 445 595 922 640 986 386 367 558 758 431 547 39 0 531 571 693 333 31 619 815 949 584 161 120 622 556 588 858 85 938 864 925 139 387 193 544 589 841 764 340 962 311 873 782 173 864 844 590 325 857 241 605 772 40 640 327 260 758 780 29 877 475 383 550 760 91 620 570 568 996 668 628 265 549 66 93 475 154 471 698 9 194 619 998 997 863 83 719 813 763 348 365 850 93 90 754
360 287 84 610 501 977 468 121 183 424 912 503 914 150 444 52 716 549 929 450 304 148 389 281 779 333 691 922 970 531 264 347 611 458 394 557 961 32 99 68 80 23 221 419 295 252 530 186 283 70 525 380 928 289 884 286 407 381 701 129 86 601 892 205 199 202 43 988 320 329 696 191 15 384 29 438 653 499 135 219 306 912 158 628 551 115 889 409 622 177 99 467 854 330 849 159 130 188 219 791
716 273 63 656 352 597 264 630 402 407 456 817 358 645 268 720 696 652 707 378 116 538 276 641 347 57 989 448 589 833 11 668 822 892 898 202 429 879 721 838 210 615 945 266 993 446 460 383 655 698 960 469 132 590 897 552 594 477 275 101 781 457 700 155 421 777 618 611 648 63 596 681 301 889 372 154 823 359 861 963 247 273 793 396 951 672 858 874 715 502 667 483 814 629 478 676 543 922 734 411
525 19 224 848 591 299 166 371 350 376 395 644 627 679 61 805 285 528 20 403 6 551 340 890 141 753 309 114 949 914 803 939 976 979 368 63 412 972 872 249 614 428 637 693 261 693 756 749 925 649 897 138 265 830 814 87 379 404 579 267 848 454 309 249 144 312 830 514 241 282 759 916 476 526 627 840 789 714 733 248 71 679 906 85 805 423 653 45 212 727 93 359 404 186 695 278 824 55 964 245
155 255 3 332 85 373 712 608 806 824 659 129 572 558 189 508 744 885 569 179 474 583 641 461 535 353 865 28 397 70 544 456 689 352 282 638 514 789 382 41 249 173 404 701 624 944 572 536 28 841 624 809 424 964 560 862 862 482 132 686 924 494 175 850 959 558 36 535 253 157 654 587 566 595 110 928 942 334 414 54 667 400 475 438 111 314 735 762 597 326 378 694 893 525 76 912 291 832 744 444
571 638 2 158 935 250 203 837 352 527 110 76 114 336 24 142 225 157 470 253 75 232 379 801 516 162 510 281 898 923 71 415 164 733 517 19 342 544 146 206 407 681 801 860 55 672 840 342 807 351 422 433 812 219 912 138 645 269 278 118 907 243 69 897 418 285 916 651 650 465 410 565 304 449 107 276 776 551 160 147 947 710 42 875 42 209 418 573 36 901 378 889 626 800 236 883 103 931 221 493
994 615 47 855 82 268 989 692 608 758 488 789 94 524 644 766 261 571 66 101 475 995 685 962 266 740 998 526 812 355 170 251 183 726 777 299 202 788 564 729 892 956 460 336 543 221 610 842 903 691 805 235 348 509 110 743 165 945 66 121 292 488 712 335 243 815 670 582 307 232 603 604 48 784 825 164 501 706 491 761 937 825 176 562 205 780 499 818 379 845 119 233 706 107 348 62 298 491 987 836
424 420 164 101 107 820 159 196 373 573 260 761 188 457 199 588 88 855 236 841 393 691 253 596 355 707 325 760 999 192 24 889 399 783 257 54 233 355 333 371 929 888 184 141 587 469 625 938 615 373 831 7 941 800 955 220 695 382 613 689 20 487 469 621 434 506 341 335 819 102 593 591 750 933 491 893 632 200 711 423 186 416 539 434 867 749 794 358 844 214 795 982 820 436 11 313 405 768 401 733
329 536 91 640 263 311 355 506 195 409 40 165 690 888 60 75 670 133 666 703 977 912 265 561 817 797 343 37 942 164 69 795 354 418 422 537 227 806 349 37 155 117 683 680 175 86 374 106 35 160 243 629 479 135 868 394 353 423 1000 13 690 311 153 611 284 321 251 991 940 430 672 886 986 283 363 510 595 361 928 699 40 260 364 438 394 484 589 995 944 392 579 851 958 702 954 927 87 733 199 529
719 988 992 286 424 295 426 172 493 948 292 898 50 539 442 432 87 207 102 292 934 398 477 474 783 346 247 889 378 661 996 679 729 555 18 317 522 119 389 839 861 507 364 76 405 872 99 158 165 688 174 451 697 573 308 714 545 950 296 950 647 471 66 67 221 111 957 638 868 371 33 441 879 139 189 155 715 334 104 910 116 734 467 604 691 870 664 267 306 11 896 843 766 567 783 216 823 498 466 29
817 635 776 149 347 108 528 587 878 196 392 586 166 877 98 176 841 387 650 459 44 557 922 81 694 997 310 425 182 165 352 595 730 625 327 851 409 907 891 569 645 233 975 731 267 724 507 65 566 101 13 645 780 408 994 772 58 226 853 473 6 529 809 453 638 109 751 474 403 619 720 770 881 739 502 880 715 590 509 598 762 684 968 373 830 439 758 56 854 603 757 626 649 487 229 484 320 754 512 369
697 520 470 201 637 105 916 168 662 551 582 564 228 319 537 230 360 108 27 54 920 794 141 533 282 730 811 476 132 394 879 583 408 300 878 146 212 630 620 446 344 936 367 774 573 672 236 64 882 773 973 448 643 809 431 40 711 354 858 249 509 999 48 524 198 796 211 329 92 693 281 184 498 507 956 248 445 418 366 704 772 464 841 40 513 195 863 505 299 276 574 872 25 28 561 941 781 500 78 68
773 133 147 315 795 523 834 738 726 50 133 403 917 985 22 631 757 515 666 431 334 95 530 164 982 168 484 131 259 232 758 794 281 219 439 140 680 736 740 581 629 362 400 409 772 534 954 359 227 266 449 335 536 743 189 588 72 178 493 280 302 621 630 122 487 73 148 522 865 421 700 542 246 244 524 599 30 928 211 585 379 92 196 732 696 158 944 74 416 464 182 214 936 830 58 299 993 286 253 386
34 31 602 441 821 401 688 738 749 658 227 332 950 918 707 902 358 17 85 264 781 985 697 312 894 66 268 22 973 758 342 949 480 925 391 555 829 539 829 194 491 128 330 487 934 977 699 972 366 499 272 560 541 92 107 90 801 360 824 898 261 401 968 318 275 141 804 169 297 568 711 296 192 30 197 935 276 307 867 807 4 108 997 62 14 86 10 523 257 106 46 897 496 411 5 858 490 476 82 370
798 212 244 160 680 314 916 145 750 468 686 284 596 656 654 551 191 718 646 295 576 932 724 638 349 234 884 945 875 707 679 602 295 420 12 992 843 919 176 211 981 663 550 511 661 856 57 311 250 581 33 548 113 674 555 995 993 654 714 694 45 926 184 768 641 881 136 579 121 107 585 312 49 745 795 557 430 339 236 587 72 107 175 415 32 707 490 278 559 778 584 552 100 983 132 431 11 99 5 56
468 69 871 995 292 117 686 959 889 463 41 350 771 897 43 548 750 171 468 846 624 600 839 442 920 221 425 688 75 705 840 442 125 553 410 222 932 538 508 767 681 93 941 446 399 126 685 345 337 976 353 447 202 728 792 582 146 168 906 139 797 614 118 420 191 258 833 409 732 432 206 520 962 653 884 451 180 703 810 996 995 525 689 906 509 201 893 249 58 732 422 412 607 376 694 641 916 187 687 261
569 419 768 836 140 646 553 838 425 888 23 112 905 420 874 59 154 536 202 7 638 499 421 606 555 699 834 676 456 694 175 231 572 354 807 804 951 792 881 234 293 922 680 5 229 383 960 984 824 210 856 228 783 686 293 354 433 534 23 638 703 454 940 65 127 673 451 107 439 744 821 809 517 546 669 850 683 994 783 567 837 901 656 241 800 216 774 963 352 565 893 386 101 95 368 802 13 898 320 309
226 140 875 894 324 419 636 690 975 112 660 842 866 903 683 311 651 101 266 29 535 627 941 272 501 629 975 430 184 639 499 590 541 719 834 412 304 786 608 311 590 670 503 653 142 634 487 241 306 490 699 179 786 349 175 467 567 763 283 756 231 457 525 690 910 822 290 323 899 490 703 798 990 512 33 615 81 84 674 805 465 62 792 203 88 478 149 303 666 351 698 190 913 207 162 176 717 267 153 914
334 578 604 986 904 470 961 889 892 445 746 807 787 170 961 581 341 740 408 7 376 732 989 303 168 124 191 436 522 366 115 10 253 418 16 399 546 930 441 318 724 238 723 569 524 47 61 897 837 644 983 902 695 350 514 551 881 944 621 820 910 984 313 329 703 216 890 151 609 59 492 131 88 711 840 47 232 397 862 523 535 396 629 941 432 220 146 239 750 163 265 938 233 530 839 574 383 620 428 373
822 419 511 377 372 260 582 560 542 519 515 39 511 544 370 176 297 953 743 674 163 750 50 313 32 777 662 294 166 387 504 930 847 947 285 847 287 791 304 945 423 890 374 667 135 226 134 109 742 905 12 374 55 961 89 925 896 185 870 965 538 119 885 956 755 48 346 810 601 942 813 495 673 62 434 467 156 45 206 68 709 908 795 170 383 857 992 712 434 85 147 904 919 400 762 556 63 586 448 510
521 73 286 804 710 281 295 597 327 903 43 858 160 709 290 62 484 529 26 454 463 386 232 893 584 803 985 945 310 848 516 843 3 666 809 262 514 31 619 392 583 427 22 657 285 32 923 263 978 26 827 302 461 729 658 274 271 917 336 612 89 904 645 149 17 916 394 947 795 698 86 126 927 510 167 791 743 609 308 974 270 39 592 132 964 910 771 998 172 5 574 468 344 607 685 56 933 470 740 590
154 11 833 456 479 680 722 176 331 274 204 580 127 670 247 392 14 20 30 885 820 56 760 204 716 428 996 101 766 897 545 238 134 173 860 476 984 822 752 409 667 258 762 159 754 454 768 397 561 603 534 910 56 251 424 929 306 854 407 209 927 520 875 804 919 537 685 942 70 373 56 379 32 573 818 515 420 192 936 964 578 652 91 758 733 909 303 685 679 548 992 388 83 925 56 182 297 920 985 176
452 465 710 883 970 774 515 133 497 546 953 983 212 578 173 368 91 680 682 157 315 6 796 227 667 123 403 579 139 42 254 181 22 221 81 763 17 557 701 977 751 733 53 527 117 944 539 652 331 456 874 395 491 804 13 746 668 966 916 294 143 956 120 871 267 381 445 760 258 284 474 77 299 757 601 823 14 964 95 347 80 396 740 290 721 300 995 354 670 456 631 771 763 716 265 26 595 402 130 971
548 391 245 122 535 456 486 474 130 128 196 295 476 674 752 17 856 206 81 727 379 766 652 949 727 85 810 73 769 256 192 749 180 122 153 773 880 652 973 242 300 990 556 626 184 638 422 580 510 400 871 291 19 363 622 519 236 362 200 845 436 957 526 945 410 532 660 824 920 24 537 229 293 11 430 730 614 730 837 29 615 603 993 983 58 556 576 483 878 463 101 779 514 913 97 147 344 223 874 633
211 401 441 153 149 874 530 273 849 792 352 289 949 863 801 959 990 166 324 602 59 585 659 971 988 1000 552 701 582 266 645 913 223 27 799 848 972 39 266 838 303 850 178 566 623 176 909 10 150 555 1000 757 197 421 201 298 501 708 710 352 849 493 402 218 972 601 444 485 301 351 901 326 34 476 33 777 864 975 856 390 229 957 754 505 946 49 443 482 651 40 828 654 532 660 60 874 41 902 817 219
534 483 187 570 580 746 14 975 355 899 494 278 680 762 480 550 255 283 391 261 200 633 430 116 909 12 769 509 719 241 335 780 250 75 395 602 892 600 251 383 288 280 289 235 970 682 392 681 749 155 691 453 640 23 620 245 323 14 742 27 419 719 556 951 749 903 250 503 331 759 358 811 730 627 44 712 827 934 722 242 22 302 770 276 378 393 369 734 113 747 355 221 525 851 615 274 562 603 91 503
56 790 221 1 526 44 6 935 509 875 420 309 381 668 356 663 437 580 741 65 329 134 865 591 811 258 673 434 915 568 939 862 518 817 290 858 658 50 958 633 598 238 809 399 209 120 520 522 345 810 992 5 344 416 379 2 317 682 393 274 160 21 707 483 335 151 340 785 837 897 79 234 692 15 238 575 447 340 797 490 576 611 782 427 516 23 628 900 461 137 541 30 397 32 657 983 1000 594 575 210
670 501 890 689 0 543 656 788 650 676 67 333 568 902 786 989 564 431 296 836 238 415 558 412 231 651 114 600 131 309 35 944 265 495 361 541 405 37 882 268 191 202 65 507 572 646 950 799 282 431 829 384 719 443 612 787 362 43 671 459 492 98 448 659 731 213 230 443 197 395 344 702 658 355 272 746 986 541 156 226 694 384 957 440 390 569 331 303 265 166 221 339 359 287 96 974 318 550 351 902
811 587 210 893 529 902 576 134 659 566 517 677 568 970 368 44 378 545 551 339 109 412 920 176 754 331 832 63 350 621 214 206 857 802 577 432 357 905 93 897 342 118 627 353 260 23 917 714 552 311 734 817 562 553 975 58 213 195 156 608 531 141 510 522 501 811 419 667 599 129 401 475 388 969 840 792 361 365 84 413 786 431 231 218 664 213 813 623 504 808 964 521 962 313 274 552 919 145 876 649
23 848 914 805 760 611 999 595 248 133 669 194 422 102 611 563 547 631 336 981 611 925 126 138 912 774 881 974 290 388 12 959 115 505 127 974 328 134 377 607 117 638 416 545 738 289 733 473 278 197 20 473 248 638 951 348 202 335 363 368 807 843 394 918 77 722 368 269 406 899 860 39 978 959 91 97 422 724 498 849 361 750 678 138 17 810 412 759 100 419 516 326 15 642 876 198 404 416 754 835
895 87 500 692 545 683 518 650 87 586 831 584 662 979 928 424 673 0 583 40 737 406 588 50 85 872 751 793 878 205 839 952 708 494 755 875 158 154 786 629 40 335 561 131 998 297 427 919 24 971 821 985 696 726 667 916 76 11 295 408 307 283 994 552 331 877 45 613 908 143 751 514 793 746 229 860 242 81 209 390 909 667 90 249 791 733 276 523 811 524 941 256 441 333 818 22 470 374 939 243
517 628 50 869 398 798 860 75 219 61 168 275 455 838 420 464 412 170 14 538 32 929 307 755 864 316 523 93 593 640 88 121 426 870 884 793 648 718 592 213 171 171 492 587 880 417 552 185 956 181 413 176 27 578 908 990 385 111 12 366 327 730 818 132 769 57 116 602 128 182 499 195 539 638 193 556 84 137 135 151 623 985 271 943 244 662 100 74 715 980 443 442 873 745 803 334 515 177 842 284
84 530 853 124 789 849 335 88 448 594 717 543 326 651 56 94 337 666 332 809 886 793 110 523 797 534 912 114 22 991 909 376 458 683 27 5 845 86 634 935 610 514 562 369 74 539 117 551 929 472 585 738 50 982 94 289 971 148 484 629 431 389 367 238 359 200 406 841 69 724 910 467 267 210 190 296 857 721 721 332 830 562 717 251 6 806 854 911 426 853 750 220 125 757 946 173 655 399 861 602
920 857 685 869 126 596 537 467 9 697 403 837 357 586 597 190 931 321 592 597 196 818 156 118 83 496 491 951 9 894 987 474 304 133 879 956 90 370 696 435 717 230 167 189 676 491 277 163 616 495 199 756 809 798 71 660 788 705 361 350 658 30 188 92 176 260 553 740 249 458 602 845 108 838 988 466 914 819 471 612 419 711 792 355 678 872 546 67 814 57 922 799 912 563 519 82 135 140 261 270
852 787 411 301 183 144 541 702 960 65 762 969 118 827 300 373 81 707 844 833 521 668 349 338 113 763 358 811 48 580 156 821 418 244 502 657 196 970 992 943 316 67 847 155 378 100 790 978 562 574 216 246 290 675 568 459 758 529 458 194 944 591 748 413 166 326 588 458 811 380 337 343 983 808 49 165 530 940 743 190 155 862 392 952 101 768 808 1000 19 806 140 601 706 544 528 906 266 927 483 942
342 672 920 848 376 131 27 693 251 242 908 93 15 795 257 443 334 235 461 217 930 602 936 889 972 426 160 47 915 311 457 318 871 332 31 401 895 333 651 539 668 27 707 505 923 479 648 71 338 150 82 973 994 9 846 563 553 422 972 345 937 833 338 83 706 401 599 224 994 278 545 51 619 745 535 304 238 584 702 718 22 23 82 599 196 907 194 113 277 798 696 596 874 911 210 122 575 77 936 849
418 992 156 983 153 148 217 796 613 660 190 89 848 339 327 788 896 582 880 114 334 68 922 375 522 26 609 152 924 612 860 288 142 511 601 135 929 432 670 183 327 341 602 605 150 377 626 333 264 983 87 41 890 308 711 599 370 338 935 278 301 248 180 612 629 966 932 992 338 303 83 357 838 303 185 480 199 696 636 979 812 257 117 994 355 461 369 547 843 711 685 229 69 920 813 859 835 623 764 208
339 524 355 886 107 807 95 738 1000 443 3 937 825 169 1 787 425 412 462 245 710 295 886 354 46 163 118 39 484 981 751 966 306 237 557 698 644 902 107 680 842 913 794 751 343 448 779 191 500 513 999 639 749 34 349 879 565 159 216 173 541 826 61 774 649 686 818 931 357 552 575 373 167 27 822 330 151 766 241 896 914 79 199 357 429 962 848 481 970 480 926 200 920 665 738 589 902 282 392 17
300 260 180 319 701 24 484 519 644 228 195 243 183 281 843 737 514 26 890 907 808 398 728 896 752 771 717 284 901 31 40 160 983 595 737 762 585 863 347 34 422 460 832 691 177 42 852 197 876 849 620 619 198 175 855 833 388 190 221 746 288 65 46 856 148 984 906 913 131 757 502 492 112 123 927 65 536 906 511 678 401 621 343 193 663 443 98 98 465 214 131 858 414 757 29 485 163 223 101 904
860 339 687 29 759 222 725 204 514 224 583 765 608 655 459 216 914 483 512 931 516 525 692 98 555 402 497 937 278 896 751 809 139 656 836 984 787 787 584 805 874 213 565 662 12 948 439 547 145 562 548 892 497 104 607 181 310 514 147 273 701 648 690 707 486 325 736 105 63 336 688 77 749 490 799 516 858 459 88 223 767 85 882 973 690 521 482 957 413 61 169 774 559 598 888 756 532 482 943 28
964 112 251 753 940 352 363 984 85 730 848 168 432 739 799 199 407 543 258 965 565 598 202 695 284 793 99 893 994 526 428 711 365 914 470 31 330 968 684 957 917 682 622 190 905 783 140 921 262 878 473 906 639 552 702 963 779 470 355 232 512 652 719 534 572 493 780 281 602 894 470 419 811 624 387 667 600 731 952 479 592 577 516 892 177 973 38 962 803 106 586 646 317 169 11 305 997 110 127 316
373 46 944 186 630 170 651 962 324 511 695 651 293 255 487 966 282 632 173 3 537 498 962 546 404 479 607 66 905 368 522 63 348 278 193 607 827 717 961 430 378 737 63 984 529 685 413 274 250 813 46 969 264 474 636 718 117 338 895 273 513 30 146 989 399 533 876 314 146 295 984 172 681 779 84 12 197 331 916 482 121 303 198 194 241 339 129 935 866 346 590 364 574 48 247 39 298 758 466 801
283 621 647 196 163 706 970 700 166 810 983 221 314 493 243 206 102 269 115 420 450 660 511 78 899 731 428 4 269 583 952 111 79 212 53 901 703 742 434 745 960 86 692 725 545 365 61 341 132 429 719 591 740 131 123 930 290 706 926 660 327 574 655 634 380 878 562 481 117 18 119 900 69 854 694 525 509 447 421 240 81 765 640 212 520 591 99 915 545 858 873 474 967 795 762 152 719 93 654 857
29 11 271 515 217 873 174 5 316 947 328 923 68 317 724 640 422 839 805 556 564 762 434 825 193 483 955 372 369 78 841 714 799 624 811 874 377 64 906 274 295 813 952 670 102 730 293 749 330 14 785 988 977 799 151 96 318 618 228 29 12 290 922 343 373 820 78 549 624 585 960 809 698 853 494 281 408 830 473 635 969 323 724 194 935 174 894 86 443 704 515 827 231 141 312 30 446 911 342 99
37 67 513 284 477 299 198 583 489 240 919 33 407 630 579 833 136 159 289 573 486 469 859 473 91 173 575 173 390 496 709 738 67 629 532 830 498 466 852 722 576 56 104 340 385 833 358 372 142 977 941 555 105 143 624 658 633 166 595 175 65 994 638 12 747 87 435 693 508 656 895 397 980 263 520 507 791 391 458 59 534 868 140 180 73 893 721 418 169 800 610 406 890 753 956 155 527 325 901 258
930 338 484 782 463 786 32 704 759 55 155 440 910 872 497 968 534 344 424 622 901 131 771 504 367 656 378 106 859 324 310 398 578 819 604 926 873 315 711 906 785 278 786 857 312 575 704 982 644 287 878 873 7 785 611 394 902 941 700 12 47 859 214 997 105 160 88 795 512 574 651 581 637 607 376 441 756 48 908 4 444 246 245 718 686 336 132 813 922 804 883 979 373 499 148 864 659 286 338 928
859 557 694 430 317 760 160 182 124 887 250 328 651 850 79 59 389 454 394 830 123 474 651 567 174 858 745 531 1 899 988 202 835 466 694 728 504 933 16 700 626 977 659 549 864 98 910 346 953 788 656 797 551 107 887 343 526 871 266 245 374 917 600 707 411 816 8 364 65 355 541 125 495 444 231 415 584 58 29 594 26 522 292 542 452 217 594 32 543 473 418 318 626 96 949 433 227 478 872 659
639 551 334 534 285 415 58 279 102 305 870 871 535 990 342 586 478 190 552 803 794 917 853 743 558 289 401 353 669 400 335 219 850 978 909 881 295 676 935 442 24 295 316 273 24 296 880 393 470 739 780 153 303 680 655 934 483 687 286 924 985 104 776 812 853 878 81 928 171 173 482 12 731 809 191 608 760 578 494 155 653 941 517 359 282 546 291 500 293 115 13 383 19 111 597 773 399 579 234 376
650 311 352 854 822 515 648 301 26 992 662 495 571 225 990 508 566 584 372 171 533 606 896 351 523 460 505 199 178 761 55 542 46 803 809 490 899 357 683 427 976 304 798 588 315 300 776 663 781 46 466 74 631 962 557 789 53 737 459 894 268 191 839 965 877 413 130 80 925 819 563 162 940 584 879 678 652 66 675 627 951 770 760 264 788 45 60 455 27 852 172 990 272 627 639 1 313 92 946 139
280 381 707 436 136 256 608 99 523 761 900 47 920 716 692 543 4 860 975 518 11 42 226 508 374 636 186 136 363 589 562 600 793 830 399 563 508 379 969 733 971 924 710 137 698 500 798 294 911 969 766 247 740 537 99 763 40 50 930 314 110 24 981 101 663 116 539 137 433 222 377 348 763 653 775 890 862 648 2 334 558 49 261 240 368 334 282 955 930 420 404 121 250 312 187 330 591 930 50 839
70 437 871 278 312 721 767 637 241 27 789 781 391 293 743 156 736 325 56 67 706 385 880 540 549 622 281 674 296 371 742 660 899 481 22 940 929 10 294 495 775 955 795 862 492 628 290 527 592 752 733 684 130 918 894 18 844 168 694 860 908 681 205 654 84 264 192 932 339 575 251 467 436 671 775 193 911 215 211 458 61 409 187 843 153 367 693 624 749 308 517 192 714 394 651 904 445 886 937 437
738 583 908 239 149 247 631 755 784 82 866 464 828 877 72 449 172 229 898 679 878 329 91 253 875 775 175 921 940 67 904 213 821 946 502 512 77 579 84 923 187 487 163 936 521 514 207 705 809 679 272 143 584 692 879 838 501 197 698 358 767 964 960 477 346 104 629 859 58 509 483 837 482 290 109 948 162 637 703 196 647 558 263 621 457 83 237 152 55 914 735 619 983 700 586 35 907 617 199 769
726 724 583 912 505 266 842 822 420 664 393 588 353 117 460 727 568 961 266 56 121 442 55 831 88 616 662 386 746 36 987 76 567 90 411 639 597 277 153 838 165 147 68 212 495 717 643 70 825 971 701 188 795 963 414 591 907 657 197 109 125 291 257 318 477 34 89 571 128 260 821 200 326 602 994 786 802 60 75 603 961 891 376 711 977 702 841 0 933 789 674 295 340 774 498 215 272 520 46 6
795 906 181 990 862 511 854 888 656 517 846 481 398 315 576 985 931 666 383 475 593 665 732 769 864 69 31 572 64 104 177 107 309 114 983 743 834 629 198 308 406 645 48 946 752 612 776 256 935 197 545 858 373 673 508 835 884 666 75 410 92 282 766 248 636 991 261 516 283 789 830 242 67 506 890 458 645 398 876 378 314 161 887 32 590 238 45 776 252 438 172 861 134 494 26 106 479 330 90 745
341 952 9 819 239 242 649 427 757 412 105 905 581 869 114 302 426 849 611 66 546 349 904 250 582 354 208 116 224 658 786 421 784 831 565 853 941 15 863 470 526 465 561 478 900 561 201 844 118 943 149 161 189 48 921 587 961 536 679 562 869 220 356 714 88 159 169 691 332 98 397 43 758 707 51 522 410 858 265 164 555 349 29 687 625 303 754 357 696 980 33 836 920 846 13 179 6 832 160 415
564 332 896 109 153 753 101 283 35 313 622 437 977 435 669 1 963 834 522 295 424 811 560 863 647 575 63 375 580 777 280 398 298 885 612 958 625 462 231 471 738 6 59 152 66 829 756 418 765 9 522 632 6 910 893 864 923 607 854 826 390 826 600 782 60 218 26 7 700 675 51 436 244 803 329 789 995 186 777 898 617 488 898 658 513 118 193 750 175 490 118 914 753 584 597 498 645 848 701 429
35 849 937 998 83 494 805 571 180 199 646 829 157 123 463 400 905 186 626 385 782 295 52 491 907 413 378 956 428 722 269 872 989 735 235 773 129 192 530 949 4 886 113 930 417 654 571 676 160 937 399 119 313 470 225 209 740 924 506 108 99 459 876 531 367 176 373 405 382 852 408 702 378 580 344 79 724 765 164 76 889 282 778 282 547 215 592 387 40 64 802 666 640 715 707 806 389 170 887 64
599 112 511 549 699 222 654 10 126 440 901 351 728 824 785 992 914 421 725 171 159 474 296 642 851 483 164 938 479 680 774 98 555 478 495 572 919 818 285 356 620 174 802 491 592 734 623 330 863 522 794 964 7 886 862 850 368 3 634 675 976 371 249 124 215 710 90 444 825 698 268 860 303 27 527 159 858 183 695 600 903 168 443 421 280 432 431 317 527 760 537 691 474 739 353 355 722 893 404 901
66 38 419 471 749 153 936 413 775 954 189 876 622 939 225 554 644 686 818 769 191 358 219 117 205 475 671 529 659 434 850 491 608 468 109 237 725 567 328 382 382 969 977 660 533 228 376 389 19 68 9 523 324 457 451 405 674 733 492 373 460 345 516 696 26 257 920 36 34 193 619 564 244 429 502 117 683 621 659 633 602 977 141 1 925 376 226 384 518 557 351 305 574 171 177 83 844 986 861 10
520 854 710 328 695 444 33 335 82 46 968 731 485 119 719 846 746 866 398 461 751 269 583 751 667 8 347 957 813 544 527 958 73 360 348 867 240 445 513 597 175 237 332 377 246 483 222 776 217 588 768 71 887 900 19 269 282 384 211 701 345 659 395 315 819 306 301 73 977 459 78 341 540 956 509 211 841 684 942 143 384 320 694 825 802 219 355 886 217 781 180 539 961 883 608 775 128 846 130 689
488 254 561 232 775 7 248 876 873 868 908 155 608 184 272 887 19 728 517 403 87 953 724 155 63 427 435 649 816 243 889 272 407 26 79 484 261 318 783 311 162 234 13 669 691 270 778 310 482 873 730 548 279 50 495 991 232 390 541 909 440 853 870 835 499 876 3 319 582 507 768 985 825 258 417 263 188 592 983 984 76 605 918 811 147 571 297 448 954 434 37 272 588 239 857 278 172 150 454 961
698 483 643 100 194 57 232 953 961 906 243 232 141 782 631 536 687 651 555 501 736 958 104 758 931 38 459 531 157 987 773 547 694 740 112 960 436 586 40 985 160 930 456 856 567 298 556 459 154 791 544 891 494 729 71 149 339 394 964 545 843 367 710 23 92 458 186 452 325 407 134 84 175 925 311 28 0 48 169 429 68 231 859 614 636 469 312 342 81 43 770 309 616 47 935 967 784 851 799 439
195 615 163 874 126 277 233 513 210 4 134 979 895 305 743 900 960 17 398 2 700 105 425 806 651 123 267 646 239 517 492 372 889 237 800 838 314 387 31 279 795 162 418 974 647 398 445 506 339 787 230 793 191 553 397 365 873 199 822 808 551 500 999 104 131 604 171 917 898 607 452 963 934 280 552 424 512 786 643 803 270 153 757 491 927 425 438 841 500 696 782 44 107 661 591 276 124 233 857 254
418 471 772 612 958 758 665 228 250 275 564 277 715 995 549 911 448 666 384 894 712 311 507 834 912 417 722 760 774 623 479 167 421 359 62 118 958 878 965 568 577 522 680 62 662 447 968 562 123 594 858 32 986 311 638 697 695 96 722 30 62 126 268 343 6 931 848 836 867 599 226 637 451 704 164 232 80 873 174 299 514 260 616 371 480 955 903 357 914 860 413 867 661 503 768 666 918 729 103 725
171 919 253 487 220 112 598 48 172 589 262 823 940 581 411 571 392 645 953 568 446 35 139 218 604 846 715 150 281 269 725 627 613 962 797 946 473 180 823 290 909 577 477 471 586 765 261 578 884 232 893 747 355 226 997 435 957 669 570 198 474 832 888 526 836 649 809 483 843 646 452 214 468 904 619 294 58 456 938 937 350 10 504 292 756 530 369 42 257 490 574 828 290 17 961 474 994 719 544 78
517 749 58 518 123 908 81 450 993 37 500 905 340 646 928 708 91 941 397 952 815 732 19 472 547 412 690 850 195 471 489 292 114 779 352 917 925 30 26 711 83 520 455 523 380 612 215 739 662 699 826 422 476 703 69 398 344 946 42 68 949 328 372 242 719 45 263 241 830 860 591 547 661 948 528 738 51 512 451 355 687 968 503 263 98 289 567 33 891 714 568 975 878 168 324 419 382 117 375 690
904 978 403 245 839 79 829 397 391 174 294 727 119 306 678 792 253 810 422 346 413 930 545 134 593 4 992 283 127 651 408 195 624 774 896 937 594 680 918 603 245 760 501 578 204 762 286 406 923 699 186 359 369 238 96 286 415 760 692 670 202 732 887 146 560 121 620 399 807 978 975 24 425 634 769 542 118 252 11 282 792 302 488 640 832 308 373 991 489 352 243 464 356 138 508 263 202 567 419 255
67 513 163 41 869 372 266 184 261 200 33 34 216 508 930 292 632 862 559 374 562 982 244 403 515 10 774 580 73 101 697 358 887 321 894 755 206 175 638 562 814 863 871 138 112 453 685 73 392 603 402 402 841 177 783 204 437 295 21 857 826 875 764 237 757 773 865 483 804 228 321 300 344 867 387 146 48 186 590 915 218 646 955 535 712 624 746 688 792 430 810 966 635 759 391 363 563 407 290 624
152 443 472 95 808 108 910 746 866 147 327 557 78 199 775 47 660 90 854 654 910 881 459 161 770 17 922 947 996 430 816 349 470 365 545 482 370 345 656 346 690 361 426 584 244 973 694 238 915 537 22 627 452 869 67 58 995 451 265 470 822 187 167 256 740 834 437 111 834 443 940 990 207 571 889 856 149 581 97 357 805 348 275 328 482 268 392 192 766 542 80 461 823 129 757 770 534 644 605 943
648 719 828 35 274 985 531 273 803 907 499 77 240 224 92 920 43 382 46 687 165 117 50 405 128 385 784 857 749 803 196 19 361 476 954 235 846 723 229 339 802 653 255 389 972 404 320 681 893 153 297 137 624 866 922 850 55 444 418 559 477 3 750 276 362 960 503 106 176 620 428 240 56 871 500 203 685 682 607 92 495 21 653 38 968 919 282 56 333 299 547 494 733 63 371 305 667 164 643 281
430 576 344 696 565 499 92 246 878 499 91 787 996 654 444 376 393 385 947 507 562 547 138 859 214 403 485 565 830 226 786 30 702 746 698 876 731 162 690 434 251 561 307 796 448 561 998 827 990 550 720 198 79 867 541 778 475 414 899 830 283 926 841 91 145 46 497 647 177 43 297 568 624 132 867 584 810 264 312 265 995 52 795 58 617 909 270 908 97 63 648 915 60 347 805 72 332 176 1000 598
745 499 533 334 629 241 725 135 114 969 600 327 856 457 358 940 188 458 365 905 97 131 148 399 851 812 318 467 328 644 272 764 227 7 163 274 79 589 871 218 365 799 980 191 224 245 928 193 158 976 200 788 468 32 707 90 699 481 250 80 7 185 109 950 474 829 460 818 190 281 769 29 397 148 6 975 762 217 144 9 57 488 135 629 129 412 716 442 58 945 293 189 20 288 16 653 667 635 31 697
825 401 805 165 205 683 170 681 903 494 576 340 828 780 939 350 360 303 983 791 896 298 797 610 722 299 236 937 497 610 934 267 402 790 42 473 836 198 656 839 797 378 56 929 996 700 987 750 927 699 515 185 36 22 422 316 286 790 820 650 20 788 782 18 790 14 426 242 930 261 674 106 101 880 742 773 261 325 239 905 5 205 634 786 119 124 42 766 161 428 203 434 719 220 404 941 970 730 666 66
101 822 605 199 934 750 383 881 346 164 969 123 957 932 62 382 810 783 467 677 459 460 773 929 762 226 468 730 435 891 32 927 429 786 607 814 215 899 174 506 704 232 268 516 880 657 731 933 857 259 320 345 484 592 358 456 917 429 139 789 928 306 776 147 329 976 80 845 68 264 577 449 217 150 615 876 462 640 921 903 962 820 655 607 802 495 343 326 508 732 343 43 327 372 66 856 506 409 534 974
947 373 682 524 76 884 539 185 467 365 153 697 695 154 858 489 856 385 52 584 315 149 40 678 414 476 964 346 296 678 883 301 714 827 188 746 714 897 469 873 85 209 840 290 267 623 183 201 651 523 457 995 39 409 839 633 68 841 476 454 836 983 799 100 967 319 653 134 980 71 445 5 283 537 292 125 535 877 966 336 803 410 342 860 366 204 125 381 874 347 227 262 902 372 937 371 226 997 117 47
187 156 355 801 191 457 517 183 394 689 780 759 803 453 332 602 381 629 362 874 191 410 78 254 195 264 452 869 212 946 845 548 918 653 227 230 630 53 401 166 374 92 37 99 807 124 971 120 472 513 397 435 816 19 895 726 881 298 272 852 790 166 828 460 590 936 877 55 307 685 21 225 850 144 907 112 688 538 943 127 940 691 420 217 198 905 182 216 836 404 100 305 273 257 391 578 669 194 78 640
157 325 899 57 613 548 454 494 47 267 521 930 742 662 904 430 293 326 517 844 550 138 70 267 845 556 130 920 668 278 594 321 283 970 525 939 44 95 711 20 171 81 146 27 480 736 780 806 775 213 569 24 511 375 800 93 581 787 111 511 6 429 567 782 151 261 156 728 251 783 76 794 5 406 133 276 579 460 78 389 473 105 523 101 893 240 396 920 268 858 381 892 524 813 741 460 80 951 139 764
275 600 183 352 706 179 973 730 617 455 326 616 843 478 126 361 314 575 408 662 957 139 338 804 498 833 444 998 537 886 633 411 339 220 907 113 374 244 28 6 481 323 628 676 433 332 994 199 385 237 805 866 977 615 694 21 581 39 559 816 146 96 37 267 797 476 668 610 849 919 678 802 868 650 148 951 475 24 170 787 884 954 545 850 581 190 74 434 254 698 163 253 131 199 623 542 608 667 791 852
751 670 760 452 553 342 888 300 876 867 541 955 740 397 365 473 472 842 420 78 54 911 924 441 873 997 31 75 140 545 772 678 930 34 22 683 813 878 294 164 823 440 742 708 814 789 172 638 718 521 123 948 750 111 28 641 113 554 606 429 195 340 977 172 953 21 520 887 844 189 189 270 692 10 198 4 815 102 872 926 157 339 771 478 648 614 246 295 287 402 309 603 286 497 483 183 985 690 161 228
387 618 108 958 197 522 129 686 653 912 68 671 899 601 478 461 162 345 382 531 129 324 366 746 21 518 474 877 158 870 470 683 251 863 873 952 434 929 897 185 214 348 188 477 863 781 699 166 764 75 405 181 815 172 81 572 71 924 985 374 934 423 559 998 217 391 211 386 779 100 197 621 985 827 199 747 631 215 377 427 175 491 329 700 985 459 457 953 406 818 123 548 687 193 634 772 291 994 358 58
147 104 429 150 254 889 411 307 884 838 110 959 304 836 118 776 130 205 58 601 184 789 284 81 518 564 89 847 306 122 492 465 407 827 280 653 390 29 793 592 419 907 727 593 94 691 363 52 879 561 767 403 279 419 637 652 548 614 774 641 471 797 143 539 646 707 195 410 515 401 93 653 27 301 702 584 696 991 389 422 791 276 734 374 143 721 103 395 55 98 112 730 182 688 915 478 840 327 746 501
783 474 331 991 985 152 396 894 952 632 601 510 488 911 935 647 325 429 822 234 510 31 337 87 747 434 236 887 794 469 361 490 552 768 631 150 366 180 606 299 536 686 658 475 218 777 951 937 471 782 120 582 120 779 268 297 698 503 703 650 924 983 473 309 433 217 836 765 416 598 462 241 842 120 515 714 97 406 823 228 41 775 473 981 592 237 530 817 962 701 387 611 62 8 24 445 515 866 667 868
129 802 445 185 748 223 541 330 312 961 323 659 750 537 816 45 571 441 140 459 179 81 251 175 248 736 469 344 383 413 207 186 743 878 314 262 325 696 720 246 524 283 186 948 591 905 720 804 403 284 895 639 395 455 627 145 194 103 43 929 536 616 88 885 107 698 595 755 116 290 937 147 737 371 530 275 6 566 101 421 355 290 814 816 2 534 455 816 586 519 758 783 180 124 694 614 391 560 490 79
695 17 655 153 728 950 496 134 182 538 550 550 516 568 736 938 849 823 74 331 442 147 88 109 707 533 912 463 564 517 724 378 948 474 297 949 399 637 644 698 964 429 346 657 548 969 394 10 126 816 450 819 491 747 256 364 46 742 996 473 850 479 429 84 235 762 224 816 737 368 611 581 837 614 494 612 427 822 963 795 257 48 696 976 624 608 594 684 240 720 461 906 840 385 993 850 302 251 349 211
547 597 651 459 769 502 449 273 89 100 555 566 736 468 331 826 404 450 628 812 848 740 412 243 147 624 579 700 908 129 158 783 693 865 672 454 890 235 404 569 347 781 865 277 646 128 108 467 856 524 45 878 941 1000 31 342 545 761 414 171 681 921 418 943 304 854 88 576 663 676 979 308 493 763 415 807 854 896 339 650 487 98 330 181 18 196 350 210 833 29 532 798 234 839 816 397 284 584 50 799
355 622 166 627 806 453 83 800 159 821 144 8 906 339 493 907 130 96 246 186 916 709 908 435 119 11 604 2 525 938 899 530 665 350 5 798 490 586 257 808 27 556 950 92 794 940 875 695 327 121 951 985 55 72 930 470 206 421 973 252 227 729 399 514 79 970 487 954 430 296 56 150 842 445 631 160 201 713 476 111 450 463 920 248 278 677 678 500 672 789 314 869 845 324 68 956 917 630 867 110
674 270 641 191 472 778 406 817 261 655 783 156 836 646 877 993 682 758 285 810 544 868 526 377 979 347 120 755 107 732 61 822 554 677 628 883 973 753 905 954 313 8 44 691 221 916 362 800 310 863 846 224 784 793 372 545 973 615 600 992 429 57 38 374 849 826 638 74 841 260 82 629 967 779 804 750 807 905 513 990 219 671 296 233 944 266 982 656 412 621 972 64 935 638 143 733 199 438 375 990
529 983 329 886 306 159 446 390 327 826 276 180 887 793 264 978 229 530 810 598 761 786 550 430 580 627 603 852 500 889 279 356 623 243 959 484 347 582 562 635 671 671 584 134 433 17 627 649 476 271 680 352 887 544 507 205 606 942 203 591 623 459 874 199 957 9 834 168 81 246 864 777 3 332 598 951 316 429 873 247 873 778 988 505 737 960 171 428 252 272 898 8 268 522 99 545 225 663 130 107
481 964 452 555 581 549 674 229 478 886 654 602 50 420 104 175 579 528 802 545 313 516 914 284 615 303 909 981 940 234 81 604 496 883 187 742 291 568 223 546 937 168 25 13 146 746 746 938 877 443 152 814 689 383 12 767 578 290 277 59 253 865 995 437 969 99 872 137 981 871 137 43 601 70 369 616 170 206 989 971 325 3 398 462 148 705 945 652 1 862 260 668 902 541 117 586 979 894 647 101
567 243 310 219 427 785 868 735 702 211 937 773 910 193 562 832 233 258 741 17 911 715 440 938 75 545 183 736 695 966 829 337 13 410 677 17 547 19 338 137 940 105 580 933 140 831 737 528 881 303 342 990 209 717 694 603 542 657 990 782 826 956 985 731 991 952 306 839 923 434 668 515 706 294 799 254 584 819 572 485 608 196 756 546 80 64 5 593 981 804 34 549 11 424 214 220 453 542 706 361
15 821 365 472 988 710 375 911 625 68 505 605 998 939 616 496 400 275 606 676 541 882 696 139 558 258 622 773 565 390 316 552 194 642 329 825 573 845 359 343 509 404 532 743 10 615 81 288 246 815 239 561 689 577 870 513 594 969 652 230 533 299 569 659 89 271 937 434 403 574 648 172 860 593 42 459 652 560 4 517 824 721 981 718 782 221 396 959 923 144 618 809 860 816 900 982 540 532 751 860
806 49 192 557 540 716 907 107 316 348 346 38 158 996 108 353 189 625 301 435 252 443 882 642 321 537 85 240 230 900 761 954 695 709 486 104 806 101 674 910 979 526 628 328 503 664 709 699 181 487 890 626 208 188 631 523 948 812 524 60 409 971 784 18 850 957 421 232 486 119 544 712 843 103 715 686 136 158 913 104 491 757 365 613 521 158 253 444 245 882 520 801 85 766 756 180 976 6 26 554
222 233 986 44 773 670 209 27 906 295 21 502 439 851 640 941 286 476 855 941 486 301 166 702 74 428 924 862 654 270 518 530 817 597 545 587 281 458 586 790 174 161 232 480 719 681 455 277 120 358 114 546 856 141 888 794 343 714 123 695 84 325 155 61 168 358 469 110 488 921 757 727 367 136 107 253 463 125 345 51 470 265 520 730 402 216 61 787 194 527 714 544 954 634 436 209 90 207 643 899
661 932 936 977 186 771 260 744 541 405 295 934 518 824 600 716 943 436 261 685 916 199 920 950 871 677 217 250 686 277 485 76 567 567 200 763 303 905 189 356 295 800 931 133 45 458 594 178 357 577 679 580 139 905 319 932 923 718 335 5 583 76 772 186 4 198 550 526 769 869 678 986 369 515 133 614 411 366 146 476 873 436 578 29 301 291 211 408 749 184 72 261 263 97 860 492 311 69 793 487
75 542 154 985 466 722 602 421 476 274 80 947 402 856 284 63 576 891 869 116 185 87 66 440 605 326 394 996 791 752 111 827 175 82 416 990 551 928 28 829 145 268 932 96 427 155 582 910 227 280 157 412 87 508 969 349 223 602 420 114 90 46 188 226 115 156 419 714 224 1 246 545 725 790 978 850 153 465 70 677 102 26 887 456 991 680 984 128 652 488 842 378 948 94 496 75 999 777 249 387
827 417 361 858 549 207 254 439 144 188 125 510 109 719 937 805 348 251 240 630 511 137 592 867 627 599 998 333 754 601 234 380 421 486 749 355 50 706 398 915 129 880 785 597 804 704 488 790 669 853 601 362 370 681 888 168 915 291 781 165 945 134 191 552 555 164 271 875 430 62 75 466 605 166 180 924 768 926 97 971 796 2 635 592 394 677 475 270 336 359 235 781 955 186 656 879 524 36 844 518
247 641 360 884 516 10 906 847 187 619 996 625 534 257 332 200 713 933 541 688 616 10 224 484 987 703 106 124 353 614 501 962 950 135 663 910 56 869 906 451 62 273 157 204 626 816 606 402 890 468 436 95 368 74 624 57 846 116 936 612 82 991 734 942 277 347 132 348 390 279 518 820 547 58 174 379 615 463 198 137 990 340 492 119 777 10 58 109 244 393 918 826 16 682 791 757 90 294 380 335
810 808 542 881 23 187 362 204 604 809 297 428 707 973 410 830 455 34 361 726 864 328 435 268 405 903 335 557 0 285 83 328 947 708 916 53 587 725 538 402 604 778 649 836 644 836 891 793 675 881 980 644 826 590 193 24 123 674 123 539 628 971 539 474 394 604 185 363 941 999 622 64 850 269 865 142 980 934 128 732 533 625 897 832 242 479 922 873 357 557 959 155 420 463 776 57 234 78 158 859
330 836 741 77 727 750 84 443 539 980 801 908 930 317 963 665 717 273 227 299 655 537 597 206 205 844 289 436 629 957 846 803 168 781 979 973 91 34 14 767 327 805 845 129 828 954 562 795 931 523 389 682 598 945 885 955 426 498 353 921 590 261 835 914 749 472 126 976 940 479 625 532 140 903 980 965 285 451 749 13 834 726 255 870 262 261 814 761 405 641 923 706 251 437 631 615 799 746 997 975
226 760 951 906 690 469 165 995 597 450 347 23 202 569 547 507 514 785 595 18 106 51 624 485 490 511 265 762 327 0 6 837 947 922 90 708 821 732 650 1000 88 989 46 262 65 329 12 800 111 64 201 597 430 354 67 645 723 710 784 200 119 392 250 170 20 492 444 983 885 422 535 805 235 331 221 296 774 734 631 261 479 293 662 652 38 637 22 539 433 11 357 975 784 294 842 161 766 764 380 663
183 271 352 15 982 841 131 465 567 343 214 776 778 908 796 138 679 198 584 949 565 436 857 479 229 9 701 860 999 596 726 301 533 931 235 968 676 990 364 390 198 168 50 733 15 967 244 509 97 868 559 92 638 246 108 77 963 180 254 266 564 332 292 836 120 835 320 896 350 725 289 762 807 441 862 613 451 378 571 684 385 293 952 540 808 763 69 942 242 197 26 976 460 999 618 639 479 106 746 785
612 414 590 236 833 722 99 461 641 603 573 561 192 393 569 666 473 479 816 540 665 915 976 876 905 874 258 984 991 707 275 346 681 674 247 547 990 18 953 78 799 973 296 531 195 552 331 383 958 766 509 158 555 187 697 881 829 367 428 395 10 970 503 452 145 458 469 215 302 457 163 2 527 51 21 349 834 564 97 766 898 489 103 813 207 273 261 74 897 814 702 274 116 305 975 999 336 110 985 690
154 447 359 113 199 488 786 925 368 27 99 16 237 900 80 931 310 898 15 473 788 678 490 423 235 660 786 794 29 26 623 928 849 126 695 605 730 40 615 251 424 138 457 720 418 239 548 135 723 203 301 307 243 218 228 766 336 943 667 187 406 649 169 84 923 141 951 598 552 885 980 82 720 440 508 389 351 234 408 224 373 400 481 478 625 311 301 684 555 197 4 968 442 864 355 131 889 122 622 706
542 163 530 969 499 68 85 516 103 371 649 494 477 113 14 725 321 251 14 640 409 737 700 323 451 708 381 954 777 655 928 14 193 416 537 164 877 233 137 482 251 766 278 69 355 829 330 321 530 847 657 262 493 533 613 630 830 664 104 458 635 632 177 717 977 112 483 593 887 92 352 642 487 462 438 774 429 469 854 841 399 80 864 978 279 821 321 96 440 77 943 233 973 248 47 498 916 721 922 860
407 197 622 577 737 567 71 987 896 184 596 501 68 288 656 971 585 327 75 665 292 910 279 776 329 460 209 934 537 170 806 978 415 146 585 186 900 860 139 164 217 780 441 602 907 477 995 433 985 356 480 641 205 795 174 277 118 769 861 604 90 992 568 577 960 556 694 195 242 409 363 968 154 966 633 554 220 721 312 709 433 662 278 653 406 148 191 366 283 466 694 754 348 456 222 109 44 733 514 705
989 154 317 326 771 49 400 132 169 683 267 653 936 298 515 741 825 747 403 681 550 819 679 330 301 158 621 850 460 69 257 822 148 321 954 788 393 839 307 850 926 889 114 999 78 269 577 909 509 150 753 711 899 609 721 140 478 812 409 304 669 731 618 948 742 779 941 165 921 993 413 78 642 855 342 54 249 871 360 235 84 1000 315 478 392 899 138 475 690 982 931 911 239 86 40 38 112 686 539 721
751 594 392 482 805 900 797 861 398 105 159 690 660 154 549 605 530 274 31 840 955 952 873 111 951 236 417 924 864 351 566 206 735 158 729 969 36 231 324 82 705 792 13 380 348 715 45 906 556 699 315 577 506 483 225 534 764 644 244 582 583 964 444 388 124 840 942 384 772 956 204 928 654 748 819 312 523 15 908 375 931 613 609 232 625 680 867 128 188 756 847 636 358 346 189 138 68 821 836 23
208 120 492 130 673 735 11 241 318 44 371 674 561 826 57 603 905 864 994 458 664 468 618 724 572 440 706 317 162 243 361 770 582 552 180 687 556 154 45 556 626 877 970 902 366 461 441 247 733 46 14 615 663 190 180 981 24 232 601 354 745 567 623 179 571 562 627 928 55 484 624 12 669 351 298 789 251 164 349 954 184 888 335 737 64 114 658 177 936 909 420 366 740 705 113 515 42 554 936 993
211 507 642 303 420 258 539 311 358 919 840 454 83 846 994 922 520 105 517 844 588 849 977 421 923 275 71 608 851 750 499 668 332 820 793 933 723 231 239 202 791 123 100 685 723 928 41 719 984 496 58 390 848 515 566 167 291 750 262 733 422 709 321 572 664 403 667 851 867 614 694 594 985 737 453 760 314 304 882 56 919 577 63 967 719 217 514 985 449 627 810 527 348 325 59 98 596 118 963 185
138 465 313 709 362 440 888 701 607 949 967 174 988 706 591 154 732 724 795 553 274 192 484 538 711 132 284 150 219 450 805 417 734 529 578 434 122 179 855 9 106 434 797 497 926 158 103 542 279 552 22 712 75 249 785 793 372 706 326 87 536 654 537 127 82 196 542 471 897 569 212 885 285 527 834 651 588 816 666 997 489 100 806 33 95 309 862 918 354 502 205 109 564 166 804 757 718 818 758 606
393 518 47 627 898 160 934 477 982 950 723 242 843 133 100 332 207 750 984 922 886 746 728 220 705 405 216 505 308 709 873 690 18 476 693 304 606 982 366 446 497 157 795 40 198 591 236 617 724 612 593 865 211 317 905 807 674 435 675 516 149 701 80 444 621 601 425 718 565 457 40 683 868 32 137 249 25 320 420 117 197 456 74 784 143 651 719 875 163 996 1000 881 134 261 378 331 869 576 757 598
647 655 226 611 186 403 821 784 77 144 696 609 247 234 159 278 844 712 414 944 223 292 837 99 466 462 578 771 22 58 142 793 260 19 97 714 116 696 301 146 932 615 42 139 161 806 347 564 984 602 871 679 420 666 367 97 24 416 694 19 735 998 876 115 336 18 524 31 371 147 550 654 703 904 239 105 149 156 711 481 459 864 710 871 58 524 506 166 717 662 659 110 171 238 862 822 983 929 746 281
133 183 613 428 919 501 919 463 758 767 826 197 425 251 472 374 632 426 675 956 488 799 598 212 880 860 395 111 799 985 254 564 18 586 718 180 202 339 106 910 743 570 44 456 751 565 218 354 50 366 402 868 350 77 544 312 652 104 15 288 189 558 320 857 311 128 778 344 849 526 959 924 391 112 260 98 597 162 885 854 394 959 309 665 431 576 103 188 229 160 242 176 21 742 813 210 787 674 401 873
84 998 201 546 768 848 882 626 166 131 628 448 592 323 885 92 42 340 772 548 555 232 297 919 587 644 175 597 370 109 9 769 770 463 999 907 807 352 950 5 466 288 104 476 300 761 32 474 662 637 192 558 265 391 796 476 448 492 831 500 562 30 779 418 933 580 650 771 577 966 865 943 246 662 533 304 581 513 649 522 913 672 791 965 176 14 76 356 57 381 413 64 819 575 347 403 470 127 877 228
609 290 844 33 531 728 166 724 608 285 875 900 849 768 625 172 561 508 696 142 128 93 617 609 428 854 178 267 625 550 280 359 338 116 382 510 176 922 884 785 241 150 964 131 698 900 638 458 655 461 791 962 244 6 276 205 819 555 454 466 533 749 345 639 750 243 232 224 785 721 504 715 186 510 795 946 993 24 566 137 534 896 712 641 478 629 258 513 320 800 746 824 646 594 931 588 676 977 138 664
426 959 495 67 40 471 752 8 207 904 557 207 706 429 759 450 105 629 808 931 39 492 935 131 548 391 769 785 572 361 493 531 20 242 112 147 418 97 256 806 908 544 318 662 331 589 923 445 328 796 174 271 970 833 427 522 854 752 39 403 135 734 119 778 669 329 979 954 592 47 274 466 267 326 223 891 177 915 238 87 486 437 463 666 725 609 236 723 525 123 466 402 157 55 793 210 910 779 309 39
823 676 25 601 175 851 462 441 836 466 294 966 876 303 425 531 873 649 760 628 36 345 268 993 349 871 765 950 484 322 323 922 477 178 110 334 713 896 625 505 691 525 399 114 665 378 963 600 647 505 218 284 838 232 786 320 817 76 592 732 17 276 401 289 653 419 838 325 561 306 729 115 71 652 719 483 428 329 491 207 775 322 566 965 837 768 550 427 891 114 689 727 592 995 345 426 750 992 599 922
332 91 531 990 412 174 868 375 434 793 86 996 841 43 753 226 556 287 928 240 843 429 649 466 527 562 2 213 578 622 278 348 946 781 154 877 396 223 309 496 538 310 909 1 640 405 16 475 73 750 397 991 702 431 32 625 829 663 553 569 79 149 665 801 956 635 195 629 569 191 92 662 836 161 532 295 204 572 160 741 567 991 456 361 722 323 138 975 281 5 297 969 78 392 557 542 823 376 289 639
740 605 767 357 513 706 987 691 503 164 994 799 146 705 821 857 484 204 122 653 81 972 90 74 356 329 636 383 524 271 556 504 681 550 661 497 824 872 50 846 366 991 771 953 619 134 62 787 362 656 670 960 865 736 51 929 89 119 718 848 630 12 626 579 929 194 148 134 476 835 600 849 550 254 485 43 776 39 326 830 47 988 190 445 368 13 586 687 631 5 510 781 655 833 839 190 462 971 59 100
463 516 505 915 608 576 360 194 374 277 451 432 88 420 422 84 408 816 754 820 181 207 676 301 667 645 32 398 28 802 5 192 786 369 139 989 12 898 521 807 827 715 512 83 809 515 240 35 195 164 331 428 597 945 325 672 977 331 121 628 259 893 268 462 645 841 203 80 169 362 672 804 796 285 316 125 800 309 807 964 38 529 616 56 558 376 291 527 726 353 131 624 78 686 25 950 960 659 190 428
77 698 846 692 843 624 164 434 828 416 808 75 694 417 630 217 729 508 97 430 388 59 680 972 111 868 521 711 710 935 356 933 768 350 323 485 124 677 28 351 611 221 633 629 628 550 960 361 1 880 423 809 942 316 893 589 734 321 569 197 343 214 348 129 419 199 993 768 804 458 842 453 860 316 906 461 886 880 431 774 988 536 51 754 217 449 469 451 847 314 976 581 751 37 494 873 464 266 100 329
477 649 273 396 286 112 34 930 630 24 217 751 340 702 827 978 734 651 0 77 55 695 408 837 400 714 883 33 137 183 395 354 454 381 418 370 913 103 294 715 124 535 831 966 403 210 791 748 946 216 542 170 678 602 47 651 69 627 4 798 644 891 641 768 931 208 301 133 617 637 430 482 456 759 590 811 885 496 475 717 718 967 407 686 444 282 609 500 470 672 305 112 867 233 787 902 519 893 832 242
815 523 558 853 828 611 296 352 227 593 629 615 254 744 316 262 273 966 145 54 260 620 566 215 851 341 82 200 759 933 567 129 608 979 904 774 713 987 320 329 92 819 258 359 859 582 882 309 270 663 352 996 256 440 812 175 774 311 869 825 755 538 668 830 903 294 500 500 866 536 164 367 339 533 496 323 50 559 899 258 160 509 477 356 763 498 790 276 751 244 639 57 908 603 633 862 237 700 838 25
119 130 482 112 359 806 888 879 125 516 30 919 112 687 975 996 620 627 637 858 350 262 922 290 158 472 165 852 187 83 415 701 329 890 991 955 50 61 301 393 283 177 109 379 138 897 441 143 736 24 383 367 38 567 474 427 595 143 534 625 396 352 432 441 267 92 521 244 608 988 599 952 312 396 221 521 455 608 258 683 194 275 601 852 358 702 325 525 94 495 811 585 697 364 59 248 330 298 135 464
749 97 1000 303 497 646 569 437 571 76 271 690 492 751 25 426 936 665 190 561 785 703 34 574 87 280 480 735 662 34 51 209 31 687 130 554 62 295 968 731 86 46 465 259 754 583 865 713 701 844 784 742 468 427 89 335 825 163 849 319 546 578 342 359 417 648 230 511 519 650 200 680 121 727 757 271 70 36 26 732 975 695 120 676 286 909 220 60 264 357 576 488 338 847 82 394 178 406 126 935
585 533 821 178 894 253 557 328 534 895 177 574 26 652 457 156 468 328 456 28 479 675 590 280 665 538 883 915 437 592 98 333 603 249 976 740 722 733 472 602 112 609 48 630 300 655 880 556 40 329 77 229 595 368 706 509 771 30 995 1000 623 262 151 371 25 690 600 789 670 198 15 506 423 875 310 0 611 609 987 299 569 560 345 180 664 231 131 514 117 559 37 411 441 217 182 794 820 470 975 687
199 766 745 999 372 879 165 742 670 602 991 119 936 972 579 513 527 350 271 765 805 29 117 875 409 549 345 30 75 976 136 509 387 99 971 239 573 709 555 86 182 814 585 894 382 775 112 132 728 560 113 857 810 770 588 765 651 309 105 474 686 984 344 29 789 69 919 692 206 672 4 640 392 110 97 691 923 157 197 666 915 1 108 209 854 829 514 339 811 886 154 200 290 122 750 847 684 599 757 390
39 824 319 842 910 404 588 550 651 561 290 34 918 479 319 832 223 750 862 51 954 651 231 141 893 761 936 116 531 992 454 69 166 628 991 71 633 632 836 544 307 974 28 78 454 710 239 527 808 763 854 307 819 938 154 379 500 915 672 536 658 171 847 354 752 732 751 80 205 677 289 678 902 809 163 933 483 412 789 676 24 32 869 838 852 282 337 819 664 724 527 672 784 854 648 674 419 439 819 847
517 493 216 257 414 259 438 987 150 817 183 565 884 621 936 267 484 929 553 508 193 870 34 789 590 819 601 723 406 965 296 883 712 618 458 869 681 894 621 663 282 148 963 790 528 806 651 382 917 436 12 145 176 928 560 570 562 249 331 731 151 607 213 462 66 709 984 479 52 456 414 82 397 966 568 745 292 355 696 119 427 680 41 506 362 33 488 475 928 725 312 3 488 355 639 767 788 28 825 503
325 15 712 275 129 812 966 207 21 710 152 648 447 494 734 348 593 429 609 238 35 467 791 632 417 652 2 651 901 72 568 582 678 127 515 35 443 945 734 359 711 675 443 381 263 246 848 84 791 907 127 753 164 225 247 857 971 783 73 985 162 256 651 1000 959 762 781 812 239 982 679 166 674 851 213 117 325 379 520 679 203 865 582 417 989 400 31 506 984 618 103 105 223 161 859 245 1000 237 725 779
673 124 552 192 482 870 901 938 816 191 941 205 694 265 334 713 484 278 655 537 502 431 940 890 587 949 818 632 324 293 965 684 242 45 993 376 174 380 297 956 360 759 937 603 582 317 920 643 413 63 889 570 224 933 894 849 997 35 990 737 600 203 95 639 67 517 301 969 201 822 823 744 929 147 263 165 513 363 984 249 644 928 147 308 7 510 521 411 232 332 227 83 239 927 609 853 261 350 794 676
320 505 380 694 954 649 922 332 325 63 715 199 447 183 435 505 681 150 331 586 200 444 472 301 349 424 195 485 357 711 650 149 30 586 40 523 911 720 808 520 567 799 485 84 975 414 739 376 817 799 489 532 913 878 954 557 781 424 449 528 670 165 108 923 7 154 502 830 169 2 180 946 593 488 662 785 173 656 25 504 510 118 559 116 123 847 126 45 144 762 433 243 659 347 155 826 950 760 492 462
660 879 817 206 398 993 317 67 801 399 898 486 2 149 982 822 255 178 896 482 875 54 611 309 787 193 901 90 129 215 127 290 167 256 241 882 986 894 444 700 622 258 631 980 299 982 413 773 46 751 864 210 737 513 378 556 494 486 955 497 419 361 21 789 660 221 503 435 991 771 329 723 109 111 3 899 120 366 598 161 606 110 478 761 648 538 605 432 981 468 190 520 681 964 35 100 162 264 691 884
228 466 256 336 764 922 237 404 283 280 874 411 403 738 511 667 125 885 852 919 276 452 505 77 884 897 750 441 569 902 125 544 907 970 285 731 414 919 222 550 453 630 42 325 565 175 108 965 66 799 66 985 975 874 158 489 883 101 860 382 455 575 918 148 124 827 876 362 967 223 137 226 538 500 581 371 684 493 910 133 621 234 491 679 695 886 538 339 248 830 645 693 461 557 946 855 298 949 60 803
745 703 25 879 384 51 704 235 271 521 452 834 89 502 952 966 895 539 824 120 74 354 864 612 328 803 586 561 730 832 179 796 76 124 705 822 230 908 776 615 847 905 588 799 938 635 115 479 233 117 381 4 267 259 28 514 897 641 961 428 854 714 160 742 739 934 876 47 533 340 424 78 122 679 204 302 390 208 926 614 743 355 732 280 925 739 996 860 355 744 682 271 4 286 853 494 186 324 284 613
144 565 913 48 13 808 44 461 769 371 580 808 592 841 104 811 353 486 366 392 604 677 903 203 433 147 323 701 415 304 811 280 427 914 359 512 987 362 330 244 170 534 932 247 423 44 751 809 513 186 306 5 743 788 119 905 257 275 990 103 988 179 151 598 66 409 752 211 869 681 258 683 49 901 147 690 768 423 367 283 284 424 340 313 256 950 323 524 102 119 428 935 414 838 638 920 844 453 533 564
814 975 201 245 958 395 986 579 253 676 875 707 941 94 575 120 650 42 439 933 545 377 245 59 974 771 793 650 825 339 636 98 477 82 407 456 954 789 837 527 506 475 585 333 285 380 453 239 72 302 651 546 590 61 331 296 531 274 965 477 833 324 899 867 429 994 928 325 673 158 760 442 56 226 491 836 988 383 31 91 598 435 274 756 881 122 708 812 857 402 236 864 295 572 278 50 926 362 95 372
806 406 211 596 959 527 712 948 963 892 366 0 813 702 268 396 951 806 744 888 844 498 791 548 153 93 359 749 262 262 7 579 386 746 749 60 384 364 190 905 687 265 677 42 923 865 663 304 680 16 638 251 647 31 612 231 234 250 948 997 939 189 100 578 903 924 601 577 132 980 503 338 951 881 723 828 74 969 507 862 75 569 742 142 652 125 647 62 990 367 694 191 559 851 2 264 218 908 125 719
586 659 933 901 80 163 101 159 105 555 537 779 363 163 445 43 108 560 497 503 327 264 958 545 972 781 286 734 52 22 194 607 582 170 163 185 800 295 354 481 583 262 438 906 731 920 703 614 222 206 655 674 147 863 216 128 450 127 857 979 220 405 302 385 452 218 248 498 778 687 84 394 533 208 897 967 666 864 80 565 747 1 222 508 162 389 205 364 563 233 582 415 214 984 2 70 538 398 571 41
232 583 503 675 199 584 523 827 558 294 554 126 981 563 544 808 467 36 705 740 320 43 979 577 769 154 565 786 26 304 425 641 449 870 729 815 514 659 692 16 738 172 691 411 489 769 335 431 86 488 172 532 722 101 569 342 901 671 118 805 571 512 430 752 422 182 590 558 269 344 391 369 205 253 798 811 245 353 983 139 504 677 808 956 901 730 33 156 858 184 311 542 623 183 990 935 451 221 939 383
740 189 965 404 33 515 682 721 320 968 467 962 170 783 233 339 64 885 617 12 614 784 43 301 983 965 586 912 4 533 448 163 938 412 206 141 976 975 726 882 658 443 714 909 498 137 607 428 13 473 837 946 753 432 854 786 902 138 58 979 320 422 66 388 155 52 668 738 982 372 933 293 861 596 664 347 560 58 476 191 544 57 256 393 732 574 314 689 621 819 192 359 916 558 867 656 972 943 341 684
640 865 841 835 448 273 108 768 374 242 23 898 919 565 474 435 174 723 856 964 823 904 990 409 76 171 240 671 337 749 770 802 934 273 930 106 176 839 868 743 810 165 987 262 792 582 360 851 157 813 715 527 216 39 533 835 364 20 533 132 68 524 937 779 653 268 565 406 878 436 448 299 469 92 427 906 665 126 288 235 304 198 915 363 941 953 406 847 316 532 468 753 872 55 311 773 226 428 746 834
260 262 703 882 829 850 380 169 268 986 195 303 664 271 491 822 161 181 150 525 512 629 10 511 520 865 727 600 845 569 334 94 546 513 400 42 622 194 948 121 701 249 561 617 383 796 94 686 787 466 273 699 418 314 942 424 630 562 341 567 381 146 432 696 537 71 146 349 42 881 420 113 308 107 525 195 73 745 515 343 162 680 170 339 112 520 379 680 999 528 187 269 710 232 525 487 647 236 834 751
415 793 875 833 264 869 924 393 451 987 789 974 854 38 166 906 286 786 540 346 653 891 31 932 830 838 548 380 222 654 299 116 580 816 910 399 235 131 929 91 676 401 624 850 876 218 824 791 491 632 907 407 351 286 134 323 421 414 652 72 798 680 448 324 603 334 791 170 371 897 61 187 845 63 167 920 116 583 471 542 546 249 238 183 228 1000 151 195 698 757 428 21 687 476 782 665 907 774 650 533
833 601 56 760 419 387 819 921 820 712 199 676 717 484 300 991 126 982 295 497 466 648 102 619 677 322 226 369 969 802 680 417 194 511 543 385 428 427 546 401 627 928 167 366 148 620 91 798 618 301 372 421 114 481 153 684 364 107 171 829 793 619 699 423 57 475 63 371 324 823 186 219 743 831 280 469 90 279 177 428 942 30 768 228 271 785 555 675 152 349 412 491 838 833 961 209 854 59 986 181
651 680 513 1000 780 772 374 623 153 889 115 856 423 777 21 926 843 854 899 590 461 201 807 534 58 601 706 914 216 359 462 30 300 927 334 312 969 32 842 190 853 904 595 763 558 812 680 509 560 396 950 920 277 791 218 927 640 633 211 148 370 256 246 596 75 228 864 162 300 489 139 459 71 374 686 940 285 739 850 586 335 34 543 443 645 222 217 233 450 43 641 959 355 148 41 862 136 713 954 873
140 974 807 833 254 531 467 888 5 419 961 845 523 919 580 761 748 54 266 953 974 184 270 509 448 300 300 184 785 6 374 518 638 288 905 450 562 529 148 62 521 87 692 168 406 682 272 406 151 431 368 387 854 783 288 161 436 593 160 196 963 760 908 785 815 0 674 390 476 140 199 239 262 829 558 515 636 403 158 872 290 430 306 343 665 669 702 599 152 949 872 208 407 178 867 730 565 777 669 338
463 993 859 553 889 653 848 213 620 183 739 100 326 297 693 102 964 45 803 925 401 85 838 163 309 996 951 397 337 408 735 124 855 532 781 370 190 969 738 415 501 654 444 190 61 848 805 147 433 743 366 279 325 235 254 984 572 965 394 658 994 437 559 167 474 656 582 593 416 48 927 382 117 261 240 211 820 487 607 593 339 132 728 947 991 458 446 656 291 391 294 335 509 594 508 950 515 768 647 426
865 917 72 494 973 422 383 990 39 186 574 843 779 602 988 774 77 285 536 277 210 226 232 130 646 884 230 782 583 708 789 392 187 996 525 253 94 238 471 495 102 657 802 31 938 359 418 415 606 867 155 960 764 594 88 290 420 522 878 88 44 406 807 41 605 263 653 167 741 758 911 609 566 683 616 735 423 514 547 617 480 370 952 665 219 55 274 785 226 710 833 571 909 36 95 720 476 400 567 571
885 602 955 349 667 95 202 655 541 413 992 173 588 333 2 41 450 78 481 396 244 152 646 552 528 851 244 519 803 799 704 768 431 298 870 620 685 668 128 243 288 289 674 587 426 982 715 615 442 399 392 680 581 211 368 495 159 639 699 859 544 472 126 298 860 347 885 987 231 461 510 520 827 787 716 731 344 588 347 117 996 796 622 445 123 693 833 940 732 596 51 303 662 815 791 178 33 34 109 532
588 496 34 991 635 185 992 275 743 710 89 23 28 334 431 985 616 425 939 988 732 821 751 509 752 140 623 968 834 32 872 637 259 798 560 135 204 359 135 62 860 924 855 930 229 333 423 600 420 101 479 788 803 180 565 872 367 871 210 28 858 283 448 118 512 415 736 539 221 781 16 605 395 752 917 169 548 335 586 695 74 413 55 966 363 54 873 584 908 526 951 521 423 233 983 774 256 43 393 447
259 804 129 273 312 410 132 129 764 145 530 789 911 155 132 388 883 723 701 109 940 402 436 840 796 902 968 265 866 2 362 438 480 614 13 280 123 55 66 487 197 717 739 735 984 192 482 69 745 694 550 529 353 410 648 267 736 554 371 616 487 612 339 903 159 484 406 725 454 430 62 650 419 254 829 847 1 456 818 273 803 830 341 188 186 988 877 233 995 888 176 140 958 958 266 648 601 433 510 40
482 143 158 640 928 583 463 267 615 402 858 685 15 232 123 180 910 206 585 960 466 21 936 894 791 198 850 181 658 602 606 674 343 354 252 557 740 670 687 993 260 362 646 995 840 521 254 953 82 712 522 57 73 348 401 385 154 950 29 972 681 594 391 981 641 111 117 308 871 12 890 916 300 451 793 495 929 137 462 485 551 831 657 631 876 737 70 893 274 202 21 66 777 412 660 712 964 151 488 966
253 721 287 397 545 681 542 633 855 753 190 31 250 498 385 509 968 318 870 43 662 68 333 598 921 761 632 706 440 671 784 905 473 846 21 394 824 670 438 984 521 989 453 260 378 563 806 49 716 310 297 147 772 343 682 41 948 651 61 531 452 692 708 412 81 599 996 872 876 745 763 291 447 748 271 425 970 991 924 145 956 831 831 101 850 916 713 241 121 806 421 824 875 5 181 829 435 969 361 697
153 507 313 273 403 536 397 743 927 932 748 770 948 819 301 48 116 674 271 106 197 455 572 78 284 668 41 502 638 33 567 98 391 259 434 356 750 224 784 435 304 467 411 555 829 83 559 346 190 718 422 445 965 604 472 609 63 594 410 995 19 315 153 225 686 463 427 939 383 261 79 619 249 403 586 47 12 50 745 441 651 194 180 121 423 887 941 454 940 708 83 694 504 837 56 44 548 618 235 750
986 975 570 170 121 518 533 869 275 45 597 341 727 358 322 589 739 248 200 887 568 718 727 564 174 607 957 18 700 120 925 905 643 157 919 536 765 422 269 409 864 363 759 102 296 241 815 58 825 247 923 278 941 988 465 627 446 941 965 992 443 652 419 134 368 64 112 584 769 444 120 425 888 931 588 214 417 572 600 672 428 784 403 506 643 52 981 50 65 90 476 909 832 392 410 914 367 339 149 738
383 432 793 271 34 751 625 228 697 293 335 985 128 300 818 364 605 70 69 709 500 84 519 227 586 623 200 559 957 32 883 962 34 92 183 11 411 840 235 714 781 525 328 970 428 593 329 226 402 300 166 236 582 262 716 640 698 848 471 843 134 958 254 151 741 217 93 989 504 241 663 7 578 362 3 399 82 929 214 370 154 856 372 990 649 123 901 974 607 227 501 618 858 322 176 343 103 870 386 55
423 2 454 434 123 373 449 37 986 223 976 291 283 8 130 57 905 551 722 960 895 668 97 281 396 474 53 66 115 631 446 240 402 770 466 789 354 699 575 888 701 18 874 192 31 957 800 383 883 483 88 491 232 988 758 218 302 29 965 857 891 72 888 137 604 771 779 446 953 914 212 301 316 355 265 938 230 464 846 52 284 118 69 599 123 289 581 878 956 963 164 476 253 131 715 67 667 474 95 194
453 82 108 970 915 788 740 534 568 436 688 579 554 976 292 165 974 69 679 698 184 433 983 451 996 275 726 960 773 180 128 669 478 985 736 859 359 101 559 877 289 581 892 535 386 265 420 231 860 513 788 134 168 235 795 650 249 5 494 420 465 969 683 542 129 71 671 339 201 338 809 897 178 243 336 396 176 981 776 824 42 666 403 644 231 719 85 801 359 488 521 830 448 11 108 105 173 879 835 435
992 911 932 442 167 602 890 971 79 961 359 53 610 48 644 674 179 713 123 967 745 228 998 209 536 60 588 1 911 5 350 284 653 940 725 372 485 844 793 231 873 934 871 318 957 805 216 902 134 580 171 919 536 903 448 556 367 895 723 519 918 148 128 776 870 942 672 738 790 324 429 496 796 669 845 239 901 528 456 827 380 402 317 933 837 902 328 659 782 157 400 438 589 852 101 921 390 938 513 108
162 375 743 678 790 490 735 784 5 655 145 349 884 40 95 949 987 784 985 552 959 687 977 215 245 875 270 220 358 57 273 806 148 745 937 436 58 109 59 609 544 940 261 685 625 333 301 342 965 775 4 133 152 967 797 324 926 74 582 184 756 193 792 852 6 129 315 679 923 865 806 160 763 130 514 577 816 739 534 569 477 935 430 751 286 782 956 840 381 363 453 939 229 21 445 228 237 763 482 760
99 751 811 974 883 507 208 185 425 357 947 69 642 810 858 365 547 293 518 564 576 541 836 853 339 470 389 516 882 539 371 900 257 490 764 421 628 385 204 555 729 961 885 940 781 749 957 325 162 181 304 371 611 136 350 536 418 648 25 419 636 750 836 575 1000 871 289 376 181 662 355 112 763 31 829 253 305 178 894 721 139 40 504 581 502 490 181 598 408 376 386 559 586 97 303 805 884 119 824 797
835 530 756 610 383 380 335 248 814 381 908 893 587 604 651 941 541 142 727 974 792 407 166 681 450 311 652 536 984 194 856 538 590 180 10 165 815 459 829 624 352 760 814 114 364 64 345 586 437 911 813 307 156 933 679 824 691 737 879 286 118 552 72 825 877 315 159 1000 971 767 923 626 980 846 684 783 827 637 592 34 479 543 798 271 316 505 133 203 671 303 378 53 589 589 634 925 172 218 57 700
351 968 452 119 760 64 980 534 883 392 865 977 136 180 378 761 71 942 708 662 116 571 322 342 679 27 172 16 880 133 524 822 473 30 957 481 744 836 267 216 370 339 433 729 861 828 720 493 791 826 794 833 779 446 359 185 885 880 427 44 952 537 512 164 103 652 793 541 526 80 148 472 583 656 111 305 369 237 142 82 999 839 145 646 698 244 488 413 644 597 897 20 793 135 886 528 82 346 194 32
962 17 57 28 145 655 331 477 486 654 145 803 622 764 352 376 939 513 196 332 842 490 399 493 175 828 551 521 574 309 77 626 318 737 765 912 144 994 702 342 380 749 442 460 983 638 16 34 226 363 813 754 757 49 99 670 24 122 856 836 530 721 555 874 417 681 697 753 260 398 789 79 187 344 221 851 173 34 842 137 540 609 336 188 174 623 409 774 944 1 854 494 505 123 873 566 954 111 361 117
765 887 956 990 605 877 439 337 777 260 558 771 412 903 187 723 288 707 3 250 883 513 859 546 866 723 505 863 792 226 389 802 601 163 466 39 755 848 854 844 730 471 429 44 320 929 412 377 515 110 448 252 456 894 551 837 40 943 412 855 606 579 876 713 87 959 62 365 35 229 305 727 917 997 432 33 20 953 859 930 517 327 531 598 194 909 304 527 126 350 443 179 513 588 69 804 990 71 151 683
156 249 833 621 242 392 925 398 710 180 981 648 639 571 698 264 987 586 300 630 974 669 886 904 746 205 172 615 166 109 927 748 320 946 205 372 155 616 304 344 11 482 452 590 933 320 342 353 794 530 840 707 588 162 84 534 483 814 480 71 572 955 306 594 629 877 49 51 451 252 2 647 349 695 112 715 291 610 52 135 325 352 657 695 174 973 778 995 595 451 408 806 194 512 149 270 653 520 595 36
109 824 494 519 933 227 261 895 845 590 292 529 529 717 362 982 327 157 413 803 524 956 890 209 190 756 918 271 258 436 909 932 895 825 198 402 100 701 347 333 828 904 574 800 985 764 646 543 382 492 353 111 583 686 37 10 732 718 26 948 804 711 979 517 158 999 232 373 456 9 906 838 23 928 321 732 894 207 424 325 329 182 886 471 526 884 420 111 603 539 321 973 686 685 481 121 427 58 466 652
874 300 452 287 676 852 325 267 908 236 997 778 912 63 271 1 437 403 937 424 783 928 314 849 699 587 109 582 992 549 16 525 996 452 496 450 701 179 729 534 133 747 24 64 272 104 886 218 491 547 535 630 825 531 114 359 724 242 632 159 597 380 700 486 74 470 44 514 657 429 450 450 636 15 895 102 543 949 877 619 768 497 736 61 966 625 891 227 64 617 526 400 710 988 447 935 414 152 739 850
829 953 605 272 714 460 745 632 497 997 375 641 306 966 554 389 131 389 645 818 173 692 331 611 323 404 667 558 468 602 987 744 319 772 427 655 807 466 631 147 761 810 467 866 916 900 827 587 476 802 976 460 425 696 165 471 858 187 825 761 638 395 647 276 972 583 276 215 659 384 748 1 603 932 910 751 472 558 262 844 583 419 520 103 912 792 177 245 133 320 199 570 48 676 882 179 464 639 817 375
431 959 851 738 219 373 108 514 479 110 727 539 283 498 628 59 63 554 80 985 866 963 676 20 987 537 898 957 949 779 465 836 135 23 895 757 900 973 821 975 269 861 533 807 548 664 521 206 186 3 485 952 933 938 541 671 586 438 133 971 564 645 48 672 709 239 755 834 856 669 113 781 989 797 348 274 209 312 113 692 528 575 103 838 541 294 254 696 304 793 308 282 586 222 897 651 251 202 343 439
522 809 192 469 432 108 530 716 391 252 93 637 235 141 800 126 75 499 629 243 470 645 626 577 198 622 389 473 870 917 57 894 142 689 82 629 547 798 616 976 257 784 592 201 157 683 461 916 160 403 618 324 963 124 573 154 784 559 858 522 331 158 659 709 849 815 182 582 624 53 280 780 799 74 590 684 131 114 939 295 483 185 964 150 916 699 42 724 423 410 834 181 131 226 729 288 418 453 789 52
990 28 573 869 105 402 403 975 516 860 215 475 821 872 311 105 687 563 629 405 624 60 835 646 802 108 425 645 407 702 955 592 217 63 825 873 853 24 664 573 15 140 350 575 993 744 246 268 92 184 545 22 4 875 339 317 539 681 584 702 475 612 856 632 490 577 119 800 902 517 246 680 944 257 933 400 494 470 611 417 421 12 629 568 433 710 573 275 192 773 688 38 369 773 110 487 789 147 277 127
302 72 966 410 396 338 176 880 512 762 704 108 487 629 65 399 389 580 867 84 480 340 46 973 842 894 892 674 609 369 241 380 294 798 354 82 939 14 314 240 158 680 544 67 185 385 799 87 732 30 436 356 709 114 465 391 888 27 813 219 863 849 562 770 204 893 310 358 510 236 705 973 534 32 883 149 62 820 567 184 372 802 573 238 511 658 168 739 127 521 231 733 909 426 78 676 15 659 648 100
192 850 928 500 294 310 124 421 39 31 341 668 388 743 486 542 686 369 831 400 252 41 678 603 941 636 264 35 743 183 364 245 68 724 409 502 932 1000 414 188 921 875 32 43 326 17 141 606 286 519 809 697 413 553 876 541 376 679 540 596 385 52 719 643 996 818 178 226 818 85 359 122 653 235 781 592 830 79 495 949 341 412 673 349 693 719 240 348 58 171 10 777 828 795 209 469 450 917 20 26
814 200 603 753 924 919 666 898 895 526 531 380 96 37 941 696 38 26 588 912 902 806 648 536 559 225 346 150 250 711 875 84 950 316 935 433 351 295 841 995 258 844 542 488 742 346 601 611 128 784 536 683 82 822 554 930 508 957 216 462 853 868 592 45 209 821 232 418 71 13 673 604 321 366 785 280 903 964 753 303 780 956 249 202 938 497 209 136 990 723 706 964 140 959 424 236 78 138 592 497
954 551 878 959 425 672 638 405 949 762 902 587 483 542 764 376 666 779 993 524 143 136 178 891 710 773 244 301 818 154 622 576 126 190 406 939 990 765 160 441 811 26 380 532 6 294 683 27 42 631 269 8 712 283 42 780 184 738 131 716 104 361 424 185 335 114 624 483 901 863 736 232 384 862 500 17 172 79 16 220 552 236 937 249 863 849 234 894 238 279 706 40 284 621 375 469 63 614 405 210
254 58 792 387 242 293 952 170 576 191 818 513 586 302 587 326 198 130 456 72 123 115 106 140 342 749 185 686 830 867 717 791 299 87 726 616 758 765 834 606 717 511 895 250 889 838 247 562 278 949 622 546 389 471 569 677 118 804 820 965 214 939 138 862 275 299 302 909 621 293 128 6 411 264 797 309 337 818 934 958 366 922 673 470 31 950 554 725 720 83 521 10 324 257 618 318 206 474 913 426
981 613 507 457 140 846 964 749 530 897 707 665 74 665 428 810 862 401 806 100 268 460 563 832 47 328 488 741 618 405 232 984 821 905 359 98 641 747 533 913 670 101 972 38 981 855 231 264 568 238 911 931 672 90 487 755 885 539 153 581 260 324 670 449 709 875 318 554 620 976 462 468 730 111 841 394 307 929 202 809 828 900 995 364 641 972 193 469 139 348 102 810 867 34 370 620 458 860 476 307
286 731 382 137 272 518 77 810 847 199 527 57 377 484 11 836 421 218 441 45 196 943 722 785 462 681 340 565 786 109 595 790 969 663 506 573 344 481 888 836 908 762 976 378 659 59 516 15 950 108 360 810 257 980 910 690 887 54 946 870 985 434 977 834 978 702 706 819 147 578 438 754 465 970 629 865 75 497 697 555 798 673 141 198 851 500 710 899 2 669 869 770 835 901 414 951 763 176 135 101
792 77 793 353 372 258 30 712 583 242 499 830 270 888 428 781 496 844 260 218 870 96 532 49 800 393 300 578 511 110 380 624 872 558 745 603 575 187 525 201 352 992 670 32 664 445 108 24 413 361 310 26 799 875 479 565 590 251 218 801 807 834 637 238 341 842 989 472 520 764 962 900 434 683 427 285 552 750 573 33 0 98 155 67 696 58 727 984 374 870 872 420 688 770 249 193 800 438 327 575
972 587 471 696 79 501 894 661 300 407 990 188 685 88 311 849 551 227 604 262 109 809 149 995 815 503 48 765 203 700 249 328 508 237 270 305 51 865 255 460 376 79 917 483 462 900 255 287 101 565 538 715 10 652 731 936 273 301 60 658 150 156 553 639 264 842 854 689 123 328 303 15 97 549 904 345 360 586 84 809 992 991 654 213 817 26 231 384 276 273 157 462 379 534 525 595 4 687 83 772
258 378 805 135 593 122 479 303 965 112 610 979 128 821 565 798 676 58 338 307 666 376 250 509 24 436 55 583 466 485 315 980 663 716 929 638 736 639 516 983 260 635 411 364 880 919 491 193 59 617 837 130 177 158 772 877 183 786 796 916 206 313 797 114 999 222 644 435 307 703 719 368 239 971 693 991 768 956 554 131 520 815 421 110 370 416 311 315 822 620 491 708 543 828 741 876 699 188 509 925
484 485 331 882 694 852 648 508 76 26 573 166 332 706 234 535 800 563 310 756 347 913 937 977 341 139 382 243 40 963 14 476 360 383 698 206 743 456 944 729 814 172 742 492 314 93 657 546 93 627 237 247 872 714 58 596 139 529 537 969 391 731 587 424 587 650 414 888 936 757 168 120 680 526 577 143 48 452 919 742 763 497 40 761 404 931 416 831 521 194 101 281 253 504 834 341 530 0 293 10
82 60 516 622 54 809 313 991 324 125 115 766 870 547 70 71 803 470 129 884 457 593 462 134 243 185 331 134 609 519 983 960 646 331 432 794 159 874 19 772 569 412 964 813 385 322 344 78 395 820 451 68 728 952 626 514 755 889 140 105 736 103 536 388 131 763 625 633 100 31 423 896 118 387 218 399 480 326 556 891 710 740 158 405 551 900 488 479 763 146 67 636 221 516 84 550 501 962 272 778
833 973 673 516 492 555 716 21 622 817 947 64 776 216 655 205 632 783 33 368 215 427 744 883 164 830 635 908 34 606 826 16 887 834 65 68 922 453 431 148 433 710 355 742 225 464 181 187 13 689 589 570 891 637 939 598 153 173 728 67 102 167 735 374 469 907 368 648 687 697 645 463 562 986 80 261 928 932 654 27 809 741 812 629 359 33 997 859 281 524 403 583 651 486 252 886 299 303 768 307
270 465 863 233 410 297 614 77 103 722 134 898 380 447 218 777 931 221 816 503 488 208 155 23 416 935 823 190 55 33 230 900 331 687 2 607 464 82 59 922 907 905 630 585 455 687 769 890 163 304 587 624 243 600 394 356 233 123 93 210 325 649 774 37 570 737 628 751 813 487 292 75 734 123 258 663 922 523 926 386 378 921 654 864 565 515 455 990 869 172 143 244 839 219 739 322 384 400 973 352
421 411 750 46 122 235 473 179 528 617 569 40 33 713 557 879 798 896 310 77 261 897 373 289 49 386 259 923 773 912 22 284 552 270 5 747 96 599 219 178 156 767 412 364 226 809 261 84 776 906 21 400 551 506 638 347 230 172 605 629 231 611 695 375 877 454 236 11 705 886 31 718 489 504 830 773 363 694 10 431 539 60 741 335 472 638 407 209 882 622 118 807 205 914 60 987 58 419 607 974
834 557 589 502 366 418 489 309 186 903 653 556 546 600 484 199 680 895 539 991 304 394 28 997 746 289 662 73 374 418 849 350 19 841 305 993 476 313 901 346 517 296 130 386 662 276 710 0 875 138 940 477 368 78 812 68 218 234 877 643 429 928 202 363 351 168 474 821 175 551 439 8 943 395 754 446 801 466 77 238 299 961 169 496 932 699 296 200 985 55 397 410 213 137 27 96 235 465 622 528
462 965 283 140 702 190 915 131 692 11 273 856 377 943 943 231 442 981 644 960 310 184 977 613 337 29 461 505 179 536 441 516 918 496 390 405 870 881 906 502 722 936 83 478 587 635 111 268 187 588 512 549 587 806 824 576 716 363 446 381 529 196 407 77 337 957 801 792 794 997 649 703 836 730 414 808 767 499 108 716 596 260 405 610 662 358 508 845 386 935 687 976 111 471 978 771 891 769 264 779
191 215 19 647 842 380 563 874 238 77 130 570 904 984 88 330 630 124 984 429 245 556 942 567 910 65 583 463 357 828 480 321 645 853 393 669 811 215 679 889 522 708 502 353 277 703 482 375 23 18 279 842 269 505 990 468 414 425 757 587 426 682 944 419 850 253 931 556 487 664 464 868 695 80 269 418 440 324 524 175 412 34 582 318 436 444 746 526 116 618 313 7 555 787 534 846 5 23 906 142
235 878 482 527 410 342 285 422 28 377 936 113 758 195 428 585 42 474 31 360 554 827 688 828 707 490 471 251 924 450 374 256 211 478 884 662 717 433 340 867 953 943 78 325 84 214 167 259 659 304 428 956 181 11 371 609 462 933 364 601 581 643 226 52 345 281 870 955 306 191 602 493 151 182 266 800 992 802 325 860 352 697 979 593 100 859 316 551 654 260 56 12 569 615 516 625 303 811 187 409
674 36 839 316 773 364 606 412 88 335 335 977 95 719 943 531 602 634 315 677 8 310 380 609 456 230 63 347 314 23 130 425 226 418 20 821 965 979 114 661 498 884 921 872 89 973 124 410 398 643 884 976 843 170 832 577 580 963 268 226 181 116 79 951 190 532 962 798 713 102 360 771 302 173 221 232 646 294 466 524 582 42 35 531 715 991 684 231 232 934 968 759 834 579 976 976 92 708 790 516
935 624 949 906 569 227 167 80 989 962 328 639 482 286 975 65 0 286 262 815 154 621 980 553 218 297 101 159 365 407 888 459 850 715 3 818 927 633 66 451 993 198 724 206 839 345 859 724 106 126 527 199 314 310 960 356 317 895 59 626 586 735 11 874 21 436 169 855 278 597 615 423 77 614 319 387 847 831 648 458 328 25 675 921 595 78 782 606 147 653 297 106 840 940 320 579 373 808 356 603
307 944 957 686 493 902 920 366 627 735 272 148 776 420 1 808 397 862 660 84 324 773 321 537 654 107 736 224 130 718 519 914 488 385 974 137 150 757 711 555 50 512 904 941 914 87 609 226 372 624 771 915 686 753 70 510 176 158 204 174 198 705 971 462 526 538 498 460 264 329 348 961 34 964 656 556 593 18 590 481 461 611 726 881 199 68 125 523 454 398 663 606 902 437 61 828 516 556 927 810
407 597 637 823 744 637 973 500 86 552 870 130 519 281 123 802 161 627 589 457 544 500 201 53 113 27 873 15 99 984 425 190 629 635 77 674 690 976 580 33 647 547 559 403 78 75 569 926 135 201 714 832 315 905 225 2 345 729 669 746 390 312 847 118 549 183 561 258 367 581 1000 148 300 574 877 733 545 837 583 818 176 322 268 6 270 468 270 259 608 565 504 32 314 308 378 642 332 988 938 633
658 509 771 104 738 588 856 51 808 197 216 77 585 604 838 762 472 455 157 154 344 1 520 577 572 520 74 723 429 465 702 303 79 501 950 214 898 510 522 806 474 890 395 720 754 422 483 800 812 491 725 60 641 86 656 371 776 37 196 179 187 101 586 384 353 663 531 705 741 614 499 528 506 331 456 539 999 587 968 148 365 791 225 44 513 792 414 202 940 243 188 877 763 448 134 227 5 99 325 604
112 431 83 520 344 507 49 491 930 293 825 316 821 1000 210 365 711 536 619 425 380 66 511 25 222 174 48 266 150 495 121 562 491 336 878 960 490 345 780 921 548 665 626 140 423 0 111 525 989 316 504 117 993 737 442 798 496 662 543 418 535 912 415 888 377 190 974 580 107 809 546 501 156 545 59 663 655 858 755 879 990 675 452 436 476 324 340 591 465 819 226 71 754 346 411 666 264 990 310 890
536 25 458 974 948 514 805 173 330 643 809 497 529 53 968 701 486 749 944 257 664 353 346 315 907 146 455 443 754 735 395 820 342 417 254 677 952 441 922 481 492 171 934 967 552 102 365 85 969 410 645 77 643 801 665 760 280 968 7 23 631 159 580 68 147 223 55 224 367 560 191 240 691 426 604 542 202 203 585 134 697 193 301 765 182 564 951 170 525 103 599 226 947 481 646 183 265 958 476 727
184 792 348 715 167 9 798 514 137 596 4 141 882 174 181 843 55 241 270 951 82 148 250 307 568 274 41 79 829 613 761 255 822 783 174 851 380 538 893 148 432 637 566 187 35 920 638 33 908 698 697 827 512 363 235 976 465 754 737 456 209 950 33 351 126 602 826 534 330 464 320 184 26 701 328 52 712 520 936 4 177 979 47 329 895 6 87 327 326 439 482 9 576 760 76 140 60 316 315 209
65 751 523 457 517 208 246 603 510 595 871 28 826 718 206 163 341 852 956 961 703 821 64 99 454 486 609 134 622 675 972 196 437 981 311 926 527 481 277 301 820 703 109 134 953 815 691 934 921 245 835 612 165 697 712 581 293 845 341 144 284 549 484 49 126 906 776 548 627 955 317 373 110 325 714 224 717 888 476 219 998 720 795 779 215 789 471 167 282 468 541 966 188 313 870 92 904 742 287 109
643 686 333 300 802 718 103 430 77 608 542 629 639 866 201 172 784 225 455 171 654 8 853 452 129 610 599 564 636 711 68 35 979 784 928 123 207 983 621 972 167 820 399 535 270 758 412 23 143 66 899 318 507 124 254 861 201 647 8 657 313 325 996 139 26 800 531 626 421 464 330 101 880 185 625 738 817 466 537 434 134 779 864 237 605 131 143 750 792 628 838 757 385 554 271 679 483 977 884 513
993 2 279 490 438 715 671 848 163 408 394 315 952 785 136 950 952 86 765 632 490 107 269 98 480 901 799 602 761 517 415 510 226 846 193 107 961 556 696 916 856 201 519 493 761 601 174 218 197 531 360 294 512 275 78 163 759 316 654 78 990 321 847 52 219 176 571 495 308 525 760 379 734 857 585 265 240 421 607 390 848 595 741 936 980 510 692 6 743 899 122 857 21 414 457 203 6 967 61 154
256 319 804 366 452 929 944 344 527 41 686 614 483 434 871 873 95 343 286 484 108 626 580 43 476 515 138 699 453 465 663 525 157 418 120 82 181 540 774 368 769 865 828 723 230 452 156 447 912 900 990 505 463 326 303 710 548 978 6 776 418 556 5 715 839 76 917 881 283 731 829 97 965 376 938 33 960 325 801 889 81 111 684 885 471 343 958 428 865 756 573 836 181 670 813 149 734 747 712 876
858 169 340 116 218 667 717 972 72 295 336 286 235 977 595 318 594 490 324 506 617 968 560 160 124 144 576 812 53 323 677 968 206 395 281 850 501 222 15 427 724 190 602 244 8 299 956 89 60 30 164 248 220 524 58 162 272 148 187 329 840 457 8 905 567 13 243 501 111 331 679 292 74 366 500 493 106 920 655 795 375 0 525 804 782 553 159 372 437 794 790 793 25 559 827 949 812 848 458 827
231 166 838 457 459 103 559 504 694 504 654 493 897 57 822 173 91 632 8 83 581 476 493 179 552 9 113 825 896 299 494 180 748 863 808 630 989 851 813 259 920 503 17 401 958 866 537 229 816 113 338 100 253 133 85 173 458 106 937 199 284 788 257 113 842 883 818 908 694 504 774 385 938 542 248 414 881 565 520 117 529 677 240 572 758 487 2 858 192 956 253 98 167 64 475 368 202 470 588 437
873 907 334 726 392 315 33 913 960 793 26 298 940 60 934 124 294 210 600 84 504 522 97 863 878 944 415 340 426 639 323 279 208 613 836 734 595 441 711 289 312 426 157 656 173 755 36 952 495 357 470 96 669 196 241 296 501 78 879 463 367 954 811 809 58 849 689 265 856 593 350 263 14 525 537 967 172 802 228 377 343 172 637 600 507 951 301 748 216 298 843 651 76 46 633 172 358 815 946 512
628 255 515 439 678 21 219 997 132 443 308 177 36 202 484 594 107 440 957 924 296 804 464 42 137 455 264 217 327 613 834 596 777 917 607 880 154 572 390 875 190 742 525 901 294 824 325 780 146 947 409 35 846 984 498 910 751 997 523 336 698 653 954 24 526 889 864 795 69 58 521 94 655 133 487 98 554 342 819 539 235 794 309 695 133 231 775 893 4 740 974 360 461 452 158 697 518 118 690 590
525 43 201 857 767 433 445 738 181 421 558 534 416 843 736 303 354 931 746 716 153 686 779 374 395 695 768 255 173 8 24 178 917 310 158 79 870 550 334 975 771 115 449 798 149 784 206 690 559 937 644 582 940 950 506 605 506 920 410 272 234 882 10 849 829 623 92 678 233 323 601 24 483 320 659 385 356 324 393 354 184 20 732 177 746 211 914 172 113 955 268 694 15 165 982 590 965 190 800 612
688 420 59 655 527 718 264 409 312 988 52 638 200 691 196 392 474 928 161 938 316 174 18 286 424 237 985 330 461 785 609 926 566 646 627 763 498 679 56 183 963 977 40 948 464 90 164 745 550 152 788 320 914 807 336 856 924 487 522 119 742 426 944 268 161 789 516 907 642 906 438 313 876 46 517 534 802 440 644 352 955 21 336 620 174 546 665 635 462 916 195 619 75 792 215 832 778 116 984 862
200 964 176 694 682 241 786 28 902 348 962 860 166 486 924 514 692 417 826 844 607 350 601 38 636 548 654 964 625 815 645 43 277 686 303 29 703 664 132 545 770 84 887 517 551 182 529 298 488 212 658 192 332 474 975 246 676 485 766 557 152 72 759 284 593 455 530 715 155 149 609 303 723 557 947 239 825 599 203 582 51 346 984 855 788 340 852 252 985 861 175 463 39 919 441 135 91 656 924 403
638 14 767 10 240 906 517 525 512 903 157 440 829 303 349 84 757 415 892 680 189 437 905 947 679 731 263 263 263 274 235 541 196 391 312 438 996 883 349 347 49 267 757 339 848 936 357 848 442 761 812 244 487 187 116 132 283 607 950 119 366 765 405 491 753 12 611 839 244 887 298 589 675 794 891 23 502 577 417 153 123 797 792 831 24 342 538 550 671 507 203 523 977 400 872 954 706 33 673 534
141 595 289 473 6 131 364 566 86 938 299 228 917 127 520 489 730 187 481 716 646 673 531 373 286 744 773 412 465 473 879 577 794 128 377 885 0 158 188 328 879 832 546 9 559 525 351 932 415 642 585 188 701 348 208 856 92 101 252 418 250 801 184 925 528 72 283 654 444 989 251 712 265 377 439 513 420 635 158 556 530 512 987 432 567 848 869 999 985 783 972 978 685 761 643 801 508 677 144 44
852 990 384 596 91 64 964 876 154 886 425 386 323 703 366 984 422 123 411 995 235 329 769 329 557 708 613 442 762 919 675 4 61 571 257 324 751 179 769 982 259 647 941 107 936 509 689 717 387 184 21 324 243 44 457 288 417 128 925 731 950 854 546 408 153 148 85 187 230 843 668 711 40 730 882 167 893 927 107 739 262 904 672 69 444 923 962 657 493 651 151 344 484 765 871 87 748 703 989 823
41 680 167 663 201 990 784 524 357 86 773 120 362 953 929 822 867 904 601 671 3 189 604 127 61 270 64 145 319 734 915 900 663 701 766 182 635 570 744 576 26 931 892 476 129 9 94 6 124 492 339 464 417 274 160 125 777 96 82 630 86 718 466 732 616 128 95 305 467 643 826 862 645 587 692 41 741 624 804 792 100 362 339 291 625 535 678 486 887 376 197 905 489 546 118 530 889 213 438 100
748 903 290 439 422 513 319 936 534 767 895 502 939 283 224 736 14 511 747 609 874 786 622 837 215 479 251 448 156 495 966 93 206 148 293 774 372 899 881 377 939 211 665 887 661 181 994 790 467 844 608 810 319 857 272 558 206 1000 682 827 221 969 474 271 844 917 536 332 118 553 360 204 176 856 709 667 170 943 815 714 569 470 676 5 231 806 709 579 673 810 195 773 373 206 38 874 329 497 619 324
630 31 348 80 790 566 405 597 233 857 858 33 244 625 433 908 786 679 707 499 178 888 404 683 221 618 56 514 842 680 803 569 867 286 365 594 236 606 25 128 147 313 26 727 399 826 33 880 772 221 900 979 111 662 480 256 820 481 471 378 86 14 158 826 964 139 825 529 674 89 665 925 746 242 653 671 856 320 433 149 27 110 617 821 514 483 35 900 632 958 346 430 77 913 253 73 729 483 165 163
848 821 356 645 339 228 176 232 345 229 571 717 237 662 760 850 56 830 657 681 398 825 594 604 857 767 525 482 220 677 521 778 450 773 624 567 923 714 778 627 3 3 963 279 1000 786 369 804 5 889 0 180 190 508 861 71 800 919 484 825 589 710 268 440 337 190 339 661 230 520 690 428 672 232 495 805 713 751 537 137 288 405 880 151 4 560 270 711 351 977 663 84 810 997 732 410 291 686 188 152
617 736 329 701 453 145 983 609 977 228 591 114 342 861 112 265 995 684 481 319 197 115 474 568 782 746 648 870 439 719 132 829 417 884 960 280 972 563 883 827 835 604 445 678 125 956 330 727 633 997 182 558 231 446 217 7 633 674 935 775 783 627 347 640 879 202 592 142 142 180 543 665 883 951 835 604 789 787 270 401 263 140 752 873 121 169 240 473 112 683 750 75 140 163 497 671 384 116 919 354
249 502 191 499 90 817 432 243 831 253 453 900 161 734 48 887 228 742 718 103 332 65 642 300 118 643 437 919 165 466 465 240 865 167 890 446 910 727 967 911 270 406 635 509 983 798 94 213 855 41 217 599 684 443 793 251 819 219 58 793 890 300 575 827 925 864 785 453 536 555 663 832 198 393 89 771 981 722 14 756 49 297 545 572 981 481 627 436 398 378 892 389 816 61 243 492 79 527 712 465
906 403 243 703 219 350 987 380 772 667 745 977 670 704 864 781 672 876 924 823 654 223 522 313 781 396 12 715 249 799 739 599 285 996 742 644 31 72 579 686 134 18 630 383 277 371 217 322 103 970 993 68 426 244 953 700 657 122 858 421 849 106 99 827 457 352 927 945 921 714 62 81 883 267 932 533 722 888 893 683 45 870 771 465 339 347 950 542 346 737 851 549 117 611 715 991 27 906 354 658
773 603 419 271 433 66 982 32 535 536 57 897 35 501 612 132 66 935 350 207 802 970 333 951 426 605 726 967 123 278 1000 123 474 234 150 408 943 746 885 945 926 659 945 784 220 120 742 623 929 303 47 874 169 163 178 622 126 128 229 863 962 574 770 332 318 180 594 63 621 948 539 290 692 959 162 513 421 517 3 116 931 282 359 250 808 998 705 754 302 353 956 24 209 392 511 500 641 259 167 40
942 928 33 171 649 610 894 829 436 58 716 306 198 385 729 448 716 467 800 508 447 734 694 944 576 209 891 365 707 104 61 633 776 418 608 427 16 393 757 155 29 97 588 394 79 223 271 437 38 201 9 963 934 37 377 686 299 179 201 877 412 496 981 655 752 140 611 674 533 265 850 651 906 164 653 685 34 154 975 147 745 707 158 305 586 201 258 493 330 732 528 852 274 245 459 726 389 322 643 838
160 965 468 916 740 761 540 142 229 915 535 822 666 510 629 661 771 969 187 276 264 520 844 691 245 156 305 379 779 881 977 482 467 441 640 554 525 481 784 743 243 880 813 382 864 846 935 441 380 59 2 671 465 661 452 293 231 13 297 993 505 169 319 435 78 311 816 732 40 476 658 888 979 182 507 860 433 476 76 762 416 32 135 880 661 439 835 746 66 752 621 391 671 744 289 66 83 496 76 196
748 965 192 273 640 173 582 56 942 624 613 736 383 406 433 29 557 504 112 988 696 600 867 857 780 718 899 235 472 999 730 50 338 223 461 223 564 953 727 417 212 55 441 828 317 30 491 305 179 541 261 785 285 826 679 968 329 457 350 815 153 753 346 1000 257 915 343 976 408 873 864 957 941 3 75 909 42 57 955 60 380 236 750 325 898 760 963 265 989 217 814 272 853 95 325 825 497 591 264 830
483 845 497 646 770 244 794 776 74 768 903 569 73 574 435 404 674 699 481 412 759 88 548 52 736 74 233 721 919 615 203 439 291 708 929 649 497 467 336 866 243 764 367 877 381 536 972 765 98 240 882 713 614 253 87 97 339 528 426 100 238 762 85 927 912 926 167 316 38 570 582 554 815 750 674 787 586 922 429 382 25 828 164 53 749 369 153 592 874 789 196 742 10 808 364 140 529 76 423 254
697 584 397 765 124 707 648 91 746 292 476 479 293 408 84 692 329 934 829 806 387 527 182 737 852 614 635 312 724 779 787 136 61 268 106 170 396 995 545 474 39 236 347 696 412 767 981 103 233 521 410 255 999 678 591 886 804 845 921 48 138 661 690 744 259 882 80 538 615 436 320 438 344 81 174 258 810 295 591 131 191 833 957 573 45 358 45 431 593 524 236 166 862 834 648 810 114 247 957 596
372 146 267 502 768 326 57 750 979 569 691 573 590 846 814 317 393 114 603 666 711 601 590 322 723 712 894 764 304 192 252 442 803 700 702 338 731 620 781 730 58 99 663 324 59 284 69 298 348 615 231 88 946 387 673 271 184 436 205 507 410 438 947 444 262 719 416 721 130 211 173 226 911 914 162 318 162 654 582 929 700 908 16 479 57 255 12 920 684 745 282 362 126 543 318 430 55 998 712 155
339 391 5 950 78 480 396 527 496 808 59 577 249 667 323 694 764 845 621 383 281 950 72 451 231 601 397 660 336 603 7 320 449 849 765 162 927 394 866 459 144 652 32 792 75 953 845 284 0 163 506 451 902 576 540 357 162 549 799 624 458 119 588 720 672 243 935 653 228 643 847 320 100 358 205 481 357 762 943 23 399 350 194 891 443 35 982 745 813 638 90 407 495 576 609 24 288 508 777 107
671 64 923 317 350 488 159 160 254 86 379 451 702 490 136 646 604 162 851 157 114 73 451 410 32 398 469 627 737 16 912 514 619 585 256 666 525 282 481 263 203 4 542 863 148 41 440 645 414 461 407 674 207 891 598 486 631 288 75 759 806 347 577 0 915 653 101 999 129 803 279 308 943 455 699 336 397 289 826 349 423 13 980 292 675 200 789 157 853 122 151 610 131 374 209 639 896 86 293 484
230 832 272 221 79 75 982 117 424 634 914 666 276 195 896 477 960 525 578 261 861 952 239 485 591 873 148 749 171 234 489 229 610 144 929 54 159 373 295 537 337 434 936 226 533 347 104 585 375 342 416 188 215 878 457 352 152 936 663 53 670 280 291 860 91 305 95 500 789 845 549 84 788 115 996 577 114 746 982 752 823 638 343 493 479 20 506 909 388 344 808 223 186 44 317 715 170 588 333 683
346 859 482 993 602 556 318 535 294 288 809 148 845 366 328 447 795 572 334 8 613 941 841 895 226 405 111 649 109 829 69 860 452 267 54 185 898 192 680 215 251 744 334 247 752 156 882 865 831 952 405 303 31 821 644 175 725 172 433 273 566 851 864 305 247 746 361 248 0 362 461 300 681 791 310 769 709 610 753 375 212 745 236 770 350 995 446 248 153 216 794 906 936 351 349 964 487 602 67 910
784 832 249 986 138 70 682 341 971 14 225 12 912 802 350 882 628 103 923 816 467 236 315 423 580 314 367 513 501 451 713 754 408 701 618 31 469 612 782 161 677 37 929 392 283 403 764 753 929 412 577 71 847 94 978 100 279 178 525 690 544 716 506 166 330 428 84 608 656 784 596 514 290 452 991 981 109 789 65 41 481 642 269 832 81 970 16 486 564 229 606 131 830 708 221 62 335 355 609 219
200 518 93 428 116 490 917 376 729 20 942 967 506 560 50 147 124 293 478 829 73 706 50 281 587 691 692 413 208 196 873 150 952 304 148 13 379 572 127 527 834 46 486 622 815 97 191 897 202 856 592 424 952 842 731 64 870 742 917 97 244 768 880 384 678 628 918 752 6 107 480 721 839 406 386 913 954 254 232 148 606 483 945 325 296 73 714 337 40 855 782 312 612 281 704 407 520 446 495 356
741 357 380 66 700 956 993 273 740 460 947 751 512 749 250 51 590 840 687 403 794 445 570 537 534 688 748 531 122 32 128 918 821 938 628 157 548 300 456 147 595 130 781 726 993 498 234 255 43 488 807 98 818 496 114 361 381 869 613 932 216 292 588 13 480 324 155 494 901 221 899 941 496 69 436 167 349 841 686 632 419 871 630 717 148 911 502 499 79 619 538 77 649 268 429 667 279 602 849 135
54 857 869 590 805 325 219 559 734 861 340 737 767 163 870 383 639 619 500 291 461 781 220 792 237 363 847 770 583 61 429 218 319 227 399 681 633 1 133 577 592 680 195 954 529 996 529 195 122 71 566 875 701 122 814 95 27 549 41 194 133 667 613 985 933 578 145 129 862 931 805 626 515 416 794 576 5 633 782 77 247 274 391 400 195 229 161 629 459 946 803 452 353 831 828 293 162 350 987 443
730 624 814 54 414 781 809 591 301 558 122 306 85 622 830 491 577 391 828 652 416 645 135 877 913 735 203 928 885 172 309 461 414 843 117 515 413 938 249 621 457 899 333 575 795 959 397 657 296 587 590 517 669 530 214 803 520 22 777 777 930 174 282 522 100 849 101 98 408 325 636 690 203 534 465 549 899 886 456 485 378 366 752 630 959 728 445 23 124 391 999 340 613 97 37 598 149 828 980 285
909 471 219 628 855 676 415 652 980 160 128 590 790 713 879 553 743 835 788 851 487 319 248 449 636 267 194 437 395 500 272 743 22 817 314 607 201 503 666 602 142 600 576 426 521 9 250 972 582 704 16 125 779 467 350 879 409 239 204 109 797 431 233 875 131 809 189 899 769 536 275 684 750 796 737 131 7 28 419 81 244 367 238 164 827 151 60 662 250 621 287 655 911 177 533 371 851 850 293 421
42 2 924 895 138 999 757 49 638 43 722 237 970 277 114 82 201 784 782 2 650 508 385 994 844 521 816 170 429 119 485 812 573 2 857 994 360 61 611 668 65 91 726 700 821 945 337 361 34 602 825 860 53 602 16 6 424 627 605 117 565 206 87 59 372 215 362 266 729 143 369 229 896 546 419 546 750 349 824 369 171 399 400 777 223 911 322 890 917 296 313 64 855 95 805 778 635 826 734 267
293 932 707 894 741 837 286 856 173 343 248 291 566 509 283 536 279 675 563 520 662 981 101 160 893 636 234 164 219 1000 171 245 527 847 79 488 882 382 236 233 162 847 10 105 170 113 154 56 736 740 831 678 419 396 344 693 258 95 453 747 929 983 639 64 845 173 994 42 143 700 771 547 513 352 718 263 588 351 766 178 494 7 785 247 548 357 403 409 602 677 146 204 424 344 693 948 570 363 858 690
479 12 130 237 930 903 657 292 787 751 827 318 588 116 479 989 666 265 435 37 913 300 453 401 185 993 567 426 481 937 891 708 513 998 74 718 798 275 744 977 306 849 964 782 673 267 32 451 837 175 530 270 300 143 258 707 96 814 26 733 853 429 585 170 870 55 297 917 793 748 787 79 505 92 658 633 938 485 514 863 652 921 59 782 598 159 716 996 814 77 887 225 172 488 969 741 830 439 890 946
321 422 649 657 905 466 878 61 17 641 896 63 931 878 321 167 989 768 54 803 444 424 742 829 452 455 921 368 428 407 882 169 264 404 940 188 659 166 335 812 311 522 545 476 368 696 572 872 764 778 699 94 568 859 731 295 725 799 341 229 771 965 907 945 630 550 871 58 466 246 463 611 842 710 637 63 203 927 992 139 88 237 906 979 930 146 375 205 587 177 302 138 190 92 413 503 24 889 579 807
501 913 273 962 631 265 109 230 540 588 65 122 947 633 342 879 478 493 34 874 380 166 934 310 503 677 486 52 122 824 244 930 928 148 788 380 403 36 135 718 325 29 560 153 175 136 50 214 579 450 902 98 778 457 436 288 558 971 392 905 441 327 192 224 139 95 556 770 953 495 216 293 47 344 724 728 990 407 515 829 742 964 113 552 93 852 26 363 806 588 7 975 819 78 301 47 990 713 811 488
795 466 231 463 859 526 725 665 32 432 161 151 208 51 1000 815 716 546 132 805 533 66 946 432 219 492 32 948 932 536 649 546 602 143 929 564 734 491 622 887 512 360 651 172 739 847 863 697 138 136 409 799 308 624 734 817 250 113 842 73 665 122 535 627 502 852 141 424 267 259 236 625 656 631 57 653 364 959 14 929 349 453 477 378 969 731 371 603 905 303 902 791 321 196 446 989 865 196 992 641
24 75 643 605 900 101 580 413 541 811 538 965 333 498 768 729 389 752 830 251 147 476 215 453 911 562 455 259 75 536 55 52 562 224 903 660 676 931 541 679 860 973 1 502 773 462 949 976 861 80 20 787 67 432 991 404 335 789 585 374 612 232 920 535 836 811 261 278 431 9 794 652 90 30 947 171 416 474 49 404 274 209 193 18 466 435 796 616 21 306 872 587 294 521 831 597 766 122 345 257
637 105 691 461 729 675 246 557 134 133 693 996 628 431 732 536 234 56 153 651 16 338 221 356 397 49 244 460 76 213 281 102 161 47 932 474 187 870 947 376 390 465 536 505 946 798 528 135 885 413 685 374 29 562 377 783 916 131 632 13 5 578 2 773 847 662 437 445 845 834 774 118 963 417 333 486 534 178 692 423 785 708 307 864 833 278 321 215 831 162 269 523 237 780 640 511 373 24 188 516
414 896 908 538 323 373 720 335 106 715 734 577 326 727 167 37 477 102 360 664 394 149 501 910 257 172 217 855 851 65 210 215 970 810 108 444 525 78 861 778 318 763 400 517 381 290 402 750 450 621 203 667 458 394 312 521 77 173 683 45 515 641 897 620 679 715 392 795 74 923 357 743 264 248 749 587 347 987 345 400 740 9 727 393 212 875 111 503 570 972 308 655 507 124 93 440 324 278 336 452
695 916 257 622 34 528 131 789 914 571 195 930 149 905 918 576 864 158 106 586 853 956 490 63 51 475 411 208 360 473 106 24 856 357 332 928 117 258 128 219 593 992 475 802 935 639 597 687 279 870 952 582 35 757 242 432 420 280 452 178 198 761 639 840 641 210 136 96 990 326 95 571 372 468 568 718 976 948 859 529 471 329 507 533 630 794 734 710 661 529 625 842 137 665 589 509 763 779 793 10
737 441 490 877 192 263 981 284 606 284 954 917 905 990 21 864 787 894 64 876 247 871 597 98 929 675 244 991 33 431 903 904 721 117 560 506 649 475 848 253 245 890 730 164 107 754 596 744 132 652 975 532 771 364 75 702 775 532 948 436 154 895 859 205 706 752 379 412 981 923 684 213 760 427 280 898 3 751 629 793 319 262 932 5 623 585 838 996 712 544 362 555 458 805 472 82 427 697 340 230
560 725 590 831 648 766 480 294 723 851 644 224 287 86 668 311 849 656 207 965 299 956 399 750 329 295 249 410 256 246 936 93 218 264 937 103 78 579 936 699 342 733 50 695 516 621 473 207 711 356 118 411 608 144 88 112 62 142 795 141 259 49 341 466 167 436 782 532 476 57 89 568 497 140 122 336 12 136 789 822 857 807 131 529 186 520 284 829 84 276 815 386 914 756 404 924 397 795 21 215
318 433 115 45 838 716 673 768 303 867 357 70 521 628 291 919 684 82 465 212 843 745 783 798 583 783 339 19 637 378 773 343 924 588 622 845 272 174 985 938 435 785 167 359 571 570 507 924 394 169 83 104 289 173 138 923 294 920 739 297 391 884 581 412 387 414 129 997 670 178 950 807 89 397 931 32 637 826 472 127 594 42 836 515 9 188 15 976 711 613 747 710 667 747 628 172 46 211 969 62
983 890 639 872 355 612 440 162 476 336 836 752 909 335 651 547 814 533 860 712 488 865 625 198 604 184 905 493 15 932 363 224 286 422 284 933 167 448 186 226 945 512 589 906 1000 874 148 952 347 365 736 920 48 306 511 349 874 696 308 922 763 631 731 112 389 946 196 884 798 912 443 358 719 9 209 721 977 331 196 923 238 379 649 228 709 231 725 49 174 583 990 337 49 277 34 158 521 915 923 168
984 660 283 367 382 87 220 845 699 964 162 912 553 723 11 965 260 12 382 921 478 561 323 319 260 465 582 833 73 36 40 592 651 870 7 196 693 808 258 968 164 370 806 669 279 214 840 886 557 415 763 26 639 430 722 63 88 91 104 413 846 72 306 769 164 988 790 113 332 709 931 622 168 665 706 525 648 546 61 197 856 607 252 194 347 481 388 732 450 433 209 887 358 919 631 363 347 818 421 827
482 358 567 393 492 242 808 0 931 538 234 141 850 913 497 922 148 780 585 781 180 164 187 944 610 379 287 227 835 687 874 921 656 915 719 5 720 470 282 22 554 444 187 372 998 991 286 478 864 885 835 699 190 484 604 931 349 864 749 268 705 671 129 570 714 722 200 410 346 687 681 723 352 622 893 471 984 691 358 718 318 553 26 942 908 225 341 643 931 30 967 441 112 226 441 598 183 243 695 191
893 525 733 67 706 979 433 282 236 633 697 110 937 179 73 214 546 232 258 832 710 526 608 566 694 109 827 314 932 584 456 639 79 325 796 267 734 895 236 973 224 972 895 925 888 845 547 146 237 458 741 16 32 325 966 789 914 757 718 189 186 428 875 228 891 535 102 322 916 294 150 300 911 389 979 417 457 511 459 347 163 565 859 846 395 964 773 773 797 504 385 82 388 250 354 853 398 728 850 669
210 844 776 879 108 573 341 70 302 814 765 740 343 745 658 346 210 255 180 670 38 483 209 583 546 951 585 300 233 866 388 5 949 849 978 293 376 955 934 216 707 999 856 309 82 834 373 222 827 164 280 637 89 689 389 68 62 14 376 76 799 694 258 453 393 437 995 851 218 199 569 50 248 356 384 638 942 413 111 269 875 172 728 274 549 822 315 145 99 774 316 698 342 336 801 467 12 263 616 529
364 751 647 62 92 432 577 992 947 417 132 954 255 914 960 603 169 816 404 517 940 544 371 158 884 195 257 570 408 116 604 509 992 131 951 626 135 102 784 573 722 786 612 684 367 840 90 855 291 746 689 614 721 68 498 810 157 58 292 514 154 181 351 14 815 474 740 62 243 769 94 511 595 540 513 634 49 119 279 139 377 451 251 246 496 16 809 394 655 894 325 499 829 873 145 593 445 882 651 708
36 270 919 577 211 988 981 88 683 943 91 228 694 627 224 826 495 861 473 707 401 855 697 434 567 516 333 557 824 642 25 883 667 132 711 507 517 748 425 123 691 463 107 751 650 507 704 11 517 660 720 384 30 303 904 819 682 492 486 420 98 102 748 265 12 251 466 242 220 259 112 544 315 915 584 583 18 487 783 205 457 813 435 444 408 220 989 579 203 442 967 852 396 720 430 387 831 263 432 662
982 157 134 89 625 916 407 254 167 880 189 444 306 437 928 326 793 729 287 78 566 976 725 670 46 514 647 601 199 866 647 738 437 207 772 100 108 399 324 111 430 694 185 839 844 644 543 787 460 800 206 682 619 458 877 917 242 57 304 161 509 463 480 90 227 386 415 43 674 743 513 649 911 970 918 667 366 487 61 254 618 107 554 869 229 742 859 270 502 534 534 93 373 811 502 136 808 232 121 308
504 444 510 818 487 246 547 486 753 343 89 101 776 486 649 130 886 501 238 355 866 259 888 791 936 80 162 249 435 829 625 522 79 500 863 7 837 166 218 524 442 915 452 420 369 162 653 559 408 172 475 777 443 610 860 908 335 507 339 588 965 51 961 689 574 379 795 903 222 916 388 640 835 284 838 266 943 350 337 295 717 195 12 76 631 775 638 633 326 613 554 915 314 224 101 20 576 486 581 474
270 416 309 828 285 980 930 390 915 888 540 348 619 340 286 333 213 167 801 592 211 785 579 670 92 253 86 579 602 71 757 914 296 793 731 32 924 657 84 160 254 806 788 438 834 591 361 725 360 10 763 218 818 301 555 877 980 930 205 868 888 869 802 768 57 928 310 663 155 375 615 518 299 18 186 92 654 203 653 601 207 733 486 536 718 46 58 838 805 270 485 955 267 983 311 474 335 860 798 387
224 41 789 584 889 7 309 21 60 358 777 821 778 649 437 15 456 846 839 232 335 565 198 775 802 284 736 529 185 399 184 444 181 969 306 226 886 408 43 558 328 453 571 570 22 637 812 375 591 432 510 324 591 616 243 824 973 980 929 158 286 395 673 268 338 182 148 406 979 162 805 849 353 39 452 578 910 291 821 515 731 735 704 338 87 388 497 832 70 213 770 399 949 434 986 907 827 869 36 5
143 259 659 130 365 879 243 820 970 414 126 774 682 128 804 60 574 420 719 444 420 224 438 532 10 561 430 78 5 728 724 312 652 714 46 28 446 890 432 34 806 696 366 51 733 508 280 133 673 848 57 360 597 477 660 570 867 612 449 748 156 834 498 947 165 422 431 648 366 453 984 314 564 794 364 531 554 710 117 569 157 180 562 102 176 232 710 527 818 24 630 328 369 287 475 409 80 647 988 124
536 733 341 292 101 372 617 419 883 410 827 943 281 478 724 377 966 131 229 114 52 133 235 465 693 368 180 343 587 284 235 257 122 904 366 176 989 324 270 63 64 740 699 703 986 507 143 767 553 823 180 575 610 214 862 223 439 948 380 80 502 817 97 186 447 967 975 930 854 528 295 194 545 385 42 25 864 396 407 294 493 912 462 183 346 630 730 761 743 930 838 247 388 297 222 18 213 453 889 769
979 310 77 246 640 175 221 392 459 63 266 937 204 93 196 430 486 169 517 675 429 63 402 270 423 793 927 553 884 351 32 615 351 666 78 705 522 285 381 325 439 280 531 916 399 560 291 316 188 794 249 724 937 704 958 577 128 460 181 966 767 324 813 15 307 610 609 361 491 941 533 618 454 253 154 139 569 562 781 413 93 201 483 549 697 588 0 176 209 99 53 184 157 555 72 664 494 174 162 862
347 495 825 837 482 953 239 864 444 248 485 194 786 943 311 483 400 918 124 459 243 919 689 816 953 391 550 43 10 162 290 924 609 374 323 600 436 701 789 220 6 538 198 785 5 248 977 793 85 396 870 522 594 466 203 329 995 327 825 650 458 597 497 495 707 449 501 33 891 4 448 396 50 90 736 149 814 29 422 968 280 116 948 374 525 951 48 992 572 232 797 306 792 559 452 808 897 269 682 822
813 329 630 335 620 160 276 660 7 143 280 862 771 336 733 808 475 10 606 438 519 979 45 795 652 738 617 346 961 176 265 649 391 723 919 960 272 307 755 526 536 727 40 189 265 140 978 880 563 96 280 138 651 830 784 460 231 599 357 648 997 855 939 343 967 17 752 746 444 845 607 756 332 743 307 15 150 188 89 484 500 801 968 903 637 72 327 415 287 736 202 585 396 164 392 37 913 711 806 128
77 409 465 890 645 960 356 719 90 632 376 284 160 831 76 878 837 634 746 594 386 737 886 747 901 910 994 589 633 152 977 247 306 196 983 60 592 870 590 80 164 298 932 35 178 731 379 338 690 574 559 641 615 272 490 48 233 986 72 733 303 535 504 905 982 924 602 525 783 439 271 827 760 585 479 92 13 577 927 537 178 846 114 405 75 837 859 262 159 661 503 877 273 873 816 422 725 979 25 764
982 569 870 737 235 997 913 344 203 987 212 840 88 433 370 409 92 667 366 610 561 283 65 435 376 963 784 92 845 611 158 572 608 409 667 984 708 742 101 381 947 195 316 766 333 77 889 891 712 567 865 700 389 40 793 227 945 290 472 601 668 253 199 3 220 589 743 520 801 941 639 887 843 236 505 394 766 510 246 266 867 207 911 935 871 236 966 731 316 925 461 945 964 717 434 618 353 907 663 78
823 529 282 491 737 770 939 749 209 124 929 805 796 89 73 584 242 953 89 345 706 387 776 483 838 132 34 839 374 411 238 190 660 961 406 863 836 159 670 967 764 171 388 212 672 650 718 694 862 513 601 251 653 813 755 339 896 506 472 885 468 224 887 505 256 817 763 709 884 30 171 925 604 9 537 113 352 924 687 608 816 292 18 559 744 828 808 836 210 773 132 182 505 148 293 10 534 909 440 458
509 187 844 903 842 335 52 250 664 716 693 271 699 983 730 709 812 155 352 92 163 782 742 297 54 305 109 790 931 736 217 336 623 578 149 650 545 628 444 945 469 426 385 917 223 174 38 577 345 985 792 817 160 441 353 555 737 839 324 819 367 572 494 256 636 382 452 787 117 633 286 296 453 665 747 949 2 951 399 727 998 537 442 342 110 320 767 182 757 432 540 669 960 438 964 303 266 727 792 122
155 512 957 34 585 206 155 11 751 4 835 196 335 251 856 58 457 955 792 214 789 529 109 723 238 496 30 558 498 696 897 350 503 26 864 267 618 910 399 572 598 379 417 927 412 502 880 406 389 449 190 688 755 224 970 404 73 759 844 350 919 139 441 769 729 865 897 976 947 981 118 888 204 498 932 820 885 665 788 750 335 173 481 369 56 7 279 955 899 183 466 194 623 380 836 256 521 385 602 252
934 95 416 281 855 55 528 100 461 609 34 420 186 523 904 362 781 56 751 983 186 575 986 304 187 84 838 27 839 93 142 190 344 321 853 751 975 746 160 696 475 110 300 702 584 938 218 357 288 372 503 153 216 987 406 740 296 239 361 138 656 416 532 263 808 749 420 877 595 921 863 251 820 79 800 273 459 745 445 117 104 733 563 680 35 30 720 259 191 113 814 471 633 485 673 265 193 396 857 947
999 341 763 729 753 185 332 610 34 660 650 376 687 740 810 645 312 225 603 164 6 505 492 506 367 967 479 734 623 359 879 442 235 310 345 30 598 235 240 255 50 921 429 704 585 154 877 781 69 370 26 589 964 835 207 936 30 402 325 353 732 23 177 130 312 745 970 988 798 927 419 970 18 344 472 122 324 410 858 164 701 395 193 610 245 13 745 152 140 545 167 649 243 102 804 953 433 478 586 371
380 28 747 752 190 173 800 790 338 342 328 302 360 154 171 275 550 33 671 224 831 568 363 950 402 832 349 875 364 205 991 900 491 590 575 935 519 491 247 183 498 656 870 97 247 887 475 78 847 767 328 422 896 895 320 171 932 881 168 683 556 399 703 638 572 778 779 828 482 926 926 407 476 915 754 955 398 305 776 360 122 409 261 711 597 625 16 509 475 381 952 22 76 962 637 387 291 180 781 844
613 431 71 420 328 47 671 346 229 943 875 537 948 187 241 407 103 620 539 528 180 335 624 493 480 894 849 884 111 245 805 27 40 628 210 95 465 37 320 526 410 592 929 923 195 52 79 814 958 202 945 395 921 766 145 45 403 560 337 487 546 316 214 807 484 600 78 207 576 451 608 267 315 813 933 230 835 632 406 199 214 667 950 209 43 815 965 872 30 721 603 90 762 672 636 325 727 633 283 769
506 165 260 821 479 145 934 775 887 340 387 678 487 355 381 488 343 183 105 472 230 101 214 655 405 332 801 729 543 878 965 960 262 640 917 50 516 128 794 834 452 890 981 367 195 190 520 274 14 815 585 773 342 156 894 423 794 382 377 474 816 752 567 466 678 601 808 234 939 438 965 648 810 763 36 614 322 0 262 175 942 192 435 311 139 575 889 98 43 732 502 363 411 100 833 433 387 64 427 368
236 567 721 905 361 184 570 892 86 558 269 929 696 258 796 695 759 979 393 270 970 499 697 802 767 747 938 172 56 761 780 680 695 143 468 548 836 453 589 986 6 690 634 632 709 11 623 295 98 605 555 76 822 997 550 268 337 973 565 636 248 676 247 787 831 726 411 491 42 771 436 165 861 872 353 749 858 732 413 11 853 971 834 434 658 557 368 613 46 883 476 694 450 593 476 242 457 42 162 210
463 506 720 191 108 830 175 423 932 269 12 803 524 527 455 192 217 613 194 965 816 333 279 14 565 856 41 683 628 5 426 335 781 791 195 55 328 471 130 375 404 201 42 14 108 899 253 350 598 446 650 137 200 214 817 189 827 255 346 411 234 703 514 577 938 301 631 172 793 218 669 463 346 550 300 354 773 760 428 711 532 985 776 840 356 759 432 574 413 411 657 860 812 998 742 955 204 308 855 542
134 523 898 5 523 32 494 447 266 125 263 584 339 653 498 62 416 456 925 418 654 958 978 14 219 80 341 99 940 153 747 674 80 712 394 799 303 282 631 19 54 44 90 790 155 323 678 164 287 725 221 896 947 540 297 343 290 611 808 250 352 899 651 771 110 88 60 642 168 559 497 466 673 954 446 256 271 719 859 862 174 582 960 914 44 398 768 375 49 15 244 844 617 888 438 144 872 108 509 246
425 121 574 649 911 235 420 442 155 955 653 219 892 73 989 576 90 937 124 632 519 518 812 189 842 919 782 99 669 470 544 860 529 49 668 817 394 593 812 735 781 631 326 721 823 273 987 74 329 317 629 717 127 910 487 543 42 764 861 148 627 708 674 622 802 829 48 529 227 36 96 468 32 96 593 91 443 999 548 917 531 676 272 390 778 131 130 753 411 890 681 416 142 346 758 478 465 422 606 174
224 722 388 976 388 138 202 929 544 208 837 410 897 779 140 557 606 182 381 967 164 964 308 833 212 585 945 108 614 347 309 626 840 426 963 284 376 833 612 918 439 256 525 992 262 626 110 623 872 58 371 626 895 968 238 277 536 440 950 297 819 361 260 262 712 310 709 434 817 697 388 151 186 892 438 332 65 172 997 476 229 180 945 816 188 305 162 127 448 856 503 198 25 541 914 259 668 899 993 324
974 541 419 673 147 945 813 726 317 965 384 840 886 255 305 664 893 54 882 737 743 859 260 472 81 965 87 482 905 962 845 870 288 847 719 362 357 261 494 745 953 797 368 368 316 882 711 491 259 965 208 583 952 686 429 422 124 572 89 543 15 570 838 986 577 552 77 735 652 281 272 219 814 873 569 639 101 592 127 844 261 495 186 191 445 5 808 649 428 230 476 567 929 594 546 26 146 670 844 412
950 860 116 873 311 198 136 3 172 315 253 153 227 553 157 205 66 925 200 800 551 596 990 64 742 237 279 878 38 99 684 873 141 511 702 973 179 683 707 472 297 308 860 411 962 966 869 328 883 166 428 768 536 86 920 765 685 665 473 827 746 294 848 960 753 636 150 328 813 407 566 499 42 527 983 910 771 782 73 471 638 421 873 239 723 448 321 840 680 162 919 967 711 664 735 992 286 795 59 566
563 321 457 518 968 225 143 793 631 384 112 968 459 43 242 852 847 576 21 56 598 204 394 343 198 36 656 52 933 237 498 912 152 517 822 180 379 367 193 361 9 449 122 229 288 546 462 692 627 589 529 477 58 767 607 413 893 736 195 858 954 236 47 531 779 170 527 388 924 590 228 143 280 309 334 678 542 720 622 774 29 452 889 58 48 384 335 907 849 788 338 947 271 911 825 36 152 319 61 254
758 456 414 85 849 963 584 295 545 31 46 191 278 789 873 630 307 673 332 956 665 656 159 537 696 505 361 639 109 833 431 821 855 450 95 244 703 550 737 726 714 56 513 857 179 218 429 612 799 861 325 428 187 608 538 725 432 153 774 986 240 761 29 502 514 875 613 743 287 530 716 629 829 971 556 280 730 854 909 877 228 555 95 223 933 527 22 333 320 55 619 321 338 708 843 647 252 14 6 849
218 806 944 958 216 596 237 679 709 175 906 280 117 876 443 386 700 263 847 833 372 264 943 689 972 215 787 647 229 428 515 34 592 730 652 653 710 380 803 556 199 452 568 508 188 443 185 614 311 375 574 520 345 992 857 299 651 419 687 971 780 138 847 493 902 195 854 932 973 558 812 93 685 864 270 990 890 941 758 727 224 253 737 995 501 367 507 428 594 154 227 59 376 604 533 972 768 190 467 737
248 165 256 887 569 626 840 100 308 3 850 606 621 332 516 867 507 871 167 148 17 38 717 659 262 698 945 820 975 101 759 604 675 470 471 202 241 163 645 405 238 420 388 214 556 641 310 816 129 285 807 664 788 506 510 658 370 760 407 763 764 468 574 114 919 694 142 702 243 626 615 696 244 800 209 860 247 89 575 249 176 457 248 720 806 922 716 47 508 694 877 652 40 227 259 172 844 157 351 115
931 458 297 421 472 970 461 460 632 954 299 417 810 544 917 609 370 577 534 427 422 257 334 498 227 890 653 492 948 289 730 854 975 552 246 567 117 62 997 6 734 321 568 581 464 721 276 704 157 136 206 26 194 893 971 137 975 856 633 306 702 988 758 160 293 854 636 793 659 470 334 836 273 441 150 391 312 862 485 424 171 964 286 879 315 168 118 331 892 309 656 306 134 698 712 863 455 279 8 494
609 156 557 272 633 244 609 323 523 645 467 223 597 276 21 423 56 537 733 54 660 736 452 214 888 665 247 972 190 985 446 757 509 834 287 561 380 785 225 588 130 557 397 319 101 903 963 200 720 66 764 999 383 81 60 381 77 849 724 940 696 161 500 811 540 963 551 102 317 462 757 797 666 771 799 141 983 164 559 204 682 698 837 248 493 462 132 186 368 870 27 652 551 957 431 692 446 364 968 854
758 985 867 672 195 9 849 435 624 886 244 947 16 997 4 284 236 810 383 973 624 568 677 458 56 999 49 324 684 137 785 386 715 891 798 572 728 310 97 73 155 852 80 454 267 305 999 370 288 316 648 128 868 496 830 419 742 846 799 397 981 313 787 999 694 734 695 437 12 360 869 228 287 157 919 998 285 266 175 79 579 26 892 221 5 39 127 711 746 78 829 634 250 709 413 971 512 859 167 175
926 701 948 504 731 232 395 563 513 489 265 796 952 158 759 961 504 246 137 810 187 463 898 171 797 316 389 585 96 280 708 71 338 539 229 877 7 228 841 606 618 28 371 421 457 642 362 27 658 381 726 487 613 632 258 483 815 637 958 906 848 902 255 861 231 561 112 397 18 455 364 260 922 868 698 945 673 29 21 282 570 687 414 795 685 395 906 506 130 763 148 824 297 138 901 74 623 293 42 104
779 168 979 550 275 930 149 962 827 722 298 6 740 695 944 50 533 994 915 704 88 645 394 445 92 485 326 716 814 718 596 648 499 676 993 6 743 637 576 28 150 147 930 185 869 229 696 768 491 789 248 287 793 464 71 653 954 623 361 534 788 348 641 942 897 835 768 944 324 63 193 146 856 238 553 905 366 855 708 465 324 129 317 1 508 509 330 261 999 873 731 905 62 47 828 269 738 160 757 648
816 786 174 69 146 497 209 836 123 115 130 387 87 921 823 543 284 789 957 604 689 386 396 366 860 268 951 923 786 383 179 558 467 443 970 814 299 314 185 76 376 338 429 71 604 166 453 872 495 342 667 665 800 686 622 122 149 767 798 78 764 944 540 237 183 280 844 555 714 364 528 515 973 246 169 149 654 984 49 583 768 271 811 979 418 79 582 574 444 785 388 945 297 465 777 407 481 451 962 582
71 158 560 920 33 781 140 997 491 721 233 676 506 972 829 242 890 869 902 587 490 835 475 865 600 868 198 761 450 205 361 462 126 586 735 707 929 265 146 759 783 206 378 838 208 22 778 765 815 53 259 767 724 751 753 898 842 895 315 927 805 302 588 921 972 198 135 925 311 156 594 452 411 354 460 610 251 643 468 271 521 242 282 647 464 103 46 194 764 500 90 0 796 97 537 154 214 605 628 493
14 879 483 712 643 338 198 923 774 591 379 425 656 958 235 967 995 295 330 615 652 310 326 463 878 528 761 341 822 457 375 733 355 422 73 745 99 666 647 498 56 610 472 943 960 917 3 869 386 720 878 564 749 809 812 460 970 521 26 975 456 240 990 509 176 99 215 987 274 823 909 184 982 476 953 705 694 265 873 228 610 311 154 172 86 82 239 439 292 482 76 235 608 91 633 70 408 590 824 682
347 515 17 410 230 507 408 544 451 208 513 203 731 133 511 688 701 337 186 179 107 294 400 174 142 6 628 651 6 879 548 234 330 308 870 185 115 950 585 962 774 393 959 42 747 99 909 87 685 442 523 528 48 615 209 902 731 163 529 529 335 417 626 908 133 691 118 568 522 51 847 777 501 348 806 659 613 354 307 45 502 591 143 898 145 345 141 357 101 47 645 697 838 203 309 402 190 26 637 317
58 3 658 976 448 613 417 483 595 238 201 288 844 757 570 910 101 255 816 389 27 315 466 837 266 151 837 66 405 208 967 756 591 383 10 590 900 304 635 886 228 191 215 810 271 61 355 354 121 703 987 727 840 421 895 670 373 145 721 544 633 637 225 837 958 907 783 967 676 215 942 711 75 994 378 976 881 854 885 818 125 636 473 303 878 597 391 537 942 209 171 999 378 328 740 956 263 855 407 409
561 233 183 417 388 879 872 300 834 380 200 373 228 605 180 155 649 639 261 280 479 629 471 608 196 102 568 652 573 657 422 685 431 957 677 65 721 42 741 289 982 539 331 780 981 481 785 328 456 625 634 670 53 262 965 532 861 141 379 710 169 224 531 805 511 741 681 842 763 369 43 477 568 906 262 536 806 422 106 571 804 608 916 839 32 362 266 325 454 492 150 556 434 241 393 256 73 996 256 750
738 617 298 735 660 864 109 665 800 877 692 472 750 69 371 380 168 504 159 598 864 642 74 500 550 106 699 304 556 985 916 663 220 22 665 60 279 50 850 944 378 922 167 464 773 307 811 305 667 546 529 153 689 214 905 617 15 640 5 243 291 315 152 820 746 922 396 999 94 805 320 186 222 601 454 95 940 51 645 306 777 422 848 995 781 912 230 568 429 298 291 5 981 812 589 412 880 67 461 71
513 118 82 915 181 704 322 743 702 715 157 549 570 703 496 62 842 301 22 821 656 996 282 385 644 584 449 4 615 18 780 439 989 825 340 603 846 214 498 214 735 967 184 558 898 518 923 185 258 637 474 123 909 534 457 939 32 922 938 305 661 13 795 494 497 232 61 875 22 709 412 6 866 610 202 748 622 714 521 226 345 709 18 194 34 676 568 55 899 216 343 116 56 724 572 564 477 998 931 261
465 931 12 690 887 471 397 674 229 722 983 470 884 804 954 891 450 609 456 12 197 481 343 758 3 714 85 613 605 150 473 593 50 497 619 542 738 621 695 76 252 553 681 408 217 741 894 342 857 746 694 224 456 358 895 445 422 218 528 713 426 336 534 235 170 776 608 245 618 521 804 368 600 932 677 850 926 637 421 223 276 611 695 717 95 336 398 455 285 496 719 856 158 515 483 441 943 20 614 412
817 540 805 612 683 658 105 784 729 40 914 7 925 140 890 123 751 472 857 173 994 309 271 38 387 445 443 281 980 1 456 72 473 273 378 843 677 359 523 638 345 885 396 327 507 888 870 133 687 98 149 509 906 557 582 247 57 250 449 355 999 558 331 441 674 432 474 494 143 472 177 527 707 533 862 953 722 184 471 137 405 57 225 936 249 210 150 786 643 130 602 797 844 304 178 99 656 394 964 80
446 118 432 119 489 31 978 777 1 396 431 415 680 778 484 846 314 270 101 588 165 566 583 119 281 225 400 448 983 506 313 999 915 812 660 930 855 988 334 332 535 667 174 655 128 419 13 216 853 62 378 182 438 513 455 386 691 619 505 213 623 745 964 586 678 100 248 812 517 817 460 595 505 858 237 249 196 377 735 427 536 427 561 366 140 804 569 868 307 850 359 623 28 209 732 794 80 578 242 755
214 486 902 183 349 262 459 139 147 859 312 602 798 973 574 855 760 43 799 868 337 578 162 824 333 939 67 889 718 511 972 586 509 170 393 808 871 889 847 890 426 884 589 724 45 603 602 569 37 381 793 538 678 841 9 330 960 194 398 87 594 946 700 658 300 123 399 689 616 353 411 289 375 819 761 891 960 4 500 222 676 546 15 787 583 440 233 429 516 224 208 791 447 36 793 637 545 650 75 866
911 193 91 973 293 948 715 681 289 488 409 418 446 116 109 118 911 256 332 599 164 241 353 513 1000 90 90 257 514 695 234 473 192 970 771 573 893 93 111 882 416 2 372 808 532 814 761 362 455 328 742 953 400 617 919 432 152 468 761 47 586 315 423 5 977 536 608 554 103 601 437 63 334 981 378 229 466 33 462 76 895 679 685 265 577 528 272 440 244 176 90 638 265 30 939 83 958 596 581 137
322 419 680 141 151 72 276 670 719 680 342 959 11 266 939 382 550 380 515 748 772 422 205 632 568 93 115 531 559 44 46 33 558 115 802 121 106 466 596 589 62 610 946 418 716 943 590 455 513 587 989 244 691 574 753 454 140 797 766 51 553 741 352 474 370 409 612 104 197 133 162 546 302 23 738 819 587 1000 938 309 930 640 673 882 868 22 278 882 428 278 544 374 245 671 242 299 812 415 514 459
607 624 7 375 410 585 356 97 412 685 217 246 287 857 665 959 454 990 337 938 439 347 843 115 243 575 737 584 622 656 507 776 822 196 61 308 755 450 754 180 407 278 444 660 850 914 522 814 880 674 779 843 158 596 332 309 851 49 616 179 848 406 526 714 789 640 300 249 907 463 817 609 599 316 394 760 168 841 838 454 104 237 66 97 188 404 988 299 118 855 58 211 323 6 281 325 163 90 383 562
388 641 478 504 336 921 622 854 380 319 567 331 730 168 820 148 61 273 219 273 685 908 212 996 365 432 596 910 553 603 815 416 942 524 313 586 286 288 747 141 45 492 907 723 512 726 84 647 54 996 493 60 611 195 127 663 665 188 286 798 755 920 210 214 709 213 43 190 967 207 834 311 522 159 125 1000 217 406 543 366 323 609 256 128 635 514 899 891 868 128 329 471 552 800 257 567 986 193 357 10
515 784 985 506 931 318 262 11 152 867 458 864 255 120 457 663 450 751 325 877 411 179 910 848 812 478 206 227 709 577 925 602 158 113 334 513 541 72 681 178 441 403 62 86 62 935 379 268 378 906 558 603 867 536 803 391 823 552 839 661 710 470 56 627 621 746 812 363 818 885 550 589 53 176 334 466 572 117 746 361 199 959 154 430 463 304 408 861 480 347 767 180 119 101 242 308 752 582 579 502
546 797 842 194 92 856 54 745 325 598 429 376 648 603 920 20 397 396 301 490 439 399 581 434 285 816 141 87 136 609 211 734 427 928 202 406 748 881 677 915 6 826 253 191 922 251 909 250 690 378 630 483 246 211 281 556 695 250 341 215 80 551 854 154 874 219 748 746 802 210 192 613 187 351 323 878 669 702 881 691 104 479 109 93 312 538 861 758 443 156 174 304 326 64 956 737 256 561 830 281
868 740 687 888 243 347 580 376 135 786 561 428 923 11 40 440 511 652 913 333 735 967 40 26 645 202 655 552 416 570 183 946 520 696 728 492 587 592 800 256 206 238 46 170 856 449 429 983 746 742 638 915 776 856 498 772 5 566 636 267 98 235 918 927 285 201 217 83 104 602 628 222 54 792 621 766 397 363 638 428 243 815 823 588 215 405 233 370 290 773 575 293 919 541 704 352 247 541 953 229
363 42 605 227 821 768 141 512 616 595 271 528 209 20 589 260 899 807 616 581 561 523 414 969 209 687 755 738 924 427 353 566 128 129 382 542 86 634 528 862 841 421 292 935 543 785 414 279 724 601 714 688 989 13 110 746 649 213 851 222 644 438 590 941 7 413 899 322 16 754 442 653 5 461 985 49 770 631 803 298 22 176 285 844 698 705 881 383 85 73 262 663 424 8 670 759 809 116 240 500
686 273 319 363 23 213 556 520 981 479 254 336 889 592 375 521 919 23 96 834 711 971 821 340 465 639 663 329 718 310 419 215 832 849 77 339 815 78 258 575 290 861 438 149 337 953 737 820 358 594 47 72 523 399 575 962 564 377 797 807 332 500 834 979 987 932 564 256 692 381 870 884 531 952 560 452 410 674 9 132 952 769 352 207 472 902 773 406 239 298 841 166 275 221 892 181 61 477 742 440
144 147 117 371 468 912 277 206 594 86 596 316 236 523 887 48 14 487 742 955 338 77 95 491 222 611 335 454 598 377 782 289 601 110 216 44 175 895 653 930 508 982 713 49 427 262 156 187 840 539 955 952 254 193 656 627 923 312 632 517 753 680 444 416 923 757 282 998 786 155 76 134 784 672 516 737 924 105 441 736 196 323 400 417 213 933 5 83 791 752 655 221 155 561 872 734 809 930 39 483
288 581 818 357 561 275 397 332 375 590 934 467 679 655 387 778 654 165 201 705 241 519 122 415 690 403 547 715 324 549 347 625 176 698 58 646 950 825 356 898 667 768 845 789 806 145 851 307 287 132 532 517 267 182 150 686 800 230 891 36 253 542 637 290 595 31 167 825 97 121 254 200 245 576 521 656 331 97 181 90 352 250 534 646 301 745 696 14 193 135 967 815 836 185 66 790 348 71 426 748
603 35 974 493 612 975 282 570 840 125 930 827 885 323 553 135 871 419 631 880 34 197 898 443 463 281 158 694 959 306 231 18 549 564 317 282 872 639 322 333 584 329 325 651 311 60 851 811 353 614 434 291 679 476 405 423 820 451 989 440 128 755 350 778 663 374 472 983 5 961 647 843 132 460 560 147 486 541 285 765 709 627 522 161 1000 846 429 630 303 729 310 77 120 934 377 356 463 915 834 409
266 485 346 531 366 561 592 500 351 605 32 65 219 198 287 988 943 764 626 318 20 776 164 836 198 114 692 984 439 398 25 135 41 528 618 249 611 143 416 768 238 401 556 830 579 363 516 874 259 24 228 676 401 298 838 865 574 280 93 606 673 369 803 390 423 347 953 776 933 974 537 306 866 617 258 59 390 962 988 485 577 731 552 804 314 181 214 255 755 845 963 939 738 875 66 768 495 789 137 808
579 757 720 11 262 620 389 924 275 578 816 734 71 207 760 114 320 988 229 68 13 156 571 343 612 589 316 336 852 5 172 902 958 466 905 19 947 300 326 56 331 440 467 396 779 999 30 261 541 93 367 677 263 960 191 366 73 145 476 306 904 199 369 367 440 532 689 96 448 796 10 655 368 609 487 927 962 82 259 626 570 115 207 554 740 620 562 188 346 805 417 719 851 191 327 989 239 144 128 843
372 284 960 451 559 427 129 934 882 343 918 405 834 396 424 654 619 635 256 829 123 876 276 569 400 398 28 710 746 352 121 965 767 425 291 200 157 17 37 702 227 594 746 288 803 994 298 694 307 791 549 778 565 680 459 886 315 477 888 472 68 876 560 850 9 829 470 45 6 471 354 466 199 657 149 565 666 28 675 307 30 778 552 668 891 422 29 596 529 702 49 385 359 889 842 924 376 555 619 853
140 187 220 453 715 21 950 142 96 823 285 157 718 655 279 293 778 986 414 323 135 698 557 837 554 614 194 522 384 454 350 142 397 21 45 724 216 971 357 598 855 232 546 102 854 981 20 351 265 939 421 409 674 679 765 931 638 217 507 40 353 356 589 101 423 95 33 804 762 893 223 629 195 193 474 952 45 509 153 603 277 37 623 572 959 557 1 179 10 656 570 280 198 719 357 324 463 578 561 734
666 624 57 679 512 88 319 471 287 612 84 553 580 199 58 842 360 963 558 66 61 286 934 249 61 954 446 72 584 858 246 147 650 503 118 808 764 344 483 150 985 492 236 657 980 764 45 94 58 378 889 737 398 459 922 945 580 736 513 672 92 313 370 369 328 967 226 957 885 308 721 225 541 44 337 159 143 138 982 222 237 603 919 461 820 853 562 162 255 956 102 771 788 259 830 49 639 361 746 145
615 538 914 862 853 560 395 764 499 892 110 26 541 189 409 397 446 924 84 14 239 434 206 503 20 230 942 390 507 897 109 690 596 735 607 911 312 190 221 12 961 557 383 448 778 78 710 542 784 317 30 104 215 740 337 931 884 834 919 546 342 257 23 720 253 194 532 635 227 745 91 811 46 291 629 736 578 519 210 752 786 993 380 318 41 824 861 567 54 286 439 808 112 242 283 924 536 656 297 528
826 965 598 182 5 921 201 662 811 828 949 695 88 40 479 841 739 285 334 903 608 62 48 371 942 233 960 329 138 157 824 332 754 195 452 169 633 924 379 428 7 752 940 808 178 510 174 864 855 331 183 535 290 640 248 191 310 951 894 496 94 844 197 554 79 186 230 401 39 644 883 789 692 703 315 298 915 393 181 130 379 643 580 170 385 785 51 229 849 414 580 585 689 18 376 584 562 548 864 549
897 392 871 161 926 725 234 586 140 754 290 796 818 150 830 416 127 421 837 925 492 212 451 328 450 512 19 544 248 662 196 74 872 972 521 480 756 236 975 895 574 555 100 593 53 194 373 358 746 490 782 454 430 869 541 683 253 878 598 614 5 808 508 589 250 220 591 738 834 688 220 893 712 819 459 723 691 145 64 421 981 988 848 111 744 421 388 875 824 51 133 352 154 943 667 207 922 440 514 464
569 173 622 640 746 410 291 647 605 319 694 281 190 667 631 152 450 394 242 804 13 37 735 192 697 52 475 582 713 794 311 760 567 16 505 133 365 26 217 583 607 332 361 116 115 403 824 546 226 645 974 186 765 24 55 893 208 143 191 388 192 900 718 359 113 787 799 528 199 123 127 760 230 786 148 379 828 444 691 189 822 549 403 791 166 555 423 6 550 153 800 757 285 446 134 133 969 127 768 298
490 142 996 432 844 237 132 150 519 221 950 110 58 331 589 400 697 413 565 126 694 624 219 776 880 29 897 17 364 756 574 618 525 791 750 903 610 47 346 826 468 767 958 531 148 220 738 689 457 845 216 804 273 15 398 181 953 543 672 657 55 559 554 136 435 716 536 62 604 476 973 91 971 716 498 603 476 670 648 52 910 560 918 380 593 559 46 912 658 949 902 760 110 408 433 480 244 75 639 332
139 712 222 553 36 436 392 117 662 862 286 472 442 876 731 65 354 798 729 40 69 370 474 633 447 620 194 534 505 388 898 670 44 874 342 20 814 71 755 342 617 563 663 611 972 190 179 234 920 579 116 417 831 185 676 880 135 943 21 447 600 551 598 531 884 836 832 681 275 314 397 60 290 455 79 316 713 394 803 772 908 571 496 3 637 44 345 975 187 239 821 833 428 444 658 895 438 372 330 25
960 431 949 579 520 186 868 857 111 409 298 882 222 708 310 247 252 131 586 575 489 902 620 122 92 432 561 451 912 337 299 735 645 861 930 802 157 35 834 91 408 335 181 536 26 829 173 896 179 363 712 958 668 335 772 820 370 377 564 370 762 321 83 63 50 334 484 609 780 718 443 222 519 971 378 346 719 705 597 677 165 146 221 869 981 949 130 198 458 16 990 943 184 163 825 322 140 557 997 236
913 378 94 190 9 931 152 814 383 658 534 851 354 407 588 553 199 1000 737 799 548 797 765 972 902 845 207 682 956 978 254 291 465 862 881 761 868 419 483 24 411 411 886 213 793 830 527 628 36 770 809 414 21 467 281 844 525 985 121 51 907 415 268 824 917 448 405 44 89 190 389 27 262 47 219 66 520 370 124 27 557 174 621 61 323 123 806 432 975 383 640 781 634 26 911 461 425 775 344 457
440 458 722 525 504 216 502 517 972 827 257 269 300 873 517 859 942 535 790 919 246 595 18 103 122 740 340 608 380 173 123 408 232 371 126 934 82 810 90 570 227 263 586 86 787 80 18 679 221 315 203 197 22 617 601 798 643 528 107 871 888 828 875 152 9 54 801 710 750 229 365 62 823 861 115 600 945 194 666 374 917 260 250 484 758 149 198 611 906 764 265 931 178 381 306 184 988 195 499 148
164 345 633 180 772 551 463 627 212 686 404 773 607 949 546 766 125 705 827 132 166 201 458 131 156 796 136 565 653 423 379 541 420 202 160 867 29 897 124 588 814 80 687 46 957 201 38 283 641 545 572 35 730 901 391 894 373 179 328 721 450 491 325 306 300 1000 265 540 261 853 296 895 817 328 776 943 335 719 670 420 830 360 228 424 380 860 484 937 750 178 655 242 0 961 126 195 48 924 965 888
452 846 903 827 951 214 861 527 460 714 576 292 790 479 659 337 606 507 101 612 827 978 497 342 480 589 304 854 651 705 120 284 242 81 581 36 896 551 890 630 681 101 918 653 52 529 498 381 31 506 36 26 916 224 166 243 818 95 50 974 336 275 879 710 460 47 616 171 849 268 628 682 377 734 721 762 584 905 764 297 803 180 988 419 152 237 679 650 683 128 225 693 78 10 403 45 187 866 65 776
276 341 714 980 780 746 299 719 949 259 204 162 183 947 872 833 784 271 421 303 253 957 353 739 382 153 738 376 572 307 642 830 694 396 908 607 951 171 972 397 708 100 254 539 935 384 129 531 455 45 656 698 142 65 892 146 217 294 977 80 186 814 22 930 285 878 535 324 465 24 654 904 612 325 788 732 171 262 958 388 89 177 363 443 889 959 995 270 224 897 257 32 643 351 195 419 746 43 735 673
540 417 768 831 553 576 849 856 248 290 525 745 562 669 556 122 790 700 998 124 104 891 938 837 156 201 725 191 822 344 472 136 906 480 729 187 920 312 759 766 748 140 97 196 800 443 299 919 208 487 185 30 2 880 69 309 421 67 561 782 349 741 217 663 754 829 53 547 869 800 25 613 959 89 901 137 0 19 108 649 296 714 643 918 705 445 92 237 690 557 788 692 747 495 611 59 167 447 793 430
128 158 745 498 527 443 31 509 164 628 956 822 13 23 867 831 430 113 340 187 170 547 528 950 939 946 608 593 418 247 407 391 885 192 347 123 6 979 708 980 754 206 512 293 259 77 429 187 326 958 784 7 832 851 720 652 897 54 400 955 75 38 446 451 718 127 825 306 107 360 924 811 488 501 180 604 980 176 429 201 1 69 351 517 331 263 700 456 253 932 742 133 6 360 0 811 140 985 631 866
480 455 64 162 30 88 763 439 207 253 35 24 296 715 971 146 922 309 253 364 947 210 676 98 403 261 130 767 810 200 494 316 279 78 683 525 876 194 916 495 505 394 505 305 746 634 769 977 555 350 482 642 358 876 33 706 70 756 927 810 176 241 639 233 390 370 593 102 574 785 464 810 825 574 152 650 550 476 979 882 551 326 120 286 226 495 174 405 810 930 73 755 482 334 779 642 876 384 799 83
752 234 672 332 965 983 211 109 128 180 858 293 930 473 915 606 433 772 838 31 135 872 165 931 393 514 638 556 617 574 992 809 887 673 682 248 829 576 886 85 165 761 666 620 252 792 993 741 192 216 19 813 476 213 561 490 948 816 592 604 535 788 617 550 206 419 6 590 935 236 573 823 795 203 397 245 817 453 508 328 855 164 496 176 808 839 356 314 823 204 711 992 682 985 152 26 80 331 549 102
698 336 871 318 727 847 452 33 74 764 85 538 204 49 901 210 213 925 365 142 364 264 458 287 731 932 716 623 21 703 981 642 367 382 500 821 204 580 88 805 158 558 889 863 253 315 23 237 561 35 202 133 946 595 464 509 191 218 729 255 197 519 266 314 684 889 265 212 578 65 639 318 651 486 231 790 492 786 661 12 7 421 192 440 955 775 369 711 293 559 230 7 488 166 853 18 143 762 489 136
168 608 906 959 595 919 49 178 281 269 637 983 614 411 645 405 446 122 611 599 623 183 573 28 214 247 415 536 859 503 560 726 265 678 369 562 746 757 978 972 352 221 354 910 660 896 632 284 430 542 450 344 974 483 81 549 933 895 887 447 962 716 622 684 754 924 521 7 648 430 728 158 616 262 546 294 921 641 664 587 94 979 932 845 16 949 661 835 771 147 977 378 281 541 528 928 291 546 191 94
647 186 816 286 724 207 667 740 935 761 638 28 946 60 988 331 875 188 324 615 832 679 687 470 738 659 321 986 831 199 664 284 446 781 298 39 113 302 866 753 285 627 32 270 696 785 372 847 823 446 101 855 5 765 485 814 201 552 307 450 336 942 166 274 310 896 583 909 969 900 944 163 581 236 566 407 108 40 978 280 508 133 989 863 718 909 397 660 602 105 914 462 210 434 187 679 697 969 79 393
773 548 860 628 438 101 908 617 755 773 742 941 780 220 495 734 810 214 436 753 82 922 516 993 299 573 139 55 415 875 420 984 968 641 115 296 318 245 175 408 218 144 865 194 309 40 244 537 147 870 577 893 593 737 411 793 189 573 307 357 116 65 154 557 185 222 289 0 484 653 41 414 935 174 586 200 424 828 926 900 428 617 957 821 1 378 801 171 95 221 189 553 35 204 398 256 888 453 679 971
175 18 235 451 147 335 995 986 666 443 960 436 684 487 194 679 851 489 946 19 635 376 318 765 166 514 139 362 879 949 907 915 644 181 379 803 358 26 311 221 218 115 601 292 929 965 323 527 990 887 478 83 952 930 877 922 205 113 26 87 954 893 40 860 443 683 235 767 487 142 565 362 549 238 53 690 954 578 704 987 882 605 331 853 129 170 23 183 30 518 495 391 573 279 985 759 653 442 116 636
153 611 764 671 529 639 237 585 690 204 906 543 218 699 892 560 634 477 767 692 775 824 856 127 232 167 431 372 370 710 957 151 12 178 689 124 916 301 260 181 480 123 515 454 33 401 989 800 365 988 534 903 900 944 187 227 279 907 876 787 604 829 682 734 231 636 90 871 920 36 910 53 144 108 987 957 471 889 426 879 27 350 75 886 520 808 62 338 602 881 561 572 540 627 660 876 34 182 655 607
135 411 278 189 821 532 889 679 52 271 817 69 963 364 391 278 127 654 777 94 996 562 694 181 657 100 770 676 533 172 66 254 568 143 575 448 553 105 589 87 663 37 550 855 849 180 116 629 67 296 307 922 322 767 624 610 135 706 972 921 102 218 304 418 636 124 316 169 243 770 446 262 741 623 25 496 818 775 0 169 20 869 845 892 782 883 330 0 933 898 420 480 161 877 49 955 44 926 311 776
810 627 542 976 356 695 510 705 492 308 958 167 62 57 99 63 936 663 250 113 655 627 310 138 739 250 480 898 892 704 62 416 134 301 238 15 932 164 33 657 903 992 344 549 137 323 501 73 856 915 562 272 963 490 46 926 40 667 172 349 428 60 904 854 450 261 957 216 732 538 287 698 507 693 643 229 223 578 804 337 441 158 882 997 773 711 236 413 939 636 896 931 95 710 790 126 551 658 570 196
916 775 932 123 753 200 531 260 11 994 225 989 95 633 146 723 265 617 603 467 752 775 907 96 801 519 713 273 883 701 446 753 883 478 776 33 508 594 249 480 381 318 799 79 160 583 237 255 643 152 747 120 436 263 725 422 384 673 816 657 620 787 724 877 676 575 26 840 627 920 799 575 313 250 905 221 77 956 552 872 174 29 286 585 27 830 340 3 435 929 575 796 239 779 556 913 175 762 302 81
325 350 156 794 768 55 520 158 576 349 539 834 784 575 58 148 834 47 304 741 160 323 680 358 747 652 722 46 650 916 994 690 492 744 126 968 96 797 383 216 919 488 386 522 2 476 642 353 309 149 275 495 22 19 566 100 229 352 68 286 202 436 550 546 244 200 824 739 115 183 41 218 956 762 737 341 676 31 874 362 337 181 998 682 715 762 168 453 763 580 566 852 557 950 553 337 697 976 950 381
935 975 362 508 959 54 56 199 850 567 343 212 507 363 932 780 697 788 79 714 859 936 288 438 245 909 977 558 231 683 506 136 754 668 631 223 149 61 267 807 925 827 500 173 444 808 287 512 575 331 553 790 241 453 960 720 379 373 130 175 344 581 338 531 388 30 353 43 910 476 380 583 579 340 157 536 589 108 417 965 271 732 322 68 840 688 111 817 198 205 292 918 677 513 263 218 53 228 224 707
920 402 551 335 259 41 321 528 579 538 456 651 698 174 446 608 125 779 902 975 690 284 640 334 30 420 274 825 925 45 345 492 504 49 278 915 364 820 610 180 733 258 528 997 755 626 425 39 532 245 26 668 575 879 573 126 402 713 340 391 502 762 707 263 539 526 753 807 616 783 9 766 593 731 729 614 292 694 375 540 660 955 653 819 956 455 210 5 982 909 180 605 162 720 916 321 165 891 934 868
170 274 192 915 702 387 635 627 71 946 96 353 39 411 334 193 442 982 215 473 371 434 608 460 900 629 698 970 240 331 840 910 292 271 67 789 180 434 719 291 828 970 858 577 474 540 478 762 541 291 747 834 439 318 921 53 981 379 433 142 20 461 701 298 684 634 246 952 918 933 282 512 951 104 449 214 530 70 226 75 291 663 387 102 894 543 196 561 675 113 229 774 966 969 224 829 53 317 626 342
518 719 223 77 357 279 489 602 793 806 491 382 795 651 864 442 103 362 634 35 217 419 486 125 180 159 165 317 651 248 905 720 294 567 311 407 750 920 198 1 794 671 760 361 340 938 365 419 976 354 645 647 983 416 98 41 622 84 566 119 647 699 799 638 998 506 287 694 770 626 236 732 520 423 527 120 596 605 641 169 654 641 786 646 846 871 265 324 343 108 786 839 985 690 25 343 328 520 375 526
737 939 157 170 298 6 806 70 92 567 508 896 261 712 633 876 452 132 148 317 608 359 321 491 910 982 735 498 61 580 987 219 23 821 212 486 917 631 841 83 229 193 560 659 783 573 912 545 973 141 757 405 799 304 636 758 322 691 199 450 495 832 925 863 941 779 995 854 372 976 356 753 380 688 386 800 12 277 482 517 937 506 223 995 964 951 386 837 89 201 352 816 209 488 823 281 273 716 604 851
30 298 756 756 469 533 866 564 704 838 229 66 22 662 1000 14 844 365 727 558 394 932 264 577 671 371 81 554 354 896 931 422 177 646 913 391 626 753 997 598 882 985 868 597 221 340 949 707 95 642 13 149 788 910 129 916 474 687 665 878 677 974 779 872 134 217 625 92 779 538 237 323 793 858 935 518 649 559 669 920 941 914 46 265 680 867 3 458 948 1000 491 756 179 637 768 936 853 179 527 835
327 673 225 52 333 914 508 668 603 219 89 554 121 245 624 501 359 979 79 708 680 711 371 44 928 323 867 804 683 827 948 364 31 554 465 451 727 345 384 869 715 472 381 529 379 66 543 110 834 678 81 238 823 95 604 54 25 723 844 221 126 380 905 313 586 76 104 138 583 536 109 967 138 933 747 433 501 989 793 993 391 217 306 913 912 860 568 522 292 298 221 522 623 560 964 986 635 300 92 65
198 2 265 567 951 937 263 634 413 638 278 485 900 620 384 27 398 766 955 444 40 144 281 649 764 659 911 932 914 331 559 152 419 379 49 548 84 780 621 711 10 270 113 363 615 836 987 535 158 439 954 299 868 274 355 625 862 117 20 855 996 279 503 657 418 761 825 848 300 232 870 116 27 848 688 731 517 742 927 168 983 566 661 183 962 201 961 73 675 892 223 633 767 228 446 564 974 535 461 869
727 357 929 669 872 544 66 952 238 191 776 398 469 250 427 383 156 270 305 926 491 907 702 836 819 56 649 12 858 389 538 871 705 634 832 844 193 135 923 120 48 306 864 295 863 768 132 146 835 783 638 303 893 182 223 453 803 845 219 590 168 871 709 698 497 869 307 204 807 782 413 977 958 387 858 922 408 841 138 339 570 837 714 657 231 425 559 779 630 51 87 236 311 711 472 899 941 868 819 992
52 711 380 796 232 814 339 610 94 66 74 778 459 478 42 217 687 536 869 199 215 808 688 5 957 607 820 257 811 770 366 260 579 275 43 460 666 618 625 407 353 877 408 11 987 199 588 136 795 622 34 950 937 801 267 515 745 983 149 863 588 858 950 342 31 797 662 678 44 720 856 149 904 935 414 851 347 547 648 519 66 467 741 945 66 511 978 230 96 37 139 72 789 886 846 933 782 789 857 402
448 746 291 697 753 179 57 165 614 300 671 866 351 560 833 548 403 924 504 995 696 295 395 185 156 519 768 311 489 327 583 625 236 75 899 267 567 320 743 812 764 290 516 923 784 217 170 625 19 915 603 82 133 62 235 200 369 504 993 997 490 764 201 130 666 637 411 71 357 865 537 10 165 223 353 399 449 785 823 214 20 312 910 176 639 885 793 37 278 903 459 743 980 177 165 807 118 50 933 103
120 213 85 660 736 594 643 61 138 650 922 162 186 482 694 152 905 574 780 583 495 534 632 469 460 682 186 158 929 227 659 602 450 847 106 615 937 142 955 15 413 540 809 242 803 318 323 701 167 209 496 339 276 400 774 726 907 383 434 702 489 279 911 474 783 479 880 334 886 820 734 871 892 522 747 339 446 770 211 144 264 568 716 553 339 185 431 650 932 510 24 498 752 344 432 393 323 372 620 994
248 22 582 313 528 639 858 174 908 994 112 900 173 160 690 1 474 473 404 550 259 804 751 641 289 261 537 490 446 180 454 925 431 177 908 89 276 224 917 295 306 765 640 701 884 42 94 949 233 120 25 340 804 325 348 429 511 395 723 861 201 58 552 253 1 167 686 447 384 838 69 231 694 847 772 442 957 883 707 203 88 381 792 557 953 741 991 793 649 575 560 516 607 170 303 480 600 470 893 697
740 19 910 285 526 376 791 115 601 62 269 1 415 5 837 491 291 873 739 893 536 833 144 834 129 567 111 469 877 706 558 410 457 399 594 285 272 865 862 153 28 591 527 853 363 156 459 914 732 46 156 715 766 459 60 271 703 398 264 939 431 614 597 436 713 576 724 943 772 991 717 523 478 645 83 889 299 300 925 992 286 177 582 89 233 186 988 262 153 100 780 13 431 231 20 849 542 854 905 191
227 916 679 632 909 899 803 407 151 765 104 717 886 647 411 497 191 485 927 978 88 672 152 132 671 12 164 691 661 690 214 820 81 793 338 753 654 148 554 238 56 858 380 423 708 497 544 6 295 686 163 95 657 22 119 873 844 679 766 564 433 909 604 126 932 772 222 512 705 770 40 341 627 257 112 437 304 350 310 529 652 441 361 767 325 78 823 264 782 290 854 845 868 433 540 826 899 130 678 387
664 201 890 367 113 385 911 574 259 662 909 348 498 762 323 69 202 149 689 131 955 315 446 756 805 185 312 491 971 934 418 840 229 324 425 663 174 200 412 770 986 299 185 549 321 231 627 427 709 782 566 972 612 714 803 793 164 657 771 804 594 824 53 569 831 210 11 742 93 293 958 545 335 894 568 501 482 745 292 820 513 212 634 693 643 851 30 452 118 470 992 629 457 308 388 265 770 668 550 35
464 589 481 723 768 72 441 873 575 742 534 736 323 337 147 453 755 661 172 166 458 410 351 507 214 8 986 221 795 229 435 387 9 89 830 309 817 586 538 848 279 963 827 2 895 627 866 712 548 488 958 652 46 198 322 812 147 969 776 810 271 316 743 564 974 564 440 151 723 446 656 426 5 658 282 214 583 86 8 231 475 468 199 530 487 840 195 604 612 484 99 649 794 404 123 259 930 847 359 249
971 59 719 445 484 426 792 899 830 697 244 806 228 35 701 982 486 315 431 492 50 786 715 432 178 237 86 765 260 53 496 910 285 77 97 572 27 407 996 123 637 698 455 68 310 993 435 583 41 87 276 460 957 92 337 298 82 604 58 289 109 912 537 759 961 722 635 692 933 424 125 190 981 386 165 786 160 788 213 970 921 222 807 496 869 978 996 254 552 822 279 104 119 401 532 871 253 433 115 413
41 157 677 877 316 186 805 722 34 12 719 100 313 871 735 647 710 34 14 889 931 252 218 379 382 348 816 56 63 877 338 338 194 169 789 174 527 207 84 646 226 76 1 347 229 810 420 835 393 80 698 105 874 54 271 737 503 645 373 32 198 577 971 186 600 83 50 593 577 332 272 680 266 897 496 137 500 268 64 78 445 996 796 303 265 480 528 185 624 263 950 157 674 936 451 69 980 111 227 515
984 691 828 915 467 8 652 307 119 870 940 244 905 361 200 13 558 446 917 637 278 396 893 613 436 636 464 29 57 383 410 563 329 788 35 573 969 705 912 135 427 885 237 278 478 863 930 629 520 125 417 475 450 110 673 69 426 92 103 545 323 987 915 664 817 113 814 743 651 438 699 192 41 753 328 725 284 77 892 270 361 614 135 706 974 632 806 220 775 369 454 171 134 216 827 779 725 284 707 850
555 953 739 105 750 421 75 850 258 342 119 181 701 572 739 722 452 444 48 144 660 135 680 755 973 445 463 583 822 678 75 407 398 555 873 485 353 958 701 918 971 984 110 963 785 640 550 590 225 923 169 345 468 384 719 897 871 532 449 954 161 648 691 337 264 752 20 365 764 637 299 538 215 54 956 142 905 460 193 192 836 696 514 70 339 172 319 767 255 812 910 122 433 827 548 964 253 663 811 304
503 509 539 797 150 254 981 267 293 719 132 421 186 435 326 310 934 932 643 795 260 437 683 852 92 353 90 553 566 681 37 960 915 207 314 103 573 560 248 805 815 966 931 308 661 575 801 47 205 766 137 511 82 508 689 817 827 620 851 443 912 41 343 317 388 608 530 187 252 952 763 124 750 849 886 595 476 637 228 829 19 238 699 556 235 220 983 110 881 801 151 154 781 942 90 363 5 545 496 825
317 752 923 699 480 846 391 747 212 502 896 553 191 120 477 364 539 919 27 585 31 156 895 411 51 89 511 280 738 734 419 20 140 528 865 955 933 379 514 127 692 498 124 718 969 95 581 18 990 38 777 589 365 335 100 131 575 284 367 208 259 965 218 828 292 977 546 297 324 843 530 161 65 425 480 534 887 782 861 109 671 666 157 148 43 356 382 259 338 884 411 132 548 71 345 504 723 157 651 883
343 652 251 152 965 676 792 464 463 933 129 438 317 91 73 5 179 686 449 99 910 797 964 520 975 53 424 156 675 362 444 461 231 622 620 541 90 23 747 220 810 51 151 413 479 815 981 384 35 834 960 210 830 181 235 15 783 320 996 609 879 218 153 530 592 257 704 331 156 794 813 247 444 485 168 702 923 834 3 801 675 898 754 819 39 664 954 871 930 258 306 3 684 86 49 619 250 423 770 923
531 520 743 715 18 781 238 162 998 392 946 260 166 11 855 701 598 853 463 948 194 596 300 654 11 572 83 420 579 379 825 837 117 154 122 264 114 829 505 580 472 241 235 234 861 201 524 588 500 605 78 590 615 372 548 9 112 154 457 964 85 246 260 278 786 442 7 980 573 295 26 535 428 94 951 111 70 289 540 766 770 680 178 229 342 143 252 369 37 264 865 573 155 609 157 934 865 797 637 4
84 239 597 546 644 96 485 748 644 0 374 127 679 85 933 988 314 613 247 242 274 203 856 447 134 1000 671 140 143 432 593 172 179 441 846 938 740 640 540 600 108 503 360 642 170 642 916 652 28 583 966 80 378 760 834 341 136 178 436 544 651 411 733 247 229 11 149 577 426 160 87 125 400 844 70 163 415 833 425 916 464 263 674 644 627 311 757 814 42 814 759 8 339 943 136 916 951 518 922 168
276 686 524 208 540 809 21 469 46 380 956 828 11 773 295 194 228 487 770 549 665 846 312 549 631 885 762 488 181 662 592 123 845 384 643 294 368 650 268 717 83 48 194 771 769 364 829 555 673 324 939 427 696 825 293 548 6 751 467 68 280 498 592 995 821 871 461 800 995 719 213 159 722 1 473 60 874 969 450 940 412 578 317 34 392 363 432 204 686 28 200 192 699 451 464 575 954 653 548 662
862 771 513 476 709 780 385 351 901 935 941 730 18 589 28 406 383 966 752 850 461 308 739 143 772 620 544 492 108 266 855 364 475 493 530 407 682 57 91 74 207 946 511 197 532 545 894 107 911 976 565 343 949 806 762 932 940 556 26 35 463 718 819 969 618 29 398 446 660 8 851 322 305 123 708 219 239 828 835 700 72 603 14 609 166 214 838 267 189 751 50 957 488 982 652 10 565 42 966 935
194 188 656 204 438 853 943 18 682 122 438 800 218 878 910 418 16 562 93 799 249 1 937 986 80 766 156 641 231 62 301 954 717 195 424 25 912 316 876 206 565 722 126 374 540 930 725 961 148 583 385 908 727 358 909 242 644 463 738 129 888 57 959 506 898 868 23 835 741 711 48 939 908 76 878 503 53 609 127 341 156 763 673 47 300 350 273 760 436 914 650 542 927 742 901 938 389 629 342 427
444 187 65 68 610 209 28 592 94 160 513 184 573 202 526 509 376 70 159 764 496 151 721 850 735 743 574 645 554 127 523 297 630 809 481 243 790 901 399 65 955 787 822 592 85 862 63 741 633 643 765 985 547 77 76 909 917 816 967 319 261 325 129 70 690 472 23 658 653 440 581 584 45 372 37 445 196 936 210 632 715 288 215 67 599 258 629 412 297 389 398 800 150 317 82 751 725 710 675 221
905 49 99 838 463 931 462 795 10 76 582 134 778 442 436 678 558 459 442 512 187 120 20 602 962 591 757 323 200 506 711 382 121 969 461 848 868 690 71 365 340 853 446 344 799 921 418 604 866 776 602 291 674 441 724 802 940 814 143 711 133 437 160 681 449 457 40 231 990 885 635 977 226 103 157 133 220 252 106 832 721 626 585 520 61 29 764 316 379 51 212 576 195 120 758 339 757 999 621 102
938 27 699 638 332 835 719 79 881 367 597 720 57 779 584 128 593 132 389 257 582 544 152 610 327 921 29 209 53 974 240 902 81 838 43 937 825 179 633 397 193 571 424 21 236 317 46 795 668 562 93 501 977 434 41 238 774 166 754 942 960 330 748 880 355 940 430 971 174 710 983 830 759 967 651 13 485 690 628 817 297 961 268 185 705 111 816 817 418 550 9 558 181 886 930 309 307 35 460 772
125 242 167 826 217 244 40 453 434 427 891 320 259 419 206 63 981 661 213 554 343 76 949 869 540 607 234 37 499 75 244 568 827 590 579 424 548 472 709 989 136 27 595 894 414 489 592 593 931 981 363 900 991 454 637 497 993 863 704 699 939 509 979 777 236 898 341 983 389 535 709 977 61 176 48 242 75 981 106 655 652 19 868 171 698 839 284 427 309 128 155 149 804 43 704 162 902 852 588 270
870 845 170 317 172 160 900 760 806 108 253 840 540 226 358 215 128 401 283 565 705 100 428 438 964 578 442 156 149 699 995 46 908 411 315 532 181 618 700 557 507 408 466 505 360 346 234 835 519 209 635 811 211 192 53 33 489 409 505 61 254 645 406 516 372 751 530 979 165 498 42 663 255 488 235 193 357 582 450 996 37 411 269 604 392 922 523 663 7 14 577 32 40 68 89 132 852 915 330 460
64 188 851 0 578 409 180 971 261 950 659 250 64 803 589 236 149 919 816 151 800 19 542 119 509 993 200 270 185 510 512 777 40 722 319 363 82 961 106 250 31 13 208 869 165 94 550 347 978 350 420 293 110 461 180 896 292 618 923 171 34 394 430 329 355 241 396 122 499 42 867 464 6 796 94 481 842 599 760 978 570 132 357 770 104 560 412 300 858 732 473 476 371 292 496 347 313 927 602 884
669 525 407 32 260 668 123 143 274 814 378 804 227 119 858 203 132 270 59 334 995 669 746 336 506 908 248 343 97 732 383 313 506 847 289 654 156 121 795 50 321 215 583 257 729 922 172 940 94 153 945 818 717 252 211 917 428 108 377 298 725 167 175 76 995 876 790 882 963 534 867 337 237 723 685 900 514 690 845 274 377 808 263 300 490 986 917 498 957 708 37 998 366 46 727 972 928 586 708 312
375 911 978 686 293 321 511 922 49 561 986 558 642 851 72 133 37 344 159 798 742 854 162 465 412 705 320 351 147 183 300 129 644 263 635 565 669 357 726 186 278 719 994 449 637 761 62 679 964 514 919 919 766 754 815 752 35 724 976 664 955 209 287 648 719 176 2 338 746 895 804 431 449 139 248 2 732 993 451 162 623 61 903 290 418 166 279 381 770 798 104 576 873 389 347 85 413 732 772 21
793 140 61 740 705 921 410 646 377 721 5 423 780 782 21 302 979 227 901 85 527 788 599 677 541 302 304 496 536 941 392 580 617 175 643 636 820 817 625 641 585 363 901 12 817 424 674 663 650 567 495 667 549 124 1000 930 922 306 709 19 463 580 986 254 674 585 143 902 787 461 96 763 719 980 136 845 572 266 255 423 718 501 65 845 951 177 408 931 67 277 775 115 244 779 288 373 533 144 878 451
789 385 267 180 924 357 459 398 752 599 63 999 605 397 193 953 68 183 462 196 350 575 747 425 504 501 237 191 883 961 345 980 886 566 295 390 184 287 824 115 562 429 960 777 63 736 521 834 925 419 495 180 777 393 929 42 773 952 851 129 571 206 938 833 52 143 622 338 869 404 273 444 182 277 501 789 933 101 117 229 882 447 246 589 234 729 413 430 374 261 919 448 445 189 717 668 736 732 386 574
861 86 459 738 753 994 524 372 382 940 251 409 646 116 150 987 136 723 345 158 386 844 123 456 279 387 320 71 744 43 668 466 157 687 314 9 713 863 879 641 812 115 880 895 726 464 512 802 640 948 822 144 92 608 559 665 969 866 813 448 519 410 721 710 132 234 22 550 290 927 36 818 556 948 331 231 628 660 176 78 315 374 512 436 676 95 799 103 585 803 920 859 415 585 259 190 142 627 727 151
498 615 564 52 835 2 633 308 563 351 185 151 219 845 608 979 601 667 693 291 433 2 592 998 550 700 474 704 159 625 779 14 987 737 231 883 287 867 390 268 110 421 125 936 990 561 653 795 140 997 270 548 851 284 911 557 151 108 950 302 336 10 20 82 606 617 348 286 494 116 641 316 582 22 491 284 299 761 523 814 725 313 496 715 351 8 84 225 268 546 334 220 732 621 772 746 387 966 302 228
96 520 469 665 545 778 417 69 891 238 853 839 510 90 928 326 323 931 531 514 91 391 159 71 955 192 807 208 649 186 790 354 873 888 590 696 983 416 603 346 550 789 819 667 719 825 363 355 821 222 116 205 318 826 382 101 971 962 967 406 443 740 432 726 731 457 480 575 376 593 236 624 350 173 748 277 168 577 177 796 951 468 305 142 677 427 139 698 762 912 37 533 390 321 259 213 888 731 535 33
801 335 121 384 262 277 266 635 829 762 438 319 673 396 460 689 185 218 139 251 249 131 118 302 727 756 302 767 730 247 431 519 797 782 0 597 156 23 246 717 607 776 727 528 414 597 436 949 433 738 244 984 135 887 42 811 807 1 64 647 246 919 830 878 62 963 848 12 157 460 952 264 827 313 102 422 899 634 991 164 450 245 572 663 405 514 314 655 175 837 692 851 244 308 951 504 834 942 995 158
613 640 799 948 77 540 575 337 103 278 861 866 758 457 938 834 273 171 569 66 577 552 587 829 771 928 56 268 10 349 130 636 188 324 271 572 481 779 953 986 615 968 423 802 502 532 170 486 288 850 935 477 256 812 892 101 427 160 166 457 745 518 182 467 333 767 422 836 263 391 280 437 182 494 842 252 260 718 890 623 458 792 332 315 772 294 338 955 102 252 528 126 348 976 599 944 962 940 505 104
112 451 617 607 128 384 380 907 516 596 516 716 777 582 711 554 364 302 417 164 884 79 289 317 171 153 877 707 111 217 451 364 747 150 670 783 144 466 681 749 151 972 800 478 537 215 389 366 20 47 312 918 487 882 730 856 544 467 647 2 971 897 131 642 562 652 460 818 946 77 196 145 967 138 753 178 846 748 9 180 433 733 851 370 538 416 39 315 117 611 831 623 382 496 267 387 956 444 277 79
29 566 409 362 944 402 81 876 403 113 172 67 564 643 972 399 522 648 384 471 439 919 652 482 106 776 771 362 674 233 954 921 570 166 788 63 542 3 769 57 1000 766 645 457 854 813 440 142 371 133 960 6 977 525 309 878 503 93 135 719 457 100 479 939 503 268 375 119 5 448 891 94 129 918 661 860 170 323 147 106 260 218 936 854 193 265 754 587 287 297 300 483 54 111 875 499 430 153 575 444
775 223 499 914 396 888 367 478 876 133 875 83 473 312 30 172 958 472 686 274 439 338 470 271 311 909 144 643 345 410 219 906 790 715 798 828 941 118 482 674 983 73 747 900 681 917 864 157 809 26 405 526 395 411 535 912 481 530 838 791 555 579 605 231 717 322 443 665 486 751 137 469 765 215 193 456 627 693 816 683 366 4 843 73 766 976 38 555 434 764 842 672 392 499 613 358 550 908 994 35
320 27 486 740 281 816 103 62 727 652 357 143 485 169 403 843 865 125 400 176 325 392 830 285 548 407 533 33 383 90 806 516 192 287 260 93 161 577 803 861 555 463 694 761 975 464 346 440 528 377 905 981 682 347 944 3 941 357 915 321 173 962 468 454 954 574 671 807 820 704 684 890 227 364 510 477 520 331 296 341 653 993 821 691 816 874 531 996 16 44 781 491 576 70 969 431 917 480 71 108
883 478 990 462 864 336 517 382 906 350 53 702 307 151 216 45 580 57 829 579 759 780 903 49 158 714 184 795 832 314 109 907 269 496 160 518 189 872 622 27 619 359 151 362 699 911 54 991 315 302 322 978 323 327 702 932 427 319 197 920 999 264 334 154 492 924 620 357 45 813 405 948 142 437 642 43 830 718 523 720 129 82 983 926 379 558 875 553 163 188 945 265 53 520 792 918 390 281 459 673
586 334 373 554 942 96 28 769 178 864 579 831 35 544 348 45 625 734 782 180 23 626 432 984 91 640 533 564 798 374 394 804 656 59 547 902 380 108 662 783 684 501 469 56 504 520 439 371 181 967 858 789 105 576 439 996 912 328 235 63 444 131 67 246 155 995 31 541 800 989 180 233 501 326 270 788 79 90 231 855 760 562 436 875 708 500 228 360 52 586 476 214 17 576 969 380 524 341 762 623
174 694 836 541 201 561 929 241 552 976 25 824 286 176 605 336 372 580 867 331 76 926 194 298 452 639 262 917 564 387 635 913 447 926 515 609 378 668 720 475 107 339 403 807 295 763 388 613 245 698 522 433 577 877 364 752 904 427 29 302 310 632 969 421 348 463 267 724 33 713 573 266 191 667 506 134 336 136 679 227 950 871 318 398 757 43 180 502 295 503 31 155 768 28 508 205 704 495 651 224
835 59 418 928 806 917 997 708 398 408 82 605 430 637 395 836 276 914 927 212 519 476 993 27 415 438 814 782 283 710 952 66 752 884 756 787 449 402 868 787 752 507 442 180 323 190 246 13 490 966 511 556 247 548 687 753 500 114 310 245 786 104 191 232 4 878 805 899 91 511 510 198 67 989 893 448 568 309 723 966 424 299 273 119 549 80 496 587 646 339 267 342 975 101 135 361 44 27 988 923
687 253 689 48 627 235 789 974 978 870 761 742 883 339 194 556 756 140 714 224 139 208 232 560 972 316 830 179 773 730 381 579 582 726 667 364 31 306 989 575 250 733 929 467 41 220 192 85 332 660 127 332 249 159 146 649 919 801 465 223 528 317 689 221 529 209 487 347 531 863 957 176 713 834 712 438 382 218 834 614 725 586 963 68 346 604 924 906 580 499 218 817 605 727 15 123 870 164 585 754
84 307 146 37 993 980 204 343 432 900 763 460 390 444 83 240 806 745 363 35 80 469 39 307 671 110 95 459 691 186 397 200 442 195 580 420 331 511 766 186 215 769 727 929 512 224 510 838 740 284 461 168 705 462 785 293 460 622 286 205 616 718 702 374 1 756 273 447 115 303 674 122 675 234 839 659 335 857 75 474 985 665 218 537 824 494 335 229 522 150 992 471 942 389 101 353 238 221 717 171
536 438 381 268 404 816 245 674 712 135 978 868 477 4 523 998 453 376 563 898 414 210 635 472 690 969 291 647 721 766 819 850 787 981 834 607 932 908 748 364 995 980 965 995 604 826 910 343 812 180 154 848 499 901 817 384 794 705 585 13 419 424 69 833 449 151 448 211 252 801 718 946 122 398 519 158 543 263 341 696 750 635 565 298 8 585 67 735 35 608 463 217 316 274 684 742 689 155 653 986
364 622 242 431 950 493 350 306 37 164 462 501 730 346 415 248 915 201 219 738 360 365 886 928 458 976 495 51 288 473 442 222 868 439 522 81 683 17 661 777 564 183 838 983 961 81 4 413 184 937 450 24 60 142 298 847 100 622 777 383 905 736 818 942 303 269 430 201 104 584 610 398 604 64 171 672 345 869 912 438 722 872 48 797 473 851 536 562 552 218 122 403 539 86 439 817 759 982 661 909
52 503 370 816 164 413 406 509 17 488 452 703 525 231 54 774 527 465 73 331 319 704 497 464 1000 275 88 82 509 50 392 121 835 830 341 965 186 869 168 623 257 805 692 68 672 573 188 671 11 584 95 318 79 710 538 189 628 523 15 565 156 495 507 375 500 585 539 151 478 566 56 786 258 418 980 194 412 493 898 992 419 995 134 252 32 178 678 993 975 244 673 974 170 885 143 472 577 657 437 820
207 746 412 596 276 729 553 858 883 640 195 938 526 628 602 846 810 682 870 459 471 458 438 394 715 856 955 347 99 251 204 219 850 102 266 734 127 474 423 880 596 700 211 956 447 487 244 874 97 776 986 377 637 568 617 427 843 65 60 475 315 944 569 637 167 577 394 402 153 236 945 159 181 728 352 136 351 970 230 19 954 791 646 922 326 56 90 499 54 622 19 81 544 204 514 799 164 735 331 633
936 590 331 110 215 699 385 74 275 20 636 750 190 667 288 715 115 499 454 355 483 155 197 151 171 653 582 728 820 262 498 306 116 455 609 557 630 115 706 329 158 455 977 871 924 832 415 640 908 147 108 25 196 862 570 93 295 641 724 304 696 798 342 949 724 479 194 456 85 875 177 972 738 851 82 342 272 24 745 115 763 537 633 471 827 530 28 645 851 626 168 776 782 687 981 427 36 910 497 955
258 49 167 498 531 832 966 928 105 216 281 519 292 814 52 116 359 940 779 557 733 790 245 746 425 633 293 658 565 937 254 919 673 629 980 633 34 516 903 211 505 168 716 715 380 991 702 239 141 422 510 263 527 243 409 847 741 571 72 316 695 423 107 336 33 822 149 953 61 836 158 637 958 874 313 177 243 985 172 463 554 879 460 640 513 951 379 468 995 634 506 21 280 597 684 243 417 97 798 464
279 303 250 424 749 636 677 84 927 652 25 885 113 665 156 258 136 158 50 113 187 534 878 276 929 489 130 328 608 533 713 989 560 621 401 532 714 171 313 321 429 900 333 435 274 128 860 681 737 351 232 213 785 967 202 23 682 258 816 942 36 972 849 565 886 944 400 497 958 727 709 294 397 224 262 369 789 773 521 997 892 879 245 874 767 15 47 30 273 98 544 529 121 646 225 93 712 617 969 813
35 767 486 20 992 181 118 167 471 481 455 501 351 952 736 750 912 914 441 43 12 862 122 840 823 586 804 930 352 429 980 157 163 441 826 460 783 327 329 850 726 252 873 834 827 735 185 491 862 759 517 73 783 61 265 337 160 24 677 758 191 742 666 962 558 290 777 842 428 823 279 888 548 26 459 581 744 183 817 763 46 303 177 0 451 138 961 661 154 122 43 303 875 687 878 772 777 12 14 448
522 754 572 879 958 562 530 752 494 891 720 187 643 362 711 155 905 135 871 195 545 630 159 489 348 503 260 334 188 664 261 11 513 745 183 185 713 736 724 453 373 204 335 156 628 825 79 173 319 666 206 944 821 351 493 67 778 670 130 976 555 540 400 443 256 530 994 893 823 241 742 324 887 924 893 698 206 274 591 663 373 216 702 668 466 844 538 430 216 92 343 352 245 383 330 252 592 292 501 706
88 741 549 889 674 19 264 723 963 148 483 529 766 576 666 423 602 857 96 541 412 183 438 992 638 81 987 275 77 105 103 435 27 687 857 861 756 329 341 135 962 338 669 945 879 977 673 810 691 71 697 376 780 861 747 176 373 258 321 502 506 205 640 250 35 394 249 595 462 288 858 821 818 976 353 620 781 532 764 146 285 293 777 50 971 236 446 666 166 168 571 827 607 734 493 324 543 329 654 372
627 533 830 304 392 851 422 946 191 518 791 167 126 872 602 990 404 183 547 698 369 676 534 323 435 582 448 798 84 968 151 103 970 310 718 338 937 530 589 84 841 928 332 727 367 256 585 767 672 900 315 317 558 985 776 40 959 959 806 674 1 747 561 402 413 889 163 723 322 323 986 314 202 134 495 262 153 754 814 826 670 211 288 570 332 807 857 284 734 63 753 956 798 896 622 753 117 500 378 12
570 23 538 620 495 491 561 286 391 575 471 339 674 299 9 23 947 49 922 432 481 59 439 390 657 893 273 319 908 979 93 142 148 711 101 544 80 692 965 207 819 945 307 907 331 156 64 255 775 687 85 908 664 241 782 957 660 31 63 380 998 896 140 421 174 364 164 625 253 574 228 951 939 260 409 748 878 331 234 239 93 486 828 348 32 572 432 835 970 813 605 347 981 815 449 803 436 627 967 208
245 347 892 535 652 181 635 705 316 147 476 173 380 964 799 217 259 384 817 944 630 91 207 449 55 254 810 713 923 371 579 421 219 754 776 99 603 853 874 327 202 113 442 785 972 949 550 584 314 121 271 398 789 703 588 314 58 783 877 824 159 113 330 943 323 937 899 34 9 845 723 526 945 106 981 558 239 661 418 184 577 19 205 434 895 554 502 826 891 177 889 930 459 392 779 966 207 638 946 412
202 68 844 150 275 216 584 293 437 532 460 386 965 358 934 90 770 71 981 23 638 927 452 261 585 732 357 894 363 915 264 94 187 739 118 357 270 809 647 429 533 553 708 836 94 244 39 323 506 19 574 872 836 704 71 452 363 898 74 159 64 840 79 574 747 27 20 1 982 589 2 226 704 451 115 412 918 771 562 591 458 377 619 539 63 948 588 756 321 428 399 288 102 242 778 374 454 36 985 461
613 36 549 370 211 441 513 32 749 646 442 177 444 306 114 413 86 26 283 360 715 962 119 470 829 431 270 332 342 446 582 103 477 886 114 513 218 14 748 941 509 281 553 356 497 88 501 395 717 481 791 884 835 40 347 748 489 363 911 781 931 504 536 730 570 671 830 835 264 991 541 560 339 782 120 895 893 88 131 507 899 365 924 199 527 861 506 137 930 414 477 628 163 466 464 989 39 753 111 620
139 37 814 556 946 580 275 917 296 734 934 318 656 607 938 969 309 480 663 779 398 424 470 776 892 631 372 763 646 548 923 718 724 200 964 184 885 493 668 457 77 984 686 638 299 112 310 601 581 8 17 270 282 581 611 288 425 768 728 504 334 415 35 548 947 662 561 60 968 540 209 744 183 894 11 261 222 48 378 166 675 22 663 781 527 304 192 85 639 615 396 666 931 407 577 438 31 717 865 504
318 930 792 444 791 466 896 42 412 953 210 569 352 941 86 368 751 995 681 995 223 719 324 72 647 802 620 79 172 367 44 629 276 212 574 179 855 425 185 502 753 812 862 487 11 264 794 728 785 830 827 975 225 305 23 614 187 0 984 493 888 487 610 332 973 937 913 145 379 815 726 997 742 368 873 533 206 765 670 274 690 839 969 389 403 521 865 130 963 54 855 536 814 997 941 668 155 85 378 765
249 866 152 63 678 173 402 767 300 884 257 758 637 449 511 575 847 361 712 764 746 516 14 455 876 478 553 348 856 2 531 200 889 412 826 933 331 188 744 614 339 713 850 470 781 434 749 760 914 223 577 733 232 333 955 457 733 868 66 208 274 58 482 665 432 629 694 932 957 408 879 685 976 28 803 755 351 701 374 12 0 908 789 686 863 12 500 883 781 305 414 244 378 71 571 595 331 558 827 147
648 66 415 333 742 96 279 653 446 827 187 961 379 58 849 976 39 117 558 539 14 786 175 950 24 110 902 277 995 242 673 335 167 163 519 868 254 673 365 947 381 332 234 803 280 278 815 362 85 690 600 824 757 621 655 794 787 407 12 316 774 9 509 992 948 444 371 318 483 512 272 758 203 968 451 29 927 402 905 412 228 37 970 506 538 902 902 862 808 283 568 42 121 813 312 802 985 217 155 965
753 617 74 720 807 772 173 580 139 954 321 760 435 731 383 706 803 599 980 102 492 509 970 297 106 214 558 791 63 144 440 977 188 425 781 731 152 612 326 990 224 702 640 899 695 451 409 774 620 32 581 193 487 104 854 643 864 44 620 560 947 383 999 959 469 34 468 757 308 149 402 27 6 231 492 566 331 803 732 600 207 314 54 106 119 333 392 937 543 437 247 808 200 393 268 603 941 57 941 114
565 192 140 59 609 297 97 579 407 398 560 113 770 81 441 696 544 24 914 85 460 89 688 93 140 716 693 674 787 611 459 499 518 996 371 409 80 104 841 170 226 672 297 434 59 111 364 257 413 257 633 989 161 798 785 770 903 209 489 833 703 491 214 279 396 59 329 324 407 158 764 438 860 598 39 871 129 843 752 83 680 708 574 428 479 117 929 926 899 788 110 293 162 502 148 899 784 243 258 912
266 12 640 227 451 225 647 795 170 378 74 544 135 516 852 220 566 885 389 984 935 422 846 286 470 657 65 321 384 379 704 700 756 946 199 885 635 118 908 100 353 713 690 288 562 29 141 39 606 864 310 19 634 848 16 404 998 453 216 891 366 636 510 739 353 726 27 778 495 198 444 250 213 702 527 18 1000 846 988 291 858 671 338 177 493 269 586 288 323 535 698 605 949 8 50 861 656 389 224 133
690 485 838 82 298 937 357 576 118 687 609 668 302 431 154 943 867 898 917 553 512 423 2 707 136 27 919 435 221 412 628 606 385 646 466 303 340 66 455 826 379 491 100 463 544 136 867 649 546 292 803 780 828 525 301 14 340 345 813 887 148 415 748 522 154 98 208 255 466 597 765 584 684 148 58 993 606 941 893 43 429 145 378 238 18 463 224 326 837 807 833 115 274 24 851 617 593 407 931 117
475 787 830 270 894 881 194 227 236 24 207 14 351 695 454 952 438 498 313 24 3 196 216 725 783 155 187 781 317 725 132 640 257 235 616 523 865 405 136 750 892 659 975 127 493 174 682 883 703 486 943 975 944 0 967 130 449 92 485 826 730 255 990 925 114 499 483 711 85 665 975 250 947 271 678 247 244 846 416 468 262 376 988 489 99 313 499 556 464 936 240 141 505 166 320 150 80 837 448 127
509 40 498 14 966 49 479 140 626 169 905 113 270 380 696 18 608 493 817 1 815 762 816 590 114 289 756 795 468 73 66 542 14 824 371 105 900 970 711 313 493 954 54 857 892 766 610 50 62 199 175 338 432 654 445 764 839 400 9 697 741 417 852 756 880 146 738 253 307 595 187 447 996 671 465 649 331 2 939 491 346 856 14 579 438 586 827 918 530 683 510 219 272 755 293 521 222 450 827 679
457 590 952 943 794 965 771 878 28 635 129 265 940 39 388 774 471 905 49 88 429 141 110 644 291 472 955 741 959 548 129 522 268 182 307 202 838 304 492 436 451 564 154 214 446 867 302 588 232 411 720 962 751 375 12 225 179 667 40 873 985 569 223 808 701 364 944 373 247 845 224 121 370 778 957 847 39 82 957 439 466 866 45 165 594 152 662 178 492 542 823 765 382 158 937 475 466 774 238 455
334 341 325 645 987 395 685 704 63 719 612 941 677 503 314 705 773 884 953 314 409 423 658 195 880 236 233 147 467 450 179 554 159 856 190 413 414 118 152 948 701 396 822 864 70 420 568 709 132 369 323 409 317 806 711 611 298 507 217 827 279 332 918 705 900 141 739 396 440 132 740 897 922 805 220 329 653 340 110 860 335 80 822 891 102 272 358 38 757 88 100 480 378 912 42 39 307 835 78 56
260 252 132 225 801 464 551 290 415 851 378 526 168 543 878 643 443 592 529 623 737 532 748 336 434 304 86 419 775 646 566 365 983 86 797 531 543 737 932 323 849 185 545 1000 149 971 866 687 832 322 593 705 229 5 246 76 137 370 50 398 429 798 779 36 394 520 685 825 288 487 668 325 578 535 811 646 376 652 859 617 83 625 407 638 547 667 946 581 649 729 973 910 479 768 581 60 267 880 177 203
832 398 93 543 158 265 844 997 238 758 790 868 176 922 285 709 543 96 707 983 508 34 434 39 425 620 761 158 387 883 693 846 494 58 198 531 820 195 434 637 706 698 216 175 850 160 253 1000 854 170 694 259 849 379 649 154 743 788 433 848 233 353 906 994 156 30 187 716 232 780 404 537 123 329 170 704 71 129 833 500 860 955 760 685 321 319 82 693 997 628 275 647 808 451 153 43 438 151 331 425
361 747 482 578 925 214 85 971 737 625 314 993 843 472 969 175 193 892 500 477 216 761 502 652 80 231 492 373 893 938 520 137 684 988 538 770 281 438 934 886 645 851 397 301 69 2 197 925 431 154 361 992 62 751 895 875 513 679 206 279 59 404 876 580 744 382 571 685 616 974 878 70 296 433 253 150 830 0 151 294 872 148 253 333 190 27 112 622 902 858 56 572 334 864 203 738 509 120 633 449
455 962 504 795 526 901 718 925 838 397 336 137 180 276 136 859 412 553 445 730 836 506 825 162 21 631 801 668 930 117 66 448 109 535 5 563 429 552 153 554 835 758 374 171 396 545 898 255 336 397 903 785 839 830 193 873 204 682 224 268 88 303 116 370 602 396 924 580 365 191 200 503 640 142 429 622 634 1 355 257 847 564 485 998 924 311 216 774 278 513 522 948 452 266 36 312 662 18 621 339
221 929 815 655 0 476 901 991 293 770 137 17 283 263 697 975 298 854 944 409 802 155 156 732 538 368 837 185 40 759 12 229 946 160 836 2 29 119 440 558 910 669 33 553 766 96 645 828 256 666 590 320 641 252 433 894 519 895 261 60 320 298 926 393 204 549 406 228 624 100 930 231 724 66 290 365 473 768 991 725 400 614 478 124 528 511 67 941 67 968 391 161 89 263 2 951 2 827 265 698
871 240 863 149 331 994 770 993 664 368 259 254 136 577 399 870 547 221 848 185 288 15 190 388 713 897 527 124 25 289 267 229 269 147 506 260 3 666 802 942 534 959 231 799 311 4 254 912 98 330 338 69 919 40 689 337 273 690 991 976 373 971 737 545 458 63 38 850 868 254 376 714 483 347 684 819 92 600 787 794 510 230 413 338 550 17 92 651 930 705 110 805 899 667 53 690 309 808 197 351
604 170 222 788 37 643 665 819 264 721 738 726 428 318 479 294 613 67 266 147 973 571 768 940 770 413 983 896 958 266 584 14 693 689 902 141 493 550 412 471 725 757 797 79 131 153 266 139 40 824 230 750 752 557 444 736 476 857 812 374 493 631 899 913 485 541 665 62 726 903 883 611 733 279 287 627 208 206 939 20 738 519 897 312 305 439 198 864 11 246 992 769 152 214 18 943 364 266 87 899
260 344 954 918 961 968 383 64 983 941 718 228 575 1 679 334 913 446 311 818 898 311 654 15 682 950 420 835 127 351 532 71 980 742 463 950 130 630 525 822 173 488 337 261 392 761 354 585 975 469 188 441 902 380 180 321 122 791 948 455 517 151 341 724 850 879 929 906 442 357 610 298 361 394 993 391 376 558 316 783 61 603 756 11 83 317 753 7 379 588 890 494 578 280 751 567 695 457 292 449
276 899 197 844 484 279 99 533 595 111 531 344 887 988 208 539 762 480 207 110 310 328 496 538 158 361 325 808 362 583 482 468 129 622 498 325 220 435 105 205 269 812 15 12 450 9 870 314 798 596 22 337 942 967 858 900 983 717 734 258 584 944 601 252 481 49 307 841 396 239 398 38 88 303 612 960 995 584 715 950 866 688 957 201 957 198 934 886 313 656 513 269 839 193 320 139 168 811 696 57
769 758 108 584 875 386 151 816 20 181 20 882 29 970 486 700 679 869 110 150 545 411 763 229 918 68 689 666 426 577 160 175 186 179 254 14 78 115 961 651 364 805 424 404 809 291 491 18 912 863 399 909 943 154 118 460 551 289 686 620 458 81 416 501 842 499 273 41 7 787 760 462 888 6 951 953 196 120 761 924 468 59 724 288 430 14 297 510 957 882 893 814 43 175 127 59 215 939 804 818
496 560 641 276 240 244 293 36 312 348 17 933 497 878 316 622 842 472 780 970 57 830 369 844 819 147 279 662 979 104 46 150 86 980 251 898 654 308 621 95 818 990 973 406 731 477 96 112 906 228 941 897 501 182 728 527 601 713 43 400 846 8 183 762 565 240 960 508 632 723 385 424 487 67 172 810 610 728 174 941 564 712 174 233 961 92 334 373 149 381 195 253 498 817 96 313 534 473 648 712
620 662 428 516 771 235 257 461 544 180 982 72 878 750 745 658 600 217 124 669 941 166 92 922 153 37 448 583 631 932 992 205 965 25 777 65 670 328 709 857 148 841 283 827 435 92 827 510 408 22 514 455 807 77 672 75 468 48 683 616 57 781 948 772 705 435 719 20 543 228 241 896 471 404 430 824 60 991 939 828 493 254 960 935 889 189 156 3 241 10 404 337 848 666 46 859 944 781 123 709
15 759 766 647 325 191 236 215 500 450 448 516 546 471 754 674 519 500 36 248 903 39 569 813 259 337 986 612 86 447 353 366 395 826 603 850 353 281 789 430 198 444 975 190 788 259 70 916 365 952 193 427 764 138 514 245 893 145 523 993 154 433 917 557 615 319 520 125 681 429 483 98 185 276 543 332 686 172 601 725 457 697 668 448 681 966 929 979 807 931 777 806 822 318 521 999 3 169 692 829
546 806 842 729 288 578 217 828 483 179 574 881 596 609 486 379 470 650 908 639 566 904 199 189 639 667 82 606 568 279 748 683 541 722 40 752 914 384 494 832 175 761 289 414 804 839 856 388 781 460 103 915 546 325 613 762 648 829 804 322 173 299 149 577 500 476 449 86 732 480 949 660 659 465 882 483 606 986 532 113 454 431 629 785 827 322 198 327 939 672 675 260 528 190 438 267 671 672 939 474
118 54 69 819 34 645 2 759 601 273 747 33 490 429 602 719 261 889 124 371 136 639 437 469 185 579 151 895 838 951 757 387 739 233 405 318 314 681 139 402 213 395 104 725 119 793 433 329 688 462 57 978 68 422 591 632 211 117 72 524 362 220 948 312 781 672 696 901 515 388 836 548 54 928 387 122 433 180 648 564 564 572 36 215 936 335 65 196 60 478 817 170 392 763 956 455 174 0 462 37
460 936 890 941 245 256 346 129 800 120 275 993 409 652 646 259 409 584 437 779 542 228 679 538 3 624 213 292 104 503 581 865 338 98 671 147 944 400 149 89 219 509 832 719 513 383 918 593 413 592 51 585 965 116 176 479 380 455 194 815 252 446 164 252 476 103 156 827 260 686 825 504 362 346 693 989 507 744 596 632 434 620 391 300 289 35 192 717 558 206 988 883 650 333 435 362 597 664 998 689
31 663 937 411 444 418 621 81 969 527 634 656 3 441 615 596 114 149 53 304 38 226 610 478 946 450 631 245 797 535 546 341 930 766 166 335 236 637 257 125 603 331 222 454 552 526 99 966 465 871 169 979 439 359 820 595 837 724 511 398 121 736 601 442 933 122 718 903 370 332 70 906 842 63 417 139 711 509 32 344 687 734 48 159 117 158 984 951 270 863 785 9 510 507 848 306 553 182 867 693
916 206 513 743 702 607 53 238 769 386 786 484 963 185 648 662 368 98 746 226 781 780 759 3 389 149 838 700 320 658 222 497 837 963 240 48 180 523 836 765 551 547 505 175 923 225 237 905 557 389 284 393 33 0 604 798 413 500 132 306 308 10 720 105 911 724 468 530 475 481 775 97 108 624 302 203 636 282 12 328 884 885 251 292 274 16 438 749 557 499 803 93 76 661 969 148 431 770 608 490
651 464 971 164 332 103 351 753 679 594 921 114 865 384 934 726 105 712 825 241 261 281 602 129 372 351 454 75 157 47 612 126 883 434 137 733 810 364 609 91 660 59 710 912 909 779 907 228 675 423 700 276 630 776 201 360 290 358 402 484 191 974 100 668 262 801 690 467 1000 98 605 959 612 753 931 625 989 741 974 842 629 67 21 883 933 914 524 270 949 960 842 132 50 685 459 33 48 303 956 708
618 375 532 820 915 690 857 258 124 518 513 741 412 7 881 226 241 857 903 465 480 640 677 124 945 982 594 103 178 181 793 857 934 35 971 520 22 442 21 516 179 286 394 930 894 122 380 484 842 962 534 141 871 298 118 297 399 543 981 462 422 628 898 796 40 945 946 390 551 903 469 251 813 633 510 944 120 998 557 564 281 299 823 341 734 756 314 560 470 74 336 606 768 330 198 965 941 50 257 223
787 162 61 238 279 253 302 545 406 633 665 300 113 588 928 552 668 846 539 118 48 835 174 469 868 497 96 685 615 342 847 249 941 874 699 490 986 736 439 240 215 885 913 12 391 840 824 692 295 723 722 603 176 63 686 920 340 462 714 3 40 338 349 5 61 703 685 321 985 725 143 410 44 531 239 787 453 913 711 610 901 118 43 360 156 523 171 953 102 262 581 840 527 219 859 917 626 626 974 335
483 563 704 476 479 215 426 118 269 585 735 45 899 834 48 329 179 742 617 933 887 937 580 311 205 447 696 488 992 675 828 448 830 374 341 236 552 962 901 436 901 586 522 201 691 828 221 863 503 553 57 485 833 408 835 300 744 997 426 394 998 685 838 800 527 384 384 894 637 348 779 299 954 281 81 166 15 327 605 751 507 88 219 198 712 269 835 562 401 534 556 982 635 221 330 222 90 715 120 394
392 823 828 819 44 84 737 406 185 838 458 26 922 799 793 477 703 909 226 543 309 3 735 395 979 432 483 817 798 139 305 101 302 115 527 386 982 976 379 173 598 694 837 820 322 937 695 125 853 711 491 782 339 479 586 748 637 107 100 306 12 879 596 149 599 406 140 137 826 92 873 138 711 127 281 251 639 416 635 792 970 676 72 465 383 862 39 914 567 916 674 398 445 98 399 42 688 429 583 849
45 559 133 864 751 726 565 362 58 456 3 986 491 71 135 133 509 553 213 855 6 82 960 798 113 444 371 329 617 242 427 88 912 441 234 615 906 6 60 404 817 918 50 989 981 896 24 608 795 238 684 836 334 635 433 170 283 996 392 486 386 151 458 238 0 967 357 766 157 604 584 373 171 966 496 395 50 104 143 306 87 105 591 542 367 627 571 118 649 130 523 283 117 489 450 679 178 269 930 522
603 242 273 704 840 936 858 796 933 436 947 919 916 623 684 511 13 338 184 27 140 835 940 826 358 0 484 445 775 322 168 91 710 524 887 576 760 949 71 338 787 100 320 762 510 599 248 590 402 899 571 76 92 933 156 426 16 513 77 229 60 17 630 97 286 5 764 73 676 457 686 131 193 39 784 157 990 620 288 88 825 298 407 605 288 718 250 950 452 504 326 210 109 686 545 776 659 991 220 60
939 476 195 306 804 232 594 426 333 12 380 735 430 183 246 667 860 701 444 923 757 34 763 204 364 69 941 939 296 96 617 979 496 339 555 270 677 299 973 734 11 675 228 538 698 786 11 922 355 561 532 533 818 842 280 980 148 229 485 783 782 790 106 658 4 537 385 567 328 65 719 660 128 327 349 111 165 602 440 875 8 267 351 109 670 157 986 26 637 870 258 540 773 191 939 830 600 378 752 708
72 691 128 831 874 152 264 528 207 856 877 138 721 748 396 621 200 565 717 214 489 801 906 800 605 893 672 399 634 403 363 826 141 363 120 288 576 177 164 148 923 339 386 983 407 379 611 79 657 501 243 538 467 470 523 990 174 219 329 204 272 343 204 135 102 328 7 528 634 989 639 235 726 726 185 537 684 345 723 9 258 226 510 277 893 209 843 500 600 800 666 797 753 658 250 363 766 696 213 34
170 774 600 300 422 663 162 48 937 887 304 300 101 16 378 380 650 981 951 859 978 543 292 421 792 990 980 333 260 447 276 42 732 513 664 158 126 428 114 295 118 34 424 643 185 814 923 812 679 448 402 182 809 521 233 747 718 863 943 322 860 79 660 653 842 74 620 299 885 954 662 146 635 371 800 339 243 1 325 686 293 280 157 505 644 509 856 135 672 719 113 983 970 654 136 277 522 333 650 860
657 902 961 681 959 241 321 381 654 343 575 487 343 650 653 246 775 87 802 58 73 451 715 583 220 408 723 855 802 212 211 130 162 266 173 390 759 684 80 547 408 122 635 459 4 3 189 173 956 319 181 487 504 167 62 113 83 657 193 274 971 997 726 637 931 349 845 817 182 552 15 596 571 206 901 572 947 233 476 608 156 599 374 128 515 381 635 842 933 640 417 143 32 529 660 268 630 818 822 734
797 429 439 38 426 750 547 854 124 8 571 432 255 500 452 333 34 135 386 866 683 107 490 997 601 487 261 612 932 924 483 295 174 582 60 430 757 616 332 429 150 31 272 436 511 103 89 104 409 934 742 326 222 81 632 425 580 981 383 113 492 51 346 560 370 451 93 5 875 702 751 442 972 448 306 534 863 227 309 921 990 803 733 522 847 417 771 361 547 413 570 750 330 598 117 360 684 750 215 757
563 666 367 920 311 151 254 330 835 118 580 45 253 705 231 433 809 702 360 234 489 117 63 549 164 831 637 252 228 960 804 250 511 343 987 537 783 442 966 428 270 577 835 734 253 78 792 46 409 245 933 374 569 784 137 979 921 345 329 852 391 759 922 68 739 132 310 277 316 91 916 132 474 235 69 369 838 876 935 39 189 58 70 417 318 896 658 82 410 217 595 543 902 183 193 59 731 980 135 987
630 897 79 336 392 950 851 723 501 764 797 884 330 517 855 81 14 284 635 706 16 522 767 346 148 888 244 292 697 743 608 878 738 90 657 238 97 464 451 386 84 601 387 739 576 925 989 551 765 490 824 122 689 33 351 237 836 336 337 302 885 373 452 390 444 57 296 368 292 192 771 555 967 57 254 139 989 304 858 89 230 511 613 814 153 3 942 144 506 176 748 188 974 902 171 37 492 302 331 307
403 972 377 491 300 991 319 474 129 669 469 537 732 929 393 968 485 106 757 518 983 549 861 447 401 598 468 1 40 809 411 392 792 699 877 303 994 162 143 682 551 420 752 740 306 439 407 369 980 185 472 556 119 342 744 561 399 171 333 546 452 359 476 521 413 377 666 236 477 95 249 643 824 372 962 485 896 551 650 426 702 789 413 6 499 377 384 555 231 581 505 839 306 174 322 205 868 834 984 782
571 316 833 294 674 752 135 236 315 591 527 211 68 390 700 314 560 603 149 465 203 197 976 531 964 463 372 46 688 463 263 168 540 827 883 95 555 695 903 776 982 213 473 390 533 39 875 484 559 447 697 760 952 139 627 568 26 596 791 583 992 924 36 361 620 575 976 118 61 566 291 889 623 86 810 592 48 235 455 889 560 162 480 721 238 730 611 985 794 816 107 752 681 36 498 896 256 470 569 402
402 695 291 221 595 882 888 454 835 509 790 751 802 841 624 906 427 138 378 608 663 603 494 399 350 709 481 48 680 206 409 72 95 443 344 868 953 721 656 862 630 241 577 226 245 847 199 838 584 436 863 952 63 352 335 31 386 164 223 686 806 220 592 481 721 449 345 653 835 157 963 535 258 917 875 838 865 741 713 655 164 49 186 750 780 275 561 786 367 431 846 883 985 797 686 171 918 132 499 686
925 947 271 329 82 960 30 33 75 532 223 153 97 323 206 885 605 461 261 750 598 750 397 6 619 198 177 677 490 939 407 804 841 972 185 658 583 665 714 576 409 930 447 200 855 556 142 848 384 995 37 332 521 377 728 725 777 556 532 502 21 305 166 257 20 198 166 236 75 930 297 159 545 411 644 781 560 507 713 959 169 912 182 105 797 65 991 175 191 785 542 588 342 795 609 14 573 594 515 837
413 717 897 23 448 775 968 132 162 716 237 296 62 913 417 530 900 179 556 525 151 397 141 204 572 532 581 894 275 113 563 477 624 953 136 937 573 646 703 31 364 86 772 17 699 750 739 266 166 609 574 8 492 194 462 737 704 268 392 735 75 43 583 417 458 800 264 685 544 210 883 731 543 316 585 823 623 257 655 383 5 870 542 124 510 757 435 918 146 170 366 71 613 119 859 610 878 228 888 787
307 210 659 343 954 4 685 35 141 527 846 118 216 248 93 691 684 66 498 916 856 877 838 737 313 406 727 323 235 766 823 40 639 887 586 84 669 455 606 295 437 75 185 568 643 121 232 297 89 262 787 671 649 407 985 294 450 208 846 570 97 459 110 643 835 393 106 152 948 765 335 290 117 226 276 771 685 394 394 289 115 803 718 522 302 381 993 49 320 598 735 792 155 763 24 653 716 732 289 607
855 826 439 111 433 47 911 110 324 649 855 173 497 609 150 931 778 264 58 414 36 124 823 53 360 527 851 943 105 685 113 707 508 503 44 312 757 931 403 264 895 587 516 186 507 169 563 419 679 132 294 660 298 630 426 769 0 978 64 67 540 831 772 18 80 852 669 813 63 842 922 991 144 144 869 578 880 4 494 764 541 978 389 968 571 702 989 103 430 270 184 109 565 602 280 369 948 680 734 110
581 438 422 258 990 231 588 853 342 677 779 690 600 449 29 308 87 894 71 835 244 113 996 685 926 253 30 480 790 299 851 627 39 721 6 469 261 81 98 865 312 15 905 609 94 249 56 77 35 476 201 756 330 337 126 423 360 891 721 262 806 917 699 584 979 259 477 110 597 929 688 351 599 328 595 931 544 470 435 530 514 27 160 530 454 348 540 418 739 14 431 885 632 813 853 263 221 66 36 243
393 24 263 871 847 358 145 654 692 516 557 957 648 182 713 87 41 667 803 154 587 183 841 675 75 204 812 690 404 66 967 889 575 35 858 233 864 762 145 168 577 124 326 423 622 268 715 78 625 517 117 680 829 261 633 677 601 17 465 453 367 189 161 156 693 481 728 364 808 386 325 329 12 192 136 851 377 75 189 733 873 547 142 519 346 987 417 246 272 897 177 580 942 814 680 922 804 521 173 694
40 159 617 433 609 925 953 380 457 395 517 806 486 535 276 652 781 389 507 718 290 73 459 420 155 389 636 285 808 903 305 83 323 766 940 838 362 467 40 993 387 133 832 80 89 864 425 973 503 119 385 349 883 649 709 770 526 48 984 233 34 950 696 418 446 659 328 142 297 868 445 516 428 261 880 256 283 566 803 613 928 644 872 942 917 198 165 609 983 832 512 441 117 306 257 849 186 134 359 872
318 644 997 28 834 93 267 931 962 815 188 839 740 951 326 25 1 548 730 556 119 851 598 472 276 625 9 178 119 897 507 666 72 959 911 887 565 715 719 833 320 66 480 912 353 531 324 518 862 567 455 808 720 49 71 892 393 443 966 868 600 217 19 743 335 370 220 738 21 150 617 171 726 679 523 346 454 221 887 112 703 445 709 161 61 404 851 22 646 498 104 832 69 715 911 167 749 597 134 817
493 981 992 958 550 352 195 245 879 442 437 962 290 29 635 683 494 389 756 443 101 982 769 547 544 361 355 777 936 468 373 984 418 161 68 288 3 723 513 787 664 759 914 114 728 866 497 943 112 938 220 566 24 9 350 584 905 371 711 143 622 71 250 158 673 374 623 660 9 338 388 153 5 374 255 256 396 255 485 948 934 592 134 828 660 701 664 719 577 692 138 760 940 993 788 207 658 199 69 534
107 125 312 419 940 172 517 256 148 436 478 89 836 530 145 921 827 123 663 516 599 935 38 140 402 209 116 886 791 353 776 793 685 815 895 633 801 288 83 684 492 561 67 232 43 564 584 591 535 274 734 891 722 696 436 58 848 601 590 617 905 628 646 650 759 638 989 394 50 74 609 64 968 589 258 179 8 18 73 242 627 181 729 227 320 983 185 480 702 898 399 287 340 668 659 364 399 242 666 39
339 112 391 873 878 523 630 5 161 567 545 387 337 509 565 548 147 775 24 493 231 159 318 484 60 894 349 817 738 745 945 812 289 450 772 926 6 949 832 63 290 708 307 201 445 226 857 696 213 493 178 131 390 928 326 93 926 866 848 846 581 544 742 826 945 228 38 799 697 427 456 731 953 916 197 751 970 128 169 480 850 96 360 771 453 188 866 824 477 819 331 786 365 164 195 691 428 311 684 531
296 796 928 600 422 647 509 915 234 343 405 302 530 496 915 813 383 18 134 569 908 812 985 626 321 666 958 426 191 451 308 822 44 814 265 331 863 322 460 488 55 105 285 321 591 548 949 542 251 585 854 617 500 177 815 924 15 699 804 876 114 743 173 946 972 810 262 402 603 66 990 72 348 618 18 315 122 186 216 273 148 147 522 757 868 369 64 346 315 760 867 606 621 717 284 736 828 273 308 801
193 673 461 912 737 458 518 136 536 172 281 735 591 45 664 996 107 283 911 794 235 874 485 675 854 655 946 103 726 927 431 417 789 588 50 686 808 600 812 853 732 42 554 612 138 175 936 803 779 375 962 929 873 205 297 49 839 248 81 520 570 210 703 711 803 985 991 896 648 78 136 732 9 239 604 205 528 338 667 566 949 709 787 747 866 855 771 499 112 375 952 431 979 130 318 550 795 579 550 991
955 2 158 48 947 602 474 698 16 607 592 303 158 573 757 777 192 904 468 287 262 8 663 416 963 489 449 510 964 413 387 222 881 277 50 183 928 79 321 189 958 802 658 552 324 950 714 751 182 124 45 13 150 540 273 831 912 534 926 743 516 460 938 149 479 555 473 219 696 825 807 507 38 125 761 591 491 365 246 237 908 582 221 789 9 469 985 488 456 267 309 901 580 19 191 250 949 220 544 420
40 332 188 888 806 168 490 353 973 196 837 434 541 219 128 275 227 919 867 879 398 601 584 945 297 436 1 989 814 434 703 672 492 727 870 423 770 566 53 966 682 47 700 737 923 406 763 208 776 21 374 537 684 915 564 486 167 505 994 890 837 737 226 692 956 792 742 564 898 207 963 793 117 400 417 969 324 911 115 195 120 852 934 296 472 241 104 210 893 823 452 30 370 595 696 705 384 282 647 22
552 774 980 95 392 17 988 506 652 320 573 383 828 821 55 514 581 387 826 710 426 454 576 113 323 876 431 6 84 611 350 929 446 257 617 716 577 80 63 920 279 124 878 513 807 265 766 871 646 493 501 959 310 647 17 619 508 259 355 354 854 330 870 776 564 987 481 767 948 839 50 604 822 839 0 775 770 527 540 833 483 843 409 107 293 681 107 626 938 835 864 360 114 711 808 595 410 986 524 291
260 347 242 124 282 302 872 618 311 649 471 922 321 293 554 227 222 669 41 22 379 35 105 429 508 185 571 817 939 213 846 540 939 755 157 423 807 496 83 203 620 26 205 356 599 588 551 863 185 381 927 581 693 482 761 458 348 404 63 567 625 438 549 736 78 331 567 23 769 18 444 903 561 970 952 785 662 473 185 171 647 980 441 615 379 996 158 815 837 202 996 344 508 323 194 941 187 769 690 532
927 327 35 712 944 483 328 916 723 739 963 236 872 340 936 761 501 925 629 725 632 616 137 756 949 975 985 472 126 113 45 456 142 799 817 980 600 120 791 201 707 8 794 193 819 123 667 872 701 197 998 541 375 329 954 473 457 90 140 825 927 390 603 438 253 220 490 423 736 756 350 376 11 649 302 129 865 181 962 250 187 806 358 804 930 477 545 488 588 218 758 296 945 193 701 39 234 258 167 88
342 468 743 783 756 596 587 567 935 77 153 694 105 363 193 839 554 415 723 910 42 164 815 596 453 122 321 77 190 340 956 291 454 953 30 937 660 973 965 489 759 292 896 660 722 125 331 337 183 621 437 656 156 724 680 83 45 980 517 613 961 552 279 963 892 488 830 832 306 924 910 932 999 287 188 867 883 362 441 837 686 54 559 651 894 254 897 880 964 127 105 916 577 81 23 120 204 519 658 992
537 511 209 145 289 73 679 413 951 228 354 663 550 126 979 666 31 780 971 290 266 394 240 700 274 418 41 23 584 223 234 115 700 277 221 662 133 400 119 995 139 229 125 111 542 508 258 476 667 848 381 665 366 635 362 431 804 291 892 632 7 603 951 136 214 584 978 666 987 893 166 399 7 363 358 630 470 509 164 453 346 929 582 484 658 244 984 653 537 59 474 850 30 544 68 66 7 595 95 707
425 273 752 496 40 312 519 69 991 857 419 519 357 797 558 273 638 687 726 535 519 83 152 549 794 345 184 108 546 905 527 639 604 603 868 911 825 571 378 104 743 78 406 416 303 764 956 711 874 468 509 341 1000 975 304 164 705 970 634 195 280 855 636 380 643 472 640 744 625 369 327 714 699 293 272 204 221 97 319 105 420 464 12 38 295 86 715 214 461 730 168 629 425 931 90 898 681 298 872 637
428 853 228 465 532 718 164 959 934 359 939 453 992 360 337 940 841 3 218 678 894 410 227 490 733 909 32 855 857 286 555 771 435 823 250 659 3 98 685 379 279 567 876 361 965 332 706 343 833 216 209 347 679 310 214 391 74 175 676 852 363 336 135 967 558 854 847 328 821 360 850 66 421 701 891 741 746 745 885 518 277 817 715 983 812 318 552 455 517 158 800 458 257 75 897 509 700 767 997 696
176 400 389 158 773 801 297 271 820 229 662 460 369 828 516 640 439 569 914 52 486 946 548 803 612 74 511 65 854 243 642 320 723 852 897 851 956 852 280 476 906 573 170 858 580 783 527 290 35 204 352 287 72 34 12 938 957 660 664 357 552 388 857 475 146 987 30 452 330 926 463 224 71 451 48 739 696 707 269 852 237 771 324 937 749 796 839 892 782 579 111 49 911 918 315 193 899 952 764 342
541 677 540 194 956 283 294 346 545 917 683 915 787 5 685 871 883 916 281 526 840 707 868 788 807 352 143 221 858 759 782 909 864 184 318 98 83 113 261 77 996 830 289 795 329 254 833 122 665 619 863 613 358 15 417 647 431 303 818 392 878 521 812 942 342 883 227 563 935 751 808 195 46 296 156 323 937 149 55 883 339 982 909 658 286 940 454 23 625 148 62 136 116 460 778 727 680 434 845 299
215 961 423 308 552 708 207 984 380 404 526 53 300 648 823 410 365 597 708 885 139 727 528 363 43 52 679 217 0 451 784 815 662 55 667 783 190 442 616 39 77 950 451 281 130 531 735 162 602 262 745 846 689 93 798 719 316 40 30 690 218 546 655 989 63 342 599 326 480 101 366 527 965 934 100 614 858 913 501 317 509 775 199 555 61 746 110 53 950 288 84 303 791 409 496 391 821 76 736 872
975 300 294 501 512 970 785 637 842 342 380 678 349 725 698 294 716 312 938 114 773 394 201 799 440 968 977 735 986 489 439 136 613 157 974 612 178 545 501 338 353 87 671 458 664 887 620 769 426 225 579 504 285 333 477 475 422 744 778 348 147 94 275 337 452 918 990 838 588 234 294 445 855 924 572 189 721 185 762 728 152 598 85 742 299 761 450 201 711 926 386 758 165 41 809 284 76 236 175 50
585 71 9 138 308 0 181 340 1000 414 630 43 70 907 675 348 760 732 461 38 836 667 560 459 304 326 723 232 586 790 134 477 995 602 640 687 744 464 342 403 267 669 149 895 873 373 1 785 920 41 754 56 221 834 565 156 152 528 457 286 461 125 85 116 217 313 686 92 717 808 64 125 211 405 931 929 628 520 502 468 699 736 970 191 256 5 439 951 731 255 371 819 881 12 813 553 464 101 27 388
975 263 31 865 719 761 52 136 599 918 617 84 101 83 31 457 82 884 310 565 849 373 33 289 630 914 226 281 127 575 259 313 754 520 345 601 43 225 702 87 565 308 106 254 24 882 691 251 537 226 337 470 429 8 245 365 581 425 632 760 760 819 881 73 483 220 320 700 153 945 42 191 626 102 628 874 29 494 736 722 390 748 766 119 237 920 426 194 667 962 493 280 753 804 614 767 948 868 21 537
8 811 227 316 678 756 213 983 19 962 818 894 868 949 883 234 978 938 292 184 15 6 86 466 124 847 453 423 512 383 392 907 103 327 139 329 828 35 625 842 720 108 279 916 57 513 35 914 933 685 642 768 503 239 290 723 617 110 764 35 9 709 124 976 285 540 309 629 118 817 747 934 326 453 86 444 199 701 150 45 259 279 901 114 645 530 764 190 711 609 141 387 105 471 596 275 214 438 384 754
849 824 797 388 848 303 603 362 121 520 525 825 367 834 199 644 127 762 115 958 993 688 243 89 280 392 635 131 759 783 616 342 947 543 813 260 331 322 417 199 659 62 983 692 628 925 180 255 99 606 772 523 266 563 69 320 234 210 30 606 347 323 489 7 969 283 749 32 510 727 735 347 114 713 622 281 414 303 833 869 907 503 616 995 28 215 311 33 191 509 886 220 800 664 283 676 34 244 592 810
363 984 333 225 776 877 995 342 734 800 349 870 451 239 918 861 749 391 178 807 971 540 931 684 50 186 590 131 119 874 685 371 549 94 262 550 718 500 164 303 376 712 700 695 367 536 697 404 630 348 329 127 475 902 66 374 103 325 370 368 695 845 307 660 252 941 587 831 14 623 209 383 526 589 934 684 761 161 330 988 886 636 68 472 836 103 404 15 441 40 251 269 314 619 555 891 457 648 227 15
180 770 570 923 60 505 118 566 456 931 369 824 911 42 300 104 399 462 137 960 497 545 509 350 972 599 388 29 583 789 235 949 341 244 304 835 750 985 616 115 839 180 605 475 643 590 206 992 340 249 233 751 836 407 742 294 714 371 348 118 457 960 274 821 830 277 532 777 416 595 7 542 599 914 195 400 925 737 531 800 372 374 947 684 700 651 828 587 542 849 291 290 861 231 511 835 218 328 434 176
408 798 915 85 836 387 180 8 388 745 684 907 351 339 81 664 692 489 417 136 145 537 781 111 663 721 277 195 667 662 551 435 767 500 145 713 933 955 579 499 586 480 23 168 393 717 386 408 559 934 624 422 986 948 121 865 956 649 862 780 735 899 989 926 409 110 540 353 601 254 349 221 61 240 421 525 805 181 192 490 28 865 362 771 225 761 900 629 76 697 841 118 6 105 899 329 427 25 747 535
116 92 154 789 496 491 317 849 512 916 128 854 904 695 212 77 303 727 420 102 44 874 96 246 675 843 793 964 234 410 328 255 772 23 658 187 255 856 552 365 106 435 772 345 175 388 832 307 793 244 510 200 349 713 218 401 998 674 515 731 832 391 248 364 124 549 63 173 788 826 631 493 488 698 786 972 683 22 15 657 183 818 680 601 397 769 492 817 846 854 898 953 162 372 682 962 705 929 448 598
523 985 595 685 54 271 207 763 920 571 785 719 90 577 279 155 329 513 464 161 954 152 810 153 333 285 705 187 565 464 468 522 397 984 733 417 671 238 169 708 108 93 888 158 559 905 671 690 515 40 311 760 947 124 987 215 951 503 1 143 145 300 345 578 610 46 33 436 509 172 628 338 321 470 102 499 214 59 171 180 548 896 518 153 231 58 168 218 122 1 913 555 431 563 25 692 205 908 155 369
763 191 365 4 530 775 534 685 426 895 981 475 973 889 463 888 54 506 558 631 265 735 958 58 360 519 549 315 176 879 494 964 32 302 152 317 816 640 749 127 295 653 799 907 472 53 998 635 942 899 539 8 892 569 286 205 187 755 456 977 961 366 257 191 769 647 907 871 832 124 284 33 252 49 904 165 96 750 261 663 594 995 684 80 50 951 242 396 468 357 18 451 725 800 491 705 961 709 194 685
942 298 309 94 81 540 369 29 610 725 938 125 402 989 920 589 518 942 442 809 972 351 64 784 926 84 313 88 191 725 345 256 64 506 163 382 683 953 100 934 412 531 957 975 369 748 286 778 421 638 577 403 107 333 265 302 451 573 588 474 202 510 126 420 782 796 642 233 392 339 533 518 760 606 156 305 534 961 470 327 171 202 455 798 727 448 507 879 972 336 358 279 761 171 849 971 348 601 199 384
51 947 835 711 530 228 315 320 124 264 511 289 100 822 659 541 822 265 152 120 235 142 805 191 138 676 983 447 26 365 352 246 801 676 2 939 644 85 617 192 293 151 632 373 142 860 507 901 89 350 782 984 114 661 512 114 769 91 864 576 897 462 731 757 77 972 555 546 386 525 214 714 525 590 40 214 18 617 729 176 684 628 896 332 766 37 620 960 592 977 801 940 471 810 870 676 107 825 655 231
157 884 991 120 392 716 466 418 519 70 700 349 864 249 884 783 191 936 624 910 119 284 27 447 491 677 869 270 837 228 375 423 851 785 21 487 314 83 30 948 413 822 793 37 557 494 354 142 329 920 192 838 876 515 864 551 744 589 42 523 500 194 116 835 870 92 185 949 92 708 575 923 955 937 861 579 615 825 443 137 474 675 640 833 122 713 870 528 583 400 602 871 655 440 284 367 589 107 898 847
611 358 743 259 18 77 86 910 584 975 247 528 738 53 872 543 571 154 742 766 847 594 320 442 200 735 796 785 912 784 754 337 86 353 514 901 321 294 853 926 647 633 989 220 99 527 558 834 167 100 7 27 72 630 446 415 903 501 817 793 337 76 685 905 568 600 219 813 66 882 269 280 265 288 333 605 489 171 47 81 63 590 805 430 645 556 432 645 976 405 823 512 979 508 536 835 277 956 676 242
12 994 711 724 638 687 905 412 937 16 371 643 116 237 925 304 519 542 530 638 934 424 711 125 598 230 548 194 955 643 840 703 985 377 189 598 550 281 240 871 922 436 139 954 880 617 534 583 479 892 577 639 223 717 359 584 20 264 376 688 334 38 428 649 358 782 130 420 259 63 9 812 179 482 227 508 886 818 910 527 224 861 109 908 949 59 327 420 738 579 705 843 458 337 108 439 606 160 50 101
531 929 773 144 111 578 86 63 99 853 896 20 552 166 271 337 672 977 142 364 928 2 731 78 285 690 464 271 876 112 635 441 370 10 969 704 503 938 800 100 896 52 110 843 913 307 345 252 145 977 391 125 733 776 881 383 294 643 491 813 942 983 181 218 385 913 239 214 672 165 955 686 900 33 197 614 375 241 545 798 931 705 270 757 865 821 974 79 847 11 225 880 502 55 314 847 780 551 462 332
649 23 119 444 99 638 600 161 351 331 295 76 138 396 463 901 241 533 611 190 156 33 493 508 138 992 938 553 249 976 166 694 606 76 525 371 223 642 9 706 511 359 137 728 326 382 270 425 635 515 214 743 595 998 723 477 879 565 939 102 637 887 90 989 766 396 962 71 933 3 872 527 672 5 271 797 384 83 469 480 113 916 15 629 571 482 870 673 568 135 641 193 452 54 190 880 253 808 57 616
134 628 199 372 96 686 257 725 175 929 615 221 48 909 630 146 943 712 630 878 270 918 596 407 90 943 585 188 485 240 188 815 79 357 196 146 117 570 198 291 908 210 996 14 945 543 658 608 731 207 905 677 362 917 607 986 434 365 709 665 438 299 390 986 489 351 611 56 8 787 143 475 305 661 467 99 224 157 208 54 855 914 243 80 330 173 288 773 523 358 813 656 386 13 318 316 207 629 60 148
731 816 738 486 146 82 14 692 394 154 307 786 124 304 385 716 440 733 487 576 573 443 280 644 831 89 50 557 130 703 211 250 855 958 79 817 988 199 886 130 926 817 937 570 875 193 359 950 205 516 426 385 381 961 663 46 516 745 682 377 965 632 34 703 72 921 56 317 662 273 764 788 897 669 985 230 251 45 930 270 230 25 226 646 366 253 741 381 586 126 204 635 471 554 157 295 873 996 970 375
730 340 535 472 250 138 117 216 863 249 444 456 752 242 554 408 499 994 773 499 506 237 518 387 196 942 798 430 109 776 497 762 747 1 477 656 139 240 585 403 390 443 144 607 451 384 595 80 905 584 81 935 889 943 573 229 339 223 456 632 693 185 913 317 343 483 344 636 262 506 921 616 36 986 266 343 897 104 587 103 906 656 181 233 873 252 415 353 614 181 39 352 495 322 42 176 92 516 565 256
991 498 349 306 460 885 359 405 181 570 746 388 208 89 16 510 194 543 618 563 978 86 263 894 1000 323 131 226 164 510 243 495 905 650 699 924 260 319 579 361 401 282 745 16 101 607 748 377 235 59 605 111 393 991 563 93 535 308 958 280 680 884 221 531 120 2 65 317 707 889 634 231 352 519 412 183 1000 324 917 635 145 802 243 226 118 648 276 363 827 475 567 911 850 446 666 593 87 982 97 77
631 238 409 294 96 597 906 628 691 159 532 18 66 475 458 953 890 948 186 897 111 510 214 38 81 708 973 581 143 577 373 652 49 998 638 300 478 266 911 19 85 644 525 572 492 147 680 484 717 52 913 748 265 83 321 273 679 699 44 1 290 863 850 841 905 539 256 378 334 793 764 59 428 717 228 368 995 731 294 894 829 161 553 920 494 886 500 46 945 573 99 159 48 439 485 737 462 577 689 722
308 525 672 448 565 582 636 909 763 613 322 836 667 471 89 380 110 459 904 181 417 209 496 965 986 779 674 603 543 480 789 315 84 562 185 610 358 986 478 29 539 461 381 506 537 264 576 67 942 39 175 565 402 680 687 93 304 782 511 357 212 179 228 160 822 471 368 244 796 410 288 228 51 928 960 11 884 573 718 753 989 150 372 89 709 496 867 90 40 575 341 544 951 667 690 243 861 396 209 177
82 907 815 774 525 867 41 88 515 452 343 232 953 860 710 455 984 197 370 424 65 962 867 355 539 672 362 700 493 469 214 684 121 322 537 568 521 743 362 992 943 327 134 823 360 369 371 39 489 773 18 453 641 926 448 52 120 810 161 998 868 366 566 5 839 755 795 387 982 535 201 88 932 509 36 889 887 312 929 958 322 169 878 551 264 78 854 882 454 396 83 484 775 32 690 643 456 226 157 24
660 1000 392 645 914 505 557 450 192 681 195 294 811 623 334 842 43 946 726 904 805 987 606 195 376 190 628 502 209 464 527 261 976 949 410 783 16 310 156 358 827 693 426 520 84 241 439 666 333 554 64 249 821 925 243 839 809 285 154 599 513 180 20 559 421 264 556 849 221 666 151 695 994 120 63 4 435 262 934 339 41 885 223 182 75 161 237 799 645 880 637 210 305 735 683 180 940 858 420 433
194 745 524 740 892 460 677 413 941 273 942 607 101 392 121 909 158 556 641 284 660 246 462 839 700 320 903 504 503 309 432 284 279 279 28 835 764 837 77 778 689 343 111 611 274 96 690 124 834 958 742 219 135 500 962 717 574 278 161 71 566 849 704 466 702 495 821 897 939 327 660 265 473 115 565 355 701 327 134 210 903 431 195 855 330 397 449 582 297 334 488 268 919 132 503 454 101 190 555 12
519 814 93 14 839 122 671 230 203 82 785 776 788 990 555 809 339 811 193 129 904 928 563 936 23 467 618 355 391 162 939 777 269 397 370 708 538 218 341 540 422 912 127 748 777 726 987 567 558 145 341 940 806 912 270 89 231 769 525 377 350 376 488 164 282 317 709 408 555 146 524 48 452 961 881 558 168 280 84 343 85 817 709 50 607 304 165 91 229 965 801 352 825 384 181 119 768 152 658 320
301 174 679 125 809 473 636 657 56 700 991 704 236 164 51 700 506 7 822 478 760 34 769 317 432 152 199 729 73 254 727 471 574 344 141 294 967 114 877 761 766 869 714 803 118 885 680 150 97 534 147 841 806 1 412 117 922 584 144 542 975 393 564 51 190 911 577 117 221 393 781 359 395 781 130 686 667 561 524 578 130 104 977 6 723 181 315 210 279 274 64 707 172 763 284 286 749 624 562 35
353 282 993 927 28 496 354 934 217 834 919 138 220 185 203 482 604 81 232 43 957 757 423 311 151 174 376 907 945 364 769 687 953 898 940 310 242 278 716 544 789 258 815 434 544 938 806 765 547 650 965 177 619 537 187 830 480 128 669 277 736 20 677 869 983 74 621 424 847 521 132 482 701 161 604 287 351 510 555 668 652 766 9 193 900 962 603 299 521 693 46 92 117 908 709 79 807 827 36 980
870 779 148 39 708 223 189 451 607 630 551 863 230 562 721 224 14 976 247 820 5 907 140 176 226 81 815 655 882 747 893 350 491 515 171 475 269 363 171 388 224 112 330 953 853 621 607 324 491 938 990 725 853 584 838 101 47 794 495 541 417 25 991 128 493 783 780 910 900 159 524 282 895 246 94 74 227 253 994 526 862 992 103 871 150 257 465 439 369 378 65 226 225 777 927 551 473 341 237 938
812 742 501 831 659 292 906 828 612 257 788 947 421 112 790 76 615 169 365 124 215 25 507 456 817 134 724 420 634 368 636 797 919 801 4 868 758 991 558 747 683 569 748 766 653 163 283 996 841 899 43 435 38 797 656 871 680 776 177 178 399 774 788 58 810 603 547 267 678 697 396 29 95 336 771 314 822 905 784 600 29 776 273 253 608 670 5 970 314 915 883 374 697 620 136 795 743 426 117 891
771 302 993 886 517 398 258 300 59 481 560 829 789 288 953 92 753 7 545 32 598 437 627 611 871 226 205 653 525 193 605 523 936 482 505 176 766 524 992 388 244 990 516 297 18 30 868 203 623 381 695 321 58 748 363 142 26 819 739 63 598 874 453 601 775 660 843 840 180 495 263 959 688 585 937 133 794 877 640 617 376 458 183 561 132 946 509 656 9 212 521 50 635 119 797 776 208 196 537 274
660 92 260 836 192 358 189 951 554 227 951 910 873 707 291 914 361 555 789 369 425 185 308 560 715 634 593 382 985 621 246 435 313 238 711 23 228 340 31 69 959 75 113 706 612 400 137 434 569 784 79 272 555 95 853 83 43 648 826 908 628 240 483 833 853 789 608 359 268 374 212 616 289 839 136 381 668 919 625 969 864 497 761 655 183 851 662 779 748 933 381 511 349 134 594 240 292 880 744 409
831 702 186 977 877 77 759 232 544 270 42 48 346 207 186 155 862 499 897 180 979 256 853 485 545 243 227 768 524 800 35 729 45 966 362 123 98 525 468 168 148 219 326 930 969 968 540 955 489 871 344 467 91 42 354 552 976 503 546 698 889 720 958 190 898 592 916 361 748 810 379 171 380 48 127 298 877 7 950 685 820 231 443 680 347 915 13 270 819 507 339 757 582 267 652 789 280 356 895 396
469 165 332 810 77 771 380 693 600 650 369 643 677 649 173 678 181 934 662 351 726 504 725 257 479 387 195 62 883 458 533 335 838 454 765 894 409 474 627 24 601 462 755 906 665 983 91 492 539 844 70 430 69 761 25 798 100 181 595 143 529 891 651 354 981 673 536 365 416 973 239 578 368 210 410 510 548 816 25 98 243 89 351 700 602 535 946 967 456 557 821 47 912 525 524 313 179 556 28 384
83 130 568 770 554 342 816 264 578 458 171 350 540 827 662 476 245 318 632 446 242 413 848 860 567 53 731 69 543 475 938 938 275 643 440 200 715 895 169 813 537 336 767 674 34 637 846 33 633 787 541 687 4 966 939 695 915 627 845 579 599 502 938 770 657 166 976 589 78 610 559 951 761 693 542 285 140 585 446 870 38 533 524 348 69 458 307 616 228 361 342 72 503 595 419 348 589 240 723 649
908 466 334 788 83 411 831 926 875 711 983 472 335 250 340 367 177 20 13 795 514 328 853 671 692 851 113 381 817 509 186 444 468 693 361 893 662 649 125 169 366 806 92 126 642 672 325 331 527 193 689 313 405 51 904 480 701 134 83 345 834 212 514 461 709 265 766 7 181 123 757 621 182 192 635 436 382 290 815 513 183 443 434 460 416 627 588 319 939 694 857 999 618 566 595 396 200 680 145 527
202 336 799 617 617 641 543 508 452 504 776 8 689 455 894 945 8 687 626 857 725 124 55 868 14 6 21 650 900 291 592 35 780 781 250 21 111 462 72 853 411 978 416 352 582 815 842 292 218 906 252 854 441 276 339 400 577 328 591 148 144 310 411 214 837 266 417 151 906 731 33 41 201 373 180 407 350 497 154 357 525 638 389 9 176 901 469 78 74 832 988 415 334 632 384 899 542 283 306 405
501 999 845 175 604 352 637 616 569 655 450 647 117 492 916 67 124 1 677 71 239 890 809 232 661 460 518 287 248 783 949 278 235 374 903 178 695 71 985 373 731 760 197 864 255 447 193 297 669 566 183 670 552 218 827 68 672 983 751 41 409 52 102 716 886 273 709 271 753 769 498 271 46 846 938 738 566 507 836 216 995 707 846 150 528 641 889 374 395 830 847 280 60 695 927 297 9 203 752 736
847 581 318 71 578 174 190 680 406 67 632 665 480 280 614 919 851 854 697 450 355 498 737 648 573 700 542 981 769 524 453 405 262 45 440 883 63 577 623 811 231 700 397 548 560 907 214 958 690 647 316 680 428 353 851 155 767 353 716 12 578 386 534 738 865 780 105 225 253 819 397 398 886 852 713 33 267 494 37 758 148 269 160 815 725 605 164 810 452 231 128 85 543 240 691 472 384 519 770 605
774 421 567 16 565 422 924 842 719 317 124 80 947 540 797 467 212 226 578 724 162 196 183 15 713 549 560 114 466 846 463 192 400 679 66 403 335 997 26 171 547 629 701 902 121 807 445 161 443 473 501 497 835 738 542 481 184 452 257 337 830 606 254 213 461 194 594 404 517 492 882 819 949 224 247 336 452 744 798 792 728 138 58 647 232 561 303 539 743 780 352 119 91 946 547 98 919 793 813 996
712 415 189 47 911 859 825 452 259 651 667 689 145 555 35 49 695 105 263 215 469 319 443 798 366 363 474 0 98 853 477 691 546 536 855 824 67 265 171 338 87 466 277 967 880 442 8 252 599 912 592 699 742 739 774 644 471 187 720 591 734 87 566 683 756 459 435 839 176 174 354 270 215 195 448 693 824 417 584 478 836 241 373 344 129 368 732 668 755 66 183 473 626 900 842 474 891 833 404 608
867 947 993 14 84 901 550 380 449 690 421 809 756 353 68 259 783 377 508 114 135 234 60 528 365 840 743 870 305 916 396 699 27 336 971 401 263 996 651 413 380 568 771 752 296 201 890 41 548 76 846 200 284 758 283 910 557 745 536 222 591 666 317 71 759 965 655 81 77 813 903 515 235 532 236 830 771 602 737 171 440 1 592 786 943 672 819 73 729 640 117 458 964 830 716 765 348 886 594 705
973 538 163 103 521 257 763 627 642 481 74 541 798 932 840 773 3 745 294 627 405 818 124 84 208 467 846 868 283 751 932 957 196 279 222 360 908 752 115 94 460 112 878 899 657 803 328 163 603 187 673 946 407 805 430 107 237 508 137 804 548 579 745 400 927 211 339 583 993 286 141 590 502 459 40 259 89 868 837 310 803 419 431 283 673 869 864 292 48 499 866 822 44 851 55 732 120 5 607 619
525 616 35 80 912 406 441 445 336 237 607 970 102 392 58 874 684 386 267 458 2 534 797 515 284 757 352 799 717 738 722 427 954 752 37 758 317 596 202 337 500 540 243 342 835 154 942 578 382 993 322 982 214 856 833 892 226 971 805 994 643 211 910 43 986 43 693 783 950 319 256 740 994 821 88 80 56 439 518 636 518 459 831 34 415 463 539 361 564 455 649 810 362 674 991 237 188 420 369 523
429 3 199 24 610 171 920 316 458 858 242 703 187 149 669 52 483 595 656 70 734 543 808 913 468 944 619 355 463 888 901 735 354 911 808 445 973 619 813 134 202 159 309 23 496 351 71 833 709 384 329 108 270 968 242 387 995 329 430 783 980 258 157 662 819 308 780 222 892 804 749 213 398 260 502 259 611 112 421 503 637 166 349 779 73 652 36 233 574 533 142 508 465 694 198 588 387 580 757 329
969 75 725 23 571 376 968 272 439 928 968 724 712 834 987 989 211 33 328 989 916 179 688 790 606 189 13 245 261 325 12 811 686 198 825 120 291 893 814 861 283 36 959 230 754 36 838 853 293 22 405 25 747 824 23 728 939 289 102 870 13 958 590 200 207 787 663 621 840 210 57 463 733 221 59 545 528 893 485 784 630 633 527 337 561 143 338 150 754 685 939 984 195 442 680 473 155 339 949 908
419 444 363 707 256 384 837 258 720 352 768 193 501 66 211 224 562 982 949 497 568 704 967 977 10 232 231 990 954 454 556 397 131 534 916 536 293 406 366 87 166 420 669 723 699 450 446 157 398 517 426 462 178 35 325 472 381 807 279 357 599 192 497 768 122 242 381 415 72 601 956 474 294 421 817 221 904 261 216 329 900 312 469 253 120 526 906 123 765 822 928 699 728 646 673 361 667 18 177 632
312 929 496 199 265 538 118 66 227 230 808 599 540 901 897 104 524 761 665 472 17 141 884 745 771 134 65 894 398 978 750 736 315 698 416 471 319 161 778 537 985 965 240 121 958 714 302 106 92 260 652 527 651 80 691 419 47 326 152 84 293 1000 416 268 229 389 867 699 724 560 167 670 606 119 51 149 190 363 592 447 197 771 737 576 771 37 413 684 260 813 789 556 997 614 853 222 405 869 555 725
929 789 714 943 59 603 695 740 637 802 878 214 929 67 111 964 556 423 905 149 951 459 898 212 69 737 32 231 500 917 730 545 798 888 658 31 311 426 704 869 228 259 369 64 505 916 21 484 294 694 477 398 240 497 889 355 109 923 531 811 131 732 274 347 57 340 757 26 138 351 416 96 55 95 81 514 768 196 122 200 458 962 40 833 450 338 905 277 614 666 124 164 178 696 955 42 798 183 892 42
236 70 672 816 232 218 688 401 516 415 616 376 679 851 132 979 659 355 453 918 432 816 463 786 960 413 723 103 226 453 509 505 562 602 149 883 101 461 856 859 5 777 538 755 738 86 528 923 143 117 123 488 191 118 462 398 411 367 130 851 414 321 618 896 210 235 878 432 811 933 92 747 69 374 837 323 695 85 633 814 346 632 585 610 433 24 283 586 782 53 878 227 655 267 323 435 540 655 731 248
691 137 331 112 869 41 446 962 197 732 508 878 409 518 479 443 323 524 829 248 815 313 25 887 701 369 241 959 186 289 179 118 55 535 577 956 561 479 952 304 630 729 294 614 548 384 933 603 611 230 852 404 850 682 23 525 583 941 703 727 313 451 182 22 320 590 868 17 420 540 391 146 714 824 714 989 924 125 390 813 605 30 134 528 585 81 179 835 127 450 342 108 701 632 729 948 605 666 643 840
53 204 539 875 420 890 172 914 375 76 65 37 996 153 897 123 978 312 260 801 573 378 338 835 58 567 257 186 11 770 652 594 100 722 836 469 615 859 135 660 765 707 120 488 372 266 582 459 658 310 656 650 766 152 978 248 405 326 70 156 632 856 211 122 732 476 56 359 709 139 410 462 454 494 644 933 654 125 556 886 927 611 679 21 12 905 455 550 668 240 167 863 652 247 993 280 491 801 222 488
390 560 546 384 76 926 320 956 12 464 654 64 654 442 847 561 185 612 948 440 161 902 522 449 61 120 582 981 449 955 95 84 341 682 932 231 0 122 637 184 932 678 550 361 791 58 511 246 656 440 126 639 722 271 111 422 877 697 409 624 882 688 921 177 729 627 889 925 471 840 559 592 699 104 840 286 747 385 116 723 314 495 6 480 769 572 261 583 247 412 425 22 163 222 923 581 726 851 424 46
252 475 329 771 595 396 324 359 884 166 499 157 425 261 759 642 14 22 956 517 394 668 892 730 469 724 379 877 802 395 996 303 249 511 722 142 999 66 277 97 889 335 530 98 819 765 622 435 278 29 632 389 411 673 340 594 652 947 253 356 824 375 288 982 366 786 642 540 342 75 411 662 187 968 429 325 37 540 31 624 404 79 676 701 833 940 695 199 414 218 944 823 900 97 662 438 582 462 164 248
245 768 9 391 799 691 511 653 895 201 647 922 829 684 186 665 429 411 331 807 881 273 347 464 184 85 728 351 680 413 921 81 773 890 13 209 350 116 439 903 59 590 677 257 8 370 798 521 643 832 668 632 187 15 135 655 156 898 63 325 857 737 376 138 541 413 516 165 946 598 682 85 415 465 870 40 177 83 733 963 555 860 887 989 50 61 623 725 676 490 398 429 515 172 307 726 817 431 23 66
213 632 606 794 654 746 811 203 336 192 11 807 288 899 915 915 750 259 92 235 800 971 68 601 921 958 921 773 835 890 990 311 191 988 631 241 21 333 938 866 957 931 384 364 68 221 686 859 109 349 686 861 805 723 116 526 60 824 623 265 141 542 27 589 776 29 636 350 1000 629 374 355 148 457 553 986 519 797 892 927 129 66 179 87 232 663 479 412 926 402 369 939 278 763 655 114 762 518 416 100
354 154 504 839 657 2 627 101 840 504 826 770 579 721 812 656 902 359 428 540 880 599 125 921 825 551 299 751 205 124 144 616 99 115 417 127 663 632 550 241 382 559 915 845 360 674 680 186 7 296 837 56 256 780 111 437 56 344 213 910 709 88 500 207 231 507 418 968 152 524 201 374 404 77 936 561 68 913 722 19 811 456 482 145 730 635 445 539 492 551 464 216 591 6 783 688 596 779 377 270
347 345 49 442 94 810 466 220 298 514 81 743 122 856 783 72 225 673 796 402 986 921 546 810 411 202 315 688 987 433 504 466 807 382 214 627 547 824 902 479 884 878 541 178 161 410 192 293 762 987 77 154 840 864 934 492 402 162 379 914 683 923 936 814 45 920 241 906 842 711 840 468 144 677 499 50 521 884 164 652 284 720 110 224 53 426 947 462 192 211 875 57 925 365 130 619 317 745 6 821
433 694 860 426 205 827 739 985 970 668 981 296 381 212 240 528 355 976 130 52 669 460 869 727 93 654 490 996 729 46 473 504 444 533 260 120 555 122 521 153 408 883 130 579 975 893 549 628 45 309 991 536 859 900 808 837 18 736 518 481 797 221 978 398 796 876 413 358 399 214 526 898 308 820 641 228 957 208 255 656 321 86 388 555 105 446 927 368 610 23 740 153 525 335 729 415 237 184 956 282
84 959 628 51 49 491 375 534 704 324 507 640 225 171 168 851 95 714 582 282 414 762 272 162 405 816 306 896 165 37 270 251 997 927 879 12 791 392 506 601 507 293 122 99 199 971 400 54 872 140 151 119 84 582 806 437 945 710 588 199 434 448 41 659 186 346 976 175 784 863 813 894 179 753 636 318 281 691 227 762 417 168 730 820 704 589 359 812 18 45 895 618 537 806 586 769 824 954 572 766
185 812 189 762 836 994 490 745 406 754 674 27 326 395 238 223 613 81 630 335 873 351 719 516 328 735 929 887 918 686 357 621 882 531 683 426 623 84 317 896 656 595 379 413 834 173 641 228 321 352 948 856 728 118 809 570 21 862 69 494 163 109 337 353 462 634 820 297 301 969 863 664 704 486 847 39 693 693 443 834 99 362 341 989 11 207 847 530 611 529 493 502 830 487 11 785 971 175 337 683
755 594 844 792 508 213 135 199 453 492 648 311 850 2 368 360 407 592 156 909 440 195 332 709 857 499 603 111 379 823 682 613 362 915 528 928 134 422 793 478 707 951 522 318 654 122 479 466 909 615 834 944 489 874 808 753 163 359 603 74 765 127 500 435 872 235 732 158 37 515 547 543 702 22 321 395 483 232 464 858 141 159 561 141 296 499 268 821 371 884 448 964 763 843 619 804 656 702 360 79
660 272 984 355 318 579 883 53 233 563 538 553 740 481 680 959 308 647 619 597 948 228 100 552 656 487 638 332 184 197 958 469 830 724 767 148 830 487 506 612 733 946 841 958 777 895 438 917 669 41 392 263 811 274 166 68 107 233 375 323 333 635 361 562 336 576 99 50 460 677 854 880 118 43 375 844 961 415 557 264 121 720 699 300 567 207 298 67 8 146 742 67 725 868 817 540 655 943 866 398
731 489 932 558 588 138 645 703 396 536 70 460 845 272 224 97 890 785 459 851 612 948 311 1 934 490 124 841 895 73 873 932 319 849 586 467 826 835 821 955 830 425 308 793 782 452 559 637 200 886 626 847 652 81 688 911 511 587 155 948 241 577 574 867 127 642 831 277 377 846 207 15 510 80 357 615 450 518 924 941 142 169 255 190 807 775 354 406 653 994 263 320 647 904 214 670 597 183 91 787
278 441 18 487 986 549 918 223 149 244 61 284 300 981 129 151 804 71 124 422 689 886 484 971 442 85 970 826 657 826 611 64 467 476 544 131 211 207 99 805 681 23 442 16 777 170 212 884 26 998 321 243 563 256 196 554 657 161 484 752 971 682 867 441 944 733 92 202 770 710 916 203 274 424 239 130 126 640 802 472 340 202 246 966 66 481 315 521 492 199 879 734 840 72 383 556 73 175 438 670
730 717 466 326 173 340 738 600 547 697 946 404 638 266 671 335 276 25 767 903 24 504 509 569 941 425 563 578 994 129 766 394 183 629 279 365 764 535 166 941 459 628 326 897 355 304 193 610 378 872 697 585 168 331 597 614 21 6 179 920 274 215 920 717 582 183 736 343 401 671 93 71 620 681 263 114 767 110 969 978 852 755 134 237 193 455 619 876 277 140 180 502 673 920 688 430 419 485 68 331
14 708 683 295 617 829 757 122 332 653 175 800 520 1000 644 462 889 324 296 823 737 139 932 930 863 516 379 125 426 694 886 483 682 328 731 74 9 653 492 742 499 666 383 355 110 691 306 848 797 309 71 534 169 844 572 502 905 518 535 106 719 151 490 672 21 771 233 393 720 851 437 917 483 451 138 806 235 680 239 299 724 688 7 121 462 76 822 25 594 351 269 115 171 79 756 995 181 596 918 985
417 575 692 365 827 288 392 901 86 635 75 618 91 471 658 575 460 610 961 766 644 634 899 760 948 59 659 574 784 706 559 284 55 877 937 818 179 234 776 852 797 562 296 608 306 844 770 344 959 141 955 699 960 546 410 780 575 913 858 843 32 927 395 384 206 106 20 53 656 334 411 243 911 427 624 738 904 441 332 842 890 90 307 336 314 384 681 311 69 930 373 53 748 228 319 890 72 715 164 111
513 247 898 252 702 453 848 634 954 793 850 478 838 95 836 945 878 513 566 870 482 664 39 897 900 955 952 954 939 694 758 706 844 755 200 678 592 122 220 830 504 252 528 919 587 622 959 620 283 315 22 815 668 954 436 247 17 529 267 215 947 799 102 231 657 23 853 242 763 791 642 819 864 434 345 118 942 363 779 486 805 631 859 664 469 568 58 57 605 784 211 247 166 335 987 275 929 193 107 103
455 897 238 170 695 501 457 966 502 712 149 577 799 235 335 367 935 578 473 529 242 233 459 715 420 808 656 38 920 731 419 410 231 684 548 894 295 700 91 103 885 384 82 808 831 532 837 190 296 705 158 930 333 964 347 292 734 595 375 938 431 14 843 648 256 874 2 156 12 755 681 913 662 590 669 440 344 261 918 592 948 630 498 138 292 67 402 837 171 455 449 528 606 404 385 733 35 12 673 168
861 538 528 532 109 7 647 23 418 142 614 973 963 868 160 116 638 358 136 471 818 782 593 371 254 721 742 789 993 771 607 211 941 471 313 6 202 875 103 257 212 163 437 592 191 830 451 711 809 40 361 431 184 447 312 800 168 647 392 620 262 799 954 7 514 111 860 476 157 100 941 456 44 995 149 343 592 233 521 72 469 965 954 853 5 441 675 660 94 699 319 820 930 889 11 475 931 75 554 995
764 605 966 146 846 440 446 640 17 990 418 14 256 213 729 109 140 409 791 877 131 253 680 643 469 317 201 181 548 76 77 455 304 406 436 318 282 474 515 726 230 68 431 909 635 142 465 457 676 870 818 655 104 605 788 792 433 355 650 543 757 809 363 705 927 677 611 545 60 71 275 639 0 297 593 969 6 126 126 385 95 329 558 505 648 328 437 6 683 679 567 984 87 106 103 198 125 338 943 368
942 6 685 0 854 840 185 879 351 868 12 1 157 953 76 786 487 618 557 57 636 682 930 314 734 176 552 697 877 271 700 434 539 67 347 655 518 418 31 827 970 322 776 724 465 110 634 422 763 785 284 929 427 244 781 174 993 464 512 253 442 194 384 318 963 78 634 571 894 811 969 145 424 573 460 314 910 927 64 739 963 333 185 234 21 419 55 357 863 715 927 694 88 791 576 43 927 1000 24 767
219 287 420 777 713 610 807 855 693 728 732 775 365 203 673 287 417 217 649 673 576 738 44 650 153 775 633 34 893 85 616 659 962 5 497 98 646 162 614 347 386 565 945 380 527 308 939 121 116 324 43 314 31 80 448 357 114 539 34 442 742 349 765 455 856 198 681 147 634 321 324 974 132 784 563 255 195 251 578 927 616 591 20 38 636 225 216 694 926 415 271 773 90 332 398 191 849 870 168 728
49 794 469 908 822 717 429 996 211 598 508 70 318 139 97 631 311 699 30 904 497 540 584 411 292 482 873 176 976 57 933 138 469 219 350 211 590 965 441 401 525 348 200 91 502 838 411 811 931 663 183 80 448 512 935 30 893 171 478 2 353 106 453 223 989 527 429 183 698 28 813 129 796 90 215 569 376 335 972 547 593 240 552 398 71 587 422 870 543 850 623 84 261 174 966 379 757 928 379 794
217 937 85 783 871 460 148 851 902 72 648 68 849 733 206 906 189 796 4 1000 501 568 226 164 887 816 331 354 310 805 493 118 531 745 501 995 716 868 336 77 244 150 962 317 683 926 271 274 335 40 870 620 738 565 201 242 348 904 594 899 658 349 206 540 71 569 57 340 728 270 422 640 722 707 969 681 499 854 367 98 591 398 904 145 920 255 301 621 455 123 402 244 842 650 988 768 29 715 756 479
331 789 759 219 554 659 34 968 419 204 686 980 591 978 241 265 348 107 293 42 848 893 965 874 474 467 990 865 611 133 77 281 320 624 886 740 720 658 560 550 923 209 209 997 98 701 824 224 57 280 625 429 262 888 306 712 519 342 925 804 273 762 962 789 498 76 73 262 888 782 466 524 653 545 903 818 358 983 726 822 871 61 724 617 539 735 827 106 930 69 972 675 590 956 415 210 735 844 337 203
577 482 958 443 238 111 88 0 248 628 161 381 877 499 436 616 854 85 190 509 926 382 131 689 575 251 636 820 382 634 707 560 972 291 15 29 502 937 919 541 240 31 325 824 133 429 686 367 815 440 321 220 224 827 478 381 363 557 155 352 102 522 319 398 128 135 217 826 80 288 813 115 919 489 976 417 188 346 531 696 327 8 427 349 506 518 957 998 295 392 919 372 395 484 1000 391 694 595 689 741
780 111 908 221 907 186 200 26 995 602 724 423 853 415 81 207 619 439 823 205 849 567 678 310 579 575 860 958 364 891 588 223 341 434 447 527 883 345 402 66 426 565 829 999 903 910 299 441 289 508 141 887 594 175 762 748 665 815 372 201 613 633 81 661 53 130 951 968 489 351 142 104 556 329 48 922 549 554 64 692 669 811 721 890 294 150 437 831 187 196 423 834 973 548 581 105 664 387 926 107
993 818 656 187 888 109 105 451 473 476 638 840 224 664 552 956 859 65 952 738 672 644 388 910 849 419 654 834 404 320 604 986 205 209 926 491 296 236 446 366 581 277 176 655 578 216 454 142 71 323 71 698 395 596 249 187 177 284 895 691 406 609 297 816 750 9 184 573 700 156 916 874 959 112 147 183 709 673 902 121 938 679 629 995 257 961 91 913 252 785 832 676 289 391 209 492 698 185 10 881
619 280 828 161 462 333 657 300 865 860 363 42 690 819 509 849 413 307 17 208 328 322 747 193 528 246 425 183 955 615 314 487 859 365 369 257 888 621 436 92 949 609 295 496 842 231 392 322 165 543 470 566 343 568 136 973 834 681 272 497 112 778 839 694 20 903 113 625 609 977 907 78 103 127 895 684 338 490 912 943 186 20 59 243 512 910 330 121 664 909 104 583 657 789 99 266 326 143 305 579
879 721 671 301 705 477 43 506 309 497 762 249 170 953 72 768 907 142 277 837 353 892 424 643 409 596 671 375 10 500 515 822 712 662 367 226 614 996 739 4 388 848 150 766 763 889 41 208 364 747 17 585 972 832 90 595 212 833 144 851 198 620 662 298 96 638 330 218 969 202 146 259 701 381 444 936 42 75 918 653 651 385 558 87 769 138 361 759 22 16 766 415 191 762 553 826 372 975 777 997
178 789 598 881 785 6 663 129 22 147 248 733 242 278 10 401 78 929 351 380 766 848 976 480 607 110 395 591 347 460 579 915 147 438 392 868 794 460 546 45 785 858 244 510 53 532 273 221 478 14 614 482 470 592 207 368 339 960 710 557 910 949 257 48 500 262 975 550 590 575 168 259 687 879 306 399 428 808 344 575 409 41 346 493 585 182 243 990 6 938 767 273 653 372 485 892 45 825 770 38
342 96 530 420 376 840 914 244 896 224 248 578 65 477 388 890 857 66 5 570 931 217 296 971 136 921 318 36 995 467 232 168 327 939 884 186 27 707 995 799 574 672 269 288 788 155 835 295 583 824 397 834 917 735 83 438 482 54 782 850 953 796 523 845 760 641 921 36 140 397 537 313 80 77 712 900 635 12 552 30 382 512 818 129 318 416 472 354 39 893 548 912 362 930 899 961 181 149 850 318
867 278 937 384 913 627 485 816 493 117 201 656 906 972 735 617 77 755 34 999 837 387 664 228 674 11 719 659 90 536 253 553 621 471 538 380 251 440 933 291 916 164 184 163 295 582 584 50 473 723 177 86 120 483 768 722 798 720 578 894 421 894 6 245 941 971 163 959 541 922 370 282 461 502 160 351 389 874 541 791 109 624 652 705 823 793 543 181 601 294 327 444 335 974 658 973 255 364 911 132
163 474 394 309 135 467 20 87 324 59 956 510 583 465 231 737 982 125 598 368 778 351 490 312 195 158 240 935 313 268 505 23 395 364 331 212 341 868 582 564 128 753 946 358 719 56 736 263 445 330 383 457 967 68 550 640 499 85 194 299 775 222 818 347 970 134 352 911 81 601 933 109 715 733 224 560 599 167 944 661 237 518 398 164 810 109 533 794 719 852 424 929 550 853 485 118 192 396 998 37
622 664 453 730 772 590 420 104 152 522 373 34 993 394 60 210 203 693 772 718 844 547 802 423 813 148 716 180 886 951 400 856 723 335 797 64 67 481 859 148 337 372 904 135 255 756 713 784 320 185 526 121 12 54 724 364 575 653 402 643 256 525 490 988 444 506 895 365 631 578 352 455 824 190 794 293 72 778 44 455 493 836 358 415 913 482 878 850 997 935 294 451 892 59 329 897 389 539 909 319
985 856 169 619 629 418 341 346 664 707 968 279 968 120 172 584 365 15 143 24 219 877 729 647 941 493 393 852 992 925 297 262 864 856 306 560 719 767 513 760 886 805 281 826 680 841 821 899 335 496 1 855 496 924 548 276 22 667 279 643 77 943 42 494 517 425 235 545 821 991 532 117 202 603 319 633 839 707 860 494 390 250 539 523 493 544 6 535 20 13 822 252 778 161 556 228 916 760 967 707
987 551 806 77 521 915 723 351 326 664 651 10 514 407 82 838 132 93 887 134 391 897 364 760 586 123 778 89 616 140 479 502 967 651 341 478 249 784 529 546 957 459 970 652 997 329 347 813 758 900 102 747 93 360 455 196 771 433 761 568 524 138 747 144 880 11 411 594 322 621 398 762 477 670 779 755 495 16 994 106 825 478 278 3 760 897 62 594 599 373 798 351 484 19 212 251 839 614 643 325
749 482 723 368 479 642 826 192 151 576 483 522 923 514 439 414 4 645 762 31 701 32 260 549 154 189 730 670 622 414 157 175 984 785 545 457 208 636 958 390 811 718 670 853 133 718 547 291 180 13 187 630 840 552 359 827 969 543 327 314 645 650 793 727 542 476 973 357 400 970 780 24 983 442 693 195 559 75 888 830 879 657 88 704 548 347 763 832 680 258 22 962 32 383 205 407 585 601 416 667
208 386 797 363 328 639 890 449 318 983 482 862 943 64 623 171 754 780 423 926 158 775 223 381 585 257 578 849 295 757 275 206 255 861 442 988 862 116 548 743 746 286 817 888 359 613 86 823 804 442 122 452 236 849 362 983 450 750 486 21 901 737 989 278 774 998 469 816 628 634 532 597 466 511 504 880 668 752 51 262 855 915 462 258 916 855 86 459 219 109 796 568 383 451 905 392 340 109 845 417
842 540 475 981 573 468 903 459 328 378 426 116 451 691 778 498 969 482 9 764 625 155 795 780 318 401 316 869 181 888 528 877 443 497 984 964 369 995 904 667 460 12 228 352 914 167 719 910 784 761 139 217 550 241 540 918 383 916 202 212 727 889 203 471 639 791 401 828 962 740 299 879 149 407 445 478 605 181 713 802 649 628 84 986 379 964 163 203 5 967 83 517 728 466 661 340 489 567 396 820
586 45 301 405 194 504 907 656 97 756 646 206 761 979 919 108 502 167 175 42 790 533 555 585 542 564 635 24 949 796 769 471 724 991 957 730 490 827 509 170 977 697 614 439 861 688 845 277 347 767 333 229 563 846 542 683 898 974 505 696 927 884 935 427 540 658 403 842 303 504 254 375 600 562 83 517 752 874 742 212 301 950 599 997 911 755 303 751 739 747 116 956 555 399 805 27 443 231 697 372
725 358 594 928 113 469 475 391 487 165 902 263 306 947 340 355 679 681 532 961 974 102 974 309 589 247 100 861 399 712 280 493 837 50 350 331 222 667 867 819 126 906 908 907 279 496 483 579 490 850 226 253 312 665 464 690 377 873 475 437 207 376 282 678 802 224 231 483 239 107 410 615 235 369 357 167 567 708 741 311 680 130 322 693 653 27 978 41 503 81 899 908 147 2 389 173 892 638 554 848
397 415 326 132 447 759 680 102 489 191 857 485 719 790 35 202 919 437 607 247 419 373 880 754 825 583 750 768 640 628 608 895 324 506 147 942 325 722 261 70 486 845 426 787 222 254 920 997 99 600 411 693 194 3 741 591 769 895 850 443 57 660 1000 950 161 636 418 182 587 990 919 117 254 921 759 241 134 740 385 67 387 54 514 297 206 685 144 102 583 417 709 512 717 272 339 319 463 413 951 174
15 870 277 965 728 792 972 902 196 477 274 227 246 278 764 996 34 750 161 496 415 272 409 549 585 401 401 48 968 81 255 288 672 353 85 355 837 610 69 952 766 595 988 957 249 347 707 622 359 505 972 214 990 117 962 934 223 619 850 765 357 818 787 317 539 915 674 117 609 579 696 293 715 567 637 930 187 455 603 472 980 795 214 125 977 860 46 619 242 88 197 238 354 964 213 959 759 555 551 585
102 10 425 911 875 295 338 244 132 398 468 523 157 944 940 728 946 245 989 450 522 699 597 153 500 158 134 356 928 918 196 462 794 35 567 745 785 627 606 286 573 667 926 54 14 649 163 645 17 468 303 298 66 443 399 831 946 654 449 20 368 532 428 362 60 995 689 611 304 74 167 72 894 493 469 954 694 423 611 156 141 104 732 200 997 652 512 952 613 570 643 797 912 253 429 85 714 609 395 896
221 782 182 649 253 239 967 669 108 190 223 495 570 894 512 748 471 200 766 143 438 397 873 1 239 595 446 788 759 366 861 171 910 24 435 925 201 195 328 679 906 917 126 636 303 802 926 368 576 567 866 215 889 960 727 29 124 112 930 622 992 943 571 375 855 913 948 442 67 260 381 603 99 132 666 845 697 176 177 169 441 534 665 210 156 821 986 472 612 986 631 259 490 2 505 611 253 853 877 459
56 187 921 721 366 6 429 490 219 603 719 869 278 221 602 480 887 430 143 986 926 702 74 156 758 766 675 484 188 713 878 870 830 627 293 952 938 870 514 56 232 508 278 987 352 332 252 312 745 968 630 550 626 374 824 562 306 143 230 621 147 148 1000 507 905 659 928 144 613 355 763 622 332 84 39 473 748 966 758 502 886 429 333 35 8 281 1 977 929 327 363 258 4 342 757 953 749 978 808 128
353 642 206 756 769 814 300 822 607 790 179 441 636 521 478 103 794 757 947 176 324 946 234 88 429 72 469 208 816 820 597 95 679 436 718 930 729 626 784 346 514 558 811 683 354 405 607 402 430 730 217 894 388 345 43 184 863 660 363 684 983 123 207 456 242 632 375 930 502 677 939 53 952 611 879 21 128 623 520 734 458 932 525 154 441 175 531 390 166 698 364 506 576 818 830 459 301 540 872 658
57 345 173 856 209 995 49 672 323 889 121 360 139 63 68 1 886 631 722 649 823 284 263 123 2 786 675 221 701 317 288 641 777 356 551 189 748 147 485 966 650 863 709 466 834 740 661 800 912 83 14 650 298 820 699 501 832 214 853 474 612 962 621 975 780 998 204 501 360 184 951 779 72 747 441 139 784 451 1000 498 945 923 871 998 382 526 275 588 246 778 757 984 965 972 231 740 422 73 614 998
383 537 985 711 132 115 209 180 140 809 324 119 138 622 156 630 805 742 210 704 420 148 714 340 575 759 953 824 290 120 474 251 753 949 990 591 499 661 698 717 80 713 291 507 106 182 784 619 996 819 322 580 731 976 706 117 580 209 485 49 595 310 752 53 213 857 602 187 235 351 176 227 676 825 250 576 469 516 22 947 692 627 771 638 95 801 776 696 272 400 0 575 145 918 222 656 843 365 731 707
322 859 550 766 626 16 306 188 250 543 0 474 502 624 236 592 110 701 569 68 748 41 903 693 562 56 218 918 661 590 652 181 968 311 680 144 160 922 716 411 422 689 756 667 136 645 805 522 398 86 904 612 53 439 275 687 929 359 818 290 541 229 426 893 140 572 943 136 557 741 788 262 778 766 495 483 377 852 879 668 200 517 202 157 313 450 938 80 804 86 613 87 225 748 343 145 197 30 97 648
182 641 619 80 892 663 986 569 47 160 542 818 101 784 312 749 900 97 118 456 662 296 944 923 477 152 969 879 100 72 46 531 618 638 211 560 504 486 487 687 291 2 883 873 795 354 688 925 977 541 993 621 337 603 687 825 973 877 162 141 515 669 375 68 664 834 649 139 866 89 747 381 934 873 445 22 217 872 699 587 504 294 49 262 526 529 552 554 958 337 267 537 166 831 776 689 900 353 80 95
675 917 444 603 995 575 906 218 954 494 183 670 478 168 800 486 1 507 200 631 358 385 102 451 964 231 586 848 506 815 192 881 623 964 379 585 953 269 393 667 201 939 678 615 416 458 38 583 707 996 923 260 530 66 82 322 325 293 255 683 593 441 597 761 257 916 360 314 777 37 751 0 476 692 1 588 352 734 282 839 20 170 396 723 919 51 873 855 83 869 461 706 906 169 509 571 850 752 826 675
64 811 121 581 855 897 639 22 87 513 851 759 816 210 834 640 748 771 420 442 335 164 253 729 568 447 472 880 388 580 857 469 196 263 811 54 201 559 610 835 208 418 270 754 974 157 369 803 172 249 823 999 458 190 762 991 503 357 568 851 561 372 740 375 647 702 628 66 62 559 480 85 331 521 516 878 244 729 824 593 777 865 399 173 782 576 55 362 922 876 48 992 277 562 963 516 188 493 633 901
213 748 892 214 956 526 292 438 926 34 387 932 544 467 474 612 947 889 140 204 983 519 415 907 446 763 125 44 711 407 788 964 628 544 513 889 130 358 107 793 393 486 751 520 385 131 920 391 718 334 35 239 349 592 300 944 944 536 824 162 246 863 81 48 30 670 938 23 269 613 853 40 708 821 458 184 289 261 347 631 953 93 30 617 924 214 613 484 473 763 260 314 586 348 484 512 105 973 106 937
910 783 14 405 166 808 656 160 753 365 315 66 283 106 212 934 969 737 704 361 111 391 751 924 464 944 736 448 237 409 769 533 67 756 948 259 394 950 230 383 823 59 641 936 73 195 96 647 755 216 170 363 296 953 863 696 313 421 947 245 276 147 904 355 693 880 579 404 625 693 522 233 10 65 379 242 932 870 114 287 150 810 823 273 187 839 770 822 803 889 491 461 498 963 105 1000 29 624 212 328
289 537 923 751 550 909 178 611 343 584 668 151 495 908 703 906 496 664 180 717 783 761 754 703 56 770 835 2 199 970 766 446 920 633 801 843 9 632 393 49 428 960 230 196 25 855 287 469 801 266 240 900 125 805 394 132 642 961 566 586 490 535 158 720 139 264 469 542 150 920 949 128 338 806 339 481 907 919 74 347 207 309 620 833 41 2 565 297 924 443 461 217 7 692 990 247 634 15 27 78
795 944 444 314 25 149 366 771 373 257 172 452 839 531 565 403 508 457 306 844 266 988 19 642 105 619 445 298 281 410 990 264 90 25 378 593 943 776 221 535 951 671 530 106 91 903 100 391 90 442 367 353 635 958 242 873 717 17 39 940 255 706 877 728 55 600 76 569 433 856 403 236 708 425 901 763 474 75 653 778 112 528 135 160 161 610 103 520 353 374 797 44 734 242 172 679 721 548 47 217
432 165 735 883 131 216 714 216 799 931 59 116 917 155 696 959 161 26 377 612 689 15 124 295 802 955 536 619 480 65 172 272 938 63 547 282 533 418 400 686 15 539 470 832 61 47 59 297 946 562 913 739 74 872 512 359 925 58 982 150 706 72 787 913 655 938 316 290 726 423 236 841 419 917 876 200 967 332 50 951 635 734 923 68 126 425 174 81 179 15 994 639 963 914 626 813 886 99 895 9
333 68 562 687 77 243 113 896 949 558 850 677 210 983 143 872 784 568 194 650 109 690 724 9 354 650 452 546 157 453 346 659 828 882 846 953 849 593 504 354 585 365 871 153 669 671 167 882 844 424 451 124 943 349 135 24 446 112 377 470 817 690 926 542 798 142 783 751 236 949 921 799 448 529 147 444 182 820 469 483 854 818 735 587 216 520 352 459 922 154 388 284 826 499 767 647 956 87 541 287
804 971 227 179 832 184 575 161 456 308 364 777 704 743 415 295 202 259 371 285 995 83 63 947 503 777 160 999 617 844 502 33 114 988 749 441 102 776 693 969 653 353 928 465 567 767 148 453 552 396 255 847 836 591 645 694 522 692 937 616 557 829 756 846 660 538 836 609 155 850 992 924 956 459 678 606 24 829 336 460 580 382 186 493 722 826 295 877 924 546 2 231 430 402 753 813 939 432 714 323
366 244 127 209 626 800 629 965 992 731 281 769 302 179 854 260 591 967 142 666 583 502 884 727 851 238 549 104 968 385 777 716 485 270 672 48 358 452 305 413 535 406 88 253 440 900 455 578 98 535 691 75 767 698 159 241 72 261 560 593 348 153 82 168 879 485 602 362 850 568 408 676 208 402 441 865 407 662 487 545 457 426 618 596 919 359 699 803 857 790 932 930 940 195 930 263 619 49 457 656
277 956 624 635 746 327 523 568 873 967 845 82 526 980 627 569 233 28 333 237 30 677 765 916 244 574 320 973 991 751 251 297 285 223 491 295 256 909 683 541 38 366 507 343 377 156 148 181 579 793 325 619 614 909 188 970 986 117 415 368 642 151 922 506 75 164 323 285 542 969 139 596 887 629 900 496 679 636 964 578 334 629 356 568 691 617 640 424 657 895 889 136 419 603 467 554 991 271 616 380
265 794 322 866 229 390 963 237 375 917 961 545 164 669 894 590 846 280 830 517 796 82 920 606 88 73 877 269 114 835 334 899 346 566 296 13 292 778 572 562 640 1000 350 839 789 416 790 679 792 164 242 437 52 51 199 350 745 701 770 22 826 974 290 991 119 652 867 287 137 589 560 124 291 796 746 540 938 53 572 613 791 413 901 371 201 951 755 371 71 538 774 415 867 85 13 86 609 485 824 748
238 566 568 214 683 439 825 406 314 898 132 352 68 23 703 953 966 268 689 761 200 39 796 294 12 111 1000 580 726 440 627 77 790 264 569 669 174 447 710 265 952 392 230 133 452 522 566 983 442 754 76 286 427 591 547 372 739 358 811 62 918 647 772 657 909 750 267 388 360 838 504 232 93 42 311 860 50 701 199 503 95 193 868 678 575 391 867 602 825 66 611 495 750 179 872 135 733 351 942 233
159 894 429 295 400 632 88 127 391 65 977 52 437 630 644 232 945 565 341 939 453 590 930 455 406 765 891 29 68 258 140 54 735 913 892 53 66 256 984 947 567 919 879 568 465 60 662 834 11 157 184 8 533 469 174 418 646 892 327 431 390 733 216 242 293 9 431 628 109 231 453 79 161 295 984 554 455 653 991 117 350 481 826 127 701 54 99 272 220 353 404 441 670 517 469 665 250 793 627 833
166 955 259 459 881 171 707 594 553 946 35 87 367 815 242 952 701 737 97 587 905 360 378 777 24 693 99 944 583 199 690 161 535 340 282 308 223 704 396 63 164 420 608 257 998 453 528 738 649 73 395 169 218 872 663 242 861 182 767 532 129 137 862 410 836 142 27 0 612 448 915 843 301 975 287 891 172 465 923 378 378 591 456 946 669 631 790 442 77 530 622 374 134 799 534 826 149 137 758 211
231 577 317 56 871 870 78 952 330 313 250 136 824 896 655 205 253 351 559 380 794 411 446 44 54 77 206 880 767 203 40 424 846 179 208 648 743 908 179 74 459 869 452 984 144 240 481 322 565 255 667 909 969 804 78 886 363 423 877 469 262 125 921 230 734 291 627 705 529 637 541 40 405 516 452 496 182 26 857 774 922 822 327 258 337 463 828 488 19 925 777 414 603 2 924 6 615 319 32 84
252 380 930 709 431 364 177 833 144 275 668 418 459 653 924 950 482 695 463 273 487 27 852 102 501 841 642 684 123 700 708 512 831 2 851 408 927 50 622 664 902 54 85 323 683 781 684 824 697 707 975 111 511 83 312 79 551 394 805 675 114 313 388 635 642 536 463 743 2 9 119 98 30 730 828 110 280 687 110 437 914 133 363 191 703 403 376 15 536 820 874 734 84 976 134 456 421 741 904 288
738 621 187 117 399 602 316 634 419 205 182 951 757 873 738 974 783 453 30 365 139 909 770 892 175 744 38 663 439 237 932 685 438 866 736 697 252 991 734 726 212 448 566 109 308 205 52 897 956 747 887 12 14 885 833 577 417 766 997 729 288 588 111 669 544 133 992 846 449 497 242 718 994 542 459 50 757 262 520 294 263 492 448 910 687 932 989 265 595 497 827 652 503 169 769 340 207 168 632 877
470 788 727 784 201 57 588 815 367 379 246 558 844 464 230 294 99 748 529 279 172 572 973 586 744 570 370 89 195 131 517 976 246 733 725 666 48 643 691 228 327 485 553 272 385 139 686 254 699 636 416 930 345 193 983 115 909 829 522 797 464 422 550 874 691 735 384 75 137 345 290 421 224 824 211 448 362 854 417 102 585 311 63 673 84 245 832 715 314 510 552 861 347 215 697 991 525 984 181 199
454 8 361 793 838 236 483 984 20 784 752 777 877 829 67 137 804 180 642 282 152 565 651 383 675 994 529 775 47 117 208 484 369 500 728 783 886 493 632 904 642 548 953 268 90 436 544 643 798 574 607 464 523 398 691 450 335 462 542 646 953 220 761 990 778 191 775 580 635 443 233 280 662 800 103 45 540 358 42 150 467 615 660 525 41 947 336 679 638 990 196 720 694 213 194 294 768 895 535 295
745 585 765 143 664 746 559 104 891 1000 937 176 839 599 964 462 887 650 66 519 694 251 979 531 524 851 199 429 358 791 724 567 443 521 30 471 953 302 836 711 365 840 731 602 446 685 375 562 796 575 23 979 584 956 735 228 616 822 477 732 113 448 87 43 271 159 244 941 65 178 97 809 953 997 639 7 585 40 566 505 774 813 12 461 72 27 429 96 948 907 293 533 309 55 460 593 129 739 954 766
961 342 476 272 185 624 729 739 94 757 105 426 291 519 80 769 423 485 787 94 690 175 611 989 642 941 970 764 418 65 508 482 932 103 705 983 151 642 35 467 569 866 695 477 409 25 761 401 640 563 828 108 223 529 477 13 286 451 841 76 57 313 649 555 682 94 201 964 437 563 427 472 680 519 913 952 536 86 980 497 994 765 577 282 742 625 457 865 295 1000 438 831 408 588 811 31 524 892 974 96
41 662 116 416 809 502 502 767 198 734 434 149 572 94 348 545 452 326 49 23 118 911 948 584 955 335 827 924 76 234 597 730 882 9 136 112 25 764 205 532 205 169 580 988 184 209 710 922 120 51 144 740 730 708 107 868 347 362 127 886 825 498 955 547 463 646 133 722 469 128 699 471 269 549 479 491 229 990 583 977 295 978 397 968 689 940 455 167 200 106 452 955 45 188 6 704 465 803 556 569
322 280 878 295 617 225 264 403 379 934 295 969 776 756 169 801 19 275 890 873 925 911 343 493 729 946 585 516 677 351 214 372 123 294 75 994 659 652 990 433 124 359 715 153 986 1 86 953 993 261 388 632 472 808 140 651 702 799 979 474 581 251 509 85 832 429 408 298 847 158 723 321 882 829 194 903 906 694 947 171 354 828 560 875 857 459 720 295 780 330 833 28 789 300 389 629 167 291 740 705
560 826 729 31 830 213 935 991 588 955 114 82 788 726 772 748 770 232 5 961 892 838 321 390 983 588 339 908 210 908 913 500 171 622 354 716 85 56 936 673 525 145 821 56 977 174 345 230 664 92 905 741 151 580 111 924 766 281 376 184 126 89 369 538 650 630 927 395 160 557 273 567 315 451 76 751 667 255 363 960 260 365 897 331 736 410 909 528 706 242 198 256 291 806 916 782 383 357 851 927
742 842 851 576 924 482 992 67 682 926 141 918 627 443 405 500 1 685 65 263 565 617 875 9 267 239 479 291 293 156 763 944 34 258 179 766 204 479 7 195 353 433 282 370 768 646 861 241 717 417 837 442 824 934 270 395 629 558 80 228 107 837 598 815 423 972 949 686 355 401 501 394 43 882 810 604 910 902 662 293 521 94 857 306 204 921 229 199 865 602 498 189 923 210 466 125 621 806 682 831
898 103 557 327 975 32 282 73 630 227 59 845 49 780 267 712 274 276 135 40 887 674 531 745 772 227 625 555 979 17 498 102 702 210 481 944 460 16 645 154 251 838 945 407 440 49 693 559 662 282 134 917 293 948 332 860 36 180 34 175 942 589 217 780 86 220 907 679 502 148 216 802 600 147 822 467 921 22 1000 330 788 386 873 482 561 640 99 605 979 314 213 87 161 549 701 458 768 219 195 283
8 572 326 99 94 865 508 900 373 58 103 851 809 915 351 480 545 146 358 230 320 437 94 813 577 880 986 339 264 705 453 952 266 31 646 983 89 194 559 548 558 857 445 207 552 305 524 485 602 885 58 540 528 25 990 424 115 301 946 147 336 564 445 355 972 715 649 254 775 3 984 306 969 324 535 736 958 625 150 906 509 269 204 379 26 755 637 469 963 198 264 366 316 910 367 387 816 370 731 784
867 295 851 61 469 546 61 792 939 275 194 849 118 674 108 441 367 49 804 874 158 543 764 572 269 727 889 762 984 16 205 575 996 536 88 333 519 572 395 551 752 802 326 897 877 273 423 462 10 971 149 323 732 239 700 456 209 323 730 85 264 232 8 855 247 296 534 39 620 987 576 752 243 3 984 38 909 802 297 954 331 714 697 247 444 392 237 370 678 45 197 399 729 225 900 897 939 593 455 964
606 242 158 153 195 956 656 569 111 679 93 149 306 844 83 389 921 774 437 107 846 719 61 597 877 901 306 731 590 432 523 818 193 213 653 72 93 1000 875 196 824 711 509 691 649 264 746 355 971 360 28 845 131 572 487 66 930 50 771 849 159 24 59 257 896 548 528 798 945 846 880 491 40 868 47 81 488 794 181 96 314 98 868 210 286 379 621 76 945 464 976 850 8 641 883 726 768 463 622 790
785 336 408 384 470 946 859 986 774 331 109 428 162 827 732 619 685 189 908 296 700 597 353 964 871 466 775 989 465 410 831 347 561 198 165 388 763 81 574 823 269 843 82 888 374 165 718 773 346 270 152 174 780 181 542 51 688 742 427 722 50 626 223 102 481 439 903 936 296 395 150 910 275 976 610 309 995 947 305 924 894 680 336 833 726 82 67 781 851 631 749 94 586 734 128 537 523 696 898 927
547 425 920 213 815 859 33 756 879 393 376 794 899 62 392 910 786 994 367 851 729 782 761 910 925 639 564 725 118 717 11 934 156 759 77 59 373 401 323 1000 800 913 278 64 80 846 500 160 198 61 530 947 188 869 681 443 602 654 98 643 302 806 259 998 439 844 694 954 171 224 713 711 549 625 996 89 289 72 351 549 445 653 725 634 822 662 940 763 62 765 136 354 584 152 185 324 791 149 568 532
658 712 729 677 538 316 475 727 353 792 221 780 530 687 23 881 170 92 6 292 102 125 258 218 702 41 174 660 279 121 106 307 429 163 281 159 701 801 697 344 767 629 230 753 879 55 833 695 716 140 633 706 460 890 247 115 36 877 958 709 349 151 426 965 296 113 82 796 846 130 268 225 818 8 581 968 117 259 190 222 989 541 584 306 795 860 852 815 715 522 598 283 122 277 584 81 937 950 958 876
851 27 154 223 156 870 71 550 759 607 990 368 225 797 439 427 677 766 59 509 104 8 32 31 159 612 652 771 691 318 935 679 789 890 350 840 369 788 314 811 715 749 66 945 410 581 16 629 843 114 245 165 938 34 624 263 895 480 515 251 287 236 423 922 490 921 271 991 398 914 34 205 369 850 198 547 524 141 686 679 142 711 360 661 393 595 465 512 121 322 229 436 200 171 178 318 48 173 289 31
934 901 629 164 202 181 35 596 657 937 356 857 310 112 793 605 170 450 888 473 843 206 369 232 273 87 328 316 563 973 959 681 177 924 814 804 146 8 388 313 165 541 806 814 492 860 97 453 707 13 110 216 388 140 461 389 681 252 660 609 113 55 206 192 901 157 295 720 626 894 605 771 220 969 257 233 218 955 855 815 176 198 479 632 604 300 981 404 910 544 180 986 577 124 598 323 47 525 364 850
107 717 784 1000 579 282 717 875 579 211 739 669 86 984 212 906 635 830 265 382 891 429 128 402 924 936 313 623 91 85 848 465 129 270 830 874 310 467 940 679 169 271 858 597 227 171 698 8 106 175 363 277 620 237 420 751 375 765 257 341 778 403 389 862 500 488 262 906 8 252 420 570 386 585 766 104 303 494 320 622 635 52 664 161 745 212 188 657 839 429 962 41 84 605 258 738 10 96 43 238
509 164 456 728 603 794 756 256 994 375 642 694 358 532 260 197 114 581 297 233 737 262 161 762 66 421 81 883 244 497 368 692 799 987 244 983 522 533 700 79 910 622 565 761 946 335 345 722 590 46 430 805 937 769 306 201 162 536 562 692 975 493 748 540 730 548 570 569 90 163 369 544 656 120 939 870 705 483 463 284 126 399 958 573 935 148 806 594 5 994 176 989 229 725 637 570 859 642 290 670
155 556 80 908 336 331 735 85 432 254 870 179 898 597 350 480 531 300 857 237 94 286 858 479 963 143 356 249 49 435 530 692 158 973 339 910 671 861 1000 479 963 756 592 772 950 958 379 541 984 672 610 208 474 123 987 574 29 820 946 363 726 131 434 456 754 740 776 547 481 217 851 19 524 877 829 29 414 754 815 207 662 331 971 188 300 567 93 677 508 565 67 381 556 885 794 331 546 193 445 496
46 746 74 321 91 931 416 289 891 148 548 449 45 655 905 561 794 854 142 626 876 984 925 536 126 865 26 385 576 544 829 968 261 399 497 861 703 366 336 680 754 464 440 971 504 53 976 184 196 96 533 804 157 276 242 508 307 255 560 323 832 389 86 797 323 434 91 277 108 246 986 240 548 289 700 523 348 479 937 384 817 164 730 431 562 861 41 907 644 630 873 791 469 885 937 675 31 998 412 496
919 977 484 325 693 844 224 474 738 223 200 802 24 672 750 500 745 268 758 401 104 825 811 275 858 311 888 494 512 831 912 94 170 343 113 577 914 596 435 447 563 965 897 797 477 500 889 110 529 943 12 71 188 502 840 64 898 735 931 457 418 580 223 539 814 616 586 893 67 250 98 160 98 852 33 619 467 730 126 522 124 65 134 935 541 935 391 86 154 946 599 788 869 347 428 856 790 874 9 227
81 966 169 336 935 685 884 287 557 210 610 256 77 8 423 178 863 922 585 570 500 677 847 250 664 656 670 234 785 44 297 12 778 672 553 330 149 471 577 720 260 818 542 117 44 416 424 778 660 40 313 74 920 98 541 391 643 546 33 814 601 82 814 749 570 963 591 188 791 736 393 94 853 793 719 617 123 831 811 979 998 679 696 397 19 578 411 966 426 693 185 878 39 205 533 968 642 544 323 803
34 897 553 666 511 976 129 634 390 327 497 676 205 596 254 92 531 95 630 15 679 787 61 951 182 120 944 25 777 730 485 791 92 741 819 109 332 567 208 921 491 221 303 705 360 491 985 412 873 42 755 722 59 408 239 535 898 855 749 575 322 768 297 135 80 222 617 197 450 446 41 989 716 597 169 284 162 464 176 99 983 756 604 386 221 981 244 794 914 471 44 480 989 575 801 434 104 411 307 12
923 956 361 502 761 630 255 845 461 725 394 546 244 878 722 23 741 194 185 943 550 115 226 821 183 543 457 523 659 344 674 591 822 4 542 472 317 847 793 106 640 178 343 155 619 163 168 843 634 873 31 778 14 116 895 687 675 933 482 58 920 575 419 648 601 722 560 322 774 97 568 883 846 776 618 473 809 688 415 767 948 609 904 657 663 55 725 452 678 439 744 247 59 832 573 667 438 535 249 599
539 477 339 138 537 524 434 696 172 430 969 868 782 633 359 393 780 965 213 901 461 982 670 242 962 962 820 505 909 744 632 948 858 212 383 129 613 611 973 239 561 285 614 779 504 943 206 965 362 59 4 5 623 540 233 182 200 833 822 524 871 656 806 278 207 983 674 224 904 880 245 534 986 272 564 24 208 333 225 681 195 535 663 636 909 134 753 715 202 98 469 166 600 847 744 813 74 668 630 685
414 780 709 245 638 885 928 751 248 946 594 255 226 251 543 752 137 372 51 169 725 29 79 777 662 529 439 238 127 913 349 501 685 730 856 91 905 673 434 123 886 259 723 441 429 146 827 210 618 416 989 102 279 242 774 494 893 192 537 96 569 24 584 723 536 699 625 861 555 306 43 918 613 763 645 591 911 14 449 768 624 952 627 99 903 65 28 839 445 378 481 837 539 448 938 923 422 819 338 512
91 613 62 163 294 88 935 475 101 810 822 297 702 912 537 619 883 536 271 98 42 715 95 661 445 320 163 825 102 653 867 444 766 163 950 689 410 56 419 379 545 826 324 4 645 550 894 561 111 70 972 984 580 961 588 943 486 759 592 223 87 676 254 362 698 861 205 416 989 890 179 564 560 558 669 43 9 6 426 250 561 435 234 636 209 429 724 307 167 755 963 938 978 53 941 484 995 390 756 807
670 543 296 113 970 291 46 914 873 341 468 565 162 944 188 826 657 315 629 347 515 674 70 312 26 854 283 427 603 257 712 873 672 876 66 727 836 157 613 977 798 308 887 301 631 453 561 449 593 216 109 434 392 898 317 821 896 353 949 648 185 607 122 520 964 676 545 707 168 280 188 204 988 511 46 754 806 532 942 567 37 849 326 253 193 121 295 95 737 505 53 564 406 392 869 241 353 954 210 332
317 238 454 634 923 393 958 80 787 169 353 596 897 918 832 837 188 204 61 990 389 35 74 237 39 201 453 892 155 481 696 254 479 96 825 342 89 430 915 368 235 640 95 525 917 59 479 361 131 124 489 839 792 962 890 1000 89 228 541 393 606 18 546 17 398 293 172 387 828 736 112 726 388 531 670 632 734 624 605 72 53 804 35 309 617 212 188 966 148 494 454 765 517 635 279 758 732 1000 838 579
852 51 840 796 378 252 218 735 815 75 793 832 762 975 571 732 197 386 230 793 650 189 537 440 600 245 726 245 86 526 568 388 653 217 115 460 692 269 958 402 749 765 177 800 49 511 102 367 340 224 958 975 463 771 197 526 795 471 744 499 30 877 683 938 125 630 987 984 450 841 391 997 484 779 460 880 819 5 53 11 413 559 673 246 48 367 489 758 888 853 786 507 868 43 640 429 962 48 396 345
474 144 100 357 765 969 655 693 126 362 153 94 79 906 647 493 837 548 598 706 317 910 305 848 867 258 319 847 760 31 765 173 891 609 13 792 798 230 451 573 307 913 481 831 495 206 670 965 799 383 907 207 516 823 151 829 168 259 90 611 666 974 579 183 14 50 798 826 383 450 928 902 204 513 259 958 455 883 682 352 902 804 186 710 433 5 875 765 472 859 930 984 87 651 926 676 502 83 376 977
690 433 161 590 33 28 366 692 992 805 5 783 984 356 423 894 905 658 705 204 704 962 492 179 917 704 886 988 47 362 74 345 603 301 594 550 742 402 927 190 486 284 37 664 884 853 259 230 869 754 786 105 345 222 811 516 236 146 729 357 513 789 746 387 156 427 71 91 82 267 293 704 130 60 302 263 731 750 818 932 114 280 897 120 811 630 483 647 760 292 258 219 689 414 564 269 66 306 332 954
535 892 608 415 601 944 859 900 88 562 700 816 291 390 372 441 955 142 647 712 330 182 833 905 134 666 486 961 967 933 386 417 646 540 722 585 318 38 201 7 204 718 780 523 764 638 164 611 33 650 520 728 739 551 594 623 979 415 99 935 977 300 422 946 48 582 116 376 370 274 990 613 691 938 726 516 862 176 415 445 542 157 617 731 124 557 900 407 425 271 837 297 364 781 967 977 222 939 52 576
536 173 948 836 375 760 280 376 222 260 732 158 179 732 403 883 109 307 639 246 850 515 343 12 559 949 324 554 405 625 717 221 114 722 27 674 132 383 905 526 814 363 636 601 168 98 319 836 615 193 845 559 978 545 523 441 635 312 959 148 137 462 366 77 324 26 422 309 811 407 755 849 638 465 336 575 668 898 235 614 706 438 456 718 17 277 142 66 899 336 129 470 418 233 572 540 296 208 454 170
605 572 697 602 277 419 493 525 366 301 277 693 815 771 111 619 562 307 682 659 603 734 850 204 674 569 432 945 214 873 18 984 201 112 636 808 959 141 714 364 225 879 685 893 632 937 418 517 494 741 970 543 397 112 262 271 209 905 860 294 245 673 954 42 446 253 407 186 313 114 493 912 990 392 912 607 513 595 995 530 488 660 331 259 831 667 68 98 126 146 902 466 698 231 572 858 833 826 26 334
351 183 136 702 129 10 48 569 48 554 303 738 45 87 133 980 548 513 381 416 937 489 155 800 287 929 132 144 919 593 992 11 352 844 520 317 962 29 363 756 919 444 220 22 768 82 760 591 11 715 71 882 952 235 998 951 140 808 66 605 661 918 189 713 845 525 733 877 127 639 277 499 160 757 350 995 473 653 864 731 215 385 673 741 639 696 221 499 939 145 515 653 967 651 865 660 39 828 396 171
301 283 187 597 942 459 44 273 9 575 375 938 231 203 322 952 639 298 341 734 304 206 644 82 905 56 661 66 456 85 164 792 659 315 253 756 230 132 98 201 728 79 997 777 846 153 858 101 59 944 742 121 249 818 218 200 931 635 395 620 490 800 786 512 845 102 802 136 851 795 597 293 431 278 104 670 941 205 798 342 68 599 491 498 863 372 189 967 238 285 756 984 596 134 417 580 410 477 299 551
556 570 362 114 820 369 440 572 935 742 747 868 969 234 268 949 790 168 934 440 774 592 358 245 997 138 72 126 816 777 33 253 735 367 6 106 111 609 692 610 877 402 561 464 245 719 610 589 213 252 160 84 438 738 213 937 94 566 873 565 925 684 704 571 216 51 471 844 986 491 454 635 48 187 453 101 637 800 620 884 681 101 407 28 543 996 13 925 717 370 488 921 66 611 801 878 115 126 681 796
124 4 459 498 945 699 325 443 259 169 758 594 735 285 304 665 131 858 914 832 413 759 839 215 791 982 181 987 413 962 765 978 569 282 162 960 297 618 946 723 747 783 197 351 879 35 351 337 772 908 750 25 975 826 878 372 202 976 630 657 784 223 653 725 481 995 54 198 986 335 246 17 717 447 129 774 219 954 117 392 827 914 631 865 118 864 502 854 692 871 946 831 484 809 280 957 970 997 804 27
353 27 486 815 508 812 585 233 617 714 601 301 511 205 457 340 540 534 591 216 992 503 830 14 220 891 259 726 316 591 235 956 339 158 746 29 559 164 193 854 146 92 383 671 408 47 956 965 877 369 663 4 617 887 759 920 819 297 317 969 449 823 126 755 46 739 645 980 722 888 289 629 173 527 380 33 105 960 248 206 448 769 452 166 170 183 600 356 964 395 9 842 512 823 408 962 238 596 860 140
751 302 915 658 452 0 547 190 414 313 650 169 298 611 710 438 152 882 639 928 225 787 714 114 175 136 336 847 175 268 660 581 644 445 551 146 747 488 903 975 659 211 489 932 236 47 808 982 2 179 492 703 315 646 608 66 391 399 224 206 829 793 641 616 429 782 867 205 874 249 194 53 578 887 670 18 884 56 103 789 489 924 203 149 121 806 703 352 318 565 543 17 51 974 391 136 444 910 172 695
939 174 53 865 939 847 378 748 951 131 626 203 234 788 608 992 462 107 145 227 850 442 451 988 740 89 722 149 240 269 270 541 335 350 817 392 648 731 876 709 628 728 456 203 807 956 579 679 324 710 101 876 401 131 676 990 379 904 598 831 795 478 564 594 351 273 136 92 509 326 99 524 535 827 700 708 60 501 725 382 937 988 528 645 796 571 151 600 284 696 838 406 513 619 863 53 642 628 304 863
387 815 293 550 911 146 519 360 306 723 714 8 354 683 727 176 377 460 622 161 349 507 117 864 292 516 573 951 222 105 955 514 32 990 883 341 366 224 653 162 132 643 461 358 721 569 105 390 956 906 829 431 621 705 36 293 984 474 986 545 120 971 651 473 400 551 367 763 355 750 982 933 742 275 606 72 230 149 947 238 863 423 532 962 561 725 6 508 670 280 497 208 503 534 399 713 862 809 29 803
160 693 771 238 77 497 168 127 638 338 55 994 315 891 312 333 188 47 182 305 873 852 663 171 195 240 251 117 902 205 944 681 895 117 633 290 452 581 574 414 104 985 230 676 796 294 105 245 494 0 31 909 807 57 803 113 998 666 8 435 590 244 713 217 205 790 418 667 27 207 348 717 946 394 629 369 984 982 793 656 842 555 875 577 26 760 856 399 952 691 926 663 623 52 115 778 698 626 685 475
5 641 823 388 86 797 387 147 17 985 391 631 234 320 709 239 249 21 605 756 4 360 56 728 578 936 569 202 729 249 547 364 837 345 96 656 528 966 610 815 114 806 9 466 238 302 835 555 694 493 329 890 562 781 656 175 756 272 961 142 891 653 833 865 551 358 782 241 169 647 423 783 322 86 361 500 555 651 807 74 409 344 332 750 319 578 842 268 744 255 853 767 530 502 900 877 397 206 684 295
634 911 547 332 653 662 11 675 774 296 304 452 140 367 32 622 596 693 637 575 216 493 327 688 100 334 87 196 54 357 406 137 629 941 922 591 69 424 722 870 217 554 899 579 264 539 231 595 995 909 412 348 488 757 807 253 665 735 69 74 705 899 838 54 527 767 804 87 649 68 798 92 260 686 904 479 263 961 380 650 171 608 168 722 771 871 568 207 460 216 501 61 255 508 678 870 448 795 963 907
280 405 371 721 434 420 250 592 643 881 622 938 971 630 40 129 50 319 622 582 539 117 275 330 943 823 689 759 650 133 150 41 131 524 301 710 810 1 422 230 603 54 142 332 923 198 453 244 399 335 660 292 605 629 334 226 877 353 668 837 663 469 550 241 161 751 879 247 13 361 964 943 788 644 949 199 515 336 961 34 864 715 126 565 997 525 576 855 66 583 809 563 34 710 682 952 533 767 47 582
489 538 972 950 200 376 420 587 98 711 942 598 495 572 827 558 345 466 754 524 169 439 51 83 866 476 526 294 571 554 525 802 743 903 717 456 385 685 300 768 827 548 578 932 695 576 916 920 579 234 718 259 592 262 327 846 828 922 737 490 591 602 369 976 512 484 264 904 809 791 936 249 682 852 509 110 845 766 434 165 873 736 198 399 920 353 118 266 289 549 802 999 507 772 140 715 672 365 381 917
313 249 36 63 263 917 334 508 663 89 136 770 424 599 874 513 302 975 233 752 989 458 347 423 675 846 496 948 764 955 821 919 363 875 364 353 682 357 526 707 271 632 25 659 320 679 735 821 451 504 459 717 57 394 457 767 104 842 834 169 18 303 16 148 770 74 592 659 124 256 733 684 564 121 145 181 947 199 309 675 33 594 432 166 30 874 515 392 704 297 923 909 537 119 542 126 477 9 393 741
5 19 514 606 124 581 911 322 4 238 611 453 920 804 396 853 719 939 612 544 283 265 15 102 990 257 976 467 653 244 255 159 0 623 859 802 805 592 146 940 791 116 259 723 9 397 351 805 420 13 366 246 504 65 593 637 649 876 595 86 518 797 502 202 667 557 464 108 353 561 441 868 704 911 577 528 933 949 555 772 750 982 125 867 474 936 772 412 407 36 442 584 897 792 832 613 800 542 303 629
939 492 451 27 865 470 978 833 516 876 521 981 769 732 273 925 151 944 354 827 745 92 638 931 211 612 638 234 452 475 309 881 896 997 863 710 97 967 561 378 958 686 818 793 256 114 156 339 657 143 117 748 539 339 100 991 374 828 359 766 243 720 389 340 471 331 406 811 248 604 387 176 124 490 214 387 651 732 8 709 375 999 592 563 212 854 88 809 650 751 588 760 0 489 534 253 604 199 514 357
956 267 146 85 652 467 282 380 363 846 576 373 497 142 576 296 642 104 817 980 1 536 945 243 212 232 369 652 1 96 722 915 445 168 664 964 702 216 593 890 235 815 23 191 621 176 976 800 409 673 629 440 149 236 759 33 357 510 399 304 847 888 594 759 616 137 56 6 849 471 162 751 351 976 514 552 899 703 638 905 658 520 472 387 411 732 998 354 951 20 675 353 591 604 61 130 824 466 527 508
876 371 851 45 464 585 748 710 61 929 760 876 537 99 662 319 764 999 72 323 833 141 641 108 708 937 681 969 570 990 725 235 782 83 104 659 37 323 489 711 799 100 569 469 121 745 523 527 629 458 795 94 962 411 95 468 335 594 30 986 62 144 244 908 12 260 967 42 763 135 447 167 710 597 265 104 691 933 479 354 724 955 477 404 83 75 320 266 984 823 609 126 252 786 91 803 512 383 46 957
718 362 183 72 825 224 803 633 127 233 658 16 845 376 760 902 23 423 819 255 925 6 789 519 391 765 890 521 286 667 383 391 444 939 219 35 568 265 637 483 467 907 854 456 332 737 306 965 941 717 137 745 473 263 865 5 139 998 158 39 151 106 424 198 79 975 343 594 261 37 262 291 538 137 457 759 267 69 681 791 164 982 222 807 914 262 373 590 613 924 162 391 312 286 375 232 800 611 324 765
266 423 389 47 161 479 40 50 900 92 514 469 507 148 368 940 73 362 353 129 652 443 361 61 800 260 864 993 113 895 716 500 931 377 794 982 301 401 226 194 426 48 715 292 322 32 465 260 818 339 707 3 845 74 257 659 82 886 464 223 551 459 969 140 121 429 538 774 781 841 396 160 325 639 968 736 115 459 729 375 390 216 619 421 337 782 11 681 97 275 979 887 894 832 124 958 114 643 306 833
572 280 116 644 341 413 996 627 233 369 211 878 203 937 280 534 746 479 136 596 233 87 892 292 684 13 62 761 497 683 605 823 933 893 729 827 832 603 444 468 954 408 426 567 141 474 127 188 104 264 168 623 63 856 254 243 842 486 130 177 300 659 333 277 603 845 359 22 844 290 46 430 94 139 142 238 66 997 686 115 603 678 295 937 671 948 957 793 162 453 389 184 179 289 329 537 919 998 818 251
121 110 332 8 362 697 931 986 476 148 808 638 524 389 19 750 431 524 12 726 124 30 1 328 998 66 311 656 593 0 753 650 633 837 103 823 527 20 92 921 45 125 940 253 350 403 744 446 276 691 507 896 973 835 666 811 144 217 661 402 386 309 507 179 148 169 155 629 910 738 537 426 493 355 926 111 565 368 87 968 715 645 939 299 744 454 841 41 33 14 300 500 380 718 484 733 260 529 175 903
789 31 800 956 499 904 203 925 557 540 180 764 981 654 599 4 103 503 283 374 788 344 279 33 179 689 626 208 443 879 309 506 886 986 538 987 160 521 282 428 417 763 860 189 936 712 923 720 12 665 205 744 490 232 666 830 751 812 991 85 449 952 250 145 759 810 536 413 756 508 405 175 573 470 113 937 183 55 699 550 158 640 511 356 428 323 217 513 793 576 285 835 134 912 899 930 478 184 484 334
739 709 693 901 422 813 939 211 271 383 733 459 341 833 96 220 306 306 130 673 950 911 588 363 180 443 971 159 937 272 724 57 311 13 888 656 573 675 268 664 783 467 781 709 78 353 762 992 578 248 529 787 756 316 209 209 856 210 297 389 402 240 48 809 579 349 996 829 54 866 792 543 510 789 472 768 644 656 690 642 584 700 168 358 329 125 521 919 965 486 603 29 928 395 274 251 746 760 512 41
74 101 520 764 521 385 480 498 951 909 904 590 374 234 570 610 635 228 89 689 709 872 534 671 969 523 496 595 519 555 822 852 576 261 381 64 751 550 66 502 583 647 493 152 43 171 465 994 635 677 935 334 204 332 908 650 351 923 32 373 821 631 42 135 654 723 119 304 903 693 603 147 299 313 642 666 405 510 426 937 406 394 384 54 578 693 747 226 4 901 4 164 987 72 916 10 209 44 871 714
536 130 244 816 559 459 853 364 966 82 655 125 784 449 31 659 148 117 331 990 447 116 72 824 138 172 931 557 382 241 810 427 399 240 846 470 830 418 789 430 80 441 102 310 915 901 843 906 162 870 864 706 700 8 687 573 102 673 580 453 127 725 385 423 447 4 924 62 796 555 153 724 773 845 263 89 602 65 720 12 920 967 747 91 841 67 19 655 794 950 40 355 252 508 678 387 933 637 704 917
25 56 240 650 495 157 757 915 648 228 726 713 235 134 659 565 910 198 898 339 732 813 563 164 388 918 734 702 675 540 521 721 581 301 714 333 956 398 869 2 39 823 698 747 478 272 813 875 356 101 841 784 732 831 960 254 378 979 471 199 17 87 640 240 674 821 444 837 659 762 69 24 436 455 525 539 759 889 824 8 233 50 498 675 163 568 605 285 739 30 877 482 804 790 958 297 92 121 209 825
517 985 54 159 712 180 337 504 881 450 666 981 879 195 448 961 126 737 57 325 740 837 259 205 909 422 828 217 286 495 402 207 488 695 364 500 488 463 166 355 452 438 361 155 45 445 635 814 142 576 588 363 55 895 233 359 699 192 667 521 542 191 629 662 854 686 525 32 926 628 694 222 617 846 526 296 226 679 906 269 827 473 213 450 905 216 822 583 865 802 132 771 828 463 899 759 397 349 596 790
224 582 861 832 955 189 746 904 371 362 99 956 738 436 478 510 499 794 942 260 986 403 955 787 963 988 615 40 312 573 52 99 83 600 764 770 120 140 686 743 392 613 723 537 492 21 562 913 398 676 780 724 790 369 550 246 703 784 927 393 519 634 691 755 486 493 462 800 188 978 209 819 598 827 537 250 209 946 497 276 510 246 686 223 368 642 411 780 824 14 52 966 409 948 578 929 138 762 243 88
113 46 314 886 579 157 966 810 902 495 983 219 444 148 814 34 564 883 218 248 293 744 788 930 950 122 399 631 31 407 773 935 470 429 31 248 207 257 17 968 814 30 783 43 700 965 23 319 35 917 490 42 828 764 721 997 785 17 844 453 231 631 942 799 663 965 836 117 63 21 402 154 728 733 593 952 608 871 646 53 436 614 412 518 432 502 880 892 153 473 142 535 931 31 770 743 27 101 597 354
643 707 605 501 766 743 920 478 852 600 734 621 390 9 281 317 648 565 963 608 884 401 246 487 134 512 564 366 919 408 872 279 275 88 542 841 22 403 147 547 756 931 775 298 619 628 978 21 101 239 277 104 524 287 528 566 757 771 704 35 257 760 122 344 659 183 852 814 568 678 539 156 363 356 632 839 460 394 325 86 576 471 876 108 968 92 909 185 156 333 794 297 680 727 623 942 238 997 548 692
89 931 197 282 464 311 53 310 629 174 26 807 591 819 88 694 339 208 834 972 380 351 914 862 897 661 691 697 751 783 410 864 715 593 109 911 784 236 608 708 145 350 745 472 137 814 122 10 542 537 755 902 298 496 988 512 57 767 667 566 243 142 428 659 714 848 558 156 32 137 736 373 356 532 4 847 726 898 649 279 764 674 12 354 182 27 64 456 93 217 537 493 325 520 277 243 241 770 194 975
28 906 572 616 643 843 593 773 529 304 718 335 669 377 530 914 139 570 324 37 791 771 354 989 789 309 66 532 974 278 738 603 886 874 444 409 63 760 582 864 345 443 468 472 344 49 613 558 408 608 121 392 67 513 573 225 866 280 304 261 594 107 914 385 182 838 178 835 655 519 629 605 987 125 616 518 870 939 242 280 261 912 262 613 50 580 825 400 34 844 784 155 586 584 95 200 231 408 314 591
902 551 800 296 22 752 423 401 478 909 867 846 11 100 378 349 783 861 488 870 518 44 465 968 394 690 973 659 820 525 993 789 21 467 271 767 40 960 842 316 592 827 470 128 30 405 359 780 627 954 692 414 780 962 641 78 30 675 452 152 728 519 562 105 43 725 457 56 318 526 221 606 533 351 291 266 413 894 963 439 833 723 627 683 295 992 386 708 534 11 10 815 780 443 110 976 341 370 365 849
863 431 671 860 874 96 247 274 604 32 253 611 646 112 892 750 323 26 634 495 824 306 782 515 739 867 447 89 582 349 53 62 253 497 706 356 43 316 358 405 786 603 259 754 221 121 628 496 224 164 582 907 226 694 953 419 355 127 26 608 76 556 804 810 505 376 285 564 936 512 209 530 967 326 482 686 95 593 109 500 966 637 370 12 385 95 219 390 434 393 913 203 961 343 434 747 836 568 562 712
916 298 626 840 424 991 333 616 757 257 331 964 301 542 568 136 473 332 354 90 797 990 790 991 167 983 897 693 263 508 557 781 16 404 100 291 577 123 359 816 64 101 257 504 821 82 227 423 161 234 625 664 784 703 685 5 418 680 603 165 875 626 779 431 892 581 301 346 344 458 697 577 149 216 8 207 33 280 152 416 747 571 995 977 841 418 955 128 441 786 241 647 729 812 314 416 618 114 753 115
352 100 259 764 118 396 849 979 811 68 417 453 127 675 577 54 156 562 493 0 594 66 463 947 143 809 297 133 570 367 319 646 562 904 797 615 955 185 285 446 44 625 817 881 573 639 423 322 995 911 2 560 682 969 644 504 464 123 288 811 888 233 141 809 734 609 203 348 472 710 427 543 153 759 865 139 610 680 456 106 735 515 446 679 346 622 447 504 483 256 714 869 404 180 215 593 265 844 813 344
778 732 879 101 61 886 711 864 377 32 511 528 603 407 788 619 756 907 232 974 713 515 383 894 859 455 884 121 0 143 612 536 330 575 890 14 770 387 870 539 597 973 481 648 255 240 458 563 535 415 565 184 701 690 97 1 21 89 749 506 760 763 258 55 379 809 666 765 259 912 669 688 1 685 565 377 891 623 726 461 916 539 681 625 618 463 754 635 571 308 81 497 275 507 762 961 450 686 286 783
814 197 683 918 530 34 310 980 184 430 884 565 687 298 222 791 299 400 543 236 313 656 214 361 899 221 450 356 963 63 336 420 751 899 936 490 15 100 828 757 774 957 104 467 14 159 329 866 544 177 770 467 166 364 221 728 266 641 424 298 721 231 27 75 527 258 336 335 256 489 194 720 947 771 413 7 761 816 670 723 326 277 850 314 624 30 305 347 17 878 143 771 684 619 438 66 828 754 830 811
699 340 478 283 295 903 466 944 0 337 930 392 381 745 950 194 709 412 195 147 237 563 268 141 631 918 146 452 144 768 213 652 890 106 221 735 471 228 585 164 63 203 917 277 216 973 81 569 311 970 913 84 922 447 870 716 313 620 971 204 609 497 649 554 720 950 212 831 49 241 586 393 103 188 677 929 992 938 231 63 248 830 964 847 687 604 175 885 294 438 513 467 840 649 348 910 23 177 951 120
675 554 315 781 919 427 703 209 665 133 834 312 92 800 353 79 345 680 602 317 942 68 900 711 366 432 528 49 587 604 940 698 790 85 451 832 835 195 674 495 769 434 647 360 696 90 23 799 857 126 615 34 381 297 491 996 830 850 699 185 417 501 976 9 526 728 306 246 257 167 254 803 522 402 411 370 564 871 777 494 576 798 91 135 179 958 326 870 639 338 710 117 112 884 401 914 740 872 774 17
461 626 646 899 961 761 728 561 740 925 333 410 750 442 616 723 882 867 979 162 676 786 713 317 60 643 582 74 961 658 360 901 930 998 740 632 765 344 607 454 117 434 355 590 398 873 38 42 564 801 408 583 118 392 787 317 744 739 577 455 227 378 325 819 329 484 798 200 247 527 972 988 183 796 705 141 336 960 477 784 954 683 423 103 308 680 951 836 493 535 521 507 93 918 785 147 178 13 415 467
407 378 765 608 633 826 292 957 157 254 401 704 8 554 531 920 26 331 976 478 340 95 584 25 797 952 395 291 734 385 836 876 641 576 397 739 720 302 764 466 734 95 779 383 487 318 160 327 556 454 876 627 918 478 537 635 878 139 943 259 648 543 70 624 200 527 80 983 452 59 451 162 572 924 578 688 567 772 448 572 295 138 25 916 34 730 576 665 76 847 223 951 489 407 20 428 123 176 216 904
303 99 457 82 35 574 16 10 664 29 228 453 613 87 988 855 267 934 253 514 197 976 833 422 518 216 931 632 779 557 297 392 831 911 152 507 964 721 598 381 644 289 345 658 310 695 777 912 730 646 922 331 435 517 846 477 998 702 337 123 571 557 537 827 906 857 106 408 867 164 175 625 216 30 6 556 492 515 635 786 85 773 638 931 939 909 198 88 874 796 725 133 553 436 463 127 762 949 369 861
925 903 175 809 238 266 800 49 189 825 236 493 28 721 842 593 135 133 970 785 854 120 981 849 790 493 759 915 459 197 321 877 320 690 879 915 250 820 522 100 216 772 563 829 333 580 487 483 775 71 910 868 124 593 261 814 126 978 655 805 203 60 266 941 475 602 888 770 70 970 34 578 650 875 471 950 420 405 786 95 227 245 520 434 265 548 270 638 265 183 536 781 329 584 304 446 375 651 608 298
764 831 211 402 7 90 52 978 240 654 30 427 596 369 422 876 952 388 935 74 912 112 755 301 89 898 373 398 891 79 921 944 593 244 554 52 773 109 569 603 624 956 595 35 14 907 576 382 272 587 444 497 650 127 770 563 728 225 185 660 710 227 623 549 793 166 578 147 129 832 126 100 749 847 314 408 157 505 484 976 178 29 530 585 915 382 54 782 242 189 260 52 818 567 589 408 148 11 866 77
310 155 633 674 263 915 316 818 545 983 501 43 905 763 434 770 195 130 10 653 751 193 639 299 414 314 651 531 597 931 268 954 834 915 297 635 220 356 883 11 680 869 975 14 524 592 372 641 140 872 365 694 933 496 634 747 386 468 839 288 199 370 525 381 379 248 158 975 346 288 291 642 374 620 993 344 992 289 342 264 266 151 114 140 417 869 920 663 709 786 151 273 235 543 366 161 463 428 579 208
352 402 797 164 842 294 59 924 113 23 476 818 287 204 565 278 480 85 535 47 538 831 616 311 586 90 740 234 808 720 731 5 527 606 90 447 56 444 1 296 179 842 326 673 885 808 98 469 447 382 199 456 504 672 19 862 623 500 85 446 202 49 333 198 202 150 217 89 106 102 289 805 275 861 166 863 384 632 88 776 887 503 44 478 133 134 959 958 189 618 55 524 771 679 851 154 958 590 524 686
525 288 474 617 389 46 147 193 13 430 841 315 468 979 572 138 576 381 251 802 414 937 786 299 614 838 954 641 761 923 701 516 263 125 966 191 815 995 69 729 475 295 802 581 363 946 828 674 100 863 584 551 164 640 907 186 686 513 793 519 970 653 279 470 778 303 957 320 587 231 621 253 970 940 806 565 868 816 339 997 825 406 759 899 262 843 248 498 855 596 271 552 390 466 518 197 26 634 358 97
159 295 170 77 659 970 210 97 63 14 15 229 628 220 117 475 633 714 998 325 41 675 357 478 512 113 234 335 160 147 704 763 959 914 354 103 865 162 920 486 578 299 496 50 172 769 427 344 830 759 619 51 251 56 671 171 411 816 7 110 784 861 198 81 459 666 934 233 854 173 219 323 401 51 657 378 548 581 1 759 613 176 697 866 697 609 804 503 220 172 304 20 764 120 178 664 244 876 45 487
182 976 564 449 710 672 58 944 104 491 618 168 478 397 111 773 377 550 581 352 352 414 190 97 415 603 528 805 626 98 949 694 256 932 281 178 956 164 529 982 323 904 27 512 932 451 687 621 92 21 453 680 168 635 859 636 16 75 887 423 557 465 617 150 654 186 13 578 731 281 714 489 85 144 356 275 522 331 332 952 656 720 476 671 788 309 10 383 373 56 40 973 75 31 967 811 388 109 873 990
447 797 380 511 281 417 651 323 878 999 805 305 406 609 334 879 134 683 189 865 342 810 317 652 819 745 505 588 740 677 463 596 109 728 697 990 220 466 276 895 743 804 500 589 318 661 232 106 28 421 883 593 157 55 591 3 701 722 626 698 466 468 56 948 600 53 483 511 610 520 51 943 608 645 779 952 503 132 6 844 52 788 88 629 343 229 98 731 117 839 537 893 420 748 753 43 652 335 240 576
838 705 75 168 201 951 638 574 953 568 639 554 747 132 134 663 275 884 902 294 301 281 135 996 935 936 932 587 963 701 41 413 93 531 529 633 127 49 134 606 696 174 858 868 299 842 637 923 238 298 838 179 759 472 204 601 618 474 492 419 916 572 557 815 675 386 570 67 414 343 90 525 77 139 502 555 714 225 510 500 685 354 498 28 737 101 530 660 934 60 834 158 501 468 681 477 660 449 165 61
470 753 438 343 365 684 727 154 179 479 435 307 509 684 266 127 853 713 594 819 362 83 82 961 729 641 909 402 163 286 347 319 674 348 189 980 94 326 396 568 467 912 701 15 445 236 234 59 979 706 300 703 222 715 339 222 424 359 114 27 259 967 404 248 65 963 144 460 421 331 272 434 883 106 66 647 137 336 147 23 941 839 717 911 950 987 459 606 874 271 41 881 405 26 310 176 837 428 990 506
634 860 644 866 842 172 714 897 977 673 691 299 137 527 725 839 540 879 131 109 548 254 978 197 667 958 195 751 526 156 485 63 752 727 120 64 621 685 250 965 915 83 931 973 671 350 94 250 80 667 226 266 655 875 180 892 57 109 585 147 723 664 393 633 78 7 188 976 492 52 725 554 820 243 628 588 53 284 38 186 941 379 373 338 75 83 668 73 132 87 552 670 783 513 688 343 701 335 573 929
85 919 636 153 934 154 831 473 615 384 148 629 623 293 126 414 318 368 977 658 997 50 97 258 497 382 400 983 3 719 895 905 784 570 826 38 127 47 650 176 92 120 747 376 629 583 406 842 777 211 198 563 478 112 657 14 613 720 864 358 15 826 11 873 502 331 348 177 41 634 455 998 307 42 542 20 822 958 685 51 94 225 969 429 616 449 264 229 188 913 708 104 86 432 153 476 60 284 800 960
106 78 491 382 852 928 791 402 584 31 892 690 397 473 526 470 943 415 9 686 736 98 161 459 577 706 986 209 455 721 429 145 242 106 964 994 880 128 777 265 891 107 818 203 657 797 131 767 660 358 642 760 818 909 507 240 442 100 919 288 745 739 566 266 447 476 228 611 220 220 598 761 674 854 688 465 413 896 973 3 419 623 394 296 948 612 607 130 827 380 345 663 693 427 676 103 861 61 395 387
959 108 877 123 863 809 328 363 1000 91 308 53 881 501 254 363 138 484 882 397 599 965 82 384 137 945 333 848 116 882 695 372 848 870 876 280 931 955 216 126 998 430 261 791 130 293 377 533 800 734 419 301 551 754 31 142 817 769 551 912 862 76 434 497 47 117 679 728 621 534 348 168 763 526 179 104 905 286 553 211 393 48 118 391 709 481 680 818 30 689 348 499 973 258 406 721 236 1000 393 361
748 117 231 652 222 599 285 273 114 312 29 762 80 591 270 370 708 431 392 935 629 131 67 760 512 578 306 425 740 814 218 828 106 974 76 417 226 465 259 145 931 114 143 383 571 39 888 16 327 9 57 983 421 134 733 881 932 612 835 225 677 387 380 848 523 312 752 416 353 436 685 907 88 300 617 52 54 246 594 718 482 954 767 933 363 548 962 107 803 330 304 479 347 282 454 696 280 330 610 946
735 347 937 643 780 221 900 540 792 526 475 851 416 190 635 735 550 865 399 316 423 236 830 593 337 555 728 624 787 838 198 484 91 132 965 114 422 21 843 881 345 589 501 738 825 527 592 784 722 667 851 844 757 240 36 393 506 605 113 705 689 189 462 503 357 825 664 378 78 173 483 862 718 550 921 611 243 353 541 73 504 204 83 738 146 164 942 543 408 266 277 300 325 355 913 331 69 397 631 507
581 162 680 38 635 136 310 689 491 884 146 29 579 869 55 330 938 717 660 242 545 188 204 139 864 334 47 560 72 466 451 518 651 631 392 403 615 467 116 472 703 834 234 494 386 54 147 145 468 332 67 577 778 243 740 967 321 224 561 860 166 472 151 121 383 550 62 554 537 823 248 653 32 159 597 67 422 918 716 102 576 528 472 824 820 897 66 312 565 269 781 455 821 530 684 619 158 620 155 181
829 359 232 405 85 382 342 819 372 973 369 212 304 340 876 974 233 718 775 676 1000 476 796 974 11 111 175 265 594 371 564 11 416 348 778 177 11 316 903 190 664 133 495 423 395 362 795 183 620 502 29 365 257 915 777 320 650 508 582 400 585 107 617 588 630 260 953 99 666 642 248 497 720 997 32 864 811 853 834 699 921 59 701 581 548 567 9 671 728 698 191 700 598 290 542 519 553 700 172 466
31 974 25 364 515 793 181 453 462 354 262 14 743 729 664 845 243 388 656 673 60 672 643 736 394 708 289 543 204 742 170 969 158 919 937 476 934 539 108 113 946 920 982 421 380 977 682 427 279 648 499 442 62 42 263 128 937 221 778 836 887 325 620 788 347 82 607 129 573 138 556 86 439 287 440 162 164 266 801 73 180 58 315 513 239 513 58 527 142 325 899 780 650 602 592 30 143 537 980 503
588 427 441 868 970 573 663 635 813 795 593 373 469 122 922 658 422 473 663 731 981 259 267 601 453 925 528 639 737 132 829 515 566 530 421 190 925 290 537 158 435 916 882 262 535 409 59 597 981 615 472 692 252 793 881 398 485 307 209 572 913 465 472 120 522 893 911 178 24 388 353 480 432 428 317 163 304 540 527 924 485 540 852 587 352 368 899 701 937 562 59 574 450 907 265 592 595 493 238 983
253 673 901 666 507 478 547 134 111 594 216 855 772 842 968 404 350 641 572 376 572 283 30 77 716 439 250 411 595 773 867 941 644 785 551 689 834 352 272 939 241 573 584 810 315 877 485 78 370 993 943 119 951 967 695 296 611 811 270 397 329 402 392 970 250 770 546 972 547 835 25 940 732 723 957 276 264 751 966 951 935 245 855 580 655 967 650 156 922 706 286 639 757 310 60 244 492 662 267 408
9 720 244 248 591 355 654 611 684 309 363 561 600 632 124 457 811 664 694 978 341 618 779 245 208 68 975 788 103 337 798 738 862 626 189 589 990 869 518 647 481 76 631 793 943 664 320 561 382 505 851 896 655 936 632 678 212 111 136 765 310 946 647 980 662 300 226 407 648 397 428 73 65 59 39 955 454 202 731 865 222 7 248 856 831 23 909 620 850 875 446 738 970 960 72 230 438 464 869 624
697 629 485 122 98 951 986 374 491 552 200 203 221 736 232 228 531 237 423 899 963 367 983 586 384 306 523 588 152 304 233 709 581 223 789 203 190 399 977 331 384 38 938 354 76 469 339 414 658 877 171 555 708 645 85 363 483 697 952 916 773 390 682 967 81 497 863 885 267 682 54 702 211 348 679 492 274 584 761 975 26 609 734 731 255 390 749 197 245 393 706 173 605 516 216 509 60 552 488 243
866 789 381 483 299 984 728 445 470 843 177 961 436 951 915 150 578 896 326 368 906 957 797 531 505 213 34 542 266 183 201 741 68 404 770 985 957 997 870 813 326 9 129 767 937 861 647 69 738 546 462 190 440 463 856 904 588 395 121 116 224 392 198 474 506 796 944 366 729 325 574 853 709 227 248 510 608 972 150 366 785 141 67 986 80 555 536 939 314 974 711 736 829 233 323 781 301 398 613 461
477 975 85 386 234 60 558 52 721 815 759 29 681 108 731 2 261 607 859 324 973 841 411 106 527 688 370 57 553 561 410 66 627 835 962 802 463 260 240 196 80 807 341 564 322 321 545 260 262 101 802 450 3 636 246 379 778 176 320 37 167 590 268 814 921 806 340 418 487 411 208 948 896 650 354 395 705 540 927 972 121 801 289 407 445 102 14 171 548 617 79 641 929 963 727 823 693 347 509 946
308 882 748 927 507 738 520 503 109 162 284 368 977 152 597 405 610 252 39 854 405 759 560 925 956 637 406 114 316 936 25 169 37 568 93 737 740 951 986 636 627 843 741 636 386 776 257 625 397 344 395 610 295 441 595 845 300 482 482 543 43 70 383 490 922 206 982 875 574 570 276 988 958 231 136 574 589 301 376 807 556 47 267 776 509 63 152 250 322 668 555 594 955 445 156 355 638 57 573 830
456 387 833 132 105 105 303 742 686 975 136 876 743 498 657 95 860 306 347 413 558 681 436 795 42 226 652 61 351 892 741 448 698 441 986 699 371 663 602 97 684 908 208 83 627 840 553 271 625 417 103 800 654 119 953 501 381 38 404 474 497 501 321 986 379 42 11 484 1000 997 611 662 628 999 173 233 198 434 320 842 621 871 73 393 543 823 15 423 631 458 313 735 173 47 803 825 627 114 391 300
457 241 952 522 19 803 737 974 294 369 577 80 534 710 68 598 753 575 643 457 7 609 473 950 128 326 584 808 94 786 553 278 789 202 689 695 735 947 401 721 178 876 914 805 6 309 363 705 915 918 631 34 854 174 907 530 982 206 218 691 190 209 593 466 854 253 350 660 577 417 942 759 908 650 450 226 796 465 706 918 928 60 589 38 337 551 92 130 542 260 109 852 438 712 469 96 225 278 987 227
867 290 782 453 863 136 745 106 236 449 306 260 237 643 603 874 327 859 147 568 594 753 27 764 414 701 513 933 104 78 569 874 313 263 149 399 193 153 567 39 51 709 565 557 895 263 598 763 841 444 959 147 727 422 519 129 370 920 832 673 373 358 752 465 47 171 814 494 154 952 889 67 772 892 111 623 660 133 622 110 502 278 832 955 535 997 323 740 844 230 168 547 936 659 533 587 614 960 802 604
936 195 859 848 856 265 147 213 686 200 522 900 701 752 900 157 208 738 608 844 1 945 68 131 109 870 596 190 415 615 31 382 461 286 1000 389 503 86 213 749 440 722 134 308 563 515 457 522 173 590 861 696 546 356 835 486 948 610 234 143 626 208 633 980 531 929 674 998 210 683 899 562 24 587 307 127 841 979 849 709 157 94 358 624 679 522 385 606 170 923 851 424 646 197 686 665 326 579 795 944
250 921 304 976 1 381 652 705 757 141 409 576 228 881 684 598 894 69 786 527 190 5 498 419 617 90 963 79 223 228 501 692 581 107 694 152 753 96 553 663 652 773 213 773 548 45 196 174 274 405 637 841 258 22 15 456 351 202 200 471 338 3 275 155 663 374 807 309 274 177 705 177 789 515 392 910 218 623 680 281 783 546 869 348 944 217 896 574 170 808 826 459 343 511 718 165 174 947 986 980
140 765 38 493 268 595 542 991 815 527 839 870 293 864 303 278 100 308 362 636 663 324 488 883 394 484 251 590 639 494 823 325 117 47 460 177 583 467 701 913 157 755 540 259 548 391 972 536 549 911 890 148 292 262 416 876 131 122 175 472 68 692 805 554 634 631 522 879 240 83 446 399 976 532 451 953 483 812 674 827 845 846 971 697 990 37 70 91 699 692 932 420 414 467 732 890 308 623 515 57
84 935 711 177 60 661 842 695 34 96 806 538 917 682 745 823 691 52 262 228 720 850 573 511 8 853 397 840 827 848 513 564 807 270 388 165 316 914 337 418 164 712 669 20 140 790 6 719 531 645 844 685 962 880 134 177 228 895 893 300 927 221 92 452 468 805 178 277 747 689 982 745 472 770 90 169 721 727 691 809 855 334 136 678 149 834 613 739 664 147 205 238 855 189 770 714 513 833 740 854
357 518 939 348 962 917 452 119 744 149 0 885 820 415 274 937 347 388 369 702 218 234 930 5 794 710 435 544 881 433 336 422 793 783 813 27 774 488 529 986 334 943 380 461 683 709 731 927 248 722 425 40 714 412 30 811 368 86 53 457 451 218 303 464 926 879 572 242 849 714 2 468 428 45 611 243 847 220 430 173 228 89 534 909 779 531 346 182 154 658 276 9 275 878 557 991 532 716 32 294
976 907 619 918 548 337 867 116 802 505 431 870 857 572 999 694 981 469 181 976 304 381 602 157 489 636 983 630 910 883 844 295 710 894 461 423 408 350 671 566 700 511 429 574 391 269 381 75 109 12 276 453 778 896 101 444 504 14 266 132 848 332 779 62 769 44 508 88 632 569 750 817 377 320 655 832 649 613 999 272 347 433 25 786 124 708 580 290 298 67 164 644 469 845 384 216 978 287 889 189
129 625 708 922 216 730 772 334 345 397 992 783 478 388 606 4 106 908 728 6 216 168 243 160 352 680 401 254 465 17 243 368 522 588 400 3 762 288 505 793 162 405 560 744 0 565 126 498 954 853 537 301 131 160 849 617 207 194 646 62 961 658 963 108 377 432 709 949 101 125 703 927 529 264 278 408 963 436 633 297 557 211 914 557 593 489 761 342 841 471 466 385 410 400 877 484 19 414 684 857
908 12 468 354 73 281 416 419 287 746 305 700 855 505 954 871 217 732 549 868 25 148 923 944 14 669 689 669 717 101 818 667 814 130 705 133 510 698 770 576 867 547 407 417 775 410 760 625 75 11 457 982 286 835 65 211 713 293 276 932 956 371 977 288 327 58 245 635 388 92 355 843 578 54 833 401 702 789 329 387 769 341 655 43 336 74 345 335 801 840 373 368 530 994 228 157 167 139 236 460
443 765 635 414 658 459 975 49 630 659 382 183 274 320 634 730 791 622 18 896 181 562 71 404 693 325 554 505 234 909 313 16 974 335 509 821 626 660 453 753 400 940 873 441 677 752 153 135 585 756 150 967 443 409 478 68 804 937 95 990 393 775 297 747 811 850 107 815 115 757 955 21 228 474 776 29 626 933 198 654 831 566 641 256 579 139 178 213 232 206 964 784 184 676 862 666 314 880 838 652
638 525 304 835 699 339 687 146 922 293 121 138 936 526 444 970 761 97 665 99 712 280 607 870 734 19 751 438 725 823 520 702 108 469 647 359 410 136 172 753 699 599 157 257 304 117 346 58 943 967 391 780 905 42 397 421 400 876 207 54 12 367 545 34 648 474 252 403 198 386 396 27 978 320 914 407 604 291 497 354 420 805 147 272 1 855 265 774 187 637 276 397 246 349 773 606 546 131 77 990
98 700 161 724 388 45 365 673 689 391 586 80 617 796 633 311 460 692 612 446 477 594 937 549 995 325 262 320 241 982 714 205 261 16 264 150 353 87 344 338 856 645 51 139 911 61 872 677 263 796 457 354 710 233 570 676 631 488 44 278 881 82 736 892 185 54 942 584 836 733 192 907 359 702 877 2 79 796 14 645 513 704 384 962 155 378 813 871 5 508 133 832 243 332 88 843 497 634 622 769
855 705 451 896 499 933 866 812 152 109 407 167 406 818 431 494 19 657 630 231 286 348 350 155 925 127 392 878 851 624 540 19 472 988 120 165 22 165 29 387 172 283 909 618 924 378 937 800 935 682 242 472 869 107 341 558 483 782 300 785 742 585 223 443 789 892 133 700 980 258 957 608 625 909 564 96 383 840 714 200 860 112 576 320 300 736 386 71 943 98 716 560 800 496 129 557 340 427 80 286
673 791 34 611 694 964 376 75 592 287 726 331 554 834 663 224 106 685 44 391 458 69 940 587 732 137 288 60 604 291 909 472 349 22 227 344 487 33 557 983 590 453 876 871 610 563 468 991 946 830 902 370 485 399 526 23 318 256 184 611 330 371 874 472 284 920 190 967 2 63 279 84 632 794 952 5 41 729 176 766 199 251 457 413 420 716 598 604 123 903 113 522 339 895 349 754 387 939 137 846
247 164 81 114 991 919 246 347 889 358 821 391 957 991 819 665 314 659 783 77 623 462 988 867 467 626 832 652 199 729 846 695 277 673 470 416 843 253 225 80 701 320 399 363 906 734 124 228 483 839 475 819 279 359 392 665 588 855 975 738 6 607 197 259 974 357 104 543 994 485 327 776 590 707 351 706 319 307 851 758 135 411 201 477 237 275 47 768 853 452 608 321 219 587 527 538 344 971 104 875
733 695 774 640 251 691 341 200 404 380 433 514 344 354 140 315 195 59 649 814 790 328 591 108 129 787 455 482 170 558 862 928 872 420 321 594 608 464 782 952 578 159 266 395 970 472 847 969 200 720 304 50 42 692 1000 77 353 532 484 442 528 622 785 819 91 638 1000 630 732 961 125 637 386 12 442 709 122 239 729 80 759 814 729 227 293 724 328 957 96 183 168 375 74 85 338 324 604 560 750 370
275 410 623 248 388 231 421 169 227 818 194 919 284 676 575 87 512 591 241 224 336 137 775 488 25 624 354 699 813 10 532 372 724 800 730 907 570 949 442 909 429 966 613 341 842 43 123 890 283 695 266 9 635 107 751 947 458 572 27 516 440 252 898 48 596 138 722 798 258 789 877 785 813 408 851 888 772 810 55 193 781 168 10 595 187 351 127 603 190 12 116 516 388 641 59 289 802 59 859 900
993 786 538 81 805 344 26 238 984 832 938 647 295 509 383 379 522 15 983 83 642 809 642 493 818 984 426 725 410 82 893 583 682 678 831 165 181 84 745 173 47 105 214 502 63 355 921 618 223 839 552 521 517 202 424 277 196 458 105 146 577 914 434 118 401 189 661 813 826 220 64 359 78 256 813 452 910 709 71 577 801 159 337 783 332 222 965 94 803 340 422 567 318 360 430 671 669 116 919 803
520 528 931 819 229 492 447 403 638 652 726 696 460 305 43 269 79 124 85 553 357 313 429 654 670 994 477 706 545 304 229 558 110 297 222 803 211 482 321 793 629 871 693 472 131 351 523 21 274 482 700 325 574 442 931 310 380 460 944 590 669 858 825 91 672 729 216 665 648 565 155 698 677 182 685 363 716 912 531 54 681 987 772 586 825 543 221 847 715 273 791 319 136 846 496 257 586 391 260 278
317 144 801 248 650 684 946 412 503 53 445 585 336 203 118 804 212 961 703 235 989 87 498 415 618 271 486 280 293 106 135 528 728 325 782 584 607 422 85 961 776 980 762 38 324 677 707 179 152 755 690 393 14 801 536 858 634 343 949 97 739 172 502 381 532 185 1000 60 365 361 110 191 325 65 581 24 740 397 850 511 889 212 981 111 206 152 712 678 354 66 463 819 554 180 23 168 971 982 316 981
949 153 673 54 257 708 187 532 614 546 425 702 278 14 519 249 627 428 91 394 641 923 638 617 956 140 869 861 257 8 852 181 137 344 548 603 244 899 749 177 972 486 652 256 115 618 642 71 318 176 940 313 832 898 940 435 284 598 227 695 471 780 390 792 803 129 339 786 920 769 163 229 462 822 923 416 841 506 150 796 221 489 715 326 109 473 424 734 665 127 247 142 366 78 415 576 585 232 516 370
858 18 673 492 257 617 806 358 353 683 810 462 558 77 138 774 708 789 587 724 192 480 812 84 146 483 59 104 81 337 251 635 807 426 860 803 232 58 158 204 287 420 409 477 102 303 937 207 923 147 698 848 180 420 586 769 381 381 170 443 913 682 485 785 394 889 848 557 850 728 462 426 351 88 842 35 542 323 159 328 419 311 169 756 423 739 569 944 523 898 307 676 716 127 392 465 902 972 570 807
745 846 703 471 417 485 927 427 497 64 934 383 973 15 498 670 513 668 297 718 778 53 487 21 334 567 200 143 139 470 425 743 297 491 125 554 901 843 119 131 17 444 807 753 530 253 10 768 813 926 78 481 565 315 873 647 398 718 65 15 615 475 664 188 475 575 84 553 491 282 250 306 362 417 25 842 305 405 72 231 101 789 718 994 369 601 973 871 124 150 739 820 372 609 33 255 731 556 801 669
532 778 772 855 295 837 219 223 800 525 713 46 643 259 104 709 690 665 368 800 399 804 986 769 17 990 873 118 447 858 249 892 633 949 407 256 920 697 513 457 162 657 601 766 209 36 6 700 981 107 765 677 541 748 197 389 295 196 339 739 76 520 409 898 444 254 318 652 188 471 811 456 92 118 827 354 111 553 271 838 933 732 698 266 636 4 151 38 595 920 233 448 135 137 467 478 552 386 914 577
283 885 905 840 660 719 901 960 15 386 921 170 984 114 316 728 349 835 813 995 868 749 698 81 833 357 592 774 896 591 129 78 987 655 916 276 654 119 937 788 64 482 526 894 317 730 358 648 960 593 849 533 376 55 715 735 958 496 98 508 898 257 628 761 931 917 871 983 524 155 89 358 597 382 333 747 118 85 854 966 197 55 235 79 700 885 419 14 1000 410 342 57 443 391 475 862 387 154 214 846
250 117 662 334 729 897 44 548 322 596 10 462 416 488 595 22 90 245 442 60 90 792 552 657 577 656 966 151 529 977 490 708 367 229 981 921 746 581 804 802 636 697 18 209 840 838 337 337 3 626 366 573 565 793 595 449 88 195 927 453 289 528 802 426 496 56 578 441 383 840 710 675 462 343 535 8 210 961 647 719 41 127 95 838 877 826 240 802 96 352 490 223 818 68 725 203 697 78 263 296
182 816 911 264 314 313 302 79 709 966 285 28 680 910 299 756 779 437 652 186 233 551 817 931 908 739 7 593 574 423 219 732 666 985 46 767 513 816 519 424 644 618 217 862 194 509 93 357 779 925 592 405 84 522 186 178 300 598 786 675 961 820 983 875 748 349 251 96 727 554 31 294 767 40 694 318 350 988 870 771 884 172 992 96 52 373 462 338 86 364 982 210 35 90 914 597 686 204 153 652
531 329 476 7 643 999 376 575 557 21 383 546 670 192 123 786 904 940 586 498 928 309 38 153 950 623 859 828 968 937 50 117 443 595 153 240 656 823 677 116 793 152 989 930 270 996 575 774 622 446 599 269 582 639 609 559 978 236 507 412 577 213 877 203 883 540 195 969 470 429 94 981 664 716 520 385 101 785 63 618 650 945 611 309 644 301 151 247 346 836 23 37 454 886 355 638 136 652 154 979
708 267 30 993 859 853 182 169 184 523 719 137 839 744 58 391 120 960 740 382 933 235 870 236 569 955 257 328 775 9 184 905 951 180 212 839 993 845 225 257 201 688 748 647 769 488 498 817 582 62 289 704 477 727 409 741 213 982 879 81 393 530 415 411 557 986 629 74 958 937 735 889 493 712 287 403 569 901 921 378 278 414 26 632 875 27 479 633 26 779 899 709 788 904 465 542 773 436 220 241
883 548 355 257 114 714 317 384 992 903 468 734 1000 437 535 742 284 396 16 414 3 447 839 355 79 916 972 197 1 264 771 333 38 249 436 784 747 98 810 111 404 988 837 201 888 539 971 185 867 42 921 206 537 684 778 348 931 76 413 428 944 781 729 745 187 24 504 17 956 315 183 560 529 241 396 782 227 589 996 870 486 805 939 318 13 524 54 507 181 766 656 415 675 856 83 934 955 378 820 528
948 681 433 332 581 876 217 595 772 517 822 700 21 753 916 361 599 219 374 843 39 189 712 253 295 237 662 811 116 698 319 115 896 507 802 638 733 319 201 390 40 549 504 249 726 609 183 399 308 457 807 324 711 405 479 25 247 112 89 222 423 456 948 455 957 91 558 919 385 713 879 333 823 960 352 308 119 315 557 152 254 433 550 592 142 470 764 711 660 735 111 943 557 752 411 333 360 788 296 335
644 834 332 557 307 703 412 262 176 222 431 453 506 98 275 954 683 89 952 499 771 550 189 542 221 755 10 785 946 615 419 760 201 776 504 76 172 209 872 235 799 970 179 424 462 203 757 291 73 629 628 346 274 539 843 269 383 952 162 220 981 606 918 815 448 530 599 47 878 14 80 194 59 492 999 540 136 869 923 769 294 602 903 542 4 402 793 56 677 684 908 241 898 709 44 897 216 597 675 417
360 377 992 17 517 368 764 330 255 556 33 203 175 752 248 79 771 351 924 118 778 637 380 810 478 219 426 195 983 756 672 926 682 395 701 95 945 331 89 300 74 71 703 610 430 455 569 98 223 675 571 739 391 691 615 426 572 90 158 852 611 589 937 731 58 347 140 1000 161 571 531 82 247 162 864 498 436 325 139 602 103 340 802 290 88 54 868 579 953 708 140 541 498 826 599 739 654 469 776 85
303 258 440 42 536 135 752 9 758 365 840 416 204 919 281 896 496 887 538 843 843 375 605 248 978 402 438 162 61 129 381 287 748 154 386 830 666 956 983 661 8 996 716 436 963 167 77 1000 950 71 760 815 346 392 168 427 741 147 483 738 72 491 65 979 809 31 906 125 86 771 630 533 938 173 333 876 234 826 820 523 569 733 549 620 749 744 241 481 209 554 454 36 273 55 480 438 162 764 659 788
75 1 371 816 574 61 709 439 578 448 802 706 877 900 819 182 783 276 838 466 682 321 925 824 401 846 119 118 457 21 469 465 933 351 741 966 741 697 922 826 592 203 967 600 320 833 741 270 785 205 318 9 814 245 668 222 575 467 77 741 131 281 361 49 302 477 211 347 966 952 856 843 742 418 123 543 545 820 647 767 137 439 294 87 571 562 678 858 192 810 99 548 77 71 249 350 277 146 652 461
879 259 881 488 474 375 684 900 91 364 919 645 85 532 553 725 440 531 130 274 150 197 305 630 764 703 540 435 137 678 869 477 746 48 342 158 966 809 486 471 42 968 224 714 209 285 81 649 649 521 95 788 754 724 656 480 613 283 338 699 899 911 11 690 450 578 813 190 101 558 913 357 689 823 720 326 592 580 114 55 513 329 647 781 781 985 315 194 527 210 609 274 969 715 932 668 991 671 234 209
583 81 959 435 107 913 538 725 699 669 899 698 365 135 779 129 290 579 595 654 15 474 284 265 510 129 654 354 829 678 132 643 224 706 721 162 792 234 742 887 374 945 256 135 524 689 687 457 670 346 268 115 886 198 619 952 893 690 325 632 126 429 762 70 352 986 275 617 871 927 918 731 697 232 127 161 830 525 615 822 924 498 631 741 105 209 520 656 36 60 971 790 523 237 561 924 718 275 436 454
47 785 869 147 188 700 489 76 351 404 796 821 250 421 307 719 585 24 711 551 884 740 336 737 265 907 984 29 94 357 279 701 16 685 435 932 981 949 515 739 312 659 438 65 617 734 761 774 982 68 420 942 969 952 301 780 198 19 912 662 146 740 736 941 977 411 81 29 66 731 251 214 863 505 184 409 517 199 966 85 565 673 880 920 375 362 393 342 318 375 161 820 552 355 187 245 439 16 8 798
794 630 275 305 300 915 800 529 973 412 411 51 984 730 438 202 4 91 915 908 561 343 325 963 854 27 424 551 330 764 781 604 204 218 214 345 881 954 299 195 82 296 847 938 692 426 462 934 587 856 679 119 271 368 878 998 525 917 249 264 252 615 142 394 379 886 321 857 477 418 439 439 570 85 615 105 338 818 562 524 197 954 656 924 316 595 998 552 804 69 514 879 150 628 465 329 963 973 275 16
753 249 830 166 47 17 461 25 344 849 12 366 844 155 391 430 50 338 509 584 193 0 280 450 154 694 710 896 510 927 76 118 850 111 336 969 804 69 381 763 680 444 377 930 219 963 939 101 382 231 180 324 460 222 944 3 871 484 556 540 851 665 680 0 382 586 25 65 103 68 927 547 382 933 487 910 387 48 747 760 972 477 400 159 888 457 771 528 516 934 423 668 654 762 778 946 804 343 234 78
448 274 200 930 829 297 345 733 990 983 219 674 188 448 764 935 514 33 687 771 518 942 271 318 184 836 971 39 487 302 598 44 571 231 810 173 672 668 802 449 487 409 886 231 780 417 846 566 754 750 632 740 121 591 839 947 832 661 409 105 169 481 568 853 675 223 945 214 885 564 239 14 600 4 742 262 187 899 662 687 218 999 541 115 981 453 34 989 535 857 531 836 698 461 922 386 542 963 421 669
739 456 562 56 823 404 556 152 731 787 870 752 369 115 643 661 775 631 59 830 458 546 980 502 1 968 149 805 873 410 211 604 9 472 21 705 656 323 150 83 578 276 995 784 90 84 71 600 754 326 793 784 166 975 734 824 639 45 25 14 570 714 488 81 356 646 397 0 267 960 37 549 354 805 88 557 839 210 660 701 425 128 589 107 397 940 305 498 315 546 719 869 116 364 861 753 320 445 79 999
476 971 936 736 947 863 195 674 67 213 936 470 584 384 263 53 297 879 111 485 250 172 941 696 759 983 12 836 789 25 586 409 973 26 145 499 222 260 694 772 769 540 547 150 62 884 185 345 114 76 878 751 906 205 95 62 812 154 622 447 930 965 502 998 999 179 564 211 573 797 453 565 322 883 177 993 163 444 224 150 835 308 846 379 447 511 175 585 536 307 726 353 994 651 496 62 467 714 68 523
994 940 767 479 539 883 705 243 104 78 675 670 331 503 206 642 711 724 751 536 126 680 31 856 321 55 77 710 870 815 909 152 761 461 401 2 165 640 81 720 334 865 855 332 893 737 500 458 122 215 776 208 154 102 179 816 679 979 585 665 482 564 31 366 930 454 406 289 738 113 897 896 150 254 344 304 531 369 11 113 584 650 426 472 485 681 900 213 393 759 56 329 950 848 387 59 962 195 951 168
327 186 443 33 62 544 384 1000 74 172 601 929 784 389 289 256 681 323 524 243 580 275 220 357 247 252 2 895 566 721 59 335 984 301 509 17 507 752 881 548 476 0 848 773 206 168 260 711 557 580 542 950 364 778 923 41 411 587 299 704 27 202 316 884 499 556 640 597 256 576 109 463 435 169 479 549 988 247 992 325 525 642 169 399 36 792 274 457 809 42 548 169 117 5 242 300 368 145 136 396
524 577 330 254 45 668 26 714 303 74 734 6 88 949 163 381 510 742 869 353 357 547 186 558 542 128 607 163 738 418 619 147 416 531 14 528 379 964 908 851 594 296 942 384 805 628 784 386 534 462 102 377 560 27 367 374 175 218 232 957 220 564 84 969 304 738 234 33 542 854 539 205 54 693 502 679 714 123 391 955 854 864 737 151 849 354 115 578 465 805 444 793 337 596 648 683 773 162 208 247
417 235 135 497 701 101 439 973 282 181 600 24 410 515 593 574 624 134 642 506 689 22 370 155 495 860 817 108 762 527 0 226 537 906 902 431 380 4 358 841 211 14 791 524 289 669 517 597 269 951 205 967 720 178 422 143 455 673 961 554 894 665 111 571 65 500 263 28 451 184 429 644 540 917 267 347 776 664 100 492 738 432 442 781 922 199 405 405 464 509 203 628 569 676 445 247 350 801 201 386
885 801 111 310 364 328 956 397 688 514 668 507 268 190 652 384 677 757 145 375 865 675 917 760 712 426 7 292 72 592 851 137 952 929 180 678 20 776 603 706 233 134 481 466 892 219 652 44 997 810 666 670 881 845 934 504 457 552 251 444 226 952 208 293 577 349 972 451 609 583 88 713 465 451 192 321 775 960 219 611 979 627 211 118 666 659 474 588 184 765 542 307 950 653 571 852 826 333 569 757
672 311 746 85 507 214 933 62 2 552 717 580 738 302 319 436 648 262 150 305 905 247 673 917 349 293 536 298 134 161 11 603 400 704 134 354 620 618 409 751 426 815 435 27 691 185 166 560 803 60 341 242 949 730 361 692 153 93 371 803 556 466 951 843 163 108 495 396 54 852 698 287 70 935 585 418 638 116 276 753 253 810 647 531 436 678 426 233 836 731 378 271 391 852 940 991 426 697 394 108
906 225 596 956 569 506 398 306 540 3 372 322 19 50 164 0 653 194 402 65 676 918 448 677 514 774 267 395 459 323 627 661 301 824 616 599 215 878 626 34 531 726 914 320 786 361 953 724 437 83 504 358 168 72 162 278 768 968 722 470 806 942 315 973 859 506 726 598 749 200 365 395 176 122 118 624 105 319 554 580 933 167 300 895 221 153 399 6 366 200 604 424 724 212 695 767 462 474 867 647
264 222 39 964 595 524 166 350 818 792 7 503 736 436 202 795 302 706 423 226 491 44 640 198 460 80 177 667 418 407 704 852 294 529 586 201 701 380 128 891 689 976 276 460 169 607 177 490 368 670 678 4 471 595 641 400 12 936 841 928 497 887 82 955 127 748 919 83 187 113 676 84 757 277 364 47 927 162 749 623 196 988 374 153 238 295 615 830 28 603 520 760 333 158 820 284 659 472 918 208
499 654 36 156 66 151 614 126 753 734 381 281 813 826 409 777 113 692 801 403 871 220 183 691 821 582 533 343 913 577 952 429 135 823 922 770 282 203 225 28 244 747 863 465 192 253 381 119 802 452 993 670 277 957 164 343 341 700 928 768 345 611 105 24 66 249 364 410 34 754 761 919 756 65 828 270 362 576 231 720 666 335 912 164 316 691 284 553 621 591 959 583 670 930 616 361 6 451 388 762
834 110 693 228 58 138 935 404 7 985 157 157 902 327 741 660 479 526 25 476 413 492 309 975 50 473 629 822 122 14 96 421 541 857 397 312 652 775 502 783 79 518 902 573 555 63 344 905 712 655 308 749 472 303 688 739 727 863 703 968 910 508 573 748 76 599 369 395 592 262 313 175 487 921 652 915 833 841 741 798 439 917 480 39 962 862 355 340 826 984 699 899 38 192 554 34 401 284 603 716
593 982 55 257 582 583 493 894 119 936 969 30 648 31 573 692 458 285 934 160 519 448 146 765 279 884 886 848 356 459 231 333 837 477 340 267 298 335 931 604 684 914 502 915 700 807 847 741 543 284 164 235 301 989 940 410 800 598 34 59 964 762 769 104 130 244 907 130 882 237 796 773 186 817 312 320 911 321 970 318 514 651 979 263 47 946 693 5 102 246 854 650 642 441 848 940 200 213 112 282
279 907 687 676 153 804 66 384 671 968 278 153 881 157 34 383 275 666 51 349 334 558 945 213 19 0 707 295 45 1000 304 330 315 662 209 431 648 197 305 375 667 755 441 75 72 446 958 45 309 50 478 618 29 835 569 123 56 674 28 463 632 402 596 904 434 473 835 974 753 752 851 217 409 450 917 282 911 323 476 916 206 147 160 747 372 304 659 845 823 399 307 163 435 600 669 250 1000 713 345 163
711 726 878 482 795 417 14 152 856 525 512 978 661 811 332 32 439 367 25 844 959 946 277 729 113 630 750 184 57 454 811 427 492 684 395 343 36 791 926 687 65 574 657 950 500 534 306 162 182 783 353 720 907 815 655 925 28 759 10 297 116 917 789 241 554 688 217 670 29 853 314 11 60 585 845 238 961 216 925 482 857 704 684 819 228 271 147 477 484 103 241 7 471 131 342 656 640 386 555 195
657 504 869 215 190 898 436 219 195 90 616 243 763 106 586 881 564 288 125 179 419 220 363 350 656 645 15 946 939 724 272 80 479 208 867 909 411 590 441 604 895 896 614 170 281 18 173 725 540 245 719 30 356 395 886 22 162 176 503 914 417 897 902 329 53 308 882 854 65 699 480 69 356 438 727 186 317 54 811 904 711 351 107 465 535 932 382 322 98 842 378 632 92 86 697 345 773 945 486 522
177 623 603 842 220 419 907 902 869 155 217 136 347 802 22 445 136 36 132 644 317 944 240 177 470 340 23 998 825 296 782 874 559 382 201 645 82 830 588 243 549 499 987 147 435 998 988 763 422 49 223 562 437 335 585 788 411 557 272 673 866 838 935 946 557 913 703 442 600 962 753 947 953 588 129 958 294 746 906 159 738 17 559 523 872 330 735 145 537 172 74 999 714 810 854 942 89 557 373 515
811 379 576 824 604 882 449 233 17 464 35 562 543 463 750 843 44 274 786 253 195 176 770 53 844 313 751 451 325 922 724 223 63 62 609 936 228 829 961 114 612 458 948 480 75 880 457 761 634 51 509 929 504 466 551 738 923 902 871 588 221 908 339 861 664 30 840 709 829 523 988 285 332 548 425 698 55 263 399 403 270 114 648 895 603 392 609 552 569 611 692 67 196 228 456 778 174 703 492 277
740 912 177 159 171 564 357 953 996 11 950 606 599 454 175 835 145 141 951 423 644 222 962 36 890 120 409 976 976 1 401 402 753 482 582 302 728 34 395 24 957 307 452 772 874 878 818 550 571 67 480 459 743 413 825 177 106 908 397 631 137 38 477 281 971 513 436 678 484 112 533 276 871 285 145 615 470 823 928 645 982 438 542 164 277 351 642 917 955 469 342 92 446 761 536 911 139 743 513 52
824 298 313 198 69 879 414 834 449 520 767 349 571 274 71 199 138 80 519 552 152 507 752 479 183 63 667 309 330 306 882 309 862 545 266 236 1 331 525 149 81 182 899 759 189 43 597 117 23 967 328 975 985 376 780 50 89 304 314 816 276 820 816 252 918 723 110 901 97 38 574 372 422 817 432 247 580 543 671 417 53 219 87 887 506 703 302 346 524 444 411 550 119 462 670 964 449 397 260 345
856 879 187 616 196 794 951 891 72 195 116 544 545 575 826 20 141 190 458 145 795 511 387 270 228 736 453 650 885 813 290 305 279 577 943 716 525 469 527 76 482 750 555 775 799 337 29 399 405 189 378 943 843 680 232 144 449 962 145 555 192 409 805 911 10 108 726 943 684 737 772 800 608 268 134 332 620 296 226 464 703 386 246 222 491 654 404 653 536 677 569 101 30 416 61 467 715 767 274 518
285 971 374 685 745 952 131 604 689 395 889 747 279 505 506 454 396 823 909 81 173 116 342 196 513 128 165 319 724 308 85 281 650 684 33 161 771 505 310 632 674 943 618 716 574 1000 853 873 642 122 745 761 521 734 683 752 709 469 824 634 15 487 82 30 89 273 818 67 376 897 705 322 652 355 940 648 344 310 528 874 253 883 625 568 917 461 516 979 832 56 747 952 781 958 794 80 667 316 374 973
727 953 421 36 330 820 402 166 860 643 709 19 78 717 697 639 19 47 286 960 28 618 824 345 206 730 340 176 291 638 848 851 485 52 802 353 502 405 661 826 212 579 566 606 94 233 267 402 951 552 715 771 553 121 973 876 587 659 790 349 736 150 68 90 38 383 537 205 177 120 64 708 814 187 677 406 184 852 970 315 294 990 574 631 261 178 720 243 99 260 389 314 653 147 811 897 229 35 966 617
935 806 521 494 650 867 723 177 540 998 711 189 13 436 748 180 790 944 896 865 136 220 625 574 236 306 378 718 284 666 80 873 479 487 968 775 734 393 224 690 587 590 422 364 919 277 701 731 600 640 729 425 53 44 754 67 988 934 249 808 1 419 948 867 772 746 730 848 79 69 170 207 119 102 268 469 377 895 259 447 527 400 380 690 733 525 967 18 798 617 219 441 826 535 672 217 747 989 989 322
699 213 104 761 885 996 629 596 541 521 112 200 952 610 624 240 3 894 267 909 633 485 949 93 945 701 139 553 102 190 885 887 879 439 779 90 212 47 519 570 590 326 691 170 151 828 646 881 447 709 610 59 603 574 699 357 856 33 90 466 708 658 923 486 365 434 155 300 59 368 994 326 950 766 509 212 436 316 539 202 502 846 853 773 163 945 135 166 878 66 731 343 264 156 279 693 92 971 829 646
159 40 767 62 193 674 151 196 616 29 970 171 513 606 205 966 681 380 938 14 838 186 902 352 154 308 345 47 628 559 288 92 51 968 704 138 143 959 214 2 154 924 635 428 191 594 430 386 737 0 378 83 321 97 269 606 388 856 296 520 925 706 199 8 584 464 583 349 256 253 652 556 521 183 131 381 911 506 837 580 493 675 876 170 552 628 500 276 794 141 897 983 803 699 206 554 910 867 63 177
479 967 830 713 672 810 734 670 247 292 195 76 840 70 178 937 900 358 982 46 324 985 267 951 541 91 598 821 981 874 34 143 112 573 601 108 836 34 298 216 356 205 627 932 713 590 565 620 738 334 951 363 310 697 488 114 155 189 74 725 173 388 731 615 291 152 258 653 1 760 166 24 348 467 801 378 365 351 282 500 855 296 360 50 6 146 751 384 341 789 624 811 859 129 518 565 920 85 590 882
580 202 339 287 839 242 408 748 16 895 962 930 330 794 426 209 343 899 900 161 405 84 130 626 923 708 481 740 737 454 73 163 717 989 979 865 48 670 655 150 72 358 966 665 308 671 192 581 945 703 930 141 176 792 354 259 353 959 742 400 906 341 615 646 27 315 935 632 843 447 339 322 251 11 310 777 974 775 357 84 778 660 253 487 670 502 797 889 658 21 394 111 120 398 171 853 864 391 74 759
956 233 155 862 185 85 926 959 136 458 969 382 867 450 425 454 107 429 781 839 306 382 978 439 8 200 678 339 192 321 954 134 327 274 825 654 660 441 873 645 717 77 227 677 595 947 179 85 814 739 146 240 944 387 715 827 285 651 115 793 568 533 817 206 957 871 868 832 589 688 525 358 325 745 184 926 780 513 302 893 1 470 464 893 278 165 841 799 526 671 127 503 239 410 427 417 627 472 556 291
294 227 328 320 302 109 519 461 997 670 994 717 513 53 860 875 750 559 869 833 844 493 532 156 932 921 834 731 510 438 889 898 158 304 546 619 126 549 763 225 423 158 285 711 620 969 430 154 349 538 6 611 308 864 165 701 680 794 145 706 651 792 742 848 608 763 51 522 491 978 354 431 939 429 331 45 691 702 887 498 152 867 406 649 927 788 169 411 213 498 695 458 670 935 88 122 432 418 710 388
257 526 869 519 164 902 303 779 779 955 646 70 906 321 806 746 630 829 949 440 705 1000 410 635 849 943 734 739 610 857 4 183 126 941 134 418 961 917 713 146 330 531 691 287 747 591 581 857 725 775 163 181 87 12 218 789 527 757 612 213 527 62 743 362 64 922 623 816 866 811 193 360 119 387 507 911 317 121 452 757 620 396 518 168 308 219 582 21 417 954 161 703 138 6 869 267 640 380 594 947
781 496 964 989 59 223 877 783 496 379 881 704 163 127 2 479 349 530 162 244 788 665 51 204 268 590 33 589 199 874 731 687 245 855 200 386 353 655 786 967 936 498 147 990 557 710 785 246 698 954 780 878 523 499 342 768 15 634 122 70 377 163 551 918 593 480 391 948 966 917 698 638 311 414 280 653 609 333 386 881 5 364 84 824 946 994 880 651 985 537 237 497 345 138 461 817 363 829 147 457
836 231 805 350 908 115 510 677 421 774 199 895 708 633 258 198 760 201 519 455 922 195 615 236 119 453 584 898 413 559 17 404 887 754 676 341 105 879 504 419 59 632 850 450 504 743 734 539 322 925 525 187 456 798 567 710 993 558 569 992 472 997 768 397 151 106 644 10 346 142 301 166 703 21 81 174 415 554 434 249 10 852 351 669 833 301 731 930 92 91 221 289 960 57 249 74 668 728 24 6
873 522 85 77 288 367 885 698 288 311 74 879 935 445 223 129 626 994 989 512 688 213 805 806 362 909 461 382 658 297 196 292 37 978 157 815 471 89 669 748 848 936 110 800 222 623 611 520 408 479 811 607 78 284 733 795 378 942 2 353 253 547 423 987 80 111 989 293 860 712 170 293 246 656 559 87 35 467 962 553 968 979 316 435 785 68 569 219 180 292 85 614 614 96 655 925 27 76 876 798
468 665 862 720 143 700 353 168 179 819 91 861 490 337 549 266 648 802 513 859 34 298 622 816 724 291 760 222 201 136 765 538 22 665 43 643 786 222 374 102 212 903 659 659 204 77 593 268 297 843 851 79 161 156 845 859 547 922 620 940 875 653 32 74 337 0 994 569 630 790 76 668 412 906 520 169 13 812 190 625 967 533 95 147 619 382 491 13 748 877 299 773 984 446 17 162 690 285 876 933
775 572 245 149 774 506 598 722 894 808 826 780 838 760 938 290 205 568 34 62 216 244 296 414 203 711 532 612 601 157 702 596 403 959 738 93 153 836 919 210 672 752 587 821 376 996 196 299 501 475 941 329 893 33 931 744 430 897 612 336 534 966 162 686 986 910 855 950 240 847 212 320 653 45 434 456 222 750 553 580 655 142 610 996 348 116 124 164 629 942 608 931 774 546 565 476 795 884 191 177
138 394 73 955 463 166 830 896 473 461 570 259 554 727 402 378 29 405 418 105 923 333 829 169 207 622 452 562 945 903 344 151 810 102 203 247 396 561 91 238 662 1 228 340 404 991 456 352 514 189 448 540 614 204 159 760 932 74 82 690 247 967 835 102 145 961 25 703 582 677 90 1 437 681 371 392 101 626 428 381 903 975 114 8 480 458 515 75 157 619 598 859 707 331 877 116 645 308 283 470
289 538 64 350 962 184 45 944 93 564 855 23 140 582 220 547 677 613 11 892 882 739 888 696 712 267 955 165 405 636 239 495 923 120 668 581 127 603 815 736 594 171 729 824 499 501 689 21 582 299 134 417 629 16 904 750 151 443 8 429 5 87 701 45 209 880 423 893 785 96 212 849 23 603 270 514 384 209 775 468 66 357 397 163 531 749 728 913 133 167 107 32 48 240 437 535 952 763 962 126
693 428 320 255 947 956 936 229 1000 300 126 915 771 905 679 479 261 603 360 684 280 817 565 785 662 903 235 144 689 862 769 405 432 952 558 489 596 410 812 784 102 137 99 182 682 727 807 530 530 197 54 237 446 827 381 545 995 35 565 768 401 163 860 540 408 884 798 949 410 594 426 399 46 929 190 859 613 769 731 483 633 682 860 877 807 506 237 820 492 154 171 808 689 333 245 186 357 541 54 691
664 72 279 175 342 677 933 752 833 475 40 982 965 915 510 674 924 762 807 618 137 561 845 197 204 994 954 693 282 551 710 80 23 130 423 222 768 23 512 952 703 13 397 386 167 815 961 38 994 945 243 615 312 836 179 985 912 365 352 741 76 997 970 393 338 15 538 630 304 458 744 45 298 380 43 381 363 907 769 626 818 643 602 120 610 485 509 879 230 207 970 125 520 929 210 834 301 740 566 443
585 121 420 90 899 107 702 613 163 566 685 534 958 5 812 353 978 326 716 464 431 555 203 252 668 850 291 581 227 50 190 403 153 658 505 991 7 643 822 246 992 668 534 792 885 310 299 618 701 888 485 539 449 844 858 406 237 335 769 708 512 319 746 468 995 826 130 941 876 767 325 811 625 816 29 81 165 524 574 127 474 164 257 438 423 44 29 330 928 884 762 461 748 619 543 248 261 560 629 677
620 412 316 109 480 206 877 487 40 39 535 264 673 979 815 752 658 491 20 164 737 693 675 636 30 155 136 351 313 587 709 41 908 552 15 858 254 357 569 653 261 376 420 207 760 172 196 469 584 585 932 395 144 291 92 345 86 921 545 143 81 694 305 556 199 679 83 963 48 583 386 505 417 220 953 245 105 740 851 882 348 192 344 89 942 993 531 434 990 390 376 970 452 459 538 573 224 649 417 283
721 642 415 878 576 249 97 539 495 292 221 243 919 948 613 611 932 289 248 829 988 404 511 885 922 520 933 103 934 898 645 573 778 519 570 474 585 533 781 220 305 19 87 652 316 940 427 637 234 233 574 738 477 66 630 347 563 657 750 267 70 54 726 459 566 732 810 355 158 997 505 822 304 465 104 32 349 235 539 681 106 591 530 199 265 510 756 742 508 118 883 989 113 500 612 996 754 982 762 164
999 588 813 577 502 22 359 763 368 404 201 785 713 427 516 204 154 784 136 93 689 818 685 807 334 751 720 580 973 316 186 233 595 55 872 780 636 130 184 540 130 202 843 734 831 441 526 486 67 473 125 534 501 261 957 109 89 235 4 98 139 844 128 465 915 223 200 973 231 580 308 882 97 354 56 590 214 665 125 752 740 497 204 298 464 530 501 657 852 445 7 423 162 348 270 411 95 175 154 829
499 516 195 781 504 927 375 581 133 852 485 267 188 460 847 500 672 199 513 26 764 419 198 196 238 380 343 184 640 994 830 758 188 142 741 25 673 864 232 691 834 934 816 893 234 549 146 419 898 415 182 750 688 137 235 801 214 77 888 100 633 138 912 256 119 778 261 577 480 490 177 477 830 804 135 295 25 817 269 565 948 711 549 279 541 814 6 454 54 201 47 229 777 162 876 511 532 618 915 810
722 434 849 84 659 21 563 451 101 642 126 100 450 681 683 508 359 968 743 166 172 94 54 35 479 830 212 903 777 504 8 646 625 359 402 16 549 57 651 927 907 512 299 272 267 37 861 346 609 85 526 686 519 662 658 254 227 452 529 491 184 375 195 493 117 62 449 988 67 987 680 360 23 214 163 413 969 583 642 124 572 642 76 283 868 637 686 842 1000 703 938 552 19 295 535 359 645 265 261 537
874 624 587 115 140 802 585 690 682 888 377 522 400 534 522 824 654 275 262 858 663 467 711 929 507 465 887 115 76 338 171 681 138 634 803 144 381 731 551 955 792 922 189 61 753 221 340 24 519 54 869 916 291 83 414 362 353 483 509 132 640 322 410 746 27 718 960 101 51 73 366 781 825 443 553 764 364 471 146 85 82 425 184 763 938 877 585 465 968 593 719 170 442 611 638 941 627 602 820 564
694 329 510 91 265 144 383 290 309 217 316 240 801 441 273 575 991 926 58 543 621 834 580 209 644 84 540 974 273 100 865 836 941 176 55 758 450 425 446 147 879 557 945 610 639 917 779 373 109 390 760 458 753 636 681 347 4 37 630 288 302 948 63 900 801 45 253 520 194 961 885 644 252 234 57 572 271 28 797 540 151 580 343 788 243 611 695 176 371 533 122 926 896 503 674 568 120 194 896 294
691 449 300 518 489 373 26 417 237 225 651 845 65 960 834 221 177 710 900 392 376 41 682 663 512 689 999 629 956 717 542 493 669 23 692 548 723 602 571 559 152 794 158 83 563 258 213 591 491 115 320 718 267 152 170 74 857 79 330 806 492 684 108 814 794 691 120 596 919 465 394 102 908 602 865 333 910 107 460 391 321 686 118 764 180 342 634 654 233 177 48 85 745 264 753 441 866 548 173 222
324 510 617 348 7 368 780 860 970 890 225 739 122 654 190 836 843 682 577 220 344 486 824 582 648 286 419 584 399 26 263 201 767 929 184 179 62 432 204 99 705 214 122 940 709 390 943 106 170 312 156 865 654 181 125 619 751 523 852 567 456 96 803 853 73 970 979 660 289 728 263 395 324 890 166 423 46 961 403 197 48 572 287 425 320 86 861 549 955 167 966 623 492 616 182 845 572 734 819 748
355 434 945 410 483 686 653 346 348 165 191 334 723 107 154 763 220 857 452 724 267 333 998 391 721 143 193 876 533 97 441 41 947 558 869 138 652 461 798 901 145 447 35 732 890 663 822 98 1000 736 321 598 179 578 615 4 371 776 348 489 247 697 25 84 85 523 190 577 201 810 693 715 935 210 414 990 11 947 219 138 807 261 88 671 34 39 974 0 464 2 231 265 306 490 992 570 829 763 862 60
653 560 291 784 508 526 781 598 5 357 184 909 385 879 880 423 950 836 440 514 503 488 122 131 671 597 618 465 820 731 530 983 758 757 282 299 160 510 813 209 583 237 836 306 270 339 956 556 212 122 114 978 922 155 654 683 294 805 931 948 551 763 123 438 392 657 563 455 239 393 282 109 733 240 837 550 644 994 737 278 242 948 520 296 694 109 812 95 555 537 849 721 616 356 984 399 509 38 747 581
513 56 341 660 872 177 328 575 393 296 422 854 342 356 992 236 223 387 891 866 961 647 955 665 840 542 870 81 811 289 465 826 12 989 899 945 630 67 791 221 726 456 277 472 384 400 272 764 937 533 67 382 413 991 448 6 306 2 161 344 944 265 891 621 75 309 971 567 827 204 394 726 879 163 232 480 988 125 150 404 640 814 379 36 492 760 600 870 705 754 852 82 923 801 907 553 727 627 8 906
404 226 579 847 862 72 405 484 356 420 595 270 551 480 963 763 960 968 100 597 394 743 869 93 277 271 402 7 819 805 819 563 690 205 777 613 354 111 394 396 628 358 293 815 904 178 387 119 275 482 276 788 886 933 538 474 506 630 749 185 711 220 612 188 352 507 125 470 829 999 898 167 199 922 958 427 218 553 667 227 291 607 57 814 563 161 666 456 516 419 412 665 458 13 970 862 926 683 636 852
516 604 183 591 533 16 193 414 447 232 594 388 498 926 535 0 483 524 240 943 920 773 806 343 402 206 326 490 983 199 111 241 494 366 945 525 117 503 488 729 233 190 76 248 933 350 774 54 883 428 618 573 484 620 933 909 223 580 913 131 480 428 700 546 1000 809 382 125 748 627 999 346 18 939 11 360 531 825 832 752 566 485 513 181 232 883 348 414 169 132 342 634 392 373 80 820 253 390 326 839
