1000 100 100
223 901 407 423 343 674 86 920 738 384 381 275 581 995 998 873 7 62 593 539 394 556 401 584 522 169 461 292 155 472 772 574 380 930 133 792 856 525 982 19 586 342 551 136 76 221 977 815 715 493 901 43 364 212 859 922 443 165 916 170 76 885 422 893 10 496 818 962 38 274 695 424 368 457 411 290 407 684 231 274 256 0 948 141 70 543 757 535 965 948 138 978 477 893 31 524 241 351 58 20
505 458 4 666 634 317 711 513 351 664 759 816 509 668 992 335 22 452 584 347 210 383 820 1000 431 957 606 162 913 407 257 827 326 606 531 553 790 362 599 648 847 103 230 758 493 525 942 83 277 362 520 295 979 438 563 479 37 570 197 765 353 709 222 482 720 117 380 566 662 693 11 391 366 515 746 122 586 556 359 391 643 534 21 718 940 131 615 481 447 290 995 490 957 376 37 326 692 287 254 930
837 159 44 83 469 110 80 660 368 195 248 417 797 685 300 416 873 919 469 472 366 295 702 32 556 877 401 959 897 138 266 977 951 673 578 594 545 915 95 819 356 654 51 354 85 323 770 203 140 974 959 558 231 738 80 533 478 150 761 530 109 444 945 61 646 155 435 836 442 158 570 920 637 253 25 997 43 233 234 688 128 33 1 880 227 729 332 78 707 507 998 944 938 530 4 302 843 914 812 760
145 656 458 995 724 210 855 850 31 57 178 365 505 545 142 201 46 529 548 384 249 731 955 961 771 45 622 713 509 788 507 784 336 271 865 159 428 681 717 101 292 250 507 593 599 239 625 439 69 227 57 5 292 635 883 477 297 385 175 192 373 977 516 646 852 514 69 354 988 760 484 304 337 453 598 666 329 75 830 961 261 842 220 875 884 762 591 788 567 300 514 578 727 290 318 45 222 944 505 515
169 822 494 480 795 212 603 917 779 626 404 118 313 226 892 11 354 365 339 847 564 569 85 88 503 798 787 89 283 800 375 779 165 700 905 920 376 530 973 265 936 373 725 267 379 691 861 846 308 474 210 456 869 851 850 763 325 123 573 871 372 182 950 146 872 110 303 426 73 998 352 279 732 217 535 582 318 395 341 829 606 216 406 845 89 80 638 999 710 955 968 503 633 393 507 872 966 955 304 740
127 809 87 195 538 499 163 58 363 258 783 236 276 25 848 206 547 235 111 905 976 772 232 971 375 341 177 250 554 510 655 94 900 236 288 183 284 978 587 29 112 67 300 11 533 481 432 219 444 696 336 255 716 132 667 192 149 378 176 326 583 745 475 960 618 733 637 924 763 698 789 332 4 580 43 658 293 694 747 489 899 862 489 81 782 976 454 570 880 183 471 286 238 854 446 778 740 199 971 869
876 361 684 592 171 222 19 183 2 701 545 444 242 966 375 230 654 802 614 196 834 383 210 338 182 526 571 885 571 931 227 978 466 128 472 979 857 930 732 902 318 857 619 802 809 464 410 748 709 380 107 670 333 206 163 252 11 335 691 263 132 15 930 373 442 518 464 529 238 509 74 566 26 332 35 5 736 666 778 418 390 70 134 865 973 399 790 671 261 966 212 153 964 141 677 632 572 310 879 253
494 160 40 375 342 124 719 82 561 676 266 299 187 939 677 32 622 106 74 449 730 444 443 378 694 860 323 763 311 894 562 353 690 971 57 426 361 611 286 185 852 319 90 704 360 802 767 659 118 598 284 451 855 542 149 745 887 953 942 614 367 131 350 880 652 280 376 197 249 931 938 214 588 647 6 564 946 94 334 524 478 559 239 803 79 68 443 646 901 843 424 249 376 274 294 443 299 673 704 479
503 479 301 233 204 253 154 570 18 224 69 942 1000 975 848 313 430 561 737 215 818 237 747 183 783 276 833 988 897 201 812 362 553 149 394 643 475 686 889 237 263 739 983 178 990 894 347 766 326 131 475 358 416 380 732 228 593 384 647 601 961 381 559 593 343 540 927 567 416 512 20 455 66 398 930 741 962 401 25 671 114 759 253 973 61 727 599 798 585 7 430 560 151 157 947 946 65 204 236 930
551 898 562 628 441 857 841 156 670 770 417 898 824 902 757 849 901 86 892 137 581 863 582 850 762 876 282 179 570 417 192 35 40 836 565 370 680 869 778 141 432 568 718 295 834 316 530 105 497 797 661 537 471 244 526 140 404 439 240 555 841 682 404 993 199 667 776 854 740 410 210 265 13 46 447 832 568 682 858 982 511 663 622 672 814 479 673 807 424 978 818 508 853 965 41 34 747 288 714 859
697 135 770 251 909 842 686 471 245 858 399 925 964 493 254 180 682 593 455 596 377 896 831 189 218 75 709 333 831 433 335 557 575 687 710 215 3 754 529 172 549 564 265 206 441 2 823 488 209 926 408 302 726 534 933 506 826 604 304 630 589 347 54 119 513 962 202 926 539 450 529 14 969 206 746 22 94 514 133 813 838 315 844 787 919 68 86 928 588 217 477 486 561 306 87 183 269 706 976 33
572 38 609 890 810 306 92 112 447 126 191 783 469 192 392 591 362 354 81 800 583 802 232 480 27 769 317 314 477 928 902 164 777 822 18 522 662 830 179 762 775 245 809 122 189 870 772 422 37 511 123 557 527 594 272 31 727 588 387 442 538 491 8 38 571 927 728 230 533 51 237 952 997 780 365 85 363 328 422 626 157 711 744 451 590 216 393 768 165 229 530 452 832 274 833 681 941 362 507 989
472 690 135 168 488 345 710 923 526 400 69 285 211 740 549 203 399 667 442 458 247 70 776 782 641 923 218 321 765 267 204 651 997 556 41 208 928 557 14 898 455 143 10 449 105 668 158 209 933 954 251 913 955 774 967 560 710 235 880 789 955 815 773 664 703 352 535 268 251 965 644 97 846 910 907 787 263 982 851 152 805 310 882 726 954 997 879 971 123 161 795 666 784 946 959 934 827 974 951 695
640 644 272 940 719 223 635 563 762 574 393 41 177 909 169 73 453 802 359 488 106 968 698 446 239 254 623 851 155 71 127 135 925 912 465 246 988 266 847 554 706 20 76 638 115 403 717 157 913 963 313 332 637 682 906 613 584 48 0 627 578 846 513 904 586 541 592 855 89 137 142 180 841 389 514 175 459 505 176 80 878 221 235 230 168 134 963 875 943 278 695 144 87 541 750 782 514 320 574 992
860 222 36 806 706 668 560 490 774 91 947 296 438 418 203 210 990 810 1 645 605 82 718 912 132 634 196 54 365 386 183 242 281 266 964 284 873 905 536 939 361 261 755 8 855 191 773 130 801 159 597 383 134 792 186 126 393 980 240 748 934 9 560 384 11 247 744 159 16 410 2 813 597 185 2 274 258 275 534 480 743 185 974 277 338 972 903 726 7 74 857 94 968 7 357 885 144 584 204 342
622 643 543 857 604 475 341 779 111 86 248 642 621 568 619 146 288 291 899 754 675 742 462 267 602 324 579 841 963 636 887 438 524 902 470 989 381 364 110 1000 401 527 201 760 798 170 139 151 889 600 545 330 755 4 230 625 652 320 677 416 652 856 427 358 555 495 345 45 542 488 922 684 718 475 54 550 727 904 178 805 670 140 622 153 80 92 320 785 438 707 183 90 143 340 385 468 342 185 764 590
377 924 182 261 885 281 929 828 157 511 201 461 332 793 706 209 31 239 589 955 199 951 546 562 207 755 269 633 141 968 971 271 931 556 601 58 917 129 796 544 623 84 850 441 525 453 457 28 323 76 702 351 255 8 352 147 644 840 858 440 334 630 411 611 871 239 294 733 324 468 312 875 967 996 408 553 194 394 345 501 548 658 878 286 54 134 744 914 708 233 663 192 941 220 218 806 156 610 122 884
276 257 524 439 642 310 452 29 194 71 736 564 29 502 677 829 560 175 617 65 812 961 832 66 82 494 816 798 679 942 568 813 810 121 648 789 193 809 635 987 449 294 730 960 560 147 551 545 221 731 811 173 593 880 769 157 853 881 545 172 27 835 503 935 92 697 97 52 354 800 255 632 792 887 179 648 741 309 261 799 826 885 771 5 85 893 119 7 800 614 207 809 308 290 33 971 632 909 742 295
771 269 662 64 502 788 425 846 115 52 757 926 8 641 935 448 892 570 943 343 405 587 467 266 495 756 423 226 759 394 885 721 80 449 992 333 997 60 736 54 448 642 623 294 511 304 126 893 166 12 964 622 644 334 216 188 629 77 736 96 1 325 555 460 579 918 576 500 944 549 60 928 848 0 331 1 989 325 404 216 420 387 344 9 660 339 29 155 503 671 680 752 853 89 0 372 791 737 413 90
313 657 966 336 480 109 980 357 970 368 130 831 269 212 107 640 830 873 139 124 317 951 105 163 970 168 657 464 761 696 425 942 132 610 461 839 578 334 487 448 306 981 53 996 964 75 130 262 650 235 548 583 154 141 415 943 991 597 984 778 405 905 92 363 763 134 237 224 183 423 908 483 343 352 725 52 37 952 694 176 915 577 62 845 673 514 215 695 878 350 647 538 23 971 929 946 227 565 10 237
664 744 116 75 706 734 928 530 675 131 426 768 824 773 20 406 344 114 298 430 909 90 216 213 541 527 959 528 228 624 964 115 1 415 432 679 529 283 416 597 593 302 103 482 696 374 507 736 425 693 997 374 208 429 938 519 562 761 496 625 617 172 961 481 122 934 189 669 22 332 384 727 577 29 251 992 951 327 891 754 644 855 335 203 555 755 691 115 789 217 578 143 481 677 152 902 789 996 20 957
11 152 406 883 902 575 574 156 44 937 581 304 984 192 785 553 110 46 61 970 592 364 974 51 85 135 830 700 849 372 902 981 245 436 709 269 89 461 558 428 474 696 235 605 448 723 940 544 427 398 32 755 595 735 999 524 658 261 601 269 304 392 980 16 652 551 421 506 516 909 261 533 34 652 665 410 83 39 248 843 281 502 538 727 213 52 468 138 69 988 399 712 441 855 680 252 612 956 410 695
139 371 194 758 725 56 776 287 351 293 788 91 108 638 188 152 448 695 802 987 142 188 59 731 584 312 43 596 64 604 335 152 16 790 603 65 312 231 925 700 325 596 56 420 815 596 186 794 810 191 666 192 892 406 795 770 804 935 93 774 301 838 201 803 511 547 936 9 202 129 676 332 971 658 510 909 666 994 246 808 998 402 612 681 809 994 58 845 286 145 831 245 560 132 950 372 290 267 517 494
255 263 475 854 392 371 689 902 150 808 951 758 162 407 673 654 576 653 804 735 429 982 414 326 954 436 852 559 107 183 943 716 715 928 237 30 225 137 82 725 339 779 592 334 658 243 966 661 173 226 379 206 503 437 457 253 102 107 607 490 63 345 934 725 940 877 751 565 9 721 750 111 964 703 115 625 78 883 401 835 166 308 163 491 350 741 725 541 683 767 817 25 24 171 677 638 993 438 639 903
831 5 123 586 605 715 820 491 985 152 194 109 778 569 169 840 133 111 723 143 327 464 449 582 437 752 631 316 90 435 653 226 7 233 549 732 27 194 437 760 501 285 150 511 638 238 57 778 562 242 101 875 647 36 314 306 480 640 292 109 158 83 645 402 455 935 568 235 458 890 413 162 142 995 950 613 57 796 331 840 558 539 28 48 333 24 750 52 617 663 772 401 764 353 804 341 9 367 478 67
334 491 799 753 196 815 817 835 205 252 921 872 166 533 164 469 256 751 662 131 486 794 292 45 623 581 42 991 647 485 801 917 43 176 493 471 232 71 762 736 311 601 729 83 797 686 497 56 580 218 159 212 428 58 481 881 322 615 316 435 791 251 771 323 284 559 989 694 210 331 658 940 97 922 247 152 581 968 197 44 131 652 578 231 128 536 687 779 78 258 489 245 395 529 781 457 130 358 584 489
702 731 980 12 314 960 707 883 918 13 824 860 898 240 529 839 944 405 470 435 557 173 442 219 154 920 340 309 689 999 21 993 905 304 958 241 538 583 791 573 709 463 754 991 701 31 416 957 690 605 729 918 284 661 595 634 94 299 680 562 35 849 782 175 268 998 959 1 578 859 513 410 15 454 515 833 145 811 793 985 583 126 305 632 917 148 530 250 290 942 876 842 879 985 920 523 181 606 50 82
610 301 518 467 899 103 124 198 399 810 765 623 162 366 38 734 504 662 907 556 12 172 89 581 204 281 323 421 331 695 722 83 914 800 589 91 165 707 503 67 911 3 627 448 342 344 373 317 74 9 43 651 880 843 163 581 670 227 557 61 879 70 549 950 538 718 551 103 427 69 570 355 893 228 581 877 969 179 650 784 306 866 768 226 329 636 733 190 398 34 600 366 880 469 567 396 138 609 254 515
312 450 772 504 573 935 682 110 738 533 635 537 465 19 860 727 937 358 841 323 791 474 688 144 600 465 401 319 867 20 764 540 387 720 648 488 273 782 503 432 971 535 173 85 293 712 867 906 404 361 814 41 854 598 974 333 397 893 895 562 158 149 217 277 574 984 318 181 468 428 640 479 286 293 458 452 917 411 94 467 884 644 602 89 88 584 6 802 232 742 454 479 59 822 645 596 689 324 881 370
976 230 564 90 953 458 433 349 798 535 737 650 567 854 117 21 470 610 402 571 721 901 454 220 942 514 587 474 927 468 426 881 443 749 199 266 757 878 506 660 425 942 465 361 571 262 867 215 642 637 569 763 34 837 221 9 243 285 510 875 858 868 49 323 135 892 882 678 562 593 411 260 933 972 718 719 577 78 67 353 705 196 965 394 907 783 219 82 915 545 882 75 658 568 682 254 849 460 20 85
292 947 588 610 428 324 649 890 473 826 879 528 725 448 193 807 177 930 309 474 700 339 270 723 251 296 318 331 481 665 26 453 355 431 323 860 956 961 768 427 174 436 523 785 582 972 852 263 143 244 91 788 753 177 7 1000 805 520 824 447 857 686 349 125 12 578 618 784 590 547 336 588 325 887 511 54 327 943 318 109 763 677 343 164 191 110 53 218 317 492 617 783 478 393 820 929 284 430 299 410
108 754 664 556 486 846 433 943 162 155 610 110 148 959 312 443 326 329 335 184 877 966 244 818 286 316 397 888 965 415 330 152 616 691 6 282 574 982 773 577 205 188 553 430 685 366 164 711 856 439 686 377 403 357 612 325 757 784 701 277 44 696 13 741 447 235 282 53 576 895 657 876 780 609 696 631 850 440 600 31 712 74 149 155 609 910 384 759 96 842 524 680 416 374 896 889 13 499 272 347
710 871 264 591 395 263 618 714 568 889 6 428 621 186 342 951 7 232 696 789 621 285 114 742 747 878 193 604 778 55 276 821 897 207 471 798 568 6 635 495 953 558 695 943 891 267 90 973 151 312 461 828 903 899 645 821 244 568 791 205 24 183 477 189 202 430 177 5 944 451 436 119 710 314 965 795 69 784 78 726 121 199 999 37 342 949 682 732 902 368 49 728 438 316 166 155 493 819 423 837
680 55 321 537 463 570 806 457 389 129 547 337 727 745 751 92 618 720 149 962 855 303 214 969 640 998 565 788 364 797 456 859 805 127 889 399 355 50 605 898 268 330 931 583 678 661 810 78 113 577 238 505 366 855 392 941 635 606 192 320 567 802 179 228 796 516 404 842 551 539 932 61 389 256 398 669 767 908 437 739 982 401 161 4 704 159 363 586 940 6 611 740 760 939 146 463 579 627 938 423
17 712 765 665 50 702 857 228 93 882 822 708 941 280 594 659 522 413 461 956 134 724 755 842 511 373 66 632 88 60 71 818 45 46 912 570 115 124 561 363 359 931 1000 696 993 220 534 552 435 733 213 897 577 760 446 61 132 397 560 717 887 183 5 308 654 507 75 737 982 653 525 5 416 135 906 727 325 758 972 386 844 114 470 77 188 488 238 503 563 750 945 454 294 330 66 527 312 392 618 675
355 994 738 812 515 178 618 439 391 0 554 451 381 204 496 54 238 381 927 864 336 402 102 810 171 663 179 746 418 548 824 613 947 232 272 105 738 308 311 368 826 270 995 495 324 346 600 229 690 912 460 552 720 508 376 37 857 333 15 93 492 35 861 360 646 792 149 563 86 444 130 588 417 729 682 412 715 359 515 579 892 165 873 338 518 172 204 901 348 802 212 424 931 585 275 916 900 312 591 527
858 866 401 783 938 883 40 746 996 499 762 750 756 670 185 951 118 5 36 87 733 507 537 48 185 300 14 147 403 122 779 682 490 210 672 350 896 620 624 428 631 653 841 601 692 536 573 544 744 301 644 898 947 775 365 756 632 826 972 458 790 184 356 351 38 526 848 695 87 813 688 907 764 541 837 589 180 216 306 215 594 596 96 906 699 717 313 828 365 784 433 209 485 151 108 311 912 517 908 202
389 249 695 57 811 649 196 635 373 78 453 326 612 377 994 236 787 545 385 896 964 530 276 980 263 899 905 404 787 474 558 752 896 464 166 951 2 350 452 749 581 81 794 1000 687 688 522 936 811 384 558 2 768 705 638 811 240 67 895 908 529 852 299 806 172 878 439 960 498 190 43 321 897 304 44 842 527 48 25 214 559 534 941 93 373 23 652 458 328 264 509 443 815 326 159 291 577 611 163 545
934 419 305 595 48 647 380 118 645 349 919 180 568 290 602 637 116 131 199 481 662 638 560 732 81 680 875 332 807 34 253 283 885 253 309 357 94 287 781 447 37 422 645 571 418 851 327 541 969 967 601 840 903 383 129 159 176 266 294 241 218 911 717 903 72 621 5 385 334 896 438 154 568 254 461 712 627 333 798 224 791 815 502 300 129 642 237 215 969 916 845 430 196 172 437 801 573 57 590 409
878 660 473 708 686 752 48 881 662 73 962 795 596 325 145 275 215 305 776 392 144 377 562 331 86 683 488 362 811 964 293 578 305 238 480 268 677 581 550 16 376 800 949 14 881 230 971 296 387 310 652 31 38 365 183 157 481 645 591 678 928 462 886 115 901 678 117 145 916 362 205 800 747 738 56 935 777 996 575 625 666 844 561 765 904 214 135 452 584 383 371 169 143 955 736 745 383 792 492 527
205 830 770 477 382 477 350 500 151 314 220 355 116 468 882 469 824 286 122 702 384 701 143 476 300 691 390 468 140 569 529 791 815 369 83 419 25 366 767 72 628 520 428 570 421 168 891 147 933 753 772 581 803 164 873 619 266 317 744 825 336 646 916 666 815 389 765 123 46 2 927 98 812 1 774 497 283 81 362 679 983 340 402 961 911 915 21 737 656 592 357 373 923 473 71 47 142 190 125 26
346 509 121 470 260 119 344 537 981 574 919 831 700 789 184 357 597 207 905 761 103 666 110 761 66 911 132 291 898 851 388 841 64 507 961 325 958 381 694 606 778 650 851 541 287 237 59 185 163 829 153 258 857 160 10 455 262 511 952 107 699 31 313 107 496 438 541 64 689 396 961 391 273 332 456 228 583 963 365 436 451 928 774 768 772 176 241 252 811 144 945 712 381 414 689 882 895 449 858 511
851 285 498 196 101 921 343 31 326 927 910 510 865 366 708 70 688 112 682 812 468 573 832 112 61 219 151 331 445 162 449 199 723 421 293 784 539 662 329 879 462 719 238 997 33 222 88 899 980 587 823 567 94 504 240 550 977 210 924 631 915 359 145 809 688 473 31 763 190 596 449 798 73 816 21 407 836 331 21 464 105 463 163 483 832 332 708 5 951 984 224 740 691 240 457 115 407 836 400 650
881 743 436 724 277 213 483 474 3 364 871 374 774 478 845 129 431 233 538 523 520 523 349 240 922 782 395 670 197 299 483 514 113 480 775 803 416 313 336 504 255 180 920 178 285 942 460 22 711 70 38 438 529 453 323 765 448 747 358 449 509 929 447 78 431 153 7 908 516 659 504 191 92 97 396 385 684 223 920 689 835 131 392 346 756 729 725 533 868 983 556 395 912 143 239 0 556 671 850 83
499 762 907 709 158 221 937 87 930 3 726 408 857 227 20 787 650 214 522 444 180 684 698 818 254 821 157 842 127 109 870 878 471 381 466 947 532 878 849 766 36 719 266 190 633 608 721 180 392 616 363 899 520 217 784 716 869 225 524 988 80 784 615 473 790 894 754 268 845 22 442 634 275 134 795 420 554 750 116 918 29 736 200 189 92 493 807 234 485 125 4 35 31 777 205 789 734 356 552 829
656 260 687 986 747 202 31 193 677 445 760 803 1000 767 173 949 492 221 716 81 650 308 742 788 802 779 588 12 660 809 304 242 826 539 67 576 185 152 897 405 403 735 716 251 292 81 1 22 952 676 867 974 275 619 794 638 887 362 18 785 355 1000 482 353 184 613 913 866 918 977 742 664 109 235 753 583 60 172 71 129 931 598 391 735 839 735 715 675 622 364 981 308 543 464 483 62 759 980 438 295
86 235 801 705 671 220 341 154 960 441 308 928 224 471 790 518 382 396 991 829 705 811 875 243 716 0 78 921 970 61 615 488 36 384 182 740 402 867 308 754 872 173 872 12 837 378 527 1 143 413 860 592 364 931 225 616 897 967 823 678 552 427 949 558 259 603 29 321 736 232 190 799 91 731 269 476 615 634 157 965 609 489 916 935 227 283 378 433 958 738 954 370 805 249 934 168 263 259 777 437
182 261 781 645 621 374 316 819 545 955 352 576 553 892 520 157 26 82 364 160 391 80 925 561 640 6 83 335 927 606 763 256 181 167 324 900 343 929 175 198 423 823 710 923 333 22 985 76 433 293 185 142 959 451 625 232 234 657 396 126 910 679 745 67 840 624 733 5 829 513 219 619 724 920 557 194 797 94 623 588 353 618 561 842 388 984 179 288 636 265 968 728 940 81 750 205 420 594 206 149
706 181 975 801 281 73 816 139 244 333 338 859 0 213 288 796 805 295 410 851 567 524 571 869 407 968 759 565 613 437 749 327 296 65 277 319 985 348 445 548 785 648 5 648 858 472 458 227 194 852 847 104 337 759 140 272 497 418 864 270 1000 807 356 29 996 277 470 803 367 985 892 504 921 75 336 91 680 67 654 320 505 804 1000 967 396 2 155 631 236 102 160 512 738 623 607 762 453 514 840 873
484 965 838 794 392 699 852 662 71 64 302 935 773 371 58 377 324 428 954 223 142 541 545 960 421 407 269 832 694 159 297 295 189 248 924 722 901 431 932 331 605 570 224 382 774 585 722 716 540 258 250 501 847 536 145 402 352 819 54 392 812 884 604 247 819 257 779 1 861 899 298 344 298 106 882 854 493 773 761 751 318 358 149 727 192 529 364 298 809 843 207 657 348 498 407 52 597 755 622 448
204 296 283 52 563 26 694 865 420 320 857 885 678 349 311 360 424 995 59 776 688 847 552 184 162 721 565 207 435 464 970 625 540 360 965 825 464 427 70 848 783 666 692 87 591 846 708 360 147 969 771 911 464 516 18 885 176 326 422 947 213 548 240 913 311 424 643 160 744 215 408 427 401 531 18 112 800 293 888 590 391 730 721 78 535 437 790 953 794 858 227 908 211 904 347 90 580 84 154 5
905 501 216 401 908 840 352 97 517 935 481 319 571 144 558 41 561 798 811 292 974 468 500 124 221 396 474 843 595 178 757 181 872 175 542 499 193 634 376 712 7 968 949 689 560 413 522 644 744 130 508 308 610 171 727 283 501 119 59 494 838 534 37 262 953 781 513 294 435 111 587 209 132 562 931 460 901 223 407 96 370 486 536 814 582 932 13 717 350 378 189 575 887 860 216 379 516 570 34 875
280 246 565 102 738 70 18 145 716 207 64 242 738 700 59 79 504 90 847 535 154 738 2 685 246 246 407 471 23 266 410 981 402 816 423 450 415 904 253 800 732 566 246 65 288 519 872 652 585 376 707 466 620 446 935 674 704 386 741 562 59 865 884 502 24 699 577 132 938 167 478 572 785 944 551 31 908 853 737 369 16 379 130 434 827 431 891 378 258 426 914 721 669 279 133 238 985 554 105 475
637 281 765 963 335 229 698 860 687 888 449 933 573 994 928 453 923 593 917 156 346 555 942 408 950 469 14 702 7 821 440 596 549 168 263 832 926 685 76 958 617 723 399 412 323 954 737 507 485 618 672 512 433 585 75 244 99 856 30 442 30 671 995 780 288 930 666 997 484 749 676 954 317 736 985 300 201 968 277 437 767 755 719 889 636 522 563 894 72 436 189 856 260 199 98 205 864 122 461 117
507 470 288 95 36 164 562 82 739 295 776 969 439 660 948 376 267 752 687 548 218 331 887 575 390 52 679 753 938 822 515 801 659 594 661 734 621 787 453 922 971 615 474 454 526 683 859 845 734 502 673 443 817 196 438 183 699 321 449 524 523 215 984 457 621 720 285 21 65 661 475 800 72 736 88 170 558 705 126 922 290 812 865 750 405 550 64 165 413 299 387 428 730 564 786 871 716 349 408 208
750 779 584 637 146 204 204 342 676 59 685 629 795 76 658 445 308 766 407 682 514 560 549 953 320 548 771 678 981 287 345 229 155 415 429 14 178 451 986 532 129 420 219 157 732 400 326 987 167 758 255 906 890 341 813 904 431 604 656 322 844 171 882 638 159 948 418 305 118 935 659 543 587 319 192 591 355 215 793 156 231 984 64 40 885 523 988 126 875 269 858 312 521 418 593 384 893 333 769 105
226 12 42 147 58 911 344 780 831 108 701 520 462 54 131 546 869 118 422 963 297 613 272 639 773 752 585 371 672 245 74 1000 441 773 591 737 298 741 717 95 599 580 994 893 344 113 972 452 595 506 177 319 165 456 69 659 482 529 327 412 946 660 566 194 738 84 161 784 319 177 462 269 457 277 264 590 81 663 487 273 840 761 139 807 373 528 519 985 397 153 699 642 19 587 603 28 209 480 109 952
105 757 19 134 534 874 72 197 251 194 416 460 444 586 548 119 354 870 262 884 302 204 844 940 957 226 4 394 674 632 589 194 761 63 403 135 138 236 417 121 490 320 486 784 79 451 318 280 230 102 237 250 473 702 902 431 301 849 860 149 604 736 186 740 544 962 944 755 318 42 810 285 813 910 488 713 706 985 819 601 721 580 122 68 618 446 167 765 717 514 178 425 477 242 751 369 655 869 947 915
5 228 216 530 881 147 970 961 517 439 970 295 980 186 383 195 653 706 206 803 803 226 468 364 993 35 277 860 890 692 963 640 899 591 465 757 542 54 734 968 955 19 785 144 903 646 673 878 588 166 795 803 650 563 635 222 609 285 145 311 914 241 872 783 274 934 894 650 240 725 177 453 92 779 282 904 785 984 24 296 684 855 712 88 404 123 294 566 300 842 952 503 83 961 507 814 459 682 899 357
955 247 484 668 205 155 190 139 394 283 976 695 900 708 215 71 315 250 179 214 724 849 36 333 797 467 402 272 566 757 465 738 42 542 422 311 28 804 558 7 452 166 879 640 841 67 845 49 629 842 807 160 195 964 178 343 136 466 960 102 111 854 705 65 778 556 268 445 677 943 342 239 762 252 810 371 340 888 520 357 690 512 966 172 227 179 905 610 448 243 26 712 457 821 961 77 691 467 719 718
295 106 419 893 720 473 129 257 787 801 74 29 702 801 611 238 41 222 408 647 141 367 252 379 403 826 721 211 633 345 402 817 197 851 103 355 301 413 385 463 8 108 369 101 831 36 523 793 108 294 201 496 845 106 284 974 879 442 221 227 958 43 794 369 671 978 285 361 326 890 915 951 696 360 454 331 344 522 0 13 940 246 733 57 316 953 605 489 80 346 808 90 174 352 319 494 700 464 250 953
362 398 781 868 516 553 106 60 692 363 403 963 306 940 445 374 849 196 925 930 803 301 723 636 207 266 204 312 936 365 561 338 929 424 137 795 558 798 122 934 351 558 951 135 716 76 8 451 280 722 329 838 16 34 952 794 52 508 568 849 288 510 42 492 585 872 522 301 599 248 733 215 229 226 321 567 352 928 37 946 837 975 505 649 152 342 749 707 549 589 438 956 671 163 792 652 910 785 171 471
570 228 62 985 322 256 865 820 77 12 478 997 690 199 665 210 491 909 603 482 766 928 88 483 487 292 614 877 123 525 757 612 332 754 733 22 934 205 538 144 139 140 220 23 235 596 230 699 805 959 173 651 571 568 331 61 789 842 585 371 705 610 509 806 902 88 909 989 928 593 474 584 886 15 514 601 996 35 17 143 995 755 925 844 919 444 294 56 707 842 340 284 755 803 247 216 343 934 830 386
288 617 93 620 132 180 918 475 686 96 788 766 285 584 754 351 658 851 994 45 543 334 748 892 757 294 114 579 387 659 997 223 135 582 37 588 414 799 294 98 217 473 687 370 724 185 237 601 720 734 569 603 658 506 660 140 831 152 93 558 519 34 215 879 980 216 519 971 735 177 428 856 27 185 120 357 335 601 754 263 831 830 722 456 304 867 351 795 789 969 113 485 167 725 349 563 690 150 756 304
875 329 540 28 51 141 578 992 927 651 960 209 346 383 804 910 598 537 865 824 13 673 495 94 465 447 989 386 229 680 69 995 115 895 647 262 179 77 190 167 612 267 185 665 128 41 709 405 753 959 563 771 652 627 804 761 549 440 787 974 220 273 548 586 170 379 883 685 429 665 291 211 561 278 426 189 821 80 44 55 202 479 783 691 779 125 116 39 364 410 382 135 620 467 614 265 990 365 350 682
336 672 120 495 48 772 581 908 75 299 663 497 395 18 883 984 556 589 154 777 432 847 249 203 896 984 805 731 369 307 397 278 435 367 333 141 866 422 858 765 168 881 535 837 901 320 338 225 89 583 428 562 498 737 485 880 5 31 450 955 681 890 611 926 588 69 807 788 926 49 955 59 521 808 604 300 176 121 217 719 795 750 591 583 725 241 775 602 429 917 271 791 218 871 46 864 757 957 797 701
244 249 327 401 456 954 304 869 331 30 62 542 730 900 384 979 435 83 900 664 483 723 64 599 991 892 328 6 566 780 944 671 877 782 182 726 498 526 580 662 222 128 206 667 771 463 661 253 509 889 720 247 954 324 649 200 240 828 434 694 495 569 999 426 117 903 938 707 95 209 597 768 423 985 833 217 625 195 724 465 826 428 643 892 942 821 716 464 111 25 175 284 8 615 915 415 540 277 13 605
519 801 172 582 428 696 108 266 709 257 852 376 183 710 258 250 234 157 435 579 8 936 362 697 215 434 965 188 326 221 812 436 534 948 96 437 433 137 789 112 981 572 60 970 384 337 577 785 342 367 993 799 806 544 607 944 65 432 281 149 549 3 763 521 205 134 519 817 865 473 468 957 902 460 40 718 381 298 5 856 622 628 659 37 89 17 259 340 627 580 472 180 30 453 921 328 882 20 678 636
630 123 482 645 264 148 435 457 490 779 435 411 724 852 89 339 884 134 188 515 943 440 306 897 872 125 816 13 452 618 833 576 7 479 314 395 634 281 184 697 569 812 83 10 945 456 825 293 285 513 593 48 856 100 707 832 668 693 621 283 989 959 782 393 350 798 858 209 438 536 245 36 678 776 713 266 362 422 744 910 723 27 745 200 130 549 798 171 446 274 860 820 625 273 213 782 191 690 774 784
72 941 229 66 857 915 515 346 760 869 528 56 857 16 945 613 144 273 415 253 236 550 361 344 812 498 86 79 583 754 670 112 203 392 424 432 242 186 626 362 630 545 988 809 565 955 22 753 508 379 774 133 768 364 353 747 552 489 280 664 743 2 748 281 655 51 477 677 75 884 617 22 784 557 930 315 674 730 362 101 858 774 78 304 197 417 786 569 693 710 409 774 788 557 448 286 573 101 261 802
435 419 452 317 710 276 617 379 968 574 952 190 137 425 381 790 545 973 571 138 561 968 993 322 98 0 550 43 946 725 359 38 192 391 921 667 722 609 571 986 969 775 51 978 535 388 555 977 167 298 806 663 183 146 507 881 565 207 362 208 324 741 35 93 706 338 583 952 216 435 673 909 938 219 960 203 211 161 914 872 711 472 608 394 688 539 361 826 852 380 678 69 807 97 719 445 562 310 703 916
37 103 269 534 554 80 304 353 799 847 688 248 387 470 821 507 191 869 977 376 234 357 458 769 273 542 699 235 460 492 330 366 134 266 663 253 435 88 313 227 146 751 364 487 329 326 937 148 844 138 653 867 568 361 352 422 996 343 993 930 319 211 977 910 622 711 176 860 987 733 467 328 279 775 912 867 977 307 143 304 171 423 199 902 686 713 591 971 468 985 406 849 984 964 889 826 782 439 155 85
368 2 703 321 420 653 994 341 870 459 911 967 57 623 99 190 398 755 586 57 91 751 835 324 460 285 127 323 835 302 292 893 958 7 441 311 200 176 762 125 722 704 85 116 12 867 506 340 118 327 362 939 499 847 777 878 787 845 780 47 468 426 827 893 291 576 821 417 121 601 196 563 8 995 909 136 936 519 565 87 432 218 579 768 643 649 538 453 576 522 504 50 195 510 346 222 319 398 181 651
652 937 847 745 511 841 892 991 684 724 978 621 612 590 845 219 322 468 526 281 881 380 868 36 521 546 276 118 827 818 822 320 848 992 916 172 744 846 72 442 449 751 216 286 600 879 432 148 685 790 895 539 699 975 165 994 811 841 920 902 959 421 40 924 898 983 11 256 910 347 420 112 506 43 743 162 647 191 910 133 882 202 640 32 350 433 935 242 99 646 981 546 163 453 402 180 86 333 52 268
587 508 551 747 995 493 670 41 621 499 353 789 702 801 607 481 34 80 156 266 955 909 357 818 239 99 948 982 778 734 550 661 441 245 174 644 789 259 549 65 895 894 192 786 493 517 42 120 170 441 772 322 136 733 255 430 836 478 604 804 325 194 983 991 170 362 529 626 321 986 783 650 939 492 915 522 240 636 991 330 174 177 889 396 24 53 813 817 70 865 707 681 16 326 565 979 230 688 693 595
460 697 197 784 810 841 104 391 927 108 753 306 152 288 901 494 150 82 79 421 641 843 336 593 304 841 481 492 333 110 912 169 936 274 114 537 729 361 829 162 139 384 324 418 909 40 254 407 857 725 568 281 767 220 287 546 613 833 237 6 814 447 470 661 156 122 311 305 770 571 152 189 251 148 354 685 833 885 925 113 756 920 298 341 30 316 513 974 424 395 836 169 645 923 70 479 828 636 755 316
89 37 413 494 815 648 314 450 151 908 734 200 526 329 306 74 701 90 258 516 630 314 340 334 168 272 948 912 143 636 888 565 812 968 638 730 757 901 767 444 316 526 185 481 208 108 338 163 192 951 949 195 182 556 477 422 356 46 378 385 48 29 675 410 438 696 81 230 435 474 200 894 955 865 257 485 955 833 274 833 596 521 745 890 379 217 476 287 148 370 721 972 454 168 397 111 927 632 634 121
52 101 296 827 196 439 901 464 669 648 237 197 441 788 957 106 355 496 291 672 957 95 14 651 6 897 138 680 839 566 623 922 723 883 720 910 49 884 650 688 971 739 211 367 773 134 163 676 872 343 9 547 421 324 772 541 715 497 16 625 934 996 466 243 26 185 22 726 605 56 630 955 746 105 408 328 917 135 910 589 916 862 856 640 599 544 425 849 588 405 101 398 588 736 890 228 741 884 104 311
953 503 465 864 262 64 204 682 732 415 6 737 940 284 187 988 836 397 829 230 387 501 856 833 242 102 47 784 265 45 272 329 182 18 922 847 775 423 891 922 306 691 796 106 663 101 309 233 652 352 977 577 577 530 965 795 489 146 408 425 593 894 54 746 70 571 913 645 795 789 768 881 650 585 374 789 112 454 222 993 590 316 838 583 207 492 405 841 334 511 989 4 564 703 478 686 915 450 436 620
213 845 851 173 223 522 462 37 812 782 865 976 747 590 81 874 763 909 383 214 404 848 479 482 172 794 853 994 943 998 445 495 675 871 409 895 935 774 27 544 574 85 789 832 858 63 737 138 986 252 792 236 841 668 554 962 421 978 603 393 560 435 918 40 893 476 248 399 546 566 701 434 423 167 378 490 924 710 804 811 252 431 22 768 124 47 970 946 410 807 946 508 266 444 436 331 660 996 284 862
653 350 578 74 959 537 752 90 144 33 692 564 274 509 366 218 619 294 253 904 172 551 253 392 378 557 548 727 374 21 453 170 420 517 85 68 319 456 992 700 413 932 326 492 655 436 306 813 702 75 932 240 985 505 230 549 963 53 319 343 64 619 551 894 753 83 953 757 946 601 561 873 996 287 399 789 948 861 854 185 705 480 111 29 131 980 908 67 144 161 606 155 113 118 127 312 41 966 879 460
582 912 46 53 725 670 910 808 120 412 900 352 339 708 108 443 317 746 847 80 759 669 923 781 84 124 447 187 782 556 231 123 329 906 860 762 706 419 331 320 445 642 469 924 829 684 114 452 928 159 288 180 580 719 911 533 859 508 367 939 679 313 417 884 61 632 933 487 152 769 48 516 971 136 651 891 909 134 215 511 142 397 992 290 430 268 862 118 93 263 417 72 188 816 633 482 385 553 777 595
439 190 186 573 621 281 319 702 822 783 730 173 729 255 164 845 814 402 3 948 933 66 872 964 483 408 75 576 335 83 509 687 424 885 690 355 822 144 69 711 501 5 33 720 393 177 544 488 577 286 564 140 726 703 141 80 420 128 223 304 199 422 996 116 659 351 754 60 370 554 729 972 36 693 693 678 236 478 937 60 986 775 128 89 964 567 886 634 301 245 735 40 190 516 48 512 188 573 110 1000
407 384 458 461 79 681 653 777 696 237 651 231 848 268 7 647 507 761 790 410 106 962 831 57 426 343 173 374 573 885 518 12 491 17 811 956 365 27 488 235 414 735 551 382 389 722 56 808 746 920 328 771 974 6 106 74 730 127 339 942 9 281 381 725 840 278 948 310 21 319 343 33 625 198 838 516 992 644 476 843 29 753 965 73 701 624 137 319 773 738 972 820 928 367 98 90 735 851 208 500
615 522 925 469 842 51 560 504 444 51 851 940 612 871 81 287 710 444 978 553 277 208 292 790 597 894 958 523 973 779 403 149 532 453 983 329 944 62 995 602 762 53 729 755 45 6 447 136 219 965 158 761 930 545 507 952 58 885 437 280 247 556 804 691 122 992 467 90 986 255 554 411 926 329 75 66 681 723 458 392 336 366 44 254 106 21 589 123 119 341 730 316 329 842 775 377 759 737 971 749
538 3 488 19 687 205 512 876 368 227 184 438 173 890 505 392 83 513 785 570 228 391 698 35 282 183 783 391 92 48 733 688 439 389 916 132 925 776 598 723 50 321 332 66 199 239 912 625 817 237 722 71 708 296 978 215 40 152 587 38 879 267 690 881 902 21 85 515 546 994 420 949 320 439 713 1 25 733 939 652 675 168 365 125 295 855 229 877 805 972 527 540 26 374 983 778 117 223 992 227
431 664 868 96 712 210 660 964 418 399 703 645 996 530 664 432 162 886 962 52 50 241 395 60 318 803 496 703 737 196 326 323 158 261 345 449 570 387 536 544 739 590 763 496 789 620 287 486 735 140 302 671 662 107 151 448 432 41 843 926 330 118 799 361 11 213 993 601 25 137 742 658 229 883 722 565 101 50 663 47 785 961 996 884 18 75 672 400 628 634 645 717 596 141 524 910 656 588 229 330
755 691 750 423 649 87 106 441 1000 130 291 2 976 802 718 235 485 443 596 984 284 588 671 764 451 902 437 726 642 686 862 475 585 39 741 721 393 452 26 323 70 223 304 145 423 293 442 168 662 226 113 654 82 156 802 923 850 901 202 515 323 384 155 837 777 442 47 330 595 165 204 349 629 8 967 790 751 902 580 577 312 334 720 775 909 338 445 341 835 60 207 19 796 261 587 924 372 884 900 391
666 233 738 491 635 256 390 650 980 941 338 681 357 335 614 769 35 4 767 932 111 706 350 9 326 313 399 819 216 786 477 131 177 585 323 189 376 264 504 656 253 143 883 999 641 678 104 519 960 905 908 244 984 241 779 659 178 801 515 405 34 939 137 498 308 65 483 290 739 643 943 934 586 745 495 677 812 348 767 378 153 663 406 840 612 829 931 600 544 732 854 495 887 898 747 712 750 254 715 943
652 18 791 701 446 486 500 342 338 763 694 691 685 109 540 587 796 793 963 163 527 189 970 987 62 752 789 171 180 86 912 863 587 1 133 469 192 702 425 26 105 472 784 69 906 645 449 788 641 680 351 930 364 459 390 353 386 77 41 755 760 177 291 898 45 994 131 190 345 288 112 168 368 603 84 491 798 861 152 82 645 183 66 703 70 61 85 854 67 182 37 774 215 703 525 596 800 667 636 784
719 11 202 423 126 604 738 761 490 782 47 904 715 580 110 315 487 274 19 124 343 30 43 715 910 590 967 602 511 360 635 290 867 225 576 355 380 47 762 324 717 668 378 683 392 611 720 8 92 300 616 370 982 255 603 911 927 910 569 592 618 199 494 141 598 2 681 228 4 772 540 166 190 372 926 383 3 766 241 594 437 188 900 260 527 278 382 994 841 247 936 337 538 909 285 733 570 915 524 508
184 671 769 757 800 443 314 807 776 131 161 919 577 503 396 249 689 10 496 847 936 460 219 656 899 242 507 70 489 3 165 114 922 853 891 645 624 240 497 735 680 810 608 947 427 69 353 750 578 263 599 995 169 744 35 393 506 700 202 339 619 986 692 271 686 633 495 498 253 66 472 417 883 551 553 785 777 6 694 941 174 248 127 885 125 423 909 615 406 101 127 713 992 914 370 743 15 48 581 534
67 689 18 942 229 155 776 444 887 313 985 645 411 253 163 446 602 650 333 905 581 852 62 402 388 603 662 319 801 23 116 439 445 674 392 412 921 632 892 778 631 309 524 549 941 821 22 291 896 412 315 919 7 473 218 529 992 505 630 143 194 795 571 99 961 33 960 632 640 620 173 504 131 224 243 56 169 712 738 190 269 269 389 219 349 617 235 885 156 766 939 338 118 155 893 666 751 720 645 191
734 677 923 872 662 400 444 644 426 508 342 630 860 474 953 446 450 914 866 801 186 205 288 590 853 807 458 369 66 471 639 694 571 804 146 213 817 340 508 752 895 499 380 899 983 98 516 168 354 368 667 414 286 546 575 287 261 140 630 545 992 939 76 234 936 336 562 241 465 418 906 996 907 906 392 84 27 341 662 626 254 769 331 977 410 996 361 728 120 198 177 667 779 938 238 181 636 547 888 564
968 210 460 547 578 526 929 508 758 487 527 360 792 323 945 625 303 156 440 277 174 75 794 883 721 580 739 669 432 516 805 897 540 287 542 794 84 296 585 656 789 269 95 765 780 613 427 422 158 52 42 75 269 315 967 415 8 853 130 807 946 947 999 162 878 161 380 517 424 416 391 812 745 217 475 905 865 562 305 911 539 461 682 400 502 517 195 737 385 815 6 971 367 247 306 410 848 523 112 63
552 992 159 216 414 817 814 485 414 489 50 944 734 703 617 43 367 349 778 548 189 162 488 853 132 440 690 129 290 232 931 790 675 177 439 41 537 501 36 698 5 315 747 598 790 379 523 758 711 699 726 276 564 694 497 251 795 247 413 549 85 574 418 282 729 667 529 211 626 859 459 5 83 413 343 612 572 566 944 860 554 170 209 488 887 326 846 988 556 604 374 14 674 313 704 216 377 373 481 45
958 442 999 988 539 228 271 454 482 966 755 229 172 890 736 658 538 738 820 462 185 245 319 258 642 121 486 857 542 705 251 509 88 770 580 681 881 807 13 956 175 994 0 88 297 562 925 519 230 955 354 980 630 258 687 443 560 619 254 69 582 262 692 827 739 174 343 51 569 331 982 738 173 374 511 645 912 322 424 519 933 915 559 54 524 661 424 906 856 609 451 564 187 397 683 859 938 584 531 614
333 163 13 821 727 657 634 466 773 721 642 534 302 725 525 452 734 571 91 286 753 579 377 567 62 539 800 118 971 570 120 549 304 551 355 471 303 296 406 478 543 111 524 174 324 392 435 664 19 558 685 451 739 341 34 252 13 656 741 71 969 523 353 720 283 966 820 128 903 169 66 470 449 656 377 429 412 276 332 72 448 456 797 494 580 471 960 320 647 193 335 255 716 110 663 11 248 123 46 316
70 805 557 140 231 855 537 780 36 622 761 341 741 651 433 681 585 264 714 64 639 90 553 226 670 777 427 503 822 101 464 196 993 408 788 620 620 908 780 261 202 918 67 456 276 551 371 448 308 321 13 188 822 208 667 394 999 109 519 648 183 161 792 883 330 182 298 64 835 152 371 975 603 34 697 608 582 144 992 889 863 298 935 55 540 173 532 983 904 997 205 879 884 663 168 672 240 991 705 626
440 509 65 235 983 699 498 590 438 865 610 531 143 619 18 479 204 961 69 874 480 644 95 129 350 562 393 67 396 289 14 310 178 745 370 724 739 776 499 489 371 607 152 781 564 651 760 857 630 333 402 359 743 837 195 53 561 853 573 50 228 204 951 548 204 29 593 582 503 983 636 967 725 900 356 259 619 168 312 497 851 228 204 419 669 537 665 911 339 423 297 265 543 781 283 299 694 520 871 745
439 942 194 777 252 395 744 238 791 815 494 948 654 197 759 438 111 807 344 377 916 158 302 243 401 242 202 543 509 564 74 272 788 69 732 621 484 835 631 609 88 919 259 974 962 861 948 153 184 819 447 751 258 516 722 754 632 300 514 278 93 259 96 245 386 990 648 147 657 472 169 65 464 999 799 795 33 516 263 769 561 268 465 868 897 647 485 346 920 364 133 266 383 655 830 778 584 285 475 195
646 806 772 841 776 623 597 797 217 871 245 79 77 286 127 289 605 727 222 489 637 26 387 887 169 75 769 523 956 120 129 547 42 227 603 830 852 289 885 57 40 588 487 328 978 467 688 999 437 789 312 577 8 778 521 376 293 522 92 282 159 582 519 542 654 20 37 615 656 485 992 206 128 109 673 703 945 982 599 706 863 521 663 447 988 891 722 942 92 972 361 477 871 961 449 632 386 65 477 942
520 934 440 396 662 763 813 548 42 748 619 233 10 481 259 935 2 598 431 186 328 616 508 144 745 194 523 583 224 91 899 575 946 950 654 927 32 855 337 302 74 469 565 704 777 260 557 429 941 294 241 747 944 758 727 941 808 362 640 223 690 879 642 57 915 112 699 195 13 113 738 809 705 23 965 464 659 694 489 41 925 22 852 394 870 625 799 529 943 336 684 827 493 727 856 101 111 54 489 294
345 63 841 441 804 536 467 125 123 286 824 288 582 217 51 903 674 286 223 661 316 506 835 340 596 38 242 290 223 549 944 267 758 443 722 634 498 45 927 96 922 574 566 319 912 94 762 421 76 323 39 832 940 117 697 62 437 994 917 415 965 431 475 824 853 614 626 208 910 887 494 466 599 962 393 479 155 691 944 589 182 819 59 406 373 928 516 873 488 712 470 782 274 210 823 373 769 811 465 883
90 83 300 326 499 706 700 146 145 83 800 391 614 106 811 653 831 435 75 946 640 262 930 629 793 566 485 414 505 579 571 793 218 812 718 200 945 299 940 508 0 720 471 458 818 229 569 607 294 662 540 35 197 66 111 585 981 984 554 93 507 498 175 371 175 842 664 358 789 387 618 77 129 471 751 658 627 571 37 943 245 520 585 516 560 788 899 797 462 132 861 947 213 316 172 221 367 711 359 135
151 289 18 857 17 576 59 381 129 959 131 862 866 839 300 750 901 384 613 836 983 494 655 965 6 634 568 495 176 207 700 38 82 366 563 664 853 728 330 303 165 478 611 416 691 945 202 103 913 700 824 426 139 814 123 468 423 796 752 173 341 438 198 836 901 246 743 824 175 551 749 38 376 712 712 614 294 317 487 111 238 92 732 281 343 236 293 437 123 351 729 519 938 117 84 44 672 577 955 421
300 491 174 432 654 510 310 479 657 462 41 462 357 708 657 830 304 664 7 705 885 296 892 939 771 298 184 358 99 933 990 518 619 400 48 695 609 811 843 352 118 644 36 919 512 749 405 376 780 301 811 391 610 620 55 392 617 893 945 853 812 399 213 271 679 880 318 690 922 330 473 308 162 323 561 124 795 945 308 471 679 188 906 625 844 152 517 567 375 751 166 880 635 65 27 787 887 694 388 746
694 783 206 296 277 507 896 383 866 420 791 289 509 429 922 212 874 520 342 500 612 26 46 795 828 349 924 146 502 119 570 292 673 22 815 178 20 567 44 953 456 484 416 427 735 242 585 76 632 645 437 412 777 149 943 642 787 892 682 583 375 433 118 310 720 402 143 496 558 863 773 600 531 673 334 648 795 494 134 646 539 106 431 929 794 471 192 904 422 680 496 685 894 636 374 555 965 403 745 124
695 690 891 34 882 849 661 876 798 251 434 242 926 800 103 353 551 515 207 746 940 422 635 634 402 991 240 637 550 92 126 555 29 116 543 484 573 711 521 315 383 911 11 269 399 73 826 365 680 552 844 221 737 869 794 148 839 210 541 631 135 747 980 511 854 184 354 358 669 332 706 864 485 975 354 696 249 83 265 146 519 42 718 384 573 541 22 221 172 706 833 761 45 83 709 686 791 199 322 522
752 573 44 410 21 886 604 88 412 208 335 1 458 678 716 97 999 576 166 921 34 758 793 659 965 974 824 324 133 183 316 649 534 508 784 653 79 261 731 500 749 756 813 767 605 878 876 551 236 534 871 18 188 1 828 803 690 161 175 719 871 259 49 303 809 207 608 885 424 93 427 930 56 306 84 388 715 680 872 924 362 160 237 978 688 683 766 691 844 786 326 761 703 770 24 567 530 593 480 590
499 388 808 113 639 547 983 163 566 66 625 559 532 424 581 919 506 406 336 234 721 442 101 501 166 767 536 27 723 751 78 77 554 902 849 104 874 493 802 837 608 757 351 892 205 188 835 435 363 141 205 614 62 636 39 950 273 377 865 570 849 243 185 286 10 625 491 807 487 724 564 239 25 23 430 98 355 24 679 239 505 151 210 873 451 956 235 109 822 470 605 685 724 366 429 657 905 828 372 137
756 986 808 834 792 409 388 193 769 358 644 139 226 56 972 697 208 5 950 225 176 885 749 726 24 994 126 551 569 641 727 318 360 164 151 629 464 980 8 105 96 663 550 857 58 97 330 904 529 905 273 120 756 570 468 224 341 161 587 250 691 102 114 607 334 772 835 172 266 104 62 333 156 267 860 156 875 724 331 325 142 159 408 622 984 671 558 332 926 933 278 158 142 854 935 837 121 202 690 816
224 660 707 519 777 501 820 647 789 949 406 836 399 36 566 616 85 613 513 989 664 834 656 417 767 366 784 32 483 819 673 935 783 497 748 411 597 925 918 64 614 262 31 318 100 169 492 443 234 849 305 752 142 987 322 12 162 730 746 105 510 791 243 395 220 187 499 54 751 321 30 474 419 194 799 783 395 636 947 114 900 594 99 357 17 386 713 637 576 43 355 99 946 962 662 761 33 667 964 339
757 950 158 601 620 783 252 625 964 949 952 954 899 540 356 24 136 533 45 274 21 538 459 455 234 255 315 561 548 560 79 488 72 908 259 5 24 600 360 397 86 860 580 116 160 214 856 423 117 119 719 169 742 164 589 482 980 793 946 741 960 35 908 885 305 737 738 552 136 540 217 629 708 42 902 54 225 187 789 794 639 481 797 667 916 345 550 714 448 391 363 46 206 967 577 635 509 561 149 240
308 559 576 24 619 404 435 705 993 248 62 896 117 961 532 769 307 618 889 928 919 440 267 200 999 205 140 576 283 305 336 787 908 659 980 150 333 448 111 522 670 680 428 30 681 679 510 408 677 344 231 602 354 340 341 109 607 718 413 102 862 917 732 742 225 277 553 160 236 942 199 807 615 768 155 867 794 902 417 213 126 596 831 424 350 309 811 955 254 482 156 115 501 392 281 169 725 634 528 746
262 523 829 45 533 56 469 658 101 783 564 876 61 637 713 758 578 669 722 763 732 362 312 506 38 94 129 910 445 250 494 969 802 30 425 392 381 129 350 873 78 659 889 312 824 738 933 146 297 316 113 774 707 125 692 576 25 963 354 750 343 692 694 243 428 526 1000 694 387 338 694 151 224 569 857 632 718 364 969 84 190 657 298 864 450 929 157 352 44 231 613 945 922 363 554 820 995 280 855 737
604 18 864 249 266 32 280 591 430 468 838 514 643 600 116 600 140 877 229 29 709 179 89 430 91 120 459 874 61 428 100 309 809 187 731 208 664 530 983 196 13 602 287 699 179 946 295 922 974 530 886 979 359 813 866 318 366 545 164 635 686 370 893 351 354 637 480 428 827 876 19 567 870 981 59 577 641 134 546 315 644 181 421 823 359 479 556 489 903 990 154 68 895 608 319 870 750 158 977 595
360 353 16 643 836 611 689 251 909 170 544 770 752 322 987 863 666 284 860 173 798 385 209 778 907 117 477 733 968 264 204 941 149 700 263 20 447 218 213 52 109 667 498 403 299 493 414 262 946 593 201 916 672 645 875 147 167 53 88 637 188 950 175 548 352 204 164 820 497 212 826 598 593 539 21 658 20 720 421 579 678 560 812 201 719 555 571 402 749 421 494 76 563 181 603 364 767 475 825 755
896 72 754 288 705 302 446 222 909 884 995 380 735 441 23 222 103 182 578 356 587 800 89 477 267 352 918 205 263 89 240 815 304 915 618 35 819 199 639 760 621 59 598 57 32 648 975 732 147 495 194 37 579 852 235 586 256 233 310 564 847 935 53 804 597 424 141 34 489 448 992 768 638 10 268 989 536 302 623 68 847 964 447 664 490 544 632 545 414 227 289 623 343 372 869 933 893 610 780 624
401 380 291 313 948 502 720 111 310 703 659 56 470 995 39 123 950 411 227 19 563 94 527 79 347 34 812 824 114 537 958 313 640 650 665 568 477 14 615 84 698 843 652 968 935 898 559 250 923 851 794 582 711 125 706 882 859 980 53 135 530 437 446 768 547 217 663 758 923 397 377 282 186 295 156 476 966 146 736 962 440 83 443 740 405 144 946 981 463 429 149 521 796 639 921 654 999 165 510 972
169 919 789 727 492 302 201 249 773 752 242 961 56 617 211 161 114 369 385 812 461 969 214 9 804 15 813 555 888 987 665 572 252 185 478 944 673 466 818 688 682 817 505 197 24 992 686 845 209 115 891 869 696 401 326 827 747 398 805 90 631 530 274 839 554 124 683 569 821 804 5 439 429 684 342 753 471 268 970 374 350 89 741 345 907 350 882 46 549 420 290 73 894 944 125 147 147 798 825 544
90 469 363 445 756 411 437 724 102 784 425 471 57 793 7 362 242 324 999 888 495 54 0 438 92 861 569 137 445 282 964 49 263 421 865 919 542 182 884 838 10 537 600 904 770 19 700 107 709 885 666 210 25 907 765 505 656 588 92 758 907 811 345 422 19 786 987 263 362 910 162 134 914 356 307 166 60 281 171 104 712 698 458 520 593 623 783 885 320 811 319 733 434 167 158 879 817 627 372 251
288 709 226 365 160 336 587 253 281 499 809 323 667 733 869 330 773 111 307 782 288 856 163 173 953 703 870 819 956 386 64 789 242 89 54 571 500 186 23 751 787 348 515 283 127 102 231 886 4 163 893 239 725 207 849 196 900 126 832 296 138 755 321 990 643 739 741 727 656 81 268 343 353 406 196 676 926 380 463 842 478 187 293 507 178 736 674 480 126 487 430 483 847 681 342 281 842 378 375 703
243 140 153 822 315 925 256 831 830 32 325 745 373 187 334 557 53 670 675 14 259 777 959 408 36 713 327 105 349 935 912 428 681 649 821 699 133 290 236 540 363 124 362 56 675 167 134 905 25 310 619 497 704 393 18 595 469 340 301 611 299 564 349 947 628 748 696 247 7 228 246 386 250 813 311 946 81 309 961 992 981 991 851 122 708 399 307 958 672 983 203 853 983 356 792 761 731 772 898 682
721 513 171 907 235 144 80 26 309 803 319 102 898 849 774 281 909 905 359 799 639 4 627 568 575 713 32 170 870 12 705 165 938 133 416 8 880 724 45 11 66 112 51 720 309 385 762 311 414 165 958 739 390 619 296 7 420 853 546 40 485 7 759 565 406 509 314 422 305 908 426 576 545 713 823 866 65 499 531 486 368 354 918 45 383 234 264 615 17 594 36 392 354 55 864 760 824 853 106 173
544 872 4 324 922 484 585 1 802 241 219 488 680 252 878 279 648 64 477 424 921 131 702 91 675 869 95 208 917 635 469 859 506 108 178 682 117 647 201 337 834 165 400 535 249 286 585 93 334 306 427 666 672 376 579 847 672 278 22 529 857 17 588 493 285 546 431 409 579 813 408 869 29 223 216 607 197 112 435 147 726 975 310 244 901 569 210 606 252 956 831 126 284 565 456 801 860 609 220 713
276 74 540 167 453 350 456 717 589 600 891 185 323 357 741 976 570 390 978 733 584 483 18 191 935 683 456 470 400 29 753 280 733 67 471 474 377 409 218 699 185 543 53 37 858 723 629 160 140 183 668 705 566 858 470 497 594 705 964 692 406 291 559 959 981 314 454 348 295 158 946 706 395 966 729 542 883 391 453 764 87 518 5 765 946 259 500 602 211 526 480 816 49 324 324 196 962 668 722 457
27 956 33 391 129 502 981 513 809 979 425 32 963 511 827 517 509 759 204 758 336 941 264 728 26 711 90 213 361 931 913 942 328 480 512 392 678 683 158 951 62 374 135 995 919 77 858 212 513 465 244 452 813 322 305 16 230 352 416 689 230 21 732 831 565 315 61 797 1 532 37 966 227 207 262 720 804 717 389 531 879 826 328 422 608 253 50 82 679 288 686 468 704 65 247 912 774 271 561 43
948 43 688 895 481 218 886 20 351 611 622 134 107 343 979 525 611 985 151 498 978 293 643 878 307 15 770 920 582 653 724 120 197 956 737 993 312 664 546 926 640 476 264 881 331 397 784 720 720 639 777 935 344 477 507 107 703 975 992 515 651 673 390 17 741 718 729 917 0 646 171 617 521 859 826 511 606 261 648 116 218 221 300 469 72 441 600 763 476 596 192 506 918 160 678 45 559 714 71 507
260 297 176 891 980 834 265 226 12 53 288 131 960 830 550 231 77 472 596 957 223 687 250 536 726 681 828 243 608 552 437 712 225 207 332 4 826 325 748 135 581 590 678 971 716 874 173 746 588 662 289 777 926 376 74 683 153 825 801 764 505 925 722 829 552 117 837 398 603 254 374 532 969 809 632 799 300 20 488 304 780 87 108 938 970 360 115 836 798 87 21 416 678 65 630 653 49 785 596 517
40 882 967 682 905 570 112 795 839 623 917 653 335 848 136 53 974 398 705 338 226 684 576 373 815 814 481 32 227 166 32 89 273 826 252 777 579 853 976 799 92 29 250 773 660 262 919 649 569 272 226 80 987 2 891 587 199 123 892 648 491 685 3 277 993 607 774 950 249 117 420 971 84 272 504 885 515 440 719 654 515 860 452 606 871 200 928 181 717 461 743 247 23 670 702 109 316 990 254 731
119 25 451 846 250 906 383 116 993 228 649 611 658 130 230 380 156 939 439 416 509 270 593 187 158 209 485 391 899 471 457 234 730 320 91 812 441 31 113 420 981 157 937 6 985 592 509 167 182 965 238 669 918 250 152 451 99 246 71 23 741 555 778 842 701 810 826 446 681 408 500 455 378 107 843 687 241 214 900 426 525 821 513 611 771 742 856 746 282 596 257 377 590 495 786 909 468 980 811 790
370 93 353 688 565 559 965 573 276 488 150 533 569 614 361 852 632 376 654 739 129 376 914 865 426 315 662 732 909 783 996 892 139 698 721 806 183 628 54 166 141 744 826 692 954 685 723 336 236 712 521 96 714 504 701 750 106 557 764 39 366 208 104 206 739 557 140 576 160 378 829 238 895 849 781 100 660 423 351 515 857 548 259 658 552 335 29 33 952 119 324 919 487 362 485 991 19 96 350 742
640 877 772 846 887 12 830 531 489 121 921 758 361 441 537 37 779 671 662 874 447 407 523 975 945 858 442 497 37 5 509 903 842 531 220 969 261 623 178 46 479 772 360 247 469 563 679 395 517 550 56 542 433 286 74 195 133 153 801 715 356 10 637 757 880 694 121 900 145 107 696 805 426 991 986 287 13 581 750 731 83 296 408 299 216 276 833 87 54 814 766 243 439 420 604 656 488 569 312 975
468 732 364 578 659 108 943 464 430 968 477 199 863 298 614 508 638 803 316 256 318 144 278 134 632 449 385 817 223 202 232 579 2 190 453 366 862 475 748 527 64 520 800 566 221 143 189 644 950 806 322 495 969 321 988 499 12 831 527 55 601 127 609 837 144 340 500 352 910 560 751 619 936 552 729 661 840 742 10 238 325 447 633 879 548 384 490 258 349 393 580 741 272 313 281 801 962 547 334 406
376 561 161 551 426 377 617 507 626 605 466 775 472 962 246 350 581 785 490 505 666 925 745 760 524 408 536 322 503 418 926 901 996 40 728 312 609 390 310 987 519 241 479 552 664 136 588 700 741 384 227 462 53 410 113 988 421 52 677 676 542 49 326 397 673 944 859 17 239 515 502 280 572 445 22 125 562 247 147 439 925 808 247 100 429 519 429 12 841 864 691 910 20 706 137 597 951 705 370 549
366 3 202 286 310 686 812 522 69 290 253 952 945 172 142 342 632 873 583 223 161 193 224 225 729 422 181 801 943 615 751 971 89 398 370 150 53 623 294 109 442 815 105 329 136 208 678 546 480 299 990 942 184 383 532 548 969 812 518 389 279 981 334 29 170 709 296 84 908 533 142 340 515 499 550 400 292 368 980 225 678 969 566 570 736 732 595 589 5 515 462 121 34 840 902 963 283 663 13 267
625 223 468 1 69 750 568 274 650 785 519 94 927 558 259 174 837 613 874 536 156 782 371 353 682 834 703 850 353 88 586 249 576 80 549 488 744 984 23 94 516 606 381 887 883 121 755 912 328 115 416 396 823 352 148 608 798 985 189 518 73 954 607 915 55 179 114 898 67 478 612 805 801 980 444 574 682 424 629 3 885 656 835 909 719 266 466 711 238 697 18 957 121 710 163 958 982 188 409 849
769 16 164 688 161 517 549 619 639 989 758 830 722 369 319 890 32 313 573 925 988 615 36 560 725 989 892 762 150 315 728 856 649 621 291 296 966 821 286 710 35 288 306 872 696 248 693 676 580 622 940 519 187 701 971 643 962 618 849 344 789 236 378 505 692 515 208 636 99 118 244 189 353 686 336 789 649 728 65 391 19 318 846 541 120 926 669 815 490 298 973 128 878 562 179 623 316 493 526 283
445 635 346 356 897 266 361 625 637 536 360 618 864 821 366 400 22 345 222 496 716 19 690 269 994 473 821 181 149 463 256 764 658 436 614 627 470 284 769 205 248 443 71 767 166 741 701 12 489 153 645 774 777 807 485 317 241 767 563 771 196 244 655 818 158 528 440 396 849 993 655 482 666 395 682 951 941 566 582 989 543 563 321 727 118 473 166 479 91 829 71 196 794 440 23 253 726 58 960 239
766 332 175 907 322 713 483 729 924 902 597 471 302 36 544 395 98 981 29 636 651 201 599 210 333 337 8 982 189 205 602 232 606 24 498 260 391 162 721 324 987 126 583 101 293 317 540 803 317 388 497 907 353 674 96 324 619 449 402 294 399 677 411 256 642 796 316 724 580 941 238 928 381 820 399 825 723 136 204 488 582 330 371 877 722 406 183 72 980 398 934 416 358 556 308 711 321 954 202 144
427 696 435 692 166 379 472 85 653 867 360 722 187 938 759 782 33 916 59 985 783 697 296 520 100 148 93 107 375 169 337 855 701 649 768 299 214 759 988 568 215 797 865 779 547 484 349 685 249 69 288 768 596 19 215 707 127 574 142 795 306 845 849 485 256 523 715 926 986 211 31 406 529 487 660 423 239 971 301 250 350 895 914 597 400 475 650 937 729 86 922 382 196 457 541 926 248 694 442 763
605 287 337 866 270 623 946 532 673 435 439 783 610 878 724 304 199 676 909 373 939 862 111 853 930 706 621 554 991 63 280 60 267 601 570 404 297 156 498 480 474 825 127 293 221 617 823 936 521 190 774 796 211 27 308 750 809 58 11 661 542 55 225 840 85 788 36 819 130 909 491 736 91 434 242 561 210 981 337 398 64 741 500 362 47 890 534 619 319 324 300 333 229 570 755 428 820 639 342 240
168 856 740 117 127 592 350 324 897 127 965 837 279 772 747 813 429 263 261 136 74 811 2 734 243 287 401 62 182 887 923 629 384 174 586 935 472 186 356 990 911 880 264 300 335 567 575 858 805 540 955 33 957 75 261 676 253 184 532 74 413 15 242 843 843 43 951 487 799 83 725 111 734 409 377 389 655 796 170 699 905 738 219 869 794 638 313 227 929 451 67 65 848 495 44 559 337 785 784 917
353 914 936 296 737 365 6 717 61 423 932 658 691 839 78 672 167 861 719 976 582 456 873 382 754 706 977 420 192 399 47 459 766 670 174 878 396 388 619 81 40 270 89 154 500 860 369 269 209 822 270 441 184 540 740 73 175 871 126 542 568 675 686 710 723 639 35 664 254 287 701 30 819 586 880 415 994 117 48 962 61 901 617 215 218 237 615 694 69 140 512 655 357 656 322 709 620 669 94 793
478 217 360 520 465 279 809 129 859 466 832 552 465 537 543 91 816 630 220 910 178 821 577 551 214 939 216 864 582 354 339 343 350 295 96 518 942 856 374 658 9 730 224 296 173 712 354 606 510 524 204 613 638 923 220 846 247 953 387 342 953 372 187 809 201 815 649 837 29 844 924 405 790 677 98 385 888 796 660 571 259 379 197 589 876 629 969 784 654 452 636 269 616 114 415 465 254 665 652 340
571 688 269 482 711 630 468 884 811 716 550 346 241 390 73 213 28 935 134 537 135 492 411 824 678 778 847 132 991 42 711 569 560 390 601 89 385 902 22 484 2 598 647 912 403 908 981 357 210 106 422 350 407 907 88 650 873 684 915 898 329 267 640 527 920 38 119 43 938 416 664 151 372 724 475 109 801 417 928 768 342 148 538 984 158 576 405 370 980 492 784 858 381 935 45 705 408 127 327 764
317 674 233 616 477 932 904 204 118 622 891 942 315 16 302 183 800 521 53 703 199 316 415 181 811 995 163 247 619 774 200 158 75 377 627 249 394 956 298 734 903 279 815 34 208 629 526 579 989 486 101 957 769 78 190 957 879 466 252 941 656 345 268 575 136 358 816 142 527 676 935 910 473 522 856 566 148 225 67 453 299 897 174 267 40 884 64 692 550 27 520 924 183 414 694 622 10 362 862 656
329 9 178 659 37 67 29 299 475 810 349 663 455 380 831 495 594 336 154 72 564 482 272 208 252 263 384 377 91 914 925 242 464 197 832 801 939 77 7 160 695 905 473 478 584 773 371 414 162 429 611 429 302 497 877 819 383 524 847 466 564 855 1 499 396 391 78 690 316 62 694 97 163 311 369 289 577 360 750 223 389 237 678 110 481 681 540 344 61 373 459 345 74 662 527 391 584 726 569 791
450 105 286 623 449 515 638 931 497 315 263 139 883 515 478 486 304 556 430 254 33 444 258 475 833 808 945 408 980 782 785 307 160 889 342 321 257 744 619 640 854 307 749 656 828 967 545 413 956 307 174 159 625 284 552 409 421 565 132 624 402 514 930 446 479 21 703 176 868 69 603 304 630 774 4 721 512 310 873 319 26 133 935 525 960 94 899 471 744 132 218 550 684 730 830 813 460 196 370 478
216 935 812 976 1 603 23 215 653 34 666 271 988 510 817 312 570 944 16 357 127 140 703 935 996 148 614 640 305 722 613 426 518 13 87 389 936 390 126 455 872 667 851 927 316 61 704 67 601 330 908 794 615 442 490 798 764 375 82 709 850 663 104 842 653 617 998 460 314 333 983 599 198 1000 889 293 342 531 378 670 24 335 16 752 47 490 783 683 980 194 437 994 232 467 779 868 506 846 332 536
90 403 810 441 196 496 868 375 849 429 696 287 340 470 47 90 379 210 739 378 872 441 951 980 29 38 632 107 191 361 747 872 176 298 430 297 532 968 289 424 365 73 445 283 484 550 591 502 595 643 111 282 707 743 964 637 568 239 846 604 87 790 611 566 489 342 67 922 828 893 180 328 884 916 84 360 228 196 913 794 470 560 371 546 616 224 940 760 588 559 781 904 326 540 182 726 431 668 938 485
397 604 68 953 988 255 446 937 224 611 296 164 267 959 923 547 311 451 958 720 680 443 177 403 15 442 885 391 62 807 39 410 79 818 819 860 828 373 697 608 477 120 951 930 167 458 850 697 911 265 367 725 223 274 851 574 847 693 914 201 177 167 126 234 98 431 952 392 402 756 187 918 379 567 101 244 928 601 583 32 439 49 122 188 993 794 270 973 52 104 981 846 612 734 860 996 444 49 535 321
371 20 305 476 215 580 197 263 394 243 53 844 618 283 769 134 956 932 977 549 121 728 310 961 715 158 929 924 590 313 150 111 607 27 947 672 641 165 894 948 836 926 638 671 439 564 804 1 98 299 268 666 73 31 730 886 721 676 166 783 987 529 33 348 271 235 465 896 614 698 508 146 656 260 284 211 539 647 432 704 275 190 191 188 757 111 53 567 199 959 407 697 884 646 141 77 112 177 323 745
746 803 91 725 239 201 136 43 691 981 882 601 750 620 934 828 990 103 593 729 453 379 265 426 879 268 137 947 231 805 394 484 370 720 353 889 458 313 129 991 161 4 444 772 525 321 958 118 4 787 268 930 831 802 509 58 359 845 321 404 231 111 348 253 941 221 771 4 219 486 827 341 604 805 910 573 698 362 891 275 552 417 971 842 46 425 676 358 909 101 509 585 392 448 277 941 670 834 835 720
444 610 559 287 181 181 932 102 41 507 104 533 46 766 637 242 239 989 798 543 668 261 131 335 156 767 357 168 435 836 643 324 948 835 822 388 902 208 774 732 188 728 205 393 184 57 320 260 553 317 750 895 959 861 932 520 73 449 529 697 494 413 210 932 193 48 690 371 44 581 89 521 941 315 796 599 629 878 828 941 996 779 350 638 528 502 253 817 930 993 493 206 417 295 549 210 559 842 939 966
892 865 613 823 999 880 309 240 480 462 223 721 612 273 781 405 17 113 243 751 600 156 309 389 248 984 983 759 518 303 954 448 466 740 687 73 721 22 297 888 342 948 978 834 377 130 750 450 700 959 565 198 350 174 633 36 238 562 908 286 93 591 776 716 826 137 909 844 411 538 231 978 779 745 733 746 910 459 76 197 242 299 407 0 458 62 372 678 286 747 553 282 779 123 87 378 519 177 24 831
676 948 382 502 819 702 539 739 872 449 484 975 57 36 141 638 113 737 935 443 119 859 711 330 389 833 2 449 301 287 850 608 319 431 137 889 451 484 764 144 164 824 657 981 229 1 467 283 409 853 183 73 360 103 791 498 206 712 71 558 636 942 978 844 799 683 871 17 252 649 203 680 224 56 541 474 140 392 777 192 757 215 327 72 380 527 677 991 433 24 723 986 986 27 711 127 655 361 152 343
846 556 456 885 840 387 162 756 952 963 742 744 869 584 59 571 326 702 976 443 363 207 167 792 612 130 807 80 678 348 999 320 95 526 958 762 327 399 371 163 879 255 405 545 138 509 365 690 920 638 752 769 24 194 475 220 314 378 464 889 712 674 709 136 143 673 377 667 710 712 738 428 395 970 338 333 347 177 27 382 825 861 660 421 11 811 328 754 658 209 193 173 426 887 245 79 755 188 821 486
390 935 299 596 821 87 951 917 636 375 351 791 625 852 94 978 910 245 668 779 254 821 378 610 634 983 594 873 367 278 92 289 95 600 657 616 190 526 986 491 219 572 133 814 388 739 725 733 184 36 64 323 600 93 112 553 252 958 529 308 802 793 75 43 550 308 435 43 700 230 143 250 752 613 756 167 966 100 284 840 128 771 105 12 794 45 302 717 912 383 34 716 327 1000 366 817 976 974 192 594
961 682 576 871 909 272 934 145 601 257 599 205 554 885 823 734 989 694 863 663 829 508 357 208 780 611 990 166 377 672 524 181 245 887 794 597 159 487 338 83 975 555 843 788 284 779 197 644 884 28 70 357 139 200 144 192 964 280 61 442 399 802 809 721 467 398 627 217 892 159 646 619 397 325 81 593 716 758 810 817 161 359 108 76 45 488 268 464 45 222 367 194 894 297 24 970 373 309 885 691
367 398 807 507 35 581 113 102 169 120 948 184 445 92 926 790 9 336 350 91 695 669 291 857 424 775 221 499 410 823 510 254 525 228 480 300 724 144 502 735 571 856 603 584 398 550 196 42 969 954 79 490 68 241 395 0 295 91 609 759 201 531 343 3 824 188 657 362 198 150 444 230 132 407 556 770 766 683 507 425 933 134 490 632 325 232 485 753 165 192 82 72 739 15 950 224 221 285 900 820
782 549 824 853 503 602 782 285 290 597 632 330 821 733 924 996 299 825 869 840 545 283 158 880 451 279 929 96 220 211 685 11 98 563 854 73 894 782 263 784 392 833 772 200 735 846 359 196 476 1000 381 988 170 974 736 695 453 255 521 415 913 156 691 213 878 603 1 989 186 742 633 187 241 526 442 39 649 165 893 538 808 490 119 809 575 249 694 905 697 64 216 963 732 222 134 526 91 448 243 830
241 725 240 732 276 515 204 467 345 28 80 487 574 926 793 601 280 142 781 954 850 510 138 458 795 365 916 993 998 999 73 765 144 963 549 703 990 222 76 880 285 826 956 421 79 935 112 742 894 618 392 467 649 761 121 857 990 309 104 779 943 902 608 156 517 100 774 257 82 543 69 489 648 667 631 699 897 969 946 428 664 480 164 857 761 656 342 311 550 672 667 813 970 690 577 678 149 664 74 613
853 893 445 806 646 697 1000 341 575 847 572 599 619 159 999 954 817 155 298 267 646 403 41 523 911 823 136 748 92 829 240 667 506 70 446 584 396 211 832 18 379 9 103 708 274 267 908 936 261 810 99 684 819 926 317 564 496 635 92 506 279 310 35 311 941 457 573 112 533 17 440 79 813 331 139 835 51 592 298 436 350 340 700 499 552 673 51 444 875 95 366 870 298 680 29 583 477 277 430 668
162 929 868 724 14 871 933 174 94 655 987 275 989 869 665 532 901 226 505 4 965 769 978 294 220 302 783 382 410 498 850 474 74 443 957 518 85 477 331 955 496 719 429 525 32 290 978 475 71 180 197 448 274 828 643 168 316 63 818 457 589 633 897 278 924 695 744 604 14 559 759 975 690 652 760 159 234 686 155 692 265 116 37 47 261 497 313 18 226 96 746 813 251 48 583 518 764 743 502 333
534 839 878 480 911 849 41 775 218 77 190 697 965 515 539 851 267 764 744 394 933 938 279 577 960 734 729 324 353 103 155 472 105 54 338 927 622 492 795 94 303 209 504 499 471 615 160 848 393 896 439 719 990 947 907 191 638 671 229 28 628 2 669 396 214 907 817 951 77 78 493 661 299 677 357 748 374 860 99 843 105 948 754 320 915 469 18 676 480 108 434 275 975 842 8 151 365 978 924 530
424 776 709 28 558 151 689 202 744 836 247 765 813 749 835 586 790 68 243 187 194 867 943 359 839 811 639 449 120 758 592 689 381 691 606 426 527 151 159 647 904 900 48 981 114 119 196 279 849 277 507 829 100 766 9 90 153 40 770 881 123 745 854 826 473 478 815 383 971 958 976 587 287 952 195 523 795 136 611 270 451 368 239 402 173 403 324 622 128 777 123 69 914 463 316 851 678 526 8 827
331 691 213 233 440 916 678 383 888 520 764 28 329 185 628 354 373 626 504 41 596 507 222 46 240 36 461 816 143 575 125 602 275 388 883 397 260 943 322 290 362 501 366 889 933 918 921 32 955 822 426 516 204 631 93 218 209 711 218 303 71 292 10 164 83 129 702 70 910 722 995 214 94 91 652 532 166 453 834 725 249 957 871 101 207 324 40 199 191 455 352 777 843 461 792 335 897 842 670 430
390 448 988 830 742 346 993 42 731 651 958 364 28 193 98 60 223 187 701 296 231 279 798 621 19 850 61 674 785 646 197 369 69 686 352 37 610 949 206 11 96 285 592 37 199 988 664 664 372 288 936 291 416 371 516 210 844 432 740 144 721 245 187 858 348 587 59 973 221 445 518 558 191 205 147 763 542 627 160 318 962 441 234 696 559 946 257 296 723 958 907 873 754 823 595 957 414 191 863 112
530 660 454 283 184 583 819 234 68 54 784 910 461 404 958 35 329 479 308 765 102 371 65 180 859 618 794 325 757 597 879 625 452 448 569 998 386 528 892 66 457 13 346 996 747 962 521 185 565 480 27 33 73 561 138 45 912 815 625 978 151 357 767 587 462 739 727 30 634 480 466 820 637 555 968 349 738 149 819 637 276 397 598 797 997 769 436 172 382 758 12 231 592 426 497 281 367 129 864 776
687 906 529 450 190 979 671 119 323 226 101 879 423 741 126 226 1 216 19 79 766 976 408 505 259 344 504 129 119 913 801 135 397 643 457 868 934 137 981 422 51 996 59 769 406 241 368 777 383 14 118 423 558 341 150 617 517 293 202 473 996 450 690 443 967 342 705 54 101 960 942 283 604 494 624 91 427 942 922 773 935 15 990 318 314 990 34 446 980 860 557 213 748 574 682 252 911 128 701 3
525 16 401 798 631 621 416 87 548 80 256 52 82 542 603 747 62 865 560 154 616 653 794 17 703 843 459 202 899 939 508 355 482 859 160 274 154 11 888 934 281 29 840 213 986 662 668 172 498 936 881 430 759 681 861 868 233 50 881 875 140 306 70 575 12 906 253 389 618 593 751 108 667 307 228 989 323 138 37 767 141 702 945 638 416 215 599 76 162 350 728 376 364 928 319 171 934 747 359 250
416 882 210 902 552 665 112 550 429 386 280 226 941 137 170 742 717 250 973 241 285 538 367 215 482 441 785 564 632 288 205 576 338 418 456 433 740 514 479 649 997 817 545 496 987 113 747 459 771 860 93 546 592 462 752 568 91 939 69 953 760 590 433 388 766 773 909 687 441 573 123 550 595 908 485 350 188 147 165 925 319 542 53 590 657 432 944 772 849 879 730 741 930 473 69 855 770 904 132 29
13 560 18 214 388 760 457 651 972 342 912 706 381 134 487 661 488 438 812 252 48 92 59 541 257 837 750 959 348 625 761 366 32 703 835 676 818 654 390 617 93 549 666 82 838 666 635 263 706 697 416 608 226 91 157 232 408 515 94 47 772 36 987 301 706 816 227 57 178 52 34 775 222 302 165 882 188 142 560 135 745 74 633 846 714 628 775 598 280 8 759 5 969 875 47 470 444 973 407 863
370 644 621 863 301 925 104 499 288 727 34 307 734 680 422 585 590 12 630 102 290 467 529 229 816 318 601 637 182 391 314 970 452 334 142 902 822 555 71 815 53 172 613 790 939 982 799 937 181 912 797 560 363 586 282 134 619 591 608 578 950 171 544 268 814 1 382 58 528 35 890 531 77 571 697 6 938 730 661 731 110 308 855 253 149 112 402 316 497 677 481 647 754 861 683 744 413 176 475 571
558 341 161 720 931 200 12 186 308 854 745 911 815 327 981 44 169 474 935 238 656 142 164 231 312 430 632 315 481 775 598 692 162 425 461 332 185 594 634 985 718 382 6 693 653 144 894 629 921 654 716 917 97 612 68 105 80 357 263 365 534 504 958 664 357 213 336 521 558 541 268 305 678 143 327 883 7 142 743 30 651 51 853 197 776 501 515 519 321 922 560 1000 236 674 414 251 472 615 329 6
677 334 483 326 72 948 160 830 219 255 636 863 114 160 883 275 145 832 12 247 645 888 173 289 61 569 137 395 799 719 230 631 546 74 831 898 630 183 187 758 527 389 897 726 93 820 438 494 15 562 252 748 920 245 910 513 684 565 821 237 677 217 766 348 331 556 594 395 336 605 875 323 278 950 908 341 738 760 353 55 399 36 975 360 49 854 965 927 728 318 752 863 515 443 110 425 0 401 22 494
369 636 876 934 39 480 138 523 507 555 228 930 144 612 981 793 299 226 780 183 750 1000 351 276 801 149 871 85 929 301 852 591 219 29 853 85 182 68 94 97 682 36 360 427 388 73 79 951 558 184 358 894 758 972 429 985 491 278 52 975 61 849 592 631 828 488 412 903 885 53 4 151 364 431 531 87 526 49 779 806 505 375 749 284 91 222 932 110 873 804 106 117 145 938 335 214 527 809 672 631
173 355 918 900 320 483 203 506 585 242 834 173 849 438 811 249 84 132 58 877 324 774 65 803 786 178 981 499 689 385 379 796 990 517 927 971 630 825 179 562 784 279 867 115 314 262 63 39 978 568 670 282 78 327 110 234 101 810 933 249 317 244 310 636 356 460 426 323 151 299 68 792 769 392 908 128 429 743 968 328 532 315 146 609 872 609 305 552 348 204 82 958 754 236 366 977 194 969 955 762
168 952 26 480 936 56 93 689 875 193 619 540 40 337 626 324 996 616 435 958 260 562 729 640 372 761 222 302 9 450 503 50 280 819 144 873 988 355 384 782 50 417 514 865 614 520 783 271 34 503 795 432 26 567 626 589 852 599 930 778 882 875 506 965 976 133 677 63 686 80 402 272 298 623 32 133 636 944 913 863 906 845 628 147 806 542 980 364 69 784 939 411 176 413 671 106 700 592 807 569
541 164 1000 583 200 118 983 786 475 431 505 358 616 6 8 435 8 409 375 157 221 477 295 848 980 155 600 602 388 370 667 94 634 547 967 32 384 579 781 278 709 682 907 1 545 501 787 614 114 982 857 603 346 785 649 25 759 135 146 117 365 771 651 683 388 970 807 218 278 466 174 937 381 967 553 902 656 226 807 365 595 43 279 912 993 169 45 957 93 307 270 912 545 899 722 701 589 935 523 321
732 644 891 959 824 784 829 256 999 355 541 581 726 796 324 937 876 278 788 435 672 537 797 255 658 175 932 263 105 58 76 393 898 865 572 178 192 793 706 231 364 840 304 88 231 407 31 56 468 791 663 896 143 78 639 996 142 312 773 357 288 506 423 246 688 425 456 425 304 587 87 345 356 881 812 505 902 309 326 375 766 198 765 28 308 830 748 959 950 831 676 396 79 230 333 647 487 923 696 132
838 415 425 48 936 930 834 407 35 794 83 865 283 506 556 238 602 428 23 938 23 534 371 108 394 780 168 391 567 985 555 25 769 853 212 755 168 968 92 16 456 705 12 510 637 998 265 814 162 55 559 540 484 690 948 529 905 84 434 588 906 637 624 793 270 623 759 846 976 837 71 111 969 564 800 864 292 549 896 827 0 960 738 703 474 78 1 377 943 205 918 407 145 848 561 486 587 883 167 23
476 996 102 955 412 576 718 654 793 843 836 367 98 977 91 434 612 726 129 7 10 783 394 913 868 448 943 656 546 532 260 25 71 337 294 719 768 729 130 286 295 22 911 280 891 684 327 711 241 761 665 333 154 401 160 319 350 96 397 45 381 194 260 185 950 242 891 251 238 548 868 264 912 87 405 100 873 382 407 181 54 89 418 184 76 735 243 533 474 664 677 361 950 767 741 401 755 431 691 113
960 831 431 516 964 485 160 506 72 61 64 152 804 50 637 629 610 734 257 140 563 717 65 152 975 476 681 445 2 672 921 811 591 537 518 692 320 927 189 755 234 649 366 629 969 598 276 316 723 710 947 267 386 641 409 927 653 677 17 718 227 712 305 370 337 832 505 502 710 488 290 330 589 935 423 993 782 501 599 956 456 172 381 513 113 777 975 269 927 530 942 415 99 357 939 718 471 588 703 13
582 902 693 910 488 991 964 845 250 359 131 298 720 549 638 197 924 749 732 444 566 963 322 552 232 671 558 5 541 595 900 856 823 138 397 896 99 205 222 749 482 896 78 621 786 606 130 690 14 875 91 802 920 772 861 608 771 344 789 662 580 291 972 228 346 965 56 73 287 151 770 904 846 909 727 401 736 866 910 127 426 655 605 608 939 817 675 845 860 353 505 197 59 660 144 457 170 507 519 781
629 750 81 471 318 639 248 720 799 191 61 809 110 293 366 465 555 828 142 903 804 328 84 213 911 118 308 308 777 428 166 1000 816 662 767 514 824 638 587 228 753 425 855 811 94 739 367 429 564 47 666 293 865 73 955 249 694 223 64 881 962 258 836 656 536 298 483 113 748 633 175 270 389 252 390 936 259 351 614 132 125 789 371 158 750 852 645 554 553 314 687 662 658 885 481 687 855 1000 699 787
804 174 725 974 951 749 608 495 852 12 536 970 250 205 797 259 889 916 190 786 483 459 324 943 977 816 109 472 520 513 280 991 728 937 145 797 555 269 473 674 972 305 311 866 952 171 88 206 63 344 871 490 301 60 770 506 768 508 197 968 446 624 456 919 518 324 626 387 242 320 903 904 541 508 747 145 779 424 863 262 938 763 964 447 375 638 327 834 65 36 533 73 382 768 241 566 242 450 423 755
69 943 902 200 865 269 388 345 90 364 88 782 518 971 441 634 468 366 182 880 458 254 772 394 871 539 683 380 292 586 514 729 564 267 816 307 883 558 599 972 457 958 604 208 224 202 239 62 142 122 450 258 169 540 167 792 441 470 260 749 667 303 335 563 390 677 890 910 739 768 218 360 239 461 937 617 995 45 357 281 206 797 544 142 364 879 429 516 616 136 450 582 284 722 102 500 147 506 93 6
129 700 122 489 419 213 310 196 912 358 553 471 23 402 421 440 436 162 926 530 473 805 505 223 646 339 95 506 59 502 39 121 482 781 662 409 985 336 259 277 700 516 549 631 581 850 505 393 736 655 749 833 183 883 157 502 119 286 154 469 674 312 60 777 168 206 541 568 964 885 163 831 254 556 793 258 438 296 236 914 624 890 512 461 753 725 676 213 462 272 108 798 405 672 971 827 261 788 733 374
447 989 509 41 305 810 576 771 800 685 596 224 348 951 20 983 209 588 90 222 603 813 68 326 510 533 303 128 105 167 956 837 797 866 302 773 255 627 424 448 387 709 575 979 919 298 594 334 879 269 250 441 351 961 100 215 192 909 977 192 191 109 980 391 505 626 198 719 827 463 569 834 770 642 161 312 382 623 883 428 354 621 321 50 547 474 539 313 747 33 799 454 145 819 568 631 207 75 589 325
77 446 971 18 215 479 595 250 703 53 759 656 593 300 742 803 336 113 501 144 23 91 828 282 334 637 989 915 595 739 386 467 19 139 954 809 875 749 726 431 919 270 360 27 211 355 151 529 98 804 235 933 341 172 886 539 741 538 835 581 328 731 463 413 451 53 276 172 710 549 341 685 578 245 870 867 564 295 790 418 492 487 554 474 76 857 877 390 606 530 652 152 822 845 959 42 683 768 235 379
633 489 778 721 190 331 182 883 932 525 353 674 77 563 39 764 593 998 558 281 881 320 503 749 426 804 969 230 143 954 211 164 292 550 412 621 853 897 740 747 208 622 143 541 869 120 633 311 362 684 184 776 351 320 112 301 980 812 753 972 494 7 933 951 520 951 669 315 300 932 190 318 550 449 326 922 208 321 200 493 408 875 538 442 708 340 1000 56 22 515 999 954 254 462 106 402 105 575 783 627
683 324 719 263 653 470 283 814 271 650 91 765 496 67 934 969 301 9 992 461 636 763 473 507 681 909 125 798 445 682 29 446 185 415 698 731 794 300 738 595 936 661 675 718 716 647 562 905 555 767 779 614 18 396 980 876 819 515 835 289 229 449 294 215 160 662 696 785 25 426 895 332 452 206 110 359 722 262 23 15 262 104 801 227 189 575 456 760 425 91 993 21 148 409 655 968 724 794 752 809
665 984 24 863 959 908 775 578 451 950 383 897 347 630 951 522 526 964 440 394 356 553 18 227 846 232 95 933 618 797 452 242 415 287 913 307 140 103 594 885 374 793 288 415 32 842 33 131 15 92 725 891 427 400 118 60 154 256 696 594 487 650 190 153 874 242 331 730 936 236 545 76 443 438 601 811 182 797 978 886 963 366 364 429 114 274 15 431 226 750 184 728 331 922 143 757 655 191 173 821
165 290 415 573 357 915 64 350 775 62 657 491 0 474 486 374 522 717 651 307 334 722 892 439 734 363 843 883 239 179 243 615 437 487 68 358 583 492 661 148 521 409 123 57 1000 115 514 221 26 644 839 355 378 374 77 480 580 676 551 896 793 252 46 753 453 493 288 551 468 891 383 138 234 204 87 468 449 843 776 140 359 309 244 82 366 16 635 844 738 287 986 223 907 311 366 476 567 651 738 105
243 567 806 769 469 325 625 45 421 972 755 788 112 930 723 135 732 599 135 918 58 94 488 707 736 388 324 747 622 147 750 608 98 494 19 584 134 940 219 252 702 125 314 337 647 958 740 719 127 567 580 372 62 260 604 735 660 16 673 946 861 914 793 629 623 121 211 737 430 582 361 627 926 776 999 328 946 357 77 760 931 132 638 673 589 325 263 781 350 969 892 944 973 486 336 77 923 754 266 445
393 442 718 856 316 976 155 506 414 911 204 913 248 54 741 816 256 400 876 645 383 564 842 791 121 360 246 826 553 201 68 76 363 699 95 387 595 500 54 700 608 601 71 654 581 117 503 927 105 458 120 383 11 394 24 644 341 622 932 918 966 338 660 904 2 802 970 418 72 3 171 63 992 385 140 625 555 322 56 868 10 558 178 930 463 815 523 474 877 709 315 677 65 121 567 700 802 117 514 610
264 986 902 238 521 549 420 170 454 290 774 736 288 453 305 4 350 511 642 619 569 127 352 31 785 531 674 501 276 923 518 426 950 559 756 903 350 404 350 377 775 867 931 856 248 461 314 538 531 908 742 639 392 365 13 941 859 17 68 24 147 803 759 32 262 572 289 140 24 146 522 55 47 317 647 943 595 45 995 78 434 973 333 273 1000 257 566 929 263 877 108 13 133 690 152 947 596 268 546 955
691 602 306 518 934 897 903 323 751 680 273 196 145 157 185 687 860 844 269 718 897 557 866 459 657 344 649 871 72 20 93 14 350 926 972 549 817 676 20 804 536 641 561 904 451 299 866 214 554 807 154 21 492 551 765 473 885 571 624 498 685 25 208 442 946 558 335 973 60 386 297 440 733 544 138 548 715 492 501 917 956 943 493 171 440 435 951 828 312 871 405 761 934 216 289 351 416 981 886 248
516 352 546 358 215 59 954 42 47 530 671 237 882 457 155 341 839 338 217 754 125 929 703 680 256 988 711 909 199 791 670 280 527 814 460 791 527 90 650 40 660 666 593 297 106 456 131 828 747 606 420 269 156 633 995 291 463 721 723 738 362 853 248 336 729 161 573 443 671 832 48 502 149 185 885 406 989 259 76 281 15 225 402 172 857 453 712 222 217 47 916 449 944 110 253 214 731 703 121 915
309 51 322 151 513 559 879 387 771 96 50 11 492 520 22 777 512 768 147 259 142 48 968 532 200 512 729 398 350 217 392 599 482 257 506 808 159 579 296 633 77 141 259 459 707 471 482 403 938 292 512 704 234 118 470 811 53 72 639 211 161 365 29 311 574 252 107 449 597 992 358 805 452 586 934 64 115 971 460 255 28 991 951 286 683 530 532 998 890 441 838 592 329 581 327 248 232 850 175 706
748 437 512 277 158 248 429 198 622 749 983 138 964 871 983 200 665 687 130 150 241 184 543 543 273 987 68 718 660 35 206 125 194 1 174 705 595 710 226 74 575 645 141 817 171 396 614 321 926 999 642 673 50 51 711 130 274 291 92 936 224 593 951 407 838 931 322 46 654 52 5 530 700 980 867 669 378 420 262 874 196 131 933 584 405 214 887 486 108 59 314 190 956 955 757 695 992 81 599 501
445 451 338 254 715 452 606 392 212 449 466 30 368 345 401 380 534 188 611 379 472 710 529 519 515 991 650 113 716 440 335 872 410 910 281 943 86 926 706 748 904 27 798 525 522 912 236 716 159 390 507 178 319 378 268 492 237 923 973 898 771 340 729 894 818 544 279 753 991 592 87 475 912 437 703 770 429 392 159 727 160 261 840 223 375 30 638 294 482 8 863 386 245 950 426 943 260 816 424 489
633 296 559 335 0 866 686 564 346 185 529 612 927 665 533 479 989 552 572 115 683 787 203 502 563 440 523 289 913 929 761 613 60 571 656 805 467 788 570 599 592 135 67 815 796 637 463 204 389 382 381 409 597 696 95 373 559 822 240 911 99 657 592 370 360 954 910 942 37 948 622 30 608 454 67 15 286 758 713 532 213 468 19 859 269 603 66 2 704 235 653 326 4 542 593 992 339 791 450 318
796 900 943 269 128 365 160 301 76 1000 46 261 423 452 292 533 954 791 581 120 544 856 96 603 5 20 582 839 886 791 113 181 751 414 321 176 364 732 822 386 980 766 550 251 934 191 361 878 151 962 786 283 653 118 371 974 788 403 757 234 233 609 891 659 908 254 604 321 513 867 119 337 246 530 123 373 906 156 147 791 890 915 316 434 494 188 274 32 912 510 669 963 593 403 482 402 945 472 464 832
870 521 499 410 524 450 707 261 361 98 127 691 188 653 463 734 44 815 609 249 869 642 395 836 324 886 878 519 511 441 529 557 170 585 664 765 147 384 957 866 536 510 516 703 898 227 852 882 998 10 859 56 697 5 499 731 809 741 252 438 785 996 94 295 641 928 698 631 43 752 620 274 713 148 844 976 615 749 921 237 145 467 935 758 767 705 495 245 291 641 611 141 310 941 747 948 221 449 905 171
60 129 215 760 728 915 238 46 482 472 804 175 398 583 842 445 327 957 625 34 582 86 549 816 482 389 414 585 828 177 445 790 646 129 29 651 378 487 336 916 720 197 620 338 764 993 708 558 892 470 355 787 767 503 415 854 119 126 587 776 620 683 785 67 202 977 969 926 273 73 414 741 548 771 910 360 176 633 119 343 469 461 793 805 249 48 262 951 364 239 307 170 39 623 680 745 302 926 930 701
985 559 916 585 714 242 271 413 944 743 452 32 594 627 120 267 435 152 415 256 326 205 302 1 700 43 25 546 442 704 557 181 78 403 710 304 495 689 879 90 734 700 673 256 434 320 477 171 937 304 555 322 899 54 335 772 321 470 488 93 143 562 403 600 839 45 432 595 244 939 111 79 928 620 875 765 74 656 609 113 177 530 997 280 393 388 642 481 855 90 399 879 186 679 169 114 156 908 561 602
535 494 292 606 390 948 578 517 377 281 248 332 283 397 399 739 654 110 706 802 415 68 177 791 935 700 66 324 758 455 110 311 112 673 188 542 433 116 394 174 688 318 565 777 531 90 854 2 898 11 931 148 991 967 742 909 69 259 400 476 777 324 913 766 427 619 547 468 560 813 985 873 155 526 615 263 932 723 466 519 277 866 660 210 284 605 168 576 866 598 319 528 610 415 232 593 500 155 659 754
317 498 558 704 874 82 527 777 708 139 954 909 112 731 807 823 462 58 706 320 305 539 478 939 778 498 267 141 17 272 755 467 680 469 767 495 66 178 475 784 638 895 251 227 352 928 388 94 935 451 793 416 432 358 228 784 849 447 148 188 394 602 378 605 782 39 435 236 134 934 9 385 607 130 940 364 842 986 473 413 367 826 624 986 305 153 118 787 735 783 922 833 38 73 552 569 746 625 428 784
295 453 294 932 565 495 176 170 457 194 169 428 195 926 447 820 213 164 736 820 102 244 136 702 490 758 10 529 517 987 686 124 804 520 633 869 667 774 829 494 945 573 635 550 372 642 335 969 61 70 695 254 25 710 57 31 350 776 253 966 11 323 399 967 465 778 800 989 490 345 387 402 410 604 927 227 189 112 325 287 790 794 329 947 269 250 206 417 434 56 776 752 955 420 155 461 140 670 364 924
102 9 65 756 494 661 524 16 502 155 574 2 7 876 754 599 590 81 412 313 729 805 839 422 587 609 345 428 187 21 46 691 647 278 32 909 877 922 53 318 911 371 838 466 806 511 12 223 579 265 813 961 609 8 647 335 121 656 43 355 649 669 808 886 653 665 601 337 793 113 186 597 236 660 623 612 222 815 136 432 103 344 487 603 680 636 568 711 869 650 595 881 231 355 129 986 277 288 862 377
330 588 277 934 452 375 263 380 330 214 237 824 603 263 818 312 56 369 612 564 926 879 40 953 402 827 450 823 458 578 612 324 859 250 522 316 970 636 593 363 830 518 206 626 270 745 460 111 764 516 395 273 273 703 296 674 798 441 530 193 902 646 178 702 21 17 626 447 594 74 85 396 826 504 696 663 877 832 518 123 412 424 479 32 721 545 28 65 37 526 381 716 694 886 210 37 652 792 814 141
660 377 913 656 41 154 924 482 784 934 311 389 828 793 421 606 307 471 961 845 23 315 757 343 62 355 777 274 725 210 248 793 224 728 126 769 263 246 458 370 590 684 210 942 397 995 816 686 549 535 759 53 381 597 952 484 604 759 513 989 310 814 125 50 184 145 999 158 688 126 383 464 907 943 944 521 348 271 498 871 870 299 34 898 905 36 946 592 880 406 545 490 382 62 612 295 504 278 972 511
650 35 373 884 175 537 845 429 970 664 886 707 924 404 869 991 581 797 872 875 842 300 377 897 98 671 313 495 184 813 825 654 654 761 635 590 997 570 753 201 906 5 525 533 307 528 573 854 111 825 900 675 448 463 671 941 940 860 322 57 749 30 131 51 713 477 427 757 169 212 797 15 921 834 927 804 631 286 772 464 296 510 657 947 527 852 316 31 81 525 32 50 932 430 580 403 649 43 852 574
610 526 257 306 940 928 495 246 135 587 233 807 772 35 905 717 645 15 727 97 65 160 320 737 258 347 310 969 585 10 994 248 762 421 264 953 245 712 974 441 799 874 970 605 548 392 477 253 583 190 816 950 680 33 359 240 24 282 567 515 238 899 411 813 885 16 392 538 753 269 654 343 995 308 541 686 694 471 849 616 975 105 269 975 30 301 949 720 624 75 937 115 446 47 524 842 234 614 52 978
23 195 727 854 885 970 395 303 340 722 557 952 976 423 114 279 900 146 681 272 555 850 940 822 972 277 314 748 169 745 938 846 300 939 193 491 639 562 136 623 414 437 140 384 406 40 620 323 59 943 689 632 188 240 435 373 855 565 471 979 666 76 258 381 955 10 54 774 227 724 866 835 851 433 329 106 379 740 973 225 422 111 434 239 395 243 351 210 578 39 421 625 491 347 693 849 713 516 111 834
587 851 145 172 77 825 813 741 130 817 620 876 199 242 984 604 249 312 796 844 330 302 543 305 668 758 484 532 146 560 190 786 557 838 797 522 973 766 466 336 836 672 332 458 354 946 933 390 61 358 584 130 397 164 209 726 671 571 428 552 388 2 479 534 452 265 183 706 101 995 495 497 576 234 558 988 800 532 276 243 364 234 49 142 844 969 573 131 394 146 621 712 623 594 728 944 632 671 215 936
158 33 607 838 552 859 261 446 286 386 810 360 986 75 257 374 604 760 363 79 975 657 346 840 781 973 69 722 345 436 922 690 865 670 802 679 809 827 872 783 112 134 575 711 269 592 682 683 830 520 420 431 634 325 666 150 106 626 992 672 257 185 329 585 768 418 489 770 169 288 25 588 224 215 808 951 628 857 466 362 160 321 256 302 884 910 912 600 512 359 67 917 778 19 650 45 964 747 718 869
114 85 176 619 876 403 247 338 615 151 213 418 931 685 94 423 833 769 472 418 592 295 148 495 692 792 77 976 204 873 812 117 204 123 891 135 239 79 576 647 231 847 545 987 607 416 686 793 548 499 861 536 185 618 903 268 970 212 332 461 496 82 164 659 890 721 11 479 159 295 147 7 840 755 84 574 553 417 378 830 623 585 745 380 902 874 649 278 692 59 506 127 775 709 197 44 789 296 800 591
965 546 765 188 636 399 880 968 968 149 447 81 872 870 220 342 716 432 309 728 608 332 211 105 23 37 283 837 849 341 684 303 857 449 527 904 428 112 7 502 830 383 69 36 60 986 342 947 750 45 886 429 849 493 620 655 925 498 171 269 203 800 840 80 840 195 552 853 739 539 573 863 564 991 405 874 821 912 260 670 418 987 285 27 572 604 737 829 350 221 964 530 128 866 441 255 927 214 177 565
80 659 65 55 587 493 808 282 568 921 151 205 450 652 640 881 50 841 949 734 348 780 562 881 176 817 862 809 950 589 0 22 325 622 476 178 557 73 661 519 382 644 981 140 392 510 861 372 342 747 94 448 106 259 949 800 503 858 844 504 300 379 208 864 85 557 92 10 710 365 57 877 638 180 404 27 407 49 844 680 919 29 567 391 76 664 56 432 112 757 367 391 348 103 728 332 150 551 944 296
515 246 214 544 80 168 920 362 51 772 756 569 17 773 947 730 2 132 69 9 886 210 834 336 158 35 780 352 748 552 50 507 138 119 416 181 381 301 719 993 262 753 506 164 994 632 190 25 979 660 314 323 792 554 667 420 586 642 23 102 736 598 764 438 199 376 982 31 238 440 11 322 507 528 325 304 714 854 898 497 146 983 426 287 572 14 539 958 368 891 663 129 152 53 478 266 710 601 193 930
323 558 416 887 209 759 235 723 47 822 807 787 221 507 140 596 90 267 531 615 640 296 757 979 129 430 294 158 825 523 660 93 108 901 848 204 322 191 264 885 280 751 215 391 810 16 149 731 117 982 752 856 542 756 848 93 154 403 392 150 189 680 845 698 520 111 66 316 51 818 26 872 515 817 783 185 967 130 51 600 537 121 867 378 663 649 731 715 713 76 871 769 296 43 260 566 109 438 23 214
142 68 583 23 589 364 470 496 667 349 260 332 576 215 623 177 763 167 26 402 894 813 302 544 547 33 165 488 652 428 14 334 898 591 193 64 240 700 434 655 974 76 22 513 265 676 1 195 487 1 475 225 173 884 194 89 537 777 884 893 478 388 718 68 419 8 549 172 636 522 712 734 763 902 755 695 224 635 677 992 297 310 144 119 76 301 368 996 529 968 319 559 860 899 132 284 10 359 541 225
178 22 573 26 571 475 655 47 979 787 627 372 492 127 232 637 523 581 117 692 219 142 629 98 588 33 121 851 823 694 748 160 57 405 753 2 618 619 742 442 71 793 170 911 445 97 756 361 180 24 772 212 628 547 920 965 979 843 266 349 924 941 561 3 698 910 806 403 12 114 786 681 988 680 709 53 274 856 56 834 78 696 925 593 587 564 863 343 452 284 605 499 506 975 246 927 281 749 225 906
432 589 456 353 669 250 735 912 176 5 759 724 809 495 776 282 532 951 909 12 447 579 683 774 393 348 484 85 773 916 839 467 446 241 170 942 172 558 573 267 232 778 738 753 286 475 575 936 539 807 49 899 498 928 911 50 621 400 903 539 324 78 672 613 169 911 581 321 701 855 431 86 802 866 556 310 615 226 699 944 828 416 857 29 853 361 793 145 139 640 147 991 747 102 114 592 96 833 566 301
359 510 232 337 33 139 700 827 327 115 483 538 720 553 367 43 172 324 888 246 724 347 695 314 439 631 114 400 301 590 823 104 83 535 151 236 850 407 23 612 316 817 163 559 624 383 896 601 522 537 97 534 112 504 898 351 445 289 586 155 554 977 323 885 115 777 201 236 443 646 873 156 421 412 922 642 824 236 97 909 806 209 790 520 836 917 105 880 34 758 247 715 998 799 954 906 676 930 141 563
154 401 169 385 11 937 325 571 7 608 163 248 614 635 35 458 500 858 490 741 338 857 927 466 561 148 274 970 34 496 461 912 121 295 274 986 426 223 931 910 360 142 687 275 832 377 155 877 778 242 841 204 353 99 585 157 836 861 993 571 596 786 780 812 174 800 966 811 711 732 16 669 61 842 446 810 42 826 642 233 678 532 248 569 826 762 470 558 227 435 740 434 876 32 917 507 759 319 488 73
34 892 313 919 397 353 912 854 581 832 324 884 564 445 838 955 700 541 198 948 70 341 80 852 968 179 115 426 667 605 697 459 418 121 134 639 396 91 104 352 525 125 664 82 725 184 512 336 375 479 522 801 208 579 535 502 874 44 812 559 433 264 139 464 350 845 820 780 201 538 187 967 9 237 408 296 481 830 712 876 719 418 85 226 125 45 510 964 371 459 951 456 274 308 382 740 285 810 883 391
968 307 632 902 32 773 927 220 444 479 407 505 935 807 976 955 672 35 852 396 674 119 996 580 803 171 129 870 596 530 300 967 660 4 696 29 574 9 130 189 363 416 993 440 653 654 572 437 751 5 260 463 503 665 647 377 101 334 212 908 172 266 770 436 868 438 343 719 245 334 718 647 140 368 382 556 253 659 828 262 18 19 127 683 927 488 402 41 465 16 75 627 753 410 288 574 864 513 670 299
40 259 105 184 294 384 666 64 183 994 711 30 428 737 53 560 891 618 20 653 945 744 705 85 53 333 962 431 132 850 808 860 773 975 427 412 746 227 436 322 39 878 844 444 558 182 716 655 654 178 732 768 221 109 701 426 450 423 980 148 99 157 796 345 615 230 872 478 50 681 23 639 510 659 665 447 352 303 835 676 798 264 975 791 157 996 265 288 55 223 901 930 731 260 194 353 271 64 431 865
555 348 539 889 511 439 885 111 439 887 807 828 2 606 114 683 333 263 769 191 816 11 56 997 332 406 516 405 183 500 405 755 215 267 484 664 458 890 107 369 547 549 467 1000 637 893 146 956 24 358 867 43 648 329 524 674 678 644 577 262 627 999 433 437 304 793 437 549 564 390 914 779 336 871 124 827 7 555 801 315 885 843 758 177 7 410 56 409 905 248 79 514 832 637 390 777 245 209 972 927
946 348 313 20 451 421 883 243 15 861 510 640 213 153 838 410 143 412 788 869 235 935 831 572 667 872 83 83 866 439 901 667 333 330 511 372 122 958 581 632 454 721 779 827 908 481 235 115 283 216 726 962 181 124 408 265 2 875 567 355 510 533 585 660 893 605 565 700 11 783 896 706 360 203 625 961 303 420 655 564 872 958 602 973 260 618 20 98 50 821 829 541 939 137 333 157 520 171 770 118
398 150 347 466 257 609 274 580 677 268 708 809 331 417 551 489 509 924 165 60 54 766 680 103 938 789 733 40 149 248 186 646 722 837 606 650 197 427 735 187 73 663 102 104 56 146 74 509 738 165 898 344 967 266 708 64 635 441 444 585 464 777 614 957 204 296 463 748 334 280 736 5 833 71 555 139 962 290 230 107 669 122 110 104 40 280 511 900 688 4 491 31 327 719 387 882 834 634 992 792
489 228 998 519 351 622 180 443 592 502 14 337 967 766 541 735 715 643 385 497 560 457 230 265 892 741 934 191 682 781 82 488 806 434 531 342 421 447 542 111 734 61 820 680 157 836 492 818 566 938 938 21 572 843 288 645 140 662 687 858 316 724 574 766 201 364 322 915 29 310 937 294 124 779 153 265 717 20 204 412 661 333 555 471 408 955 374 102 970 608 590 308 798 514 869 79 479 50 711 781
737 419 673 827 959 903 408 645 849 162 170 609 336 474 320 787 409 575 961 617 118 834 294 393 898 794 577 919 913 128 488 158 64 726 192 287 518 685 667 646 19 666 832 257 133 131 904 182 953 126 314 315 703 275 817 640 932 929 330 170 60 894 434 679 475 798 152 962 914 603 419 519 955 131 438 546 139 202 53 603 917 641 829 761 345 703 991 316 399 206 128 832 636 535 439 89 25 985 615 501
126 854 467 902 558 295 721 449 466 899 103 487 637 505 215 297 699 989 357 468 2 885 362 251 186 843 7 550 601 381 862 121 572 984 285 548 234 268 580 51 778 367 383 743 891 480 351 987 769 43 285 340 580 820 642 820 767 915 345 210 162 311 853 893 618 218 281 559 448 527 68 516 821 413 973 379 16 241 945 21 513 917 915 74 356 726 359 358 818 692 869 92 835 785 889 754 263 941 277 543
52 160 497 98 157 509 382 700 886 663 4 330 620 457 352 281 171 149 306 420 81 687 357 147 677 32 800 277 462 32 17 533 663 851 31 637 888 474 597 163 667 995 67 326 555 891 470 419 923 354 636 435 466 96 828 575 324 654 189 343 805 157 692 285 219 484 19 271 692 380 330 468 563 46 789 617 864 190 906 379 999 134 173 379 458 482 630 686 44 897 294 881 884 89 633 865 773 412 932 459
897 369 284 246 151 869 586 435 868 790 987 366 808 111 616 782 566 253 910 887 712 51 406 957 15 4 561 600 228 702 383 110 225 435 864 373 281 36 214 164 788 591 623 431 600 312 584 846 442 98 563 576 827 826 24 897 515 289 889 788 70 984 475 144 548 227 824 283 646 0 566 460 545 728 92 748 516 718 840 357 45 455 796 76 504 546 828 156 10 129 828 611 297 913 777 255 378 165 275 80
366 623 840 476 750 774 632 142 883 244 527 183 854 247 86 460 896 562 308 790 589 8 86 50 281 869 468 278 425 185 106 69 373 844 991 621 913 154 183 460 791 479 437 993 252 159 205 765 137 654 839 936 378 473 833 475 556 659 82 708 132 250 781 816 67 980 563 12 199 968 236 756 450 649 710 163 602 540 414 491 111 592 63 324 134 944 838 832 39 863 925 662 337 847 173 690 667 884 986 625
601 965 9 11 560 869 224 6 247 622 952 967 598 838 271 589 444 497 219 248 508 502 839 588 797 624 687 215 23 728 96 124 387 304 983 394 394 930 995 820 245 46 322 864 484 11 393 441 667 658 649 560 701 70 283 437 646 33 698 589 550 302 993 301 497 283 343 391 464 540 944 310 472 339 241 647 418 589 608 209 716 137 38 40 46 359 999 408 837 464 703 805 891 286 840 555 116 99 935 322
4 953 412 906 443 631 375 419 79 274 422 921 102 598 468 108 78 368 231 377 20 40 638 562 746 305 446 789 492 984 163 456 26 197 809 525 590 413 645 1000 290 246 867 89 566 849 827 537 294 182 756 585 130 42 533 578 367 916 634 105 855 73 667 972 481 944 621 946 671 149 133 648 496 849 230 594 198 431 979 417 276 833 50 106 409 154 968 791 61 465 363 649 756 49 643 809 717 734 624 706
420 749 809 112 208 795 740 560 865 638 737 446 84 12 652 72 73 261 958 791 691 487 926 643 650 441 720 485 657 682 386 290 183 847 991 371 145 968 568 975 351 588 201 13 89 514 490 743 728 642 93 778 348 997 40 584 363 672 616 762 798 447 976 261 103 727 294 77 898 167 285 976 281 719 119 858 53 591 239 782 858 625 17 998 187 147 559 915 74 520 472 315 954 851 134 373 452 430 528 477
21 791 664 722 765 270 349 767 686 338 620 696 77 592 710 817 941 948 285 324 892 727 834 848 348 858 287 34 823 776 981 714 513 132 448 282 228 364 261 234 523 466 582 570 585 870 158 278 279 872 130 978 162 285 242 318 910 3 879 290 71 568 512 553 915 326 708 706 908 863 720 9 794 306 705 571 12 928 654 835 846 958 273 49 85 481 165 687 10 104 551 304 454 238 76 995 165 522 750 951
8 403 878 493 464 122 843 630 124 95 820 488 829 564 936 40 316 476 956 77 482 531 283 730 617 222 884 659 920 639 973 318 460 55 331 244 320 544 965 555 895 189 226 541 514 821 543 55 216 371 350 967 345 762 457 475 112 434 445 253 314 615 849 890 214 857 663 205 849 251 255 654 721 613 402 512 732 316 885 458 445 792 650 635 893 851 150 238 107 554 540 640 760 107 995 641 66 462 343 606
592 841 694 101 820 757 69 248 720 662 361 775 263 986 495 422 891 175 392 452 835 991 52 656 110 268 102 923 569 27 495 720 305 597 383 896 934 190 486 520 10 647 764 668 115 70 39 219 255 726 40 264 251 382 695 110 799 834 188 857 380 135 973 414 478 534 160 46 106 354 778 252 491 454 807 593 252 936 79 803 894 514 531 457 666 697 410 192 761 810 738 384 934 154 265 776 671 103 430 474
741 749 737 923 587 47 363 527 450 448 242 498 162 857 15 785 191 90 898 266 570 10 687 86 998 878 580 336 110 159 946 808 158 895 56 437 334 77 291 455 133 444 379 697 475 316 128 456 776 384 101 468 669 393 90 40 978 635 607 653 127 488 989 674 919 941 870 561 355 176 745 110 500 948 343 666 269 733 758 797 988 352 646 937 427 366 798 436 802 266 161 16 838 52 483 852 679 685 387 765
69 587 727 170 928 910 140 383 104 16 42 326 44 68 71 190 559 875 791 360 947 538 99 344 799 115 718 943 468 643 481 869 960 424 727 466 917 155 410 164 820 82 305 50 509 155 374 450 421 545 119 207 661 141 227 216 8 4 797 843 556 48 261 868 631 262 756 335 790 247 576 524 928 364 121 575 529 193 137 325 650 616 142 173 249 168 593 833 628 99 905 245 894 809 841 501 245 934 38 834
320 823 104 226 896 546 277 180 463 330 548 224 877 936 637 878 590 834 981 584 509 164 540 956 86 16 311 544 596 712 88 564 358 186 56 366 583 410 395 893 193 24 812 203 324 973 612 882 377 59 939 173 899 283 319 570 483 447 629 108 142 674 571 844 534 46 467 663 744 28 504 376 251 462 440 956 304 507 911 491 848 927 697 402 670 407 811 991 826 711 322 502 600 63 398 37 626 16 301 0
512 757 210 94 965 881 402 515 973 402 445 625 629 658 132 927 583 920 718 420 721 178 22 287 931 697 632 432 809 880 909 318 186 839 856 724 43 134 179 479 888 587 736 215 176 711 404 392 585 199 707 175 90 857 518 254 360 45 400 916 445 328 252 902 365 982 807 825 507 472 33 335 290 521 157 583 501 426 905 888 289 306 191 602 532 574 287 251 339 707 722 576 729 660 919 587 448 85 254 55
302 253 103 372 795 354 331 301 659 212 852 72 226 209 205 133 60 533 18 127 635 352 390 49 734 628 591 276 473 122 696 198 801 784 13 159 827 519 677 69 662 705 610 519 205 933 601 883 840 668 314 44 145 47 45 798 366 481 546 764 269 291 277 727 600 25 879 67 832 867 645 893 760 217 918 268 719 407 229 306 536 353 94 708 471 516 504 425 893 755 254 683 792 151 933 366 983 824 590 177
200 595 961 421 208 845 38 13 836 638 30 362 596 41 504 971 517 305 930 566 677 486 210 380 665 33 611 822 104 784 138 21 81 163 290 395 727 651 214 925 326 723 898 822 15 193 25 71 275 928 400 179 826 92 878 520 990 277 970 623 537 545 148 888 211 411 999 909 987 920 677 422 633 931 758 454 793 529 581 882 197 213 501 293 47 193 242 993 835 649 41 50 98 936 51 368 3 757 225 32
81 275 380 684 319 71 600 201 609 956 617 70 557 488 359 680 238 833 551 497 889 806 230 211 666 587 37 826 973 282 925 364 213 749 314 856 101 346 664 92 73 772 751 27 268 254 263 366 972 572 892 196 831 0 712 975 970 648 513 983 826 848 327 613 873 869 671 942 913 118 408 65 373 809 8 183 34 992 417 157 345 460 563 186 212 329 445 413 824 379 589 592 636 24 660 974 964 815 973 471
927 832 830 101 232 978 321 661 963 957 316 434 715 795 136 910 541 557 362 939 627 11 216 130 692 854 172 448 790 53 648 629 45 325 853 925 490 399 488 724 995 675 777 195 204 405 472 617 777 108 7 354 679 757 386 515 896 242 366 580 692 803 647 68 414 826 178 227 916 857 143 239 66 492 81 974 653 875 157 320 374 705 389 635 72 681 351 630 256 665 463 522 640 538 810 48 249 162 156 280
383 524 525 699 471 359 955 266 240 221 540 322 880 719 397 501 478 147 763 752 401 451 66 742 879 226 779 904 270 36 690 351 664 545 510 601 35 368 738 510 471 982 837 635 708 877 710 149 863 646 403 181 716 688 588 852 284 666 659 636 781 77 83 599 610 366 154 807 772 11 98 954 30 803 28 538 954 417 905 152 107 437 140 556 678 126 870 957 994 812 5 431 518 724 32 538 67 458 884 441
842 885 322 205 940 355 303 293 280 115 438 15 897 861 810 617 147 12 878 659 17 726 745 673 73 644 30 721 343 836 627 735 711 123 112 76 164 146 942 454 2 230 525 29 973 205 141 153 333 919 748 13 432 266 348 105 423 748 494 418 134 792 381 516 320 145 466 756 991 650 884 642 783 16 612 621 224 857 629 562 702 304 477 581 311 932 970 560 561 52 756 942 394 648 136 19 141 486 75 862
919 562 310 98 239 476 954 278 520 565 228 62 597 628 860 447 794 859 66 591 848 824 706 782 759 913 385 178 61 881 248 949 8 902 600 528 731 274 925 278 684 482 10 973 772 328 297 142 72 367 334 595 97 989 555 276 496 410 596 305 14 702 302 507 550 929 920 872 954 800 327 141 394 834 248 252 816 492 245 176 632 139 796 416 72 784 692 607 105 864 333 389 529 466 110 694 467 888 629 115
241 92 626 556 44 438 297 28 624 341 208 271 859 629 229 85 523 238 480 911 642 739 382 914 115 642 564 389 563 306 849 158 876 854 405 932 768 425 129 830 716 252 297 828 123 278 701 237 855 769 47 694 920 563 544 905 721 352 520 309 48 278 618 797 524 338 207 780 128 200 673 807 822 4 59 194 402 76 628 801 489 199 741 965 344 848 251 47 320 326 945 884 80 845 441 355 702 104 591 527
660 701 985 34 881 282 374 342 977 814 373 401 606 309 929 1000 263 545 237 301 783 480 567 165 428 507 47 604 835 606 996 373 980 51 913 527 618 8 64 712 648 185 422 879 92 217 273 786 187 696 428 461 99 913 757 149 474 906 81 232 138 234 171 439 404 276 628 796 252 82 738 259 866 701 724 473 759 819 533 584 583 959 584 534 172 712 747 159 519 495 718 288 699 430 348 88 557 53 546 777
930 912 920 269 529 148 737 636 238 745 495 309 875 337 276 870 530 335 526 345 155 381 444 749 699 720 1 588 65 346 44 275 851 609 918 335 197 660 359 128 530 157 114 108 669 779 71 789 59 778 283 85 220 245 549 716 335 789 454 160 540 671 589 318 843 443 661 296 861 517 513 544 565 724 531 164 270 313 215 273 436 746 502 667 149 487 521 193 774 586 232 479 144 834 412 640 956 969 612 585
541 941 992 660 198 446 43 296 62 913 878 41 628 696 306 572 259 520 161 948 116 577 354 958 788 198 70 537 937 236 872 840 573 550 157 392 58 182 702 427 187 82 115 835 366 21 370 742 295 563 290 875 611 353 374 581 297 419 632 44 230 960 998 209 753 152 267 208 450 133 993 464 459 343 34 687 92 857 599 932 784 848 233 215 142 138 93 438 998 729 82 38 579 18 281 933 924 866 694 714
184 775 894 595 380 650 549 369 344 587 2 182 165 220 747 931 223 321 178 367 810 99 798 636 490 142 419 143 532 293 752 511 938 684 225 653 584 348 440 904 719 99 674 818 173 146 979 312 509 967 494 673 124 911 802 474 808 251 184 571 145 289 539 138 568 263 20 375 719 850 467 302 139 462 274 613 19 72 208 49 538 204 185 966 47 678 507 437 402 312 868 880 750 898 272 555 304 177 813 417
616 328 193 325 154 31 214 594 571 911 137 86 989 819 931 812 152 668 7 534 614 194 869 945 314 272 427 885 888 575 64 51 383 326 144 62 668 651 83 852 1000 867 403 507 268 686 164 306 302 733 649 461 618 970 797 821 466 627 757 133 161 539 23 538 469 54 866 847 556 463 972 938 601 841 781 657 763 985 732 909 450 514 656 426 543 137 673 331 328 335 331 405 310 277 774 170 767 945 332 402
157 722 578 546 644 774 840 601 821 727 695 755 518 69 874 229 598 783 672 852 783 572 872 502 74 489 938 749 524 908 671 408 758 935 787 750 132 813 278 141 267 628 231 581 576 771 817 163 861 679 178 237 585 126 22 761 123 755 112 248 486 263 197 851 280 792 474 637 484 652 46 953 801 3 387 646 155 406 940 462 517 257 510 882 155 913 835 712 573 776 398 197 380 846 351 678 862 858 887 603
850 957 433 460 719 41 116 770 83 636 100 851 851 101 105 808 332 583 279 7 967 917 742 76 960 458 573 707 223 141 387 451 927 352 395 971 585 188 211 779 470 697 72 945 703 159 487 207 761 338 323 532 590 310 782 331 228 839 173 597 47 135 654 784 337 546 399 523 163 402 272 364 690 909 801 898 577 645 813 5 94 298 857 666 712 352 593 79 76 592 794 766 99 280 712 26 871 138 739 812
22 658 484 175 391 141 60 24 589 611 287 889 918 287 827 195 851 345 961 309 396 920 963 139 872 848 677 389 475 743 833 936 479 176 836 447 280 434 918 649 912 188 703 325 623 962 617 908 22 68 172 902 915 268 924 261 569 667 298 479 809 571 940 691 868 207 149 774 297 579 475 944 923 750 728 388 178 518 755 447 826 188 12 260 54 101 319 12 205 21 757 374 764 550 55 733 691 165 735 141
585 103 320 39 926 558 117 250 487 740 278 366 65 327 869 498 121 949 277 879 854 834 473 807 201 541 344 174 970 763 27 232 717 794 105 533 775 393 885 321 825 708 57 296 731 830 32 620 701 413 38 678 296 140 414 896 486 767 592 884 582 259 349 210 726 620 873 30 78 162 26 473 193 840 954 437 981 268 437 354 989 382 197 224 336 443 126 417 163 521 797 158 860 236 510 807 157 964 242 324
996 392 586 671 268 322 850 300 84 418 714 713 31 243 22 694 44 949 669 800 862 765 795 396 649 274 190 162 832 642 484 640 560 380 755 244 742 596 221 105 84 948 773 173 397 30 813 770 758 33 693 437 5 694 862 559 690 365 977 254 505 843 494 36 843 561 296 875 74 536 465 414 119 415 367 166 316 311 658 776 580 487 311 676 766 623 626 584 189 79 650 124 681 253 739 276 960 913 139 227
481 17 269 906 614 194 922 650 620 926 25 668 133 253 293 148 793 414 510 872 740 805 71 834 475 721 994 125 359 996 280 374 707 941 111 547 68 736 601 697 79 305 899 954 356 836 205 410 646 373 292 480 856 198 7 986 700 364 486 263 588 292 206 148 459 641 517 45 63 3 515 154 847 679 117 231 5 268 912 252 698 645 673 264 393 638 504 107 833 658 533 0 798 313 66 759 182 490 927 548
64 511 674 592 59 713 679 344 899 403 151 563 210 582 72 854 592 235 240 883 959 211 767 148 821 860 689 188 644 49 742 663 785 236 378 772 319 987 378 388 234 924 643 689 187 72 962 761 747 398 787 791 898 169 373 241 180 823 121 936 552 136 158 384 862 284 3 971 593 317 879 825 618 914 324 86 435 307 695 542 231 172 521 554 639 455 970 465 34 722 823 531 333 937 533 318 768 746 89 698
46 494 544 99 989 753 520 350 894 168 323 489 919 266 402 966 787 146 698 141 907 681 564 461 414 941 644 995 81 818 832 357 217 793 624 898 771 973 300 749 881 653 40 378 106 312 668 997 236 828 3 29 41 418 538 116 448 127 951 904 413 980 694 169 836 501 464 978 515 222 118 492 403 414 0 979 909 77 265 761 152 526 898 173 463 45 451 840 510 439 829 625 789 393 304 488 991 319 213 617
90 141 121 110 227 243 555 145 611 427 887 627 318 191 658 480 370 534 946 523 963 47 18 37 413 928 71 802 702 781 535 793 756 692 197 83 161 490 685 670 431 235 433 1 693 474 305 919 414 399 548 77 199 404 335 194 944 859 111 35 494 712 152 632 43 289 429 913 9 634 440 668 583 532 650 905 208 642 530 864 393 385 623 326 66 579 373 722 71 749 205 952 850 145 275 579 758 304 508 915
519 860 171 333 11 67 73 463 187 295 357 863 496 573 905 407 627 192 286 897 85 746 343 605 691 557 541 348 406 878 989 765 744 566 348 80 903 291 282 625 171 955 295 200 794 134 441 687 626 902 632 21 336 223 759 564 33 945 5 697 667 926 593 54 621 264 499 45 578 657 715 905 108 842 545 210 884 344 836 27 801 772 511 183 759 420 700 26 240 694 957 940 484 588 461 938 280 951 476 786
439 315 512 910 37 30 587 115 157 856 777 908 626 991 542 257 391 708 258 683 482 495 373 160 728 760 7 782 159 483 30 76 102 495 275 136 34 186 446 175 573 737 54 995 169 835 129 567 816 982 436 709 684 899 770 910 824 891 651 339 48 259 951 342 388 550 208 104 737 617 100 803 970 875 681 737 441 454 249 664 502 517 540 485 771 649 445 420 19 883 624 819 895 493 203 330 145 929 800 288
96 976 361 833 507 579 651 178 779 588 967 600 993 331 831 430 45 444 132 762 376 162 396 514 106 859 141 831 706 69 780 911 545 173 128 238 78 325 791 981 699 786 956 389 851 506 380 314 804 22 615 461 453 354 328 400 324 936 222 416 81 183 100 823 85 613 68 98 208 399 200 167 396 876 982 774 409 69 645 292 390 757 756 278 415 266 885 401 805 925 835 126 374 743 666 91 784 165 247 608
120 533 889 904 30 270 990 309 729 304 287 123 756 38 725 333 646 773 540 12 221 480 181 977 979 256 240 390 970 454 530 961 927 253 857 630 609 617 130 577 812 868 65 247 626 895 173 212 895 949 130 284 416 871 698 260 404 531 244 3 516 661 380 121 482 572 76 31 208 371 679 842 789 407 653 931 13 594 361 73 747 195 598 461 578 198 646 462 369 324 566 163 812 682 679 310 617 446 775 101
731 577 749 19 124 215 709 188 212 133 348 457 292 501 96 455 889 916 815 52 517 476 702 179 185 241 941 874 417 316 19 457 788 122 929 145 139 473 867 748 955 407 875 54 85 185 626 697 167 106 721 702 857 281 80 241 583 898 668 854 833 491 645 161 88 492 985 774 658 23 592 18 360 404 537 257 120 932 616 738 266 116 437 723 588 700 787 835 850 303 58 82 604 466 664 657 72 94 338 17
638 969 804 480 881 561 114 818 336 322 687 758 753 863 760 78 634 296 710 169 463 700 180 792 338 447 993 408 719 703 515 517 85 142 809 915 972 489 248 631 803 505 125 458 958 26 399 511 448 987 618 585 954 533 367 905 38 507 567 146 612 878 832 152 445 468 362 205 263 979 986 87 695 98 820 694 34 79 408 781 700 687 763 436 758 142 341 467 888 894 903 747 802 134 536 478 351 85 237 271
811 366 473 963 517 559 726 291 17 314 656 320 718 856 622 643 253 114 10 89 727 606 739 194 257 439 532 181 417 309 846 183 264 65 428 718 645 385 147 433 386 968 847 129 539 445 191 298 415 392 225 604 945 878 112 542 549 668 633 512 358 683 874 927 189 368 286 243 65 421 540 952 585 766 461 781 354 2 790 217 718 109 838 495 271 204 957 748 191 64 656 56 398 911 986 607 3 896 377 27
880 259 629 205 922 407 728 884 611 417 550 251 428 160 234 657 681 736 391 731 325 290 161 999 522 512 586 475 972 32 828 752 110 616 707 552 363 808 678 143 691 77 288 175 725 90 878 826 195 818 930 688 686 82 456 525 743 592 756 51 176 873 984 320 893 260 766 514 572 335 288 263 289 355 531 187 397 48 867 446 638 531 677 367 998 715 474 135 824 42 468 840 527 430 807 534 1 667 442 997
710 770 950 98 975 756 204 325 505 788 932 846 658 11 910 671 418 319 590 633 450 828 95 416 497 424 815 795 732 53 410 895 194 84 1000 695 145 194 674 634 502 512 875 406 504 289 453 568 653 887 184 406 142 590 757 237 774 318 883 707 195 684 836 155 413 943 455 391 937 999 567 753 569 441 284 449 219 840 194 691 613 376 839 576 884 309 424 649 605 365 855 512 240 799 464 94 345 983 1000 487
137 560 600 119 788 357 180 797 117 399 628 691 914 884 760 689 62 749 866 139 844 434 135 657 496 740 970 328 553 269 95 131 763 300 624 333 976 93 736 297 813 605 467 293 745 412 951 970 925 669 112 528 989 307 490 306 531 590 591 737 453 827 985 855 500 629 805 285 877 348 148 984 626 923 287 630 232 166 882 516 585 865 286 918 797 576 257 920 108 768 857 331 972 839 952 99 568 754 246 570
895 638 281 66 977 314 884 298 459 813 216 723 665 673 726 48 362 121 512 599 381 924 393 287 79 484 220 653 359 370 784 226 159 276 187 894 456 684 273 285 676 672 434 313 471 415 231 314 880 676 37 788 980 251 286 380 286 637 846 640 77 751 830 183 984 667 832 33 952 847 622 82 462 194 995 553 800 569 186 194 645 260 891 497 585 744 773 898 772 50 863 627 647 705 675 176 341 715 891 562
580 238 903 783 318 768 635 924 953 172 620 70 200 102 285 44 409 575 329 439 159 480 948 589 22 891 930 319 832 477 843 89 377 587 144 759 662 326 567 586 208 875 429 985 822 130 560 17 855 260 375 64 116 666 382 757 261 20 447 866 200 210 393 626 706 418 418 237 498 332 111 576 26 186 311 736 440 314 579 260 909 448 873 892 4 344 59 584 594 952 408 520 986 389 813 993 600 533 861 814
661 463 744 15 596 252 860 342 371 836 817 577 236 73 149 652 650 943 254 320 944 627 457 924 98 201 442 796 145 428 888 815 958 558 387 165 697 658 143 547 770 18 190 10 801 381 868 232 901 449 739 126 606 778 662 803 685 443 839 211 3 743 773 771 934 636 123 886 768 287 644 691 414 908 634 509 143 843 142 730 825 811 451 943 586 893 683 782 822 854 678 945 242 320 689 18 987 113 523 828
904 955 377 412 309 300 897 625 723 940 864 991 49 274 219 496 621 255 474 499 973 424 298 433 187 34 284 545 725 237 439 294 433 480 876 201 836 345 507 732 417 254 357 674 114 198 42 191 415 962 794 822 155 883 540 670 728 296 668 706 453 223 446 346 532 20 467 867 547 536 208 235 988 14 622 760 718 895 292 537 392 592 884 383 529 936 859 755 416 213 751 124 620 448 227 308 351 559 289 655
672 512 46 828 366 467 648 823 422 585 858 942 2 539 136 330 72 304 101 269 803 470 819 545 966 257 25 277 381 395 466 917 365 187 365 987 862 719 158 375 674 920 760 999 204 52 47 532 643 473 9 850 568 520 141 705 105 30 238 395 98 230 213 952 224 30 749 882 714 827 492 889 838 415 92 861 96 597 82 90 910 667 347 988 984 906 470 43 621 960 970 67 897 609 263 642 694 384 518 595
482 200 703 249 448 689 677 440 166 437 420 139 558 629 67 381 833 694 316 198 16 526 774 779 819 115 350 545 899 396 499 435 319 806 551 533 632 205 188 98 430 926 761 480 127 1 544 857 976 505 312 598 573 189 849 636 435 180 741 739 754 248 333 515 921 77 217 340 391 565 878 804 856 298 847 572 988 696 924 499 812 20 763 371 16 538 354 591 802 551 977 444 642 596 700 732 939 238 885 468
617 341 838 48 406 993 617 897 329 0 969 929 900 914 940 744 773 387 683 533 770 829 776 155 84 783 883 483 663 137 223 457 530 421 700 346 32 985 859 836 593 494 165 613 274 674 364 717 874 87 751 157 407 163 485 162 562 798 253 126 819 136 275 47 417 527 37 160 562 9 957 350 183 440 608 495 274 657 486 866 778 405 693 972 535 178 481 495 850 592 155 314 467 644 362 475 589 36 31 190
910 165 785 303 697 101 147 655 725 635 598 193 179 319 973 944 768 315 892 316 366 543 611 624 570 25 412 818 513 248 614 737 488 68 449 941 143 388 685 1 32 649 987 772 403 365 78 170 385 739 171 991 84 328 747 355 968 152 336 389 388 337 65 847 810 715 670 228 434 601 450 220 778 51 349 179 366 917 956 179 578 305 263 675 885 757 111 71 882 235 203 879 511 270 816 851 985 411 220 999
940 906 498 721 76 421 455 394 286 417 618 509 847 267 9 841 230 988 591 906 274 633 743 817 694 704 844 644 249 651 227 418 232 805 702 273 974 966 117 939 637 814 847 84 908 319 765 457 72 857 721 416 153 577 407 273 351 454 524 323 762 693 833 476 933 127 581 944 380 82 635 663 96 77 443 198 984 371 402 622 227 196 777 785 751 536 522 863 737 187 767 316 555 789 631 220 522 410 242 268
595 790 621 365 427 348 896 808 901 433 25 235 829 18 777 182 594 907 396 336 487 97 278 672 317 382 818 655 72 653 319 502 317 418 902 582 98 220 598 684 943 337 490 531 436 132 924 790 570 581 481 187 221 199 376 287 630 234 953 900 183 328 292 754 439 878 622 52 283 781 258 330 413 61 510 452 208 930 961 839 29 179 994 420 438 692 598 429 640 724 910 934 988 761 282 494 178 181 183 850
521 569 717 986 653 91 391 778 610 811 606 107 235 422 121 379 302 881 168 350 463 148 454 135 340 71 187 785 255 967 305 604 566 350 124 608 398 874 34 8 866 619 565 820 599 2 832 640 187 482 457 20 505 804 536 983 923 235 730 957 513 979 959 868 486 682 977 966 867 9 574 137 24 143 740 109 269 185 310 516 889 342 16 875 315 183 671 236 803 264 83 868 243 605 613 524 935 331 958 573
907 764 584 364 386 435 667 105 491 5 311 591 585 449 682 942 314 881 86 547 654 226 140 64 463 227 678 366 101 464 76 3 883 595 164 864 378 916 833 211 954 304 190 298 360 864 913 183 257 949 782 499 186 940 576 610 369 105 682 296 623 532 985 956 432 857 13 749 997 126 526 905 403 446 776 455 594 196 583 909 78 917 115 114 510 604 260 445 534 56 35 109 760 69 16 902 261 0 1000 201
983 512 851 755 349 58 638 458 246 4 988 5 878 925 985 439 349 562 368 75 649 911 665 570 573 293 899 55 124 96 519 140 684 798 405 157 351 579 928 29 70 762 59 929 14 191 858 420 239 718 480 533 664 894 615 328 354 686 578 182 248 398 347 628 827 124 947 204 925 881 98 307 104 91 419 75 191 139 913 775 595 635 606 979 875 519 163 252 755 541 557 968 207 837 695 775 251 164 153 930
971 290 425 235 690 819 925 444 249 651 416 257 166 506 588 896 529 594 66 413 904 787 846 56 360 567 189 628 393 482 625 597 14 210 782 469 980 492 455 945 538 989 303 22 333 715 976 22 830 713 63 246 907 919 955 645 497 151 859 597 779 653 921 183 140 174 134 605 314 316 923 673 754 789 416 832 856 673 985 153 822 420 300 685 644 166 561 393 895 762 645 154 414 686 371 982 592 662 541 972
937 471 184 295 461 947 229 31 298 334 200 54 304 240 552 684 604 713 632 409 935 73 561 18 867 908 771 941 886 281 827 201 604 721 93 775 213 14 2 436 135 549 793 932 870 852 467 509 560 946 122 651 347 359 327 312 845 372 614 563 830 123 68 739 981 220 926 386 766 53 393 888 637 618 126 801 762 542 231 10 484 957 500 886 24 648 327 831 11 873 275 205 860 178 365 247 408 281 370 97
884 150 515 480 109 289 909 301 32 359 832 505 837 780 285 74 732 755 257 694 464 190 278 898 682 129 998 737 224 84 807 518 356 286 267 560 860 748 622 883 861 598 722 196 916 64 512 43 866 590 842 764 144 135 914 242 819 161 515 750 808 550 741 753 168 382 49 1000 475 269 277 486 48 665 673 668 918 403 811 91 55 802 94 306 882 100 398 118 956 771 777 90 346 335 841 846 412 452 41 813
560 157 765 817 59 797 908 399 755 183 617 573 981 567 220 164 132 330 68 549 67 970 739 552 499 726 968 90 336 251 928 155 21 134 122 378 595 681 429 849 687 585 706 336 406 385 465 696 996 707 634 409 42 364 576 929 895 16 212 813 636 992 877 486 285 341 149 260 844 153 667 808 607 743 960 950 414 487 478 326 534 349 110 185 462 492 572 68 478 525 118 648 879 100 707 661 993 294 191 472
924 710 729 686 876 277 486 172 16 287 589 126 390 763 206 247 536 570 932 997 720 443 130 613 726 589 720 597 929 346 70 926 190 945 479 646 563 728 11 524 55 367 159 85 784 54 450 83 685 110 737 740 924 625 901 391 786 512 373 236 135 678 511 306 363 266 649 97 121 288 989 396 177 95 449 63 705 979 122 260 10 935 294 88 801 547 469 11 79 653 658 578 515 687 741 814 156 494 893 662
881 51 660 164 6 610 653 650 206 136 983 496 202 461 221 108 926 405 478 27 308 476 487 280 514 663 702 452 857 982 751 950 782 545 354 262 463 3 539 362 547 158 753 595 362 70 812 11 550 537 99 423 193 179 55 361 21 555 639 870 554 914 279 820 924 84 706 394 667 441 265 180 286 865 959 443 360 908 656 573 266 650 485 180 946 914 681 210 211 34 327 182 324 273 406 767 344 388 310 617
104 152 538 237 683 667 204 210 653 37 610 915 776 879 306 909 786 838 477 532 525 651 387 249 951 369 146 395 509 506 540 167 307 410 787 915 405 7 203 908 360 25 963 367 525 183 81 242 635 191 205 658 881 104 550 845 597 298 243 700 179 517 115 900 859 628 853 234 148 429 348 886 522 653 829 922 943 481 559 187 527 687 57 301 40 139 957 182 588 988 623 869 966 118 846 428 163 101 911 153
107 923 499 478 491 739 271 900 513 558 808 454 23 273 152 701 515 359 222 892 824 889 461 841 610 999 930 879 793 420 624 658 683 879 291 375 281 830 481 133 279 905 649 404 557 154 506 31 117 981 523 251 64 154 643 554 171 799 727 318 95 923 779 730 731 560 545 151 757 199 563 435 154 759 795 506 395 545 47 751 286 937 82 404 315 876 162 949 664 811 522 806 734 336 581 908 920 675 78 359
120 167 872 822 977 496 647 577 87 56 959 313 381 75 696 416 417 7 914 476 978 252 837 543 724 815 990 252 224 184 744 941 511 562 716 447 200 569 140 836 179 505 917 622 796 93 807 718 788 184 798 919 438 405 794 449 458 75 56 326 530 448 698 936 310 780 224 141 336 329 565 330 577 348 977 852 641 74 797 101 955 541 418 558 714 46 199 614 66 62 39 548 859 129 771 194 239 682 973 503
649 165 810 357 743 314 427 153 395 122 145 726 280 252 139 724 775 630 845 306 791 75 215 711 977 787 518 710 655 734 808 880 633 350 683 528 636 765 781 247 829 864 580 72 54 918 529 894 677 488 832 986 699 920 277 434 789 665 747 886 325 94 740 888 125 218 976 426 505 679 808 193 623 868 44 541 112 375 104 629 362 360 16 381 678 841 255 133 239 161 121 434 379 843 222 258 792 465 4 845
338 494 357 42 989 450 429 696 192 991 587 385 532 972 721 304 752 242 899 328 445 333 253 14 401 600 495 695 477 727 518 493 713 946 703 272 250 806 428 908 214 757 937 396 563 777 23 713 307 748 638 637 823 63 118 939 872 181 87 347 923 319 444 223 843 590 493 467 695 85 714 6 522 79 63 503 604 688 763 107 115 983 191 888 89 646 391 474 660 580 539 931 283 901 102 379 310 357 552 617
680 1 391 877 348 778 999 819 387 298 992 63 941 584 829 620 448 720 805 428 610 800 682 651 297 476 482 983 375 289 904 649 114 579 506 155 579 157 787 64 8 427 205 249 943 329 606 433 33 542 760 633 729 742 818 583 674 198 248 88 655 415 859 370 157 721 897 308 984 405 675 540 908 204 408 239 808 665 687 119 593 746 266 913 720 347 833 783 621 755 922 372 985 300 821 983 755 242 117 553
918 683 738 103 262 712 704 592 600 880 852 90 577 616 395 189 2 751 961 163 301 576 168 538 523 630 747 687 170 759 735 916 896 428 825 674 390 14 569 858 7 626 648 409 75 847 929 687 808 938 826 434 321 406 799 852 743 669 661 221 92 420 637 873 929 904 565 362 512 139 459 622 13 43 599 734 252 768 708 283 943 976 496 948 582 995 501 104 426 31 463 922 68 628 513 879 558 929 669 86
41 556 446 477 406 230 365 849 796 70 410 810 995 914 204 203 75 349 773 30 641 426 490 598 291 61 420 138 27 942 544 29 936 8 392 140 327 763 927 390 522 791 708 310 584 523 703 218 425 120 899 546 542 707 881 788 215 169 64 290 35 523 859 610 28 76 203 835 21 460 232 264 862 67 848 292 108 401 772 642 371 236 515 398 135 897 701 900 512 885 796 336 376 392 604 297 207 915 587 749
629 191 903 770 626 389 303 223 28 606 998 672 181 289 319 914 876 462 820 661 950 197 600 395 128 876 87 599 939 298 281 852 741 976 156 835 898 809 49 448 843 825 830 691 933 485 694 150 758 161 268 671 796 79 56 920 284 638 682 710 419 163 702 229 234 53 458 37 35 955 229 75 516 215 931 130 362 635 238 539 219 957 952 417 27 399 523 573 922 999 112 612 353 965 475 199 167 899 420 147
532 561 316 535 312 986 858 414 891 86 899 608 19 562 990 790 734 933 205 87 111 1000 349 677 363 361 523 645 105 926 162 369 102 501 843 368 272 73 261 57 22 299 739 762 336 773 795 836 828 312 926 332 748 214 688 105 814 432 631 737 215 294 559 736 957 585 197 236 572 590 850 948 636 741 977 668 956 818 717 533 662 363 136 578 539 85 167 487 215 648 45 717 324 705 297 569 381 374 383 500
417 620 203 878 169 980 104 508 423 816 861 465 278 661 949 993 189 205 321 546 657 663 119 918 20 553 376 84 410 726 425 2 224 592 387 506 311 701 851 325 970 79 871 887 948 312 97 504 124 0 784 344 885 856 622 696 922 239 409 236 782 647 850 737 438 104 122 605 940 871 615 648 752 22 571 123 199 608 233 801 296 465 572 74 438 275 781 61 796 534 742 405 400 194 47 275 770 18 833 280
612 482 158 728 5 170 611 925 82 926 304 266 465 951 967 887 943 510 733 187 485 371 863 992 237 932 713 583 155 764 387 16 365 65 374 871 540 674 78 103 341 837 833 902 643 1 663 431 385 585 533 366 857 28 421 8 854 806 389 56 186 685 22 191 636 245 863 513 36 368 769 602 754 719 39 521 539 958 632 794 745 683 147 428 687 175 865 626 670 147 998 406 92 708 585 572 914 829 298 136
398 611 659 198 495 937 120 314 611 561 698 783 211 859 981 246 978 885 417 752 984 508 442 622 882 823 946 515 47 980 596 13 567 196 292 142 748 241 924 511 213 955 614 909 683 148 222 734 188 27 857 652 164 441 521 267 553 314 231 532 538 38 815 272 806 828 760 701 801 762 53 888 919 282 713 13 602 146 645 107 659 246 926 529 285 470 972 192 735 207 697 588 802 693 70 2 108 451 135 377
467 533 107 978 787 922 822 362 298 947 105 8 565 199 467 27 509 684 688 795 8 764 969 39 806 454 800 199 621 17 347 472 471 926 790 177 667 598 987 173 881 330 281 694 71 529 663 150 294 37 91 906 21 281 797 54 195 918 705 868 254 533 841 305 362 963 311 593 711 534 931 588 307 146 221 290 140 870 578 163 408 14 442 985 50 503 203 435 436 147 141 580 609 701 451 949 731 834 580 28
344 586 871 720 730 190 801 276 580 875 277 107 658 327 760 941 619 300 668 35 723 703 385 940 907 675 268 490 135 611 700 666 949 862 676 182 48 784 856 810 182 886 596 939 817 803 362 900 262 896 385 721 286 937 907 388 254 554 99 13 502 64 387 761 541 628 260 659 738 582 682 3 539 636 569 955 674 596 882 659 400 750 808 841 872 929 766 460 151 636 841 431 882 970 353 440 117 91 979 950
556 379 991 130 382 193 481 174 980 583 836 685 653 226 492 998 769 698 315 800 259 797 899 345 29 663 875 878 471 978 749 115 941 352 64 506 302 591 150 812 599 310 143 305 705 883 734 105 14 734 375 722 494 583 657 429 918 626 835 701 970 210 49 62 184 621 888 198 218 388 342 835 236 872 378 760 849 440 518 801 489 577 961 943 387 178 377 94 907 736 303 475 377 246 777 40 387 396 402 888
421 832 769 385 472 355 28 722 176 901 698 961 515 884 730 583 223 797 728 404 836 93 776 472 661 945 124 219 564 476 411 293 617 442 2 335 59 935 89 205 958 482 91 609 470 517 413 969 888 825 928 773 605 789 626 625 594 812 18 328 69 43 451 578 298 571 643 106 268 506 606 815 196 831 923 677 95 748 488 980 756 647 527 71 396 261 426 3 345 975 926 783 545 33 822 204 884 431 518 342
917 895 604 485 786 422 47 897 700 495 426 616 713 107 840 157 865 899 561 127 993 59 693 379 489 337 914 309 412 296 961 390 92 799 854 838 582 42 206 196 700 891 846 237 755 470 902 699 604 104 383 811 16 140 917 286 744 610 176 433 800 926 270 735 755 711 278 319 108 733 552 346 927 324 196 441 221 404 811 849 423 348 591 119 578 488 206 138 16 761 326 750 302 159 444 809 199 802 826 153
261 644 884 308 592 86 342 255 86 189 362 227 235 680 531 75 937 179 915 30 62 3 906 209 262 148 45 816 175 576 575 142 426 553 340 242 792 251 102 111 725 536 726 130 289 12 561 615 340 650 819 618 345 604 124 972 205 771 589 368 75 441 314 463 945 362 908 274 495 506 342 242 920 800 802 39 808 656 279 864 492 327 184 247 675 248 795 201 735 900 542 555 70 357 704 211 645 27 455 90
141 321 322 718 285 918 631 267 886 474 692 128 674 307 863 688 559 742 657 428 719 207 130 174 678 792 637 146 443 265 713 683 327 359 78 927 154 614 472 455 439 243 170 645 522 391 14 107 844 293 435 443 833 889 275 67 72 284 338 589 373 447 532 411 229 247 293 105 79 178 717 239 378 70 955 175 960 296 858 251 149 532 606 570 744 99 291 609 979 125 756 495 475 514 320 111 39 237 889 832
778 608 630 388 986 842 378 299 498 218 475 569 219 216 33 528 924 963 866 388 841 880 147 873 859 30 417 389 701 120 807 637 446 44 358 880 465 332 517 487 276 697 653 205 428 837 474 478 841 788 973 924 383 30 645 316 985 696 637 108 173 591 501 289 787 260 524 904 142 845 797 831 367 602 139 39 395 737 847 247 364 753 777 32 293 533 977 910 263 188 109 157 829 461 671 96 962 751 400 78
814 763 946 511 961 444 210 430 923 566 403 989 662 19 310 983 459 855 801 521 285 413 306 353 959 747 225 212 843 453 790 259 590 14 956 214 94 917 635 53 55 29 824 559 825 62 397 481 552 719 810 782 659 190 19 311 113 302 647 567 219 710 621 58 335 816 712 621 888 975 115 630 756 470 565 881 573 172 148 896 493 955 11 593 729 315 487 166 916 248 373 860 816 816 581 652 78 807 969 19
9 446 120 45 732 92 213 524 335 211 749 226 825 393 477 805 654 697 944 633 88 331 325 650 774 798 942 288 402 351 618 752 154 933 908 58 288 50 306 533 43 721 822 345 231 553 553 733 528 767 873 920 776 457 1 309 471 4 249 554 867 768 106 720 666 220 847 233 989 240 233 677 637 377 322 164 875 703 303 270 912 386 230 145 281 866 792 339 348 111 398 762 392 940 176 186 47 797 577 820
640 694 447 889 268 967 805 899 849 353 380 765 790 1000 968 313 554 199 592 455 33 331 283 977 525 45 898 148 323 194 147 521 406 132 121 365 286 317 228 403 521 220 704 714 989 283 182 810 119 999 895 191 479 111 941 261 326 451 105 48 989 494 556 853 800 784 285 64 933 737 141 916 757 874 378 615 476 11 53 824 809 219 620 908 516 736 662 286 92 617 379 468 483 875 988 478 525 603 769 122
570 912 67 848 960 561 789 77 975 295 904 379 987 125 338 32 481 68 995 297 671 268 951 919 45 200 998 842 144 538 762 260 39 321 399 922 162 66 44 613 38 537 736 269 825 543 311 442 522 498 520 503 17 382 966 863 413 632 989 489 445 266 912 953 531 149 533 875 178 593 509 112 181 910 416 64 718 241 630 976 807 220 69 282 585 169 925 919 130 767 543 528 29 378 440 588 188 291 720 781
294 48 409 596 603 148 632 873 890 810 377 522 236 328 653 341 330 569 79 799 674 865 307 666 976 23 820 568 965 107 421 73 779 652 313 648 850 642 826 46 58 31 71 900 304 989 183 104 39 353 169 900 908 334 522 516 968 675 340 600 406 404 554 855 170 66 36 258 161 354 326 818 859 437 481 754 277 164 876 649 456 170 73 216 358 835 156 317 223 570 166 166 750 946 882 233 141 499 666 67
836 279 46 122 250 543 224 711 107 142 521 804 823 376 589 793 716 895 865 26 490 507 491 592 634 747 549 628 513 502 77 694 556 467 577 481 738 532 0 237 808 462 100 93 905 695 138 221 144 636 445 249 642 535 906 260 949 580 40 990 219 980 855 96 521 246 142 667 321 487 417 842 264 517 448 810 675 902 153 734 118 635 443 168 472 779 682 438 285 315 337 497 296 660 384 349 100 353 623 268
949 11 831 867 744 241 493 886 336 17 985 978 843 700 884 365 770 662 223 822 212 184 577 930 837 656 826 14 927 482 608 519 914 416 168 704 628 759 932 366 181 599 671 121 579 604 722 178 603 400 148 618 560 739 238 249 110 376 943 226 633 244 546 599 993 832 24 817 679 279 567 972 358 827 888 592 626 659 969 250 285 151 871 610 20 414 188 825 694 350 919 51 737 651 863 226 824 304 237 551
574 989 817 364 319 307 189 450 631 980 887 41 306 797 897 286 302 390 546 218 241 828 458 680 739 649 543 350 617 576 204 826 241 299 39 20 486 546 306 82 186 473 69 17 134 304 870 698 930 588 73 508 406 748 211 802 131 622 188 151 601 599 870 958 60 385 750 466 149 703 164 145 658 256 449 797 988 356 995 457 266 323 987 765 705 891 571 179 122 964 918 715 910 855 409 381 361 326 659 666
400 60 459 730 19 560 72 473 534 900 859 756 97 315 885 584 317 384 680 24 953 840 335 595 418 814 635 174 198 201 821 936 284 306 867 893 686 598 147 741 542 249 11 443 105 304 89 115 175 954 971 421 358 930 459 760 397 710 742 958 249 574 451 553 638 848 85 164 541 459 789 866 852 475 386 936 519 77 446 814 890 147 960 879 196 792 843 486 847 997 714 119 90 523 375 113 964 448 728 387
169 226 960 865 703 553 825 405 258 416 886 378 709 627 819 322 790 380 699 696 765 335 125 138 29 357 554 254 274 716 922 859 791 575 362 930 192 683 616 597 188 961 16 863 854 482 490 470 721 257 606 817 451 303 977 330 675 995 846 515 740 314 37 732 609 851 904 975 346 577 942 725 123 953 17 847 331 196 9 450 192 669 917 311 66 1 793 764 29 187 223 4 855 740 579 382 24 69 642 388
880 120 187 307 609 402 250 91 546 762 123 50 7 177 552 89 505 578 160 267 315 643 127 388 586 307 846 749 210 48 818 176 74 574 158 390 279 333 931 971 159 293 288 98 134 144 682 963 480 156 272 108 444 371 842 249 130 362 607 90 887 713 232 111 938 696 641 47 965 122 177 853 770 335 963 445 660 827 900 230 74 719 681 472 187 128 541 488 567 171 592 546 76 349 675 206 666 901 128 793
64 227 570 118 137 897 184 937 115 499 730 207 307 582 109 349 74 880 9 72 412 646 456 414 149 828 540 957 489 934 126 596 996 361 442 973 217 158 249 56 817 329 20 269 646 942 63 83 764 72 920 584 263 398 276 86 241 61 344 649 224 351 489 252 204 989 696 123 690 46 539 891 832 227 241 103 730 616 238 22 185 109 56 632 650 135 934 102 329 676 240 318 490 215 112 998 882 217 960 821
386 299 182 747 474 228 887 585 512 528 989 994 48 25 862 132 385 231 799 178 862 460 719 636 115 73 843 781 883 760 456 937 104 42 55 973 726 482 300 917 209 678 975 922 920 609 525 700 511 529 904 975 194 273 83 96 403 192 856 708 529 136 300 832 297 72 151 37 450 48 928 729 890 484 144 663 137 254 547 637 663 52 819 542 193 650 174 377 482 513 640 836 644 151 784 821 999 789 374 374
882 19 555 757 668 875 332 731 122 793 290 977 760 869 680 535 353 394 554 452 619 489 534 44 227 11 20 643 293 483 332 529 214 818 331 229 658 442 324 139 867 484 814 199 168 199 952 334 471 667 884 155 181 427 722 126 377 186 699 27 869 175 209 182 461 380 86 368 133 817 508 102 537 153 456 969 631 352 933 553 948 741 121 753 94 60 844 792 11 203 686 627 455 200 727 62 397 590 214 822
180 867 833 921 963 740 552 973 53 711 970 940 169 104 515 204 481 431 165 300 864 367 470 558 229 829 814 191 137 108 904 892 231 579 793 490 906 564 15 953 683 784 245 792 453 553 740 424 640 19 300 685 902 528 90 535 345 880 178 877 3 724 500 733 174 627 201 908 712 308 567 987 933 423 111 102 381 736 695 871 238 298 566 77 703 902 617 974 676 500 649 159 926 445 851 643 814 51 986 705
71 330 256 892 593 444 741 996 332 183 825 436 277 488 551 226 422 611 540 986 103 362 611 8 443 286 246 243 525 670 259 616 746 135 269 588 546 788 116 219 783 733 711 413 982 326 699 598 729 972 103 110 20 714 132 57 236 371 617 343 810 773 511 40 372 734 342 112 472 335 449 186 915 527 657 600 268 717 613 391 877 861 154 102 477 432 818 264 506 271 966 934 18 564 439 747 298 292 168 916
213 215 443 409 187 494 431 722 553 843 77 646 523 407 551 743 166 577 412 950 113 205 601 498 814 126 876 412 733 148 815 591 71 723 953 168 827 905 225 539 932 462 279 244 883 817 842 189 731 616 978 744 60 459 928 461 577 178 740 695 163 873 456 629 10 278 547 521 14 11 536 720 663 243 739 468 883 915 751 116 621 374 658 947 494 942 507 609 324 957 894 993 615 160 930 53 845 185 631 55
101 637 355 504 386 137 574 821 579 533 663 361 264 899 320 638 581 171 268 105 605 405 729 235 578 670 753 69 443 273 562 279 751 161 561 210 549 964 876 646 487 368 416 886 11 156 322 995 193 738 323 631 437 6 296 447 574 689 86 671 280 446 938 147 904 171 392 805 845 952 649 878 468 269 760 100 484 392 767 492 940 736 337 164 674 540 162 147 721 120 231 997 370 31 382 615 291 754 376 58
941 642 544 842 761 493 691 810 584 664 112 587 928 771 278 280 934 7 917 239 895 502 599 801 562 142 104 445 183 260 539 106 107 189 953 590 629 877 418 334 827 426 28 768 70 736 73 24 721 128 232 175 771 624 21 951 917 85 414 959 884 700 49 430 741 756 808 495 933 986 750 371 598 222 97 34 683 410 838 471 533 444 355 852 300 784 107 302 282 124 477 19 564 977 17 533 803 36 814 568
757 459 282 97 563 983 686 466 271 791 110 442 229 377 812 533 23 884 474 794 381 728 743 251 223 270 852 947 743 447 618 179 604 1 887 103 922 236 637 902 951 617 72 537 705 845 99 497 86 399 86 475 383 579 664 634 18 442 992 662 254 240 423 394 21 697 398 13 852 722 342 274 329 890 870 495 712 600 555 442 762 116 831 55 840 320 391 739 866 666 426 500 609 643 337 110 300 154 435 534
201 372 407 242 919 225 503 801 493 592 674 986 729 109 833 929 970 508 68 371 456 645 883 100 285 583 872 993 811 59 304 875 790 536 51 837 329 744 686 222 443 785 255 954 41 990 754 340 267 488 961 388 766 823 724 674 250 79 940 216 776 596 774 984 202 813 848 842 535 385 815 733 712 206 871 682 151 433 214 886 130 456 502 616 272 401 164 592 953 258 10 710 305 182 427 128 625 557 909 377
773 36 166 284 111 625 585 505 813 307 860 440 551 611 426 978 150 583 526 40 368 203 483 541 309 503 877 39 911 881 852 301 123 958 1000 498 278 873 129 958 717 559 964 284 205 573 806 283 839 703 634 616 788 879 159 436 105 816 616 259 198 913 880 723 386 900 316 866 492 839 910 859 533 298 610 675 480 130 609 235 915 98 247 390 382 298 401 991 734 390 170 637 523 23 252 667 560 114 812 358
453 607 175 852 847 321 672 581 876 881 398 695 614 697 370 3 152 283 774 65 877 260 339 633 997 522 797 569 80 703 997 595 162 364 591 895 41 524 521 383 394 588 113 700 228 76 795 690 199 438 953 452 310 880 995 573 748 41 867 414 84 592 486 448 546 893 720 957 135 665 340 550 11 200 970 281 536 264 371 429 310 401 684 347 796 223 462 690 22 837 290 238 207 106 166 454 511 249 411 307
649 730 633 632 972 893 184 825 231 134 943 485 321 49 7 373 205 429 705 681 438 242 37 219 244 358 240 786 315 59 21 644 441 264 802 278 324 668 72 929 358 354 842 329 165 477 865 278 39 584 736 117 992 845 719 179 95 747 604 528 579 969 272 111 68 528 574 311 923 830 27 897 42 360 341 818 97 193 716 467 99 210 443 321 568 560 569 658 327 257 268 381 301 481 744 892 394 445 817 432
115 37 146 137 603 759 459 196 245 484 352 88 700 202 600 396 524 253 237 468 4 645 206 331 52 19 75 960 246 336 598 865 37 809 527 530 78 158 506 69 907 853 241 86 383 873 835 529 836 383 512 605 697 400 63 347 98 4 315 481 256 608 278 611 631 397 557 377 300 470 537 751 967 672 344 212 427 387 734 793 986 66 647 613 27 92 672 159 879 814 654 415 255 483 482 100 459 855 526 211
428 715 267 90 597 417 283 780 653 720 400 35 983 45 986 920 702 838 731 505 228 769 926 562 573 667 554 405 588 731 277 562 467 747 404 731 307 981 215 386 165 4 657 922 186 387 436 223 253 841 569 666 76 651 921 867 320 472 565 363 313 801 573 103 5 36 12 258 382 188 561 410 993 957 307 662 878 216 29 123 874 971 950 45 88 722 226 591 737 190 811 43 387 768 382 320 646 276 66 795
686 71 443 801 168 317 538 269 139 552 821 5 960 298 308 69 578 203 73 281 883 607 66 449 205 302 860 275 493 916 413 96 766 227 69 545 956 732 676 647 607 543 555 123 373 441 414 757 353 342 759 394 161 250 801 4 701 193 736 652 167 261 871 630 553 216 560 874 54 896 321 982 402 404 857 114 516 768 806 94 94 728 82 571 452 828 443 747 516 409 866 705 991 861 145 191 795 778 498 839
185 171 219 335 64 598 562 49 916 933 780 383 556 948 969 480 986 265 372 578 690 349 91 958 620 683 262 284 179 472 242 906 489 274 779 371 76 610 47 760 106 147 82 91 370 206 909 1 758 79 356 727 194 108 701 339 76 203 53 586 945 469 467 743 37 66 629 66 533 679 566 984 919 78 290 327 227 801 414 604 496 909 943 64 721 77 634 213 809 187 26 897 963 40 572 796 633 180 186 534
690 650 835 2 984 747 759 147 193 897 271 328 48 684 492 721 156 678 530 536 251 810 803 817 538 937 890 828 708 595 39 58 926 375 621 788 114 467 536 596 589 726 929 727 752 775 113 606 489 95 643 912 672 61 875 107 972 395 758 442 888 511 808 312 389 248 468 340 874 998 597 119 957 166 207 126 20 627 914 310 227 499 779 697 496 285 129 521 476 348 179 680 66 234 822 335 225 381 567 42
612 651 488 75 820 926 316 349 624 957 943 652 644 744 664 956 152 904 924 662 329 196 331 255 105 124 414 586 874 544 257 257 215 195 393 944 954 120 697 182 34 983 624 68 438 560 388 24 390 34 118 460 153 604 305 580 430 997 73 962 715 354 365 973 483 580 711 521 616 499 567 781 632 820 703 361 657 649 442 369 672 672 580 814 240 36 204 210 53 92 613 751 688 899 602 729 876 737 647 593
448 930 381 689 584 324 279 466 762 711 765 951 147 518 298 961 78 66 640 380 353 730 305 601 985 789 641 675 166 862 357 236 556 543 739 833 952 439 166 566 782 709 397 208 237 684 609 80 886 562 47 421 710 311 499 834 512 619 296 742 619 3 338 489 743 602 257 380 663 153 186 316 733 882 321 388 454 727 666 563 121 567 783 970 599 663 656 290 820 355 320 172 740 842 35 721 344 899 587 789
389 129 106 776 448 752 459 932 611 187 954 980 573 1000 783 554 536 938 249 618 576 437 84 44 977 610 508 362 473 399 471 906 934 937 818 91 536 900 258 402 360 820 609 991 614 270 674 239 939 857 181 11 780 342 829 353 727 954 922 177 905 691 760 451 665 504 107 410 478 284 996 900 594 344 335 122 635 691 763 69 864 570 73 172 452 790 962 708 861 50 623 539 167 478 978 608 754 12 145 682
140 308 914 493 655 588 223 713 356 680 844 124 346 715 167 168 566 299 699 110 174 803 939 687 171 262 827 883 150 775 630 684 565 148 882 306 673 215 502 161 382 756 645 20 653 610 851 545 650 482 456 837 436 124 57 983 593 452 410 22 484 444 684 961 762 921 316 57 680 783 651 978 193 328 932 454 22 725 953 47 744 700 824 152 353 952 287 296 370 893 376 99 978 326 634 514 995 357 260 639
189 502 525 948 930 499 523 140 884 556 810 245 338 617 157 156 536 379 682 678 607 292 147 831 560 716 557 889 927 390 243 537 770 734 521 324 749 990 191 831 804 138 366 602 285 22 708 208 122 12 640 463 580 464 815 184 769 751 321 436 181 453 270 860 573 540 329 855 679 763 523 350 299 123 13 805 814 5 311 182 627 8 732 871 429 613 976 856 714 457 650 585 954 886 831 400 295 480 655 113
401 971 478 475 818 57 188 698 215 870 449 843 532 800 898 618 688 163 8 612 972 952 88 317 297 597 2 950 385 635 83 342 97 509 153 377 675 536 549 449 420 748 568 663 885 355 811 574 597 593 829 58 760 409 659 283 888 604 748 867 695 325 689 163 236 224 774 638 967 224 541 143 80 633 141 931 817 127 622 464 81 540 972 811 73 776 726 731 746 853 580 961 326 959 794 726 908 627 887 4
301 990 79 716 397 757 612 877 546 652 517 64 337 487 94 981 577 824 953 785 445 850 968 770 761 690 756 626 695 650 930 76 816 101 530 733 821 807 416 938 771 659 346 549 861 6 38 764 870 784 911 934 404 250 349 482 270 554 529 923 192 242 229 159 800 484 216 37 258 925 560 653 991 722 172 965 386 168 228 670 902 150 287 477 416 122 466 30 352 975 764 486 281 296 932 761 268 463 249 606
835 150 824 867 796 944 395 900 342 524 690 7 941 316 830 995 635 624 72 310 795 709 578 892 837 456 610 731 904 108 858 838 934 286 843 47 182 977 242 896 268 816 996 784 346 175 441 269 692 477 100 583 781 192 812 518 557 387 774 491 403 686 580 220 907 296 164 501 903 618 728 225 707 207 22 2 842 762 185 367 317 222 430 22 917 706 452 756 551 562 175 825 825 209 544 278 353 32 161 333
107 870 937 864 440 674 770 964 442 679 609 974 862 341 268 48 9 350 976 660 658 0 973 767 704 18 762 999 738 90 492 329 443 451 886 223 156 826 322 191 371 878 324 345 610 885 418 473 610 135 452 586 473 358 325 1000 745 721 273 81 306 474 648 986 421 106 788 899 675 852 324 655 1000 589 817 800 539 642 799 126 263 595 430 6 185 315 985 617 82 886 967 330 703 534 543 108 505 467 980 990
937 45 570 811 39 797 849 273 904 743 177 21 246 740 77 590 784 6 996 776 906 604 8 973 263 282 325 316 480 748 332 912 298 259 156 134 403 283 244 489 626 478 172 206 469 288 927 93 328 247 910 623 298 266 845 576 283 173 850 990 45 141 89 86 384 553 106 641 112 510 239 313 966 482 416 131 554 660 450 311 431 323 789 439 253 630 78 472 679 113 707 62 854 882 500 265 51 194 7 591
172 858 687 492 695 272 74 692 324 850 933 861 472 298 654 720 695 515 805 180 947 529 416 811 323 435 371 573 845 25 457 626 526 499 278 395 599 103 185 96 527 425 911 359 348 392 887 693 358 155 23 754 912 801 383 1000 58 653 988 723 364 319 981 916 277 249 587 898 351 986 104 557 567 900 207 746 284 575 262 115 588 255 282 401 628 604 456 963 397 475 119 19 918 754 945 74 492 803 64 587
700 478 949 844 496 523 600 489 876 61 131 317 755 134 919 38 263 25 488 711 524 402 420 161 192 637 111 383 569 705 667 538 229 517 130 48 504 587 628 787 881 4 969 78 623 493 640 113 70 297 102 976 987 60 118 852 322 442 518 39 998 623 393 24 428 764 479 597 773 644 920 582 29 240 613 48 538 331 35 661 791 231 590 267 25 29 897 129 615 986 484 734 656 752 694 293 202 31 909 215
790 535 281 181 524 139 76 276 973 775 415 185 982 923 377 503 674 658 722 934 74 898 273 602 518 71 201 927 194 175 700 5 109 478 64 430 782 314 654 277 304 387 463 340 330 950 442 723 177 121 576 143 832 727 832 434 144 662 193 961 395 635 263 310 66 557 917 139 446 35 174 281 400 181 973 345 146 500 269 558 588 983 338 332 108 367 397 489 214 584 691 957 57 573 106 465 558 62 75 388
206 782 930 358 837 527 68 163 764 330 347 563 459 775 850 833 287 359 699 645 42 593 914 339 493 690 51 471 330 103 502 610 548 386 751 910 937 993 420 620 906 424 996 239 947 916 510 608 32 259 284 580 514 554 270 921 729 682 186 6 931 507 720 853 775 398 771 139 759 840 594 504 420 312 965 384 758 390 558 191 685 204 998 956 40 117 20 428 223 967 767 119 215 749 774 507 270 533 580 459
151 308 993 79 646 590 326 85 86 985 930 353 145 776 912 973 414 481 584 652 511 766 969 45 69 376 538 275 327 598 806 925 561 94 970 62 41 553 400 425 131 836 421 756 872 509 546 186 239 75 58 756 902 466 422 139 607 235 618 48 890 229 318 3 734 75 593 900 769 744 362 26 724 693 111 697 530 864 791 235 229 438 664 46 409 683 847 426 823 765 788 862 931 766 32 661 160 24 913 384
622 762 325 302 347 463 834 901 426 139 316 690 50 518 828 764 862 480 311 621 391 415 722 129 501 143 160 87 3 697 182 845 833 573 609 308 131 130 106 421 260 337 363 592 655 721 87 827 137 834 510 145 95 941 639 873 109 480 941 290 720 632 537 791 329 234 25 312 987 433 368 984 351 929 293 262 784 774 503 722 786 549 108 66 490 194 541 521 700 491 574 225 0 807 150 785 587 289 901 167
280 553 793 526 905 42 537 986 536 917 338 291 531 680 440 991 730 264 488 690 260 463 85 475 684 442 640 106 334 362 598 399 903 588 530 836 119 598 153 895 798 708 458 248 928 620 37 893 922 400 657 692 928 577 35 954 87 192 226 913 506 227 648 297 431 108 0 596 133 78 65 967 65 385 122 377 521 351 521 244 956 83 826 246 862 729 219 139 133 626 888 766 869 92 895 639 919 20 673 745
799 703 101 781 178 678 344 442 679 992 224 911 881 69 950 58 181 347 635 931 530 434 238 572 811 317 848 635 263 192 940 81 801 231 902 410 935 68 367 663 14 930 277 525 716 811 316 391 751 323 873 583 237 327 616 116 846 584 368 61 863 621 123 675 889 757 964 974 378 49 11 647 47 134 192 472 510 126 684 725 313 741 350 74 885 429 578 311 809 394 168 199 871 318 412 665 340 559 13 899
866 163 599 398 184 323 279 66 776 977 17 172 657 710 973 758 396 32 363 536 138 600 821 574 591 811 548 32 378 837 67 435 932 803 738 297 853 778 481 811 30 813 890 942 990 990 717 52 77 834 877 449 752 836 884 624 737 450 107 912 154 209 458 929 650 506 442 59 290 133 942 235 899 716 12 147 925 301 938 709 364 785 437 176 716 301 726 747 922 473 132 741 471 964 657 574 962 553 339 274
850 749 548 344 515 703 615 269 129 430 275 1 455 134 900 786 630 391 434 439 787 700 959 39 111 388 417 932 67 415 919 617 984 434 843 768 984 127 31 60 767 397 64 646 31 250 136 97 925 704 786 754 542 804 564 383 4 235 2 963 682 643 275 296 728 406 527 176 194 608 554 942 528 110 320 597 64 782 39 908 485 86 84 585 803 115 596 348 506 80 547 81 892 481 68 699 553 603 189 243
859 864 83 804 797 687 194 163 699 835 60 614 528 27 574 468 675 205 819 951 681 307 339 815 761 823 50 199 837 278 448 296 228 555 201 514 640 769 460 934 14 608 246 494 789 123 792 26 156 797 541 434 432 139 610 39 872 241 664 729 628 315 302 269 649 947 535 466 289 574 557 36 833 229 245 95 957 394 446 563 108 305 944 312 607 467 602 205 210 391 98 330 217 626 432 51 176 306 184 414
520 137 981 32 509 324 396 657 754 859 898 571 75 767 932 592 627 871 228 775 412 650 379 159 182 930 285 182 399 435 192 708 456 385 541 153 816 628 191 368 767 819 673 277 750 874 640 360 975 821 243 958 896 290 49 17 255 237 181 186 513 927 681 697 475 144 240 241 893 113 675 6 856 604 429 217 257 774 70 639 688 425 896 533 181 349 566 325 737 631 842 647 220 320 15 457 742 629 563 706
462 86 199 119 428 847 324 462 732 582 367 13 393 315 84 362 19 74 217 591 989 312 236 920 162 112 741 197 1 100 993 6 269 332 409 360 492 642 65 161 708 621 632 305 899 577 295 240 472 95 786 483 479 617 603 84 808 112 614 498 181 282 921 196 294 77 887 292 859 358 743 660 831 443 581 597 567 505 180 450 256 312 404 947 410 45 140 815 317 636 578 19 961 288 26 849 863 287 546 354
216 386 829 170 121 778 778 636 631 928 365 279 679 688 157 993 577 140 624 536 634 325 795 52 596 712 131 653 786 472 695 550 716 560 159 983 440 888 867 303 499 721 363 392 19 536 279 158 390 472 379 985 93 558 669 921 293 975 214 951 677 736 955 429 855 831 525 77 102 918 793 747 606 679 259 184 865 247 617 605 938 899 391 217 823 309 176 464 300 270 441 18 625 810 130 289 571 673 749 530
107 934 240 782 38 441 59 394 683 155 303 369 685 186 140 612 528 868 657 21 854 357 990 970 941 686 518 58 451 869 488 490 872 402 205 701 278 994 357 932 183 17 400 512 590 868 628 327 837 686 912 180 428 215 240 424 77 984 638 102 762 215 555 132 517 430 795 398 675 143 321 402 236 988 779 39 461 126 789 44 726 956 841 224 839 544 241 150 423 859 730 800 261 106 130 487 497 47 400 626
794 748 665 469 989 850 123 299 677 544 452 89 361 620 762 17 998 213 394 457 3 245 977 976 29 711 727 989 283 555 816 669 865 581 596 706 480 213 620 629 647 114 88 891 849 706 786 945 689 756 559 60 591 582 908 258 765 910 695 5 244 813 130 95 394 759 817 157 229 251 731 15 425 71 633 127 864 986 105 68 414 130 97 953 634 27 989 999 151 866 541 380 977 130 445 541 51 662 518 8
110 786 308 974 990 275 990 45 333 524 177 630 994 992 331 783 483 906 876 875 757 816 704 660 74 962 472 495 648 744 395 507 936 521 759 718 192 179 679 769 769 398 839 38 536 310 65 210 944 147 11 553 789 40 877 622 488 238 370 857 531 679 643 911 479 90 922 62 256 757 719 286 517 186 538 923 762 597 913 29 569 978 646 713 839 808 319 18 164 103 645 772 213 654 44 31 453 229 409 782
673 505 744 28 322 618 612 38 924 365 70 575 829 0 239 134 60 795 251 402 330 57 762 87 315 985 705 402 102 506 496 549 145 874 167 234 986 683 56 454 139 371 385 904 855 214 385 806 798 27 608 110 951 302 375 532 397 477 479 841 423 753 473 479 101 114 257 111 59 660 864 274 898 724 716 850 509 256 106 605 672 14 861 6 182 847 194 869 794 91 363 200 699 756 808 867 179 829 438 60
163 439 780 861 884 507 158 333 771 143 390 415 88 150 135 523 387 192 711 139 833 307 974 340 321 36 33 776 392 960 279 60 466 925 547 620 877 738 455 180 980 606 633 599 669 155 205 19 135 555 735 106 727 296 472 612 24 304 218 816 527 925 973 178 922 873 192 803 69 607 500 242 958 175 597 603 942 270 152 146 557 45 388 767 518 746 503 254 775 159 586 685 892 960 866 260 612 807 833 531
560 305 240 520 657 122 25 698 776 559 722 491 66 824 368 640 664 580 476 720 240 800 101 414 303 992 763 835 94 640 482 205 323 129 857 980 107 910 748 853 788 511 877 251 825 726 163 678 182 289 900 224 380 810 988 155 744 321 944 358 953 606 672 783 921 796 661 956 941 39 382 824 323 768 238 40 5 10 796 641 437 626 444 961 383 498 378 719 779 65 759 325 925 471 295 324 146 97 525 817
12 934 313 768 459 872 933 563 328 713 909 32 935 569 218 819 54 891 188 974 358 332 705 996 726 817 588 737 767 663 895 880 293 279 419 321 255 956 798 48 448 261 176 368 231 68 87 5 399 652 806 514 325 807 581 808 626 255 159 188 389 749 887 284 302 774 674 177 247 916 412 502 672 240 766 573 197 772 236 251 134 366 604 632 594 489 517 315 858 243 892 799 478 318 56 10 474 896 473 466
686 2 537 759 524 416 863 0 999 812 934 968 168 264 200 486 575 682 396 355 8 378 866 800 96 692 822 953 2 162 780 608 375 960 380 916 670 650 408 948 144 982 182 68 935 765 718 858 345 48 11 745 661 508 708 42 592 766 925 557 784 647 590 97 255 328 508 520 410 32 416 724 845 397 499 94 852 423 879 58 857 401 559 940 375 864 708 170 444 587 860 148 216 206 953 609 607 951 473 729
369 218 622 123 799 546 722 293 721 518 491 995 682 523 572 802 182 734 983 577 679 757 921 107 547 668 597 284 522 160 917 178 331 809 596 468 285 667 853 53 615 148 713 323 420 703 33 222 196 706 549 418 566 895 837 751 406 202 976 288 204 183 234 909 599 704 288 574 22 772 588 265 17 539 43 455 263 129 658 128 352 604 628 511 526 557 880 346 461 587 478 586 803 596 61 711 861 692 563 756
662 557 182 807 669 665 195 260 793 764 779 329 666 694 543 310 253 367 377 231 978 255 202 995 236 96 138 138 455 337 488 769 981 655 510 18 146 89 376 772 22 845 196 89 673 476 673 512 296 874 948 878 655 896 813 214 439 338 199 160 852 239 459 976 842 232 128 588 68 831 966 894 277 172 868 53 405 523 410 857 813 654 606 880 738 811 977 290 579 536 725 250 949 721 569 124 690 630 976 135
381 392 819 260 473 237 774 900 696 764 391 611 794 269 603 421 774 204 105 442 677 208 779 410 889 965 974 60 841 129 500 527 299 992 913 596 218 9 252 834 631 59 481 933 304 240 291 854 719 863 520 372 761 916 768 588 735 696 10 518 12 303 963 873 513 752 861 808 975 982 406 896 979 945 50 175 250 974 683 549 101 168 615 236 794 886 403 733 454 125 12 286 291 278 999 22 766 447 342 246
425 462 419 968 929 875 269 764 802 618 492 700 203 259 224 332 600 624 875 100 77 567 161 185 551 670 683 946 4 525 223 795 423 966 15 234 725 834 886 682 0 601 521 611 421 554 968 630 752 76 880 50 812 13 583 167 28 926 148 22 165 917 595 522 694 620 209 563 245 427 357 779 239 886 873 731 115 429 443 989 535 528 577 756 726 167 644 954 11 141 278 85 870 550 11 185 480 407 848 684
793 674 794 751 805 790 48 357 417 593 349 118 669 520 723 76 966 784 325 516 563 837 188 583 875 663 869 944 314 162 925 482 143 915 309 743 433 488 4 265 756 231 564 262 940 675 548 136 470 88 554 235 840 920 796 22 621 55 33 600 312 772 922 108 153 124 180 523 543 782 164 764 781 821 598 908 339 37 990 459 694 320 736 491 328 530 197 759 353 227 810 633 689 872 318 321 919 903 549 857
732 446 216 32 407 550 103 447 226 978 452 394 859 50 867 978 93 331 417 255 122 679 309 922 709 385 180 605 18 564 410 493 345 255 267 25 705 959 706 414 962 613 829 476 75 601 187 833 944 694 137 254 485 404 7 378 735 321 949 356 379 582 18 72 956 261 994 743 427 223 297 270 604 709 762 970 357 581 536 531 493 704 714 139 398 700 290 223 463 750 313 807 653 287 522 674 2 432 419 275
483 711 232 996 54 727 542 26 296 580 627 664 101 905 567 632 869 168 568 370 415 436 642 458 741 690 296 811 295 106 324 750 576 497 628 179 262 543 840 764 370 994 866 550 791 957 420 442 510 333 772 442 314 549 464 6 332 753 123 318 519 413 182 527 559 664 319 458 78 368 617 671 648 22 600 207 899 173 905 494 389 298 831 708 747 788 36 50 956 68 950 698 893 462 117 577 188 512 110 309
141 271 339 607 497 513 404 236 296 725 238 593 24 178 192 585 133 821 427 422 559 357 4 447 749 389 24 182 404 266 689 282 400 166 341 730 766 716 110 871 322 974 862 704 580 794 78 889 977 200 815 502 304 121 502 605 484 928 623 485 471 741 589 619 369 910 125 15 578 306 939 757 172 30 282 136 954 607 232 956 20 175 589 890 100 145 339 826 704 27 500 166 171 530 203 414 917 58 694 718
241 286 574 739 243 201 558 822 298 898 556 349 40 884 100 522 608 740 64 767 542 258 625 133 283 872 478 194 345 920 416 453 647 219 549 463 213 77 821 855 641 33 643 290 400 847 763 813 692 313 616 344 719 362 214 964 414 153 271 404 457 552 941 840 838 219 441 528 11 961 561 291 600 448 300 12 271 68 661 963 83 326 954 612 91 582 136 727 431 555 101 867 263 878 363 639 793 890 553 996
267 331 341 488 196 770 944 894 48 600 149 543 550 864 976 325 963 604 665 444 207 339 884 281 718 688 923 33 509 743 958 453 254 50 547 78 95 674 955 669 712 57 378 50 487 127 733 843 967 902 174 663 453 182 814 19 764 4 767 321 253 157 430 955 922 226 381 789 194 377 500 726 467 12 170 818 175 41 690 438 104 432 102 660 998 206 424 358 257 936 213 125 409 931 783 355 120 143 584 134
160 362 83 707 502 331 213 420 211 319 583 692 965 432 849 152 30 177 613 959 132 689 799 241 889 180 806 870 978 930 496 553 564 313 103 818 357 159 381 338 737 804 773 94 425 990 692 944 816 455 987 59 779 310 811 326 204 419 541 798 242 753 156 759 467 470 168 724 130 963 513 58 102 478 228 568 812 500 554 518 970 386 818 830 10 819 50 769 289 77 654 391 770 508 18 241 360 613 312 95
740 323 966 216 623 117 998 374 605 9 876 393 965 899 679 86 546 176 477 831 50 892 909 394 14 51 953 631 745 8 899 265 88 683 926 878 104 268 785 506 914 342 25 840 674 951 719 560 497 141 233 625 979 255 696 300 171 746 196 991 364 368 688 926 216 55 946 354 994 538 818 548 376 938 820 778 881 65 724 901 651 872 328 412 553 250 55 410 205 938 8 24 595 536 116 103 944 544 666 539
203 317 50 926 823 425 151 500 710 180 509 258 42 661 208 331 864 917 120 842 120 797 569 147 646 401 195 188 420 476 757 246 464 221 773 548 482 289 171 3 679 655 849 561 950 137 725 673 569 129 831 876 590 768 481 163 687 85 848 89 363 615 530 15 955 593 692 174 615 590 58 215 284 353 606 902 32 916 303 425 547 457 400 581 87 488 551 901 953 241 657 874 608 655 551 72 134 248 998 373
490 781 480 895 870 760 844 914 576 300 762 166 799 563 236 62 756 837 68 152 320 361 493 907 973 530 134 656 200 349 909 402 749 588 835 299 537 678 430 338 279 312 701 141 180 633 163 187 255 659 221 687 165 484 903 131 974 940 40 620 415 132 99 799 189 653 490 747 979 351 581 893 896 818 976 115 814 90 355 730 352 691 868 529 658 358 689 691 989 567 122 97 383 834 672 705 217 158 346 714
491 338 68 447 240 513 318 734 218 28 153 633 45 646 573 346 830 131 596 632 12 468 768 15 131 491 651 104 247 369 454 806 361 66 954 392 450 460 110 908 937 748 856 61 293 594 753 721 295 271 614 830 847 651 827 493 186 787 585 240 798 995 735 690 256 928 492 109 766 191 992 705 839 744 536 206 878 90 353 317 312 481 700 903 141 201 223 406 905 185 788 42 636 338 67 572 280 732 637 990
5 59 623 831 773 170 854 362 512 406 39 863 465 623 60 212 581 106 895 97 362 19 627 408 326 453 814 886 389 553 520 985 207 400 595 180 687 260 399 995 24 10 145 66 629 294 265 931 816 196 902 294 18 738 312 597 119 2 154 813 484 702 821 30 774 780 798 71 57 237 805 420 200 906 318 755 989 911 51 194 855 447 310 697 850 801 726 452 313 643 49 674 609 296 368 110 203 325 861 740
768 851 730 356 501 13 170 243 101 90 958 848 519 461 986 788 1 478 525 569 507 244 930 709 725 683 986 441 258 445 852 541 835 225 665 764 652 989 954 548 487 530 959 775 714 478 589 273 878 472 228 556 80 714 605 985 483 412 229 976 551 902 52 697 610 13 298 313 959 818 474 887 749 518 16 263 965 718 453 770 588 436 666 424 434 922 910 886 572 553 543 153 845 151 767 617 982 865 205 424
950 142 303 129 541 784 817 293 958 141 785 5 860 126 921 511 372 485 300 83 891 731 582 382 634 766 978 102 504 999 912 757 682 171 918 884 374 181 938 425 636 10 991 108 414 721 307 725 846 663 134 283 77 785 380 371 949 673 744 730 96 168 228 34 265 667 670 916 584 896 691 287 797 312 488 432 430 733 314 777 238 812 660 96 608 719 389 1 3 211 566 440 274 507 460 435 600 129 907 964
738 270 121 905 404 709 964 200 155 691 699 199 361 769 672 214 165 501 703 52 919 792 724 362 641 225 213 906 489 391 789 538 772 379 397 684 158 324 919 960 949 556 86 324 920 335 802 811 564 570 96 133 32 157 339 1000 34 771 919 164 298 670 639 455 369 498 337 692 863 600 501 928 891 852 821 254 240 401 964 561 261 720 558 74 598 585 753 156 269 249 835 67 385 439 191 132 64 353 496 123
560 514 686 407 75 117 513 706 154 921 331 375 864 954 647 484 234 865 159 97 140 700 452 862 524 368 969 859 350 20 2 476 102 981 201 714 192 868 828 972 663 807 501 8 87 374 587 408 299 643 919 608 645 366 750 466 648 346 526 780 633 289 819 600 745 858 293 525 879 181 308 38 805 790 706 908 204 127 871 32 724 714 394 795 228 442 551 854 307 633 371 165 571 337 295 114 152 444 461 614
779 140 385 225 443 908 329 262 352 327 581 716 654 954 926 122 983 813 451 265 331 783 994 558 467 271 707 990 623 841 844 973 789 718 238 985 386 803 903 649 532 939 436 235 496 315 527 670 389 981 1 309 543 613 242 637 238 493 953 962 423 140 493 508 480 138 129 182 101 596 13 511 965 966 806 190 350 506 616 615 74 893 718 80 222 127 64 932 631 897 393 492 332 212 347 521 580 296 783 479
816 674 206 257 674 841 342 391 205 737 369 914 927 795 875 410 452 179 829 122 215 882 229 685 426 243 283 416 96 374 342 406 664 957 405 25 366 643 856 760 263 316 492 492 776 719 722 948 568 273 985 220 3 420 859 350 302 341 256 450 660 94 988 155 210 744 58 95 357 243 447 830 283 218 783 41 889 622 711 566 333 241 73 714 377 719 42 536 109 102 549 634 194 562 902 907 673 129 20 583
387 229 343 981 436 534 903 934 28 703 559 249 703 309 172 722 332 648 29 400 902 898 457 246 366 182 999 209 292 37 284 602 969 156 552 300 554 922 475 750 221 623 928 661 958 149 51 646 371 385 142 953 402 812 926 983 162 970 446 401 433 294 398 409 718 805 191 291 853 603 67 620 643 800 719 720 892 739 691 257 966 755 695 4 369 951 153 123 696 627 508 271 856 427 14 610 451 51 938 213
228 374 775 727 523 501 862 3 228 147 433 629 683 890 265 17 136 752 978 59 211 68 285 913 422 455 856 85 449 146 927 738 461 192 788 605 294 525 101 256 700 741 406 861 566 452 396 402 559 515 694 870 505 953 810 949 277 186 664 206 725 287 983 24 55 119 510 690 434 394 43 924 820 845 742 254 145 913 925 468 905 511 135 249 636 24 363 740 62 703 147 385 275 40 214 430 827 339 579 548
452 280 460 746 170 44 184 260 607 941 9 347 185 575 892 11 610 117 975 669 376 406 460 260 963 781 167 567 600 784 318 470 568 864 905 195 735 237 668 198 442 901 580 282 130 206 860 293 29 621 389 565 455 878 59 175 869 244 961 593 544 139 306 501 743 810 411 175 750 386 980 221 944 207 423 35 954 943 436 162 941 488 875 577 271 946 52 943 784 532 940 442 599 98 610 830 84 37 480 187
128 134 724 792 482 76 946 899 723 308 796 650 589 473 206 316 4 112 143 191 275 619 133 846 971 111 641 288 352 887 289 461 706 500 399 500 935 754 530 702 523 838 355 788 221 591 504 297 689 589 824 398 829 287 220 396 45 747 873 749 691 349 410 541 499 258 194 400 980 782 810 677 397 526 49 233 930 1 733 560 103 475 723 701 428 468 328 383 530 372 387 928 541 7 989 510 963 824 570 782
936 640 389 157 440 263 524 190 243 559 249 469 422 885 918 858 901 540 865 376 298 184 685 300 348 481 570 768 188 97 173 969 952 874 239 481 914 562 803 156 219 144 210 882 77 617 620 528 686 680 504 913 503 947 326 953 409 294 875 691 440 966 921 326 361 107 613 522 971 715 885 113 993 308 804 891 885 681 55 513 385 144 910 631 275 987 62 959 482 596 288 375 130 892 791 701 498 887 406 238
987 934 276 726 986 281 337 972 395 325 905 88 815 271 848 343 224 771 170 368 918 64 548 139 57 541 551 68 445 596 696 13 609 536 883 550 94 131 179 587 640 660 784 740 829 603 504 426 218 315 275 319 329 552 19 235 224 350 38 541 710 245 112 677 879 42 162 784 710 515 927 832 423 833 596 31 446 117 564 148 625 698 406 706 800 648 685 864 219 225 787 765 86 707 562 321 549 172 202 540
755 630 1 942 272 35 756 750 933 657 702 74 513 684 282 981 222 410 200 87 548 917 803 774 805 520 781 500 810 446 173 108 235 563 122 615 307 578 183 578 660 915 856 676 456 142 502 740 970 208 598 942 256 507 484 11 597 347 369 344 818 483 727 712 378 341 626 66 923 886 535 659 349 698 3 447 610 112 173 150 503 983 165 805 503 432 760 921 667 617 524 985 969 557 126 466 988 21 810 439
839 862 146 811 454 43 583 281 418 292 756 927 867 25 485 971 450 867 835 0 673 998 633 975 223 687 646 543 616 732 225 771 38 971 187 287 934 809 173 359 221 356 471 274 256 568 576 7 959 148 582 800 97 869 957 81 141 375 277 945 466 935 760 444 698 722 7 247 822 124 81 439 978 291 505 265 146 840 982 152 885 479 352 276 396 683 171 708 638 73 834 268 513 554 928 897 201 291 995 866
680 737 967 927 775 950 853 249 871 517 15 271 247 138 374 718 570 308 97 501 985 546 788 981 124 458 712 863 679 280 830 260 530 513 727 73 222 27 539 64 611 739 258 350 143 777 226 18 251 772 519 406 450 846 110 839 809 627 738 696 689 615 886 164 54 434 294 564 128 574 257 382 259 592 894 897 3 160 475 446 726 934 734 83 501 678 354 863 132 700 182 806 567 202 733 516 436 532 346 572
689 263 722 396 848 874 25 948 193 164 953 801 28 403 884 123 678 581 451 75 228 358 988 641 412 522 543 460 186 394 628 158 584 670 393 895 701 959 104 356 21 587 976 144 28 266 270 984 48 73 223 778 362 883 228 595 0 336 666 895 226 272 1000 815 432 272 123 7 143 306 849 182 978 771 938 386 10 993 580 222 336 679 80 263 19 269 261 873 70 278 52 49 118 831 207 538 111 955 623 561
855 153 308 439 5 363 318 775 589 278 80 797 820 896 921 317 114 923 311 247 500 908 245 628 21 360 692 730 800 182 810 850 205 890 910 108 188 266 400 146 988 709 891 150 288 233 382 197 619 331 20 420 403 209 383 691 79 679 640 961 412 708 469 858 535 517 711 480 865 217 439 432 93 80 160 824 973 471 282 44 396 67 758 123 435 553 60 32 831 701 599 299 267 857 654 712 222 956 750 423
905 130 348 462 196 100 730 570 676 267 81 220 974 600 222 943 261 262 880 559 440 835 64 340 81 919 544 343 615 595 602 758 969 550 20 793 196 386 708 324 369 132 475 554 554 456 721 789 192 950 569 540 86 377 818 986 895 205 135 608 564 903 934 60 330 920 183 332 685 9 633 715 276 565 311 465 201 683 558 433 216 860 880 206 532 747 596 246 701 766 380 202 231 729 652 700 686 300 92 680
238 56 863 774 458 238 722 826 353 433 138 48 806 328 450 98 494 34 56 775 299 278 927 543 949 159 3 962 198 762 741 820 165 187 938 527 910 159 760 310 76 1 280 863 129 765 360 741 916 252 734 904 947 115 892 906 633 111 577 49 557 588 242 114 420 222 264 569 528 222 793 404 223 623 251 470 116 521 862 67 569 620 585 948 525 396 176 592 65 100 272 138 532 327 547 299 92 309 508 772
845 943 36 467 686 895 926 480 187 322 227 147 28 419 125 437 9 73 252 914 549 588 26 238 257 707 100 610 910 701 613 105 215 22 66 434 604 975 611 776 484 941 818 507 364 833 443 751 336 613 643 199 668 219 302 640 929 92 997 703 990 682 131 710 730 958 846 304 687 355 856 898 686 846 381 788 678 878 19 485 22 547 277 755 986 560 709 618 342 370 374 52 332 647 173 808 214 179 298 447
730 725 377 852 591 794 715 576 287 958 561 619 45 518 463 942 260 366 785 425 371 373 911 771 810 374 216 475 544 549 984 631 863 555 369 15 257 673 131 613 702 63 500 786 8 919 2 296 435 125 986 731 239 162 722 478 71 436 157 743 172 71 778 241 545 136 29 735 557 122 852 120 56 5 115 467 471 72 942 130 253 39 186 16 219 179 391 376 636 853 507 683 735 424 805 253 27 377 583 29
692 841 9 109 443 459 265 516 648 117 284 806 142 271 209 802 182 0 124 116 942 776 700 748 912 376 212 243 962 23 416 274 80 212 886 519 106 388 49 345 142 915 349 889 416 647 19 881 353 807 353 592 378 828 416 20 83 21 530 991 612 706 461 502 209 132 249 640 751 485 405 166 571 362 175 42 220 669 142 831 200 551 550 319 855 245 504 916 417 813 546 459 351 417 168 34 935 156 925 263
43 123 669 272 112 827 560 921 423 443 580 964 635 15 362 183 758 826 689 614 128 612 707 340 967 65 336 211 630 404 525 684 718 371 605 117 10 172 804 129 0 505 895 488 467 400 688 681 710 300 369 303 900 762 16 875 178 886 135 396 464 353 745 529 161 125 847 819 650 666 919 846 799 700 555 439 871 946 507 168 992 753 42 574 971 172 610 814 789 570 90 758 101 831 444 705 70 16 41 426
93 146 53 294 946 201 591 743 546 737 441 613 880 647 38 990 842 135 280 430 144 222 656 662 753 349 655 628 376 229 985 631 201 903 887 827 446 912 398 83 676 41 415 740 60 400 537 397 997 63 553 531 797 870 280 662 449 400 497 243 814 688 96 890 912 705 662 782 748 604 279 12 197 451 811 891 226 23 882 534 393 683 949 812 865 328 53 668 573 357 399 252 118 679 809 642 801 244 80 806
920 819 972 168 502 67 19 805 762 160 350 530 766 289 126 556 779 718 380 761 630 161 467 234 828 558 994 734 617 846 670 62 633 645 479 50 784 522 609 866 383 762 704 347 216 332 286 916 217 885 76 642 491 197 83 845 339 95 479 327 582 979 142 213 106 25 396 10 634 542 212 608 203 816 25 722 601 248 52 802 494 121 364 229 931 421 847 326 472 744 835 150 541 30 167 975 897 401 431 637
323 299 151 892 643 735 630 962 986 987 162 376 710 99 333 914 605 260 575 996 939 802 744 874 628 29 834 452 419 560 831 142 848 584 120 801 876 409 767 279 660 2 803 196 215 805 760 372 141 615 684 314 713 699 457 476 68 164 68 964 930 215 27 146 773 699 764 506 499 18 36 982 230 272 386 864 579 609 414 534 570 449 506 78 196 518 764 668 50 983 183 246 450 614 22 162 108 889 806 19
587 927 470 410 424 358 16 699 396 420 990 145 382 666 272 853 385 910 91 529 151 37 569 813 795 229 465 527 403 156 962 54 497 814 810 294 619 162 898 14 358 272 852 993 354 337 605 133 117 562 964 195 657 866 514 321 308 549 84 229 129 450 892 888 363 760 909 271 794 717 555 385 240 603 904 986 295 696 319 336 556 170 218 689 922 184 44 782 603 108 194 909 972 563 913 161 750 754 418 366
60 874 77 205 350 566 831 963 792 780 121 182 283 433 838 685 204 188 275 156 552 420 648 56 757 856 547 328 363 300 495 266 456 994 585 350 774 342 962 531 229 293 641 118 749 216 191 400 464 982 505 415 800 27 291 579 184 826 931 50 340 428 415 293 270 781 500 827 182 721 895 352 574 476 735 227 961 21 242 40 226 194 97 653 973 808 379 458 517 572 820 681 616 578 175 242 364 27 329 950
843 902 866 35 828 487 13 129 963 72 682 418 70 902 688 403 196 20 685 86 866 568 819 80 11 971 448 616 952 158 395 999 663 718 671 960 498 174 348 951 760 236 744 840 394 203 964 533 871 850 341 582 965 228 23 746 105 456 748 937 487 213 662 340 980 885 169 641 715 736 769 729 185 495 883 385 953 400 879 166 815 344 789 548 575 932 569 129 140 494 907 724 98 319 599 1000 373 346 507 607
317 605 130 269 733 157 948 767 707 939 723 925 128 332 480 312 276 58 130 826 721 332 340 821 678 652 566 573 192 859 11 957 834 399 556 305 913 334 796 583 673 645 560 110 649 159 354 343 100 339 256 361 328 918 221 963 513 569 490 79 978 910 901 777 298 628 899 58 673 222 532 938 409 831 157 732 479 910 800 769 771 218 132 607 581 472 29 874 744 542 838 281 217 759 288 369 7 713 891 327
460 827 861 956 55 252 726 610 105 180 747 728 154 430 408 500 419 398 79 892 917 533 947 624 24 224 566 602 126 149 398 949 124 451 237 536 335 587 230 911 592 89 322 995 789 199 72 67 598 510 751 151 950 510 591 112 969 817 100 1000 775 36 714 422 723 603 414 139 21 594 696 799 51 793 369 121 882 115 195 283 577 406 411 635 110 211 984 960 914 51 536 37 234 632 738 391 933 106 427 790
68 639 234 569 148 155 562 897 923 77 528 219 982 625 663 172 493 347 673 180 717 390 799 370 33 12 295 293 34 912 633 735 789 194 183 554 455 278 8 115 480 471 685 28 342 90 854 612 890 682 348 453 441 14 343 287 257 945 1 414 990 580 996 480 424 841 692 339 627 137 434 894 91 474 820 313 522 340 800 756 905 599 74 698 733 63 626 211 785 734 155 432 584 254 468 840 551 555 495 605
604 945 276 144 21 633 28 795 302 884 511 968 513 401 63 659 263 412 908 787 250 573 146 818 929 551 430 70 283 976 834 802 911 386 377 897 518 149 293 295 709 361 677 227 545 926 9 616 447 61 573 717 821 679 725 241 778 246 399 64 206 805 66 526 242 386 990 996 264 637 473 120 119 107 785 973 931 994 930 222 684 755 433 714 913 480 172 948 705 114 888 926 434 655 154 781 428 217 187 769
643 561 237 249 414 235 702 293 579 620 236 350 194 338 964 362 501 864 827 952 27 453 494 833 1000 893 951 916 742 222 706 34 804 639 169 368 778 228 198 30 862 542 752 580 417 279 322 167 232 57 410 353 408 584 789 1 78 753 194 923 515 187 356 969 594 661 954 454 262 929 939 46 725 956 601 387 324 147 122 951 592 420 438 638 425 139 239 396 651 828 155 354 207 672 22 673 675 158 875 706
918 807 632 565 984 244 851 289 32 719 720 357 393 130 797 944 507 58 345 790 659 875 677 701 276 161 391 929 990 824 970 57 657 948 258 294 304 595 224 737 310 434 51 362 554 183 669 50 349 194 503 96 4 942 960 711 949 828 208 149 510 734 161 452 292 172 640 79 578 15 430 354 23 97 617 44 880 374 953 455 645 845 218 531 644 77 250 793 54 173 290 466 915 772 469 1 699 152 680 837
234 156 160 735 541 52 930 749 179 785 202 221 183 604 645 301 54 138 155 528 891 77 535 112 849 689 574 291 646 124 162 921 305 402 547 451 115 924 536 587 17 250 181 33 443 223 643 765 180 32 460 821 558 448 970 752 548 759 888 583 961 594 96 539 609 719 789 528 960 15 455 157 233 763 768 860 993 504 606 657 829 877 33 60 530 9 551 469 532 584 248 245 622 210 699 489 189 136 76 693
533 580 980 333 448 632 619 448 829 612 14 813 164 920 535 58 834 797 510 41 769 46 359 707 98 13 691 161 916 320 109 366 985 226 126 667 87 523 885 214 534 624 358 97 49 486 590 380 528 358 101 264 179 988 467 77 535 251 271 587 301 940 850 573 732 578 975 378 547 656 896 172 963 184 421 796 668 425 854 516 935 705 106 174 689 385 697 363 387 597 622 872 740 427 188 179 812 469 558 156
840 799 345 175 270 523 641 267 436 966 717 706 767 738 127 71 130 196 992 776 931 846 245 969 498 829 578 413 810 660 148 694 536 116 463 522 206 192 317 11 108 982 857 962 6 844 298 84 448 4 472 546 624 87 77 505 962 777 927 591 414 568 163 28 458 92 560 76 274 915 401 917 213 405 438 585 535 594 925 745 263 383 465 432 533 473 853 488 96 547 828 479 712 198 238 420 601 364 721 390
743 314 324 485 869 77 954 161 613 864 452 830 356 167 746 177 933 758 865 397 930 185 909 765 52 736 61 225 103 303 46 886 287 400 336 509 803 867 678 16 910 38 681 380 960 975 847 159 664 4 934 476 604 351 546 840 493 987 202 18 372 711 1 902 815 274 52 416 35 314 106 933 887 559 36 202 377 164 394 307 670 241 922 346 614 882 38 52 214 117 280 821 751 399 852 834 646 788 179 968
704 364 864 528 37 352 514 556 303 906 233 780 205 623 465 478 399 218 500 797 263 814 387 535 935 158 833 845 523 982 136 835 864 701 250 442 377 855 865 639 584 936 310 500 318 651 421 1000 411 813 130 558 177 944 787 408 782 707 267 553 361 60 512 170 372 964 838 72 449 208 436 979 111 900 831 203 609 282 185 499 619 503 223 92 686 683 220 261 762 780 452 17 441 603 323 975 14 786 228 46
722 234 418 856 98 437 528 528 143 84 258 981 161 864 751 593 752 537 834 182 416 10 24 396 665 783 662 845 437 705 444 291 323 764 129 501 848 167 783 757 541 818 998 225 100 889 99 278 274 104 500 521 160 94 558 388 971 475 696 525 290 997 58 665 867 409 519 86 287 58 696 967 423 864 693 611 500 863 989 217 504 851 30 788 333 208 920 420 81 206 447 511 610 912 344 843 594 796 299 119
318 710 885 774 652 248 61 993 542 64 212 300 308 915 491 70 349 109 934 49 667 345 250 681 359 774 395 867 830 789 760 793 281 354 97 938 958 760 521 612 867 852 870 330 4 967 341 85 129 258 571 94 84 3 269 376 654 611 461 525 735 269 617 985 822 380 155 79 509 287 82 542 658 283 853 718 807 778 929 172 23 736 808 744 366 218 613 473 414 283 394 396 644 753 978 303 800 860 107 947
365 960 936 93 189 41 542 5 96 519 858 7 607 43 833 215 836 52 332 297 913 874 701 765 460 19 606 911 377 672 690 474 322 392 876 182 230 504 49 603 808 543 936 364 633 798 829 217 73 705 131 477 288 342 63 682 260 608 922 639 626 623 878 625 986 876 438 624 791 872 680 41 804 596 475 530 558 954 442 506 102 930 284 826 22 269 691 198 437 870 652 545 794 326 320 259 94 117 484 621
238 882 458 986 120 992 672 217 746 199 530 696 949 219 531 964 519 377 101 702 976 473 398 889 884 567 783 885 584 233 655 663 750 20 190 795 796 807 835 94 995 908 543 427 435 799 337 257 149 307 685 493 760 275 356 551 214 221 558 413 86 513 374 465 490 650 575 446 506 78 965 186 914 555 263 320 305 54 392 612 508 490 939 55 208 343 694 409 124 6 627 87 221 947 495 365 224 451 277 234
433 729 109 806 669 119 110 420 363 365 944 754 551 810 58 38 372 254 443 919 817 904 438 60 590 894 1000 432 852 322 522 951 723 911 882 821 695 934 89 57 973 160 282 582 798 770 221 283 650 467 718 589 342 67 336 139 700 597 532 93 249 829 19 667 816 138 965 600 495 332 209 3 388 571 512 47 219 628 820 986 987 315 692 277 894 809 802 292 664 591 458 653 923 802 31 331 47 589 559 286
735 196 9 33 806 681 27 291 846 589 863 241 122 951 649 946 94 575 909 612 775 235 376 992 375 579 226 570 91 540 414 146 907 742 392 13 554 379 899 604 49 67 717 296 335 265 595 723 21 10 694 894 794 951 213 619 324 299 946 205 360 842 256 785 214 935 322 385 566 635 809 284 440 614 830 709 786 470 549 200 674 128 635 637 282 822 421 910 879 418 362 690 649 848 181 972 901 304 23 219
207 207 907 528 670 847 168 136 629 105 248 828 93 375 77 899 383 77 171 186 944 653 937 197 784 793 379 917 736 763 665 141 171 294 282 331 957 80 969 947 238 794 242 576 470 559 704 350 291 862 763 68 372 852 364 305 121 528 680 620 889 314 199 826 846 598 453 170 569 855 281 250 327 879 867 905 527 898 414 624 455 180 410 226 74 760 138 738 249 873 590 299 842 567 524 653 200 871 941 312
172 230 661 917 917 507 551 615 618 851 473 568 225 543 624 534 278 245 64 580 927 676 636 488 642 262 831 61 600 788 404 940 795 586 136 660 64 112 168 309 992 500 767 922 914 874 975 531 966 370 896 467 469 934 83 45 894 497 175 805 229 956 655 636 47 42 422 215 512 177 951 903 955 465 905 742 831 709 831 658 144 260 272 778 140 197 318 739 692 315 843 765 129 18 775 562 281 412 131 754
475 746 650 737 307 634 564 644 190 582 682 738 742 207 883 161 792 786 696 160 838 257 879 974 248 830 526 408 22 841 513 47 653 630 182 815 506 963 558 674 902 127 980 16 881 226 608 907 854 477 63 99 217 791 906 295 456 271 593 801 932 657 504 590 733 513 420 741 498 662 486 565 465 491 97 963 384 427 660 901 934 437 409 193 509 731 641 95 263 939 243 448 446 494 788 566 195 223 860 973
228 229 47 699 116 621 969 282 81 702 687 635 92 286 967 309 402 889 546 286 777 495 123 525 693 709 791 505 567 910 75 738 394 442 753 82 243 556 470 333 451 515 517 750 283 305 695 60 244 656 525 556 433 58 378 533 413 839 16 621 343 184 173 446 378 674 310 697 833 338 420 162 144 240 520 501 360 888 63 918 154 158 246 34 33 519 287 855 694 202 309 894 430 550 192 197 571 58 7 857
771 475 71 910 202 346 728 89 211 728 487 887 374 648 384 470 443 5 51 573 695 27 879 671 303 848 315 617 393 609 634 107 539 96 163 554 992 941 641 393 830 31 204 113 803 159 873 26 727 432 776 258 662 702 237 405 439 626 723 594 919 423 730 471 842 923 416 835 592 850 607 605 305 73 468 269 179 667 820 583 303 416 195 750 380 529 590 907 291 41 280 412 850 261 502 158 133 639 673 388
946 814 816 330 157 990 617 782 175 210 509 834 366 504 435 25 102 402 39 304 690 408 296 240 267 351 215 945 661 230 585 907 828 853 453 68 475 174 983 245 521 262 572 426 610 194 704 929 143 151 925 25 389 84 25 821 123 799 744 838 262 709 742 420 464 706 712 804 449 173 315 173 926 677 188 976 200 805 967 619 366 114 282 781 402 845 280 298 945 73 867 832 266 853 897 139 439 406 321 950
709 284 328 745 605 776 125 350 534 673 759 627 273 420 119 262 827 338 320 270 362 506 590 362 816 338 246 130 113 384 897 115 534 558 72 207 591 406 606 672 775 773 181 663 859 399 829 545 144 348 385 571 685 636 246 78 713 787 285 76 438 532 473 915 449 494 559 307 55 660 419 558 770 19 47 355 529 87 459 318 958 852 53 696 79 130 433 117 56 89 743 681 217 212 249 159 279 199 52 842
83 894 83 577 901 935 359 20 918 518 279 821 757 576 588 963 203 907 140 182 295 620 315 128 456 114 914 968 691 943 41 13 703 638 629 739 335 752 186 101 968 313 588 676 634 774 898 990 771 892 405 813 913 964 761 716 381 635 628 80 104 437 793 536 340 203 494 9 8 299 283 45 182 452 295 939 825 313 600 712 537 663 669 487 794 200 158 98 615 691 347 678 426 336 201 46 103 511 134 490
758 221 220 39 612 374 20 466 711 370 378 40 573 858 414 432 908 796 941 494 231 818 730 156 356 1 673 355 912 871 766 503 726 565 272 991 631 217 115 964 591 159 530 967 232 691 30 704 907 451 529 342 422 973 417 589 626 678 669 151 43 870 241 556 583 99 572 589 416 701 291 848 998 957 252 798 836 154 650 27 154 651 954 496 892 697 929 197 5 380 83 497 753 712 133 30 169 666 38 486
857 874 634 221 361 135 311 483 730 568 673 801 23 365 553 630 777 17 452 44 320 206 53 16 995 72 640 131 107 108 920 104 267 510 760 804 74 957 5 285 618 958 170 975 325 299 724 825 900 111 896 757 452 219 188 988 988 193 396 705 247 539 152 65 773 278 637 29 725 106 337 583 486 440 454 71 879 480 535 274 846 389 515 75 248 853 191 88 798 319 733 163 552 804 568 723 634 548 635 948
349 391 871 258 365 666 167 932 155 473 979 244 204 489 738 244 905 589 981 599 781 398 18 953 199 596 34 684 819 622 373 397 620 922 835 641 394 843 563 973 16 103 628 348 811 59 252 827 568 700 984 729 525 296 42 439 302 291 947 348 525 152 126 806 414 968 254 128 246 989 333 141 194 18 516 375 970 598 170 836 886 383 983 722 97 942 99 292 949 562 48 913 595 343 448 317 245 346 239 862
548 94 776 353 256 275 822 450 16 701 624 211 864 270 93 91 895 682 403 935 780 969 385 64 249 947 654 783 360 435 710 273 292 131 187 345 42 830 242 875 407 117 889 953 526 176 273 721 137 29 755 578 949 200 439 962 844 682 871 149 318 85 379 805 90 287 410 8 300 92 982 856 942 17 585 785 348 835 715 276 653 702 589 757 85 686 142 947 432 328 23 124 193 819 350 867 459 774 440 126
354 404 557 315 597 863 833 222 762 938 360 899 588 778 438 295 726 300 678 560 510 249 825 75 192 667 267 268 661 922 592 668 231 581 878 958 29 894 376 994 19 24 605 146 175 946 617 951 970 282 907 311 385 214 107 964 240 71 39 281 296 568 861 489 51 411 994 260 505 110 45 224 382 28 295 805 419 468 954 137 463 847 204 550 924 496 13 406 952 713 599 599 770 632 943 437 615 827 340 136
447 721 562 905 883 900 710 721 335 549 429 256 538 965 584 934 142 736 468 490 314 639 502 211 49 809 407 276 549 901 608 381 379 423 374 670 680 625 533 948 811 310 794 478 745 939 495 792 690 788 14 491 447 205 965 349 268 464 718 568 874 563 487 64 893 778 443 77 247 318 349 852 610 868 616 486 1000 431 487 884 591 708 478 77 101 922 996 726 211 230 397 383 782 470 936 155 561 83 219 5
176 284 764 173 921 377 659 782 31 819 567 636 527 556 66 221 235 907 295 611 708 13 7 502 343 539 256 767 899 109 313 117 960 817 683 362 451 347 639 857 100 734 198 584 606 153 376 282 300 407 171 662 803 969 525 818 645 707 827 512 953 919 397 230 751 629 610 786 929 293 526 945 958 615 887 61 513 487 224 457 299 659 542 438 477 975 792 588 828 106 824 815 160 111 493 8 212 630 155 57
353 983 679 284 828 493 177 868 746 83 806 960 150 299 526 168 534 576 180 782 544 708 594 309 387 240 94 193 568 970 389 141 389 348 568 130 182 442 788 538 437 772 48 69 371 918 354 274 755 290 717 860 753 698 993 933 941 252 507 724 40 903 648 807 488 943 267 365 738 820 472 906 306 825 571 801 682 802 288 792 475 935 345 390 273 644 924 591 588 253 491 449 207 170 901 564 185 706 203 44
443 909 507 198 244 145 24 885 755 866 954 717 374 636 606 46 445 119 390 637 822 839 0 4 159 113 729 161 769 210 903 451 543 417 451 978 124 989 454 774 618 238 256 826 589 994 392 551 553 505 774 425 934 225 484 268 878 156 746 217 607 94 926 363 774 546 47 79 263 2 843 150 975 18 416 693 834 71 443 474 456 436 846 888 373 552 35 886 929 640 61 463 142 341 722 965 657 604 141 288
49 129 417 533 255 310 615 42 689 708 432 294 454 627 941 852 581 642 307 252 83 687 310 927 432 706 348 236 799 855 187 632 216 315 474 785 483 554 448 730 481 736 259 61 794 815 712 236 914 915 388 583 697 189 766 193 118 330 541 150 841 965 280 427 684 882 516 688 333 458 750 163 807 520 360 890 480 159 458 78 180 741 699 100 732 842 580 252 18 515 423 935 37 735 8 253 163 568 805 584
857 635 485 340 471 684 577 825 717 344 853 435 529 976 135 901 872 419 178 884 603 851 477 884 269 335 955 541 27 846 425 190 822 344 436 818 103 563 768 19 946 404 953 953 677 815 97 14 783 84 105 669 259 558 754 843 951 799 25 992 146 673 514 169 515 642 228 297 225 174 764 660 390 450 537 796 955 585 881 313 338 799 442 365 375 650 663 568 784 4 200 467 159 717 703 350 356 256 503 252
952 964 817 779 512 728 857 942 800 383 105 86 831 952 567 492 523 356 219 887 437 918 203 982 350 36 291 544 990 648 249 784 334 977 740 765 744 523 157 558 231 243 732 220 250 930 454 552 346 904 277 776 433 403 753 319 815 862 254 551 814 468 497 383 689 626 450 396 744 113 458 468 667 7 858 349 661 170 890 700 386 773 706 954 933 454 162 574 112 320 289 159 51 92 738 177 362 937 245 685
480 521 328 483 732 716 381 403 244 464 568 792 620 51 851 357 386 207 779 376 583 155 652 215 592 177 18 96 264 404 880 679 477 55 127 262 142 388 365 813 552 349 855 656 159 870 239 187 629 547 977 515 84 467 153 70 599 298 681 751 103 621 753 459 662 274 284 23 4 803 136 386 853 370 511 229 311 241 945 378 321 791 120 187 460 260 927 404 842 602 927 651 643 921 863 890 455 350 820 746
811 55 747 956 957 193 603 601 767 805 606 973 90 231 710 54 237 654 431 240 775 473 645 467 728 342 269 131 837 547 535 218 139 971 494 802 186 4 66 590 263 689 822 175 588 134 207 950 630 537 826 94 265 616 486 26 647 439 620 811 585 538 737 240 694 463 268 381 382 584 76 574 773 280 342 417 622 604 875 546 592 917 147 44 803 703 127 51 805 908 963 613 640 782 595 75 334 25 636 748
742 323 328 195 857 339 172 803 87 881 437 131 519 613 335 187 713 456 120 959 664 581 853 515 395 787 664 801 372 346 890 971 644 279 285 236 860 243 126 529 708 820 461 263 36 50 631 585 982 905 69 923 975 785 545 664 474 418 156 170 86 37 950 879 835 322 551 6 456 493 778 942 64 143 925 255 704 752 824 924 15 128 215 291 137 12 791 786 8 389 272 656 598 795 327 423 878 733 127 382
807 505 376 429 901 797 914 802 857 885 810 773 169 738 726 370 163 143 596 285 235 960 557 609 763 352 940 578 182 786 433 794 301 105 503 364 804 231 450 338 852 758 588 910 953 583 229 599 341 16 840 765 194 439 505 549 760 121 24 313 283 800 927 798 233 827 614 25 137 645 858 716 464 322 800 429 487 1 821 195 949 184 107 515 38 474 823 775 590 62 660 333 278 534 995 915 555 838 73 589
484 56 800 696 663 859 806 780 666 55 761 708 290 536 523 684 747 479 834 746 296 3 96 860 931 961 261 973 170 884 476 925 834 253 987 782 258 854 150 584 444 882 242 742 248 469 98 15 902 949 21 78 730 232 163 536 361 309 280 707 494 152 837 770 3 778 836 82 770 948 970 415 193 342 510 21 977 327 951 484 841 629 604 529 891 575 976 670 459 350 997 793 824 741 223 393 989 593 30 262
979 929 45 302 713 301 619 282 476 633 818 781 484 549 959 0 484 708 101 416 329 380 590 83 482 232 41 274 254 589 449 493 940 170 8 888 729 387 247 15 677 91 242 45 402 274 517 990 746 971 65 998 715 270 302 683 289 283 992 578 156 518 276 965 721 564 938 619 467 484 23 767 95 449 801 646 117 412 802 827 976 962 16 671 1 431 503 239 269 464 697 669 311 806 855 69 985 704 402 218
311 330 462 619 625 879 204 476 881 633 67 329 619 942 689 32 463 184 404 876 476 857 983 207 310 187 958 825 605 719 126 327 149 390 121 451 626 811 61 957 693 1 420 974 472 330 78 422 849 741 555 162 870 112 325 80 182 702 244 947 692 328 896 658 467 736 44 309 9 852 129 561 860 243 891 92 862 41 653 869 549 175 676 763 92 450 213 901 409 964 196 360 964 463 302 514 95 52 388 247
9 267 276 940 958 394 780 704 988 921 358 23 121 349 233 894 716 428 839 609 798 337 728 224 24 122 291 997 606 4 615 857 386 755 904 925 345 934 941 463 24 160 447 908 329 613 821 169 473 698 631 660 703 451 24 242 901 670 582 659 859 365 100 375 901 303 60 515 459 754 117 992 622 900 270 962 358 995 814 249 412 554 190 415 64 504 640 116 619 324 825 585 926 955 151 783 285 31 385 540
830 733 283 907 385 237 479 149 264 110 609 910 174 638 561 298 482 392 628 391 185 118 411 157 222 372 367 292 93 560 508 400 847 705 642 295 303 985 437 521 912 803 815 118 226 913 982 385 986 849 778 735 883 785 484 760 896 313 699 174 950 312 839 440 214 991 651 120 495 437 370 76 661 283 302 806 698 585 200 20 555 950 811 228 785 22 518 856 619 97 120 240 996 507 523 90 90 184 245 759
593 357 447 37 928 15 862 769 351 554 974 338 37 131 443 273 954 902 938 29 911 694 763 0 780 525 627 792 824 213 444 133 218 525 811 275 830 976 135 315 466 103 347 535 456 779 77 219 962 81 966 187 535 942 11 354 246 431 493 785 494 540 911 266 876 827 924 352 46 111 967 373 819 830 392 804 408 489 440 98 760 567 960 528 805 132 461 920 518 777 913 461 995 707 740 588 524 228 488 173
25 942 794 827 101 209 208 545 267 461 638 857 298 569 381 715 535 807 758 970 768 526 796 835 914 5 416 66 151 539 597 16 974 353 191 929 469 440 918 663 926 989 665 872 966 589 233 859 575 379 187 429 88 864 254 697 537 858 518 369 521 487 459 465 473 497 708 370 485 50 494 589 650 291 300 318 626 235 547 819 392 942 450 915 953 962 627 908 533 223 634 945 551 244 729 824 35 365 784 306
931 221 179 88 639 973 802 773 490 13 276 657 387 617 346 60 83 916 841 400 389 255 804 22 968 96 28 428 343 192 608 336 818 605 616 609 812 41 813 610 908 332 917 882 531 343 341 783 242 21 94 23 615 995 138 646 126 752 735 692 325 214 511 78 48 115 263 106 772 602 65 761 642 721 337 146 690 340 143 721 786 999 215 617 722 283 323 854 544 555 693 334 40 752 343 175 380 369 894 36
421 957 635 551 915 640 212 736 210 125 241 802 707 752 275 202 910 619 887 822 100 548 53 842 650 104 644 245 435 100 250 836 368 867 738 931 181 267 933 27 986 170 279 573 409 383 871 624 890 573 614 860 741 628 287 306 24 113 474 683 21 284 938 957 706 914 751 160 192 627 366 347 511 488 199 952 433 230 831 272 940 891 477 374 798 588 210 90 952 803 73 167 881 129 594 861 865 319 635 92
610 169 401 641 317 969 966 11 973 45 438 159 388 885 939 512 568 245 982 870 849 231 877 690 145 870 5 162 433 208 208 206 225 448 139 442 875 409 79 546 435 573 948 821 509 414 647 777 445 509 997 863 495 517 971 1000 148 310 123 320 663 958 910 625 599 969 66 491 517 452 69 704 952 205 52 646 608 146 39 48 806 619 414 132 306 952 449 66 16 383 305 296 847 81 437 94 884 86 400 344
402 690 192 530 307 7 151 931 976 782 475 941 500 191 468 910 161 189 559 389 641 312 139 860 531 462 68 591 205 326 759 782 202 459 404 68 524 194 440 542 373 894 745 388 109 823 920 255 244 587 273 769 803 395 344 613 680 495 234 562 637 705 71 862 175 730 277 751 300 278 394 2 165 464 269 713 63 807 889 998 28 52 435 432 727 649 666 990 535 288 128 671 164 153 953 415 556 6 4 348
487 121 842 818 909 476 734 238 598 512 180 94 594 41 552 227 126 405 966 247 179 390 60 307 984 710 763 816 593 277 716 640 105 629 333 682 531 322 211 144 412 186 143 486 988 94 641 440 921 292 419 1000 98 727 195 731 757 729 675 586 349 702 764 912 211 928 195 450 193 420 15 185 928 549 109 212 202 204 260 264 779 861 909 41 290 767 800 25 692 742 211 118 680 959 199 411 140 275 404 604
386 676 325 110 984 458 157 686 544 355 576 887 542 389 276 311 424 204 47 22 740 536 758 280 578 118 186 967 988 780 628 98 542 605 669 321 125 100 29 337 386 471 310 380 74 139 790 691 49 110 826 287 879 427 623 92 32 74 317 143 232 935 350 747 259 749 523 224 619 611 8 728 452 951 493 400 751 489 287 937 55 580 512 598 43 533 367 446 502 243 189 936 509 959 53 859 826 422 194 592
95 226 122 367 635 943 618 33 10 201 739 209 183 667 697 219 933 60 211 22 518 508 157 286 251 497 335 665 316 800 957 892 359 861 140 405 352 692 125 319 77 25 606 478 698 194 541 570 405 689 246 964 522 249 576 942 590 790 438 910 16 285 1000 780 902 941 771 307 661 797 691 411 141 938 337 709 250 260 849 287 390 156 218 325 940 767 383 669 584 664 113 846 102 486 586 879 778 418 868 3
700 843 993 946 700 141 982 662 433 959 373 640 133 167 792 853 397 272 190 700 338 72 792 218 794 841 650 297 895 140 451 416 777 858 59 489 672 550 593 854 785 646 292 69 166 504 760 483 611 165 561 109 651 421 548 556 547 293 62 46 399 127 293 748 318 496 405 569 208 341 304 482 49 224 986 237 884 16 593 769 553 734 115 271 68 984 410 834 622 456 569 11 562 160 770 72 756 618 356 201
128 65 658 117 184 541 962 668 333 484 453 378 822 507 800 291 619 452 453 220 366 472 225 108 775 240 127 931 455 543 761 20 131 932 571 89 986 332 784 454 270 617 35 745 820 425 676 297 292 427 107 865 134 467 841 755 406 521 881 996 488 275 976 175 948 855 796 909 115 319 26 478 632 681 143 30 406 718 725 13 465 226 812 593 903 784 548 711 935 157 105 376 871 977 232 829 353 19 355 770
477 700 790 614 538 889 323 413 939 376 443 719 940 743 697 283 238 723 122 25 821 396 970 860 72 751 168 305 142 957 662 149 244 70 355 55 735 897 331 147 843 790 193 192 577 444 111 616 5 736 55 747 114 548 450 402 578 180 111 199 624 550 644 494 36 124 950 945 268 429 786 79 244 440 93 750 960 342 453 129 688 373 3 597 592 367 783 592 579 907 818 336 793 958 935 341 30 84 11 677
317 625 670 378 289 680 400 617 983 318 371 314 895 592 591 899 954 527 709 989 298 111 278 259 336 857 500 231 194 430 851 903 244 402 148 311 445 987 278 198 249 985 269 995 281 716 352 789 774 183 546 75 176 358 601 315 220 727 334 966 850 861 49 727 336 347 656 924 328 119 824 626 175 344 845 987 818 457 251 899 29 460 8 314 240 14 955 836 522 365 675 637 908 540 446 312 196 69 791 262
234 489 785 580 1 838 173 791 402 28 754 356 771 498 3 307 979 720 140 325 858 290 262 453 85 82 433 902 663 583 650 807 82 60 503 52 954 435 79 713 751 309 774 54 309 551 878 6 899 800 834 552 469 449 830 666 746 851 19 740 599 223 701 808 97 908 881 807 558 316 442 42 252 13 584 161 629 279 136 906 583 521 914 672 97 823 659 284 332 489 944 660 600 932 328 444 557 831 805 43
821 698 887 44 803 369 491 85 316 525 862 681 934 852 724 868 443 690 681 57 113 291 814 578 190 349 130 831 403 229 838 505 82 989 292 657 150 556 128 728 859 36 446 357 366 248 627 988 568 26 777 535 326 497 18 140 6 890 297 333 842 913 822 817 774 540 591 804 228 238 484 199 633 786 31 915 837 663 176 571 823 873 785 128 380 345 821 324 268 157 710 648 562 486 220 135 783 77 777 68
326 438 627 736 330 657 493 503 872 279 306 500 993 368 33 982 566 473 907 607 669 70 861 100 234 303 167 760 402 661 853 900 577 708 504 958 894 257 881 990 460 189 160 872 886 143 746 360 50 575 84 894 348 177 804 54 712 193 105 351 977 226 551 920 156 546 325 204 608 977 952 240 688 94 517 922 563 266 457 40 742 802 11 610 232 885 196 739 571 73 368 307 91 458 93 223 648 868 762 416
989 592 208 996 370 289 531 691 179 980 125 640 36 508 15 209 883 543 598 948 720 662 433 485 428 499 78 903 869 364 973 677 259 537 653 396 43 524 381 105 853 681 483 406 686 735 955 578 77 99 309 802 270 372 798 242 484 652 192 831 874 573 277 171 925 928 936 393 896 302 989 924 256 571 879 419 586 532 707 924 828 797 424 367 885 649 277 744 751 49 505 436 209 883 253 324 457 196 646 758
869 635 420 523 637 641 690 842 258 728 345 400 446 478 329 19 473 665 713 417 765 701 5 941 127 267 658 425 31 742 668 366 734 548 898 46 463 197 647 910 878 142 168 58 478 117 638 150 726 685 564 288 548 688 507 19 339 892 771 437 517 273 819 390 599 919 921 605 170 855 279 720 20 966 498 627 641 332 688 884 806 1000 890 141 641 648 909 873 960 52 913 809 380 640 531 511 283 163 127 20
966 821 291 570 133 188 483 777 829 312 389 837 600 579 651 481 911 478 726 808 778 383 625 585 624 892 524 956 672 367 506 645 459 45 786 33 312 485 74 875 510 509 926 448 176 581 225 380 308 325 34 740 719 378 541 138 420 176 497 200 396 87 189 184 158 17 394 409 364 268 535 339 927 156 656 776 579 496 258 968 202 81 284 705 3 489 881 570 796 46 89 349 67 914 732 492 905 442 503 12
541 92 731 712 317 718 105 444 892 879 243 432 740 965 716 279 662 183 297 643 140 781 561 479 621 779 817 531 2 936 858 887 338 774 971 789 869 835 741 575 804 458 697 581 178 834 95 853 638 178 432 96 338 312 394 269 874 768 451 528 898 740 729 574 369 993 129 447 119 267 700 424 429 849 942 741 515 765 41 443 112 71 169 625 161 934 126 303 917 643 306 408 433 578 511 534 665 229 192 260
447 920 763 774 881 156 613 518 823 130 956 787 817 287 794 153 857 64 351 433 50 819 518 478 80 328 316 381 764 817 825 448 668 915 329 565 877 77 456 718 994 544 862 955 2 144 107 559 338 427 402 131 726 103 0 152 947 521 677 32 499 117 719 214 639 29 759 472 266 881 917 393 296 91 363 158 157 400 60 282 538 650 711 778 623 915 46 983 803 505 904 387 402 622 943 731 177 789 433 21
399 1 696 64 527 853 849 713 480 819 900 311 970 35 206 873 206 1000 870 4 605 485 143 51 732 423 419 731 926 755 378 176 100 243 782 594 746 257 908 3 815 573 71 569 114 588 998 912 280 57 532 56 516 916 865 777 907 103 186 540 957 157 939 13 429 253 227 440 114 688 529 868 202 953 431 478 506 561 905 146 731 58 892 437 648 263 649 260 182 574 507 93 763 261 171 951 813 286 431 514
80 542 342 220 853 409 758 244 510 538 926 836 147 663 194 682 690 807 947 632 551 898 177 773 404 801 823 29 209 191 632 616 482 656 143 767 716 496 276 332 326 382 905 901 974 614 610 544 365 957 481 199 403 834 825 798 610 407 160 87 778 161 452 213 956 985 638 76 341 543 18 594 643 181 900 222 601 76 468 672 785 330 655 692 608 702 13 703 847 577 256 44 445 702 911 54 808 697 865 215
412 71 215 987 181 835 140 515 490 39 803 900 955 144 835 674 753 282 469 591 549 23 725 190 548 278 866 28 841 592 579 930 945 796 670 755 332 173 119 268 711 364 897 194 62 341 717 821 521 544 779 359 606 256 518 616 636 377 992 970 316 685 581 595 230 752 448 929 864 920 381 824 701 535 758 756 946 657 537 242 166 584 319 97 163 687 975 880 751 585 979 602 608 962 815 652 629 758 611 546
938 1 621 871 650 807 756 803 986 399 418 729 48 176 395 611 391 298 561 186 392 226 929 390 803 589 174 180 410 460 30 85 957 425 406 826 520 141 526 237 375 681 609 515 920 322 399 558 275 763 121 437 939 316 620 23 53 280 314 260 463 781 18 30 489 750 372 311 857 285 790 608 500 488 693 930 767 762 979 781 175 769 908 350 970 960 250 941 18 217 548 15 975 836 335 892 680 96 447 914
540 23 382 523 144 552 176 228 134 301 484 690 46 886 199 106 20 983 500 150 788 807 741 209 178 322 110 988 837 193 61 423 93 172 483 94 652 883 170 351 107 680 106 451 36 790 483 76 336 475 84 423 384 441 711 812 36 323 699 26 460 104 390 907 441 311 439 8 719 750 85 249 12 813 651 115 377 697 154 390 315 401 441 44 897 934 149 359 840 249 728 446 456 636 546 275 783 791 673 800
784 787 965 580 820 528 437 533 822 59 189 761 418 271 311 666 560 352 175 264 179 788 196 313 766 205 512 804 972 425 551 141 708 717 685 68 559 547 455 813 606 870 576 811 105 787 304 469 706 448 133 188 798 758 501 705 358 356 596 136 841 351 901 549 102 116 163 716 868 260 690 279 592 774 747 979 145 818 737 849 961 780 679 184 639 421 109 675 51 392 418 225 188 694 493 284 931 760 963 879
908 262 910 90 448 802 373 396 771 965 240 421 215 562 200 746 213 753 629 434 305 602 666 960 749 380 194 27 802 376 238 792 197 100 168 56 19 964 190 595 110 275 845 810 131 987 690 545 390 542 786 568 307 318 2 474 384 643 555 295 84 986 962 239 826 832 122 683 871 981 75 333 651 149 699 448 40 621 321 382 400 655 522 100 329 750 655 228 380 49 478 333 107 247 131 771 128 183 786 210
361 669 698 58 585 919 908 916 638 775 521 726 222 973 816 979 665 443 990 854 269 92 747 118 810 535 22 149 934 135 597 548 350 241 639 301 639 366 191 363 451 333 100 842 986 359 171 73 230 1000 901 987 629 435 427 874 343 690 96 216 409 20 986 702 796 245 1000 337 725 307 365 82 410 662 785 36 837 207 720 806 547 401 300 780 764 394 514 940 730 426 992 358 849 148 246 16 690 859 133 572
433 65 279 85 69 953 228 9 649 543 567 674 836 139 223 925 229 539 107 947 152 835 483 820 361 198 340 779 572 799 400 949 932 891 757 636 867 86 259 781 602 398 146 904 80 964 777 628 681 397 856 104 474 923 873 669 602 127 714 514 868 353 268 232 2 863 785 346 313 941 269 700 787 772 524 974 948 64 363 161 578 809 297 747 417 970 814 391 571 887 481 61 899 789 546 918 537 540 838 582
736 771 748 289 908 748 156 379 448 675 343 247 789 165 629 283 939 614 88 675 451 245 374 149 609 310 397 51 5 985 684 243 322 339 515 335 791 995 686 1000 459 282 671 804 285 38 686 357 888 705 724 311 272 183 122 766 716 727 677 584 897 538 512 316 594 358 452 127 156 382 345 767 522 179 10 557 856 28 161 968 723 63 215 925 174 436 842 566 126 571 80 57 232 669 93 62 125 976 675 164
818 304 542 755 837 380 239 291 456 71 994 434 363 887 32 965 444 564 489 572 222 142 338 684 848 982 277 315 174 457 857 569 556 293 426 143 453 815 821 451 871 738 61 615 272 489 939 871 444 977 431 230 198 962 886 315 113 851 343 876 385 448 208 42 297 920 511 834 817 591 299 523 292 970 465 22 59 418 927 797 718 478 20 238 535 855 555 662 716 198 401 800 702 96 974 153 188 318 949 4
110 771 686 666 614 106 92 972 564 779 605 622 915 613 615 260 704 311 740 902 770 942 81 9 669 218 152 411 356 732 953 924 659 359 184 255 225 478 227 516 777 658 173 758 718 665 491 218 855 725 94 775 526 244 412 31 548 406 499 812 13 780 680 9 921 529 313 761 282 505 648 186 983 570 714 283 119 516 112 991 628 794 136 575 979 347 975 500 161 11 757 34 314 885 926 940 378 287 611 400
929 776 111 398 279 451 405 213 944 571 612 862 885 530 509 618 910 119 20 767 211 69 137 867 152 486 153 836 704 645 847 238 20 127 819 495 239 238 752 897 513 146 956 484 186 20 750 44 434 279 51 850 768 40 877 66 477 665 694 76 605 225 794 20 388 411 235 775 630 636 79 839 829 387 222 500 527 342 592 407 298 433 740 755 973 688 289 180 711 557 784 333 216 415 365 119 666 62 100 875
109 830 255 79 586 194 719 308 229 194 289 362 957 628 507 552 89 698 858 855 887 839 444 845 710 986 213 973 174 183 805 701 126 610 567 225 633 523 483 898 167 79 265 854 927 461 160 711 194 275 223 223 981 174 241 4 449 446 374 476 9 55 439 760 741 793 784 869 903 346 831 223 950 569 904 107 486 572 915 464 464 982 222 964 248 193 735 647 397 375 302 578 657 337 360 670 774 643 190 950
553 517 530 755 529 29 658 598 270 877 205 181 939 739 133 779 645 480 653 322 624 134 763 666 560 0 395 772 87 424 126 82 704 389 274 367 645 189 659 430 81 886 758 83 363 235 998 234 490 708 260 196 584 853 861 633 701 637 950 567 809 496 818 909 924 623 677 402 492 868 323 50 99 265 293 274 528 721 780 788 935 955 575 661 735 385 229 882 370 873 246 365 731 86 898 391 628 219 881 943
665 362 960 364 422 555 310 18 146 725 228 118 807 198 236 583 630 991 161 90 203 901 350 220 905 952 843 504 96 921 627 148 973 437 673 199 168 386 615 15 907 375 864 380 537 44 281 154 745 597 417 73 178 140 69 386 103 74 823 83 731 408 134 536 175 801 682 655 240 53 524 289 788 560 611 55 32 3 714 878 616 594 690 534 399 404 567 602 404 288 271 255 20 447 713 747 969 314 906 163
926 706 903 637 337 802 398 944 472 565 231 492 50 217 142 599 115 56 909 515 905 162 634 58 216 985 270 226 200 94 50 459 955 237 245 952 865 269 201 189 334 308 523 493 306 130 757 294 975 655 703 494 860 779 239 981 363 771 339 849 420 403 450 769 798 627 974 519 907 920 13 965 958 450 98 733 409 648 626 150 300 892 396 334 632 749 632 872 815 518 318 540 36 988 17 394 226 546 274 124
676 109 413 626 345 244 679 977 333 781 418 743 969 640 999 362 337 64 477 993 481 679 194 797 461 311 461 362 22 679 127 880 585 163 169 622 254 448 70 723 105 602 999 522 623 873 849 713 660 749 639 559 362 174 463 932 641 21 291 641 57 244 271 184 479 543 90 273 939 168 810 689 305 358 516 507 439 531 751 863 292 870 14 9 63 357 980 466 949 18 240 739 546 175 481 106 891 765 892 792
15 954 258 106 154 87 305 861 584 250 547 667 139 90 529 622 993 656 632 403 329 215 459 552 109 973 119 45 775 619 201 226 959 244 590 541 667 108 47 819 967 99 95 470 745 209 604 397 964 472 126 868 193 276 288 129 10 246 167 148 508 100 449 213 514 813 150 865 534 326 109 290 693 988 818 760 861 551 122 897 761 276 14 185 737 872 536 711 577 314 579 771 808 873 278 818 817 367 7 430
453 864 618 254 507 6 124 992 101 322 394 4 805 49 302 360 781 906 216 993 687 934 404 977 258 499 256 399 528 723 331 497 31 918 533 926 108 239 241 643 487 593 50 271 311 151 374 859 353 187 578 875 0 305 344 531 74 416 256 970 276 492 21 648 56 655 730 631 319 372 205 296 692 945 369 899 749 313 861 356 726 710 639 551 742 111 223 597 893 567 313 352 587 915 238 586 218 146 68 377
505 562 624 955 152 209 855 656 38 879 633 22 237 22 252 116 100 197 307 349 433 101 0 807 116 668 574 438 909 589 302 683 517 407 279 34 152 743 61 233 875 278 858 347 958 674 160 19 161 227 516 855 302 65 939 85 32 337 442 874 304 129 314 166 272 27 370 32 921 497 251 931 475 430 349 319 927 210 712 771 160 12 585 718 99 341 715 961 266 150 992 79 376 41 226 909 724 499 488 777
320 921 737 31 801 584 313 399 557 879 525 978 598 810 747 79 847 628 133 880 936 540 875 11 416 707 503 158 361 704 854 389 764 25 600 521 256 381 574 954 275 218 893 685 390 544 355 164 616 786 367 906 146 569 189 109 596 414 68 100 139 82 903 494 727 41 904 139 53 835 895 315 539 694 374 964 802 208 516 375 240 405 378 114 58 206 177 421 19 626 711 745 272 771 958 570 197 622 42 977
214 872 232 868 519 1000 695 611 328 137 755 6 203 174 621 243 546 14 65 385 917 180 332 28 286 461 84 25 922 223 46 538 500 468 0 72 940 859 831 999 142 827 879 530 668 558 875 480 35 367 893 600 636 466 837 808 528 526 604 339 773 331 568 25 293 777 423 909 66 663 297 756 408 971 293 946 392 755 864 343 871 271 396 196 923 48 748 38 209 190 891 775 365 413 307 632 971 508 654 624
164 798 568 64 938 120 336 612 344 982 703 586 353 215 643 55 680 157 610 981 437 391 112 708 96 257 100 605 824 780 40 12 524 105 513 541 468 298 673 653 214 922 861 701 800 842 795 587 575 392 358 264 94 356 35 292 950 123 374 975 618 204 741 540 322 500 529 961 621 484 173 852 694 656 356 167 219 404 984 51 217 416 112 621 801 654 812 845 276 221 390 402 739 661 352 861 3 582 505 720
688 226 116 888 23 785 986 163 300 274 171 994 765 626 73 703 382 266 795 622 586 315 662 664 246 131 885 966 831 70 36 146 209 222 491 792 644 483 429 575 964 145 740 239 967 745 122 212 582 214 454 942 566 644 990 322 995 15 175 788 974 425 308 679 662 714 619 184 827 554 17 770 437 837 100 628 524 123 793 962 190 106 594 692 25 17 802 976 912 698 800 374 286 980 927 770 891 864 290 425
216 326 631 81 816 976 179 640 588 386 760 856 712 748 763 574 557 443 810 907 985 630 99 484 408 912 146 138 189 284 807 185 559 317 29 90 546 183 690 226 312 118 887 678 921 506 379 77 599 859 962 817 320 555 395 683 53 922 285 523 564 195 577 681 801 107 658 518 94 746 896 742 399 980 402 869 517 990 215 350 903 471 242 898 238 399 611 885 460 278 808 381 876 455 87 585 957 356 45 446
974 298 441 839 258 379 834 515 981 212 567 419 243 53 779 463 460 790 834 948 697 593 682 92 175 322 938 524 42 691 161 263 198 531 463 561 486 533 114 834 221 734 662 587 907 361 903 887 316 324 124 479 725 914 308 599 722 295 316 263 767 365 949 644 222 589 157 45 354 426 332 127 382 347 969 491 810 652 167 973 840 906 635 628 935 878 74 477 684 24 800 669 852 905 41 412 323 947 435 683
544 597 951 317 332 815 289 955 932 867 761 49 545 33 774 805 546 265 743 512 675 570 924 842 104 139 773 667 603 207 790 78 716 377 780 742 77 76 353 123 891 9 957 220 322 111 486 334 596 643 0 410 679 766 399 589 385 832 126 717 106 780 864 257 667 460 281 494 640 620 834 609 525 177 375 569 487 68 805 934 654 648 98 610 245 35 501 642 12 47 430 277 79 509 373 598 208 148 134 599
822 175 972 760 380 818 977 11 467 73 875 682 965 266 892 880 142 352 520 448 612 720 196 288 754 239 604 905 627 154 402 2 355 840 369 629 242 636 809 924 771 908 128 197 218 140 289 850 856 76 129 311 932 909 588 878 232 974 694 226 53 907 42 99 75 363 708 371 660 376 595 168 526 162 261 694 318 570 293 874 641 954 543 506 878 179 153 280 851 196 34 20 384 454 230 4 424 632 549 790
207 886 894 981 692 88 565 700 70 255 136 877 120 947 478 551 480 273 229 718 506 101 693 134 244 767 72 969 934 575 588 193 949 303 379 754 130 404 732 738 944 68 83 331 641 95 725 463 749 798 221 683 478 53 65 401 128 78 358 122 833 942 466 805 573 738 671 442 626 746 822 241 611 690 411 301 451 692 596 273 413 741 36 826 47 369 385 533 988 216 197 888 196 735 845 692 810 73 506 794
532 385 161 583 238 634 230 501 672 479 330 928 576 183 219 731 570 239 951 156 377 608 29 146 743 118 687 961 40 298 7 446 943 770 745 649 326 62 69 177 191 375 152 992 538 528 595 781 771 817 860 645 411 583 519 516 830 666 855 565 605 688 725 92 489 57 301 157 650 768 220 751 965 608 586 125 334 56 293 474 534 362 787 685 54 388 861 191 617 173 191 282 840 433 451 927 185 239 330 86
278 957 977 444 436 150 439 326 687 804 362 227 59 147 191 856 836 321 917 809 197 429 370 423 799 272 695 69 795 724 563 577 132 446 709 60 817 154 635 287 466 468 884 181 677 595 912 12 26 115 212 958 887 470 860 723 521 143 483 547 934 332 23 697 940 453 142 735 466 352 287 64 308 384 442 221 357 247 421 242 968 438 536 325 682 349 847 80 515 830 82 667 851 449 412 453 839 95 809 907
63 409 24 490 115 291 8 650 743 309 692 728 360 358 818 278 599 918 101 81 905 86 309 322 31 504 881 633 155 615 101 933 148 518 55 233 952 751 769 319 937 541 163 529 554 643 399 724 30 158 768 354 863 210 793 541 308 256 436 292 441 486 841 733 902 526 776 829 350 515 70 353 896 131 430 892 986 14 973 397 820 756 969 34 640 33 402 313 422 214 176 769 373 241 404 185 153 51 887 579
536 665 615 367 817 108 533 714 940 128 429 738 126 574 118 147 842 392 7 989 716 463 916 644 84 709 232 66 674 235 76 657 129 870 368 688 968 63 350 211 991 871 599 604 506 440 211 110 752 865 661 842 332 151 656 720 944 925 131 766 340 138 589 325 139 929 560 828 943 788 618 225 746 284 58 93 839 88 543 831 355 745 692 23 326 546 448 442 902 700 528 109 91 921 982 123 42 67 246 881
596 21 864 722 82 731 150 859 746 575 957 860 404 845 166 297 747 20 473 643 34 57 619 28 289 376 411 794 616 105 674 661 548 428 168 292 22 644 964 971 697 680 69 276 154 881 747 699 597 30 1000 829 427 391 374 307 709 488 416 775 250 175 522 388 957 554 241 199 113 293 916 464 189 299 908 306 180 633 930 58 713 933 712 724 941 748 926 207 338 21 782 32 811 592 473 19 477 353 635 163
748 620 576 682 292 414 895 50 317 101 867 14 709 129 579 732 797 59 701 125 663 915 845 754 510 196 796 890 172 433 292 760 300 35 557 525 948 601 512 64 238 273 924 436 604 640 19 552 469 79 179 345 407 165 477 863 597 613 398 631 137 7 24 821 991 217 901 924 28 443 281 70 546 975 214 780 423 933 927 37 722 671 242 859 703 154 463 464 5 175 823 486 48 277 476 14 901 521 747 253
691 520 672 204 27 856 883 735 409 939 984 98 143 750 946 741 48 819 153 775 468 306 173 510 259 26 636 117 420 311 761 457 547 391 476 772 915 34 511 518 316 99 883 463 877 518 219 561 180 936 239 965 706 603 37 892 44 779 207 525 968 484 28 418 75 101 563 521 191 240 250 943 975 999 932 237 831 623 0 885 219 404 118 857 146 935 338 127 780 813 574 77 236 136 235 15 599 708 74 670
220 681 260 564 447 88 144 321 279 171 413 565 762 742 790 94 529 972 249 6 488 722 126 266 736 655 520 790 849 562 308 324 133 370 436 251 666 173 732 990 444 778 532 201 344 565 919 739 489 284 904 176 569 286 683 998 186 840 781 84 231 651 207 358 717 874 378 395 105 690 291 612 23 910 969 611 171 904 620 532 736 773 426 164 825 865 361 410 683 857 819 917 118 441 666 89 883 904 86 52
761 669 471 610 170 618 285 382 837 517 725 335 20 784 330 153 756 423 791 170 219 600 307 507 711 909 308 61 163 61 620 587 18 956 750 552 842 426 46 258 567 1000 68 433 929 666 912 959 546 216 422 533 129 124 513 641 46 664 916 276 304 615 425 463 676 33 873 758 418 873 966 686 867 869 354 158 966 896 770 462 256 972 524 247 190 969 596 319 550 76 675 843 461 999 941 867 529 189 347 652
28 444 675 759 401 478 80 290 966 673 484 115 872 510 5 440 19 776 70 300 106 795 472 26 54 872 47 974 42 335 153 905 444 964 276 23 605 176 318 993 766 339 544 202 824 942 801 533 360 619 875 238 594 687 605 113 560 475 557 599 190 803 388 710 712 575 410 445 899 741 357 348 720 398 294 540 323 302 946 481 225 556 744 286 547 480 430 339 455 104 21 858 177 433 413 10 239 754 117 216
469 122 672 948 403 610 379 279 161 341 730 543 434 962 97 935 325 381 308 551 499 894 205 431 697 480 790 72 935 133 873 797 36 72 211 751 119 893 841 787 698 484 994 22 148 697 921 419 779 268 311 343 201 803 947 819 565 220 164 68 121 768 941 526 692 279 351 470 519 786 547 814 88 652 372 105 920 509 43 459 250 670 639 213 851 252 482 715 404 581 976 559 290 477 965 813 494 970 176 967
569 854 482 833 406 405 801 333 437 187 625 606 291 875 94 890 245 828 817 361 14 735 418 120 850 893 85 122 260 712 856 484 417 991 982 710 171 638 189 153 786 494 60 238 885 869 323 115 262 963 904 757 835 914 844 466 717 763 954 913 265 457 129 90 868 135 511 90 154 29 154 941 753 803 797 228 996 679 82 419 910 555 911 167 942 564 558 750 856 251 789 228 97 91 6 633 955 849 648 7
486 385 193 159 362 579 281 463 168 449 303 40 466 259 740 527 287 612 158 776 72 489 638 828 566 78 663 479 857 81 719 230 641 370 989 925 2 318 537 537 896 176 460 608 215 182 259 789 707 234 798 11 112 449 177 231 372 835 363 429 311 161 162 220 530 615 780 285 734 715 501 495 346 647 654 479 571 707 305 917 471 191 560 50 533 813 577 477 48 122 505 236 160 294 978 552 300 678 63 387
789 237 625 29 596 570 394 877 715 576 736 656 385 178 354 527 381 486 327 848 569 90 461 231 773 993 296 998 581 376 385 637 958 788 206 849 545 643 494 289 537 842 496 936 152 987 632 512 166 662 577 269 697 347 92 529 591 939 989 636 837 693 486 554 38 942 116 42 679 719 690 538 406 147 205 75 817 596 775 12 990 123 155 888 452 687 140 678 451 982 385 84 678 448 280 296 700 647 903 875
606 950 477 29 246 53 293 503 412 318 511 347 564 956 772 37 940 615 603 54 534 761 269 120 560 482 201 996 117 517 545 476 208 511 537 32 337 333 767 526 247 988 939 79 601 399 799 229 3 27 50 407 7 868 520 83 525 614 888 980 963 293 103 878 669 420 338 42 536 107 35 272 237 652 160 808 881 931 674 254 251 359 759 717 700 810 426 413 954 444 863 230 410 466 352 952 641 563 574 652
740 571 815 297 766 755 280 158 911 336 594 309 434 796 52 820 503 222 896 363 823 646 734 598 367 198 486 477 328 764 373 124 972 723 881 908 570 571 122 179 407 248 122 681 254 568 866 816 218 477 183 979 795 399 876 164 234 439 875 772 329 774 704 10 966 575 465 982 579 531 95 117 657 589 11 848 387 577 833 958 45 949 200 513 829 928 400 57 72 53 8 860 32 799 140 571 890 154 28 847
24 726 709 912 982 461 838 772 345 854 594 34 118 181 890 761 208 18 521 766 640 933 858 760 507 598 736 584 832 929 327 836 42 821 909 961 983 902 80 351 819 114 706 296 658 333 279 677 803 177 168 568 536 455 832 917 934 194 959 730 347 220 175 763 911 399 228 5 824 876 225 297 641 39 297 659 514 379 710 917 363 133 161 891 345 903 950 134 902 606 469 317 316 593 199 862 268 20 506 211
161 164 585 395 706 738 784 65 159 751 227 790 383 976 10 385 640 784 888 747 353 311 417 261 758 599 890 279 312 291 428 49 675 249 766 759 801 366 658 222 699 48 654 534 51 703 907 882 292 160 703 949 336 69 97 590 252 878 695 735 929 86 68 308 572 429 892 231 686 345 698 406 73 178 129 293 351 776 858 261 566 201 177 241 328 370 249 825 681 474 210 877 557 47 179 22 665 370 299 463
97 250 120 719 910 851 806 203 16 621 350 433 882 416 833 562 256 214 815 750 435 179 688 142 680 471 470 665 837 483 751 173 383 274 11 467 82 229 364 168 669 362 14 543 842 222 848 255 930 742 14 953 620 21 943 974 699 962 191 603 554 870 967 158 443 143 262 255 296 377 135 79 439 819 203 31 36 383 537 717 45 98 690 838 902 907 332 497 425 274 430 503 653 368 386 7 780 181 924 556
415 61 384 285 822 146 415 738 65 376 584 380 467 691 25 120 423 269 959 463 983 899 293 530 244 340 57 374 880 635 303 596 510 8 27 735 551 538 927 200 603 211 488 55 167 699 54 505 997 392 604 590 983 668 686 566 668 611 918 907 661 895 80 792 939 301 470 941 460 732 257 242 854 552 636 191 682 84 568 899 57 582 550 856 209 904 163 221 47 123 912 571 827 539 889 226 821 588 578 924
280 504 547 148 674 794 370 900 201 447 392 58 252 263 193 813 91 859 885 869 176 944 860 885 598 801 229 623 462 812 907 112 82 533 741 499 709 73 188 94 967 541 542 170 111 252 948 728 864 829 516 167 645 681 502 310 158 395 798 379 867 766 859 386 104 853 763 687 906 358 900 217 96 128 289 91 669 242 951 716 847 997 684 484 684 296 985 498 716 96 996 546 493 84 482 586 112 845 969 456
67 476 142 518 244 500 643 653 45 861 806 628 518 812 628 642 994 827 439 24 278 766 842 529 76 586 453 141 653 711 580 302 460 207 312 36 75 951 234 622 51 862 575 55 74 178 90 509 98 284 149 655 312 671 927 279 205 428 875 876 590 280 263 27 529 948 616 375 19 252 897 490 581 441 977 586 110 892 468 245 330 603 421 656 947 759 596 163 406 643 118 73 691 609 529 17 599 452 556 4
955 612 372 196 663 23 632 116 335 403 671 105 321 237 566 677 721 380 83 900 265 866 247 985 296 129 823 110 53 648 653 147 791 588 840 709 485 865 628 749 272 744 781 682 265 170 267 379 306 315 764 418 863 192 685 12 27 222 235 459 462 874 555 670 331 735 773 414 366 133 14 753 678 185 354 286 493 89 123 495 208 584 479 298 786 655 421 757 322 856 697 941 717 331 438 687 715 990 790 1000
679 502 128 353 298 458 800 725 395 847 848 224 535 291 529 525 154 979 673 953 274 802 63 93 134 730 265 97 589 973 853 353 998 278 376 915 293 359 834 828 713 292 656 797 748 753 951 624 763 495 995 485 476 797 694 131 355 266 791 928 290 117 299 626 861 207 900 100 224 988 590 619 550 664 924 473 37 694 98 719 975 999 597 220 897 154 942 180 550 917 284 690 799 882 820 329 724 333 310 913
630 34 109 387 821 648 133 493 236 237 954 427 957 488 722 663 60 571 137 139 424 792 645 197 793 958 288 798 903 516 914 41 766 140 664 49 431 18 619 598 473 771 308 452 517 402 269 411 346 419 19 334 67 796 228 868 875 441 504 71 974 960 403 629 49 23 113 425 383 445 156 289 263 595 765 872 889 859 571 125 828 774 200 762 235 16 239 373 994 50 375 296 447 164 615 156 225 38 245 906
262 233 611 132 785 4 133 594 771 759 64 100 401 707 439 68 739 27 201 775 366 133 159 174 516 174 303 955 570 429 612 769 716 904 516 95 772 548 524 159 851 401 803 870 220 74 830 990 563 190 739 694 11 922 312 284 213 907 186 730 260 372 339 677 584 153 819 187 673 691 49 753 623 179 212 386 673 974 113 214 110 964 533 435 989 681 777 166 658 656 661 550 102 995 882 588 370 867 589 593
384 351 239 901 616 161 307 681 46 274 643 233 422 666 790 330 957 911 284 385 527 925 407 700 142 370 630 468 660 135 845 693 245 221 249 125 60 337 559 687 488 399 782 553 649 146 841 170 216 100 877 482 890 104 709 352 555 377 325 867 689 114 173 900 657 464 839 973 190 221 835 951 270 651 932 437 839 378 141 664 577 349 85 435 953 898 761 648 57 293 415 852 318 891 355 523 413 568 32 905
969 441 975 602 733 4 262 158 601 810 918 595 547 768 950 338 785 941 906 855 681 353 868 80 471 658 624 670 936 637 717 673 545 409 164 234 992 138 805 746 435 408 744 191 966 24 653 967 114 310 912 781 637 486 147 629 1 882 637 375 579 906 871 576 944 582 786 305 37 457 679 221 319 676 879 424 862 708 982 193 137 543 380 649 280 180 87 221 443 307 289 342 213 579 1000 522 143 165 357 566
533 690 264 533 645 180 698 212 512 589 758 244 355 755 900 567 860 908 562 767 801 140 78 644 603 203 489 879 928 702 386 466 496 529 277 888 130 899 104 908 773 55 802 491 171 553 18 382 306 14 289 690 542 90 963 963 888 376 782 962 833 322 596 303 748 899 799 924 263 963 765 885 27 504 55 766 557 22 687 320 882 40 331 891 32 485 308 802 109 46 444 831 491 849 843 362 445 18 158 215
584 723 61 18 30 161 306 635 523 135 407 861 412 388 99 919 470 727 920 68 109 666 979 196 403 18 288 471 980 127 48 605 389 377 583 936 867 193 801 900 138 49 804 728 400 89 111 568 535 414 794 706 876 531 37 373 3 629 604 349 452 635 259 315 286 252 22 39 653 868 350 689 928 917 752 908 469 349 129 347 989 823 900 461 29 48 27 380 493 999 985 939 504 242 983 901 881 441 78 528
860 22 219 474 135 40 455 860 461 991 707 953 974 8 656 770 922 56 4 896 878 567 506 840 800 772 402 708 93 516 598 653 229 147 485 230 762 695 961 588 270 504 766 130 367 875 554 72 255 40 143 914 586 611 377 908 856 70 686 223 697 63 7 749 150 179 382 684 703 567 746 92 824 546 744 273 936 636 158 822 834 448 698 567 197 496 998 879 144 882 888 65 604 327 427 666 245 11 752 410
210 495 148 805 877 699 412 917 128 30 292 249 604 804 336 461 650 563 484 80 556 335 217 541 883 749 639 401 922 554 442 751 991 812 866 250 434 546 741 393 741 868 187 6 539 695 843 774 451 763 315 996 819 480 788 636 951 59 458 737 674 671 665 131 345 643 986 32 775 745 139 967 5 154 69 195 104 100 89 515 259 701 770 267 426 932 437 528 969 905 433 227 675 273 124 555 262 301 444 225
471 274 858 24 957 367 772 722 335 462 214 932 155 917 770 990 928 697 563 668 403 535 455 558 842 311 50 65 48 922 275 974 49 952 836 206 813 12 400 417 658 527 544 913 828 234 402 825 413 297 550 458 211 456 822 136 14 164 395 628 193 661 243 299 28 975 504 351 476 43 625 992 426 368 354 788 862 168 502 647 133 406 414 235 407 355 109 817 95 730 714 340 29 289 58 780 714 572 985 434
843 36 372 617 133 317 472 319 993 465 83 743 259 551 675 373 202 57 129 111 183 415 402 490 984 472 112 45 979 624 305 899 940 797 211 182 857 797 30 191 853 675 174 712 111 231 899 299 227 635 792 846 676 748 281 816 437 137 515 21 807 641 54 833 798 309 434 497 746 658 906 478 510 108 301 639 328 852 474 787 584 529 125 161 160 353 644 939 106 477 557 295 277 687 449 588 44 71 226 712
709 904 869 523 553 504 424 353 819 857 618 443 653 403 740 899 811 108 492 850 841 645 377 918 977 517 980 629 143 358 66 919 871 780 695 233 35 805 626 557 41 99 901 793 124 370 809 812 541 979 670 664 114 613 51 585 248 120 247 313 650 645 363 551 874 360 435 852 542 115 120 81 270 414 340 178 10 122 781 915 449 702 660 199 778 35 540 946 941 905 334 360 298 889 507 550 593 242 237 576
860 828 354 612 639 73 375 671 237 532 93 592 894 382 141 280 758 746 509 952 466 534 51 734 817 83 523 901 124 473 45 351 917 723 329 75 462 894 348 967 936 361 882 970 473 767 619 308 396 325 159 72 686 796 885 931 467 253 332 547 104 338 507 230 486 409 380 310 267 739 848 973 148 651 833 448 761 866 703 532 259 315 223 961 64 78 11 436 192 853 426 321 747 471 959 318 945 891 159 376
80 30 838 719 863 578 404 65 189 149 270 248 206 421 284 848 585 997 50 998 166 2 61 857 130 567 122 791 96 382 217 566 327 175 129 773 716 903 610 891 863 613 624 103 413 231 178 883 788 943 950 890 938 331 796 468 526 211 648 595 392 122 610 568 37 591 359 785 771 897 275 840 474 604 172 583 556 473 373 751 291 494 651 179 261 203 976 247 525 407 748 857 721 818 219 177 965 496 801 842
836 271 931 272 124 494 736 74 262 333 872 720 480 823 513 151 81 812 518 729 449 148 917 157 56 131 603 457 336 521 411 899 923 758 591 625 775 837 974 404 723 955 624 635 179 310 808 62 910 96 236 555 549 502 39 224 335 799 328 684 789 638 638 452 827 328 22 125 184 635 197 229 656 240 828 518 385 288 314 866 719 850 904 57 181 81 690 169 162 301 578 130 863 686 984 326 694 554 596 647
307 420 365 71 260 653 561 163 665 816 32 69 726 324 992 352 785 254 434 661 848 490 351 737 389 726 544 670 488 810 197 683 780 426 375 978 520 964 823 378 666 290 722 478 310 975 116 303 556 693 879 783 99 827 2 713 545 15 847 240 526 545 316 240 778 212 667 41 566 406 124 991 129 308 973 770 31 554 999 490 983 23 785 547 497 272 620 329 901 175 541 491 219 491 609 537 341 5 765 747
581 347 923 20 177 337 754 51 37 638 869 217 660 137 326 582 503 683 170 834 477 877 270 570 455 909 340 868 44 496 678 50 333 701 432 648 361 323 433 212 79 170 579 12 946 448 108 179 508 202 687 402 563 50 524 461 312 240 535 995 189 9 624 634 591 773 349 452 705 643 909 448 504 655 628 124 714 102 572 816 150 119 407 731 541 291 899 684 548 815 230 750 272 210 379 185 809 110 974 375
937 438 985 735 741 53 150 404 409 806 63 929 193 375 870 432 158 181 983 195 431 831 506 65 390 588 542 23 115 653 436 755 475 178 878 665 19 651 545 779 943 103 996 878 716 863 489 516 473 118 521 248 163 902 829 979 646 537 974 42 210 458 394 989 728 924 682 305 255 548 985 743 647 383 659 856 351 192 255 828 316 782 835 831 797 789 670 154 273 521 575 914 744 427 301 957 183 374 610 150
521 379 281 193 879 100 743 5 198 629 982 147 861 667 58 223 9 429 62 775 872 285 656 569 848 332 294 457 563 193 749 810 385 829 313 286 660 395 482 482 369 862 281 465 136 704 477 210 994 221 439 432 699 322 162 736 578 948 152 116 906 248 763 71 43 883 611 444 907 78 870 968 241 575 143 233 420 902 967 673 828 235 826 425 957 799 383 118 652 347 440 273 942 74 587 0 739 21 813 516
417 484 224 746 703 339 323 255 481 70 679 552 70 627 143 401 47 811 840 905 312 470 612 449 269 866 529 937 607 242 825 663 220 752 613 761 929 509 21 685 282 70 289 467 699 442 492 971 806 402 635 916 611 249 6 899 579 437 388 974 57 687 135 38 401 349 249 856 91 314 526 840 978 474 190 940 993 774 860 706 265 251 1000 707 775 717 459 268 935 497 247 624 705 219 734 867 426 744 43 943
39 180 883 0 142 339 255 736 778 329 863 333 908 193 561 468 840 423 287 942 893 483 913 749 991 838 946 928 149 551 195 630 500 904 922 611 994 710 649 334 270 847 398 973 610 830 820 257 734 332 146 566 83 708 314 457 105 802 215 429 427 751 201 916 29 535 515 925 566 252 624 603 349 344 786 751 194 710 376 404 871 944 876 406 960 461 402 808 968 714 80 700 929 158 602 333 957 850 132 230
77 109 899 238 793 837 762 910 635 161 780 602 214 312 482 951 905 414 23 161 974 36 201 943 541 462 246 414 506 792 159 909 714 885 615 770 191 540 397 582 840 661 114 861 293 836 244 683 263 943 117 830 367 526 723 420 257 330 305 470 669 256 892 735 746 347 723 855 980 741 408 295 963 381 652 126 764 120 762 76 319 827 869 299 694 36 592 682 486 126 286 707 784 358 830 72 307 679 216 861
501 490 310 78 749 745 597 769 592 381 231 742 654 337 15 689 825 341 335 765 331 929 903 171 38 302 172 379 81 615 887 691 964 74 494 203 74 218 572 261 272 829 696 973 126 561 230 996 573 16 797 234 809 28 577 869 94 50 543 931 102 910 741 231 66 963 532 545 347 193 722 891 785 877 288 745 879 302 137 632 779 425 503 218 970 799 822 358 373 165 378 658 205 638 252 588 719 867 136 48
149 794 153 253 44 216 402 349 598 756 725 794 83 448 706 399 857 813 660 672 261 82 750 216 67 839 978 694 204 894 621 531 730 43 736 822 194 493 104 932 872 922 117 981 583 709 698 794 671 425 833 125 775 796 479 566 740 922 445 520 753 99 471 547 464 259 532 304 403 550 574 999 413 267 774 260 525 296 213 535 674 547 447 61 644 653 915 304 831 473 391 102 149 924 895 658 994 628 740 866
112 180 538 695 438 259 381 288 270 275 919 110 78 375 300 821 536 500 145 208 59 762 810 639 271 865 860 121 506 849 113 946 30 574 22 43 995 774 479 14 29 458 760 596 202 15 22 5 487 796 682 932 505 49 475 248 94 835 543 60 301 754 992 591 324 759 718 725 728 948 923 348 781 888 368 876 98 717 482 408 696 127 915 836 698 349 796 942 654 195 24 553 601 718 271 0 34 875 558 888
338 281 998 945 669 416 865 395 62 665 92 373 255 868 128 344 34 942 657 185 28 660 180 719 747 820 952 519 361 974 99 531 997 305 993 383 939 855 256 643 221 811 797 121 835 89 120 228 536 191 505 752 331 82 193 36 266 372 925 673 839 180 944 903 286 691 520 552 716 538 774 972 457 495 128 831 545 937 941 266 811 885 810 812 143 531 179 779 280 369 107 444 294 500 471 148 445 746 343 711
206 81 522 620 368 239 747 433 7 333 288 871 686 557 49 678 430 989 158 509 850 690 254 7 448 977 995 323 129 261 906 938 803 728 8 313 866 237 210 921 653 406 234 421 934 695 267 593 209 779 164 698 675 788 624 108 64 157 715 653 666 28 252 307 663 672 696 875 421 161 791 891 520 561 912 638 540 586 63 863 767 81 206 13 567 25 618 430 635 2 114 351 338 774 382 86 178 158 867 356
714 812 433 808 267 147 170 345 138 9 409 393 667 778 932 898 125 869 574 892 498 843 546 497 739 626 101 29 14 397 941 534 324 776 378 629 360 239 593 16 185 819 905 797 152 117 180 884 855 288 178 599 43 978 290 271 582 861 217 60 861 104 237 103 875 628 465 674 205 155 637 516 910 25 714 189 16 750 385 940 531 409 609 105 257 588 326 153 529 199 724 271 868 320 830 128 884 271 535 304
251 878 613 829 53 139 453 712 259 323 16 204 135 309 197 702 935 149 286 616 792 956 672 715 669 86 502 22 125 171 596 667 404 919 741 147 87 726 802 148 527 633 797 646 893 449 184 93 592 181 804 533 697 870 332 129 856 645 835 163 243 149 339 541 846 460 693 5 950 607 445 669 224 692 375 571 498 137 936 559 546 612 810 12 604 602 100 454 894 125 362 472 892 466 918 470 865 286 448 173
246 889 582 394 911 10 27 745 137 183 64 305 398 318 581 940 705 744 95 971 14 492 948 701 120 634 276 691 943 286 206 303 950 135 869 296 297 86 649 631 457 77 52 652 507 332 984 88 956 248 228 203 778 439 478 246 194 208 834 494 389 77 162 756 841 903 816 871 217 925 19 707 399 706 528 713 659 583 590 420 108 199 914 31 926 227 191 908 872 163 833 960 620 469 676 374 286 741 761 371
223 276 921 754 293 815 675 337 503 995 608 944 425 755 193 234 442 58 759 923 392 708 559 0 701 968 555 286 341 414 402 522 371 616 750 455 777 240 390 59 490 933 719 687 639 998 241 750 165 70 73 891 839 326 614 967 270 141 360 80 358 670 614 385 79 476 73 420 182 499 91 161 77 238 331 337 24 836 838 889 703 450 808 296 363 404 380 772 62 983 392 603 790 637 98 876 632 778 253 204
643 503 520 955 466 866 518 679 504 320 219 177 616 564 928 581 120 820 146 294 740 440 678 813 458 396 16 344 703 493 266 501 994 175 660 199 103 1 741 217 474 610 237 725 148 922 408 761 919 713 706 379 158 266 313 549 39 353 294 412 47 57 19 90 511 0 647 650 180 68 133 661 942 549 961 941 342 411 747 505 946 420 924 889 775 482 94 550 486 288 899 686 654 42 18 457 342 254 27 315
632 219 134 515 834 999 268 466 518 98 315 455 730 764 767 244 688 769 323 730 576 479 435 695 14 746 769 495 519 727 745 856 770 930 360 156 366 707 172 2 899 311 982 873 756 764 734 397 328 645 187 231 893 711 768 654 817 99 813 343 710 316 320 103 807 806 6 989 175 933 1000 358 960 218 410 44 759 671 223 19 918 781 305 513 195 152 763 576 532 95 508 637 532 589 118 646 18 453 734 990
623 903 860 573 121 614 713 785 770 97 363 965 767 603 972 648 922 759 826 107 457 227 59 984 818 946 775 722 320 883 720 470 218 396 686 343 372 991 989 265 827 926 192 463 754 475 56 973 561 256 937 410 475 41 714 222 17 425 295 155 775 810 392 628 802 434 418 343 331 8 296 695 383 671 349 94 269 937 134 262 346 644 97 172 834 222 451 883 905 554 232 749 607 422 7 893 667 182 111 445
948 412 958 599 205 356 465 807 714 659 794 223 683 37 976 674 275 545 806 65 503 363 559 404 649 901 605 674 438 72 846 318 834 895 301 482 703 433 783 330 312 722 909 925 599 149 1 631 180 241 892 302 740 298 607 521 910 891 936 181 784 563 833 184 3 218 891 734 645 311 6 680 308 941 868 877 381 189 252 208 393 615 131 564 624 610 302 281 594 549 306 183 127 878 67 961 315 778 217 810
195 961 78 305 954 637 267 353 255 546 590 576 760 749 49 591 575 481 191 387 423 583 694 938 595 773 154 636 846 161 365 203 839 288 766 869 302 987 945 542 334 21 720 218 113 422 96 773 225 183 846 312 845 269 648 416 995 897 172 105 102 771 402 22 1 879 646 149 557 887 976 874 315 137 570 920 162 817 892 526 846 687 134 51 877 827 748 892 203 680 938 12 934 428 726 257 25 637 488 575
867 764 562 880 178 311 660 540 732 685 931 313 537 29 910 764 702 516 205 560 880 901 604 82 626 234 680 480 247 406 69 436 8 993 962 503 21 652 182 509 709 3 445 710 209 434 231 951 919 861 25 643 860 999 826 717 902 385 565 683 440 229 551 608 24 176 513 284 664 670 626 950 546 803 736 661 108 33 627 776 29 922 466 157 404 582 567 370 488 604 822 534 644 911 375 864 694 850 988 522
441 13 751 303 862 201 862 12 141 482 682 796 472 905 925 95 161 668 130 171 645 690 843 322 578 758 472 197 617 261 612 525 970 532 130 262 621 479 518 915 853 969 487 862 199 232 734 886 545 174 826 401 583 758 503 744 212 946 894 890 909 905 631 597 474 935 787 41 179 708 197 957 743 996 590 226 545 399 940 192 713 732 690 588 463 87 291 315 316 14 628 610 904 917 809 810 727 313 949 456
311 708 133 170 465 139 5 478 819 829 518 75 325 613 90 500 82 571 544 449 884 387 891 612 909 911 903 904 655 582 339 377 173 591 81 960 39 395 393 417 929 366 527 742 115 454 134 308 340 934 779 247 59 324 415 240 538 955 924 295 333 678 142 45 801 393 687 595 675 702 192 7 720 966 99 273 253 318 116 460 73 909 691 843 233 625 336 993 28 866 845 587 114 971 441 477 116 826 301 542
241 234 467 883 214 259 911 988 310 26 531 623 208 843 370 495 88 56 999 224 586 227 792 122 630 602 361 287 506 606 416 300 204 369 231 237 297 270 584 849 758 516 603 191 429 835 796 37 30 950 745 367 778 855 56 840 79 232 909 433 42 694 139 657 720 877 127 311 568 899 27 70 37 87 830 681 900 860 398 548 69 867 456 669 70 424 648 323 359 326 115 557 857 549 650 128 485 854 274 640
452 10 411 202 468 154 322 790 114 621 447 601 118 607 443 188 173 533 9 482 641 118 17 474 969 34 745 618 488 655 446 10 409 200 686 758 497 102 986 950 990 807 72 70 627 464 735 341 430 984 967 505 919 509 63 306 728 115 962 430 567 24 484 477 851 373 700 510 637 753 83 744 898 560 287 292 219 132 623 984 333 577 27 36 624 526 881 193 773 886 530 877 464 965 687 760 681 937 262 175
582 404 661 398 765 985 179 629 455 169 39 794 177 674 324 345 351 284 739 968 16 708 376 943 795 289 851 77 364 705 743 929 527 102 502 923 397 545 313 440 324 49 553 590 275 342 456 167 810 576 60 769 237 720 390 698 442 306 123 159 526 850 300 803 848 563 110 750 549 377 434 610 337 601 978 843 369 792 654 180 658 15 742 100 758 919 322 268 715 974 118 925 882 785 915 211 425 209 425 2
761 214 506 563 565 50 248 190 649 434 223 744 562 487 543 414 287 853 658 466 975 747 164 86 805 395 568 979 44 7 829 706 503 81 55 694 811 763 260 892 669 697 488 809 609 208 830 636 635 514 421 213 522 912 725 155 932 316 470 281 755 494 756 801 359 391 833 680 998 659 989 439 434 391 448 891 518 430 762 908 780 482 84 767 911 550 177 285 915 791 382 90 668 65 421 104 170 415 145 832
803 597 707 396 276 599 347 813 475 124 278 972 620 824 431 425 805 829 420 939 514 584 167 300 958 891 571 239 879 3 154 14 503 639 197 700 999 185 592 824 590 894 922 757 876 825 8 430 686 951 82 237 521 63 266 795 919 505 805 875 392 601 67 352 443 723 992 362 294 234 235 876 479 101 47 935 274 460 623 142 682 511 873 273 879 839 652 44 398 571 81 896 799 895 339 523 452 168 902 620
885 183 567 934 977 916 663 10 5 95 190 292 161 418 74 367 898 36 524 784 652 880 477 173 446 899 421 625 273 548 194 366 838 779 713 778 170 572 261 292 389 86 671 477 19 968 918 800 737 704 400 644 680 72 952 932 627 488 652 32 891 545 759 139 885 398 641 803 875 844 851 944 18 546 527 360 809 829 741 336 599 121 942 315 471 512 340 665 383 410 377 917 911 527 118 776 435 661 938 756
842 810 363 79 44 234 480 683 387 29 312 550 578 942 349 541 44 702 838 812 849 532 856 203 83 659 998 293 501 654 238 680 122 467 532 786 5 599 372 606 610 855 776 897 533 267 844 163 262 443 521 482 851 563 601 750 360 584 213 265 607 700 23 214 540 586 781 146 727 713 557 406 203 241 8 853 207 958 334 890 951 253 976 487 715 468 486 785 716 826 205 871 837 845 87 29 445 501 72 414
804 277 966 190 967 147 202 230 649 147 555 115 384 476 649 973 877 941 337 582 15 233 351 296 488 637 440 182 669 258 716 961 559 539 397 901 706 733 546 950 763 500 163 38 440 512 774 285 459 346 734 558 838 399 765 412 217 947 846 133 758 144 732 306 340 610 875 40 163 508 877 650 52 95 721 740 65 397 359 756 265 194 7 210 362 162 596 919 41 759 968 157 851 206 174 639 975 686 277 609
448 775 278 496 890 337 92 274 54 130 942 867 298 475 761 86 838 993 408 45 340 145 969 221 166 708 934 915 858 541 552 716 982 14 759 983 45 464 44 471 597 584 237 315 399 818 209 309 798 744 801 986 930 528 809 611 512 727 977 773 864 529 137 302 506 798 57 638 718 130 276 208 885 219 244 749 470 717 421 417 614 446 989 75 459 837 30 514 955 118 524 137 91 843 901 974 871 704 144 684
332 642 681 496 137 789 789 246 711 960 281 119 468 263 815 443 99 227 239 406 497 919 495 891 363 154 595 23 695 19 882 288 998 680 628 221 803 203 542 427 92 335 433 496 341 80 588 220 880 234 760 131 451 507 475 624 664 490 692 596 554 274 473 966 892 653 906 388 174 326 238 851 124 423 774 499 766 972 956 987 386 687 713 314 557 442 0 989 902 764 659 923 380 819 725 607 958 524 140 648
861 905 771 440 65 503 977 615 630 58 978 922 975 645 346 822 952 156 552 652 910 620 173 448 40 929 393 628 708 583 693 95 524 214 673 267 639 564 121 230 51 949 936 567 889 689 931 795 28 834 343 686 514 195 880 883 367 352 967 135 776 316 813 222 847 349 174 294 803 392 906 662 460 755 472 768 435 155 346 35 618 791 610 682 421 686 328 676 261 793 353 6 439 329 188 256 500 266 509 131
865 126 344 819 614 90 590 882 674 663 628 100 937 934 913 597 874 676 46 755 466 679 711 742 299 170 869 820 761 849 881 68 215 998 760 967 405 837 304 700 153 237 656 185 231 734 654 806 93 26 306 736 682 963 950 170 771 291 9 695 677 167 790 566 379 137 223 472 139 52 392 647 527 469 248 674 110 748 151 382 39 385 355 439 776 338 530 201 523 619 504 147 81 113 84 498 459 984 279 190
960 532 841 356 38 866 907 163 280 266 401 203 950 19 783 915 374 494 977 648 373 446 324 102 735 641 840 369 820 936 470 463 947 350 885 411 976 545 567 943 473 654 207 696 142 703 537 991 266 99 984 502 230 49 330 11 615 358 425 323 94 198 686 587 951 268 897 355 791 792 895 680 932 44 972 180 321 352 34 121 479 5 18 884 394 710 829 318 779 229 817 972 162 431 495 721 460 825 118 472
170 326 32 171 132 931 111 907 452 563 896 750 637 896 836 342 528 546 808 419 268 614 875 280 718 430 714 626 788 781 104 965 510 198 479 517 816 974 567 49 373 547 92 89 220 575 213 876 409 896 136 546 467 118 919 172 584 279 378 699 212 191 477 22 672 997 447 654 306 568 786 448 72 314 273 843 785 804 135 831 423 353 143 312 510 866 45 92 393 205 715 852 718 628 818 768 117 778 296 270
809 656 271 91 972 200 340 750 101 362 174 506 497 681 452 867 149 501 776 742 489 615 476 764 935 485 44 846 349 384 582 43 242 241 121 287 906 386 143 333 977 649 716 830 53 382 924 887 795 359 222 321 533 753 595 566 75 479 164 925 259 648 450 958 974 348 83 347 0 407 340 560 922 294 230 538 495 310 535 304 390 647 920 193 455 712 514 318 861 446 562 278 168 498 533 594 756 248 441 304
400 326 223 113 501 744 710 806 331 491 626 893 282 442 522 909 553 469 897 336 319 75 613 881 388 728 794 343 992 38 256 209 81 17 854 854 941 365 262 386 772 770 626 128 336 73 782 231 124 240 827 408 569 127 434 639 541 598 298 103 750 805 621 444 334 741 340 439 111 351 935 701 686 18 863 764 750 223 453 938 854 437 985 518 288 366 312 257 972 174 946 497 324 359 600 759 383 211 999 759
496 682 162 421 788 146 183 635 247 412 0 835 49 844 179 557 52 560 106 276 603 795 665 25 616 415 760 752 728 848 568 713 900 161 152 128 107 770 479 474 446 384 927 402 763 569 132 559 395 806 217 601 135 608 746 300 526 500 427 274 184 8 506 421 542 900 345 850 814 536 195 914 432 481 965 175 177 511 243 898 887 380 774 649 548 113 460 821 603 986 256 36 353 544 371 30 947 220 544 835
125 274 143 750 277 564 596 790 337 655 116 80 766 849 377 22 317 108 877 590 765 506 909 594 460 186 973 566 607 462 829 161 971 937 859 643 547 275 367 872 435 753 506 666 351 845 440 332 489 135 266 158 251 851 41 266 605 392 615 282 770 536 748 755 158 672 461 880 31 751 683 554 447 920 604 171 529 83 661 344 928 858 287 641 988 841 145 590 609 441 914 961 170 438 864 335 138 350 743 589
109 980 527 940 492 116 396 704 731 986 41 727 861 3 861 238 247 303 566 160 819 299 691 115 746 172 186 556 620 203 427 414 621 200 658 760 741 469 576 818 97 561 136 164 301 686 501 774 971 234 441 50 555 105 556 195 718 915 212 459 614 356 662 155 712 1000 104 511 795 769 513 777 200 447 742 228 433 949 961 594 808 315 460 815 135 442 202 975 229 51 206 694 319 948 292 339 84 639 200 771
42 360 905 732 908 175 252 612 569 706 263 917 159 440 78 530 278 379 349 313 56 196 592 762 84 265 344 557 873 482 176 376 843 976 748 84 955 472 404 422 48 779 575 469 310 545 252 861 47 691 197 772 313 41 782 946 224 580 228 517 343 504 780 920 975 245 868 413 436 896 744 645 57 198 946 862 449 103 183 696 595 113 485 42 922 212 451 13 960 574 731 699 5 606 601 467 88 818 922 716
458 575 331 997 622 17 3 214 962 145 855 402 508 380 28 7 834 835 488 1000 424 177 731 243 845 160 942 38 412 29 968 672 99 956 173 807 620 114 103 620 8 448 770 731 799 903 768 852 958 242 306 368 375 186 830 143 583 623 436 777 481 923 567 592 139 739 160 637 377 2 126 149 357 726 760 343 996 947 688 382 480 247 707 995 235 658 618 518 930 743 658 125 124 783 480 180 788 589 47 143
336 471 828 1000 402 958 61 183 413 143 181 647 66 186 926 787 437 238 528 274 676 821 555 979 355 928 0 395 567 135 557 729 592 618 151 612 300 614 693 151 891 88 927 911 890 530 190 333 505 921 425 905 469 896 428 908 777 846 995 440 309 822 720 694 105 882 350 178 498 362 305 512 263 397 217 962 205 908 656 832 860 112 590 868 91 804 223 560 402 497 459 548 80 802 358 245 527 640 367 609
108 722 445 833 198 625 42 345 772 232 299 28 485 954 323 84 518 752 258 69 415 75 39 799 921 607 716 672 327 722 45 723 469 176 420 390 655 555 909 30 480 481 796 982 695 893 70 304 299 612 807 158 384 851 804 512 461 37 869 337 849 448 157 239 23 970 551 954 582 368 801 739 411 832 262 667 117 277 846 518 160 858 12 537 16 61 569 465 0 625 46 655 964 860 484 777 560 547 353 270
531 949 113 854 748 185 563 524 288 379 326 674 849 175 945 230 18 519 264 935 455 367 896 301 422 821 842 534 126 854 831 450 703 948 99 110 834 879 605 67 482 416 495 835 211 853 195 558 759 638 432 632 89 119 21 832 951 579 874 860 294 493 900 955 574 876 249 761 722 679 976 608 12 233 107 700 274 542 67 529 989 540 690 772 415 73 538 876 396 769 884 372 902 538 572 100 409 918 470 182
200 690 613 447 941 636 602 653 770 313 356 501 469 214 173 698 893 703 926 826 60 368 47 669 624 796 264 741 503 320 50 260 837 133 44 926 921 568 238 528 994 647 173 853 586 788 501 478 398 484 954 775 972 230 685 970 749 440 480 111 749 339 943 59 392 0 749 602 281 581 956 627 947 137 403 741 839 222 897 634 457 477 773 343 456 33 830 990 256 501 832 346 387 682 114 610 148 832 986 993
450 177 971 323 63 281 278 718 494 475 732 529 127 550 934 393 236 579 710 266 171 80 864 8 826 731 581 488 532 125 165 525 332 92 256 399 211 529 70 233 474 713 177 837 203 310 167 70 641 575 166 312 109 27 201 885 226 17 169 673 502 994 319 567 281 213 818 135 141 890 841 530 302 415 254 319 409 828 776 27 348 207 460 212 270 682 672 801 602 167 140 129 192 868 500 506 957 950 909 752
134 563 239 114 644 666 429 805 453 759 859 235 665 638 448 817 749 388 844 446 178 143 300 212 769 70 422 542 646 305 906 950 199 170 957 605 459 119 264 746 188 609 411 182 355 920 676 836 393 198 580 126 286 409 72 866 480 115 774 312 177 859 49 772 720 902 554 806 675 222 350 969 813 756 559 284 932 214 219 960 58 737 232 133 876 19 141 127 828 198 860 635 90 580 208 711 548 221 564 582
849 463 725 109 621 808 610 335 235 49 182 43 326 184 461 167 906 74 398 533 851 540 894 240 790 712 211 523 149 980 767 957 701 728 52 842 457 159 144 443 652 774 374 278 343 488 182 637 659 846 437 134 895 633 73 202 360 83 919 822 29 794 873 386 811 547 80 783 159 25 922 634 27 266 127 896 64 992 304 0 261 860 738 948 673 892 171 241 571 817 916 802 629 324 514 724 159 138 451 156
839 217 864 292 220 585 524 727 75 132 544 829 754 752 260 425 988 564 495 55 362 318 473 450 185 646 24 612 592 511 255 125 988 841 885 176 634 445 789 484 708 932 731 694 977 328 224 911 13 769 703 684 478 188 194 888 595 247 660 337 146 77 699 317 997 978 303 653 197 466 930 975 672 534 779 403 179 526 182 527 181 341 677 685 848 550 929 545 693 490 739 336 442 987 695 462 41 633 732 209
764 487 783 279 373 427 118 422 50 384 752 883 742 312 566 195 300 327 167 655 699 349 738 312 354 81 636 480 734 648 180 772 223 525 499 985 796 646 417 238 996 398 226 767 469 840 814 788 719 737 616 465 680 694 422 130 148 276 765 248 341 691 25 316 141 586 997 864 613 606 254 821 721 574 181 421 971 645 307 586 596 235 126 629 409 61 149 801 818 724 603 347 165 706 721 264 558 877 271 605
631 207 287 523 794 977 888 720 335 179 413 741 773 988 976 150 644 420 299 799 652 253 605 232 302 649 951 912 973 926 591 565 306 712 368 554 853 67 717 376 336 278 525 847 624 408 74 77 67 265 230 530 229 305 404 76 350 236 503 324 286 814 27 901 697 301 452 469 425 538 796 788 607 250 822 792 811 109 792 875 595 604 805 135 465 443 84 900 945 614 974 841 813 396 608 838 683 98 280 962
256 116 217 588 709 248 960 893 735 709 244 627 706 562 879 176 695 967 539 745 160 669 356 485 339 369 480 877 807 814 759 498 852 22 372 63 657 727 311 94 719 319 479 998 205 619 480 281 232 658 914 864 883 290 763 3 125 966 999 395 594 968 979 967 875 129 933 827 684 395 886 460 493 356 159 961 576 436 219 748 10 302 586 25 280 581 202 260 495 575 512 228 423 126 837 561 407 883 84 399
389 704 958 846 836 736 443 117 187 770 423 500 870 755 174 244 257 729 858 675 659 981 618 465 839 148 754 684 891 862 24 183 813 967 757 468 687 817 936 542 897 351 917 893 894 759 221 197 601 66 792 181 670 356 170 513 961 838 943 216 472 831 914 660 444 10 384 183 649 804 904 474 260 80 465 365 137 891 140 367 375 295 751 691 319 743 778 173 450 263 416 395 427 271 530 976 311 338 493 408
345 797 915 806 9 99 558 282 389 878 695 481 47 772 751 795 382 470 233 793 329 273 993 144 554 369 490 806 429 706 474 862 568 357 217 378 904 34 733 589 95 965 61 720 223 876 731 759 53 624 75 387 432 182 475 876 973 833 676 982 728 601 92 155 804 663 627 961 909 14 38 580 966 880 520 579 319 215 258 479 87 562 484 575 232 561 819 118 764 977 298 785 357 616 104 838 897 840 215 891
275 802 553 999 928 8 655 865 110 159 196 85 641 58 393 184 730 491 3 547 17 805 545 670 565 87 729 778 643 125 452 863 981 793 495 565 920 471 792 284 116 83 319 424 176 188 630 189 82 395 526 857 891 803 519 274 151 815 723 792 611 675 427 369 77 654 975 539 28 441 574 950 627 819 650 25 286 473 820 38 41 887 756 932 57 89 185 551 687 355 514 501 47 117 328 102 881 275 302 238
604 839 176 889 830 769 265 7 677 782 666 324 86 80 872 398 579 786 304 963 892 400 152 275 951 642 662 685 356 274 15 392 717 752 184 735 159 303 924 151 851 288 220 209 383 351 351 460 765 202 135 979 19 306 426 249 619 518 20 688 658 363 538 10 1 346 940 999 860 927 135 736 776 807 810 780 214 226 705 562 388 747 277 90 612 363 872 110 206 994 662 233 155 442 697 550 922 661 86 805
737 914 233 607 237 155 53 751 122 438 909 625 280 980 460 586 726 729 874 384 678 152 89 957 496 203 187 441 873 267 680 102 975 511 835 46 547 771 79 822 944 867 72 588 644 131 599 68 921 817 764 637 3 390 877 572 150 848 151 796 546 140 922 78 176 742 329 271 869 285 753 837 750 626 417 660 415 323 740 677 293 152 186 283 75 657 594 695 332 995 321 332 631 879 388 579 652 105 461 877
858 717 410 777 535 676 648 27 961 122 300 195 990 34 423 197 877 141 656 90 17 173 764 971 698 682 764 112 588 814 868 180 583 563 551 172 690 301 974 198 678 61 88 386 902 172 998 141 507 684 277 660 887 190 898 22 234 412 149 290 291 361 470 687 891 628 409 87 658 508 836 519 415 948 851 127 94 593 551 970 623 822 297 229 366 58 639 734 548 940 120 907 218 826 499 498 102 828 275 461
282 178 303 315 84 852 451 136 740 554 231 526 549 541 381 535 282 139 165 700 253 449 655 995 422 227 905 942 768 54 212 886 154 394 47 815 7 631 672 714 417 894 841 323 172 26 498 592 2 270 104 126 965 645 39 901 900 203 787 149 515 310 957 794 11 963 261 182 101 300 200 516 710 287 930 51 957 486 195 551 356 882 406 714 503 34 997 320 48 693 136 755 626 8 104 12 710 847 787 975
559 488 621 902 447 582 782 442 911 260 6 651 21 689 405 26 660 374 838 854 176 457 531 118 852 443 216 852 282 479 69 962 792 180 833 576 214 36 300 245 727 921 529 458 713 501 218 58 337 98 29 722 818 342 826 186 706 305 620 381 114 237 660 56 282 283 943 759 660 712 588 661 33 52 451 642 542 82 932 794 241 679 625 259 921 777 294 153 544 424 389 883 191 835 67 849 365 426 13 270
906 750 213 972 976 177 209 172 898 910 883 609 784 11 16 286 137 664 309 402 401 280 592 587 812 218 670 689 280 864 217 201 336 511 627 38 699 86 609 230 349 169 60 415 797 371 377 681 873 595 438 627 588 145 704 19 267 223 533 926 560 946 972 928 66 755 481 678 368 899 476 104 52 153 575 521 708 878 823 163 37 535 337 781 507 521 597 363 130 832 561 125 107 374 438 494 440 136 299 282
497 644 483 793 220 495 848 392 775 38 667 599 659 822 87 193 951 914 319 39 142 532 636 339 697 22 433 60 491 234 151 651 138 121 88 680 841 454 473 411 102 540 422 152 756 261 226 653 1000 401 606 244 901 536 240 191 999 567 539 58 1 885 988 139 777 371 982 391 987 680 993 426 245 889 838 985 21 299 18 353 568 214 256 216 545 236 761 170 260 429 642 289 71 923 613 682 867 263 234 933
850 589 183 608 37 493 530 951 579 7 135 650 444 685 622 894 362 352 591 112 626 411 440 43 556 218 311 729 919 377 135 311 90 350 91 724 333 232 748 297 476 6 870 991 812 563 392 443 900 317 268 553 730 480 305 701 508 845 451 218 377 816 620 385 715 987 272 794 147 522 77 579 973 144 159 229 350 644 909 91 308 884 602 235 276 356 256 929 587 895 107 226 376 484 142 146 4 501 213 647
979 358 574 394 801 126 562 213 854 673 676 971 455 306 193 585 400 876 514 630 329 1 397 92 233 638 130 9 826 688 61 71 344 238 573 624 383 721 156 680 874 522 736 395 995 556 583 984 97 431 437 604 561 26 949 846 698 161 155 176 373 513 122 448 98 650 512 82 671 166 84 114 587 346 129 728 560 593 908 495 379 568 634 453 172 611 845 774 950 545 977 855 538 295 431 861 381 280 464 11
880 542 505 600 282 537 836 462 506 275 571 151 365 928 538 165 624 455 57 341 321 505 779 424 245 555 563 761 407 863 22 48 296 1 80 887 622 47 159 367 759 621 911 817 379 896 180 280 35 428 62 478 956 132 856 112 724 737 735 126 148 320 400 502 28 978 90 822 131 967 315 204 42 23 730 360 876 477 728 819 859 772 621 644 867 171 347 493 129 797 522 319 262 528 163 912 455 281 232 909
592 349 974 828 242 958 37 760 491 465 421 913 532 7 978 547 241 907 35 553 292 40 467 644 945 385 815 443 58 867 557 376 236 348 796 996 531 242 118 652 229 923 27 0 480 249 704 419 881 711 66 916 617 389 739 84 516 4 495 883 614 549 967 151 70 4 263 497 201 143 682 619 480 35 956 22 166 118 355 795 193 707 133 689 337 694 528 666 701 900 314 673 361 695 131 661 255 1000 607 546
76 596 871 743 178 412 568 519 714 226 162 568 273 709 711 17 243 296 826 511 400 470 607 848 730 764 361 891 239 497 506 673 645 786 476 557 972 645 66 40 92 217 535 42 798 422 423 77 412 974 12 350 189 785 377 173 47 355 618 848 463 385 266 527 626 351 221 515 180 561 793 832 516 868 491 877 302 658 809 375 297 362 860 649 120 564 646 296 696 318 226 761 518 191 940 849 500 192 155 276
331 670 48 184 198 50 666 525 626 908 824 85 659 3 657 864 994 765 784 24 440 835 327 329 643 741 603 583 724 123 217 127 707 453 177 18 988 481 240 640 150 720 581 789 122 474 988 410 983 362 336 319 987 240 182 606 567 639 281 721 380 257 525 294 780 840 977 624 621 328 338 564 672 123 98 89 649 888 198 217 555 899 20 409 618 349 439 595 993 272 802 590 700 207 255 8 134 180 451 895
284 713 948 809 676 316 462 770 501 612 567 146 3 183 750 372 58 1000 724 871 493 261 814 750 220 459 516 576 249 717 44 771 183 292 370 407 184 337 811 720 985 366 166 66 326 743 926 634 375 886 592 401 953 955 53 416 956 713 986 474 940 707 127 934 512 468 131 510 673 704 370 841 609 8 292 563 922 247 478 700 34 989 547 489 159 601 587 48 196 553 39 127 196 499 80 300 57 189 312 997
707 60 275 361 783 584 965 790 316 899 168 211 369 131 298 738 952 481 625 489 728 930 990 816 855 711 819 888 592 820 393 575 339 536 836 454 842 604 333 165 39 178 660 357 964 190 892 742 742 951 715 71 440 69 45 627 423 991 11 666 351 471 657 536 27 736 433 887 407 563 884 287 52 316 947 445 357 759 162 735 900 886 612 234 918 986 485 560 845 602 836 156 290 720 526 795 675 715 783 280
609 458 589 354 462 719 535 892 0 842 790 767 880 152 384 44 956 965 584 787 76 967 448 391 64 82 773 166 15 603 307 43 668 709 434 771 376 76 218 858 343 442 253 957 350 48 520 338 51 270 603 761 528 394 667 369 171 434 536 706 241 149 94 328 907 483 281 308 110 840 76 681 44 737 151 240 582 911 886 433 738 381 869 260 967 554 36 437 344 148 348 504 832 26 165 828 150 398 320 779
866 314 829 949 399 296 232 222 174 509 490 427 526 265 15 745 267 19 393 550 359 358 810 563 542 839 771 793 642 161 681 29 825 459 393 807 983 708 95 443 633 892 367 207 167 708 130 883 508 461 81 732 681 584 947 958 827 66 998 418 612 6 133 805 955 80 792 37 790 4 212 342 366 590 70 251 627 119 359 131 619 105 912 28 758 264 440 897 191 892 276 178 714 107 565 227 832 422 234 60
38 193 737 252 324 724 54 507 889 164 442 934 520 520 688 549 654 991 574 874 72 768 786 346 81 417 852 814 609 845 398 287 399 93 935 260 737 293 288 565 283 512 574 714 662 924 173 936 693 309 285 904 541 223 239 949 157 458 105 272 300 887 486 371 120 137 69 517 5 586 409 249 118 742 377 522 913 496 550 720 181 155 388 643 800 162 370 834 925 182 876 384 335 636 377 951 59 646 599 313
941 619 701 943 304 160 65 734 454 88 336 413 679 832 839 381 108 343 640 222 221 685 507 179 65 184 491 989 338 430 901 335 739 826 546 154 463 592 450 323 851 631 563 521 111 903 15 654 772 199 168 922 16 762 439 957 203 53 657 777 93 515 828 424 281 9 84 500 932 225 920 632 579 489 180 458 136 297 124 363 44 70 424 433 17 547 985 392 880 263 810 605 599 126 198 760 989 245 265 992
853 120 451 861 411 549 645 278 91 790 288 492 519 863 108 510 843 208 141 827 850 781 283 959 758 41 387 101 710 878 682 250 318 785 224 103 907 428 80 921 451 468 968 197 172 257 461 67 159 463 608 156 549 642 133 211 683 893 508 499 515 392 45 463 359 59 565 333 223 791 235 137 384 709 441 706 813 660 732 868 290 322 844 859 563 261 0 254 634 191 520 566 555 186 305 938 522 382 63 216
350 40 393 765 692 396 286 717 733 700 878 966 403 955 323 232 43 806 570 151 841 782 900 263 323 967 263 582 281 251 721 750 356 831 873 32 236 544 345 617 33 35 791 76 192 120 212 675 779 547 398 668 123 383 405 647 403 913 322 561 539 631 607 189 787 438 137 826 714 339 683 332 217 76 45 770 790 320 929 909 688 811 303 348 299 603 576 320 866 837 695 651 904 242 745 441 50 452 589 633
759 401 259 865 326 912 543 976 271 351 969 768 761 616 39 655 701 714 90 93 102 608 143 671 120 388 372 979 463 61 436 979 801 245 478 194 80 316 7 107 832 669 394 176 713 925 443 211 474 192 655 602 315 667 186 649 808 21 720 274 501 624 978 227 583 497 95 308 692 248 813 516 535 756 678 296 789 787 635 657 506 105 985 274 702 401 880 35 31 573 278 989 564 770 982 829 919 350 324 495
224 767 662 778 655 423 773 572 392 266 532 40 940 959 599 298 48 498 537 192 475 718 620 500 33 156 412 90 851 968 991 5 218 394 290 864 281 923 872 587 373 231 378 658 921 41 648 124 711 650 381 375 579 398 568 356 406 432 150 498 248 657 259 388 728 873 185 518 460 39 581 843 22 890 168 579 733 40 253 689 384 637 295 403 761 244 618 312 831 483 149 153 296 405 211 195 484 918 767 164
819 736 181 206 166 712 100 383 766 873 616 883 905 149 660 420 563 500 573 103 273 329 159 30 944 852 176 540 237 608 315 324 644 423 412 258 823 437 870 600 191 204 73 924 630 689 250 738 102 746 288 535 612 882 245 954 636 352 194 377 873 809 564 383 69 423 790 417 667 686 477 627 126 96 909 805 705 675 162 537 940 240 640 585 940 879 527 409 296 473 66 0 202 527 853 865 558 548 965 424
895 230 792 340 458 501 872 548 833 786 37 530 682 229 924 262 988 948 946 967 921 630 97 488 485 435 235 571 243 701 881 121 759 821 918 11 264 52 371 829 420 182 89 13 341 480 532 851 650 738 863 110 317 722 515 786 954 374 227 852 237 839 630 506 796 771 551 386 133 389 226 898 281 666 189 742 914 418 902 640 959 471 68 273 147 619 566 292 976 41 251 450 737 280 911 838 995 24 615 183
686 230 930 979 530 352 982 83 609 271 80 175 374 436 573 742 15 711 284 193 125 854 395 150 947 330 754 700 974 105 329 680 336 128 484 694 770 439 371 590 34 830 631 1 902 649 752 652 1000 679 949 561 353 925 179 927 215 567 660 275 5 580 62 72 955 508 339 191 929 566 949 267 494 170 659 225 179 807 646 982 598 553 510 80 380 725 698 103 18 444 878 795 807 146 348 77 265 149 684 538
481 715 450 957 840 498 658 59 219 991 472 244 563 36 454 938 272 482 830 738 914 755 933 270 495 993 625 76 798 974 362 331 916 289 144 656 813 176 584 634 718 495 463 18 195 460 470 893 59 787 855 886 743 578 238 140 845 375 742 168 771 573 32 15 818 815 425 683 730 205 922 677 163 332 700 935 697 124 236 955 821 156 592 11 613 806 680 71 156 672 611 475 350 100 967 53 524 190 568 773
125 687 139 618 487 187 54 649 902 942 304 292 271 271 972 474 372 697 25 733 569 606 762 630 731 268 331 747 371 328 22 611 837 599 562 315 979 532 411 984 289 227 514 526 780 91 54 873 677 872 119 695 657 53 436 120 518 524 630 108 101 817 402 385 94 77 272 566 775 880 906 49 615 795 859 593 387 444 716 264 964 649 301 563 582 267 151 724 764 755 811 543 75 667 190 441 153 455 15 470
26 268 514 289 947 752 746 500 477 541 124 503 601 917 642 237 510 437 723 609 841 781 515 668 307 496 794 604 606 809 92 299 548 499 690 248 399 264 311 978 632 643 319 592 678 943 760 790 693 849 246 683 743 913 25 691 405 848 884 18 140 877 584 31 186 811 727 917 527 83 766 198 889 633 128 330 451 689 760 741 963 281 706 248 811 237 401 493 887 157 944 402 804 895 957 352 690 701 557 871
498 982 521 320 141 259 380 333 612 284 665 135 108 52 678 343 832 883 900 696 480 22 97 348 531 924 555 688 916 307 529 58 855 310 279 717 675 53 738 683 286 818 288 26 703 16 619 586 448 120 199 89 327 81 875 788 668 413 597 518 643 490 89 651 886 649 906 290 40 697 27 570 149 861 71 518 347 926 811 311 741 738 566 660 186 51 64 230 848 655 755 983 261 774 966 892 673 237 429 797
663 2 721 766 541 920 559 718 281 801 400 408 66 659 440 398 107 715 104 831 878 944 595 63 68 902 83 360 41 90 908 373 218 180 965 68 990 184 476 99 7 606 771 86 56 838 323 42 812 528 588 682 930 630 438 128 891 431 269 86 225 4 93 454 743 790 16 833 881 541 586 473 489 73 40 746 767 960 106 663 328 210 649 657 838 116 407 601 416 954 694 228 588 768 500 416 368 943 709 420
100 259 4 228 941 659 9 391 381 537 732 800 569 547 605 290 880 861 111 197 447 987 342 230 191 765 656 662 749 307 840 647 13 239 667 917 966 817 386 751 197 718 870 296 452 727 818 990 475 389 465 437 58 120 400 67 164 325 705 974 74 624 556 456 457 81 787 304 937 100 452 127 503 263 166 223 108 378 830 467 121 930 129 160 1 624 140 895 978 124 957 245 280 274 171 817 898 48 996 525
667 792 25 929 713 658 774 988 170 21 40 304 153 11 194 500 756 154 321 99 720 344 605 780 275 100 241 507 913 769 124 167 711 445 841 870 69 103 703 263 838 508 365 395 880 539 450 967 441 242 848 287 129 823 298 384 557 323 6 575 29 531 355 963 54 278 831 664 896 843 473 545 692 5 517 676 255 87 769 631 564 272 590 971 563 620 207 685 491 9 385 526 35 264 537 506 783 732 403 731
738 934 679 1000 793 916 833 718 78 740 908 932 504 903 594 219 765 866 811 258 801 233 933 557 485 918 341 972 743 184 105 342 654 703 14 554 842 817 243 851 655 698 672 216 943 774 51 444 763 195 332 652 705 955 757 708 455 798 134 611 391 788 207 779 367 410 752 836 67 769 453 881 954 683 790 565 906 122 560 784 480 369 232 191 235 559 65 741 75 290 550 121 30 255 543 277 270 533 726 447
925 43 776 470 109 759 560 240 960 159 182 955 990 783 948 457 732 295 977 550 647 26 51 474 31 823 175 710 203 939 644 272 171 620 566 157 267 880 151 444 998 84 823 113 733 218 224 164 474 11 913 145 52 970 282 800 302 974 352 756 41 36 71 441 634 354 274 408 86 666 865 721 572 919 279 523 743 189 861 745 357 186 556 687 66 332 230 551 911 412 644 813 936 279 753 97 855 898 277 107
291 66 332 108 784 246 309 121 246 78 300 865 848 622 710 60 218 127 84 411 595 543 629 153 254 211 383 878 505 838 449 153 117 261 610 199 93 208 788 555 213 42 962 698 0 173 184 783 253 859 141 855 28 410 686 771 121 36 816 550 633 584 433 897 144 206 150 344 170 351 464 884 192 58 277 19 234 330 697 359 745 95 68 180 906 413 905 74 945 223 136 691 60 47 375 749 862 963 902 294
907 269 787 943 313 75 581 571 8 0 539 601 896 593 405 395 269 300 24 595 965 278 580 996 506 780 433 680 333 449 422 23 475 501 863 768 316 109 72 567 329 680 440 726 569 423 466 898 278 219 851 566 542 450 851 785 481 191 405 26 859 940 65 629 285 975 736 238 684 954 291 859 759 700 557 304 558 843 436 659 494 974 945 772 583 536 799 766 28 479 545 641 592 210 818 303 220 352 407 522
627 865 836 301 228 348 445 333 111 306 212 32 855 485 263 736 641 181 336 630 336 680 750 618 378 797 606 963 726 529 475 150 419 141 528 613 749 979 475 776 174 191 803 755 327 512 685 432 765 716 798 566 331 169 386 905 591 865 407 240 616 884 431 404 606 537 989 907 436 206 409 9 475 279 487 18 709 519 780 28 85 727 226 671 495 910 436 104 634 349 230 744 844 578 380 423 958 837 166 226
651 707 367 960 293 111 557 390 681 983 511 141 292 915 53 142 428 889 916 566 481 208 945 248 987 962 281 91 241 929 59 21 207 62 246 533 14 334 964 234 858 470 200 134 764 565 373 624 895 133 702 90 495 515 290 857 525 641 503 476 646 22 609 183 669 278 574 626 644 686 782 108 132 619 768 436 532 680 210 782 717 724 771 381 467 770 533 157 414 167 267 138 690 455 610 92 880 104 655 103
491 53 408 57 104 68 939 695 823 886 872 368 350 808 189 484 333 139 85 421 837 632 196 907 120 953 585 23 805 371 750 498 233 803 226 144 715 632 949 111 969 873 75 804 600 127 978 203 790 906 346 800 404 145 584 119 954 384 125 872 353 561 158 380 619 343 263 782 121 137 544 109 853 204 71 561 83 785 470 630 478 334 180 690 808 343 192 812 482 942 666 614 556 627 630 629 342 263 78 281
988 227 924 714 449 279 344 979 846 385 948 172 346 892 32 302 751 24 77 557 635 709 771 478 1 45 463 404 285 211 117 10 443 336 393 468 389 808 581 330 433 109 435 421 320 86 725 140 955 700 625 429 785 7 663 90 399 140 867 329 126 24 596 873 513 746 753 912 512 886 174 561 344 449 224 344 592 492 209 761 369 859 552 153 255 404 62 946 724 992 980 303 585 225 191 322 159 731 964 145
695 125 974 358 880 239 180 217 460 479 692 2 514 962 650 433 242 228 238 892 154 781 149 388 138 794 469 425 448 607 452 254 688 56 701 320 578 845 424 99 37 312 71 36 780 986 477 603 606 178 2 810 762 182 116 318 530 302 46 160 833 11 698 87 721 181 174 796 47 528 376 618 433 764 699 774 991 180 855 25 75 364 511 95 332 539 595 382 335 920 904 13 547 567 466 510 326 678 329 469
309 839 961 888 737 194 91 166 740 769 578 686 985 910 735 221 276 823 658 341 167 819 709 488 660 402 473 349 303 31 910 650 160 446 36 179 19 505 848 778 208 489 900 18 247 253 743 154 711 99 255 14 353 791 439 375 486 298 672 35 797 252 565 444 556 291 160 353 663 298 383 664 1000 298 905 191 181 517 252 802 217 220 235 935 694 350 13 872 333 472 596 481 793 464 790 85 397 320 345 541
573 882 214 693 513 754 861 319 452 698 41 910 486 623 445 908 442 956 802 506 544 467 496 487 14 357 62 178 462 909 330 549 996 131 347 53 14 2 646 342 860 246 336 92 525 432 355 425 824 717 348 744 46 31 463 110 766 604 714 579 928 569 304 890 799 661 530 167 332 571 610 62 998 579 719 385 508 204 987 798 317 111 848 900 640 522 711 543 498 831 148 359 989 558 315 923 847 350 949 783
871 418 903 224 681 387 244 173 200 609 610 174 582 299 607 528 828 929 123 828 511 982 108 963 380 39 280 23 90 152 727 717 954 224 415 257 32 837 327 926 699 241 494 358 643 599 506 2 895 798 495 550 979 229 569 403 404 318 721 314 92 357 973 874 682 220 736 272 449 668 272 858 895 885 71 647 686 785 277 553 529 718 857 173 266 750 349 837 736 649 924 404 488 770 571 870 400 305 698 871
658 64 587 743 128 476 726 524 67 102 974 957 803 700 876 470 543 800 616 759 899 757 15 352 583 609 433 822 81 428 110 284 664 705 535 815 27 720 410 440 845 422 440 679 739 20 790 944 294 880 329 22 306 802 777 447 338 857 551 917 69 694 147 744 199 535 88 269 35 264 906 941 247 628 797 739 296 513 884 898 770 60 109 563 274 700 277 244 209 900 10 13 719 891 418 719 924 534 225 277
313 808 27 215 546 83 37 708 704 253 326 102 998 255 32 279 365 546 592 636 130 931 600 543 4 766 911 482 133 0 911 238 413 428 815 405 390 199 554 666 728 258 330 747 422 990 501 3 850 967 79 361 828 625 44 566 4 660 273 854 664 544 308 546 727 826 795 612 814 391 376 749 595 971 345 507 990 943 16 619 589 423 885 465 343 765 229 682 347 692 537 541 340 354 65 359 536 732 858 784
472 5 869 695 313 520 620 198 670 524 302 616 800 454 309 456 524 972 33 818 531 171 649 323 611 851 839 330 289 918 778 413 924 947 915 502 360 111 839 874 304 55 158 994 11 578 204 312 374 472 167 24 117 804 825 559 239 577 787 972 301 963 203 125 530 728 85 999 539 820 227 206 852 258 61 663 408 921 209 238 346 755 501 704 136 978 986 515 573 386 585 603 506 468 340 999 632 94 832 648
101 215 322 81 291 85 576 692 368 425 231 70 741 268 452 581 610 842 825 529 186 246 457 37 966 351 226 805 277 777 656 812 301 407 311 918 779 17 683 606 858 620 732 388 784 946 184 438 359 43 106 480 979 958 380 708 844 544 261 647 17 680 687 244 890 925 446 102 219 837 368 997 5 540 557 74 94 975 688 347 809 674 744 187 705 835 795 129 240 135 731 61 788 328 913 951 726 711 123 943
187 928 797 234 684 879 600 436 950 975 353 543 373 50 539 875 349 845 718 334 112 710 617 61 824 957 924 798 808 498 92 302 260 386 203 808 846 948 396 226 522 298 347 688 707 934 128 137 314 964 98 909 674 147 537 661 177 928 516 345 679 441 678 578 112 838 688 903 417 196 245 62 781 858 60 684 260 650 965 335 40 662 206 338 238 336 601 826 930 81 127 745 960 195 435 540 719 406 646 561
498 448 562 732 760 302 592 203 427 382 502 338 217 279 291 531 77 806 755 392 346 216 529 827 240 494 402 265 992 669 300 125 943 50 358 544 295 733 981 107 92 786 266 324 949 58 424 807 537 109 61 591 147 186 371 651 139 679 687 819 766 142 81 855 867 146 464 13 611 266 22 393 678 477 793 374 47 894 965 191 943 858 264 485 469 587 954 470 143 712 385 15 756 615 600 305 585 149 637 535
449 888 455 965 968 963 439 185 613 700 771 648 214 641 154 836 28 617 69 771 624 445 141 888 180 96 194 333 168 998 780 181 980 375 794 587 475 265 362 890 797 765 1000 322 430 771 252 865 730 132 436 420 45 388 69 389 995 135 861 95 858 234 214 295 212 377 817 681 27 133 638 987 329 23 286 48 908 897 425 556 411 916 968 692 292 260 330 777 210 91 262 27 153 298 734 202 601 986 639 609
396 503 265 581 592 604 55 483 974 708 109 581 704 374 207 724 552 755 424 283 848 939 325 896 715 552 483 992 224 851 750 213 471 117 196 470 109 547 63 610 71 292 340 26 495 974 252 857 102 262 498 986 875 439 561 757 430 313 669 859 349 788 739 590 182 631 573 826 120 664 545 347 431 187 757 749 28 568 847 718 280 662 294 190 253 350 704 402 9 727 124 953 519 343 50 725 157 819 617 796
930 76 518 756 269 139 964 963 947 4 646 457 920 80 126 356 223 933 440 949 546 767 393 753 588 450 879 375 78 787 432 173 872 487 397 817 922 111 409 60 216 33 945 884 563 154 685 867 77 237 766 637 600 825 959 42 877 479 243 387 949 584 960 822 591 864 882 271 484 405 375 736 609 201 975 464 143 393 686 591 699 783 157 636 771 965 896 118 357 440 609 777 133 112 220 380 119 627 898 46
347 483 794 620 959 466 367 629 364 351 191 487 558 382 490 879 17 434 164 812 693 993 9 236 39 880 448 321 396 825 680 824 540 936 431 528 452 783 644 576 122 602 778 97 335 475 670 18 672 520 994 181 777 396 440 177 374 63 289 620 936 898 818 563 20 598 181 535 283 323 95 91 177 214 932 741 434 172 692 998 223 238 985 763 366 862 439 724 300 922 216 647 463 655 77 74 683 968 955 898
307 649 144 860 542 715 914 183 308 334 317 727 807 262 912 125 482 219 621 617 564 260 22 246 330 681 967 668 520 214 739 382 308 18 817 388 103 540 181 827 207 231 160 851 254 679 961 607 656 537 258 582 742 470 628 701 544 760 860 646 212 437 834 556 941 672 547 143 244 257 402 858 421 291 7 521 983 190 969 521 715 704 769 1 4 299 473 777 436 118 104 579 941 2 318 514 773 850 357 453
159 401 894 7 266 558 163 225 125 459 945 351 643 777 386 214 699 412 342 184 329 151 85 303 106 368 44 739 620 73 648 471 248 954 741 255 912 781 743 138 31 874 367 102 786 406 769 199 585 637 193 109 752 418 549 363 632 532 900 537 648 290 11 657 454 999 343 585 894 92 510 873 909 304 737 454 400 914 694 259 158 99 448 642 878 239 821 699 353 45 747 93 895 395 252 243 858 488 850 67
869 790 722 807 29 30 818 88 455 735 889 161 353 692 35 303 753 102 846 45 8 168 987 473 694 152 285 177 833 232 552 4 231 882 479 922 596 502 551 662 261 63 632 788 797 996 452 65 646 298 324 419 862 647 811 643 410 177 347 316 7 730 471 208 793 941 230 992 560 113 155 880 448 408 412 42 313 586 574 145 915 985 29 91 502 407 421 920 723 618 922 255 157 975 572 1000 704 983 873 443
998 670 114 463 424 480 903 879 915 70 557 580 491 233 997 359 412 842 507 324 289 236 225 597 10 332 391 217 478 527 54 947 241 735 246 360 177 250 696 475 425 180 386 526 170 324 280 622 218 17 358 29 563 950 605 729 95 89 524 929 11 382 852 464 813 941 857 167 290 93 177 585 149 530 649 985 70 804 188 945 951 22 349 127 885 192 602 940 502 447 327 954 822 74 705 273 593 233 123 895
977 540 331 469 902 344 232 8 776 582 87 638 327 999 466 454 254 23 677 741 461 971 61 55 848 770 789 51 98 204 103 31 573 64 405 717 691 863 102 675 247 335 716 456 794 592 97 99 739 97 313 483 738 309 501 883 597 177 47 354 432 399 538 757 748 34 786 47 11 506 455 35 4 526 997 154 658 937 283 416 871 579 11 436 746 706 158 920 110 786 721 785 193 297 852 95 803 479 76 575
467 443 393 685 525 862 176 106 780 751 263 34 962 915 892 127 61 889 872 836 803 467 731 295 472 878 936 398 69 454 135 212 603 260 564 257 244 585 77 787 355 334 699 418 576 814 554 771 64 545 633 625 971 348 667 589 554 881 551 583 342 445 622 338 740 763 688 633 992 571 222 913 88 289 673 281 610 943 985 577 74 973 441 499 881 638 68 459 543 156 702 557 724 300 763 23 676 73 125 751
800 291 160 539 551 475 270 651 557 58 279 366 172 730 213 589 636 472 118 573 696 366 586 336 561 710 173 916 518 862 882 886 605 931 4 989 877 501 860 860 49 298 540 230 542 649 342 536 915 646 149 95 196 235 951 422 851 392 463 846 497 364 115 619 290 946 483 3 103 139 73 906 349 926 35 611 490 776 457 392 871 902 994 205 954 748 876 246 706 476 759 690 269 877 435 978 921 522 922 791
582 385 556 1 848 237 554 685 81 295 417 136 297 900 99 13 339 168 773 883 206 597 42 560 275 494 435 676 757 10 157 760 178 906 746 788 809 877 557 249 437 320 676 408 782 11 92 854 46 36 998 348 477 171 805 506 681 454 541 855 244 720 650 57 53 420 174 483 877 252 756 139 299 27 491 824 973 472 693 43 999 16 859 996 328 168 773 345 194 690 907 988 481 620 411 716 988 613 790 800
308 5 601 609 993 330 784 106 844 887 411 336 594 265 559 870 79 589 142 742 2 362 516 963 732 792 956 417 403 854 368 381 782 654 313 818 873 518 484 913 599 296 381 179 609 117 921 782 387 47 671 973 147 946 274 782 930 81 35 864 942 97 159 883 839 965 556 530 928 122 690 262 243 805 191 29 298 942 916 421 943 171 432 25 35 397 289 501 797 22 105 201 877 422 106 952 161 61 624 483
830 917 437 672 973 689 499 20 122 19 362 234 919 910 970 706 524 456 252 433 270 8 60 578 295 479 495 43 994 513 673 407 916 716 38 140 724 705 140 153 990 724 755 859 468 992 632 40 636 314 368 136 498 278 808 45 797 485 701 71 997 863 617 132 421 787 123 544 588 514 520 219 8 163 769 737 822 587 806 186 64 816 688 237 153 239 161 794 166 46 237 806 280 596 640 779 316 360 585 282
265 360 334 340 961 42 592 684 220 487 580 409 308 122 451 286 792 518 626 131 920 68 813 998 914 140 695 795 429 591 394 638 665 207 80 351 463 467 547 986 35 244 650 597 269 400 439 334 953 228 327 498 786 683 86 291 391 520 200 277 244 966 943 348 430 968 738 606 317 808 511 915 488 760 729 946 670 989 457 77 870 500 427 612 548 55 610 980 219 50 646 220 377 775 18 390 892 307 952 240
815 405 709 773 692 126 707 866 330 106 600 233 429 147 927 135 617 863 456 602 542 163 184 325 835 425 880 615 270 564 425 420 655 823 849 913 835 412 280 725 930 560 207 28 515 168 488 160 935 357 818 955 635 648 496 617 959 32 535 947 446 358 627 296 213 403 12 664 152 508 933 108 165 79 991 783 972 843 752 841 683 931 558 692 11 984 710 657 350 131 298 430 491 664 756 774 91 811 171 403
478 776 871 10 141 379 305 499 606 694 248 487 973 112 19 223 29 245 742 283 670 611 813 526 263 936 347 10 668 282 466 3 741 399 127 11 861 416 819 586 101 939 233 785 313 776 665 190 920 717 534 740 634 995 931 388 744 993 344 232 703 538 904 169 481 777 773 351 857 409 412 259 843 544 925 94 264 984 951 844 409 260 278 843 872 545 680 129 406 865 31 734 31 253 101 941 969 904 675 152
365 59 467 726 899 30 57 551 248 363 182 37 635 502 872 481 976 598 812 515 133 836 955 178 96 460 20 508 744 510 215 589 728 762 384 198 735 875 286 263 941 698 174 211 952 803 848 794 186 218 561 541 128 356 618 112 619 252 752 483 43 414 500 612 495 707 55 217 129 682 961 563 918 870 658 97 303 435 739 907 836 959 422 233 828 802 188 530 627 293 807 345 662 513 99 238 748 160 399 137
134 926 822 579 415 54 353 648 428 470 950 512 724 321 715 280 459 824 582 357 379 535 728 588 393 570 678 39 832 822 914 484 449 974 336 620 453 476 342 105 213 74 312 495 21 171 538 802 110 310 215 724 80 613 724 67 595 317 270 473 959 169 903 492 361 688 892 898 541 189 530 588 43 27 769 966 654 666 915 564 874 896 122 309 676 458 293 151 503 413 551 61 303 36 699 134 323 863 970 649
775 343 786 788 744 217 496 193 662 663 751 303 483 850 750 874 926 822 32 742 876 933 897 829 168 551 12 954 820 152 739 172 358 708 269 17 411 228 678 798 647 194 118 13 645 964 212 418 307 664 610 905 882 960 629 801 175 819 431 493 468 647 234 966 481 166 913 37 342 424 619 843 682 290 836 718 786 193 352 574 949 700 339 864 337 766 650 513 137 424 10 460 950 190 363 553 648 261 450 93
216 303 192 354 857 773 15 356 537 895 765 306 430 344 822 858 835 920 195 995 729 496 970 73 131 574 473 477 422 764 537 450 730 385 464 859 948 268 184 904 297 998 743 896 7 758 189 656 682 61 60 43 998 4 885 488 317 733 72 383 391 397 767 702 514 630 156 703 438 523 651 827 642 442 174 273 381 597 911 884 532 183 506 639 549 367 608 36 915 743 41 972 935 410 561 229 420 818 773 811
960 540 615 40 307 309 243 941 609 672 582 355 323 493 269 749 790 147 832 377 448 966 51 544 459 728 938 170 441 432 877 728 444 17 69 262 499 297 982 31 898 358 652 57 964 629 627 951 351 502 98 280 926 75 165 939 924 553 258 719 17 962 489 696 378 803 890 849 659 774 796 455 467 513 492 151 377 935 947 266 239 197 408 32 534 211 285 882 332 212 318 36 489 103 80 285 958 665 194 238
537 355 274 728 351 652 739 772 393 183 988 245 86 771 991 908 84 140 688 388 659 29 346 785 70 173 485 58 384 5 841 921 227 378 6 22 30 160 94 955 358 931 323 596 320 253 903 867 825 214 873 821 519 138 517 749 867 905 342 202 366 160 957 844 304 831 812 193 122 176 383 830 478 553 839 214 264 625 18 602 298 360 905 256 119 180 551 244 611 923 279 524 202 989 781 156 194 709 773 389
226 292 92 784 291 437 113 860 360 749 662 39 998 367 286 823 825 115 892 120 524 441 767 675 916 35 554 460 296 899 929 498 955 122 765 648 688 71 49 159 238 863 791 872 295 570 359 1 108 652 118 832 985 268 229 486 879 239 949 321 364 399 300 158 420 789 901 287 886 310 509 834 299 631 600 428 45 551 711 568 412 12 140 688 528 838 10 201 899 151 141 302 459 472 326 461 848 540 771 406
582 363 532 309 393 708 58 158 226 207 303 557 19 939 828 669 634 109 660 230 203 489 448 749 216 76 283 67 695 546 325 177 888 305 936 26 284 344 597 69 175 919 19 9 661 675 373 253 590 769 681 794 335 841 229 241 831 529 203 61 925 593 520 440 764 414 596 495 223 664 579 834 643 776 126 375 930 29 949 161 682 292 87 528 310 593 813 105 366 594 526 612 550 803 450 91 591 339 940 210
519 33 809 773 624 935 175 840 750 946 913 952 243 573 704 154 187 604 964 212 254 412 213 944 141 294 16 888 950 186 865 694 44 743 598 762 139 34 664 105 417 177 265 942 862 355 783 625 616 563 1000 251 308 872 466 414 894 691 227 960 348 768 600 417 598 27 62 914 405 530 984 370 513 195 134 474 37 309 48 661 399 627 594 140 565 88 203 337 782 429 788 671 272 299 913 301 962 491 398 13
458 119 812 102 7 71 789 525 162 346 543 555 10 533 382 151 118 942 374 653 678 891 98 631 449 753 724 725 895 991 306 328 760 792 307 578 428 821 408 14 916 359 632 677 480 513 302 771 989 330 977 955 263 539 19 638 33 704 711 596 968 270 396 305 2 191 491 458 445 282 531 164 860 108 455 329 338 802 695 741 155 805 324 574 76 53 301 951 531 759 664 161 769 803 808 502 149 118 766 638
632 481 763 819 393 291 98 23 113 692 61 943 25 170 980 614 325 315 365 666 336 175 914 651 863 788 918 620 519 9 630 515 199 601 686 795 696 664 486 280 364 201 486 667 258 12 831 709 849 694 395 414 47 800 741 740 463 726 548 470 951 805 765 424 937 584 486 541 821 638 386 817 578 73 826 65 339 162 146 21 742 358 902 848 367 87 570 367 79 944 231 951 690 836 219 347 957 388 41 718
43 880 953 121 53 986 779 944 940 511 809 253 889 376 785 174 954 60 431 328 890 926 659 466 701 421 717 996 622 660 953 434 955 500 835 578 546 5 664 109 483 511 629 458 602 16 877 317 733 436 189 105 559 593 772 640 336 224 624 923 739 183 186 672 695 106 879 734 402 189 525 464 66 57 554 717 263 906 239 278 74 708 266 448 133 961 392 663 337 99 585 913 179 149 947 11 939 989 532 363
427 415 856 590 865 877 234 268 677 544 14 114 257 838 815 93 917 885 357 499 241 662 264 154 740 885 909 777 170 398 949 761 988 794 378 403 371 500 128 992 36 140 158 932 341 868 743 281 470 845 914 414 762 288 746 833 415 387 738 709 447 705 298 908 436 991 909 465 493 600 609 159 492 783 68 83 854 493 385 555 639 769 883 437 967 659 561 661 805 484 708 406 486 402 205 598 590 377 880 125
851 663 78 101 985 161 591 185 60 44 458 418 650 416 623 817 998 253 393 770 7 409 312 835 180 365 57 429 635 357 273 920 185 528 36 141 232 929 680 921 177 949 435 950 597 200 678 215 789 367 488 126 257 488 71 822 523 237 695 824 375 460 553 690 144 154 484 903 371 614 337 899 548 359 407 899 595 482 461 32 24 583 119 125 799 527 913 598 64 772 231 115 404 682 496 679 441 823 297 179
94 780 813 372 784 633 912 533 49 433 999 339 675 838 613 543 853 405 475 574 633 58 986 611 476 100 504 994 133 59 88 951 987 206 280 44 651 658 577 932 720 337 62 736 330 322 859 986 744 869 153 36 931 178 233 149 943 774 184 590 87 6 828 895 127 519 325 325 712 690 875 731 78 505 356 74 257 440 290 256 845 78 473 183 575 998 64 303 185 544 269 772 98 147 552 480 479 958 928 958
389 468 244 469 168 889 890 29 128 346 24 945 686 111 252 217 886 296 534 200 256 668 771 825 899 650 92 356 160 689 45 111 559 466 352 768 993 646 859 270 399 139 960 375 608 263 779 281 289 452 744 865 610 131 615 931 677 904 194 989 282 522 434 413 406 190 326 11 446 471 988 966 26 35 196 138 335 450 102 308 387 538 468 56 221 188 244 543 864 993 56 345 287 744 354 627 821 254 863 384
67 801 741 569 843 769 506 429 883 67 250 702 404 388 42 74 228 684 317 972 180 705 511 21 666 744 367 282 358 483 384 149 352 757 338 793 931 367 486 566 397 832 337 988 385 368 316 959 293 625 178 795 792 377 394 594 32 611 367 961 918 18 789 191 820 232 566 499 575 822 879 129 864 897 693 519 490 250 949 936 553 968 223 373 77 17 227 977 780 486 264 784 870 751 825 452 293 322 592 8
985 332 787 667 46 473 855 949 666 806 984 346 424 338 741 893 567 86 11 466 387 471 936 200 673 413 807 821 384 376 539 366 61 773 264 680 2 1 63 743 850 849 995 590 347 318 798 163 146 110 590 719 445 521 195 140 297 853 156 174 354 533 731 114 711 870 463 338 993 695 975 660 152 931 275 609 551 92 620 140 615 354 704 910 630 697 925 445 754 812 751 716 727 213 687 809 238 251 15 127
22 342 649 547 556 294 680 401 54 39 190 56 339 701 735 847 646 391 186 352 835 906 458 621 82 177 305 901 26 32 322 380 17 104 242 284 807 481 29 736 486 914 147 251 538 722 264 405 700 747 606 885 912 230 788 135 274 190 663 960 884 857 907 14 886 169 813 550 461 503 439 308 120 982 177 445 649 314 22 104 372 588 859 491 801 812 69 549 876 226 518 280 975 427 304 43 845 191 49 637
941 807 580 550 931 655 171 758 945 395 964 454 788 454 135 369 283 514 288 383 723 274 694 270 223 140 128 199 180 640 543 362 339 332 738 241 136 328 98 480 60 273 402 825 456 362 105 374 632 334 45 678 767 21 207 90 418 610 294 83 742 697 267 306 189 115 197 628 687 387 192 615 309 256 968 458 809 869 227 988 975 652 830 250 436 195 914 75 272 444 296 915 307 192 625 865 171 888 562 198
662 835 738 825 478 331 721 27 967 828 461 338 848 762 960 706 785 659 302 114 485 237 192 847 624 774 966 157 852 676 899 526 192 550 393 961 249 197 2 715 385 637 991 193 327 226 38 306 647 177 202 374 52 992 347 81 107 829 624 356 630 896 677 169 51 398 501 546 613 516 282 823 652 902 49 103 93 119 40 943 969 663 702 405 400 753 772 156 490 29 666 480 458 686 70 249 818 703 340 944
70 450 473 637 552 10 496 626 234 959 268 982 119 711 167 956 82 548 246 792 196 589 761 746 973 112 649 664 331 987 11 96 559 14 396 304 315 594 404 614 103 187 941 217 590 916 927 906 623 213 393 936 75 863 498 63 487 205 720 596 863 0 779 506 52 714 931 436 417 325 703 225 22 777 553 947 337 136 38 697 462 9 977 250 131 912 284 198 616 524 358 396 381 814 727 262 4 392 873 636
537 224 702 558 114 218 101 603 567 444 515 824 26 898 926 230 775 524 790 368 424 603 850 706 968 310 468 922 382 677 45 401 352 342 952 140 806 852 285 696 710 31 13 119 843 509 737 172 824 515 850 681 524 550 275 356 825 487 123 283 535 63 751 123 137 404 723 117 419 615 631 121 107 911 62 321 204 642 515 330 45 347 73 101 607 816 959 845 829 308 808 840 524 708 9 178 573 547 335 270
117 611 84 983 331 787 379 896 655 679 209 243 841 644 118 273 995 170 742 406 908 881 684 551 806 843 118 458 788 57 637 286 701 178 766 72 711 77 211 292 783 681 479 14 265 474 497 360 890 63 581 353 561 863 326 73 728 609 135 285 505 245 100 876 867 502 155 664 753 744 232 307 683 932 536 849 283 15 895 919 703 172 333 559 302 595 111 437 531 724 207 714 370 680 561 14 79 609 110 329
660 42 77 319 799 949 809 234 482 768 776 835 526 624 619 536 791 354 39 534 825 857 102 749 86 286 597 163 285 707 585 494 42 488 952 630 800 240 335 697 419 389 783 310 762 495 424 402 603 610 971 39 505 111 744 236 16 545 2 601 573 974 732 921 487 738 338 570 90 454 942 367 568 317 610 913 440 402 44 783 568 661 470 148 793 628 208 405 128 294 900 345 435 55 336 382 952 486 189 789
765 641 577 171 238 536 595 534 612 490 545 27 545 17 615 730 272 228 624 552 967 687 832 1 860 769 241 466 612 204 997 363 971 375 618 699 318 502 487 609 542 862 661 592 878 765 512 382 617 15 222 491 28 783 316 566 93 561 447 617 352 706 108 825 61 637 158 483 505 124 924 565 921 588 369 752 716 373 142 826 53 719 697 141 525 685 883 845 697 287 172 63 879 998 434 299 619 289 929 787
54 718 635 796 417 233 250 246 23 293 761 956 441 270 787 130 405 210 590 607 11 27 462 654 563 778 13 393 54 104 542 119 405 615 154 329 415 787 735 467 980 105 624 551 52 377 429 334 263 393 385 641 531 923 695 935 838 910 686 699 451 788 962 334 523 390 1 788 78 858 716 840 641 177 924 55 295 487 40 487 65 858 506 790 486 86 290 523 626 197 336 50 935 476 379 775 505 167 319 644
133 983 373 393 834 604 813 191 261 306 896 2 612 8 635 844 332 764 501 185 590 257 762 403 430 986 528 621 311 297 645 490 463 139 621 751 776 9 668 329 774 616 514 767 663 417 88 669 694 857 598 699 721 221 434 44 561 651 31 742 357 575 498 415 299 660 652 740 668 677 964 391 70 409 761 124 969 159 789 29 716 558 325 303 843 886 738 946 461 746 698 273 888 887 149 932 349 776 870 216
79 887 114 763 359 892 49 176 388 712 146 689 220 473 655 183 203 510 543 479 258 467 450 226 369 78 9 651 84 402 184 105 200 372 501 331 845 830 163 483 638 659 372 707 838 855 655 950 842 133 443 916 566 14 988 304 671 247 265 870 841 185 28 230 240 635 29 476 710 508 130 191 561 176 331 892 818 275 3 413 129 672 74 285 652 328 676 937 119 953 823 681 683 599 2 433 758 187 580 298
468 37 247 712 49 493 925 214 455 429 365 338 276 689 326 879 83 163 368 361 75 766 797 181 744 679 852 893 911 606 493 606 266 251 967 891 219 744 847 126 771 803 162 137 812 908 69 659 107 993 701 317 760 868 355 301 962 343 115 362 147 42 733 525 752 852 157 105 138 971 842 630 334 855 385 508 502 961 932 68 361 815 895 281 160 625 942 837 620 543 952 780 618 196 456 0 708 873 855 324
59 9 203 142 734 17 148 63 559 485 56 881 832 533 325 297 880 256 357 494 987 765 216 49 360 257 47 991 412 793 419 537 975 747 336 468 935 405 896 162 225 839 814 637 521 319 565 663 834 16 379 229 925 786 365 335 875 344 464 976 74 467 665 622 33 750 772 911 703 645 693 678 675 960 868 287 40 66 630 815 488 751 359 817 29 782 658 187 445 481 458 117 268 876 566 713 115 336 394 846
419 991 788 998 798 720 171 60 43 203 13 212 25 529 932 2 749 864 705 900 50 213 675 465 707 467 159 514 204 427 479 12 227 616 35 543 424 698 322 351 61 965 376 369 108 633 646 938 382 967 242 885 879 748 553 168 253 734 801 357 875 693 639 526 255 206 761 49 661 593 453 648 577 683 805 886 721 328 77 225 851 114 309 863 932 37 979 407 258 636 142 369 567 673 435 790 514 467 417 612
40 596 756 197 790 994 781 462 615 706 664 3 672 129 876 838 176 461 895 432 345 594 994 981 340 940 211 265 418 538 695 61 7 99 594 626 889 802 829 448 621 919 85 210 757 875 26 393 987 682 987 778 908 929 595 121 241 464 49 213 547 876 197 433 892 140 6 126 320 328 211 84 21 503 541 42 279 787 957 969 464 716 356 759 543 589 14 496 61 144 94 666 288 926 914 248 97 494 84 642
87 625 697 487 452 902 892 352 296 723 384 959 855 784 441 184 489 200 135 23 685 39 874 959 452 43 512 950 524 878 213 902 65 670 474 414 417 143 476 277 49 577 211 329 723 136 674 310 157 74 203 315 186 436 374 433 278 923 25 350 471 81 886 63 58 208 830 930 205 950 710 867 614 7 771 787 335 434 11 333 886 497 345 953 972 285 279 705 157 197 708 470 944 847 629 460 41 787 813 355
704 918 285 346 384 971 663 729 49 363 224 240 253 723 987 356 478 390 51 663 411 347 660 662 109 791 922 68 877 66 950 545 664 441 158 490 171 366 887 34 363 982 310 569 728 369 217 206 429 557 425 26 430 280 169 217 899 972 907 617 141 186 294 500 915 383 812 326 72 674 698 124 309 190 603 8 44 379 155 672 922 460 334 76 152 240 145 703 641 938 560 198 263 183 964 850 168 878 456 528
743 872 679 973 941 64 200 267 298 816 837 436 527 744 552 616 299 234 89 23 371 559 223 591 619 113 98 672 936 99 135 690 687 221 834 697 734 371 733 734 889 360 757 107 477 717 689 252 703 694 724 370 979 784 546 793 567 24 883 424 997 970 773 136 451 3 400 934 439 652 134 741 406 178 274 383 165 297 756 178 15 385 717 972 196 848 360 928 516 562 507 142 794 269 975 36 525 583 16 80
460 812 345 29 596 635 540 340 758 720 570 0 568 73 841 54 873 588 717 207 390 843 262 95 317 577 204 263 524 309 783 980 578 350 123 350 715 886 449 976 21 754 426 548 553 479 629 671 461 277 433 525 645 577 271 419 278 544 448 823 220 434 775 132 600 377 948 385 295 717 475 87 162 942 488 269 869 933 836 760 7 32 90 96 504 789 447 436 472 468 30 298 664 659 525 626 4 973 672 995
107 694 96 564 331 0 386 344 942 301 879 43 45 567 677 501 208 337 489 907 286 788 156 472 15 516 835 73 870 283 170 168 833 258 207 105 801 609 790 672 198 406 478 585 32 753 69 823 126 61 281 392 661 630 427 423 637 838 165 906 973 350 227 429 287 609 689 131 820 375 131 300 680 646 144 721 931 332 679 486 978 338 50 145 652 470 604 608 836 567 23 279 247 506 382 489 969 263 621 188
643 104 860 915 394 865 969 114 308 13 162 737 159 206 572 682 891 883 863 246 395 867 758 629 723 446 169 368 887 258 797 143 275 373 410 681 367 318 367 459 350 172 716 802 342 834 837 781 99 920 708 95 503 87 913 285 137 922 459 327 891 877 338 766 53 183 448 516 106 871 86 99 572 939 607 887 663 964 378 205 522 646 890 459 289 374 534 860 394 1000 776 11 681 366 271 66 133 149 378 95
681 409 398 164 914 266 433 212 345 116 148 395 61 176 985 361 604 990 132 360 319 227 308 992 651 447 323 397 805 237 291 730 855 0 56 646 774 140 655 469 373 502 187 849 365 493 472 435 171 396 379 944 139 415 311 319 318 349 310 86 4 551 715 801 333 917 369 94 704 41 508 647 673 403 376 683 841 337 689 350 307 832 239 21 942 830 67 357 491 729 922 735 276 749 617 860 35 736 981 921
741 378 306 847 30 642 131 945 712 171 931 411 544 556 296 461 321 594 528 455 62 172 618 425 930 305 467 703 639 588 780 355 314 802 761 161 563 161 700 667 643 19 418 209 682 302 694 468 621 104 397 212 464 629 889 908 952 270 406 426 196 115 86 812 1000 718 263 228 12 117 139 230 450 45 818 805 40 955 541 41 277 261 37 40 408 173 74 882 329 894 640 91 436 174 384 768 252 396 724 873
725 33 755 582 817 616 941 646 163 986 552 966 761 294 874 984 759 784 659 106 760 70 770 835 886 97 231 188 562 863 383 390 616 905 90 214 974 94 107 461 949 693 486 920 62 482 495 202 375 823 481 595 88 871 353 597 989 121 140 238 190 981 377 994 105 522 865 358 575 766 7 358 130 586 282 275 345 164 852 43 614 878 84 730 503 489 383 693 367 178 950 647 177 90 454 918 244 568 154 652
525 898 158 275 132 160 121 101 207 251 209 774 637 733 775 141 941 852 321 479 850 171 73 231 53 160 561 692 792 814 913 579 873 719 308 539 610 13 728 728 322 462 93 492 994 982 929 150 15 237 521 571 283 169 559 705 64 357 651 153 845 318 110 876 118 973 669 503 682 222 842 601 449 783 264 112 226 766 430 515 894 478 130 395 307 604 236 115 329 258 669 240 190 420 93 434 596 288 515 609
463 966 444 355 14 7 102 595 633 442 129 793 535 888 864 651 841 579 784 506 681 492 939 475 775 329 59 629 454 192 777 471 824 575 94 790 531 328 401 260 360 389 239 199 364 865 675 928 190 9 572 449 953 339 255 841 184 548 446 6 823 972 624 425 237 251 274 550 428 211 321 712 922 185 995 868 471 901 218 837 58 20 313 0 784 458 357 611 576 374 544 8 561 474 813 869 16 182 233 458
622 387 121 592 738 315 496 627 528 350 256 882 535 278 572 877 760 67 405 702 598 314 857 85 722 81 841 391 794 20 426 156 712 593 116 756 927 16 106 674 695 73 315 896 854 169 67 279 116 152 995 171 21 976 986 567 329 875 189 404 289 642 683 260 844 828 506 237 82 913 400 263 824 605 415 464 669 619 773 653 614 564 455 926 961 268 811 785 78 919 16 989 787 323 362 799 10 378 663 850
639 339 804 60 441 304 755 901 422 89 858 788 847 85 539 463 939 852 542 12 781 386 926 647 892 826 1 283 895 254 787 729 571 926 573 75 179 915 392 960 906 786 123 348 319 224 34 346 180 728 868 483 575 490 585 987 32 916 664 35 21 684 574 476 726 800 911 724 316 336 195 229 574 470 305 554 6 920 105 5 574 658 857 258 775 868 549 238 443 136 492 619 304 307 540 629 78 559 605 152
892 637 290 45 560 441 189 492 650 369 680 728 869 739 754 129 58 981 860 882 461 260 344 789 617 372 253 65 30 770 961 450 623 825 86 601 778 85 963 397 794 392 541 225 925 454 636 952 663 625 610 720 531 807 943 718 623 285 966 144 846 906 589 568 180 953 580 914 696 749 129 67 308 885 170 300 234 447 376 48 139 291 939 324 792 945 997 105 863 396 809 331 28 497 479 360 641 203 857 412
188 3 926 580 298 862 280 730 121 206 234 97 529 803 13 403 221 825 488 836 236 538 234 886 874 31 562 134 746 511 427 905 655 74 287 601 31 103 837 189 485 964 1 860 475 476 917 898 949 600 285 660 203 712 820 730 726 10 75 38 25 232 978 438 272 386 22 765 71 307 27 46 66 104 358 984 951 179 13 24 988 920 157 831 257 423 96 521 244 106 496 495 810 301 80 630 706 651 299 292
989 157 811 275 76 314 544 485 110 850 125 771 199 996 308 697 461 742 990 509 407 243 187 346 544 37 139 305 898 743 427 474 398 431 78 258 22 968 96 630 463 46 692 377 699 91 291 448 627 135 934 187 60 391 454 356 365 612 667 501 511 928 76 996 776 471 856 844 451 11 932 280 288 182 534 593 885 504 679 726 95 791 833 32 446 297 800 812 661 638 946 953 493 85 584 280 778 740 173 147
700 437 398 57 115 392 640 470 534 526 484 307 90 778 897 998 266 139 404 871 259 785 476 624 205 575 14 621 53 772 639 287 343 766 495 55 761 737 889 216 844 890 414 836 698 418 961 362 380 652 507 529 524 829 120 76 496 127 802 882 61 613 696 124 866 353 951 103 26 967 591 226 805 270 214 342 686 208 867 365 720 156 917 449 94 154 122 934 790 326 612 297 212 275 306 135 299 966 258 621
395 544 142 985 463 142 506 571 932 550 23 825 875 361 690 936 953 212 702 891 692 61 702 156 370 84 876 853 53 666 400 221 237 485 150 375 300 836 617 867 452 495 651 745 282 766 323 434 473 679 234 998 767 467 752 516 447 976 416 858 607 898 191 50 600 942 476 636 771 463 948 637 122 692 663 463 43 501 389 982 339 221 334 289 678 53 384 882 90 159 403 80 732 469 549 311 112 156 23 980
38 876 903 716 829 172 867 634 261 765 158 480 261 638 880 280 912 964 165 718 140 354 629 74 731 870 537 114 336 525 468 850 55 520 887 612 572 437 301 700 22 332 84 287 315 712 54 840 491 917 87 415 823 592 666 822 882 889 34 92 94 284 198 148 402 376 453 790 499 855 516 511 739 880 833 409 265 675 756 558 600 427 201 102 24 628 507 665 612 798 444 419 963 446 969 791 873 455 450 427
864 358 939 352 205 560 56 444 462 206 605 189 588 183 866 832 830 928 381 273 232 599 583 127 114 439 566 794 73 969 297 305 996 643 72 61 363 468 92 278 881 961 791 345 838 207 171 631 971 393 543 762 709 409 912 991 604 484 374 98 409 503 176 389 257 999 523 955 945 419 983 584 95 914 333 823 684 197 586 642 807 533 534 632 51 574 793 515 991 532 620 921 459 663 856 798 308 601 214 540
16 790 184 474 947 278 646 101 164 16 454 68 510 575 913 686 129 863 715 794 288 469 457 119 746 272 91 820 970 248 504 589 281 396 763 450 944 511 388 726 518 720 379 607 400 422 184 185 660 803 149 280 337 127 857 716 40 928 378 189 624 713 458 452 293 645 161 407 738 392 606 178 229 572 902 352 569 217 28 618 633 645 228 550 265 25 995 65 672 499 903 115 263 632 187 356 306 477 120 2
917 339 798 11 110 32 275 676 99 657 854 215 693 14 6 750 269 223 431 183 892 674 520 924 62 628 288 741 371 968 611 24 549 507 791 407 876 793 314 74 600 492 733 45 118 544 306 94 172 57 506 155 278 245 595 345 6 540 744 469 842 177 466 208 221 99 221 828 737 440 882 330 721 491 166 535 411 992 376 201 145 390 560 237 127 809 707 640 92 453 594 159 292 657 648 328 755 354 923 669
81 251 149 93 897 53 465 981 659 980 585 988 947 231 738 791 829 375 898 978 567 891 196 755 337 500 220 638 448 111 812 980 70 533 64 480 366 407 936 349 101 43 472 188 920 550 701 954 583 314 412 345 428 356 829 803 591 187 196 335 325 97 846 949 883 438 353 233 348 236 363 58 232 852 367 221 62 421 859 526 631 509 811 47 95 833 106 707 164 662 945 875 935 47 433 276 793 975 561 449
361 866 655 687 47 799 844 969 583 16 737 475 481 370 441 303 311 15 21 363 373 181 10 997 743 46 28 185 650 32 960 576 716 503 330 218 360 287 283 729 832 700 875 350 295 507 795 488 433 88 976 860 561 285 23 39 902 111 427 607 86 571 688 945 825 18 973 164 289 978 140 542 891 102 507 81 140 478 985 655 447 400 139 924 286 479 413 642 27 584 758 638 642 639 719 219 244 676 132 540
232 844 895 700 657 886 48 199 215 293 634 193 274 225 656 811 754 410 730 80 660 157 575 585 154 167 196 975 810 206 695 184 559 23 121 317 282 925 247 492 542 273 939 13 180 717 485 815 847 625 271 986 58 35 107 824 340 33 805 675 636 399 665 148 237 90 89 270 345 221 473 748 5 557 723 623 667 285 99 15 897 71 193 487 180 944 24 868 641 893 626 149 408 581 565 911 808 867 798 758
699 691 983 487 209 956 796 836 722 280 922 781 604 143 710 816 883 307 581 631 913 73 622 386 727 56 202 225 887 10 973 123 476 611 832 85 543 352 426 287 53 753 759 252 452 145 717 26 644 244 791 127 417 306 271 134 865 106 431 553 205 713 889 540 56 968 652 564 84 841 721 611 913 776 601 430 949 131 836 945 939 756 911 795 816 755 195 158 511 234 605 482 131 938 500 701 833 901 525 96
19 837 900 374 161 928 113 84 506 864 356 455 661 302 590 806 193 680 236 914 656 882 399 774 491 584 723 395 981 909 877 259 465 708 374 530 554 371 483 720 566 925 632 122 275 610 419 404 83 607 307 994 694 325 881 485 975 544 37 840 854 471 731 282 435 989 111 470 363 577 374 86 822 767 535 193 469 287 67 977 470 139 385 745 405 414 790 152 570 636 313 503 276 670 792 692 246 814 20 915
396 24 437 683 624 954 67 484 104 368 20 866 688 646 693 785 926 327 431 166 750 160 977 785 984 765 30 270 972 653 931 23 575 982 515 728 108 345 246 439 625 619 835 46 617 797 79 693 333 471 609 319 41 383 180 254 190 49 767 924 841 910 39 141 284 197 37 751 855 942 584 467 193 366 481 401 282 315 83 720 340 886 614 349 519 236 776 611 57 153 660 87 161 369 924 87 120 448 946 269
107 461 659 735 199 990 737 6 738 101 793 689 299 25 291 86 544 772 766 49 293 146 149 277 460 542 827 557 158 11 112 600 472 873 589 656 928 506 776 499 515 92 57 951 548 482 105 19 916 389 173 846 60 556 679 2 712 984 662 942 803 801 401 252 340 864 573 944 527 125 169 283 170 122 596 980 855 323 271 112 537 711 15 801 405 739 569 932 785 268 139 565 80 449 512 928 900 431 798 677
153 838 325 927 918 167 327 401 803 288 931 477 192 564 11 996 809 150 995 895 51 671 302 858 255 984 455 821 622 450 834 683 419 554 374 257 247 149 986 794 170 466 218 651 181 934 819 242 287 937 650 650 45 978 584 501 281 658 181 750 223 534 833 299 880 56 808 722 919 468 423 297 985 321 99 352 548 975 304 691 689 989 802 826 333 89 34 717 265 978 164 934 205 854 675 405 933 247 342 324
493 254 873 189 62 120 492 916 88 383 246 701 218 433 131 720 853 359 832 406 716 838 53 460 925 239 424 747 707 863 275 616 757 787 859 16 937 309 942 690 566 949 448 366 897 75 769 634 761 608 869 984 865 40 265 34 171 551 852 290 371 250 95 705 162 447 161 486 358 667 865 13 544 552 471 98 182 44 789 893 723 945 873 837 639 566 293 682 719 206 429 255 987 314 795 776 523 594 832 781
964 79 979 313 982 683 564 391 526 763 330 957 786 594 0 607 272 26 245 808 77 541 58 7 811 162 307 397 565 796 411 260 559 285 615 253 660 822 193 297 549 643 167 115 0 828 321 572 387 443 921 812 737 799 711 934 704 336 923 399 269 462 245 881 474 54 986 158 652 180 745 659 456 14 560 769 853 732 703 725 385 371 600 199 830 72 481 971 510 97 12 237 377 248 468 250 144 451 771 326
400 929 571 423 144 385 123 950 465 487 737 610 950 207 83 747 262 584 14 153 944 797 189 997 903 29 843 673 637 235 536 0 740 901 385 129 991 248 468 401 51 328 230 920 824 967 956 882 574 377 412 832 13 591 931 663 706 724 355 182 407 624 645 33 783 162 458 486 814 830 219 299 503 778 559 48 955 620 633 1 665 298 425 436 410 689 37 145 817 967 700 826 710 372 75 405 507 584 671 861
457 6 445 987 23 527 72 114 955 353 29 68 160 850 65 612 157 585 583 358 233 431 168 44 30 802 923 688 36 798 978 802 886 689 254 363 278 124 464 166 675 181 940 302 818 342 946 412 773 330 51 239 983 673 477 3 721 856 878 422 55 538 848 335 615 766 901 316 246 745 345 879 116 987 524 242 512 221 679 114 172 327 600 377 177 508 408 264 793 954 707 731 214 427 114 333 690 72 664 705
817 435 942 753 603 741 830 253 280 143 509 100 462 997 910 283 981 622 440 803 546 110 11 252 70 70 842 616 71 868 413 419 258 499 548 493 517 764 441 910 857 713 1 469 226 694 566 356 415 749 745 637 481 420 371 783 476 835 489 107 942 153 293 538 593 946 296 365 73 125 465 182 195 917 629 522 549 556 921 190 956 294 797 554 609 295 768 67 251 487 10 343 429 836 350 617 159 167 979 926
585 87 113 183 575 775 868 673 699 331 328 430 185 318 757 669 137 415 297 398 537 9 61 997 603 514 131 109 895 892 342 326 893 102 599 73 657 882 887 4 673 429 94 679 186 246 70 263 708 762 400 271 603 441 783 415 814 794 361 525 75 563 894 580 604 157 825 41 387 98 626 710 93 508 975 664 926 51 336 283 698 494 471 440 371 684 626 913 472 101 707 805 794 808 566 629 431 76 853 28
926 15 557 498 930 184 485 180 973 827 955 356 305 436 749 897 845 989 990 512 133 682 284 720 366 972 294 206 480 988 22 901 265 525 878 855 455 363 683 890 846 840 419 926 907 417 266 811 545 812 561 25 898 340 893 899 231 844 108 679 475 841 881 131 578 716 415 452 480 88 637 578 509 364 11 194 951 518 306 662 794 1000 138 450 927 390 368 575 660 137 88 146 872 359 628 225 359 218 118 952
611 623 338 153 474 351 71 99 395 21 894 591 111 662 804 785 285 552 492 10 595 509 184 704 178 44 967 217 738 682 419 909 698 507 539 175 674 701 736 800 552 148 295 196 116 941 919 96 17 665 708 111 388 632 939 56 376 870 822 481 138 62 498 605 483 203 975 979 35 615 53 55 138 562 69 739 167 224 675 85 87 536 548 249 208 469 195 158 608 527 474 483 350 379 707 811 609 266 547 110
35 457 737 293 219 622 214 852 629 806 600 445 164 324 933 340 279 130 284 693 582 73 221 258 862 26 621 51 331 806 248 617 513 623 930 498 6 965 204 525 371 416 242 356 167 849 174 701 884 958 784 93 307 832 853 41 283 947 143 49 560 884 225 389 996 957 257 668 729 87 602 187 776 398 74 443 312 106 839 287 804 412 454 194 338 836 396 312 573 886 279 237 490 713 107 447 816 429 188 883
348 203 128 628 64 111 21 363 418 347 95 217 98 506 766 930 525 521 210 979 704 892 491 592 81 448 342 916 966 768 809 821 802 544 390 560 908 331 189 759 496 101 842 483 842 32 738 472 68 335 578 300 620 441 470 454 408 419 87 42 66 241 779 49 428 640 263 463 998 53 598 536 65 725 510 198 526 947 118 246 511 614 684 235 14 113 775 391 272 128 119 735 221 769 131 702 242 589 179 959
893 509 618 28 313 295 577 59 510 51 340 187 753 922 171 2 54 532 564 476 32 308 229 439 535 194 64 60 128 190 293 517 839 930 144 355 110 877 464 601 599 460 25 756 338 814 104 89 785 823 40 605 5 341 476 664 824 51 783 608 824 72 402 452 22 627 498 100 893 389 702 800 365 939 853 934 840 298 653 36 976 306 153 267 522 201 666 405 908 595 697 249 332 752 640 233 772 329 508 281
130 617 371 688 438 956 938 247 546 503 51 154 422 34 913 7 178 775 807 351 668 935 365 525 867 560 219 480 436 3 532 991 621 727 129 418 469 266 373 902 40 103 811 792 196 493 200 948 873 921 111 762 519 737 243 999 718 997 906 731 639 68 884 284 213 919 477 741 798 102 558 687 771 236 843 713 956 139 708 651 309 350 970 939 891 429 511 362 894 940 697 756 948 710 912 664 2 981 755 118
848 374 411 55 366 680 394 722 845 55 837 596 846 128 448 67 931 354 371 127 404 765 639 283 127 479 244 450 651 682 655 760 64 563 621 960 310 3 83 383 169 685 817 952 542 32 866 529 973 228 645 389 85 780 272 263 310 41 627 429 441 569 566 112 753 761 379 171 670 839 69 174 848 814 472 891 215 639 957 532 955 132 115 0 698 305 959 665 642 613 465 76 438 249 700 83 936 271 242 22
510 715 741 837 572 377 582 195 135 823 696 401 467 797 334 774 277 654 166 558 681 469 298 970 233 337 402 704 323 492 581 139 611 315 127 650 476 865 154 124 964 493 986 822 119 190 339 778 824 155 306 184 27 139 68 982 326 883 600 125 406 551 156 0 179 827 202 208 747 265 932 454 508 671 381 187 686 415 614 125 289 843 341 38 197 826 850 562 89 740 72 286 75 912 276 495 565 32 518 660
643 475 843 168 418 688 953 837 843 213 288 620 745 101 827 420 94 911 555 928 711 835 0 684 719 242 531 169 508 399 124 462 401 979 280 127 307 487 453 183 708 568 426 353 149 510 894 672 699 546 96 481 962 717 694 58 314 477 999 83 291 656 244 320 826 187 569 69 947 484 862 941 347 629 706 965 969 921 846 288 328 612 655 963 130 769 830 12 327 733 417 333 341 476 279 850 477 576 557 739
858 337 546 483 489 974 898 653 769 272 237 3 512 266 38 901 792 775 939 634 2 120 770 710 8 326 648 71 24 344 397 264 980 207 509 703 434 567 820 848 629 253 604 421 972 370 587 708 670 841 305 890 906 908 156 501 307 361 72 10 406 136 517 133 253 680 548 729 716 8 998 415 744 853 869 166 85 242 83 177 142 5 802 130 317 945 140 478 623 902 873 911 728 503 201 694 177 187 674 822
120 434 220 62 305 536 337 511 178 472 709 496 109 431 8 487 877 727 83 1 491 947 371 230 227 907 482 874 590 204 737 972 225 601 202 864 456 317 3 618 848 994 259 59 180 685 87 122 85 496 333 605 188 489 297 307 130 895 725 705 45 670 482 935 779 112 563 349 729 38 390 117 471 24 735 704 453 41 300 14 321 493 895 248 334 377 943 50 136 969 600 976 544 661 25 58 768 877 18 846
92 473 346 239 807 409 430 257 316 833 527 299 631 405 949 297 544 808 988 164 727 653 911 524 158 185 714 75 948 836 144 462 958 789 793 240 509 148 894 87 431 647 618 149 43 204 26 933 307 103 192 544 998 213 792 299 856 723 932 688 963 776 535 413 419 632 67 407 752 134 445 324 279 736 786 344 617 112 162 217 802 8 286 916 76 834 436 169 136 812 963 717 857 5 50 259 232 586 373 969
383 444 804 880 805 724 530 372 589 265 89 759 146 963 828 510 625 719 67 918 14 583 74 195 463 711 857 440 8 343 831 136 540 476 249 522 663 424 861 995 64 329 226 645 908 276 185 638 647 413 602 432 111 819 848 909 870 915 478 633 144 534 517 803 271 926 249 582 137 945 986 452 774 582 713 736 848 680 952 478 199 315 544 246 525 123 180 624 113 153 856 187 581 223 11 338 139 474 484 596
312 418 183 753 774 802 864 921 250 248 27 89 815 877 939 462 298 660 747 762 385 946 424 642 530 140 511 836 617 880 900 188 96 853 212 788 688 479 329 553 710 349 572 123 70 107 234 337 719 322 667 115 76 263 703 361 300 373 237 762 725 60 481 121 756 192 141 483 524 1000 269 607 34 936 423 749 677 868 165 231 85 871 889 91 206 997 327 339 928 531 202 571 821 307 962 26 21 147 464 405
763 980 125 409 176 852 542 539 707 175 167 73 455 407 572 31 110 368 513 680 455 326 668 374 969 765 737 839 837 836 371 347 512 965 865 890 40 430 336 771 272 475 464 184 169 742 605 278 793 498 533 775 494 432 514 485 1 492 193 409 605 706 312 686 881 259 682 986 23 262 202 19 555 61 449 272 773 765 426 652 431 384 577 695 281 194 712 933 577 56 702 861 825 22 903 469 743 407 694 889
116 648 884 478 540 462 710 505 384 953 468 524 184 821 151 948 944 998 903 413 447 135 594 923 350 208 425 329 165 939 612 313 663 407 264 896 146 778 502 401 853 811 391 606 767 25 653 171 681 972 475 790 47 850 505 832 583 534 829 968 358 542 898 731 320 44 942 275 233 895 658 98 731 325 174 112 363 187 633 314 316 984 53 879 605 804 273 565 504 507 225 324 17 217 894 701 987 348 579 938
450 428 845 900 148 278 368 156 749 729 842 637 49 539 816 243 576 920 937 589 789 419 167 158 174 476 481 441 711 759 599 4 561 412 942 394 856 937 94 712 813 79 944 414 795 455 688 333 389 574 214 230 818 729 826 416 667 584 433 203 83 920 155 111 951 61 475 56 902 281 901 131 14 809 304 510 670 640 533 929 876 570 610 63 741 882 648 682 229 986 408 219 819 219 172 265 895 483 644 805
266 999 772 890 858 323 500 873 212 691 75 85 5 638 369 901 306 555 226 798 897 508 28 794 429 748 951 152 391 317 646 106 934 443 256 3 782 17 58 408 790 808 989 864 671 130 440 187 679 958 393 705 351 874 652 929 563 254 797 560 776 421 458 259 100 195 459 639 840 778 284 782 533 621 825 195 482 943 924 291 949 952 551 940 859 956 909 488 431 400 512 28 572 142 288 485 740 88 324 920
615 880 796 788 500 434 825 258 911 444 756 253 992 853 318 552 340 861 366 406 520 612 324 933 770 177 987 258 139 982 557 304 98 945 672 965 944 905 179 478 892 769 171 763 921 443 791 969 505 63 136 461 922 277 945 538 955 534 388 533 547 646 737 7 255 204 78 346 416 670 128 109 393 168 512 226 686 944 318 623 772 560 626 720 809 134 670 593 286 199 825 130 634 551 447 899 443 478 863 446
969 516 441 894 44 976 231 272 806 366 970 208 378 241 620 113 824 706 494 382 454 213 620 241 870 678 811 981 634 994 505 553 581 157 182 196 897 143 400 503 369 109 324 218 971 470 937 170 69 129 72 401 306 194 811 236 765 899 200 935 761 213 652 991 734 672 395 163 912 145 178 602 8 462 965 207 38 366 427 2 327 98 385 875 737 534 383 517 772 612 147 897 83 37 666 734 748 271 981 497
478 790 50 391 300 357 210 556 449 718 274 665 766 287 532 561 332 460 590 713 817 909 968 461 343 63 301 879 886 573 940 290 852 795 556 338 416 90 105 853 950 222 169 998 200 403 806 529 659 638 616 105 763 325 310 34 577 612 129 761 375 566 452 153 384 741 205 946 164 601 124 82 405 56 770 883 391 629 31 509 612 124 12 873 907 830 347 422 396 693 409 660 232 578 366 342 778 2 657 955
323 280 406 478 441 766 963 423 165 630 352 569 749 638 112 349 89 105 951 314 18 447 454 849 494 406 818 325 593 552 429 240 705 514 950 887 531 890 525 726 421 756 289 34 618 946 792 891 716 13 822 239 676 941 195 756 827 785 211 463 42 988 573 391 162 250 94 86 736 856 108 394 504 240 428 20 76 738 535 767 331 549 648 795 88 408 260 84 456 663 846 198 632 692 242 177 766 741 253 47
92 452 66 47 658 334 256 685 696 546 598 527 826 606 324 912 360 273 328 870 680 374 852 796 791 449 872 531 9 607 433 969 605 854 889 893 872 261 283 500 33 11 341 553 439 548 491 84 758 444 682 54 771 44 369 949 776 376 68 706 828 500 301 572 608 530 98 784 347 137 507 261 326 352 235 68 628 516 757 104 974 781 744 598 575 579 547 991 512 781 186 93 534 906 358 548 178 277 97 316
117 993 532 351 421 933 812 180 334 408 221 757 926 698 617 822 113 610 280 229 172 314 662 99 588 89 965 489 809 84 832 358 711 256 34 707 788 815 489 664 259 679 554 114 80 47 578 856 764 775 938 95 959 817 411 810 334 463 728 733 269 482 154 695 39 119 933 890 820 326 104 551 699 162 694 867 646 808 120 544 270 574 477 997 786 158 425 321 502 916 566 538 170 433 513 296 15 743 309 766
359 691 902 205 888 747 920 273 300 63 653 54 257 406 944 313 372 34 388 342 772 416 140 918 329 358 408 972 236 546 536 257 758 834 734 246 344 391 801 5 328 822 911 184 205 818 239 300 789 407 823 267 59 9 331 934 740 180 697 878 478 462 638 302 147 959 449 387 247 412 401 80 329 928 607 611 762 305 526 710 643 444 349 55 302 853 510 108 45 931 165 886 88 758 277 293 664 10 862 178
866 248 382 707 702 949 42 238 873 310 355 172 482 876 796 720 155 214 379 682 532 296 249 392 583 53 541 301 343 504 722 89 588 502 466 664 986 67 690 627 184 240 211 288 152 352 522 592 956 304 589 376 528 854 217 108 286 85 279 343 661 393 379 60 310 680 492 488 281 21 848 401 364 947 329 286 253 450 756 504 492 917 62 628 982 304 101 254 433 711 275 61 94 744 382 989 679 758 219 590
437 804 221 6 821 866 166 249 580 975 621 945 263 106 393 245 78 616 653 405 895 412 670 352 872 855 590 729 500 224 590 901 911 949 327 992 955 931 247 258 565 630 440 689 275 235 791 995 742 606 509 991 532 635 192 218 298 191 924 17 113 681 123 708 504 443 662 418 280 618 264 163 148 287 24 956 418 806 69 602 522 366 922 533 53 744 552 150 907 943 651 672 617 745 289 997 982 760 252 142
726 899 335 389 78 667 767 401 439 975 732 139 956 298 718 694 852 776 151 118 654 189 363 659 993 249 956 482 71 307 707 782 34 843 807 908 693 46 47 71 129 469 481 576 611 41 704 52 870 334 249 307 658 664 420 920 386 176 955 794 511 487 872 365 351 103 819 631 450 247 803 973 504 682 749 789 89 741 837 55 936 604 342 964 653 561 794 143 923 27 602 94 409 540 962 714 313 48 256 547
790 921 805 419 67 299 594 148 30 415 786 120 678 631 969 201 404 222 755 904 803 397 148 195 688 676 53 992 849 997 981 31 998 946 758 409 866 527 469 883 83 730 145 15 589 182 886 629 738 579 297 308 725 291 707 22 750 624 214 449 661 362 852 447 967 983 984 709 789 338 702 522 723 415 626 932 924 189 604 617 797 311 974 5 997 67 986 159 143 516 694 231 672 150 746 643 206 181 406 401
977 102 915 107 762 687 280 303 154 141 693 111 818 388 159 274 548 261 656 245 765 256 345 156 868 559 426 545 978 895 800 866 260 262 571 816 738 784 643 534 195 930 488 783 377 793 747 857 512 68 144 899 475 198 365 186 846 839 284 494 472 524 418 743 529 823 755 711 60 343 818 997 485 173 326 343 522 414 789 349 419 57 504 935 546 364 581 487 574 385 238 795 323 614 528 928 357 359 310 167
15 619 775 44 824 493 485 345 527 983 173 746 62 311 888 158 907 718 860 900 907 447 867 623 866 369 492 594 877 707 78 538 202 48 214 998 442 27 539 901 210 472 705 564 204 517 581 700 953 823 342 739 252 363 633 339 406 904 836 649 950 332 984 415 452 589 898 215 477 836 941 887 313 948 983 575 830 983 96 221 442 195 236 921 899 476 809 990 429 543 931 160 658 838 625 521 195 558 353 60
281 726 708 861 644 154 516 801 886 745 924 33 907 385 126 341 25 363 842 439 95 859 9 473 870 392 95 922 485 607 358 432 872 692 819 910 25 542 815 152 850 240 110 300 93 44 550 977 514 372 672 869 261 949 27 85 330 84 785 385 75 215 163 644 150 439 895 635 448 332 564 213 437 391 615 710 514 279 41 860 392 469 686 334 631 587 258 766 801 345 374 885 10 309 54 783 731 637 573 214
822 497 173 203 918 789 312 699 789 721 109 499 11 414 223 695 87 462 282 568 87 847 81 227 438 740 187 441 939 488 202 54 820 641 768 743 255 674 49 735 452 339 75 909 979 832 951 91 827 135 372 932 99 624 847 984 605 130 548 969 965 650 8 333 322 554 670 697 112 478 638 619 244 150 338 740 266 683 393 508 623 251 172 542 371 773 858 177 636 22 450 202 485 349 560 219 683 640 152 655
358 212 715 565 951 559 917 715 843 676 68 644 475 404 912 354 914 331 417 565 343 656 282 663 898 76 50 985 84 358 154 323 143 519 896 594 941 334 899 416 91 502 273 721 291 574 877 78 700 26 821 886 713 147 68 274 248 962 326 895 956 900 728 496 665 385 981 204 356 387 667 294 126 860 408 588 532 702 225 563 1000 659 741 270 736 714 67 531 695 169 616 760 965 268 334 566 115 629 715 214
562 753 510 378 108 226 346 320 116 993 884 622 121 934 221 787 358 130 355 968 302 939 748 237 741 249 246 210 636 495 164 271 265 696 6 323 770 844 211 180 379 896 427 749 653 389 656 62 591 696 152 623 85 135 306 252 902 132 285 339 251 72 308 738 493 790 899 812 936 877 367 807 9 374 182 224 351 491 423 162 501 455 932 934 586 919 363 173 317 437 549 697 803 905 930 584 674 96 947 424
464 158 958 629 548 482 314 369 356 148 168 175 980 960 871 895 574 829 653 277 231 68 999 658 396 389 670 687 745 613 153 297 815 25 958 848 299 775 789 365 45 260 901 283 417 614 975 446 624 930 194 771 793 77 153 415 225 648 485 343 433 146 960 828 694 982 482 119 873 201 420 490 97 233 979 676 5 103 230 643 372 466 734 876 654 712 579 95 132 810 193 644 349 565 76 611 907 596 143 278
167 260 19 477 521 718 341 564 894 647 943 262 581 375 202 456 795 288 927 717 212 751 87 115 766 959 430 364 433 607 173 111 592 561 920 404 146 639 323 596 736 531 941 264 829 514 23 412 197 164 78 616 716 532 570 236 483 705 195 206 13 598 929 160 46 440 166 989 962 708 760 237 966 925 752 961 989 118 569 371 778 34 971 391 790 136 278 338 234 743 780 278 571 455 367 218 990 542 528 710
520 747 960 993 722 356 343 590 913 710 434 138 186 246 522 151 864 363 209 364 427 562 440 535 762 442 341 835 730 469 691 161 389 444 101 485 124 194 936 414 443 917 835 691 722 14 876 977 316 718 412 866 954 87 613 789 581 313 911 682 396 987 483 108 585 833 437 536 222 342 479 420 786 251 284 704 448 772 655 251 411 149 393 171 870 887 675 763 391 256 524 764 211 358 512 54 578 155 764 530
145 823 907 667 658 246 775 367 631 835 607 783 833 135 347 945 480 700 814 375 451 719 114 432 487 523 302 449 78 351 702 26 532 820 523 609 541 606 87 747 629 306 3 669 1000 92 743 47 130 673 62 28 654 747 11 644 115 901 155 448 533 325 524 483 467 61 732 491 937 607 999 490 275 742 817 553 752 654 668 856 94 624 44 572 449 92 501 739 550 209 997 267 5 941 982 762 339 659 603 681
318 991 604 391 645 577 926 388 901 110 610 190 808 373 242 85 130 514 12 425 138 712 892 839 919 131 194 569 898 496 349 149 743 299 292 435 384 584 766 334 600 518 360 707 74 78 715 732 92 124 75 924 209 706 94 835 498 967 703 836 219 417 906 380 529 619 308 464 473 264 629 963 727 435 568 522 142 91 594 141 177 92 946 898 176 885 318 341 681 54 91 675 453 944 449 882 323 381 308 756
347 789 662 347 466 558 539 348 446 376 295 782 740 501 466 600 391 946 880 683 932 49 472 645 48 446 265 221 945 197 889 941 412 555 708 23 609 480 242 101 202 342 285 898 861 475 390 864 879 97 661 535 394 52 690 769 499 147 224 783 80 86 842 323 731 332 820 603 571 417 874 636 0 179 624 341 358 189 144 902 679 15 19 834 550 749 295 456 615 57 475 864 904 300 976 78 528 472 33 63
926 374 989 735 521 289 33 531 483 244 920 270 920 35 425 695 811 533 646 658 246 306 237 888 634 469 313 405 825 594 181 459 410 43 572 776 542 758 225 162 615 740 602 109 585 52 508 717 65 958 327 857 328 817 63 821 642 334 751 194 409 52 866 488 90 756 686 496 932 939 334 181 349 475 97 660 95 637 260 664 61 621 355 98 463 338 577 162 286 161 298 314 112 192 505 248 72 667 172 963
755 634 128 703 47 151 933 84 904 385 800 86 990 408 710 593 688 399 319 439 580 187 527 93 996 376 611 36 406 317 881 206 970 635 720 37 684 797 99 19 902 475 493 859 101 313 533 891 172 324 114 889 6 82 864 338 47 300 840 382 184 270 284 93 922 529 214 591 250 642 87 546 770 973 267 757 566 585 212 865 892 963 516 501 913 558 365 625 316 983 656 945 312 144 870 203 227 5 183 365
167 406 871 302 999 292 475 188 741 868 397 373 124 649 45 411 14 663 966 829 33 676 569 901 835 278 62 492 984 478 570 859 493 689 386 372 71 53 487 264 636 457 384 410 744 555 737 607 522 53 357 8 160 316 628 183 312 234 796 751 957 17 96 701 400 490 517 466 476 958 362 230 521 89 238 809 989 137 209 918 164 807 828 324 482 746 400 854 431 899 257 579 217 685 283 411 300 644 292 719
645 199 416 751 922 834 442 234 877 41 229 336 775 580 315 782 850 731 6 25 114 906 393 833 634 35 576 980 187 29 590 694 976 628 982 443 560 850 939 577 947 378 234 308 675 584 898 927 782 614 253 919 10 57 431 511 158 25 223 690 687 586 404 561 81 907 5 831 183 852 510 65 312 805 123 136 796 613 908 765 503 826 9 933 926 57 56 506 341 462 472 680 196 343 329 955 230 34 114 804
429 665 881 682 208 724 758 219 548 653 365 226 801 11 885 127 176 26 796 216 683 170 219 903 526 957 18 104 526 568 877 926 250 560 507 722 369 312 249 672 864 238 423 908 569 693 260 443 667 542 971 401 134 428 393 725 377 343 515 803 288 789 722 723 981 189 185 732 7 263 712 532 404 649 692 787 891 412 49 365 1000 90 8 375 743 405 191 160 299 774 93 395 844 258 738 221 427 910 615 416
247 465 387 546 40 131 266 22 144 159 364 95 984 204 913 301 289 354 113 539 547 428 856 985 268 297 100 719 198 947 73 460 648 185 513 642 830 456 287 20 499 743 544 328 457 85 677 951 457 173 762 159 748 544 410 470 700 90 329 613 389 747 983 81 221 141 784 85 409 838 545 860 531 462 173 999 974 384 9 442 511 62 623 955 925 780 119 61 450 151 271 36 123 377 186 653 772 834 798 863
140 113 441 250 660 469 687 879 465 895 631 633 450 699 83 263 833 220 187 701 378 285 788 69 633 164 772 776 480 34 590 822 337 277 966 429 832 730 855 945 834 704 740 498 751 692 974 642 30 781 213 17 584 907 627 415 576 665 443 401 643 20 515 822 668 460 19 703 866 182 696 387 572 408 68 956 562 770 324 863 725 671 215 783 458 311 938 901 81 420 743 11 504 468 50 969 843 560 84 290
855 217 137 836 153 961 504 178 875 886 731 321 498 129 565 809 825 437 804 650 928 250 20 100 714 236 866 74 889 276 856 978 644 570 427 710 734 336 390 402 314 3 596 503 432 221 450 246 328 729 116 162 411 448 600 866 122 308 832 334 258 317 445 532 881 559 342 654 65 376 375 456 561 647 923 535 944 586 863 127 85 354 765 469 477 802 597 40 550 97 733 408 622 803 10 912 692 539 355 480
229 88 731 955 786 857 435 599 226 550 552 174 931 47 320 940 7 81 168 152 193 963 830 3 502 994 76 853 520 319 699 338 305 423 331 680 422 692 429 312 250 315 426 299 692 71 914 675 120 109 527 760 220 675 695 34 277 159 743 838 57 542 529 153 295 25 853 276 872 746 726 789 310 16 463 851 987 782 202 719 812 14 797 781 812 231 368 217 333 982 290 299 788 939 743 534 515 896 381 801
109 102 895 125 675 257 306 246 804 214 21 953 913 651 632 151 648 593 255 779 261 721 352 594 290 774 452 717 413 611 764 395 686 476 567 633 806 960 5 823 314 910 848 23 810 491 16 630 879 289 629 589 280 406 909 902 100 774 443 0 551 168 73 408 818 198 185 140 239 637 592 640 416 266 457 899 346 514 247 589 65 601 751 910 548 691 794 795 904 302 536 491 130 423 148 247 700 896 188 983
189 73 879 104 948 249 140 316 124 719 65 935 586 331 112 6 312 524 52 615 63 723 91 550 260 736 9 461 588 958 917 759 101 528 968 570 218 553 404 415 205 829 153 334 231 273 97 269 91 829 116 496 184 573 895 843 641 471 879 215 266 646 612 878 774 384 713 878 261 687 858 320 551 244 219 911 189 868 521 217 823 703 857 702 92 81 655 691 129 643 389 479 163 625 441 734 569 361 420 310
12 499 768 71 237 526 369 14 955 43 582 450 59 88 873 255 517 179 262 743 22 17 751 800 203 582 278 688 646 648 109 764 574 780 239 530 11 318 180 432 472 302 857 232 826 446 590 615 518 398 768 159 684 477 297 302 268 986 605 754 981 264 121 553 363 275 504 752 726 264 793 516 912 205 543 619 670 341 892 586 50 898 266 658 698 794 87 255 827 469 296 304 703 89 696 384 435 794 300 834
561 411 920 441 478 700 814 958 678 67 601 489 572 924 795 50 839 320 439 786 405 280 944 143 836 901 108 603 270 845 368 79 276 999 236 337 921 218 795 329 952 394 258 130 4 971 685 574 623 177 106 899 400 474 783 555 533 737 321 127 84 190 35 126 793 654 78 443 852 623 274 346 126 353 555 755 333 23 164 32 315 353 248 938 866 106 922 752 961 406 704 651 96 712 423 826 862 569 653 20
876 798 898 452 884 554 2 188 637 750 357 996 294 240 217 81 915 23 436 19 971 333 55 538 499 372 629 607 256 76 874 127 872 836 44 298 337 858 775 739 428 327 896 687 907 288 140 82 433 532 254 314 809 902 283 548 147 498 648 821 837 115 11 722 363 118 256 330 257 171 119 718 256 313 817 633 602 508 787 378 488 470 681 853 97 501 762 804 803 384 360 761 59 959 175 51 361 216 566 202
451 674 535 312 353 873 22 890 522 935 461 198 252 716 468 321 713 144 536 367 415 839 375 554 226 249 771 605 120 283 673 173 937 492 432 592 838 873 825 158 889 339 102 557 930 217 741 484 692 503 640 177 732 822 22 211 85 463 315 293 926 786 974 494 613 121 489 597 193 233 885 1 728 245 474 426 879 206 377 11 590 430 723 651 933 607 165 570 300 707 915 511 323 367 500 883 522 709 769 499
186 366 189 988 176 809 724 368 40 969 374 583 722 583 96 507 756 228 37 863 838 271 695 577 745 230 363 889 853 381 115 828 638 609 180 378 179 999 815 407 329 841 388 3 133 766 917 310 199 781 141 747 817 512 107 31 383 116 859 610 512 192 243 119 644 606 731 699 879 747 771 103 317 165 279 816 358 646 552 799 436 334 676 923 972 500 477 196 303 293 389 715 968 650 273 594 295 25 558 871
500 41 160 879 774 932 421 486 213 16 292 211 233 821 485 174 142 406 897 855 566 26 281 66 778 882 363 709 784 299 900 880 161 812 220 132 423 692 518 835 38 422 397 64 769 571 577 533 263 541 471 477 919 997 449 506 172 101 207 552 658 289 909 488 465 858 927 48 883 870 442 639 65 497 813 63 837 762 61 308 576 577 177 766 493 338 939 374 348 166 10 194 535 55 805 739 453 638 975 165
901 748 119 567 118 334 912 166 601 985 535 445 932 4 445 38 760 529 968 726 47 298 734 995 507 596 264 334 28 132 180 802 843 823 172 408 575 456 46 831 890 652 535 320 685 579 651 950 841 779 365 552 674 826 55 251 680 904 712 157 524 736 859 441 816 130 394 778 389 26 488 767 908 840 444 574 394 268 560 203 286 789 13 982 91 264 20 642 157 294 723 634 822 296 444 766 216 739 346 857
511 890 709 60 222 923 763 418 12 200 252 529 153 815 623 663 859 328 644 274 666 716 505 67 633 224 841 771 197 137 1 567 849 804 280 467 521 581 133 123 726 211 274 382 416 293 543 870 652 908 946 463 866 681 692 301 250 19 971 690 337 782 502 758 372 484 942 47 958 938 733 75 120 107 280 903 729 108 62 530 491 786 930 187 700 377 909 198 911 308 183 727 231 961 809 358 902 892 279 220
290 412 588 945 6 145 184 968 375 212 277 501 236 666 259 779 410 207 698 503 592 280 537 44 191 67 583 33 115 792 258 207 283 259 414 429 936 501 828 285 553 228 787 749 430 541 219 457 288 834 34 37 456 247 759 48 144 203 816 690 946 558 828 705 747 626 280 365 475 403 567 52 177 440 140 421 94 448 469 155 304 17 667 908 357 906 816 596 340 579 87 771 570 610 81 81 419 658 865 221
229 813 918 414 811 607 573 56 492 316 488 611 14 346 674 832 785 246 293 995 838 165 225 605 926 963 64 700 853 509 959 203 950 589 177 423 193 326 866 601 638 48 598 547 524 290 13 973 780 32 278 121 57 631 731 659 544 176 219 652 423 74 134 851 577 81 398 72 858 298 132 508 234 670 311 569 597 659 92 708 830 379 551 316 240 788 917 784 399 365 177 157 407 322 680 388 459 625 546 936
301 248 257 64 53 551 630 606 543 881 544 331 323 267 161 148 166 714 674 960 222 855 923 519 706 136 67 794 685 113 498 439 534 40 572 356 867 41 269 398 822 78 433 146 32 810 384 827 206 290 531 110 936 265 104 477 668 219 435 869 122 282 628 994 607 768 362 940 350 748 559 51 627 804 251 266 962 704 884 882 585 301 815 992 237 771 700 517 357 237 16 316 92 895 326 827 662 414 24 359
385 564 298 636 390 678 954 555 182 692 896 856 81 25 406 997 562 174 492 726 408 96 199 8 480 363 522 421 91 430 82 865 839 232 250 823 780 198 906 839 579 426 145 32 329 110 869 517 3 377 907 21 632 364 942 777 235 921 542 569 295 78 947 175 84 692 972 255 433 907 189 281 723 977 123 334 362 958 140 94 867 841 193 360 730 355 669 466 750 852 397 298 106 422 236 265 468 944 656 850
338 558 837 106 50 453 806 489 119 222 669 979 279 506 737 467 574 5 355 53 462 495 405 419 847 122 93 318 617 193 791 831 788 760 31 104 593 951 489 816 890 740 93 84 236 186 105 367 323 438 526 9 739 658 537 881 650 881 429 83 799 365 488 230 502 364 689 646 170 2 382 463 461 244 704 169 237 226 869 183 120 241 9 797 638 96 829 642 780 793 98 843 818 828 912 855 729 429 48 321
625 350 267 148 253 179 378 905 127 289 673 600 346 650 583 75 217 443 772 656 819 658 957 430 830 950 662 343 558 886 654 753 297 790 568 150 280 249 749 859 918 857 81 996 386 729 331 673 522 345 779 875 879 852 86 160 131 982 152 920 699 15 84 478 383 586 132 929 82 556 684 133 618 762 945 59 618 715 285 113 207 932 352 393 654 643 667 38 406 91 354 292 233 822 183 66 245 124 827 395
855 128 748 982 629 595 495 833 841 316 749 884 719 737 944 329 620 178 538 683 587 6 36 740 724 114 842 750 7 720 238 547 5 503 20 275 868 926 977 804 540 193 956 334 467 844 961 528 732 255 308 775 233 944 755 653 392 507 801 954 836 391 307 224 378 984 91 235 887 16 493 643 849 467 569 996 626 820 972 437 388 762 818 977 864 503 453 887 106 33 89 479 599 899 91 674 184 860 969 304
322 666 36 858 472 742 914 261 853 459 762 508 276 797 175 907 499 351 705 661 150 171 427 627 326 532 726 103 141 828 694 99 740 637 487 734 610 755 461 139 130 886 453 37 963 934 715 523 941 831 163 683 604 708 256 528 953 885 139 279 555 95 203 846 284 309 673 992 962 503 811 69 706 539 345 528 84 190 510 195 790 775 163 454 763 224 653 58 4 706 7 656 816 888 842 960 969 635 426 269
749 885 422 902 590 211 7 776 793 631 442 777 340 30 207 436 860 253 736 44 614 285 39 369 556 827 95 372 741 161 211 931 708 774 248 92 442 583 52 503 804 953 206 953 638 391 784 939 886 97 20 119 293 267 275 306 439 644 653 333 595 953 680 299 87 556 727 928 826 399 925 249 43 369 861 12 80 331 173 846 256 744 36 265 850 934 153 347 139 591 639 252 263 621 838 583 727 482 77 841
967 975 101 485 604 638 495 428 810 900 249 550 769 16 149 633 407 291 979 653 672 796 402 338 562 179 995 639 93 562 325 460 371 393 938 158 635 682 977 720 641 631 302 293 144 623 259 330 105 96 56 506 417 358 240 938 396 771 201 459 429 465 276 135 911 262 365 710 339 345 497 79 209 611 126 822 53 373 449 969 913 27 509 157 171 183 736 162 147 402 224 494 683 190 166 344 722 794 805 398
943 750 952 513 300 495 662 907 868 469 309 684 626 742 932 333 979 212 850 569 120 726 688 61 715 363 450 257 158 36 280 912 386 831 718 623 722 240 263 463 343 247 560 262 375 691 565 502 718 748 407 771 971 497 634 324 520 529 773 958 405 254 539 960 427 257 433 759 790 918 397 858 460 942 574 646 231 902 923 332 934 236 933 726 961 584 388 876 143 419 1 739 21 88 946 129 935 542 670 425
462 95 408 567 13 419 403 514 13 262 886 372 197 805 367 791 604 252 686 287 962 581 98 270 526 968 216 192 446 654 956 474 579 556 369 33 262 43 52 6 695 721 884 48 935 24 128 222 397 291 538 805 148 716 662 168 834 411 686 956 198 109 892 62 584 172 919 362 958 8 26 170 377 988 965 63 133 639 156 194 739 889 219 183 7 771 11 332 622 509 146 711 998 147 803 634 601 151 604 835
405 765 594 898 205 585 953 379 926 867 543 551 785 523 995 641 448 280 447 917 930 237 367 434 789 238 917 856 551 971 367 508 760 475 350 918 178 967 362 72 157 486 557 184 292 766 208 880 586 355 639 624 922 546 11 615 4 339 162 51 768 892 456 170 611 164 675 663 974 603 886 877 232 814 240 474 676 913 520 431 84 161 923 808 904 939 416 608 489 562 930 267 605 978 191 262 613 684 742 812
121 732 47 817 443 88 160 520 592 721 967 62 283 11 907 280 761 985 646 951 857 102 362 873 244 979 72 710 905 421 732 979 723 450 42 232 297 460 637 999 743 230 15 32 862 364 916 10 316 362 486 722 969 745 259 103 938 455 286 836 505 752 879 991 609 641 321 512 877 6 586 2 964 51 104 609 470 670 893 798 113 949 366 108 827 114 859 595 402 109 168 930 626 660 799 142 751 26 256 738
432 453 663 958 990 518 547 285 697 177 347 647 543 297 560 64 663 910 538 64 674 968 955 626 268 65 918 510 289 537 310 790 820 256 771 740 168 777 217 17 761 561 750 820 268 320 539 510 683 888 861 457 749 181 174 562 956 72 210 779 994 940 629 203 674 613 588 38 715 403 799 180 269 711 85 726 611 441 675 185 993 146 553 151 278 19 390 112 631 425 582 220 751 9 626 409 815 80 380 732
13 750 897 835 412 362 698 730 404 249 166 443 373 62 814 37 432 158 42 809 638 6 270 490 86 507 751 977 44 73 1000 625 591 393 213 294 605 703 332 168 394 224 260 518 961 603 609 658 202 699 200 190 332 539 196 499 781 289 746 894 26 141 930 423 435 522 222 716 46 755 869 987 32 248 872 644 879 788 326 447 827 580 890 288 164 94 668 85 77 950 525 462 741 155 67 237 244 317 848 536
847 739 19 916 850 963 859 626 620 569 922 764 762 186 977 798 941 278 411 398 91 784 193 395 372 322 318 391 227 312 136 840 562 917 582 603 328 447 327 555 458 429 861 28 761 53 648 945 940 319 632 479 952 633 993 492 492 619 552 837 776 670 398 77 211 604 907 581 60 793 514 949 58 607 42 43 22 977 124 875 24 510 801 213 348 923 392 384 114 328 115 307 987 138 729 360 645 938 559 263
452 578 563 915 491 383 978 847 605 579 725 122 464 767 869 317 995 52 548 921 733 357 824 50 697 439 627 322 684 967 314 863 880 599 962 547 753 858 877 555 815 665 667 193 672 0 626 948 365 238 575 708 78 850 589 808 23 975 816 977 12 735 990 927 685 968 727 306 128 261 712 846 258 723 647 726 32 436 905 75 232 401 131 420 505 455 957 198 201 796 565 480 410 439 169 93 588 229 801 616
972 94 531 440 856 75 183 943 189 383 21 517 323 133 876 493 9 736 635 431 451 629 262 164 398 13 867 582 699 528 275 799 386 843 465 940 317 865 953 37 638 761 361 100 400 139 390 707 384 15 551 147 422 845 0 908 584 819 834 97 705 766 348 97 223 837 55 341 744 780 742 130 430 434 123 645 277 409 519 192 258 680 442 80 468 14 280 421 56 654 221 21 824 178 526 175 265 302 725 933
490 499 357 302 877 47 629 883 972 137 687 139 663 20 448 439 151 277 171 775 662 90 71 632 893 403 224 357 735 32 835 32 955 631 278 0 517 678 968 314 581 579 946 975 199 672 792 41 209 706 615 956 849 824 226 508 683 608 79 405 653 998 691 960 972 360 884 613 680 335 496 691 812 686 69 118 336 765 584 208 420 476 837 77 720 284 550 520 315 18 132 118 635 579 90 32 243 650 329 796
42 551 396 17 570 315 767 176 766 101 734 132 729 667 734 834 195 939 421 417 420 22 574 951 740 671 110 205 402 789 71 388 117 646 316 489 112 299 355 786 232 704 40 503 141 484 323 153 213 296 894 895 145 106 986 619 581 910 172 263 528 781 54 207 588 466 251 708 157 375 918 97 72 42 407 967 392 547 675 480 163 764 245 914 672 435 466 481 550 711 736 261 249 530 345 488 785 781 414 297
982 169 689 732 785 258 405 488 328 643 770 272 606 874 111 426 831 836 639 831 914 33 657 438 838 739 532 71 579 352 905 570 987 537 394 189 164 630 309 116 812 600 759 187 201 915 907 827 710 70 100 38 160 760 119 815 544 343 698 987 121 929 201 364 323 373 613 463 902 615 233 959 80 546 724 127 615 953 226 562 193 695 889 930 721 699 357 863 946 341 861 853 943 105 315 664 79 392 53 336
991 894 279 228 400 615 251 36 497 900 48 730 420 491 818 766 701 475 357 255 129 84 560 608 318 383 227 96 855 901 57 485 569 925 998 108 337 671 791 159 217 491 293 987 888 942 56 304 536 225 217 583 839 260 239 502 236 266 153 907 529 106 930 791 971 947 465 3 727 660 220 719 504 615 546 796 568 719 657 855 493 99 600 467 42 354 353 1 722 813 744 735 311 122 992 525 897 921 235 11
220 841 321 901 500 271 543 201 651 820 275 491 984 763 495 10 669 312 948 217 930 803 158 278 317 686 950 860 539 773 367 229 430 75 724 220 280 52 957 220 507 519 955 464 45 293 94 894 488 783 397 955 772 938 91 217 199 292 946 78 376 687 650 847 337 302 850 684 765 189 199 711 164 396 911 123 431 97 23 699 275 636 952 52 726 50 405 264 875 823 212 978 563 384 849 30 895 698 699 682
185 443 68 320 926 480 767 36 888 25 484 626 68 149 602 441 173 545 133 941 333 910 90 79 860 680 353 97 425 681 888 153 19 524 739 560 877 691 568 554 854 998 799 462 641 180 674 882 562 101 365 645 232 564 628 414 359 262 29 37 200 602 969 189 505 100 477 275 423 330 840 45 683 228 555 54 826 477 103 142 785 914 925 722 845 197 829 62 599 396 185 573 348 229 458 807 159 404 486 40
138 35 694 205 649 770 319 772 253 42 161 316 398 823 958 150 670 497 416 481 435 961 29 773 228 688 37 4 394 11 9 844 490 652 990 619 845 711 502 771 448 641 745 285 723 755 51 110 827 729 133 973 880 620 848 270 267 961 775 125 487 954 162 997 603 435 735 447 581 351 271 513 771 944 888 863 718 810 200 821 966 518 383 377 128 963 684 791 395 886 271 864 86 439 6 211 883 875 714 176
541 12 306 532 102 369 831 899 437 458 593 143 639 448 536 808 240 268 925 413 316 704 321 984 336 999 331 512 950 387 555 705 456 577 383 902 945 952 440 497 910 933 469 504 354 452 933 470 668 599 766 778 793 834 109 190 500 456 915 488 739 708 15 205 620 841 748 143 580 935 874 297 928 616 595 29 612 728 276 37 658 486 966 828 218 71 570 280 462 605 588 19 658 301 483 650 264 431 784 852
207 322 564 828 23 303 486 77 331 345 913 589 324 665 203 891 805 865 141 944 193 605 650 328 487 441 966 31 412 676 417 466 357 102 237 765 704 331 519 787 463 601 137 1 237 315 894 23 230 502 845 677 595 564 745 574 500 577 319 261 196 942 251 423 748 781 759 8 930 696 303 403 305 125 239 912 361 315 907 453 221 559 73 711 162 58 283 252 536 315 954 133 382 60 363 722 243 297 652 259
570 928 861 920 251 735 636 788 504 133 146 726 468 119 610 104 517 308 402 678 689 493 677 854 843 407 848 644 782 175 358 924 481 303 48 946 401 748 884 780 480 327 701 709 191 326 74 275 701 784 784 954 960 321 872 302 219 766 996 678 621 768 955 969 459 868 184 315 688 565 492 64 822 969 123 904 862 873 691 545 429 709 423 739 937 726 293 131 427 938 991 747 270 976 935 805 182 715 287 987
908 137 493 132 652 315 758 739 60 213 110 764 523 63 306 354 547 971 304 914 918 351 578 327 593 721 750 558 449 235 490 522 30 473 163 855 439 204 356 517 191 772 351 401 552 810 894 309 166 662 692 103 305 339 372 167 2 388 533 58 685 231 411 476 612 99 126 198 281 331 578 281 281 809 408 403 18 192 894 715 851 219 942 798 784 380 725 411 727 90 982 784 742 121 606 26 107 735 563 312
19 35 554 124 9 147 132 101 0 955 377 216 932 911 962 38 159 228 143 647 69 90 940 193 6 103 664 58 337 268 186 521 945 695 947 915 107 44 842 835 629 891 784 508 591 132 973 691 506 112 181 302 489 356 626 334 293 404 758 572 410 149 690 448 56 369 710 909 311 164 299 776 488 493 732 786 338 441 518 82 490 748 588 172 39 717 918 888 826 415 277 313 11 487 752 846 122 838 963 899
515 660 863 70 969 478 402 124 708 94 560 820 806 820 776 600 405 217 742 515 86 289 806 711 667 355 639 960 215 146 160 613 739 363 177 486 550 159 134 582 169 498 469 158 197 848 100 690 836 182 96 817 699 602 486 505 100 43 337 751 868 562 343 737 932 720 631 795 956 317 672 901 725 303 360 806 699 602 803 923 144 586 954 108 420 906 604 116 516 568 158 539 359 400 24 638 263 977 706 545
133 649 382 372 495 838 224 593 473 813 584 594 289 397 655 16 386 94 357 177 362 569 153 785 509 141 775 653 497 230 453 97 827 751 886 934 460 218 158 425 369 534 843 914 642 175 153 699 570 467 750 28 508 362 556 352 107 789 66 364 532 181 879 485 907 203 733 683 785 142 443 873 511 129 232 315 986 959 313 935 150 149 123 825 549 134 730 805 944 160 621 802 742 181 457 790 337 483 622 865
775 508 286 510 662 777 315 833 790 905 20 887 917 302 749 963 738 874 927 890 295 316 464 519 622 912 557 744 179 669 518 343 332 367 470 984 754 359 708 569 6 15 142 698 404 596 248 290 390 928 339 313 259 459 897 214 864 214 44 387 818 323 100 590 943 890 426 864 628 331 968 615 35 946 890 391 389 676 419 174 39 164 417 424 543 397 755 779 651 989 27 802 367 486 696 60 396 124 272 18
657 245 945 170 805 271 180 563 731 402 589 687 108 447 584 447 474 785 506 205 413 576 549 247 140 872 997 208 135 707 983 203 29 570 172 674 283 684 938 262 155 1000 523 405 971 605 421 925 746 789 405 517 666 392 196 369 688 188 889 595 862 241 24 66 7 855 299 742 376 515 907 714 543 81 278 645 609 304 430 964 87 538 609 526 126 84 750 347 441 89 506 94 201 848 2 738 736 275 818 582
873 107 655 517 575 386 796 223 490 332 344 519 61 610 451 74 831 345 442 82 398 992 967 919 121 815 589 915 889 938 278 993 296 874 843 865 411 831 785 764 319 79 23 897 672 224 685 422 78 208 902 598 443 379 265 513 439 474 311 592 846 300 876 705 30 167 602 697 11 231 896 275 791 559 908 778 800 642 638 592 169 626 57 668 992 219 10 42 160 241 470 301 252 629 14 389 486 241 900 765
116 7 828 243 691 251 328 53 190 347 796 692 21 133 294 405 792 360 800 260 949 644 914 316 223 203 500 392 707 217 587 254 783 525 109 956 430 914 241 961 925 0 794 426 198 346 313 515 966 349 693 682 966 440 939 722 16 266 769 251 436 174 658 383 957 18 849 870 818 874 248 591 213 452 623 105 844 833 150 944 953 206 803 658 837 432 557 615 750 570 412 324 750 380 858 983 875 686 492 601
902 395 638 945 798 976 628 533 814 66 719 35 340 274 596 156 886 392 203 911 681 821 41 428 960 862 483 220 349 496 869 704 220 995 582 133 765 870 998 797 720 3 661 773 740 889 890 147 49 705 640 254 474 583 509 682 132 316 508 355 666 609 732 411 963 996 56 83 258 582 497 814 984 484 646 48 767 515 699 5 139 643 84 658 597 307 584 96 697 185 166 581 679 112 167 554 222 163 596 394
2 44 479 486 666 344 946 294 405 593 516 561 977 472 238 450 441 7 48 29 260 302 718 94 810 982 375 909 108 18 767 107 12 405 758 74 945 599 434 709 650 367 774 599 679 603 686 356 435 704 682 89 543 349 647 838 51 951 291 673 661 284 110 482 160 737 417 459 550 155 715 224 464 575 69 779 829 269 343 245 888 175 451 678 534 408 318 257 889 349 428 75 722 721 106 465 759 826 608 641
171 226 889 528 537 553 654 576 588 594 656 961 242 719 507 23 370 369 412 92 115 993 0 339 868 973 798 337 297 478 759 861 30 651 589 204 296 816 579 738 114 780 941 860 653 332 835 528 685 747 579 52 765 532 482 88 776 415 525 953 28 905 539 298 955 300 114 666 508 896 15 820 287 698 829 225 366 768 609 216 919 187 508 278 573 965 843 50 665 251 280 838 189 655 188 966 76 449 61 294
705 776 345 222 511 587 98 393 60 303 634 700 537 653 727 107 94 340 950 423 238 220 254 527 252 60 286 900 910 334 699 919 732 357 6 483 988 764 173 964 971 337 384 828 175 788 668 737 897 442 657 485 506 703 873 111 990 185 766 899 986 192 948 51 776 795 104 231 452 863 388 134 771 520 625 949 282 517 500 806 785 966 862 377 588 913 51 290 124 896 884 467 840 578 868 782 502 111 159 190
798 767 498 352 537 11 639 623 822 485 224 142 28 144 282 308 159 47 105 471 838 521 12 250 417 914 338 485 410 1 790 635 549 74 619 290 24 949 74 437 12 721 244 701 14 562 682 938 637 916 716 40 688 524 331 24 333 28 342 79 547 307 422 764 255 717 391 131 967 700 329 67 72 599 127 98 991 863 933 862 357 518 369 701 145 345 212 159 288 684 508 781 629 263 377 815 289 925 254 427
389 105 829 276 812 410 941 572 316 309 617 170 628 182 327 503 639 900 938 319 342 565 377 398 585 148 115 216 911 749 882 201 491 31 936 922 252 551 422 817 931 296 368 39 625 569 811 287 518 850 345 163 839 825 713 380 846 379 856 806 432 991 758 416 553 691 312 549 730 861 424 49 492 245 347 296 229 927 585 360 451 966 819 865 357 557 69 361 696 498 921 356 131 864 370 559 433 41 227 757
338 18 206 177 987 624 500 308 109 609 302 466 307 888 363 161 805 477 406 616 807 301 716 36 944 571 601 984 454 379 989 349 992 795 450 848 595 118 570 643 721 801 438 491 353 565 1000 343 107 394 846 553 196 759 919 563 583 335 530 494 413 812 908 552 455 73 583 154 862 901 344 922 178 943 703 112 349 180 157 943 2 740 87 261 412 640 220 114 379 826 509 502 934 831 780 473 246 356 211 154
73 454 20 685 362 70 884 918 921 267 721 99 960 415 798 684 165 297 774 993 456 117 509 943 940 333 274 369 514 624 886 259 906 254 629 928 5 787 44 43 739 169 21 983 789 528 427 69 109 769 324 679 21 222 485 434 555 193 956 794 192 322 712 622 15 322 633 193 613 14 780 719 57 833 145 136 945 615 631 326 142 953 185 543 710 447 816 129 178 374 848 382 822 177 12 865 680 689 235 334
943 397 17 432 569 556 838 585 711 848 390 754 151 671 484 197 131 936 122 889 774 127 48 118 98 763 416 669 311 249 302 795 195 462 646 570 694 290 827 348 268 516 247 629 292 811 990 857 43 233 747 108 519 696 936 499 991 601 3 464 398 473 197 687 594 668 234 597 869 168 612 506 877 794 231 24 124 509 788 495 889 213 12 722 254 270 540 845 114 176 980 123 628 283 611 734 986 463 939 946
30 908 587 973 716 181 283 59 497 231 449 555 153 603 635 520 21 124 845 702 904 902 410 48 527 956 69 419 436 947 269 867 319 430 87 681 519 514 203 996 767 760 228 434 678 598 661 221 803 185 738 438 702 831 834 578 963 925 100 949 373 225 147 390 539 408 957 27 471 516 117 344 459 535 89 871 656 139 614 56 726 33 837 739 852 153 890 162 626 397 328 427 239 306 682 438 686 672 739 341
461 645 34 648 11 323 563 423 35 808 55 696 58 681 638 909 505 241 708 432 597 983 464 92 954 219 170 916 939 118 931 66 328 325 550 966 739 68 346 51 157 438 708 859 223 640 977 71 649 63 440 851 291 125 888 875 999 809 217 343 60 435 731 881 928 840 778 803 793 593 441 657 104 891 81 880 346 441 22 572 152 362 766 108 702 876 543 311 816 820 812 484 140 102 885 683 548 420 506 137
895 267 469 570 123 531 440 480 441 861 378 288 259 759 271 820 37 462 790 601 2 389 353 375 9 785 154 821 566 261 588 137 402 14 19 245 792 462 684 223 139 426 228 324 496 975 801 730 81 55 12 182 312 462 847 502 162 886 521 738 776 247 577 83 167 656 989 311 164 722 523 570 201 444 310 948 724 803 526 770 775 150 439 72 604 719 455 643 732 281 141 862 965 187 265 529 189 676 225 980
640 36 489 675 651 806 74 244 576 596 526 37 619 938 272 739 610 504 624 139 830 399 79 560 718 538 564 918 365 866 106 903 37 940 103 106 110 93 548 28 21 128 784 985 141 158 203 185 794 163 523 738 404 571 556 879 194 452 183 848 756 839 867 975 296 690 267 948 756 544 389 39 964 171 153 257 61 869 392 876 227 540 936 652 830 91 674 763 36 57 764 735 648 339 454 136 476 484 803 662
179 343 971 452 500 410 333 41 994 360 647 174 10 135 136 753 159 515 263 343 988 426 154 377 552 40 538 360 781 666 104 40 386 728 101 856 991 777 776 918 853 186 19 646 882 201 351 903 592 310 960 339 705 255 609 316 393 767 458 293 725 682 10 637 844 664 774 198 349 718 340 475 226 788 523 922 475 818 799 142 1 529 504 866 424 169 838 998 181 480 913 663 859 90 119 402 114 312 144 105
939 310 910 502 805 837 763 440 602 101 295 12 531 182 100 789 577 558 501 68 492 664 444 336 397 564 208 201 566 780 258 103 519 844 371 88 137 181 121 519 374 30 781 414 79 369 581 167 736 123 676 993 577 617 471 97 64 358 54 716 18 163 215 962 344 116 800 351 118 553 397 584 87 323 937 631 909 412 420 735 359 976 625 782 629 414 489 516 406 745 844 914 917 21 504 789 496 266 254 569
938 467 659 999 764 456 900 327 583 772 365 792 882 973 889 704 680 550 149 187 438 993 364 533 947 515 684 236 816 692 531 705 909 253 189 362 207 261 328 457 336 38 122 822 254 444 111 462 784 976 369 248 832 798 286 459 600 453 555 303 513 198 853 314 595 129 391 633 964 644 500 862 786 357 973 661 601 254 936 158 942 627 251 79 850 62 855 630 502 577 348 976 885 939 953 381 302 904 955 735
579 373 627 500 794 161 598 695 257 670 170 507 910 87 228 98 641 912 954 606 411 748 901 185 732 294 118 288 731 757 804 725 800 235 365 621 996 33 674 830 968 902 826 603 241 992 577 512 481 744 193 790 483 78 119 368 846 557 316 245 556 781 775 169 450 300 565 503 780 946 421 694 724 161 468 913 440 837 551 331 862 746 322 501 241 220 264 574 318 857 32 538 974 732 827 738 929 686 90 757
978 785 40 479 865 398 943 806 174 344 290 385 283 573 745 793 783 434 33 915 27 927 309 148 393 293 933 168 47 517 696 765 976 133 463 877 448 656 739 825 399 146 518 273 269 213 488 811 703 201 553 223 757 461 316 895 890 304 804 167 68 825 995 701 420 993 682 871 585 352 770 65 110 186 481 844 803 493 288 738 42 113 789 855 678 372 87 905 576 352 293 78 986 845 122 1 603 4 191 488
768 780 739 112 83 962 592 992 441 778 136 993 190 883 406 143 22 746 961 335 246 21 665 802 335 210 151 846 815 354 795 413 713 801 953 993 261 295 642 447 512 323 18 918 467 568 586 990 101 641 200 688 369 877 199 336 472 332 578 324 709 583 155 163 862 712 790 838 983 849 41 778 703 254 573 672 842 533 834 597 728 440 508 895 213 927 557 830 272 501 843 341 563 806 719 167 206 80 652 962
72 852 271 277 181 423 12 484 697 671 991 307 202 103 554 887 847 504 150 508 174 256 519 980 0 208 507 962 11 647 103 970 409 830 720 101 862 484 609 83 339 339 389 92 814 896 460 756 168 506 798 151 674 671 417 440 870 339 289 865 41 362 944 102 820 873 247 283 826 947 522 769 119 195 966 387 422 903 425 637 936 307 788 506 859 183 322 584 699 273 96 415 923 754 529 763 858 939 770 959
270 59 639 981 36 483 1 265 211 859 277 545 468 42 328 988 251 20 993 396 999 752 591 295 780 415 337 320 410 707 913 531 367 478 26 469 435 669 352 854 686 855 392 239 827 702 616 435 923 954 846 617 84 991 403 839 329 262 582 288 30 106 639 475 899 548 808 499 954 454 663 714 857 429 778 709 56 75 733 159 566 617 327 758 876 286 887 542 195 214 568 290 858 599 863 56 694 91 776 808
195 638 644 481 146 414 573 705 187 915 269 549 289 501 277 283 467 111 8 475 658 554 26 447 317 193 705 806 296 893 726 375 696 475 813 644 995 569 139 241 875 386 716 880 46 562 473 851 674 300 799 812 183 890 442 114 735 322 338 155 179 325 10 934 694 868 799 316 97 145 895 673 902 716 43 568 279 687 468 525 77 112 627 397 479 664 7 302 633 746 327 38 79 840 338 147 688 542 805 365
19 998 724 493 273 239 954 35 82 704 808 846 610 534 666 404 958 365 568 931 900 779 268 491 210 836 608 241 678 278 450 30 498 684 545 398 785 717 825 957 478 466 520 361 97 66 680 98 252 398 180 232 656 483 547 912 246 236 310 55 658 639 426 708 175 828 942 551 548 731 132 524 942 489 339 705 182 63 300 649 172 477 908 823 560 609 334 568 923 532 617 619 863 853 761 132 75 794 469 377
54 429 410 435 162 11 122 415 614 512 221 813 513 47 642 824 971 672 721 812 50 502 36 816 848 570 141 370 486 716 120 355 899 791 927 951 135 573 498 836 981 774 413 92 584 257 64 14 31 140 250 723 47 484 31 222 473 708 595 756 240 376 758 236 531 202 467 222 395 200 20 845 456 668 18 551 668 245 561 898 104 797 635 470 942 284 969 242 415 303 655 615 988 683 741 685 52 481 562 715
953 861 480 463 970 124 422 564 264 930 170 916 844 493 492 356 518 81 736 319 428 977 171 598 534 446 812 634 394 859 345 186 378 914 189 582 214 168 189 582 766 338 436 682 146 877 702 842 614 658 806 147 271 697 804 422 801 497 56 101 457 830 675 42 981 586 828 827 355 285 990 703 538 345 804 29 892 858 840 823 965 677 176 951 684 445 705 319 125 47 47 886 711 424 881 0 257 690 882 695
9 294 765 201 507 530 872 2 217 52 935 277 253 419 67 172 641 31 991 254 780 147 649 315 323 757 528 32 255 189 156 166 942 874 569 725 899 151 311 150 649 873 87 80 325 328 984 4 82 150 749 688 339 442 554 783 244 18 510 826 145 527 730 667 434 104 142 0 167 775 343 181 509 326 325 260 785 791 443 918 153 791 988 531 731 474 242 202 540 225 877 693 406 731 428 39 942 868 83 319
352 482 417 663 948 731 723 783 868 802 419 645 633 444 761 496 213 281 534 262 961 580 19 414 717 288 756 590 286 622 474 861 641 462 257 727 674 268 33 42 841 136 183 468 689 277 763 93 976 395 486 186 192 977 375 606 318 969 771 475 474 48 37 782 737 85 235 354 341 589 501 802 178 833 882 736 73 83 876 401 973 734 958 11 161 869 346 226 220 993 492 990 942 416 150 169 286 226 945 733
479 785 167 244 976 347 809 703 175 12 310 304 238 102 348 754 665 37 696 477 220 728 156 11 165 971 582 915 227 520 972 701 19 938 910 558 800 380 32 787 392 816 361 361 861 423 98 920 899 202 152 265 486 437 790 42 494 696 545 176 632 470 740 266 114 793 639 438 863 833 573 727 530 358 336 17 110 50 264 436 688 758 226 478 69 209 770 239 830 721 873 193 863 806 932 194 69 775 833 760
342 589 841 62 181 53 605 305 911 186 511 498 151 40 387 929 94 607 197 661 370 969 288 164 987 540 168 313 451 857 334 611 89 938 801 826 688 492 657 80 745 269 138 707 655 847 909 875 119 520 886 397 594 905 270 500 395 860 228 601 615 540 238 997 384 652 599 449 335 594 985 864 409 991 764 948 172 903 17 583 312 991 726 848 71 922 850 570 454 1000 199 435 313 558 48 462 328 753 875 393
158 206 451 917 370 131 397 35 151 580 48 999 298 609 901 431 381 598 444 230 209 103 397 822 626 738 324 941 701 853 550 728 455 555 583 383 36 513 43 707 76 876 246 142 57 46 718 325 918 961 798 876 356 490 584 341 308 125 602 29 310 439 406 317 282 966 147 554 217 912 276 677 802 383 556 119 460 363 818 812 955 889 164 101 258 458 265 968 260 152 762 557 59 612 149 827 53 314 78 486
125 543 961 266 183 200 152 263 579 394 636 256 56 495 106 268 836 134 862 434 634 519 974 390 501 367 87 890 388 1 648 420 779 754 848 609 915 122 610 143 178 632 727 726 533 793 516 970 198 252 450 120 448 571 39 951 36 9 863 518 342 247 714 968 522 340 7 933 249 178 211 663 971 845 292 338 450 8 414 214 879 741 579 316 97 695 968 573 866 938 573 41 961 290 994 428 539 89 43 297
337 875 304 160 208 429 399 684 102 58 848 953 439 971 353 753 686 256 417 294 157 304 479 428 973 499 824 829 698 680 172 819 85 434 850 371 371 337 895 66 273 216 363 439 462 805 398 439 966 400 288 298 500 552 499 654 543 873 633 946 368 103 509 449 900 526 30 310 577 22 215 397 234 128 252 563 873 723 87 533 787 205 360 91 147 758 590 218 376 66 879 296 913 70 511 453 239 504 703 619
948 873 937 807 248 315 624 34 719 945 992 381 807 881 554 862 362 737 313 98 402 711 524 932 53 269 256 302 474 204 751 468 373 782 479 423 985 349 177 526 913 34 287 965 850 817 502 110 496 297 767 557 280 34 572 91 251 139 956 552 551 589 971 262 401 736 134 82 828 502 988 944 72 453 326 825 528 518 107 69 146 603 206 883 727 274 285 319 314 957 843 983 47 971 54 58 35 113 20 132
779 598 151 393 1000 787 508 673 911 658 572 387 82 821 202 221 389 424 99 310 66 399 14 62 974 1 785 248 247 715 299 660 219 778 565 890 877 302 992 672 100 565 261 40 534 31 995 284 151 636 538 192 232 848 630 766 457 494 85 539 238 196 976 985 170 521 61 691 792 872 275 133 684 320 220 597 820 53 339 258 959 843 379 791 537 789 453 516 870 834 714 47 962 802 423 831 531 981 618 750
105 460 794 900 959 966 972 427 423 528 647 189 942 608 678 775 907 442 201 941 610 205 676 143 650 717 83 427 830 856 958 398 98 992 425 595 844 795 456 429 718 14 190 837 629 579 116 886 511 734 422 912 431 630 28 564 142 930 577 142 252 949 533 237 228 372 461 227 38 992 822 76 809 968 273 283 373 958 981 437 496 97 930 253 800 936 253 112 771 816 386 702 842 759 948 698 586 992 18 763
949 358 405 218 697 43 222 644 359 208 136 823 121 650 993 902 942 521 627 552 81 721 219 509 331 599 689 611 326 481 856 675 713 743 91 460 176 59 600 857 773 507 979 995 472 211 695 954 502 911 952 753 372 11 651 475 210 515 420 914 258 184 451 185 747 130 956 708 743 248 417 412 857 633 741 523 454 323 633 784 6 441 421 37 445 180 431 793 441 840 993 604 316 479 414 223 929 905 542 689
197 966 319 566 177 649 177 593 555 607 132 339 271 948 487 993 430 971 284 792 647 88 752 141 736 488 868 913 873 767 772 316 171 375 677 252 707 296 374 373 930 194 338 702 125 669 736 794 536 32 209 716 744 216 641 548 789 979 46 97 394 719 461 434 65 995 944 195 679 498 668 928 321 476 879 303 977 974 768 176 133 342 299 192 77 486 872 528 780 120 912 595 869 920 248 275 213 277 909 769
115 825 406 117 829 131 283 136 62 580 801 606 639 709 173 431 890 617 186 689 890 657 499 448 456 648 113 714 763 932 783 279 944 121 466 306 552 417 538 819 339 677 111 32 466 324 963 53 957 104 276 797 17 670 428 391 488 874 707 86 534 867 554 819 560 879 431 907 555 775 799 231 604 342 438 269 670 116 937 393 961 298 303 944 533 988 886 202 2 513 929 968 816 260 813 788 877 344 518 642
396 418 593 318 358 394 406 87 957 764 754 412 443 34 762 104 765 177 540 318 618 93 313 438 990 72 962 177 417 467 826 459 132 788 490 557 535 349 315 66 747 539 935 554 361 223 241 108 375 335 904 540 185 62 781 136 496 158 899 585 518 306 514 424 272 620 768 531 288 731 631 532 85 484 99 893 987 124 303 472 297 671 211 245 162 901 202 271 932 321 302 477 637 201 437 192 48 672 750 963
610 426 327 500 295 272 699 890 168 300 80 719 873 681 378 931 947 724 744 749 663 376 68 294 100 929 415 824 911 407 338 53 921 19 21 36 968 68 263 944 600 953 751 435 992 151 199 133 625 784 863 248 933 485 387 476 168 206 579 228 169 290 618 725 15 686 344 585 381 863 677 899 527 444 812 53 893 735 518 38 383 887 942 168 555 840 916 262 208 4 213 754 470 351 929 253 80 621 593 376
662 446 48 461 243 342 509 659 622 808 654 175 939 645 321 220 628 10 528 344 98 273 607 36 588 431 834 597 151 509 779 530 787 400 376 348 961 299 70 14 447 366 530 21 892 605 606 819 254 490 711 340 601 311 756 667 249 294 986 611 724 470 703 54 123 764 657 401 373 319 885 953 239 592 47 259 775 495 47 503 393 144 617 342 620 913 217 550 28 124 707 56 131 864 75 52 706 927 113 493
222 56 463 270 11 862 882 76 329 827 449 822 737 812 231 372 201 289 145 43 680 387 328 974 260 378 131 741 995 507 318 626 165 594 702 2 236 999 999 12 367 661 692 536 599 131 573 658 855 310 329 845 501 140 180 529 851 200 478 37 726 492 355 680 922 405 859 776 17 258 811 285 110 12 155 338 732 829 295 397 811 307 587 47 209 779 421 211 555 128 106 11 319 236 211 479 894 667 875 539
859 597 357 162 9 620 383 149 128 807 150 752 885 631 333 959 259 454 738 909 684 218 546 312 877 992 398 122 605 651 547 799 733 884 416 58 978 958 535 947 144 860 322 210 638 77 254 635 249 675 996 987 144 884 745 810 903 552 397 57 881 226 27 580 519 324 15 548 423 418 277 873 159 513 646 789 142 936 336 749 177 731 628 639 532 714 745 443 622 730 616 790 233 309 512 313 182 190 884 975
460 678 648 306 625 937 148 632 208 314 476 89 464 482 701 718 851 402 233 488 635 715 27 403 538 674 692 303 58 183 876 315 489 77 714 255 424 198 54 234 720 700 463 596 222 88 448 654 994 404 803 428 888 121 1 347 66 369 438 852 394 338 206 955 254 317 618 943 849 954 507 864 664 484 518 717 399 564 923 715 828 557 669 745 849 884 421 388 363 43 610 559 550 281 688 901 96 696 256 536
547 223 82 656 917 36 53 651 548 946 558 99 514 359 685 656 863 977 969 652 655 96 47 503 952 999 319 358 321 561 398 526 634 260 170 456 746 826 748 402 720 826 663 34 368 71 931 831 265 865 640 668 995 795 590 422 464 858 904 900 805 898 718 610 322 892 619 301 674 771 26 402 19 446 699 353 363 928 902 323 845 152 822 431 471 38 727 174 804 981 572 457 835 856 555 854 519 728 213 478
731 436 609 722 171 923 843 731 79 873 458 183 743 710 946 547 847 262 422 575 288 163 839 360 250 655 602 128 51 256 890 975 819 909 196 540 283 960 12 309 740 442 291 313 191 133 672 876 434 461 471 126 36 632 187 307 794 964 858 729 306 666 253 484 739 140 593 630 319 567 683 341 559 31 353 46 212 637 396 547 688 875 459 40 932 352 776 268 9 765 709 250 140 877 240 38 984 17 613 550
762 10 543 277 303 894 384 665 955 531 640 440 20 668 325 721 491 647 703 218 988 77 564 66 211 385 486 881 284 727 189 475 417 72 847 770 285 439 899 487 203 762 690 176 633 273 623 867 487 343 78 463 174 163 733 81 243 902 321 100 261 484 993 838 863 516 746 888 685 990 183 760 154 591 358 71 147 87 730 286 229 667 709 578 273 780 824 198 465 222 169 191 789 515 506 218 780 620 152 402
972 101 785 119 516 675 654 498 130 867 727 710 768 228 743 653 241 205 321 877 136 619 230 892 371 485 543 344 286 777 363 164 906 814 229 916 450 40 908 998 934 428 784 122 449 592 652 654 94 992 245 241 986 529 992 647 540 362 428 968 970 363 878 782 307 926 888 551 29 891 434 413 934 567 981 207 800 221 204 856 964 819 8 346 196 332 725 572 888 156 578 449 292 817 538 377 259 862 506 357
293 102 323 399 697 78 389 378 792 82 628 961 823 11 488 699 283 983 997 788 986 818 144 347 233 949 856 518 841 188 278 985 655 276 681 579 41 947 208 163 562 26 698 770 203 2 326 703 165 960 694 408 385 404 704 10 655 654 259 657 201 333 534 753 437 536 651 596 719 408 849 154 166 224 642 962 345 168 119 167 845 282 539 875 682 87 164 302 563 185 717 40 398 536 737 331 193 490 544 949
433 202 865 775 918 593 11 741 264 860 179 392 412 718 565 256 602 709 174 237 976 766 838 30 901 795 786 86 118 484 648 689 75 451 217 881 437 146 94 1000 155 95 194 175 74 211 868 751 187 493 324 85 419 763 287 199 853 335 735 44 462 717 681 478 95 596 379 912 468 572 181 275 647 952 124 955 632 13 625 950 656 691 13 545 259 894 362 709 587 742 440 783 54 579 482 218 295 438 86 51
232 381 838 845 236 536 660 465 881 657 567 346 234 619 749 121 906 329 311 302 707 585 828 623 343 16 712 345 772 946 925 195 532 893 382 624 945 173 456 169 410 58 711 889 851 360 895 216 337 628 263 538 154 936 555 1000 298 274 305 217 58 322 505 252 48 921 755 838 720 900 815 893 736 430 538 242 852 337 275 395 688 996 302 0 693 273 877 33 328 921 106 12 433 654 654 373 73 247 127 642
346 873 431 969 413 770 888 158 486 547 884 977 53 986 912 671 888 169 743 292 277 780 663 256 645 934 357 597 660 601 272 113 286 233 888 104 41 227 128 378 695 972 898 43 818 791 487 605 446 581 165 827 993 640 44 539 0 736 702 22 843 410 990 351 995 504 625 319 313 700 935 784 948 719 538 751 996 163 132 478 580 38 216 420 424 215 541 298 27 855 983 535 724 486 108 393 326 379 468 552
363 493 342 6 495 105 399 602 797 949 421 828 485 836 667 897 640 372 453 977 293 230 809 229 44 419 488 154 635 306 475 751 467 25 652 509 333 327 781 305 39 442 424 740 732 257 701 806 446 462 382 656 246 114 355 811 460 123 622 161 461 444 154 418 111 797 350 182 67 51 369 721 798 516 602 647 625 510 363 716 107 170 469 227 469 802 24 650 243 969 863 594 60 30 365 854 92 889 292 367
178 854 796 65 794 479 258 848 453 924 709 939 353 964 414 799 53 310 718 899 89 477 292 66 88 995 307 46 454 680 177 957 724 219 146 920 999 167 221 753 24 520 204 1000 337 6 67 951 595 471 605 102 481 592 304 866 727 985 249 154 522 167 606 137 746 596 26 864 699 97 204 567 85 197 216 182 77 782 222 539 721 817 173 716 405 345 818 910 647 476 974 930 954 298 0 889 700 14 858 937
619 945 653 335 166 366 902 246 714 20 356 756 411 831 584 925 387 59 202 925 558 445 350 274 589 879 161 879 683 900 44 663 886 871 720 544 115 390 232 527 958 475 788 892 270 597 721 94 927 898 885 322 910 20 981 793 977 916 26 656 386 680 678 407 384 24 975 761 994 704 297 120 830 811 166 295 763 682 234 372 788 461 143 936 631 757 365 417 54 220 667 404 235 898 405 173 298 648 417 4
230 690 837 298 291 743 746 18 387 985 664 163 724 281 69 357 596 567 116 921 36 537 562 131 373 699 58 595 293 792 656 12 823 145 788 509 711 368 381 521 956 922 217 399 941 2 126 24 80 719 25 702 588 693 484 569 999 775 130 183 247 442 68 29 105 375 320 711 919 670 483 471 320 619 370 240 316 445 17 492 436 217 221 390 852 107 57 523 103 278 905 806 622 207 125 288 492 709 369 646
132 537 331 860 655 677 449 941 906 266 82 75 459 786 565 767 274 138 730 672 497 359 647 410 810 597 779 64 918 495 558 27 625 156 185 656 601 360 149 859 229 331 178 840 351 146 777 72 253 887 525 789 11 496 494 477 205 735 958 536 285 96 70 330 574 783 769 841 146 329 835 161 171 232 873 683 169 576 477 878 316 715 906 397 916 354 468 832 22 620 911 971 539 802 266 942 860 944 226 337
134 50 902 246 990 786 511 612 178 177 105 588 158 272 996 48 269 767 400 825 425 742 457 665 325 480 13 842 529 298 184 894 928 470 548 669 384 45 203 510 239 317 158 579 759 208 830 506 511 125 374 252 604 201 913 361 748 940 763 577 362 377 312 821 849 892 392 417 579 72 920 36 50 211 542 99 133 928 35 676 720 597 481 729 13 320 491 769 373 201 393 892 849 913 238 114 473 456 764 802
579 767 635 758 532 769 632 520 548 607 624 936 408 742 149 626 559 447 679 902 857 913 186 434 212 831 895 526 175 877 211 743 391 83 955 606 952 814 688 490 611 767 149 428 101 676 631 100 988 339 676 275 739 399 510 943 159 908 737 410 503 482 879 482 284 477 773 765 272 844 917 924 660 951 961 226 441 233 331 170 747 37 5 657 847 643 358 25 615 701 336 945 257 49 884 663 8 390 680 922
206 229 798 783 937 826 231 53 166 851 225 874 283 889 436 494 472 509 340 176 109 945 922 253 997 257 508 768 626 164 285 738 949 837 783 773 730 667 671 978 253 117 995 751 197 962 292 914 447 364 299 610 248 25 300 930 676 784 678 546 105 916 109 284 152 347 737 602 790 962 694 996 265 654 474 771 447 389 23 273 214 414 462 225 163 838 596 471 784 698 953 199 803 102 752 499 95 253 637 218
960 494 534 399 524 173 453 325 155 596 292 420 938 393 590 497 638 495 904 390 823 907 436 929 740 872 47 41 283 379 208 517 206 11 82 458 666 39 353 626 468 589 904 779 104 682 165 115 53 981 319 786 525 389 842 538 994 851 994 21 520 513 355 281 965 829 397 395 910 3 740 750 699 875 154 636 275 751 883 229 642 464 658 760 500 496 919 167 201 144 326 106 315 893 448 784 268 639 12 468
756 484 935 2 230 268 844 184 934 165 781 933 852 5 799 840 208 310 559 169 397 263 412 958 53 98 833 551 901 937 959 385 197 304 956 179 685 288 57 975 853 688 441 668 176 860 555 879 763 664 522 819 319 594 454 241 370 18 769 78 891 939 57 979 654 668 684 412 818 223 56 572 356 255 306 423 923 876 456 983 971 433 593 826 767 715 570 940 901 131 31 318 253 24 54 982 199 279 627 975
679 674 478 883 723 213 671 905 234 966 493 91 925 530 157 428 571 723 656 526 332 826 862 457 293 450 448 41 38 446 924 60 1 252 555 13 411 843 707 823 122 840 900 437 292 819 135 935 538 831 72 36 80 679 327 472 994 154 247 5 655 197 552 406 772 497 182 91 599 532 338 544 83 461 1 554 362 233 690 107 276 241 914 427 996 243 453 788 466 230 570 98 239 946 951 703 416 858 875 243
649 210 295 13 415 899 909 233 648 625 139 990 766 924 303 380 254 96 743 849 72 121 206 262 357 999 973 734 214 385 736 582 767 352 107 717 338 141 328 987 866 907 836 573 633 313 1 964 502 582 69 967 197 706 869 286 777 491 784 446 394 619 749 142 343 720 166 177 396 958 362 889 233 834 821 120 479 103 336 163 530 63 801 370 648 241 762 370 220 774 787 964 951 96 625 793 652 776 945 877
748 590 617 924 692 31 817 106 673 996 578 23 176 34 561 554 445 165 795 881 16 303 57 662 933 659 630 189 558 53 950 77 647 811 854 849 834 754 260 691 958 663 134 124 75 469 958 856 769 624 272 781 71 130 328 869 804 623 491 66 980 734 263 856 237 842 903 761 494 620 811 245 681 798 17 397 529 724 952 470 53 160 172 927 162 104 623 249 622 286 686 479 642 533 927 275 310 304 76 789
413 895 447 173 382 990 315 523 109 771 553 947 868 366 338 950 156 608 515 455 986 624 23 584 420 122 55 389 689 524 700 15 804 199 398 318 871 328 872 541 700 591 941 571 838 847 656 486 776 53 718 954 278 463 278 54 352 336 65 531 538 813 912 375 513 929 445 540 988 784 177 826 598 352 914 501 302 88 920 592 132 964 334 958 315 530 380 252 565 488 145 377 373 743 270 269 759 792 141 28
709 452 600 863 169 983 264 853 669 441 968 43 187 57 886 127 72 613 548 484 126 132 580 671 874 913 748 35 29 861 691 943 577 781 730 228 853 932 283 202 354 188 565 301 318 835 645 967 349 352 971 235 320 826 94 385 431 210 374 596 998 135 638 252 543 809 344 879 76 451 938 146 532 721 571 743 634 968 509 399 22 427 965 647 193 70 897 487 867 404 116 542 938 79 729 583 400 856 708 59
792 16 407 888 144 186 415 910 206 511 767 77 192 677 850 556 261 671 27 391 324 43 393 287 931 799 399 388 504 754 0 479 229 294 577 415 559 101 208 227 580 227 993 260 723 71 977 532 43 741 236 522 176 240 647 526 663 965 233 177 261 890 702 578 771 76 946 597 433 585 453 965 174 790 692 295 430 108 658 174 300 16 415 193 734 592 533 975 693 929 391 317 120 878 121 264 769 206 561 992
953 857 743 887 0 329 849 901 552 863 483 515 771 867 759 861 771 744 947 393 949 91 745 746 755 919 967 919 145 157 220 500 756 507 79 757 0 321 369 805 87 806 961 735 598 331 254 796 749 996 708 162 479 860 560 803 316 761 855 925 804 817 773 137 640 48 330 745 21 624 806 906 267 192 367 939 841 789 64 247 455 981 664 898 494 202 937 810 500 645 467 406 500 578 112 838 82 405 872 513
465 985 201 266 863 728 552 278 627 987 87 890 807 913 809 961 328 681 411 374 896 477 782 688 883 733 696 208 783 870 350 235 434 798 243 265 832 594 157 791 457 835 434 868 809 710 543 190 734 458 600 422 369 60 233 367 295 772 93 909 450 39 542 431 300 738 49 506 490 973 99 250 790 955 835 561 782 864 417 366 917 396 530 912 609 26 935 162 999 438 265 899 520 169 468 141 652 460 660 961
852 175 873 420 624 175 793 601 349 953 838 555 109 914 478 189 408 571 425 838 649 682 203 679 412 738 473 406 909 794 439 832 839 121 980 838 25 727 660 287 468 882 75 637 873 229 358 491 768 58 410 87 933 621 449 302 839 75 119 756 832 766 942 605 881 578 774 613 862 993 452 517 941 919 572 356 367 90 938 590 360 884 716 564 113 47 367 599 934 20 450 21 560 935 660 192 932 640 389 579
432 745 481 346 241 44 503 125 808 499 120 697 142 11 718 401 455 751 76 473 183 123 267 450 269 636 956 759 611 229 985 665 509 467 671 746 973 11 698 634 926 555 735 506 972 34 456 978 674 897 25 742 984 145 610 708 684 726 42 548 381 655 635 37 749 668 582 1 949 69 884 630 407 512 807 657 33 473 70 529 25 526 183 974 919 544 188 251 69 429 122 948 119 73 622 692 296 113 211 210
395 418 144 944 308 10 182 94 373 573 585 695 497 73 357 527 922 587 73 706 559 775 302 335 331 116 249 57 145 959 124 112 157 197 16 696 281 956 689 115 667 540 531 366 823 734 276 527 448 499 470 505 719 837 414 335 763 442 400 733 473 790 51 151 927 777 55 920 219 287 547 645 737 827 686 786 576 638 435 568 168 305 665 862 226 316 106 920 100 321 290 0 569 850 695 927 20 344 69 838
283 581 666 176 342 84 193 231 468 891 762 301 836 725 772 409 745 766 777 249 397 817 428 286 186 774 76 617 860 435 413 260 164 836 618 246 798 11 984 208 826 818 435 574 116 650 873 298 56 384 262 95 592 227 609 797 478 335 193 408 309 708 643 107 96 268 340 480 6 189 928 344 167 906 408 646 5 795 862 918 331 394 489 21 695 514 830 200 230 23 487 279 311 739 227 713 910 432 264 682
418 146 831 234 82 271 553 201 493 558 962 372 833 88 164 445 954 119 933 769 450 936 838 120 319 240 207 889 13 8 409 394 759 208 348 555 457 650 352 695 618 631 563 425 209 198 954 965 245 440 708 488 779 251 343 665 323 272 445 278 310 710 265 790 552 575 912 388 407 495 694 590 494 260 755 759 450 616 980 198 638 606 577 368 78 205 723 601 603 831 668 988 517 927 846 232 951 958 62 653
311 822 128 175 521 802 409 169 79 874 155 853 208 286 631 997 51 402 8 348 36 681 877 745 921 844 477 636 842 172 682 133 856 882 246 627 412 621 116 797 857 386 934 31 64 353 787 522 902 571 729 518 16 32 992 943 872 784 962 871 397 216 108 693 587 248 863 32 441 317 705 913 260 614 765 650 981 984 715 559 959 354 685 615 558 111 201 756 297 610 51 960 755 627 427 539 931 140 547 478
105 138 587 627 726 657 655 289 409 919 229 469 462 499 278 288 752 844 982 934 983 175 231 29 322 383 848 927 750 19 739 437 607 866 107 209 992 700 573 390 905 609 970 153 866 613 251 720 88 759 915 690 258 260 537 966 241 560 183 926 373 408 630 233 679 512 811 687 107 802 378 135 72 312 97 694 970 750 780 942 912 908 39 249 814 472 122 522 417 346 195 546 601 943 62 247 84 734 207 381
247 486 749 714 67 700 810 235 17 830 512 19 300 329 845 178 899 104 334 381 634 262 290 974 905 122 391 829 688 940 47 656 842 790 545 206 887 580 172 114 277 668 433 498 278 855 918 952 947 120 475 859 159 182 635 989 786 361 473 490 87 294 336 581 136 359 688 88 830 671 524 331 950 949 311 650 27 506 889 177 634 831 809 147 938 363 240 366 195 436 332 709 329 760 973 934 784 959 825 400
653 49 904 883 545 325 805 464 569 974 388 742 65 563 202 102 608 582 311 808 612 486 978 412 670 2 758 845 198 725 426 297 747 545 813 688 860 384 739 646 585 543 626 460 524 840 919 67 753 365 496 998 554 616 823 671 204 511 776 23 776 578 270 591 861 343 14 37 457 476 764 253 324 939 140 76 686 568 233 902 640 292 153 628 224 210 196 964 423 514 41 451 93 27 306 986 842 315 946 429
97 38 478 182 265 774 487 596 602 349 709 450 254 751 533 280 600 510 636 861 290 449 862 742 471 457 771 349 652 375 490 164 837 335 596 345 408 860 786 475 284 466 788 920 520 851 879 358 644 232 462 200 529 299 513 618 689 232 418 789 564 957 944 770 404 133 681 493 52 768 885 378 365 85 436 375 619 316 960 303 880 20 258 224 129 914 192 488 726 604 854 123 600 720 699 565 739 638 943 670
72 593 409 938 297 709 343 848 437 282 704 709 825 771 891 341 49 357 809 751 362 826 217 491 710 339 75 50 533 331 105 379 115 626 350 817 46 852 806 906 279 781 317 789 577 813 416 992 894 109 887 44 414 801 627 858 135 559 992 673 511 141 32 773 606 474 104 616 629 289 647 920 688 361 623 655 751 649 941 300 120 167 409 80 61 298 772 70 897 434 579 307 965 246 892 534 440 487 769 810
193 304 131 844 815 348 712 858 853 3 81 432 380 720 617 961 6 369 162 9 943 607 964 614 689 876 28 427 664 715 654 199 230 884 965 387 445 667 448 27 346 405 258 789 349 358 794 677 603 918 618 727 137 51 100 170 828 545 257 29 793 831 889 163 622 255 635 494 751 320 813 383 731 976 355 506 751 878 502 603 291 884 873 313 238 164 104 856 312 422 698 716 698 188 91 496 782 251 335 818
698 869 969 232 286 309 454 871 610 344 448 917 969 69 821 66 88 55 415 82 153 858 632 984 400 808 772 693 924 644 84 359 410 573 80 473 857 887 104 442 458 545 77 138 434 929 639 372 687 479 581 281 742 345 40 347 785 842 400 898 565 160 80 636 662 319 768 961 281 951 460 94 441 399 186 120 391 792 577 519 610 789 732 548 451 101 966 253 954 627 830 737 779 751 345 494 911 888 133 370
173 267 291 732 676 178 296 800 814 93 574 737 374 478 396 848 929 87 573 734 504 370 481 502 626 849 175 420 200 500 757 778 468 985 128 277 854 120 759 55 600 758 448 60 987 357 260 562 147 239 976 524 595 93 425 691 817 670 620 564 821 244 650 894 450 535 400 247 548 631 900 639 58 230 593 354 138 825 268 133 927 216 721 16 948 801 852 582 699 879 788 425 888 876 578 463 470 561 426 936
507 957 79 676 561 589 772 171 896 73 652 846 659 347 11 31 754 707 447 406 989 669 392 894 496 160 338 803 478 644 339 252 547 34 844 618 161 50 305 282 211 781 265 767 971 824 581 866 231 462 471 371 721 988 797 524 480 493 902 343 388 171 467 357 782 529 884 947 24 393 674 979 620 859 937 870 885 911 951 737 249 984 419 211 757 177 688 805 430 695 375 789 323 948 641 465 914 451 991 796
63 66 391 700 97 504 935 512 816 296 592 492 201 393 546 807 321 269 181 673 286 321 992 340 650 386 949 544 227 574 691 416 548 915 445 34 0 20 798 265 585 464 366 785 396 211 827 943 9 471 793 898 521 765 191 259 791 285 4 99 912 999 672 673 700 864 485 801 255 680 188 771 264 608 431 317 711 152 812 493 840 850 202 289 163 224 130 770 543 324 282 309 707 929 337 892 877 227 425 875
237 897 737 429 574 524 818 275 665 736 551 731 911 240 569 710 617 909 440 934 990 540 716 263 912 285 855 811 990 481 687 467 372 746 865 29 402 257 347 691 291 532 117 672 399 210 889 604 202 206 864 285 731 303 534 748 491 97 997 401 365 99 380 451 463 474 57 132 399 86 922 162 335 916 326 661 993 556 842 220 999 515 86 437 63 906 618 737 201 767 404 167 276 738 213 811 247 486 41 468
658 250 410 544 986 569 494 277 168 144 165 248 519 490 582 736 964 645 961 901 882 60 648 793 754 687 838 136 893 709 952 172 918 534 726 489 690 67 409 961 630 580 996 374 242 219 844 158 627 525 379 914 510 814 544 134 163 757 31 163 849 96 155 453 753 782 841 391 937 549 982 18 59 739 994 164 472 168 690 570 610 92 534 722 735 94 551 63 35 176 501 851 631 20 607 283 270 92 758 553
84 795 581 920 250 148 793 289 207 696 558 407 651 931 871 579 787 711 432 464 253 380 453 155 179 339 132 14 840 530 670 438 95 58 350 331 721 233 1000 343 692 643 613 606 430 787 837 245 388 562 554 529 215 429 301 363 424 934 950 348 424 837 100 372 932 191 430 78 777 552 983 712 763 291 323 919 760 744 32 511 514 880 851 336 545 297 301 446 797 791 49 211 792 468 587 6 977 514 209 450
860 698 748 80 448 154 66 98 925 952 662 883 904 345 477 755 382 939 217 132 474 506 952 149 610 618 446 446 618 397 206 286 612 862 94 938 53 611 472 935 354 393 482 243 79 134 290 790 55 360 821 557 213 640 420 192 319 315 239 383 760 640 574 936 573 601 403 977 641 634 797 320 107 206 902 469 683 325 67 168 185 863 347 892 316 814 263 311 691 930 147 862 620 5 156 545 168 666 414 219
163 943 408 604 713 482 712 534 585 600 198 8 9 762 447 607 910 377 918 755 505 878 149 38 690 502 450 790 360 771 62 388 245 645 469 58 256 437 140 16 712 982 661 668 219 738 143 573 144 8 644 18 114 888 160 213 495 932 305 642 735 416 325 822 494 178 578 466 414 858 109 341 231 529 711 19 410 423 781 502 553 337 422 11 202 784 881 922 860 710 866 566 998 823 327 379 267 78 446 866
744 369 896 535 722 692 844 921 503 780 276 560 306 277 67 788 75 798 907 618 805 176 576 658 13 54 280 684 126 962 89 905 280 516 81 887 618 512 295 97 760 699 236 600 548 54 350 712 979 981 709 982 805 849 231 781 418 799 761 222 954 191 880 894 718 195 689 591 650 555 493 622 243 203 3 523 703 774 789 172 93 259 239 786 957 647 765 444 487 259 521 862 376 712 640 867 263 671 977 783
118 734 852 617 607 488 552 185 657 285 735 729 676 501 251 501 793 495 671 501 129 86 500 981 302 515 503 786 165 385 291 198 557 921 494 553 763 836 666 126 605 588 240 892 2 181 211 642 393 740 732 292 903 885 770 843 741 875 21 601 430 167 759 166 555 79 561 639 479 227 550 472 650 711 734 599 441 419 173 1000 898 157 439 614 110 732 464 106 201 399 807 91 757 957 436 351 862 570 754 829
494 144 781 630 95 621 168 338 654 619 992 735 580 783 602 453 306 385 53 278 627 555 670 786 839 560 956 122 34 609 62 840 442 43 755 832 231 527 885 574 334 685 444 542 595 988 420 98 757 314 459 745 822 377 811 544 186 728 318 910 458 400 926 112 974 233 743 750 86 259 609 509 50 187 411 194 490 937 274 634 816 46 959 925 600 498 124 321 458 802 674 698 339 394 433 943 952 228 399 432
214 892 510 553 662 760 861 181 874 669 402 851 813 721 378 854 113 193 191 340 958 165 335 538 194 818 469 534 605 697 755 343 371 421 240 543 903 475 583 679 668 895 296 411 778 978 910 933 402 690 707 66 581 998 794 468 53 574 137 285 745 169 130 510 200 261 841 595 12 373 317 204 280 531 741 731 3 44 900 401 795 358 450 536 86 443 160 607 64 922 394 478 692 466 729 37 149 128 941 954
693 611 149 330 347 249 268 455 465 543 120 511 532 51 146 326 578 50 171 700 722 411 283 684 670 827 847 611 459 616 973 546 594 362 912 364 461 116 814 449 131 9 951 102 116 646 536 711 401 505 724 18 716 561 701 127 266 130 163 915 872 311 131 145 262 7 717 96 414 538 766 14 24 863 228 491 992 983 99 331 238 557 26 155 69 585 268 47 575 76 89 320 145 77 683 219 272 79 263 5
283 868 17 523 364 495 966 102 105 840 432 526 464 928 822 459 115 641 635 283 381 720 238 523 403 586 532 574 499 631 553 114 2 945 525 215 176 256 204 926 371 929 90 133 244 834 41 46 51 649 961 48 299 292 948 542 486 166 466 448 740 944 37 134 814 492 446 347 418 879 119 166 179 482 539 69 420 427 187 271 247 56 84 672 293 25 337 221 161 628 322 906 542 502 138 610 46 158 973 881
985 915 3 571 29 767 499 347 899 626 988 516 985 447 67 336 357 920 440 9 263 94 166 482 399 495 327 991 673 346 348 325 868 544 621 36 428 323 395 240 555 285 897 168 456 404 311 667 473 219 779 432 360 177 390 289 230 596 274 339 561 190 45 510 185 34 800 439 57 664 190 732 218 346 840 906 492 106 41 428 952 504 744 686 886 604 368 709 949 648 211 293 427 879 583 789 584 313 536 485
777 448 94 485 606 629 306 7 880 806 670 843 994 701 709 287 907 810 152 339 823 494 315 198 479 839 338 195 580 316 936 337 609 566 308 423 284 96 237 919 83 19 410 309 217 695 479 965 891 657 504 687 319 516 956 332 684 869 591 732 737 973 591 332 7 821 875 840 753 865 482 705 939 971 934 61 731 230 198 175 177 328 609 921 459 100 899 888 697 456 100 139 560 591 691 515 493 753 105 462
53 594 762 27 83 257 157 140 899 690 476 685 680 210 830 716 438 640 699 46 134 958 775 943 706 56 286 894 594 641 364 700 854 665 341 31 824 246 443 729 661 937 158 460 131 412 635 345 150 413 566 276 470 429 426 719 103 510 739 592 896 888 759 219 314 711 533 202 187 697 538 303 948 190 817 353 146 931 713 245 440 441 873 382 681 188 386 164 112 27 740 932 357 627 208 31 477 581 449 412
649 795 353 51 513 976 841 185 497 203 414 915 622 302 101 847 540 309 761 396 444 661 943 562 915 40 600 520 819 886 257 422 648 423 358 996 664 820 390 903 25 836 711 545 496 107 100 727 796 867 772 589 151 354 582 288 331 761 132 706 754 16 792 569 244 683 160 141 967 9 772 964 456 661 279 159 339 788 422 450 69 126 811 278 257 284 990 551 558 649 716 75 466 43 763 241 415 309 831 575
124 985 711 518 880 568 539 491 319 918 105 41 880 726 146 970 854 359 620 869 210 195 443 413 56 766 604 50 823 571 203 863 22 525 4 295 618 955 446 66 806 170 649 722 457 410 708 745 457 195 112 61 419 111 879 903 241 196 973 302 933 583 513 837 997 477 821 168 803 954 489 985 515 819 77 303 509 681 454 8 1 761 995 98 564 335 880 257 900 643 742 41 972 902 795 186 801 646 480 340
158 170 202 271 240 998 626 520 257 659 731 527 852 605 426 513 590 811 362 457 237 842 763 921 165 576 671 85 176 908 707 624 347 616 467 417 218 562 837 83 197 295 879 588 648 215 594 133 635 885 647 355 58 311 249 438 270 303 332 477 39 233 512 316 689 933 392 822 843 288 387 283 924 52 362 179 109 81 436 448 354 873 131 925 160 322 136 707 312 394 582 547 697 995 323 180 720 149 199 787
423 44 451 692 266 97 622 905 846 742 996 830 505 689 822 894 320 589 298 372 32 908 43 128 564 499 836 380 443 504 250 913 84 918 180 69 729 266 448 843 122 932 278 2 583 31 162 788 941 734 816 369 752 114 704 369 392 431 98 723 506 852 985 691 419 40 202 40 166 855 671 181 279 553 94 719 192 204 941 656 150 21 17 630 317 955 567 939 584 263 861 43 542 157 889 341 263 139 558 168
102 804 704 164 382 875 985 165 893 289 664 884 270 764 599 226 862 110 268 627 890 785 475 631 422 56 264 720 73 585 601 303 995 194 670 278 969 182 637 54 550 359 568 529 284 499 293 883 731 225 977 940 442 6 502 958 176 592 589 642 559 208 431 910 506 851 859 720 612 886 568 614 999 932 374 529 715 243 183 217 625 588 13 845 889 352 986 933 907 997 13 52 308 597 77 983 550 820 287 297
48 118 629 622 112 825 925 372 940 987 145 586 685 873 783 627 111 922 30 130 73 530 942 850 295 497 712 531 794 933 636 443 616 653 126 633 878 728 357 212 600 113 887 245 914 903 558 275 914 594 464 373 254 652 923 667 370 961 779 617 589 839 77 213 43 819 203 66 568 350 670 873 155 885 733 269 336 174 939 247 84 36 800 193 67 226 113 688 348 439 300 522 852 456 779 590 588 137 194 322
866 84 782 795 69 413 460 707 149 332 407 722 623 792 944 94 388 845 557 269 57 759 94 926 741 855 718 743 1000 399 396 91 160 671 674 648 12 17 726 576 725 507 755 985 318 952 235 608 950 133 131 964 668 197 923 545 388 779 289 227 327 188 267 625 978 16 288 847 110 211 934 500 554 432 563 839 94 452 223 768 250 930 408 302 212 801 978 59 742 501 50 704 633 117 50 457 908 912 340 634
414 179 547 163 104 363 197 643 176 904 746 618 117 643 657 335 130 83 739 533 687 304 447 446 499 89 857 509 461 109 944 266 45 349 985 516 216 346 968 221 127 647 735 841 64 691 305 16 68 836 169 530 273 57 47 782 535 221 839 616 371 695 856 73 649 747 843 115 47 900 907 654 271 630 816 256 404 387 325 895 348 205 948 756 181 203 689 749 898 39 632 814 366 53 960 714 241 39 308 176
478 613 302 170 702 297 633 888 756 278 333 421 54 89 698 84 142 890 138 938 83 93 356 239 739 430 62 483 111 49 48 541 70 92 175 336 454 712 987 659 50 576 118 398 229 386 280 417 813 865 862 386 585 717 125 968 560 445 732 417 655 845 260 10 377 864 483 714 599 695 409 340 217 637 140 314 367 571 455 923 174 985 436 948 475 652 609 158 328 636 707 384 877 161 669 972 799 296 389 841
162 153 861 856 42 713 286 427 256 234 781 760 748 745 323 100 907 320 337 881 116 611 105 248 138 411 839 745 327 769 416 551 412 872 540 935 618 311 695 353 564 410 262 476 350 997 505 118 623 816 917 22 758 994 868 994 872 463 639 616 578 123 724 550 594 402 781 884 563 135 259 902 33 9 629 604 260 348 635 708 274 531 767 831 578 850 986 124 284 949 758 448 9 61 235 562 39 590 423 924
202 357 960 824 44 624 437 726 642 405 899 977 603 731 786 94 550 824 657 170 548 690 918 429 317 423 452 740 227 147 320 85 762 515 520 327 678 47 499 28 434 840 729 487 122 560 660 661 830 429 660 626 661 1000 153 668 219 535 864 331 271 698 193 750 505 784 654 801 48 758 308 59 872 849 585 496 69 566 855 363 466 888 473 238 141 331 66 603 955 393 2 127 346 483 606 254 584 607 327 600
392 224 214 712 333 87 150 123 797 872 474 632 399 873 267 804 258 292 971 598 175 66 90 294 849 397 717 121 960 376 212 476 155 47 45 91 884 566 554 460 251 676 431 611 341 600 294 466 689 606 726 369 943 316 347 621 390 188 242 488 575 26 99 305 930 715 854 94 223 420 678 603 734 998 192 684 761 89 222 589 828 202 114 520 932 455 440 410 697 321 260 398 114 506 592 463 795 607 830 795
367 175 770 853 217 286 659 363 561 638 186 253 358 296 624 579 236 533 868 139 562 313 65 328 279 785 563 825 706 382 761 550 429 3 73 299 682 239 740 671 215 384 701 207 862 816 375 988 833 533 293 667 28 821 23 302 883 92 418 48 382 716 862 85 407 376 542 792 598 196 372 842 870 32 932 559 164 232 675 103 251 630 177 743 605 506 790 283 538 776 126 967 933 122 711 973 177 515 425 120
516 1 237 410 609 49 299 784 415 211 787 935 619 248 847 47 888 469 829 490 614 620 882 108 614 809 203 230 46 160 506 398 571 34 661 760 77 881 675 340 437 346 668 482 335 770 930 943 477 175 299 896 704 396 53 818 316 1 697 128 301 422 923 408 720 745 622 668 144 192 636 681 376 804 185 614 10 797 99 368 837 551 88 615 801 136 233 757 370 859 666 742 225 403 913 704 330 848 375 138
36 664 680 466 927 52 439 664 889 633 324 149 262 155 137 920 664 723 408 181 472 617 544 405 323 495 669 574 162 925 813 141 386 727 824 357 388 147 900 430 188 628 358 225 228 419 108 96 291 807 751 11 147 115 754 990 66 447 620 398 489 171 684 260 712 568 338 955 145 906 443 760 469 231 542 710 224 693 845 596 559 977 145 123 181 410 243 463 682 896 339 920 790 142 563 966 116 390 435 927
94 649 818 923 677 142 939 72 198 413 585 357 795 113 968 241 509 151 169 830 499 325 456 231 666 274 905 210 945 998 26 253 804 382 928 901 508 56 379 605 113 921 738 376 268 400 333 660 922 834 918 431 25 249 829 981 341 992 393 931 232 520 834 814 344 466 865 476 897 399 44 712 84 859 828 189 556 228 672 971 517 49 122 845 780 951 665 825 146 309 251 243 915 771 614 113 536 923 656 214
915 929 869 341 24 409 304 86 165 976 108 160 746 283 929 614 838 341 244 503 76 142 942 777 177 799 877 846 630 208 212 59 213 156 918 476 338 557 143 475 334 873 49 401 918 534 526 753 516 315 641 750 398 198 652 762 423 76 540 519 642 469 955 615 239 735 285 434 661 915 401 258 177 881 826 362 909 830 103 951 148 238 979 937 792 53 67 304 720 182 490 234 732 40 127 921 946 568 778 69
224 784 708 811 812 746 217 590 247 821 329 751 492 407 250 849 532 332 978 907 936 166 956 7 667 638 327 976 307 588 214 633 246 240 441 859 370 201 55 513 627 8 946 53 783 695 496 941 205 421 987 152 142 604 102 879 616 567 141 342 965 605 925 381 151 144 206 5 473 966 746 981 115 478 877 631 95 133 1 568 984 411 563 732 758 742 557 727 989 123 167 939 417 494 812 70 348 941 412 329
968 729 956 222 601 293 804 505 314 936 543 698 473 479 308 942 514 411 594 301 832 82 438 591 481 863 902 167 242 594 416 320 982 717 26 721 810 41 600 676 541 691 442 997 56 774 373 543 781 507 579 745 738 433 904 998 302 360 146 354 516 474 414 313 10 164 83 167 905 575 198 980 602 293 195 696 583 10 980 147 916 663 124 950 961 870 354 964 274 0 78 236 103 883 960 668 680 533 252 856
801 90 95 487 99 333 406 698 835 81 524 228 105 849 844 387 279 840 762 390 436 26 734 743 0 216 782 419 784 592 808 607 449 719 328 200 965 704 937 39 524 452 646 838 928 963 523 553 245 234 992 403 682 449 277 928 511 660 442 454 659 466 194 794 118 795 543 199 577 881 293 561 347 915 882 114 314 214 596 89 292 864 939 949 833 811 353 82 787 761 960 372 825 346 58 660 644 199 624 278
663 780 897 935 524 643 420 993 610 5 943 192 339 546 622 247 614 589 825 329 605 948 392 826 405 699 492 175 818 746 86 120 139 151 555 660 198 697 209 321 87 624 92 386 888 637 343 725 682 883 448 631 41 95 78 724 72 743 407 575 21 632 593 317 354 238 875 384 388 783 672 384 860 294 222 955 151 781 229 26 396 868 172 886 172 428 359 956 334 801 555 323 779 615 912 229 269 693 163 908
184 433 549 450 467 451 775 707 952 355 194 440 183 809 108 91 0 390 492 415 647 311 107 9 625 80 526 81 245 460 859 289 595 998 314 667 519 224 963 63 126 987 309 633 181 862 932 103 402 586 139 9 177 204 116 252 543 924 624 896 98 79 57 336 88 835 584 69 858 740 925 955 706 403 327 232 705 191 223 277 311 605 516 989 875 855 898 572 966 890 563 276 849 769 140 770 430 844 89 791
211 635 333 282 767 863 331 317 875 930 650 814 558 669 802 15 295 476 649 762 496 563 309 502 683 312 363 88 608 583 570 817 791 826 435 64 906 944 66 463 248 878 155 937 863 67 108 688 259 523 412 773 665 20 504 288 561 300 941 475 5 913 532 296 760 919 736 334 504 245 209 582 91 494 355 712 906 348 577 552 281 990 823 654 102 958 121 828 786 834 197 392 698 297 748 388 153 36 998 279
534 359 49 560 439 225 883 960 396 340 587 930 360 910 428 41 631 954 93 634 227 843 868 295 31 688 79 569 705 481 876 568 803 981 174 426 981 305 636 707 172 471 375 48 271 289 332 122 940 530 467 442 477 814 662 331 782 12 179 466 654 889 829 880 562 995 770 970 529 874 440 645 930 566 358 706 398 82 695 47 760 742 301 732 82 321 594 550 370 104 574 239 39 961 214 705 457 358 307 73
70 967 434 158 657 127 451 968 968 77 398 380 299 35 652 11 888 463 835 601 41 696 808 142 219 150 276 760 735 822 577 873 986 787 816 227 694 987 440 423 128 64 865 390 234 792 457 620 161 670 700 998 819 579 142 378 232 528 328 55 3 478 192 728 823 448 955 960 808 646 358 15 647 181 344 855 529 938 178 457 49 34 670 427 926 42 27 313 458 211 196 749 154 754 804 655 317 176 801 250
68 682 897 16 186 37 497 667 977 216 133 817 762 141 216 158 693 749 339 859 231 442 79 52 960 993 476 968 980 247 590 320 875 235 362 207 221 493 394 458 984 916 916 199 496 208 420 983 954 254 44 536 658 168 136 728 90 17 130 465 157 468 744 883 444 643 806 534 169 567 815 336 995 163 351 526 183 359 430 801 413 563 747 895 467 291 607 602 325 493 733 621 701 70 438 15 509 923 1 13
655 343 607 720 872 389 14 331 293 475 323 585 623 778 393 456 837 342 817 773 491 498 859 699 124 621 104 486 749 866 135 1 961 820 40 623 63 932 283 903 878 882 852 926 592 773 43 662 697 199 522 584 102 547 904 498 575 973 107 549 754 388 700 489 978 58 845 298 800 740 970 716 750 451 79 905 14 938 144 887 575 11 939 718 867 865 592 959 762 918 70 122 389 994 86 393 238 140 23 437
378 201 133 390 944 779 594 575 589 151 923 4 604 894 746 154 337 59 359 107 610 410 921 565 100 148 752 284 264 138 813 927 985 561 699 327 821 321 626 91 488 199 121 25 438 34 644 628 106 31 383 653 414 988 941 173 997 324 16 765 445 103 283 475 738 189 132 51 540 955 264 544 709 962 874 830 851 426 463 973 790 643 121 404 228 836 221 436 698 513 495 65 145 782 222 875 931 543 204 617
333 347 25 797 4 706 245 504 507 441 755 146 425 862 34 643 271 318 255 8 999 327 679 994 208 201 354 778 591 338 880 913 294 70 951 217 234 31 784 524 489 576 243 430 53 127 134 587 568 888 701 53 546 216 226 569 149 327 143 602 80 480 182 20 839 664 340 895 546 556 230 551 857 876 733 406 780 437 328 778 853 15 976 218 561 691 750 567 690 310 116 306 294 262 898 179 215 424 354 96
5 802 931 517 270 186 258 264 12 989 608 165 604 987 114 215 304 429 60 357 486 175 316 722 26 782 397 460 828 950 156 79 2 908 672 859 927 110 711 83 371 36 271 469 195 705 190 578 20 950 581 627 521 705 342 232 257 882 233 943 500 916 340 565 120 442 623 462 965 464 983 594 669 252 343 947 794 860 75 96 607 746 133 927 19 866 8 350 743 439 542 253 192 210 818 293 252 234 433 325
460 525 179 250 653 810 843 296 501 327 433 446 639 385 653 927 249 403 309 490 0 414 147 862 820 51 331 597 886 727 162 514 893 474 419 548 527 301 709 79 181 936 572 719 290 720 874 909 920 304 124 169 545 629 437 467 34 465 545 862 301 143 874 602 5 338 151 761 38 798 509 335 77 755 1000 849 550 819 110 112 442 894 686 386 204 638 976 382 752 508 134 476 747 823 872 119 639 619 551 274
497 103 687 478 952 303 172 854 540 692 817 183 776 208 571 67 903 178 417 541 623 913 605 164 378 346 229 774 706 472 924 161 268 518 72 865 258 89 761 185 34 759 410 156 693 11 968 429 291 166 181 821 658 487 827 322 998 505 49 374 449 576 106 119 73 638 381 248 249 110 837 694 698 967 787 471 12 434 259 187 17 994 628 921 937 970 341 46 903 866 643 816 351 6 23 464 369 106 655 246
480 172 85 782 987 904 236 570 761 251 531 466 445 437 79 427 907 177 589 587 470 984 194 703 662 962 541 508 689 826 760 256 44 618 790 577 57 158 552 225 946 34 887 981 41 671 30 916 16 991 705 728 127 248 357 17 591 140 730 395 523 393 709 766 991 342 220 277 813 4 978 257 179 30 644 463 546 140 698 104 178 765 805 317 307 721 731 978 227 707 89 657 742 862 824 435 619 654 656 87
999 839 703 344 314 609 114 179 877 558 899 3 129 273 983 889 367 837 41 692 295 317 41 441 779 526 363 1 997 572 886 274 714 159 430 777 119 927 333 79 325 599 434 354 227 380 60 749 110 199 0 868 529 568 987 485 644 157 341 244 610 993 981 347 218 519 775 352 458 912 601 979 569 482 997 383 331 307 626 302 152 358 852 535 662 128 383 438 515 76 379 906 754 669 545 636 563 263 768 731
841 119 220 519 965 603 346 217 605 708 567 293 877 878 681 539 851 688 186 659 657 964 745 389 580 102 455 411 952 879 822 346 395 683 436 151 282 233 895 849 45 375 954 641 578 285 971 373 457 373 875 86 557 599 799 650 538 36 612 147 730 508 134 801 457 3 299 342 288 200 558 781 898 193 382 502 39 783 190 446 997 147 275 329 384 754 639 383 72 704 739 476 735 468 188 860 839 453 545 221
498 222 328 29 221 922 680 591 673 423 555 69 829 767 625 91 522 640 173 27 358 260 175 740 670 476 138 883 940 73 294 170 696 352 229 592 667 491 340 4 206 247 979 392 196 592 550 750 533 330 457 30 782 387 493 832 539 647 235 498 899 578 814 780 313 580 736 571 673 85 268 980 845 90 935 701 289 613 114 356 832 718 499 154 198 293 220 802 754 152 925 380 284 295 239 357 319 719 321 561
384 611 808 318 320 190 943 148 472 70 65 631 655 660 303 687 141 163 217 487 54 82 796 762 814 87 423 324 137 916 67 65 482 431 236 622 639 119 878 409 927 856 798 342 897 773 217 166 93 81 489 68 511 986 925 631 531 889 521 419 41 496 113 249 542 39 784 18 695 834 507 116 761 484 151 97 564 179 842 900 854 527 297 176 353 284 417 148 212 422 934 86 368 883 476 347 880 359 542 979
31 67 889 270 213 390 349 389 551 208 121 9 663 0 301 965 490 550 904 204 622 625 327 172 788 923 539 595 318 568 46 829 299 318 616 902 410 631 47 768 462 415 991 55 261 821 915 765 260 990 643 981 359 31 87 598 544 461 980 368 16 946 626 764 535 399 523 98 193 431 576 496 693 111 666 146 942 690 741 920 26 881 977 983 984 727 50 891 784 601 273 844 393 674 292 374 524 293 889 926
466 318 272 1000 197 373 465 44 592 663 173 523 71 922 333 514 109 168 213 58 78 749 752 163 806 163 896 175 899 739 119 569 937 452 286 253 765 656 577 15 616 432 584 607 231 952 701 522 404 510 993 45 699 443 99 726 226 403 722 396 803 416 938 285 139 793 319 919 771 414 518 740 769 739 973 250 815 491 91 919 849 191 501 700 830 932 914 240 739 101 829 874 461 403 55 875 423 274 966 921
729 66 315 346 974 237 35 278 426 146 902 80 422 415 87 161 346 796 237 825 530 903 794 501 415 236 820 730 529 936 913 527 812 493 66 552 831 694 634 120 983 966 383 914 755 382 246 292 203 226 860 636 545 349 366 901 208 227 713 108 665 594 283 874 111 872 600 147 282 569 536 627 166 634 695 708 589 610 81 307 149 327 55 837 514 1000 826 65 516 902 58 899 598 493 614 571 591 302 860 251
39 411 961 547 391 369 461 180 373 965 351 606 921 717 786 195 940 826 413 486 35 884 97 525 902 871 291 293 433 884 290 73 950 818 621 343 172 120 841 341 168 672 85 127 822 341 62 31 644 359 860 245 220 331 66 937 390 778 321 540 301 324 810 906 333 506 485 8 262 687 589 805 213 249 676 881 374 844 295 493 460 185 7 769 396 447 531 684 642 597 981 544 481 608 35 547 494 821 63 918
381 262 758 321 861 629 894 333 515 742 512 690 878 555 758 840 449 702 692 937 179 985 302 701 216 985 7 13 473 806 395 66 752 685 377 131 509 448 288 899 382 749 147 602 676 148 443 987 995 820 289 183 326 392 775 2 724 918 826 293 431 608 154 675 468 368 164 443 880 603 251 638 930 177 798 683 561 414 693 83 255 643 733 1 840 179 445 860 625 762 906 224 368 812 660 651 611 905 867 488
676 794 494 721 247 982 93 488 941 665 243 901 29 443 712 375 384 321 979 522 949 505 594 671 943 608 131 796 611 786 780 877 939 824 375 262 0 16 672 184 510 136 743 277 189 785 550 480 689 160 508 885 863 678 185 840 407 387 881 414 858 436 296 854 823 490 374 701 839 488 221 460 953 151 690 556 76 125 849 665 446 268 609 817 774 572 540 518 638 749 128 179 202 587 633 773 850 330 912 161
35 282 198 469 488 639 268 355 122 378 529 245 531 552 719 667 586 813 384 717 758 514 429 717 903 316 791 67 833 439 28 442 757 490 156 344 704 273 615 799 724 177 544 340 665 855 510 208 599 407 157 427 568 785 960 741 4 740 562 284 54 50 516 240 86 20 266 398 179 650 277 388 933 168 671 191 738 78 23 493 356 781 973 169 363 27 683 319 575 704 487 540 164 851 836 832 402 717 934 585
664 683 612 516 859 340 424 552 124 589 366 747 315 954 263 68 275 951 701 646 668 168 669 254 877 101 525 298 328 725 491 724 829 6 919 179 327 607 235 252 560 769 635 284 737 182 480 284 182 956 228 609 549 21 292 774 766 872 893 726 430 603 872 90 222 259 535 943 996 244 736 646 65 535 118 844 880 273 222 890 714 184 716 600 385 938 30 323 573 537 217 857 177 763 167 339 697 68 987 825
392 959 452 624 590 409 438 272 336 682 989 0 606 55 687 183 6 843 611 701 563 816 972 897 999 831 819 407 160 382 943 834 538 953 729 292 300 266 361 81 435 483 267 958 683 952 359 216 879 203 738 751 629 325 959 0 645 284 940 621 344 637 759 905 847 336 681 156 821 635 49 112 804 595 51 183 364 29 37 508 92 630 228 19 419 351 145 93 481 176 613 266 878 640 346 402 308 343 96 526
85 122 921 236 916 816 56 726 510 208 801 847 189 709 748 473 740 156 917 732 474 323 687 635 957 79 988 486 636 510 867 823 536 50 646 270 805 545 782 608 881 660 734 75 680 557 694 763 497 778 447 931 934 496 717 856 647 539 107 724 560 588 491 98 957 702 602 302 540 757 284 296 613 383 440 698 227 496 628 130 97 271 456 120 881 587 759 264 935 459 194 535 814 138 508 408 440 678 331 945
285 180 557 55 75 326 352 659 329 575 663 203 728 94 931 960 482 310 922 869 798 939 775 850 373 822 431 566 983 998 378 163 866 99 231 53 429 433 480 943 864 459 871 244 11 588 858 400 122 728 901 86 742 697 197 421 464 803 330 387 336 515 824 751 771 877 478 301 662 36 969 535 743 167 12 28 873 116 790 678 668 237 38 886 771 171 179 682 27 985 698 98 165 852 818 807 467 864 990 229
90 189 357 799 56 96 184 359 161 549 440 370 655 431 119 984 109 278 991 121 237 286 111 22 34 372 145 56 978 381 275 268 95 154 520 957 122 790 686 913 153 744 789 444 195 669 408 716 708 421 993 527 825 558 103 706 912 726 32 610 636 360 874 558 852 254 915 43 586 481 780 638 984 457 72 780 905 77 653 57 89 764 32 433 689 518 874 268 243 579 547 535 681 857 927 945 136 555 319 121
549 891 30 473 314 19 16 940 353 114 425 929 350 320 313 617 36 758 480 428 279 863 793 9 60 378 534 952 414 961 193 767 913 913 936 785 302 344 188 478 96 433 891 487 946 459 825 578 14 68 36 205 5 477 512 652 543 658 737 562 442 563 193 186 762 444 762 158 962 522 956 120 877 990 839 785 79 969 851 704 953 113 749 979 181 265 612 746 475 297 453 114 543 853 467 947 46 449 196 167
174 455 754 625 131 236 356 210 657 69 919 621 139 419 808 233 573 399 62 484 737 822 3 509 357 40 136 737 112 749 113 123 409 30 521 640 725 338 645 524 364 279 870 351 39 111 484 934 133 369 700 917 529 124 163 115 697 512 256 62 873 730 561 29 764 886 282 13 622 587 737 661 778 230 778 327 142 103 40 178 311 409 35 635 365 882 725 433 221 688 413 648 151 858 280 183 416 716 850 28
557 624 414 148 523 58 362 797 700 203 250 243 910 444 443 426 593 439 272 48 635 339 559 881 358 994 188 444 989 7 454 148 245 70 510 260 402 150 88 231 247 653 500 985 517 109 548 13 695 514 43 976 27 600 806 140 960 617 490 318 189 327 964 800 496 727 32 234 281 412 154 789 654 742 887 371 367 518 745 56 427 132 720 556 58 471 304 864 407 428 955 489 18 583 252 562 703 923 980 752
198 581 512 663 897 739 105 172 812 310 289 460 112 386 970 480 795 512 309 642 511 25 824 116 558 712 73 75 316 992 751 590 219 906 776 634 507 409 662 726 117 312 350 391 454 507 619 675 304 997 420 39 188 960 801 300 783 554 947 249 836 272 591 441 964 429 36 906 937 846 952 855 488 860 998 532 947 3 872 247 424 305 952 774 161 35 438 593 37 862 145 421 628 133 761 818 70 352 87 842
829 159 329 325 245 396 974 679 54 982 4 465 260 610 950 136 674 723 589 382 443 50 318 361 172 475 602 441 220 230 935 267 243 429 351 147 974 908 410 6 555 237 844 554 313 894 768 364 230 456 674 305 408 621 858 849 944 349 797 276 742 193 676 764 525 58 248 795 282 721 923 184 130 521 230 820 638 331 53 102 343 679 786 427 894 436 963 359 873 549 556 24 118 828 77 611 883 138 246 359
351 843 836 93 800 558 330 10 141 631 949 149 857 775 297 204 193 809 757 475 835 755 302 615 20 364 252 664 129 230 289 87 784 780 624 858 112 155 561 492 211 995 276 533 864 96 53 980 358 893 719 538 946 838 974 336 416 401 310 280 190 645 612 10 842 932 335 337 546 853 957 954 565 100 735 848 160 410 315 724 729 918 845 182 189 462 359 681 274 129 164 427 332 283 583 918 968 142 238 649
842 682 784 177 215 113 427 306 393 377 529 614 164 874 56 862 288 369 987 434 26 546 964 860 890 209 470 352 143 864 431 870 773 21 428 833 669 931 259 726 972 899 17 885 80 927 955 466 217 993 725 762 398 716 875 33 976 294 364 929 54 763 781 934 807 385 472 448 807 658 575 712 772 759 237 381 323 299 591 59 959 370 716 862 45 426 526 499 284 635 725 754 537 809 773 450 441 853 990 361
156 203 670 494 125 551 979 557 789 909 609 875 384 469 717 826 136 797 502 620 684 749 263 909 420 608 960 927 250 624 119 690 238 251 176 953 562 362 832 810 903 697 181 3 391 256 119 771 192 837 536 562 506 957 979 261 6 173 123 489 807 173 160 816 9 123 644 73 110 546 865 207 694 237 950 180 588 2 732 525 36 954 568 673 366 643 543 726 686 600 501 579 379 793 243 42 149 53 841 804
763 701 663 864 527 31 826 426 216 698 158 263 957 641 107 71 968 472 42 636 29 918 460 462 568 598 160 66 49 97 832 222 415 380 747 856 899 691 984 919 52 275 737 569 811 458 232 69 340 156 124 502 63 936 591 830 659 7 549 782 118 20 935 313 826 276 69 936 767 56 126 327 746 627 980 350 49 958 731 129 382 512 62 481 934 297 116 734 868 946 196 445 373 852 550 299 453 96 660 658
85 205 581 416 697 520 937 89 629 21 711 44 515 652 263 277 520 778 178 456 223 156 488 268 231 462 348 368 311 689 823 939 389 732 906 986 408 830 762 256 533 843 681 143 612 481 878 107 472 938 330 601 625 829 468 83 112 929 828 217 901 398 999 251 329 678 740 828 858 686 361 839 310 424 897 522 876 151 290 694 534 700 954 728 1000 764 50 594 919 993 114 624 36 441 773 566 667 618 313 688
557 340 971 682 489 707 236 629 369 390 859 23 506 236 571 956 841 769 730 108 101 190 774 815 566 92 297 136 846 242 636 227 869 121 104 651 584 141 99 66 453 240 740 646 324 545 739 269 170 500 730 823 703 434 165 933 709 298 907 251 11 601 443 262 596 73 702 151 599 673 390 336 468 657 889 89 207 813 506 695 924 295 583 329 696 529 576 556 508 171 25 245 770 532 49 643 176 330 790 132
50 962 773 749 914 293 756 208 67 996 184 547 962 401 163 680 943 888 47 30 677 327 764 755 418 569 896 647 272 41 177 980 52 52 904 655 891 921 959 902 242 860 574 11 447 201 565 992 819 506 958 432 926 855 290 658 682 12 949 941 129 31 7 852 113 58 538 718 729 964 250 670 142 391 95 244 9 7 392 245 121 169 400 620 494 775 216 933 896 124 660 875 180 7 611 360 663 68 957 453
191 606 184 626 568 382 999 407 453 435 300 877 236 292 509 274 562 893 124 687 708 797 516 164 61 660 372 176 633 196 843 365 612 594 583 313 653 257 121 74 583 111 577 616 129 268 475 83 185 496 767 582 697 121 604 746 756 623 23 705 98 821 988 290 264 337 230 69 911 335 9 228 476 375 35 997 275 960 242 26 559 166 395 173 57 958 412 332 971 545 432 512 404 653 755 753 783 195 799 725
838 962 448 398 710 778 373 966 530 187 302 882 95 673 483 732 293 58 154 271 214 769 271 438 858 600 280 464 27 123 455 995 779 319 425 528 934 965 413 804 76 901 282 455 501 619 669 617 112 492 800 523 438 944 56 203 52 896 215 949 415 507 802 802 791 991 459 85 933 51 620 208 269 16 546 569 432 161 151 828 674 492 362 32 44 655 451 913 432 791 910 846 283 928 126 9 418 923 9 171
427 311 658 450 123 134 656 566 223 700 820 807 596 672 131 994 727 28 585 767 37 311 181 684 742 39 980 196 340 855 835 873 694 181 74 170 248 940 614 608 656 671 757 670 482 815 506 407 583 797 798 819 551 639 825 666 791 685 47 676 45 438 940 662 162 837 552 1 171 30 102 915 947 73 164 617 765 354 361 349 881 903 248 454 928 557 115 648 498 351 804 815 97 530 779 158 148 654 462 491
126 226 541 626 200 459 775 22 251 449 361 269 609 60 771 42 127 689 447 519 540 190 81 187 746 741 808 953 739 254 238 18 860 649 264 805 184 9 680 628 617 875 852 228 209 949 659 524 829 378 640 95 920 818 486 278 204 66 312 984 224 300 934 237 146 357 87 374 740 691 904 650 756 632 195 79 66 751 880 542 822 842 136 847 861 864 96 683 911 723 511 134 997 443 200 352 887 630 833 204
726 148 493 795 472 854 162 765 833 689 959 128 876 418 645 718 24 979 342 375 894 28 419 324 648 892 812 892 444 174 848 282 874 930 729 614 399 658 325 94 846 404 532 586 421 846 752 236 764 725 0 529 385 684 969 194 59 270 13 657 551 256 590 751 608 678 390 887 877 426 845 913 582 282 844 14 123 352 481 287 825 827 917 204 655 574 682 292 806 588 325 310 291 397 38 914 507 72 229 414
790 713 530 560 618 752 510 423 516 562 499 247 868 247 15 214 400 812 464 204 795 275 253 618 424 468 909 411 479 615 668 816 600 677 263 520 165 144 302 405 941 972 197 363 187 170 262 454 776 94 486 573 679 307 696 478 476 306 863 34 467 55 95 214 743 531 290 516 127 44 913 135 923 231 44 391 562 594 0 607 732 168 584 753 537 43 254 166 158 383 819 96 615 248 904 792 859 331 556 53
611 607 749 268 565 649 65 659 538 971 114 4 850 553 214 946 121 342 775 477 547 245 254 969 312 424 85 801 923 473 374 59 557 472 669 258 405 724 27 72 846 850 183 434 725 828 362 32 804 227 148 428 68 37 995 518 479 749 84 361 533 745 9 918 181 586 325 128 709 756 428 663 971 309 711 332 871 457 556 74 299 352 649 346 134 865 102 316 375 863 551 473 968 743 732 256 49 245 906 673
104 480 238 781 257 973 864 780 394 955 505 214 724 659 18 573 681 998 50 948 882 63 920 510 653 239 72 848 103 684 40 601 890 282 147 964 824 655 173 47 246 266 44 130 872 532 721 711 575 241 696 423 928 441 400 927 532 648 132 670 184 535 26 560 598 665 759 197 915 779 748 659 32 229 889 486 979 482 833 23 410 491 191 131 379 55 471 793 552 137 418 166 247 946 977 172 194 883 51 750
563 561 183 906 231 692 502 667 700 968 368 558 806 475 863 204 732 154 21 608 340 100 123 624 987 428 946 689 380 285 209 262 569 804 716 200 885 315 222 342 504 894 653 548 678 542 476 873 174 1 589 977 214 509 504 311 626 922 23 690 162 734 871 89 654 375 758 102 998 664 918 178 498 663 527 579 250 495 733 126 550 905 650 904 993 381 191 623 850 95 724 229 282 551 589 535 494 809 318 621
783 688 43 545 275 223 444 437 508 364 747 662 246 530 20 118 20 562 656 9 261 557 32 555 642 469 940 590 732 359 53 183 880 681 970 724 653 895 459 43 905 813 572 621 171 435 709 694 577 903 776 593 821 532 829 809 954 156 487 692 871 424 667 207 932 338 749 653 592 910 967 499 383 580 629 348 928 725 642 540 739 912 30 764 532 639 889 440 885 730 449 144 596 960 705 52 71 588 541 700
990 414 333 864 955 711 568 554 946 980 481 178 57 702 524 378 425 978 981 487 92 728 963 813 160 947 438 707 378 575 399 846 584 706 824 212 326 924 828 863 276 179 518 614 41 463 765 448 498 729 508 246 910 356 696 591 742 523 29 833 819 28 550 21 828 52 967 675 206 495 61 969 752 480 668 23 339 757 433 898 236 466 768 884 584 520 560 704 345 748 974 198 699 760 282 861 326 935 239 739
948 113 474 358 100 913 776 665 833 920 431 45 973 711 57 433 83 910 234 940 275 582 891 334 648 10 286 291 692 702 609 353 117 883 199 773 98 434 608 213 992 727 904 987 170 921 472 533 947 692 541 57 145 429 406 445 301 518 362 369 345 654 898 306 939 323 321 714 142 257 586 650 588 500 953 372 473 759 872 105 56 2 708 256 989 355 33 428 530 933 687 632 325 198 259 102 128 201 532 688
506 729 834 10 350 383 17 308 653 247 855 761 801 250 1 137 464 426 735 847 716 192 610 335 75 812 113 827 850 103 457 326 795 112 511 688 557 707 218 941 18 828 828 588 788 693 995 716 51 687 979 215 524 279 255 279 451 442 145 808 675 438 389 101 171 393 283 805 514 56 67 201 822 606 52 534 978 946 478 459 46 957 84 555 257 100 793 350 445 75 949 174 734 968 384 89 628 978 164 403
990 374 938 404 625 877 259 420 264 179 888 418 290 596 419 454 647 948 468 728 3 122 994 83 500 593 595 960 334 180 431 349 793 755 378 279 618 773 381 794 446 990 152 255 574 813 698 334 200 764 702 596 42 767 597 81 313 163 499 38 323 883 524 258 905 132 605 686 575 275 162 203 667 522 507 265 665 706 663 33 680 297 132 878 370 560 917 781 907 838 551 437 624 272 419 303 138 538 965 483
649 360 936 157 5 417 376 288 225 930 450 644 981 322 395 586 580 158 84 398 945 263 706 484 66 418 249 361 128 761 414 509 43 683 83 953 682 796 944 692 58 202 143 475 216 52 987 674 66 652 549 82 232 119 459 717 814 149 227 338 453 190 885 32 761 272 844 173 559 879 854 767 512 544 304 993 529 396 606 68 511 902 997 523 577 375 398 859 106 946 103 187 726 523 714 248 909 256 178 848
358 918 835 267 600 500 211 675 37 12 167 505 561 951 23 249 353 531 71 494 1 821 180 782 826 628 346 406 856 269 728 270 276 363 176 560 125 939 274 657 785 791 662 933 815 158 210 685 709 645 238 446 607 522 144 616 177 190 867 532 660 512 152 646 9 671 695 660 675 995 480 465 291 985 380 215 994 701 247 49 489 431 941 959 299 520 178 573 417 715 793 510 152 911 665 317 383 318 729 322
551 579 923 642 267 18 472 389 913 831 848 125 590 903 501 497 893 3 601 63 934 506 23 423 397 270 307 459 116 415 910 13 878 453 475 659 875 464 841 51 530 924 842 74 245 471 155 945 137 249 986 311 156 823 203 477 690 337 846 696 87 448 460 246 663 103 567 878 634 778 680 970 877 492 850 277 725 634 365 939 225 804 873 508 30 870 346 927 176 664 206 716 834 630 735 215 107 686 66 951
46 742 666 646 521 123 881 206 361 783 606 369 795 21 989 507 201 824 945 685 333 576 266 87 645 49 571 262 606 121 490 548 572 680 193 965 132 939 523 172 814 390 401 542 109 61 784 119 421 581 280 354 118 58 723 18 518 102 328 817 407 901 517 314 229 227 780 481 396 886 393 273 252 160 675 746 131 119 738 1000 23 827 365 332 503 533 594 862 102 396 480 420 792 813 715 217 840 703 66 868
217 849 757 361 217 2 986 778 729 961 332 957 391 1000 181 170 497 710 847 843 762 902 305 780 307 612 246 898 138 556 734 112 616 453 261 602 359 546 829 114 727 117 605 883 144 946 704 180 692 107 171 900 460 915 562 751 729 427 478 920 274 184 33 294 57 912 782 605 283 244 649 330 4 39 595 292 936 959 320 854 439 806 833 536 30 193 101 305 884 789 152 671 3 248 745 790 427 862 81 229
823 312 858 660 681 325 486 759 8 853 353 217 348 650 401 685 521 353 99 441 201 821 39 26 379 317 57 979 381 697 49 819 787 232 137 301 573 535 756 846 169 647 464 346 100 614 635 926 670 257 915 401 953 829 248 270 980 81 542 780 437 64 324 543 912 474 14 414 250 253 830 760 68 37 879 491 587 109 599 473 66 668 688 0 246 169 347 279 764 319 221 696 425 736 551 573 122 492 805 122
288 710 237 92 297 389 984 335 612 640 668 198 835 901 473 84 369 576 909 326 876 104 929 421 573 443 774 822 591 786 528 960 343 582 800 57 809 958 70 976 883 558 231 975 385 756 101 618 369 638 72 382 185 702 892 40 438 65 815 226 730 580 81 965 910 842 945 587 875 85 321 482 621 591 647 658 802 180 267 89 504 312 31 641 353 762 928 651 28 764 364 985 175 154 113 28 848 55 911 638
777 137 138 882 522 157 943 555 366 326 985 553 689 367 147 676 958 148 466 915 534 597 757 138 801 420 846 656 695 125 183 569 522 295 521 775 427 949 913 159 811 393 823 936 677 212 314 250 281 473 671 66 697 558 470 159 784 35 533 178 41 727 519 873 887 706 504 994 129 69 474 325 607 55 237 607 532 938 121 564 842 88 720 688 151 549 242 884 309 129 930 888 382 415 437 418 715 87 77 671
682 843 874 240 35 987 388 197 617 79 538 969 54 58 742 792 139 1000 161 668 951 682 392 107 101 734 40 680 485 124 587 485 858 706 282 683 770 854 218 837 902 588 764 25 913 300 503 743 141 469 521 608 793 115 276 318 515 979 672 998 999 177 570 610 176 867 473 403 755 878 230 976 209 934 385 844 99 288 191 141 689 396 94 714 722 945 91 782 591 205 831 356 19 61 300 666 979 539 340 149
827 729 821 996 95 688 379 582 976 464 797 813 601 875 577 276 437 664 22 268 845 445 772 53 408 920 581 310 123 880 799 801 201 772 82 507 481 662 987 673 887 591 382 578 252 127 660 655 774 477 65 772 375 493 574 734 122 958 131 312 603 937 521 349 482 567 909 88 190 848 36 408 992 302 444 286 93 328 118 487 789 322 191 945 787 563 991 1000 591 962 290 866 223 226 818 0 615 255 756 94
38 469 807 838 848 960 184 789 836 74 481 561 729 176 516 435 734 366 720 155 449 140 713 976 4 557 535 90 993 258 466 652 571 934 982 678 556 830 118 159 319 602 10 983 386 93 712 843 568 655 921 843 578 195 174 968 599 856 217 317 227 961 347 160 58 377 81 957 963 328 754 126 440 818 309 945 377 191 635 960 946 911 359 608 339 131 1000 19 268 808 978 713 956 596 99 541 49 394 321 44
581 18 719 443 547 831 784 152 404 571 808 198 694 131 7 464 713 484 233 583 611 910 422 916 674 796 697 97 527 896 82 610 424 738 876 967 800 916 321 23 287 753 946 823 422 659 257 716 95 947 613 224 838 525 965 423 318 360 634 827 995 717 172 320 642 526 248 589 998 526 299 392 973 593 588 468 866 884 606 164 792 813 232 528 182 884 173 943 36 981 586 275 76 64 294 300 478 288 944 886
782 243 126 903 512 126 339 425 696 363 262 32 250 803 324 170 668 83 929 615 766 289 782 549 181 703 761 303 632 226 571 780 296 704 138 979 454 369 763 51 303 301 225 435 919 363 267 558 147 605 448 440 304 344 100 107 569 593 833 401 353 585 866 826 464 15 805 360 101 827 80 884 546 167 34 885 228 542 590 473 423 551 378 719 954 920 56 172 633 517 772 875 662 137 549 452 365 317 143 121
161 546 615 543 489 55 152 41 70 652 289 404 43 307 754 715 609 254 557 504 770 354 600 882 864 210 198 283 174 287 784 868 370 903 321 348 491 720 615 332 581 771 647 247 931 924 571 700 485 56 412 611 315 499 778 427 438 668 867 228 769 85 504 836 217 551 613 188 310 492 985 654 899 610 991 498 623 181 183 180 621 514 906 604 891 342 602 998 876 848 454 989 627 402 542 764 653 528 44 874
436 305 654 639 371 636 712 39 397 536 894 612 306 28 335 821 991 305 389 504 769 125 76 850 414 461 696 943 955 216 516 242 128 657 112 622 483 968 602 226 155 73 661 479 143 317 342 748 866 337 446 321 752 549 86 164 474 633 305 870 985 905 705 529 150 391 754 3 41 725 695 626 520 686 61 828 598 431 557 734 484 347 223 85 59 706 45 346 742 693 224 866 349 526 249 364 207 108 749 673
559 373 757 972 759 924 139 216 554 854 356 611 817 90 977 157 426 759 640 190 385 485 274 719 262 6 454 646 161 810 13 592 3 295 594 626 864 174 504 817 354 69 457 704 858 69 42 49 858 669 353 140 969 280 301 134 568 655 985 871 403 467 377 513 637 513 839 657 888 58 307 14 354 459 848 315 835 641 634 179 455 170 724 538 344 877 415 713 330 844 427 745 846 859 336 210 483 700 968 26
603 355 497 240 229 380 751 882 311 173 2 274 406 694 155 76 824 878 439 917 767 392 809 401 721 719 220 420 720 965 740 466 536 901 893 666 956 734 70 165 488 833 122 290 101 340 919 444 529 150 530 890 303 155 73 256 663 279 944 823 350 803 567 454 262 806 909 609 617 246 31 963 836 485 687 999 277 393 33 7 918 464 900 316 184 453 812 817 233 851 74 980 948 222 257 564 578 457 257 722
606 971 931 425 716 596 867 198 195 110 303 917 438 616 124 32 964 896 355 16 55 514 135 910 352 318 855 685 692 180 638 993 598 840 990 885 990 124 347 27 924 725 899 414 245 439 294 395 124 234 512 395 752 626 557 908 787 434 772 187 705 68 633 61 139 339 606 540 460 582 791 528 863 714 539 609 632 990 366 692 535 512 882 303 624 330 201 532 954 92 28 159 359 904 148 887 495 932 910 234
516 770 702 339 250 923 238 715 630 859 604 701 223 878 122 494 820 570 908 330 31 716 187 867 717 921 707 336 945 822 434 172 352 251 714 924 95 359 859 831 492 695 364 790 167 30 985 849 288 761 139 867 337 989 685 591 96 4 113 814 856 609 60 946 955 69 591 76 104 120 235 690 524 18 947 113 698 23 822 473 830 558 457 737 22 360 615 553 539 134 519 394 911 178 821 470 644 759 268 492
141 859 562 766 191 881 838 86 971 553 725 935 843 960 871 48 194 709 656 350 839 574 880 943 473 67 956 235 776 316 58 983 758 137 658 147 962 293 617 472 570 638 323 72 941 692 89 380 739 888 386 911 470 611 50 183 461 802 579 346 116 764 946 367 158 573 743 226 49 551 310 685 613 434 392 3 252 316 119 1000 713 471 95 130 439 0 665 683 113 160 964 501 696 974 463 584 706 824 360 206
79 776 21 323 775 14 930 270 349 634 182 952 811 46 339 875 199 29 48 566 23 533 589 485 434 785 19 162 283 361 747 453 161 649 91 691 529 0 884 666 348 381 191 581 954 638 475 795 535 35 58 554 580 768 571 810 194 582 658 309 564 137 924 825 164 648 645 585 652 85 761 184 561 50 784 357 335 710 805 120 630 863 537 733 898 185 544 901 862 621 752 74 446 880 117 426 275 422 953 953
168 488 569 604 773 27 494 491 370 540 617 470 621 100 679 262 565 216 822 141 696 496 940 453 683 955 707 207 796 388 272 450 154 312 652 411 681 477 456 588 298 12 823 661 850 932 197 685 694 131 380 245 552 991 89 41 494 980 2 377 136 376 608 758 831 613 742 878 574 358 761 865 342 418 882 78 616 925 268 917 208 785 587 654 660 67 276 458 52 770 924 783 658 272 613 297 9 20 387 399
246 219 992 592 811 825 502 849 694 823 480 993 565 126 966 945 202 425 373 707 543 846 420 544 862 493 372 305 79 656 809 936 197 747 136 137 237 742 488 458 994 463 665 49 668 587 820 863 896 428 878 364 783 703 764 225 797 702 520 593 344 665 29 136 988 370 602 536 491 44 433 707 852 298 979 906 582 668 974 744 635 371 640 191 120 698 169 227 29 296 358 555 97 178 634 926 302 691 330 189
19 642 476 425 636 121 899 839 644 896 403 895 416 167 336 393 771 823 579 395 669 499 761 443 944 904 234 628 262 649 635 267 669 916 916 535 91 726 922 980 689 728 419 487 174 957 558 223 136 748 222 286 460 490 49 71 556 840 935 263 340 122 437 525 493 264 351 143 396 894 844 551 285 97 144 288 666 661 945 110 853 259 822 481 238 410 861 891 204 129 90 90 693 595 698 358 335 638 212 9
779 934 935 245 83 819 942 188 703 381 671 106 266 150 133 167 207 918 801 244 737 797 556 654 388 273 922 611 974 139 428 18 874 557 826 282 785 543 48 722 901 471 223 541 284 355 698 166 77 210 520 276 668 514 837 94 315 256 283 340 453 220 614 900 355 778 403 731 353 246 187 961 270 513 188 169 746 869 115 151 943 805 641 246 641 486 871 260 615 996 594 45 185 595 974 136 658 674 667 84
600 30 281 559 875 949 105 759 755 459 469 824 979 602 656 529 945 999 286 846 72 222 338 318 485 829 575 24 311 953 761 812 228 344 82 90 85 751 962 443 58 407 170 519 966 953 8 569 552 251 768 236 301 352 440 882 443 111 814 101 29 506 958 724 966 304 77 544 167 824 925 465 246 386 10 158 574 541 990 227 297 196 816 726 727 654 78 205 238 608 569 324 488 543 626 556 684 944 500 790
871 275 893 22 413 897 339 711 432 811 559 473 610 870 381 273 522 863 74 510 414 560 84 825 391 156 761 826 799 835 870 819 386 529 252 731 302 338 203 241 290 20 436 950 735 676 550 548 254 38 562 471 322 977 877 743 504 472 259 16 180 398 444 227 765 198 634 447 454 243 497 748 182 295 69 348 788 167 377 661 14 410 991 964 898 925 40 264 544 395 937 76 281 822 204 891 143 953 868 659
588 915 52 1000 418 8 513 187 476 604 524 880 672 392 767 482 512 351 399 657 701 591 320 270 636 834 231 164 94 71 501 381 668 883 518 736 234 12 893 667 882 788 566 987 583 864 58 971 325 179 42 693 719 992 105 979 160 418 480 51 805 611 547 938 299 405 803 157 820 838 652 208 346 63 939 775 305 68 938 449 764 967 68 482 704 738 155 523 768 309 183 247 119 856 56 733 13 128 582 215
127 724 59 389 272 146 803 643 344 23 860 501 208 251 544 625 647 94 613 412 298 891 519 63 82 385 116 297 234 208 671 344 629 383 375 205 772 917 802 595 125 106 916 725 579 74 394 982 620 334 95 815 260 90 672 39 715 396 868 396 951 549 914 479 357 750 989 496 204 78 828 823 332 577 597 769 277 844 88 52 556 345 218 577 939 899 908 680 126 772 379 634 739 946 182 19 50 196 230 364
861 114 755 829 675 824 755 485 899 343 350 53 913 252 632 718 51 305 508 128 703 267 594 85 228 647 329 939 110 754 711 416 980 313 865 431 716 401 918 7 496 280 781 517 0 723 298 638 89 977 911 22 355 386 366 211 105 44 731 577 300 924 835 849 58 991 635 656 186 461 974 685 649 323 931 477 899 926 902 221 996 792 309 568 688 628 191 386 737 712 602 251 380 579 700 325 408 746 888 80
262 514 385 382 271 59 354 1000 862 269 647 732 861 8 241 487 210 884 283 580 657 91 479 856 173 788 769 58 337 480 616 150 916 293 98 642 328 342 763 359 448 718 540 388 124 631 765 686 278 80 255 103 465 304 791 866 91 2 53 118 308 764 178 738 252 704 480 447 157 726 918 785 492 946 269 666 916 688 800 122 366 96 938 745 1000 292 61 597 514 741 25 316 171 553 515 821 697 517 334 641
453 107 979 217 326 630 498 435 28 701 355 920 761 24 648 860 110 718 232 61 254 813 402 788 899 153 586 949 512 89 372 775 65 672 766 168 30 320 595 525 366 812 760 822 177 222 679 878 436 736 712 884 51 842 118 600 150 483 753 558 902 984 510 811 856 662 587 20 117 26 62 586 528 348 417 68 798 696 302 556 284 191 237 241 439 119 803 283 236 999 37 854 452 281 611 967 30 519 266 493
262 363 597 511 596 659 899 480 386 406 898 890 64 284 300 499 510 240 910 939 72 431 309 705 408 471 795 322 655 417 158 377 275 768 63 35 195 856 529 355 982 75 409 884 326 227 574 518 144 222 754 836 802 108 274 149 308 298 234 609 663 187 83 54 658 610 873 863 652 673 651 518 184 398 965 642 791 446 484 376 862 722 908 374 709 558 437 456 179 811 208 638 521 497 880 861 884 944 363 236
595 35 298 157 296 506 290 694 24 909 738 457 681 403 697 895 812 902 538 376 457 132 302 539 76 727 718 567 158 669 800 307 496 578 219 473 606 560 895 815 175 586 788 162 418 418 102 91 888 712 45 180 677 575 804 77 660 70 439 673 982 905 245 604 935 110 798 348 876 667 890 251 99 158 27 484 735 695 177 929 364 708 184 920 702 776 256 146 918 959 982 108 251 424 299 988 691 29 614 526
685 840 740 795 679 234 296 516 425 739 388 975 750 131 986 514 561 688 221 166 688 503 417 853 516 867 280 951 764 768 949 713 969 804 478 904 949 213 298 432 264 120 277 93 552 72 220 15 665 252 426 11 775 465 608 61 549 415 353 447 595 599 876 528 624 382 841 288 35 616 837 637 569 951 194 984 519 627 111 23 128 526 138 176 112 838 582 742 912 461 634 538 714 492 154 15 735 805 97 98
662 210 784 532 554 16 471 948 988 487 44 105 654 760 897 199 172 36 889 390 162 566 851 393 980 518 529 414 499 332 68 524 55 490 228 999 454 981 88 90 407 24 138 538 153 497 102 113 43 42 697 330 284 538 261 433 998 93 715 648 949 611 402 487 666 492 560 827 165 932 90 109 505 809 796 659 942 99 136 315 16 633 371 330 265 83 212 521 884 304 216 767 80 508 36 739 848 964 533 763
630 766 392 410 869 564 962 712 266 1 32 48 470 290 853 178 561 575 118 177 380 468 948 530 705 932 152 624 373 862 474 441 219 7 855 392 551 936 911 475 408 288 379 867 634 479 660 989 988 830 642 123 371 247 623 274 587 499 610 300 86 130 851 464 552 641 824 127 552 805 575 170 199 647 372 406 909 226 861 301 409 659 798 469 63 887 694 841 465 830 293 787 617 9 884 508 490 395 352 229
42 130 359 903 987 540 641 187 935 98 439 125 325 517 778 494 427 186 179 627 665 686 781 190 532 512 575 204 133 424 494 246 383 613 435 392 292 652 640 846 637 228 225 436 527 675 538 110 379 975 523 431 245 693 583 850 22 300 528 566 534 962 787 383 48 464 769 358 404 877 176 559 881 169 533 176 327 103 503 703 144 217 948 540 450 749 363 722 827 878 123 693 822 267 525 641 2 817 644 815
63 808 356 936 593 312 263 891 681 39 865 13 323 784 841 971 734 157 448 237 726 51 690 332 991 718 402 730 798 306 514 748 913 406 886 966 84 997 959 122 15 284 175 75 567 358 833 284 868 461 462 787 455 433 830 510 658 878 773 943 897 222 811 624 717 199 620 688 811 140 757 871 175 525 273 928 365 284 562 989 933 413 206 863 671 714 200 202 218 604 643 880 687 615 842 985 416 912 577 264
894 148 221 596 396 757 82 934 945 58 634 776 395 346 768 364 684 255 819 800 923 810 523 738 483 845 245 562 763 45 755 164 910 357 14 584 5 695 218 620 17 964 800 447 406 985 278 693 761 231 694 433 276 6 180 73 530 314 926 943 918 732 712 943 590 796 466 608 489 733 411 314 549 9 970 9 80 874 666 849 628 556 581 704 340 783 290 59 518 206 58 34 166 422 586 935 641 11 71 414
43 292 970 290 863 442 133 262 834 848 177 384 164 954 793 592 217 221 556 187 272 890 173 576 630 889 432 313 959 343 188 587 164 120 220 579 754 812 197 329 136 5 185 164 979 137 859 930 624 664 179 903 435 84 987 117 649 365 889 385 468 488 827 256 145 915 68 564 919 114 767 225 497 46 56 181 968 364 422 541 765 913 916 603 159 711 130 652 992 133 658 185 987 498 351 185 928 685 52 798
862 315 222 787 283 229 325 869 86 841 3 633 433 661 57 519 339 162 257 238 522 732 43 547 595 921 1000 534 662 922 683 605 917 249 604 691 200 929 811 851 552 628 465 774 559 266 229 543 293 841 333 828 334 567 124 708 932 876 768 66 727 764 445 21 825 538 91 749 742 323 702 51 78 516 142 30 76 623 722 890 684 185 553 40 221 120 949 171 200 30 625 987 371 912 746 733 216 945 847 716
116 272 560 136 996 260 759 322 659 977 825 56 771 0 601 552 932 40 760 120 866 903 717 251 480 285 766 525 459 55 859 362 333 965 838 377 858 849 571 964 195 47 794 843 354 27 173 854 800 268 145 227 655 704 321 437 927 313 365 7 744 435 665 749 318 402 24 539 461 264 12 576 123 87 936 3 101 885 750 151 131 244 350 183 205 837 556 2 465 175 528 382 267 938 140 218 343 560 307 886
526 683 337 631 123 107 810 240 197 664 600 713 222 320 36 15 688 24 973 861 415 447 599 558 653 79 741 332 990 514 934 761 364 783 69 895 674 669 583 668 643 557 492 301 639 851 882 131 317 425 694 363 309 526 969 462 243 456 721 884 743 644 315 843 108 793 454 540 704 26 494 898 215 4 435 451 371 183 399 345 391 512 392 258 862 822 0 55 37 432 502 33 541 99 90 441 237 79 734 279
981 502 61 737 292 51 519 504 8 64 129 444 61 876 709 850 534 6 353 118 474 143 530 499 963 600 582 245 838 649 73 421 950 841 795 425 390 448 393 827 535 587 24 63 528 882 132 450 589 564 51 192 40 3 497 761 700 586 635 401 469 374 842 781 677 565 293 439 422 650 586 698 908 603 719 587 54 672 721 16 999 459 34 270 181 243 393 953 650 518 286 189 798 392 522 621 958 479 812 716
372 925 978 560 118 697 526 590 507 626 300 962 204 830 436 210 73 478 54 1 223 649 335 913 969 116 741 963 64 948 807 758 447 631 435 105 323 936 497 995 67 359 76 841 700 115 726 497 869 884 825 571 548 850 395 802 404 903 529 700 244 139 4 466 197 329 331 467 50 436 91 103 965 0 205 557 182 886 449 342 360 47 767 838 400 75 939 880 514 883 692 671 885 149 22 952 350 267 436 495
163 902 815 831 905 587 192 890 243 159 480 314 908 927 279 952 784 241 537 389 790 641 470 167 192 66 218 809 541 139 721 998 98 670 767 75 118 539 640 79 726 905 555 310 60 302 430 758 583 882 652 524 55 120 123 581 556 1000 334 709 399 509 756 852 692 555 100 804 940 347 147 907 546 521 234 849 671 427 551 86 54 729 158 464 733 434 158 542 861 730 511 119 541 941 738 209 280 723 424 979
291 598 503 882 205 309 828 523 731 122 829 35 75 51 86 335 37 88 841 855 184 992 313 415 975 985 103 865 564 867 808 443 434 480 488 963 684 665 944 866 156 309 462 510 709 969 942 369 610 580 820 139 947 440 600 633 171 976 124 941 76 691 290 706 839 455 765 960 707 268 278 566 363 760 752 497 369 335 66 688 826 11 223 687 825 542 574 587 857 727 130 746 263 716 70 159 563 151 717 586
789 280 469 927 583 835 538 394 693 160 487 960 475 981 598 562 642 765 458 476 213 41 166 880 144 783 953 2 635 979 197 399 917 747 871 322 188 101 157 416 873 474 662 515 658 805 607 585 23 484 780 135 162 377 422 573 932 318 896 481 444 171 467 777 877 833 129 759 578 283 450 506 674 499 184 465 239 655 916 636 887 85 602 614 15 255 770 731 829 639 856 698 812 764 213 197 386 246 865 73
175 69 470 881 314 668 237 373 103 722 826 235 944 779 198 726 954 632 375 696 750 291 455 158 418 403 592 189 62 327 931 5 336 614 648 495 948 619 515 186 410 557 575 547 422 22 236 382 465 758 193 732 201 959 988 498 56 788 349 817 388 771 944 192 430 912 711 431 849 649 349 106 910 872 704 57 82 309 218 693 962 2 176 761 341 328 6 347 656 229 612 484 229 116 399 446 544 355 58 1000
24 982 938 526 881 884 303 69 454 866 780 177 421 267 699 515 817 506 225 567 504 741 317 783 220 517 626 215 33 498 751 830 986 300 863 336 593 814 411 1 307 73 88 454 385 660 314 588 552 617 915 847 484 646 968 73 450 103 145 897 148 660 100 771 781 665 598 158 529 449 990 520 669 16 861 802 541 464 75 307 385 459 231 648 400 163 557 224 372 90 865 874 324 46 156 89 224 775 908 375
679 327 903 427 116 585 422 180 88 815 661 372 954 313 108 254 175 673 271 880 681 889 18 460 158 138 576 700 881 595 993 532 12 156 389 161 354 307 621 611 861 343 376 466 747 269 132 534 680 534 452 306 537 380 788 577 391 725 298 164 189 584 934 60 579 804 976 155 417 613 806 616 664 92 19 987 558 24 852 749 851 181 712 485 123 138 308 700 9 153 227 703 929 582 912 211 897 89 138 560
374 385 801 506 681 544 736 968 387 283 477 406 8 680 808 948 595 783 42 550 584 543 208 522 375 593 767 108 308 695 673 90 252 847 675 442 101 346 994 433 809 414 478 598 317 987 779 332 468 135 803 922 272 300 574 639 831 690 589 494 874 815 76 156 440 723 784 542 255 108 918 861 271 26 382 944 95 796 83 321 314 180 444 120 182 756 285 916 445 503 189 540 992 650 903 337 795 199 962 900
527 947 11 637 24 288 790 732 699 214 390 34 739 145 417 660 566 165 728 307 105 593 512 429 124 539 358 878 500 257 187 314 623 957 428 978 440 337 156 506 88 361 911 451 225 744 329 110 177 85 287 319 465 81 199 837 550 743 151 727 905 639 593 120 23 344 102 730 769 360 45 319 413 978 202 634 460 603 142 952 830 577 726 520 664 786 142 591 320 309 59 93 954 58 226 766 56 744 821 65
512 612 125 329 743 656 496 273 581 202 653 853 714 258 634 917 337 987 951 569 374 32 853 582 27 631 16 359 587 188 377 557 765 216 682 413 944 127 845 562 432 470 440 170 347 44 983 109 876 578 40 710 373 367 921 587 510 669 935 783 1000 134 159 624 832 692 322 116 668 8 420 376 58 183 992 18 807 269 168 980 616 701 747 131 732 529 851 104 60 454 14 800 945 466 918 773 931 239 936 326
698 300 715 511 729 63 717 707 897 290 686 882 793 262 855 422 915 291 890 587 755 118 149 900 353 881 463 64 641 397 138 166 185 975 978 479 608 586 746 797 188 646 140 355 913 476 673 321 927 192 59 877 711 860 381 140 402 161 421 331 304 504 565 21 682 960 502 287 170 608 665 379 50 155 213 458 984 172 297 321 553 481 322 87 92 860 701 144 751 754 240 165 228 243 767 271 239 711 45 571
908 613 566 902 664 90 391 247 251 167 944 411 97 59 851 771 300 63 426 240 410 471 630 371 431 902 866 241 890 398 22 776 970 252 856 949 747 161 416 491 877 663 216 516 900 651 396 450 949 865 170 561 972 532 807 590 786 495 942 516 597 587 396 336 21 471 952 234 939 841 182 152 319 342 524 124 888 462 329 968 639 974 885 324 726 193 843 658 824 580 226 92 227 893 449 327 369 580 522 586
242 9 411 406 767 691 974 120 212 673 361 934 254 980 101 464 279 457 716 80 747 294 472 869 401 37 102 745 811 242 147 833 763 527 391 335 763 743 368 192 697 239 796 174 34 424 399 706 471 161 687 917 814 546 925 528 839 628 219 477 321 18 696 864 54 195 372 600 688 732 425 615 797 242 640 472 338 496 746 920 801 902 777 577 45 999 373 159 113 567 159 738 952 209 225 258 322 464 784 660
6 850 381 954 101 305 464 622 737 554 179 674 405 964 594 678 334 419 347 921 957 27 639 366 161 413 714 904 442 255 130 644 361 72 417 563 441 174 945 757 554 630 648 861 71 836 71 404 472 517 766 28 610 543 319 529 471 523 157 493 809 433 964 245 479 633 552 769 345 818 557 721 216 166 824 478 511 301 957 168 822 865 404 357 959 572 335 13 265 772 729 857 531 739 135 630 663 301 756 934
103 31 687 365 981 917 660 551 722 199 976 880 907 546 26 228 115 457 1000 353 264 775 598 626 948 115 642 633 696 570 746 668 363 76 668 873 117 246 971 865 794 216 644 895 69 454 491 312 456 297 654 163 780 39 292 494 870 898 149 446 663 559 548 258 475 99 404 624 51 159 284 694 257 830 334 902 974 201 162 251 770 397 200 417 348 686 34 566 191 612 672 224 154 767 352 680 902 945 15 208
2 208 939 401 117 805 323 902 275 593 302 633 728 619 830 976 28 469 746 973 257 93 369 612 437 218 93 817 495 169 358 19 445 830 331 698 936 446 839 820 454 540 399 482 852 790 83 106 687 248 985 458 28 179 538 725 183 780 62 581 357 936 933 102 599 961 427 509 940 864 777 907 827 811 443 528 744 769 182 833 182 94 685 91 458 500 224 472 980 649 166 990 42 383 445 126 965 37 947 932
393 978 979 765 344 244 884 7 564 948 74 211 416 582 541 658 327 879 681 182 980 340 423 979 741 29 55 808 75 283 120 404 600 709 261 839 191 557 420 958 716 732 567 963 299 208 662 701 288 545 189 149 460 327 494 88 336 171 103 848 33 408 186 81 781 767 159 561 855 442 272 124 35 234 737 472 318 847 560 904 833 112 446 98 609 52 497 58 104 874 816 855 229 282 382 179 468 241 293 829
835 926 566 713 358 229 372 705 780 150 919 764 708 477 626 260 145 521 776 508 762 713 900 385 371 18 290 804 181 109 969 216 939 831 54 805 877 285 504 355 16 203 132 227 18 237 36 829 518 640 763 605 848 172 889 765 259 590 146 868 461 384 966 335 187 149 619 758 98 930 644 590 755 751 405 134 430 754 3 195 733 634 116 569 604 1 990 416 166 833 559 514 11 540 851 896 365 822 491 477
622 569 215 880 93 662 709 605 762 309 342 452 646 37 687 177 612 952 549 684 585 259 133 478 592 93 679 805 348 740 325 965 655 430 924 77 499 18 200 16 937 277 839 834 37 463 511 80 297 86 8 955 570 391 545 533 918 808 448 192 506 486 417 685 259 621 993 691 735 968 202 541 381 994 203 939 867 261 651 922 453 752 332 275 513 360 920 789 266 872 101 86 589 961 268 384 578 81 548 234
697 716 176 17 42 482 123 905 444 915 397 401 930 595 831 930 222 676 4 329 726 856 316 462 82 116 684 918 253 266 446 705 547 151 76 392 9 376 479 367 39 294 293 60 478 596 738 327 732 26 14 680 176 796 600 830 562 693 748 601 182 85 486 219 305 114 989 327 243 415 676 829 743 946 691 436 356 749 627 662 686 956 844 329 960 552 742 722 132 576 756 416 377 289 829 570 451 829 334 624
218 824 977 876 661 723 546 68 933 39 167 927 265 238 877 670 879 814 987 240 579 421 502 161 539 401 420 873 891 207 291 819 591 340 884 408 255 69 529 235 139 606 978 441 755 774 209 340 251 491 545 175 1 870 695 281 696 12 99 662 64 139 775 341 952 949 524 14 539 294 447 374 653 44 373 992 322 117 366 693 333 762 235 222 133 334 161 206 887 411 320 771 198 185 191 261 351 237 195 805
