1000 100 100
811 406 884 285 363 54 872 377 907 268 324 686 28 491 852 84 424 812 490 45 248 764 654 184 490 586 945 46 308 615 334 204 49 896 761 476 561 499 303 257 402 748 156 671 46 186 402 233 560 296 569 205 121 582 242 522 725 298 662 265 297 167 753 417 738 922 188 45 383 532 506 51 920 255 393 485 349 683 265 929 558 557 641 368 375 876 38 690 199 942 450 760 821 770 81 980 853 571 341 820
906 411 749 918 877 781 721 950 213 101 853 289 498 630 215 77 358 213 842 658 269 495 448 582 398 340 550 198 804 629 681 933 150 471 164 621 405 301 905 925 414 24 291 889 988 960 999 139 888 778 394 852 663 758 831 79 310 751 915 762 346 92 377 141 137 120 881 940 145 569 935 180 119 451 717 72 528 414 589 344 131 968 966 498 640 384 573 25 388 710 513 832 914 259 984 890 156 470 657 198
796 497 25 338 281 863 734 307 431 410 218 951 822 525 463 816 122 576 685 751 462 843 914 572 955 785 311 833 149 576 898 401 956 856 236 995 621 228 608 140 771 215 488 534 875 957 262 138 634 608 674 689 713 203 305 88 457 798 975 621 720 59 418 133 257 106 58 683 918 333 992 549 266 968 173 256 379 7 319 467 227 516 78 551 739 759 66 299 724 234 896 79 81 776 467 110 393 182 683 362
907 307 222 540 278 534 725 362 750 533 50 220 337 180 65 297 657 122 626 233 790 497 757 790 366 525 83 322 94 131 19 951 663 671 96 868 987 209 321 349 179 324 367 748 96 273 243 403 292 436 25 255 236 8 606 889 45 289 183 940 447 498 456 111 464 475 357 769 402 300 474 798 37 849 849 770 803 153 931 846 909 163 515 879 630 845 555 262 909 47 226 250 16 726 726 964 630 840 399 691
128 10 55 792 662 649 822 114 362 835 176 837 473 737 590 143 324 919 474 451 376 727 2 886 887 198 222 258 420 917 109 389 608 285 693 196 283 511 838 461 46 492 186 156 536 533 95 494 162 886 555 76 996 494 1000 380 859 754 384 819 305 507 623 726 102 406 64 799 111 158 872 871 187 903 22 707 896 768 840 193 644 235 385 1000 628 515 323 428 585 414 662 605 416 347 72 987 835 782 122 97
469 99 232 832 672 903 965 851 244 124 169 499 260 929 972 443 209 279 385 445 419 580 690 713 441 1000 597 569 246 83 956 458 144 927 400 868 907 866 348 222 654 17 307 115 869 685 642 896 850 739 290 932 316 269 791 455 339 312 763 569 649 856 379 211 786 592 339 561 485 225 740 843 457 522 156 313 518 778 928 757 243 377 810 981 632 922 394 824 792 206 662 427 868 343 875 687 589 328 496 659
203 954 73 959 644 118 743 518 551 987 870 621 616 142 685 81 493 356 826 452 786 951 312 573 243 887 24 648 654 953 325 100 11 823 393 238 903 297 695 628 585 271 586 933 582 0 346 781 352 578 87 783 554 998 824 315 575 371 954 253 93 616 487 669 807 645 360 187 301 167 580 476 291 357 506 6 142 150 121 367 410 138 50 18 47 363 249 0 166 500 455 229 363 847 333 789 356 892 424 807
490 140 497 310 808 740 818 241 483 680 821 22 267 417 496 433 861 814 464 194 233 751 644 437 473 930 513 368 456 872 943 285 816 155 522 79 371 135 138 327 616 616 727 806 115 941 778 737 995 838 269 949 510 748 567 932 185 131 540 67 578 65 953 2 583 527 700 127 348 300 965 11 645 163 817 539 44 297 283 110 691 732 142 545 477 989 360 522 798 809 742 819 65 938 158 785 831 381 279 515
367 514 24 330 408 639 86 177 429 935 944 622 768 358 559 713 775 718 997 142 124 777 543 959 437 324 131 465 376 750 806 278 937 774 141 479 724 580 344 893 564 623 674 227 346 508 72 629 692 796 790 447 903 281 851 735 881 809 946 521 834 580 568 445 517 435 610 599 638 437 430 588 169 759 243 835 255 673 28 84 443 36 236 99 274 13 191 819 866 789 415 253 400 468 310 846 138 427 502 202
134 879 465 284 893 880 884 210 814 583 52 742 371 370 307 431 429 824 948 368 467 711 358 765 80 126 228 864 535 374 564 371 364 898 298 191 48 882 917 937 808 737 383 190 147 799 341 383 741 749 791 958 194 456 416 485 700 446 943 117 671 815 667 252 983 283 976 200 664 980 279 246 378 871 369 45 52 769 395 620 126 456 987 302 494 201 757 771 916 336 403 78 669 146 686 777 446 925 453 91
196 911 479 694 431 798 705 361 293 450 656 638 589 250 212 119 419 463 484 307 90 529 966 686 101 136 958 259 941 353 167 887 693 850 447 887 614 259 288 438 464 826 722 704 629 28 787 783 71 785 572 757 995 553 848 295 279 57 422 700 557 95 389 400 730 899 139 650 484 638 348 283 915 228 969 719 543 209 594 784 460 498 259 473 919 792 870 858 1000 978 840 501 416 701 596 208 208 667 81 351
561 895 599 931 636 928 841 880 923 408 215 181 10 767 793 658 296 582 49 756 647 451 804 183 197 62 869 502 714 402 952 71 585 828 781 555 735 554 806 357 866 336 514 322 284 735 696 38 783 879 200 879 503 14 654 598 935 215 446 378 926 773 840 804 12 50 176 951 20 957 758 891 343 430 647 375 720 251 712 178 818 361 444 146 745 352 312 609 588 37 489 779 454 561 902 878 486 919 598 384
301 188 819 23 295 429 922 213 260 814 415 127 435 426 474 889 495 675 677 200 264 456 359 715 580 659 184 671 958 250 648 555 31 792 265 557 162 850 476 281 822 433 493 964 591 871 406 82 262 784 816 384 6 547 720 549 845 411 887 960 401 729 493 698 758 511 601 211 361 600 90 266 84 121 375 170 580 426 357 856 95 410 635 456 449 104 634 334 237 154 540 609 449 795 523 953 383 728 818 668
640 377 557 269 290 349 102 322 694 625 664 951 36 127 227 45 64 260 211 531 779 319 248 848 866 641 427 846 864 256 199 148 934 41 667 609 730 84 269 990 20 227 485 767 46 709 845 807 921 255 882 36 282 58 135 615 71 675 55 293 139 213 812 9 130 346 172 582 708 394 571 977 259 855 446 841 537 85 806 351 914 584 919 734 593 176 847 368 613 334 292 699 530 617 950 896 593 840 505 867
522 912 323 438 738 413 456 5 118 726 90 579 383 165 197 905 324 823 108 309 161 562 559 840 656 797 594 564 431 271 248 909 884 992 786 560 28 455 402 360 515 17 153 804 686 459 694 707 879 258 634 895 605 740 203 20 135 742 418 677 202 449 179 734 808 789 624 569 433 315 177 969 803 193 50 691 389 822 690 277 194 88 579 583 780 26 894 441 446 684 375 360 743 799 237 754 668 802 998 565
765 290 550 96 583 453 915 913 699 388 508 931 326 844 535 804 202 656 522 791 4 310 975 473 169 941 257 79 317 379 634 734 816 139 533 530 788 733 469 337 347 538 896 495 432 178 122 811 376 879 352 675 700 706 577 33 691 184 243 623 778 378 823 228 972 125 532 33 207 473 495 96 344 409 171 258 126 684 528 626 178 218 861 291 280 343 343 835 337 934 396 539 65 851 994 971 359 156 166 250
61 454 829 404 5 819 300 636 345 683 769 817 735 981 787 911 762 833 376 535 204 48 410 100 374 544 724 460 906 178 596 73 184 864 297 590 918 393 914 504 637 29 881 72 159 422 113 991 643 2 965 963 398 749 878 240 473 869 154 694 848 844 642 721 167 379 74 178 246 815 711 159 112 448 267 772 489 194 687 622 37 127 847 33 268 98 253 28 125 373 20 707 976 306 65 669 3 317 756 988
824 471 476 476 97 785 56 259 1 216 821 274 136 703 168 495 972 163 612 948 610 793 102 671 878 716 127 550 405 382 345 912 680 578 146 700 3 356 991 235 132 105 136 92 349 934 278 811 207 11 861 542 752 376 725 983 527 807 791 423 745 519 11 651 32 246 319 429 836 924 846 141 694 198 569 522 455 837 379 307 957 531 499 384 146 158 281 463 459 260 298 961 715 369 252 694 520 115 771 90
343 996 333 881 62 175 714 147 374 135 899 700 488 861 897 43 261 560 20 248 77 137 943 354 86 209 884 562 76 331 121 586 554 959 488 927 834 872 273 139 791 611 398 565 678 871 2 89 305 768 787 727 833 74 238 742 575 379 498 68 398 309 959 607 525 75 429 532 566 150 317 91 636 666 849 230 154 371 614 30 324 489 823 484 905 788 400 143 684 498 178 904 71 67 100 478 213 712 198 386
873 756 849 322 772 523 484 248 121 439 571 77 112 644 233 70 438 627 876 162 492 937 633 862 456 85 922 887 499 285 888 840 80 421 149 691 536 109 301 604 439 454 185 634 222 502 334 57 67 23 335 280 316 307 713 709 654 385 715 627 406 60 277 882 107 137 678 815 943 499 480 477 753 206 895 953 413 986 868 453 259 855 723 408 670 595 47 776 124 67 565 994 49 611 813 224 741 678 664 415
484 734 361 594 775 981 890 695 723 866 374 905 319 168 710 512 698 435 490 752 813 83 188 142 708 575 229 897 850 629 818 62 842 362 313 578 810 196 836 206 402 948 663 34 655 199 416 560 68 488 674 508 971 740 337 214 260 788 246 715 312 783 659 333 860 376 79 564 206 379 55 704 741 742 813 962 764 359 511 598 156 259 989 669 630 8 565 820 67 735 292 19 103 389 89 452 561 328 566 513
385 615 535 277 45 844 68 118 104 182 402 155 44 213 701 898 154 185 256 165 748 133 200 180 498 12 494 596 292 553 992 938 391 1000 50 357 46 185 822 744 602 581 342 282 217 578 505 526 509 257 410 579 609 943 669 78 20 39 95 455 625 237 132 651 598 595 719 186 247 410 484 781 118 888 691 932 553 265 460 404 488 166 282 524 134 277 294 482 965 497 615 495 841 536 26 104 332 704 722 433
493 421 812 947 878 98 414 710 31 437 659 847 157 947 304 934 266 112 312 341 420 458 136 898 497 260 59 802 526 61 931 504 686 566 970 881 759 279 713 545 424 819 121 649 863 797 944 853 691 281 838 867 65 790 7 566 811 95 171 954 44 149 716 89 393 631 117 570 262 344 307 876 687 821 226 560 498 205 810 833 141 271 101 598 410 282 199 578 808 637 505 692 609 972 797 759 683 8 160 609
771 217 61 92 56 915 111 74 10 288 434 756 51 631 973 546 951 238 294 4 768 385 521 174 398 189 123 912 835 619 803 407 302 604 77 570 637 398 934 245 570 527 568 484 891 143 496 598 837 763 527 351 679 44 319 673 794 23 494 716 999 698 156 374 414 913 316 404 230 242 396 253 91 629 627 702 925 797 441 988 261 976 190 964 993 278 13 842 248 873 22 284 725 988 757 205 515 201 416 791
157 273 147 932 621 348 774 25 892 808 364 599 687 610 236 927 802 693 409 579 197 636 335 152 545 25 413 899 813 979 110 987 159 307 14 288 330 864 95 332 665 964 204 870 873 65 847 50 246 702 863 139 746 552 138 312 319 690 444 319 142 184 538 692 566 181 22 617 731 698 17 342 898 270 951 272 920 237 975 670 281 388 834 979 897 715 21 206 744 170 10 94 407 427 422 255 241 812 884 105
252 650 678 971 1000 292 244 703 230 999 614 974 806 846 551 909 809 267 704 118 15 158 269 975 143 147 749 882 329 52 627 770 472 213 455 53 996 894 862 158 855 581 632 685 295 991 209 397 287 942 458 980 611 847 43 260 598 438 233 67 597 301 428 494 863 807 204 817 44 158 90 463 597 798 121 961 793 668 457 300 575 883 524 679 537 863 796 301 907 446 828 667 274 267 431 213 230 606 851 610
228 10 406 951 287 73 462 858 29 936 916 666 928 606 158 674 59 253 670 541 493 856 546 830 147 922 348 549 67 717 543 290 831 76 204 326 991 473 753 848 122 749 890 32 164 960 5 66 147 862 57 963 131 454 4 226 261 956 573 507 710 478 161 577 652 552 17 910 577 930 877 22 950 384 448 202 218 967 337 857 852 429 628 762 726 225 54 259 756 900 577 547 465 726 824 338 60 167 267 886
518 435 991 479 858 509 637 817 283 86 367 798 174 923 918 548 513 350 875 257 973 808 60 141 550 411 209 407 839 204 748 257 765 337 728 706 629 563 473 475 652 429 550 270 842 41 42 906 320 764 144 517 53 958 44 596 25 510 3 420 326 755 364 318 31 764 402 970 824 33 559 844 421 922 529 660 869 51 996 53 172 772 159 912 108 32 455 116 463 259 226 330 427 414 612 829 513 943 675 995
736 856 950 805 711 596 708 614 741 656 711 928 836 353 497 980 653 532 603 992 769 752 2 710 529 923 323 890 487 838 413 548 771 601 897 227 924 739 222 531 56 858 569 933 596 580 433 371 16 533 846 195 44 974 474 36 111 67 811 176 845 664 665 245 182 918 155 990 854 183 738 197 276 115 237 142 887 748 905 626 550 556 669 683 603 271 999 460 865 764 465 741 246 226 291 378 880 535 425 751
931 332 960 659 765 348 982 781 542 916 699 697 10 458 938 977 15 371 496 591 128 361 171 950 872 593 675 917 776 409 350 214 324 469 755 588 29 425 211 750 368 79 405 404 98 557 325 282 344 628 412 831 847 188 421 357 762 990 841 269 675 289 21 79 150 429 297 572 355 408 970 395 636 0 324 188 299 454 898 866 871 234 130 582 915 976 14 19 109 599 266 672 925 712 241 729 133 324 520 233
961 545 446 135 122 584 976 809 683 847 208 581 652 892 634 548 685 348 910 894 243 220 3 452 319 196 553 785 932 58 471 118 200 150 193 761 94 716 93 819 886 125 9 523 517 790 477 743 621 948 206 614 199 699 431 299 361 360 86 865 360 9 903 786 272 706 44 231 621 58 158 662 646 392 418 540 714 945 525 240 566 280 930 359 205 507 526 590 63 312 53 57 919 862 83 713 291 693 389 102
806 257 470 988 390 981 807 36 917 637 721 464 502 335 438 201 831 332 358 303 650 168 68 324 309 968 819 96 937 876 649 377 685 645 383 759 425 81 62 57 547 715 878 159 667 388 511 42 608 956 721 951 899 861 19 406 250 328 656 527 238 269 719 117 373 573 628 996 76 418 401 959 104 89 681 646 692 527 735 479 623 756 412 318 225 27 417 561 463 692 627 690 552 383 139 49 849 865 281 62
218 222 712 654 148 114 604 112 592 129 677 651 606 135 455 702 44 589 925 335 27 688 132 409 793 257 893 168 108 37 436 769 412 200 466 253 452 680 724 406 186 79 887 466 910 551 328 207 126 296 441 660 82 809 855 634 947 798 659 399 346 720 815 426 126 456 282 628 853 233 38 510 341 541 596 593 191 779 407 564 233 252 738 338 464 446 382 982 247 952 414 84 678 708 35 537 723 505 652 60
990 557 451 825 885 35 999 775 215 923 416 785 28 233 562 766 959 345 384 127 514 302 539 497 734 229 554 715 681 496 86 734 989 530 831 434 597 273 314 157 960 256 944 950 464 719 191 202 605 621 696 947 403 386 141 419 296 287 675 367 612 443 464 349 711 924 987 643 893 307 168 955 860 502 95 276 1000 255 713 502 381 624 810 690 139 253 188 314 681 903 481 886 142 218 960 818 167 603 894 630
335 897 784 320 388 631 356 724 305 34 351 399 372 461 577 414 826 438 542 116 894 528 728 713 740 657 317 653 553 9 255 806 487 547 237 987 134 705 608 170 807 163 898 548 772 33 646 328 673 181 559 376 423 168 321 353 773 294 238 484 610 586 596 75 681 970 39 310 360 986 466 706 298 906 22 691 824 712 531 295 978 426 700 863 80 978 267 115 524 925 201 531 825 87 367 813 491 257 182 322
722 753 654 67 462 922 520 474 80 635 865 607 392 546 389 339 452 68 230 388 682 815 81 850 714 602 243 551 619 534 416 670 760 354 35 357 383 485 498 662 446 113 101 290 106 913 671 290 94 105 965 250 333 523 406 18 36 661 848 812 412 170 675 661 672 20 209 45 282 694 69 185 861 545 165 38 631 76 333 746 604 369 899 740 66 601 415 938 877 306 208 851 740 496 522 688 373 573 376 163
789 783 372 308 779 942 61 262 989 242 913 705 53 462 643 762 397 671 979 7 994 947 639 433 155 683 775 387 695 597 931 452 540 603 174 595 572 616 817 556 186 99 104 699 960 48 255 901 504 268 428 611 718 170 436 924 388 396 17 348 317 335 859 32 200 260 746 126 213 290 385 602 373 998 286 477 755 109 753 367 772 390 407 28 289 262 504 671 709 285 163 59 327 17 104 778 798 104 84 187
77 387 8 623 234 495 58 156 919 435 615 796 488 750 483 426 614 720 915 792 53 835 169 427 164 911 789 369 562 757 818 163 308 217 777 742 394 703 19 340 337 1000 3 786 67 740 74 231 2 438 171 755 6 959 991 931 305 121 757 100 161 120 98 341 372 688 392 60 289 573 637 600 587 357 483 398 205 374 903 115 591 545 792 266 633 563 448 716 930 408 24 141 836 656 251 786 800 340 5 466
189 743 208 855 553 249 545 213 448 657 683 654 794 501 965 623 444 352 169 667 525 689 365 981 626 747 994 434 250 499 766 394 784 221 683 647 159 794 973 366 108 535 858 928 518 160 771 350 482 283 172 94 940 817 872 752 817 173 42 613 576 226 679 600 378 801 485 199 765 987 823 34 475 134 328 412 398 582 321 392 283 647 668 232 555 993 563 620 483 710 564 281 166 723 8 711 825 851 225 170
745 128 727 400 565 340 16 461 86 731 399 854 56 461 367 295 600 825 627 870 704 494 22 150 703 731 461 966 290 825 545 177 177 700 244 303 775 398 789 962 953 170 74 442 846 493 324 614 526 249 87 329 831 902 294 127 58 653 819 258 567 632 584 102 161 506 870 418 27 2 672 881 8 148 170 921 447 143 602 388 40 90 349 875 964 122 488 102 789 436 669 222 747 286 39 43 165 747 611 792
88 323 912 730 678 118 554 282 107 842 333 28 859 42 822 402 617 191 450 444 129 346 108 732 676 366 360 394 796 376 492 97 518 22 817 604 957 351 761 418 208 552 56 913 72 700 892 738 143 387 572 394 702 161 303 800 637 725 130 38 994 371 745 911 251 632 172 691 288 278 606 884 358 559 901 462 163 748 613 844 708 355 863 707 530 845 159 485 436 692 650 253 426 920 368 74 556 702 668 226
731 277 740 79 175 649 249 0 949 878 104 896 552 0 903 661 132 586 945 394 474 723 951 14 157 687 326 552 477 384 654 265 240 868 44 170 17 145 243 113 163 844 243 466 661 254 243 783 826 636 991 952 765 44 389 183 519 687 850 561 525 520 618 372 212 148 332 876 730 956 423 758 375 943 35 955 153 465 802 513 712 867 903 949 563 445 784 361 411 953 614 547 105 656 559 828 269 315 779 965
306 47 760 793 23 394 301 926 267 32 520 175 565 433 382 444 200 611 743 403 621 409 276 623 125 988 483 568 249 936 742 282 404 679 784 986 40 238 878 312 441 824 54 213 394 55 692 171 200 387 626 475 873 695 549 371 922 214 335 887 516 801 667 967 110 70 513 243 991 506 926 349 266 368 846 649 731 531 352 896 914 83 808 239 309 391 247 794 91 784 938 244 481 589 340 913 816 892 421 646
383 585 843 810 118 378 354 282 370 840 122 682 200 103 86 728 830 793 565 912 404 211 733 821 913 715 888 742 807 986 330 1000 700 448 290 197 628 758 703 531 846 199 912 171 327 793 612 552 158 465 532 800 696 25 420 453 477 835 908 278 577 343 761 499 452 544 732 816 90 863 88 593 911 913 488 622 324 893 968 143 479 101 264 353 937 393 933 543 150 760 717 149 254 407 265 526 413 562 756 78
815 155 77 872 520 749 467 284 542 564 379 810 190 335 262 365 675 289 263 610 650 80 416 911 90 82 952 932 886 319 747 115 9 116 28 872 500 274 809 113 10 411 475 695 183 290 725 129 24 554 459 264 37 868 452 501 165 121 743 966 123 691 664 548 109 634 338 759 63 766 676 314 695 396 501 773 639 473 75 54 801 432 304 48 981 135 202 231 318 283 808 723 717 60 955 203 73 203 9 659
775 631 258 530 804 805 801 511 192 670 479 333 216 706 609 349 791 890 182 976 32 589 880 566 679 720 420 673 414 885 674 811 62 740 380 1000 55 651 725 723 633 711 850 990 324 666 162 553 429 943 790 602 617 365 539 403 663 170 841 655 202 212 414 9 895 238 573 3 339 416 431 80 342 981 259 634 741 636 35 854 150 821 943 807 832 188 294 202 535 605 579 549 789 82 180 585 504 626 770 412
472 860 671 919 826 211 959 194 537 634 578 712 944 423 112 659 755 119 259 618 491 612 334 566 424 825 675 575 876 910 554 180 595 146 234 428 507 665 64 780 885 901 139 841 891 257 254 244 139 407 578 178 4 781 268 64 174 569 922 370 961 751 800 85 99 722 590 289 541 474 709 780 734 349 259 396 776 73 273 276 995 995 415 568 642 94 470 35 724 757 500 200 772 218 543 460 502 351 37 280
408 427 965 446 781 792 401 281 676 257 508 461 732 609 75 497 698 763 745 133 189 859 228 323 26 342 713 283 75 204 624 688 262 101 802 490 731 142 534 72 232 441 462 784 399 280 750 106 569 409 683 729 342 869 497 583 496 550 545 621 894 35 709 59 141 965 636 820 547 268 588 421 1000 828 340 477 371 575 239 540 807 503 933 474 236 874 930 877 16 42 577 947 485 293 2 688 761 444 800 934
582 383 898 16 521 532 400 9 903 662 348 939 333 989 155 932 756 202 346 388 173 311 561 6 645 396 380 351 441 196 252 408 216 411 683 164 460 211 342 621 508 876 544 301 786 945 371 213 371 577 726 418 320 503 478 212 547 527 159 899 972 443 525 191 290 784 565 458 605 88 94 772 792 101 563 100 384 841 428 495 922 102 371 967 546 730 651 656 437 684 485 738 698 575 253 630 934 173 828 348
552 919 514 337 509 947 229 281 796 709 415 699 271 633 700 619 400 983 187 746 280 428 1 273 184 868 842 604 614 684 391 40 871 173 799 581 795 492 84 136 652 339 206 490 54 579 285 129 508 399 623 646 666 112 823 853 412 898 528 176 907 8 866 589 103 576 505 200 669 954 898 751 995 317 186 495 937 203 647 360 226 272 371 734 210 984 882 388 68 380 767 333 894 776 454 759 108 178 335 151
715 947 475 465 166 409 188 388 209 901 270 751 27 20 303 413 17 548 281 804 259 744 447 579 566 25 627 179 147 259 677 883 902 36 145 898 326 668 900 692 106 527 361 709 27 573 518 747 51 335 975 493 597 754 360 130 929 213 808 830 694 756 742 144 748 157 763 5 116 327 553 806 162 346 889 845 144 567 291 576 882 889 12 767 378 383 130 423 791 991 983 642 926 5 86 835 194 548 455 788
47 141 223 744 900 290 457 475 628 541 424 73 309 165 534 64 14 603 368 884 444 687 115 605 751 311 852 412 915 866 539 966 119 517 543 832 933 621 112 93 693 829 124 482 442 626 344 600 260 978 396 668 489 396 754 724 257 861 614 92 601 905 668 92 570 166 866 901 392 621 368 405 270 898 911 351 346 946 648 549 385 61 327 860 33 314 272 671 123 269 145 120 504 797 487 119 850 325 467 253
73 844 822 574 779 749 336 442 166 592 550 68 18 474 365 699 363 706 812 689 446 756 808 617 226 412 570 574 676 455 346 531 132 941 10 746 619 906 785 848 964 356 66 122 532 886 853 470 124 669 86 387 918 306 247 527 729 583 948 990 145 442 521 160 4 268 842 728 716 971 986 748 64 0 693 277 358 797 301 623 119 518 296 392 851 404 242 798 665 657 371 353 979 382 374 612 541 353 943 620
264 56 838 264 765 386 533 544 510 498 64 702 209 975 248 8 104 641 56 796 251 514 46 462 536 795 313 548 893 628 456 254 331 694 535 372 307 548 850 404 803 302 521 137 590 572 867 465 292 362 643 142 713 64 213 865 171 592 549 600 398 674 428 21 936 421 623 709 8 633 667 168 863 527 467 690 337 192 613 996 35 781 599 416 226 561 935 861 871 441 590 654 709 870 265 870 530 506 560 992
288 205 65 793 963 809 734 877 422 113 669 430 314 26 342 210 836 636 781 763 246 699 463 634 404 768 711 458 309 977 613 892 760 417 590 36 112 117 794 32 322 538 112 829 105 972 673 119 193 386 554 437 240 487 25 979 649 218 649 698 779 889 851 269 769 741 183 45 466 553 496 636 852 564 335 972 117 797 208 571 976 309 581 100 817 997 46 404 264 54 665 660 339 703 368 209 675 723 982 535
76 594 804 116 408 166 0 782 901 448 665 882 463 930 87 237 816 447 543 382 512 989 459 434 747 71 781 725 948 489 440 291 967 195 580 755 617 454 120 645 335 968 779 884 316 660 336 986 379 728 725 843 261 305 649 916 72 428 999 449 949 480 923 898 367 771 468 62 842 567 690 546 773 387 179 750 282 654 150 518 188 488 914 989 25 631 910 459 831 949 581 134 881 292 113 538 835 874 402 922
858 669 566 203 871 77 218 118 13 932 305 807 710 221 48 946 867 119 60 852 782 493 599 43 286 41 704 348 125 170 791 798 482 751 358 136 655 503 212 469 156 290 638 196 658 558 523 656 60 608 745 725 330 131 355 360 352 666 817 271 491 528 377 194 371 150 224 527 673 869 379 982 102 81 926 753 405 829 744 691 738 11 539 136 333 930 461 814 503 439 481 359 334 111 177 769 8 862 268 623
256 474 473 597 191 917 500 793 997 126 676 286 921 476 619 758 836 714 402 836 641 370 17 18 956 648 572 503 323 91 400 736 138 439 497 744 236 629 823 460 17 410 528 480 410 838 316 295 734 679 271 348 445 75 243 404 843 488 883 249 407 61 278 821 229 637 325 85 257 986 18 466 545 686 438 992 616 816 176 352 331 207 3 376 636 798 109 525 635 947 729 657 31 747 374 480 164 301 326 554
859 85 776 887 923 53 576 945 810 678 652 582 646 82 312 797 186 723 500 644 336 344 693 339 243 981 310 311 180 556 635 572 248 503 91 932 804 205 493 298 881 758 29 850 449 553 969 170 142 726 919 953 703 56 837 176 783 149 333 0 297 524 286 489 1 622 601 92 295 469 311 585 765 301 670 363 714 599 139 926 529 896 925 971 12 995 34 825 420 639 179 941 438 318 165 408 768 729 439 147
534 251 347 824 777 904 210 40 250 492 20 558 328 810 519 547 346 715 809 689 446 709 276 521 279 430 209 624 860 291 155 343 719 488 581 59 750 904 241 141 689 873 166 117 807 919 464 991 889 669 712 415 94 290 840 367 328 564 872 858 140 70 572 625 140 21 754 456 334 705 471 0 598 987 510 501 82 309 785 636 383 497 887 642 145 546 623 609 555 563 463 36 490 671 79 799 601 413 514 975
518 5 244 301 709 906 12 805 321 339 669 864 689 210 282 681 495 248 990 516 997 724 988 879 207 662 515 777 316 216 771 13 774 268 742 847 68 841 490 210 171 546 12 630 523 63 388 646 5 330 27 644 672 656 579 367 333 488 3 970 675 151 135 679 367 300 93 537 965 407 815 918 512 9 684 779 810 872 280 509 600 458 642 289 972 877 50 815 865 539 401 467 296 759 886 204 657 78 43 191
16 639 34 431 772 842 647 890 107 823 941 2 45 694 931 515 331 256 871 773 271 344 643 763 2 148 558 736 986 443 20 30 564 506 982 111 208 604 207 268 356 613 495 321 943 575 179 976 26 580 350 880 422 199 649 856 228 177 188 275 478 532 819 670 653 941 339 495 359 317 894 791 228 37 901 860 753 410 897 517 11 347 150 56 657 134 820 89 692 782 957 498 770 679 411 705 902 739 56 40
819 815 720 602 69 551 741 58 385 735 11 424 212 964 995 659 704 427 716 120 658 516 566 963 301 442 862 717 93 787 1000 587 413 499 14 425 669 852 822 213 658 807 553 388 102 25 650 497 512 437 544 558 573 401 356 745 132 130 68 414 477 384 145 944 44 751 343 897 631 555 373 597 352 131 408 673 43 795 129 950 453 670 690 734 648 466 472 239 967 119 736 285 360 538 421 140 291 965 355 523
896 4 640 200 127 861 940 185 76 35 358 5 785 284 996 988 774 419 113 556 784 107 665 328 691 587 337 544 595 380 741 925 855 381 799 430 765 631 175 839 124 509 641 71 589 526 313 682 883 956 462 650 216 5 555 371 583 108 550 133 695 349 472 792 719 649 958 731 398 445 335 82 936 206 856 532 109 652 765 622 113 50 264 900 686 398 389 473 692 669 412 485 612 72 11 446 145 572 922 247
572 273 44 26 859 587 284 181 192 462 436 52 194 454 891 999 54 34 977 791 848 988 602 56 678 734 532 310 4 821 704 991 533 637 328 675 683 0 905 378 342 5 150 191 970 536 785 420 411 358 210 860 419 286 339 554 861 454 691 638 177 1000 837 244 845 381 168 417 967 452 813 182 624 964 213 832 222 392 400 801 715 739 754 202 485 970 122 981 759 794 566 845 851 658 197 69 978 467 754 673
566 131 528 816 46 945 238 493 573 141 419 465 986 709 646 550 674 620 350 699 33 779 317 740 966 223 179 34 502 0 706 992 663 798 34 513 837 154 350 480 202 227 850 761 955 640 686 268 327 546 689 324 398 752 793 552 365 347 707 154 358 212 789 523 641 635 281 839 189 421 666 644 71 111 876 505 303 578 248 18 839 975 73 648 321 164 541 447 347 111 182 43 721 632 190 8 476 878 767 315
476 780 142 446 915 404 884 948 0 899 734 360 582 170 705 853 490 17 656 570 469 870 42 241 545 428 587 945 690 643 111 187 20 44 47 195 751 941 877 155 211 94 854 771 987 829 259 892 873 416 343 15 603 603 848 336 758 734 213 206 865 970 69 147 290 987 150 579 347 872 782 647 177 580 701 301 337 11 236 748 763 94 725 145 691 479 809 763 898 752 293 354 755 574 210 631 271 263 397 210
861 227 521 676 450 70 811 939 984 949 185 580 611 872 448 838 974 336 514 584 758 737 46 45 726 292 160 269 956 58 808 439 16 895 35 324 688 670 439 349 199 643 67 539 41 579 535 668 481 398 720 141 437 611 72 846 930 389 797 214 481 450 508 386 795 230 172 682 432 328 792 28 480 637 15 347 352 7 665 961 132 376 509 320 180 954 975 208 462 801 985 212 888 356 629 773 790 495 949 121
807 977 488 748 126 416 615 96 668 202 501 204 208 330 646 350 302 733 154 276 909 404 275 29 616 240 252 326 734 422 816 415 66 544 789 531 771 559 94 210 563 260 276 177 482 864 186 945 661 953 724 673 314 157 900 361 44 864 820 321 618 207 100 421 860 938 827 932 761 335 75 753 519 752 486 51 499 380 771 404 921 334 438 345 951 458 713 327 429 609 265 638 918 627 785 652 641 432 645 15
47 252 788 654 633 285 662 604 847 301 87 190 487 482 579 598 872 483 816 996 644 803 974 1 549 668 452 466 77 647 876 493 273 699 426 875 43 875 630 61 610 407 428 618 796 744 996 991 788 782 987 974 289 896 135 824 20 398 762 294 72 145 903 20 9 1000 898 562 897 212 426 882 559 6 736 48 842 410 83 807 697 724 255 23 74 352 70 774 493 378 277 462 182 568 497 100 799 900 731 571
646 463 292 372 135 65 588 643 834 979 187 321 794 504 936 915 173 911 359 174 299 299 551 903 875 262 930 85 193 70 306 320 891 346 929 494 593 627 771 872 103 99 680 460 315 419 710 857 245 910 277 545 696 822 284 343 57 255 142 582 964 103 881 709 679 555 938 41 836 384 714 661 494 969 12 664 100 78 954 817 699 673 263 978 501 874 106 555 512 410 453 439 985 181 537 65 215 918 978 118
288 270 653 97 483 398 379 631 725 560 528 769 306 176 223 544 18 684 181 996 534 680 949 16 304 314 182 812 982 881 701 481 22 94 313 431 603 120 378 924 381 152 134 783 180 766 318 4 420 653 597 482 172 497 954 237 30 260 321 681 235 461 256 147 752 52 38 164 15 726 192 175 647 735 212 469 139 210 338 324 280 852 232 438 995 644 535 86 717 323 772 931 55 694 132 890 611 110 149 337
32 304 202 407 171 138 891 935 359 889 390 549 815 268 508 401 473 749 274 484 251 553 393 672 533 544 769 555 315 731 53 221 893 885 962 848 341 267 175 795 162 238 948 455 472 979 489 296 388 601 155 178 747 660 458 493 128 524 818 592 273 657 750 527 853 2 304 946 500 954 728 681 23 437 231 568 929 770 890 268 872 163 782 416 578 702 196 185 481 874 365 210 539 551 989 701 819 732 235 531
307 598 521 846 969 120 588 94 632 161 833 144 51 637 928 306 556 187 238 237 328 771 734 917 252 775 736 561 485 210 653 921 963 444 9 130 283 234 478 325 108 871 637 525 225 757 601 161 238 555 290 400 478 414 621 884 327 705 594 59 445 112 167 747 980 410 221 738 481 338 695 693 460 745 941 34 355 983 524 743 74 175 30 215 441 722 796 502 896 194 734 572 920 237 82 641 379 553 433 667
30 306 146 337 636 420 326 310 249 219 800 770 880 834 326 883 92 605 47 352 123 728 758 48 760 406 834 16 817 554 204 600 361 468 952 791 792 929 391 627 735 996 664 234 232 115 756 583 329 473 330 813 391 301 456 409 835 672 617 486 360 881 976 17 0 493 667 617 284 937 55 713 24 267 968 519 945 281 207 240 91 501 792 874 596 955 13 771 545 617 339 682 661 747 304 52 18 822 314 475
246 732 582 390 132 414 142 691 710 179 419 493 460 702 84 910 412 325 94 32 867 929 119 408 65 266 736 213 152 5 888 609 322 487 305 575 135 22 125 401 522 240 147 573 300 531 306 115 243 155 118 965 420 342 803 824 421 553 469 663 931 572 433 722 491 428 596 652 610 59 692 560 33 638 559 497 434 14 337 624 656 453 196 507 840 241 406 484 261 93 978 729 811 637 87 0 578 618 21 533
355 236 573 638 851 717 830 731 964 182 863 232 342 217 21 356 292 202 360 900 535 430 747 960 463 710 326 19 992 246 320 958 365 181 74 568 218 865 549 452 3 324 998 598 872 126 973 161 525 844 783 221 983 656 781 249 672 85 440 64 677 129 2 814 215 560 231 490 731 111 297 189 143 21 621 315 482 724 781 803 688 817 5 637 79 367 704 821 21 976 858 621 372 230 123 15 147 528 347 315
490 764 712 113 356 245 418 320 610 857 426 762 760 975 957 633 283 605 167 670 740 118 722 558 239 965 833 18 690 233 132 553 17 374 842 407 910 919 264 76 1000 125 91 42 32 964 907 562 784 840 628 245 249 904 210 965 987 781 79 163 667 643 658 386 934 765 137 206 599 836 222 380 68 517 632 725 93 922 105 393 816 948 392 405 515 452 247 11 806 596 780 194 320 446 928 972 827 666 807 516
552 57 845 548 317 411 472 368 294 540 620 726 667 971 117 154 892 277 427 536 387 143 451 232 809 99 947 205 727 363 190 31 871 900 146 897 684 818 831 978 125 252 655 235 964 294 205 807 741 655 108 747 953 943 40 43 383 725 343 688 112 601 15 120 226 406 791 869 233 694 732 77 13 809 2 122 193 420 183 305 979 646 852 259 533 614 180 560 983 567 317 660 26 124 161 43 372 940 718 108
973 161 900 296 147 991 460 186 997 165 864 584 186 18 513 136 394 661 369 813 90 626 992 940 63 33 532 148 880 914 902 304 388 698 431 669 87 815 412 601 41 407 655 257 21 466 426 458 561 689 479 991 350 157 836 618 894 87 303 180 541 92 649 314 729 841 641 369 453 757 254 123 426 107 664 407 5 607 933 62 617 109 599 886 79 6 563 431 632 834 978 525 429 795 7 649 348 332 529 128
898 291 617 184 373 966 724 195 701 975 98 193 401 4 415 851 779 329 451 671 415 689 647 83 792 292 468 256 76 553 14 123 774 383 869 228 111 773 502 980 207 767 261 939 315 269 65 143 847 60 668 226 422 565 270 220 836 21 523 293 558 84 668 676 797 526 225 730 293 95 217 831 307 260 589 757 597 309 483 383 773 600 185 359 127 901 372 906 670 811 281 772 233 880 407 370 303 299 340 139
252 708 710 637 528 9 544 899 767 755 88 315 189 410 542 42 592 605 473 567 257 132 181 380 970 813 584 423 667 352 290 252 769 310 888 64 749 924 711 20 469 412 361 645 602 400 931 453 539 360 354 73 516 945 419 182 793 1 242 868 519 61 491 756 749 173 554 6 806 890 384 653 851 378 15 671 964 63 664 585 451 220 875 955 264 226 519 31 894 320 145 760 31 514 476 160 958 143 851 182
566 601 483 901 3 65 295 305 131 118 55 330 64 265 657 816 831 494 683 463 119 158 986 237 739 328 337 358 862 799 606 752 223 181 596 139 206 567 276 997 483 476 191 390 724 249 397 572 374 604 140 435 232 479 862 894 947 270 220 402 476 15 928 784 9 434 78 442 688 175 425 193 464 327 764 173 168 876 818 286 994 886 647 413 643 510 257 728 402 588 110 658 152 576 934 90 748 702 455 670
529 193 381 473 436 329 693 63 990 49 198 328 177 721 192 893 87 354 723 835 149 521 949 664 831 356 473 57 782 880 25 20 854 632 794 939 837 585 115 212 32 133 313 135 809 1 473 647 727 339 829 29 287 766 62 441 657 30 736 573 262 339 814 162 548 714 3 137 488 40 84 895 427 499 20 842 611 329 12 514 542 279 897 632 603 788 678 453 360 897 711 670 425 903 156 349 673 891 105 198
498 926 349 777 122 230 395 568 605 864 961 566 20 952 239 818 374 443 121 280 974 482 14 331 44 488 88 377 84 10 454 233 245 106 116 592 759 770 105 893 970 138 458 358 865 967 39 432 617 748 247 102 897 32 10 945 777 977 589 274 981 952 83 104 347 417 450 100 131 150 449 948 471 898 632 322 683 930 896 665 599 895 509 55 350 20 706 460 651 626 4 559 804 623 347 993 690 450 96 945
536 856 177 715 211 971 497 656 557 805 728 532 336 527 641 472 103 907 604 693 37 297 344 36 895 160 418 142 710 585 167 7 338 870 59 765 59 773 322 697 191 493 681 116 681 861 534 909 303 515 417 983 225 691 346 18 198 741 972 940 953 941 811 521 809 952 409 209 767 282 518 792 855 937 509 116 680 66 81 105 318 613 713 319 884 21 972 907 385 883 580 728 378 221 898 471 520 111 154 703
395 55 96 241 962 514 499 292 956 187 523 995 427 170 156 873 540 953 226 486 234 573 456 508 194 540 886 819 681 988 490 579 276 120 957 515 532 416 670 181 691 457 872 806 225 560 67 168 130 61 45 390 541 113 969 760 211 464 397 698 924 12 698 703 684 954 897 465 435 655 608 279 646 831 565 862 940 685 244 138 817 792 662 318 202 936 324 44 469 202 174 770 371 264 265 672 290 92 806 500
974 763 830 782 425 493 315 358 162 207 362 873 668 883 137 249 352 807 721 875 976 821 680 658 661 308 673 826 807 104 668 259 213 466 181 902 541 990 460 608 351 639 19 589 411 707 180 105 231 769 376 886 173 902 404 979 330 703 526 20 990 991 21 141 203 261 722 729 419 189 121 716 998 274 176 760 586 820 706 340 85 27 31 836 900 451 200 207 984 397 219 514 206 721 996 46 614 235 119 424
587 847 609 783 603 312 747 418 439 639 660 239 330 384 855 533 48 270 381 501 192 22 352 207 138 946 146 390 22 906 150 526 726 675 848 812 103 587 51 822 639 964 495 786 44 838 930 479 719 534 768 637 437 893 54 493 548 51 180 63 675 48 961 172 704 719 418 400 202 393 657 315 376 215 980 824 930 674 63 248 388 283 411 912 999 623 410 456 116 211 252 472 32 803 410 603 160 971 976 319
119 173 687 278 284 105 293 210 372 795 748 774 791 698 321 796 940 633 603 686 295 110 169 710 300 992 367 547 976 7 369 46 877 864 360 15 440 822 441 893 208 302 941 595 347 574 699 945 684 77 432 91 242 617 16 608 816 819 511 470 78 247 729 539 322 691 640 783 674 378 991 223 653 800 386 523 697 195 855 47 837 25 132 52 946 114 158 59 656 665 468 233 45 544 690 699 207 744 738 935
329 798 634 950 910 71 642 601 327 460 31 897 904 119 641 164 161 517 174 691 367 58 198 146 438 583 120 130 501 643 306 33 551 115 948 660 352 348 68 475 44 413 590 414 472 642 310 283 985 17 673 738 269 520 983 661 632 838 868 191 55 212 251 273 276 467 837 428 819 894 650 232 719 235 756 808 230 491 342 155 558 265 511 323 81 29 941 787 731 456 181 175 106 593 700 87 856 220 253 691
326 477 872 78 348 72 359 423 656 443 424 728 619 379 785 297 879 997 244 872 715 171 397 395 338 710 66 12 924 547 552 786 767 279 920 871 740 809 936 703 691 208 320 881 801 250 145 613 967 129 412 519 463 811 703 500 746 162 456 389 820 905 352 825 410 777 687 711 22 956 971 231 534 579 755 339 299 386 787 885 699 901 39 554 908 145 638 190 673 679 888 287 661 894 88 640 63 475 880 190
401 665 547 499 792 988 134 835 251 271 561 468 581 3 434 587 183 514 466 144 326 274 873 475 397 145 853 153 33 456 573 41 1 265 639 512 913 737 860 210 987 533 843 64 973 185 114 334 27 786 351 493 162 909 9 26 497 203 615 24 417 370 288 756 853 718 765 448 625 112 959 757 105 536 28 534 821 821 554 92 836 835 632 734 590 731 499 499 520 783 800 705 844 961 761 462 416 301 684 242
627 809 832 405 329 604 686 339 246 892 536 579 757 19 782 732 22 342 918 807 311 114 567 982 128 732 103 587 136 910 851 385 555 760 96 779 945 753 675 474 877 646 386 693 120 60 842 712 756 394 952 370 36 514 888 607 759 353 37 463 45 290 195 367 796 310 579 165 581 706 117 490 365 449 786 218 746 502 578 236 328 669 892 784 984 166 575 38 691 816 346 551 843 228 159 326 91 684 532 377
927 403 564 988 810 812 376 863 810 474 87 416 36 925 590 850 366 789 837 400 677 616 927 803 718 650 832 214 301 196 849 42 787 459 822 946 902 990 541 62 203 676 554 236 341 63 191 912 296 705 202 875 596 763 641 738 873 819 689 288 644 854 579 804 194 661 82 55 547 312 749 236 53 907 668 365 206 905 850 16 103 123 415 997 447 299 647 557 455 839 974 23 911 333 251 94 934 30 230 110
296 197 559 782 499 986 351 145 205 161 335 698 442 811 631 569 885 407 139 574 342 410 770 330 915 345 606 935 253 846 403 111 438 581 278 163 38 520 216 577 941 83 322 508 943 939 242 935 732 82 89 133 343 442 41 547 173 401 68 979 44 159 488 31 180 224 798 825 411 190 271 544 229 324 843 29 816 465 270 187 759 845 413 47 725 794 982 648 334 155 692 357 997 806 111 245 296 382 512 342
336 496 456 652 589 85 970 64 720 747 772 221 376 940 252 589 659 70 903 655 965 744 992 63 599 126 366 160 981 329 474 74 47 281 238 190 148 317 972 243 170 983 971 862 33 871 834 86 593 895 691 945 812 784 173 90 979 901 800 826 913 174 221 167 77 393 528 388 288 842 46 1 632 745 670 318 877 691 60 548 437 679 557 430 262 956 68 390 639 830 428 996 818 755 371 160 756 434 696 904
871 285 632 521 305 23 208 839 188 538 904 434 78 32 148 867 487 894 196 673 946 598 882 631 501 164 579 127 879 11 788 599 587 61 862 21 321 832 251 498 139 249 415 232 166 687 104 366 412 790 510 404 87 709 964 515 160 515 809 266 430 68 923 609 360 335 610 974 947 471 521 655 608 349 969 905 543 555 799 322 214 256 402 656 420 833 977 446 813 571 38 204 620 921 610 567 515 457 576 756
226 790 523 966 170 763 369 646 396 510 973 117 6 381 826 582 206 433 600 283 665 137 185 520 62 133 358 657 802 572 197 690 509 425 799 112 137 260 412 684 93 476 414 330 459 235 842 38 890 931 585 974 119 880 222 10 484 861 783 137 555 728 707 450 326 984 558 294 632 682 177 830 114 166 542 383 925 459 653 90 295 716 723 35 158 755 814 991 433 752 817 498 772 456 336 598 379 853 817 434
94 437 62 111 169 972 393 806 56 297 338 438 488 347 993 652 698 850 97 846 174 886 328 208 77 999 115 41 635 369 136 822 322 182 801 517 9 901 482 966 919 626 808 348 550 746 883 733 575 999 732 382 125 1000 616 530 530 259 546 930 583 895 750 142 354 870 249 500 159 89 294 253 15 413 323 92 23 934 657 227 478 109 770 424 701 555 154 675 419 691 975 436 315 699 386 490 513 82 481 344
302 99 135 622 226 894 450 483 264 371 656 617 835 34 225 387 376 555 719 491 797 538 653 58 135 960 45 454 273 662 746 317 988 622 433 978 634 863 40 869 628 277 517 280 552 243 844 394 392 116 335 358 175 746 635 242 133 223 611 117 379 821 114 218 622 528 410 473 521 691 362 1000 544 221 580 689 729 38 306 164 871 11 396 86 377 665 452 991 539 691 173 84 695 528 782 920 63 525 257 46
85 9 964 604 479 481 633 691 481 782 157 193 900 645 343 721 646 616 27 299 188 476 868 331 925 301 219 772 956 120 32 559 164 726 516 287 10 928 373 550 565 193 448 45 96 510 309 634 475 537 807 828 64 822 292 466 265 475 257 821 249 527 784 389 461 199 771 970 698 691 59 374 241 33 780 704 759 713 465 193 774 645 476 598 981 795 465 243 546 247 426 596 303 744 319 851 274 194 863 989
781 504 781 656 170 387 101 241 530 316 182 286 331 372 713 375 989 861 226 225 481 193 81 303 399 547 855 24 401 192 522 529 441 205 430 349 151 279 608 427 607 595 22 957 652 397 629 859 862 852 178 419 146 435 315 70 241 367 753 157 172 583 976 724 271 603 460 472 344 756 504 583 181 322 933 973 200 515 467 413 887 723 50 776 452 554 190 240 770 762 899 666 16 567 822 402 662 599 543 142
317 166 746 801 205 417 238 446 406 797 761 662 269 593 804 17 676 71 985 46 573 187 246 486 404 774 347 427 688 977 190 493 183 32 331 110 126 813 850 710 115 842 451 501 16 524 922 652 508 205 141 55 233 498 685 484 490 324 557 703 682 304 870 311 872 240 620 344 601 120 286 640 944 220 223 947 71 479 506 438 546 666 332 200 187 388 471 932 301 394 833 69 529 852 193 541 837 839 919 291
602 630 754 864 259 966 347 602 27 169 427 488 223 133 366 462 205 827 472 201 482 603 925 41 223 76 130 318 308 381 528 716 589 487 426 625 266 116 240 203 906 96 937 960 31 861 259 675 267 419 720 662 265 820 896 971 49 796 534 220 572 887 980 515 12 56 945 518 301 14 561 665 538 950 425 427 308 676 589 494 739 807 967 356 169 304 41 382 346 659 124 495 424 683 115 446 500 513 230 715
718 498 531 475 105 547 292 472 162 285 339 64 781 383 545 883 949 857 707 811 843 854 773 932 948 582 198 444 337 801 709 297 982 961 335 122 506 361 959 284 27 839 70 362 439 158 880 327 354 764 820 398 792 793 251 616 98 337 626 88 666 373 493 112 882 409 166 107 804 352 636 339 16 904 405 577 216 619 433 628 298 79 42 745 421 320 608 415 900 553 655 635 971 952 688 323 11 97 645 595
295 19 385 506 753 223 550 8 590 513 804 183 15 900 973 811 275 152 81 933 114 47 985 916 457 57 746 132 310 695 401 14 974 261 538 64 647 779 933 393 42 389 427 648 928 431 30 225 559 251 678 556 147 738 599 224 797 254 708 177 902 870 239 616 363 547 358 143 142 790 286 425 12 928 5 550 870 578 212 303 371 606 479 848 258 363 244 191 892 769 885 782 419 750 679 704 691 220 667 956
570 115 642 241 471 463 398 379 72 869 515 636 945 601 426 989 706 958 743 973 940 502 115 73 25 207 959 324 198 36 507 278 704 629 961 673 44 993 659 388 510 513 19 207 132 124 628 88 199 442 482 167 306 617 402 266 979 292 880 453 106 247 288 782 112 872 272 115 142 287 643 338 761 380 879 382 150 829 278 711 38 33 458 205 108 512 214 264 602 821 914 695 843 106 553 536 494 186 393 322
602 188 620 186 522 227 418 679 403 274 59 770 679 756 875 825 272 26 494 976 421 926 230 211 790 787 88 830 995 702 637 23 210 815 49 57 582 989 514 648 10 638 474 996 627 199 737 421 530 30 1000 538 555 280 274 125 68 595 673 904 626 875 575 752 870 401 321 264 880 131 266 737 585 789 180 480 424 464 827 425 941 692 415 744 566 673 561 732 760 937 5 145 575 728 951 824 944 186 600 990
302 933 852 448 432 263 648 512 771 228 883 791 273 888 39 427 954 235 872 33 662 560 698 78 878 513 184 451 691 809 463 552 480 929 379 388 142 39 209 608 784 292 565 172 951 856 515 490 360 778 225 478 203 706 268 32 906 481 836 537 259 357 36 537 851 631 819 852 245 316 825 584 890 875 555 786 427 744 947 643 205 217 270 424 797 278 847 431 307 856 240 400 719 643 276 30 726 890 411 66
759 879 429 216 481 804 122 772 825 368 155 986 216 72 145 719 156 187 29 406 165 796 908 877 566 678 606 563 430 205 42 827 985 287 504 994 748 437 488 53 14 674 36 348 929 28 619 516 742 565 768 877 581 513 151 78 107 939 761 246 991 82 517 109 509 802 825 535 638 80 232 46 565 614 181 948 794 942 719 347 718 780 138 988 443 942 714 188 126 513 698 438 441 668 214 163 918 184 342 323
768 630 929 872 289 401 311 317 65 637 70 821 75 240 829 721 947 348 916 428 680 586 213 637 668 49 705 643 946 166 696 323 898 792 478 991 688 253 631 634 428 419 267 999 282 628 110 546 382 564 279 580 941 103 964 74 415 411 754 807 645 279 932 948 498 15 246 960 11 213 584 515 146 470 89 725 827 73 562 112 8 609 719 173 555 349 375 521 377 256 204 392 962 1000 780 120 251 644 297 613
470 295 297 973 25 567 699 994 663 776 847 693 386 375 97 997 186 907 197 932 913 287 961 902 823 713 164 734 750 452 138 656 897 874 145 173 939 14 553 234 126 12 76 536 968 69 849 679 41 710 502 85 195 483 101 766 151 376 213 604 407 964 555 786 704 807 202 511 79 544 80 686 157 662 563 917 849 757 393 813 411 773 800 741 140 541 774 633 34 270 524 771 329 483 824 820 139 843 333 999
640 464 441 802 258 771 710 448 370 788 174 924 791 208 655 210 756 728 791 29 516 105 685 366 861 464 219 336 114 336 96 444 381 104 729 197 426 246 447 32 87 571 374 8 572 596 422 682 405 532 880 756 499 678 946 678 473 435 924 815 15 177 576 459 218 428 434 255 187 574 506 340 59 369 630 210 842 229 478 357 860 707 488 767 904 940 132 692 327 623 381 930 461 708 489 767 607 566 973 881
755 715 680 889 945 926 495 409 248 729 362 339 62 656 811 503 220 140 419 100 485 869 272 705 50 864 605 119 380 656 699 228 682 225 234 466 855 810 201 819 726 146 481 148 74 179 323 392 115 64 618 386 367 735 791 112 616 695 387 440 248 457 796 554 500 445 973 473 381 142 251 88 112 999 705 844 486 195 549 206 43 618 636 517 86 848 17 346 121 754 70 4 749 633 966 268 602 624 411 329
511 626 687 88 700 514 451 915 834 636 183 473 955 930 65 431 679 480 656 263 501 955 75 756 265 107 155 99 525 313 465 134 654 105 155 570 991 531 341 809 703 352 179 751 789 899 162 180 403 937 850 596 235 629 152 240 455 626 636 876 442 780 326 864 278 375 340 764 349 758 151 334 228 412 999 876 837 547 584 74 871 349 917 14 286 197 940 743 110 339 926 250 643 739 904 187 289 649 233 706
30 64 283 643 515 82 15 113 160 96 333 208 525 931 599 671 456 789 672 348 903 789 348 26 770 895 963 856 403 157 32 330 213 310 632 673 728 972 164 778 382 68 754 910 247 760 224 74 216 535 80 627 834 969 854 259 775 729 44 590 739 721 460 690 853 154 594 532 305 925 697 906 809 582 583 795 863 890 668 997 439 102 208 171 459 741 248 160 564 755 955 506 816 337 362 651 733 201 272 377
95 629 635 998 46 161 106 631 926 419 388 597 6 334 345 472 531 643 408 547 489 529 568 669 607 932 1 818 513 737 689 114 712 168 401 446 878 99 551 942 358 549 816 435 462 51 815 158 387 524 322 364 49 346 823 319 838 337 113 457 485 600 762 274 722 844 150 800 296 218 563 647 513 590 89 753 469 269 593 890 664 141 108 128 749 464 710 554 155 269 588 842 534 29 186 358 392 246 809 555
824 149 257 996 489 11 94 103 745 270 387 198 598 84 210 537 710 664 224 719 41 409 307 438 382 739 100 708 397 925 495 784 603 601 318 838 752 871 796 857 152 123 467 910 15 691 811 287 687 540 840 842 472 775 563 320 213 70 486 383 80 336 90 575 573 436 447 333 195 946 840 997 139 852 705 869 736 928 738 627 566 226 425 698 142 244 71 787 761 863 929 183 186 835 409 458 388 244 442 774
323 339 199 644 743 868 181 239 135 797 630 124 779 191 944 405 985 831 762 348 653 335 428 128 746 791 411 483 472 991 62 747 203 499 810 587 798 868 384 299 441 303 941 205 637 653 60 722 468 934 284 374 378 63 247 813 586 985 792 472 849 648 693 398 494 681 437 70 313 551 166 137 863 520 361 592 133 634 169 373 314 253 774 452 742 920 417 155 616 827 344 629 70 582 452 962 469 13 56 884
395 390 192 511 106 219 407 982 274 392 969 174 257 155 555 421 54 145 537 765 941 916 348 336 542 476 906 425 744 888 11 959 435 769 176 338 209 310 872 614 420 378 23 557 258 587 225 778 334 340 223 98 974 581 353 421 953 454 183 815 75 371 683 512 524 773 264 861 737 668 372 268 339 783 669 172 916 941 215 944 985 391 105 9 150 78 480 390 114 637 52 451 593 565 738 938 263 396 461 46
562 474 237 575 314 779 15 304 361 493 843 559 522 480 992 174 723 406 427 93 564 272 439 490 875 688 763 72 990 674 163 22 559 14 955 483 742 442 46 501 12 256 587 296 511 23 300 450 449 366 543 613 137 924 526 528 335 530 585 866 448 792 772 781 538 465 549 934 692 593 870 804 493 928 818 85 138 717 335 146 504 446 798 593 352 449 119 256 525 194 445 482 267 639 216 358 360 274 530 327
705 463 157 982 165 163 115 741 123 32 789 363 854 121 227 566 197 278 365 591 350 177 750 882 347 807 896 900 744 227 692 507 111 981 537 364 626 782 823 869 326 408 900 573 813 336 112 933 679 540 90 364 379 130 663 226 958 96 678 79 311 483 715 162 139 200 794 343 583 436 495 531 614 67 63 413 731 708 194 924 794 329 524 898 353 287 645 599 985 270 700 447 493 338 631 900 513 33 7 727
32 951 733 181 47 126 696 682 798 150 565 93 867 669 803 935 482 761 868 183 692 149 411 451 864 117 87 627 897 873 678 437 657 152 489 993 134 260 415 435 955 87 682 946 23 877 559 964 555 555 386 479 465 427 885 126 57 607 712 808 834 436 25 449 622 409 522 670 952 827 960 745 641 928 278 378 831 496 547 975 460 895 896 147 850 641 223 933 497 930 819 572 373 432 250 946 4 576 207 494
658 633 61 816 162 551 628 11 858 332 635 975 444 723 112 561 639 453 781 934 913 602 47 496 177 751 409 936 530 102 175 154 942 53 936 348 504 695 555 96 961 918 380 528 285 741 877 886 247 973 55 629 895 433 734 792 974 345 88 348 896 130 58 543 262 303 149 198 162 321 574 12 329 206 945 935 500 189 924 696 520 379 31 947 575 706 863 762 962 910 73 608 480 116 819 533 874 470 434 944
851 72 271 444 626 700 459 863 20 90 887 723 494 604 760 367 440 427 256 597 58 387 976 398 516 879 610 316 984 478 428 971 587 630 149 606 525 339 190 852 170 531 971 14 531 600 269 845 181 693 92 210 598 975 136 108 733 389 316 245 337 639 284 704 898 430 799 129 72 624 668 91 523 333 655 852 277 104 554 290 146 748 299 264 517 748 814 588 495 986 250 505 554 262 637 614 248 844 631 645
774 510 580 124 240 437 17 842 312 575 13 435 722 564 772 631 96 43 245 182 622 741 367 540 248 834 790 801 183 599 855 55 474 867 204 353 728 301 788 476 769 888 72 708 445 459 321 729 74 613 223 448 34 664 46 634 982 890 394 304 659 777 736 293 958 199 218 68 476 998 987 774 721 735 767 480 184 921 453 328 990 582 707 406 771 483 127 681 225 988 314 804 388 181 959 456 440 313 636 923
294 513 408 811 443 445 705 613 984 249 144 820 442 302 845 336 820 724 409 377 297 123 830 432 960 754 268 319 660 945 824 494 490 172 196 946 141 200 916 206 494 896 375 407 740 410 677 863 763 941 675 969 221 263 424 721 912 826 554 239 483 981 601 620 524 582 378 348 442 4 966 727 296 21 471 995 646 878 962 870 924 885 409 483 137 47 340 898 774 773 685 784 869 761 14 875 725 88 261 880
238 445 61 939 666 568 772 344 996 633 590 665 352 523 228 758 280 860 518 693 77 643 762 408 230 691 371 998 791 532 12 348 739 268 129 751 800 487 52 668 519 278 121 262 179 64 748 679 498 862 870 635 235 263 656 537 812 160 934 505 570 94 271 520 554 877 707 722 239 251 387 631 146 850 351 143 394 807 564 464 846 466 299 620 220 873 79 643 307 1000 317 470 632 372 940 975 80 583 295 783
198 581 655 695 564 880 84 832 115 340 717 632 233 335 983 501 144 570 749 97 547 775 568 240 517 642 568 412 251 181 603 583 55 630 314 730 373 441 276 726 780 312 649 240 183 741 794 259 344 269 832 384 282 696 678 823 25 287 396 860 611 564 706 70 944 762 863 566 693 512 822 618 285 113 237 455 788 396 352 879 595 294 633 291 397 590 351 334 722 100 676 248 874 238 186 880 564 697 486 979
424 459 239 937 162 768 772 239 873 308 852 511 190 365 370 15 502 238 706 150 861 779 895 187 773 685 943 546 120 332 80 74 149 864 915 100 639 258 453 92 508 575 529 289 909 231 351 571 890 51 269 258 115 441 259 14 56 570 204 115 28 555 206 444 549 1000 234 384 331 820 748 867 193 68 372 128 197 146 471 354 785 916 803 266 806 843 153 979 133 195 313 263 105 190 235 62 532 44 956 766
913 966 293 876 557 413 182 505 39 121 429 81 765 126 577 330 216 274 208 280 609 756 125 782 378 181 671 877 6 989 17 533 574 718 185 765 199 678 345 898 95 996 188 419 211 168 816 902 216 559 978 122 552 718 276 117 714 613 1000 523 573 499 366 644 753 814 997 713 828 694 448 794 584 361 193 336 952 306 773 407 348 797 95 632 400 175 366 19 805 375 541 889 610 766 772 770 646 881 766 490
253 585 803 677 646 275 396 416 793 258 929 730 927 836 86 524 831 727 746 151 489 932 564 356 91 573 804 487 987 661 920 618 0 475 601 100 515 829 438 68 474 577 617 1 649 454 867 760 424 623 751 587 436 951 518 398 727 699 231 190 351 582 364 558 557 966 889 394 516 67 481 52 207 586 870 596 792 660 978 407 883 483 775 759 652 526 893 964 201 156 64 841 683 165 524 637 866 637 927 777
544 995 750 948 784 355 835 35 117 408 168 340 325 692 825 266 656 509 310 51 9 925 861 367 755 501 318 85 717 68 680 305 743 388 933 53 649 420 799 967 355 588 487 370 433 591 163 59 850 814 806 700 548 619 64 710 405 909 77 526 311 598 460 337 877 890 216 705 729 937 105 485 532 267 821 940 399 95 98 770 978 553 46 735 571 604 203 475 169 381 303 402 8 219 100 77 627 827 363 256
906 367 767 23 452 491 849 994 89 624 843 611 472 474 853 332 330 620 787 686 101 3 458 290 372 572 930 817 753 696 938 811 526 393 910 449 389 455 728 248 512 774 345 682 346 602 325 544 330 545 367 760 561 650 961 706 322 289 486 153 999 161 713 389 746 28 412 849 409 16 578 920 631 440 93 474 785 884 507 467 110 694 792 372 508 780 246 988 410 764 405 480 298 296 143 356 81 218 929 463
54 386 518 273 745 259 375 263 463 521 811 532 623 202 725 700 644 774 529 235 538 405 186 942 161 995 204 567 355 680 613 365 381 279 429 507 639 197 216 896 984 997 40 506 968 812 551 583 248 770 424 308 534 472 418 470 343 223 438 208 333 153 361 755 30 948 169 721 679 829 88 595 785 990 418 216 967 900 265 40 678 555 66 172 161 96 425 709 584 239 711 353 787 837 21 239 590 666 413 405
565 258 329 415 136 956 663 843 803 48 818 132 213 625 703 308 445 225 184 33 459 963 832 825 112 494 358 116 92 37 45 570 704 155 148 816 161 808 420 337 693 813 533 9 241 871 350 105 206 233 50 777 353 1000 794 846 612 618 450 779 955 315 415 684 876 373 629 508 782 700 967 269 604 299 217 143 868 351 537 963 598 189 459 633 217 557 263 95 892 239 50 359 201 63 931 937 792 762 19 901
616 301 292 805 849 738 879 957 555 600 594 910 562 968 663 942 595 793 728 465 326 899 791 628 796 429 703 347 806 324 830 453 505 710 107 639 321 761 559 643 716 989 64 196 366 283 645 651 260 160 617 479 822 520 31 696 969 214 965 712 856 608 318 159 293 208 552 965 501 379 705 189 327 153 252 748 277 126 964 587 707 608 550 608 241 440 967 429 718 927 793 343 638 637 145 838 967 320 59 697
325 830 1000 13 127 489 628 42 160 529 774 547 847 695 937 848 489 599 316 105 720 409 589 456 722 137 276 682 450 796 701 32 420 836 732 535 46 131 462 317 746 903 390 974 766 396 291 885 717 224 907 592 527 884 352 134 966 28 241 665 364 324 145 234 429 852 770 931 760 19 511 534 175 811 581 783 892 557 990 685 563 776 990 528 435 508 468 326 924 146 108 208 980 981 395 993 439 170 380 952
230 800 794 141 831 430 396 495 785 489 498 358 324 872 507 157 402 124 901 996 228 907 666 742 687 613 104 152 488 88 313 174 74 851 12 780 106 190 397 131 501 214 322 845 893 192 414 420 265 15 114 360 19 381 653 779 747 793 105 201 321 192 337 368 934 784 839 859 435 430 290 913 650 92 223 759 518 875 987 412 226 428 1 88 677 682 820 184 165 194 4 351 637 602 976 916 244 195 168 841
201 419 952 969 49 767 153 841 778 613 757 17 798 581 693 935 518 171 158 435 254 597 706 781 719 628 462 567 27 284 888 916 322 7 435 375 305 977 799 939 619 544 512 33 849 27 484 547 25 478 373 426 563 319 720 512 592 984 748 866 409 222 934 509 185 972 688 154 455 779 812 923 303 524 32 702 615 670 904 512 395 207 812 978 877 938 604 702 948 712 412 817 492 812 361 0 262 392 824 522
759 241 767 343 306 171 918 418 451 562 26 789 990 510 680 594 953 748 954 298 981 784 549 910 256 607 232 384 852 578 284 692 748 862 604 307 913 539 964 341 237 193 274 575 861 181 275 705 132 123 147 8 757 790 361 121 796 245 206 77 913 932 621 583 509 788 890 308 901 240 449 469 743 370 973 607 961 464 898 108 422 853 293 940 473 531 853 960 539 531 990 287 487 827 722 820 44 514 845 910
249 826 727 785 802 515 975 678 383 52 449 291 602 589 764 65 654 43 446 157 778 463 399 149 900 76 648 713 323 527 140 72 610 904 111 6 186 175 757 300 882 289 847 678 932 472 774 956 426 453 842 591 68 502 981 897 986 359 638 589 290 860 384 363 476 82 217 177 45 299 8 783 424 565 626 261 193 237 855 761 212 553 667 150 230 446 445 307 935 820 39 267 229 318 21 617 838 282 145 552
322 430 540 780 679 255 379 214 44 67 52 776 23 222 738 773 578 383 546 511 653 430 715 851 70 272 338 738 663 47 364 656 523 834 589 951 144 254 650 962 733 425 952 673 338 621 10 862 261 357 353 747 707 535 759 988 737 492 850 867 509 237 715 414 789 313 45 663 976 107 970 617 387 740 938 742 475 125 945 770 774 463 526 76 336 451 873 928 878 920 628 805 107 232 590 944 631 607 177 312
227 114 259 729 924 160 158 275 952 940 39 337 448 284 837 552 308 540 759 152 467 234 989 558 745 100 812 205 18 21 370 80 455 674 537 393 864 932 326 769 798 19 807 185 698 7 705 491 483 462 947 793 469 944 13 802 566 763 900 638 516 853 420 101 944 504 349 14 65 522 137 318 161 366 206 171 411 381 805 170 931 313 582 802 9 673 756 174 478 448 998 426 71 53 766 37 94 908 726 677
904 440 412 545 957 314 199 306 884 143 304 579 879 687 527 811 738 355 761 859 137 136 45 869 19 268 689 791 179 144 531 650 133 413 925 356 975 331 255 738 350 753 722 545 143 839 349 103 825 874 348 256 535 427 347 620 658 65 483 325 879 89 440 656 683 859 343 23 281 16 948 662 446 213 625 739 945 471 457 948 598 405 720 199 964 2 574 169 886 192 307 568 802 404 175 757 538 655 143 353
811 829 996 465 83 688 157 155 195 780 351 93 732 519 952 268 746 311 483 500 495 120 878 551 835 417 228 794 895 244 193 35 68 623 91 28 443 963 154 787 882 423 172 412 141 69 767 689 109 353 777 965 261 481 508 963 12 284 279 177 845 333 829 901 289 238 909 804 937 367 675 289 939 424 924 777 863 140 723 427 523 322 406 687 67 879 764 84 591 23 710 602 776 271 654 477 829 205 926 373
899 684 340 578 837 110 903 223 814 865 192 845 23 164 697 353 112 433 455 32 698 582 625 875 794 884 614 359 208 70 843 220 469 432 298 863 114 484 783 189 416 420 975 751 338 883 739 791 948 676 776 150 831 333 184 870 98 764 413 6 990 823 767 279 958 242 24 365 960 612 631 199 46 243 641 552 342 382 936 915 472 250 961 521 445 289 786 567 534 114 131 3 846 997 500 292 756 922 351 847
846 968 263 705 981 315 456 882 309 334 348 35 333 389 830 116 48 400 222 652 804 531 112 182 163 181 449 188 694 756 436 686 306 929 149 393 876 269 543 46 852 389 84 757 462 330 435 139 619 164 862 526 192 676 186 966 259 241 596 673 236 582 817 316 30 81 764 731 83 46 859 457 984 595 78 706 43 878 448 519 653 851 470 986 199 437 607 192 309 494 203 849 712 997 870 278 242 133 825 78
286 84 836 279 930 683 212 49 357 271 460 90 223 21 626 489 885 515 690 758 201 239 291 845 538 319 795 550 289 816 964 498 649 464 527 411 753 257 321 353 46 559 796 218 130 591 982 241 643 62 544 49 411 436 790 192 782 472 708 112 860 382 148 582 440 574 768 764 202 536 759 536 387 654 477 645 70 134 453 577 714 802 234 300 72 600 601 131 911 116 269 753 993 828 465 773 277 278 741 638
358 248 220 800 840 408 831 539 101 316 738 651 913 615 318 689 779 842 586 209 578 702 195 456 588 795 533 358 47 735 382 64 798 153 398 265 666 357 597 33 251 770 932 645 182 844 255 315 837 439 139 81 529 223 278 429 820 386 989 308 690 496 97 896 131 234 395 118 117 816 458 958 194 655 142 659 450 985 997 200 170 436 996 742 98 582 981 22 52 586 977 902 574 515 645 637 913 277 190 830
350 304 359 839 169 213 991 662 421 409 710 915 31 331 267 587 622 505 832 740 583 213 930 873 210 360 689 397 914 293 218 72 922 106 583 529 395 955 871 108 418 305 848 900 406 108 808 495 434 631 351 971 834 923 188 464 986 518 684 830 705 902 58 332 359 238 579 153 280 302 230 348 363 757 5 595 312 791 103 995 114 818 263 663 340 45 821 86 91 351 558 40 817 368 732 650 153 593 448 911
522 69 505 228 802 2 503 743 608 654 879 228 64 632 747 618 784 377 961 336 904 607 864 281 963 216 872 902 83 100 234 778 825 165 282 340 495 85 700 381 947 300 843 168 906 35 530 961 546 381 890 448 382 613 964 277 729 10 661 590 211 587 102 555 106 931 973 320 276 799 807 78 494 136 498 792 375 865 509 754 986 219 68 846 219 462 193 493 107 444 374 490 325 962 274 687 128 3 213 409
245 35 114 340 407 571 763 214 628 156 604 643 420 341 667 340 591 889 423 774 555 320 305 143 462 609 866 152 408 97 578 272 861 708 875 633 801 915 103 744 524 999 262 314 96 166 916 657 169 403 900 630 595 794 781 285 183 820 372 878 642 860 805 769 544 115 798 547 160 406 933 966 315 625 454 146 141 891 955 26 796 337 624 472 33 939 804 751 756 38 0 278 101 97 889 62 299 999 730 657
479 952 223 241 579 850 985 87 946 42 254 854 522 365 868 195 933 16 960 118 219 286 535 331 424 897 438 958 390 262 688 269 514 353 828 86 718 835 520 953 508 480 251 476 808 851 917 459 679 821 434 788 52 253 746 174 103 107 307 781 126 537 379 302 692 292 156 869 488 439 988 235 841 552 832 919 175 413 537 648 423 378 784 674 455 282 322 807 19 858 545 27 333 344 14 944 198 190 623 193
25 291 155 523 360 323 652 313 680 943 668 395 796 47 368 275 7 593 75 347 539 875 259 592 757 691 493 255 858 286 0 977 891 46 428 890 861 936 333 666 826 491 815 467 333 981 845 521 326 42 325 255 301 570 283 283 121 408 600 518 651 895 182 704 83 161 724 215 113 470 344 14 415 495 470 921 380 627 581 242 547 127 362 117 778 347 813 63 644 692 903 584 682 253 332 629 553 468 201 492
964 247 884 183 474 149 580 202 714 916 547 259 545 353 910 741 479 973 596 738 581 583 133 587 578 960 650 20 761 450 53 790 855 239 22 549 8 992 967 633 695 974 44 916 626 295 939 489 904 684 276 563 698 958 690 306 13 777 467 321 62 444 392 771 460 833 207 541 334 842 924 634 561 583 126 687 836 823 599 787 736 984 566 40 212 235 635 354 857 148 474 344 652 355 24 934 116 368 442 411
453 413 885 246 770 899 533 311 159 595 514 517 942 841 984 893 711 540 769 759 56 968 671 38 198 27 731 316 452 310 425 68 229 644 937 564 916 1000 754 245 278 495 894 57 692 674 398 179 11 31 529 10 66 517 579 541 189 772 900 703 74 210 548 575 245 127 127 37 301 307 593 485 705 532 244 321 158 589 681 623 833 648 766 79 696 862 44 296 752 983 317 243 423 954 331 134 423 327 803 946
688 469 901 344 343 868 512 654 570 357 710 541 253 508 376 960 268 706 391 585 936 140 691 68 632 681 619 781 374 48 462 841 950 202 658 494 653 523 682 577 681 986 465 419 63 826 656 810 946 511 700 152 981 983 921 285 290 850 484 906 718 436 628 645 590 970 562 932 66 706 147 49 496 541 758 723 422 183 495 317 146 29 497 133 715 571 454 481 680 770 846 223 352 882 657 889 511 5 424 534
420 958 901 185 604 555 337 433 311 755 893 132 86 375 925 77 606 244 512 212 625 823 867 429 675 769 107 449 789 745 696 816 489 611 975 814 317 87 274 364 176 643 743 305 443 65 194 45 17 766 560 57 988 276 163 555 43 961 186 606 137 635 934 453 478 228 263 126 141 730 921 870 500 119 159 512 36 91 545 225 258 611 169 227 397 296 989 211 800 900 190 136 797 329 810 814 161 251 49 118
841 103 315 735 242 391 947 852 988 417 928 78 624 804 708 478 828 524 741 197 527 515 964 129 329 481 540 354 906 237 468 68 558 646 35 354 447 995 164 972 274 170 264 622 877 936 609 863 674 479 878 733 602 756 715 695 597 90 58 345 682 430 533 807 877 20 909 194 549 769 691 878 932 862 674 174 855 916 268 461 77 304 560 334 345 912 615 336 181 236 690 345 659 799 225 870 246 897 922 836
404 130 121 619 242 694 484 78 992 730 782 260 191 18 209 139 730 991 321 49 276 584 35 358 413 708 435 385 752 975 758 269 475 880 632 634 545 73 830 425 842 587 778 331 119 525 941 1 347 320 273 918 508 737 463 118 826 621 626 718 696 697 865 561 782 967 898 248 994 733 540 614 139 307 441 734 901 20 647 610 634 605 348 618 362 373 668 289 455 95 942 162 660 620 711 859 831 579 104 328
91 925 1 323 929 459 98 773 580 42 455 464 106 82 799 152 562 172 467 624 215 966 310 40 978 244 413 248 788 9 97 615 648 104 328 502 162 235 99 872 786 437 238 144 696 919 362 534 387 644 361 867 575 692 450 949 962 663 321 555 523 273 278 983 779 386 969 596 392 717 238 417 784 88 550 723 370 860 383 915 22 518 105 683 173 971 533 429 163 838 775 769 927 487 25 961 942 739 961 181
878 838 316 779 286 701 948 261 538 92 497 552 233 417 508 163 921 700 610 137 145 248 986 639 537 838 963 109 265 184 566 543 917 593 581 288 57 381 644 92 304 512 851 367 86 577 604 739 27 655 449 984 908 628 193 102 374 121 292 324 302 334 705 869 877 343 67 602 900 664 938 70 1000 90 558 590 782 282 844 432 100 481 124 161 426 100 949 823 555 481 61 475 278 762 929 726 357 79 233 297
853 991 278 196 912 515 343 225 690 610 361 298 228 182 454 267 813 127 891 557 190 916 988 682 100 202 400 661 145 416 555 597 903 787 533 473 441 523 819 950 807 232 190 114 134 652 871 125 759 404 188 131 325 966 619 549 45 19 426 173 293 325 257 148 687 982 753 450 21 839 399 763 506 581 93 504 262 414 878 84 201 911 736 706 307 488 302 978 874 735 131 732 77 731 266 244 195 337 357 167
236 429 431 579 234 867 18 577 919 931 580 630 432 699 833 590 460 561 84 94 501 264 122 625 244 545 121 546 661 278 576 452 363 693 783 759 957 13 742 95 770 99 728 814 72 953 819 258 814 747 865 172 375 371 172 40 965 844 425 569 841 790 878 822 390 503 844 423 702 937 141 367 776 323 399 905 583 838 163 842 632 972 702 878 566 366 463 15 354 360 457 165 237 489 141 189 570 576 268 535
267 256 813 340 681 605 660 534 263 799 321 165 264 988 308 336 487 680 648 190 192 273 382 194 880 156 269 807 338 311 191 652 198 725 940 742 298 592 615 624 834 762 900 719 511 861 777 824 187 85 228 897 892 148 730 913 184 911 974 153 486 994 310 931 22 230 248 558 344 671 693 620 634 417 689 867 522 264 174 163 147 607 279 789 330 115 955 964 224 430 10 55 28 417 41 674 453 654 57 125
928 305 873 237 914 662 971 717 113 663 304 687 822 354 348 162 376 929 713 944 981 215 656 579 262 318 210 143 174 74 41 107 304 779 124 7 504 96 489 684 546 323 159 614 940 788 188 530 720 138 932 891 177 377 75 491 657 73 648 259 772 464 419 241 937 254 966 803 789 385 499 304 224 709 742 72 122 445 204 238 406 740 912 632 837 88 664 876 956 146 276 0 743 171 601 290 814 449 632 362
858 976 120 376 953 522 962 244 272 939 77 328 129 893 760 877 590 350 665 997 30 471 902 22 986 369 842 871 686 441 804 476 25 72 404 255 536 166 882 977 376 120 816 465 700 455 663 383 17 542 154 726 695 281 585 958 107 597 182 621 338 675 803 192 736 268 631 487 626 497 684 324 171 321 732 792 231 757 512 773 828 204 170 222 193 405 67 759 285 798 951 271 904 0 978 958 261 310 967 541
503 743 864 456 818 185 728 913 421 383 722 679 957 484 605 95 927 477 147 440 351 828 436 285 214 437 391 194 576 336 656 859 53 280 807 737 486 277 755 599 53 513 966 684 450 382 908 90 12 660 844 908 247 247 250 436 219 131 377 249 760 161 296 619 203 856 759 818 224 521 930 152 155 745 474 35 654 97 28 947 394 913 595 347 656 677 509 291 530 71 705 504 956 353 19 721 150 154 544 961
731 488 657 868 681 428 747 788 449 180 974 926 154 852 484 337 18 716 378 369 849 758 621 402 442 943 42 285 890 723 715 266 913 440 631 763 732 153 779 233 926 661 829 852 838 428 580 608 516 184 715 453 96 37 53 228 971 238 358 731 677 100 916 679 919 253 911 558 654 822 182 774 651 200 466 712 354 930 782 93 542 385 750 368 722 848 948 134 105 573 801 687 454 419 510 164 433 614 339 528
137 837 435 628 961 328 0 773 999 965 977 932 405 586 603 7 320 185 41 721 822 326 166 489 93 791 661 596 29 727 857 426 387 782 774 982 980 11 929 628 490 868 340 325 864 470 32 157 333 887 308 845 289 801 251 652 629 833 986 374 688 902 319 976 805 238 66 53 821 947 944 796 558 911 430 368 488 630 769 204 384 122 619 750 572 410 134 49 694 989 109 94 862 85 440 20 362 78 587 457
245 45 287 371 679 531 144 335 338 731 336 328 831 169 1000 428 67 314 680 199 916 941 235 434 742 503 872 675 848 636 934 522 341 974 511 105 76 990 919 960 126 513 489 500 797 890 309 601 721 334 108 594 186 665 413 684 44 757 928 971 387 450 853 772 774 445 942 377 270 995 415 715 576 736 980 392 808 77 939 151 992 308 427 41 246 222 945 792 198 406 539 77 993 952 222 212 217 30 111 474
296 878 277 637 370 444 134 46 373 917 822 492 742 268 520 606 29 527 847 313 186 447 703 126 385 134 561 319 134 954 822 70 46 119 586 862 81 941 822 619 914 287 452 878 623 988 568 761 974 216 536 840 60 752 501 599 722 65 405 380 555 420 447 680 568 378 124 188 504 216 1 752 432 248 284 132 981 87 591 346 702 705 928 732 583 128 230 935 387 946 221 564 67 699 484 358 874 756 735 442
74 762 713 796 764 103 487 407 577 249 818 889 821 677 491 68 555 695 423 867 700 369 27 421 367 27 190 619 611 293 415 511 789 388 782 938 8 0 306 684 837 797 73 165 305 518 667 410 597 30 612 620 809 141 964 661 710 934 731 841 975 894 155 419 574 757 927 891 648 756 283 691 334 935 367 158 154 949 713 694 282 819 440 185 794 387 503 110 209 1000 636 178 518 454 682 327 655 197 163 212
606 884 424 814 635 786 57 302 847 86 695 298 780 732 809 925 498 421 140 408 388 874 61 662 679 692 120 719 374 844 817 162 57 588 6 629 353 152 807 825 791 658 873 864 346 816 498 726 995 225 444 604 378 841 225 508 261 217 421 208 261 438 199 264 485 429 743 636 871 469 909 73 492 240 463 482 263 462 357 883 763 460 923 986 195 974 464 510 694 401 397 361 799 209 355 588 730 763 284 490
196 618 130 866 802 155 29 979 20 841 699 564 454 110 425 834 129 78 125 197 873 204 750 604 520 339 787 538 461 636 992 248 354 416 223 61 629 695 378 19 189 816 408 191 743 533 503 455 513 452 423 936 523 122 703 811 502 29 809 180 657 164 68 449 242 446 686 204 79 775 51 817 763 97 226 582 101 905 587 567 861 443 778 763 665 515 697 6 747 748 107 534 382 803 148 559 257 737 413 897
389 755 679 414 534 37 63 349 304 458 487 117 471 549 966 521 960 552 779 658 304 140 986 257 4 226 736 291 701 470 192 702 326 628 830 611 293 833 484 132 420 83 746 975 668 118 579 676 177 176 271 803 959 533 52 93 758 243 651 408 406 506 4 921 912 184 657 933 356 259 795 532 544 596 683 845 66 486 773 547 762 679 220 942 975 505 633 931 757 986 719 693 732 23 236 647 740 608 90 56
859 301 807 84 296 998 889 369 856 687 387 676 872 77 10 778 590 440 720 722 399 903 670 934 476 551 115 106 883 709 853 907 950 725 506 39 97 753 328 134 861 832 607 159 44 985 706 246 640 18 389 610 38 899 753 716 958 849 765 851 90 556 440 341 946 802 762 905 203 372 937 445 846 114 872 367 496 592 130 316 561 521 9 944 75 662 330 123 537 180 979 543 908 278 262 759 351 739 53 289
853 212 403 817 298 167 170 616 189 231 163 803 640 452 111 358 275 133 718 154 773 934 840 741 205 212 605 145 74 375 312 703 198 441 743 207 106 108 267 208 57 728 880 77 434 985 848 857 902 819 644 978 227 435 35 959 173 7 3 807 176 652 160 582 37 44 187 128 313 562 77 986 319 235 832 397 581 424 26 788 493 694 537 314 896 294 681 435 983 967 998 698 566 183 587 417 581 209 629 236
446 365 702 695 940 434 531 298 753 398 591 626 565 678 775 748 901 372 884 894 135 864 56 306 267 559 264 640 561 361 763 995 668 185 598 706 620 951 206 810 8 869 302 987 218 920 20 941 707 567 607 948 500 53 587 291 969 586 384 917 576 750 960 636 368 200 51 694 678 860 459 31 9 583 720 309 996 158 957 777 394 242 893 837 569 342 212 325 721 191 116 311 179 955 609 768 435 223 803 787
489 17 172 838 601 431 934 553 579 751 703 447 607 885 476 549 235 31 799 735 605 964 116 692 891 471 88 141 500 749 436 584 483 81 804 985 430 64 249 968 148 559 254 303 647 849 283 300 449 635 177 930 598 136 187 510 317 315 467 951 906 921 351 215 467 285 834 223 64 894 821 989 200 988 251 743 958 495 853 693 606 824 786 142 881 669 466 785 400 992 182 428 497 963 133 811 104 708 636 189
309 798 407 99 409 147 426 756 77 539 770 615 103 403 520 736 604 653 15 623 418 922 729 921 714 143 50 990 14 840 821 735 635 679 653 448 811 798 952 590 319 969 890 54 840 412 923 90 861 995 464 499 695 457 853 670 109 584 700 338 688 694 553 631 514 251 400 15 422 91 601 419 555 303 329 585 627 707 84 706 421 183 337 376 811 642 363 492 951 978 635 315 817 735 469 478 525 360 325 282
928 304 108 82 127 106 616 170 804 408 600 939 694 301 599 183 939 844 640 138 235 158 627 154 191 846 805 871 138 373 307 599 797 189 745 393 21 715 839 98 794 174 526 508 719 424 611 278 208 38 37 172 831 251 80 616 272 411 217 13 495 799 830 312 352 719 405 432 734 347 519 284 871 17 581 43 610 809 723 588 678 805 474 793 241 116 531 462 741 685 296 326 749 319 628 526 875 271 350 833
310 591 795 52 215 689 800 339 719 999 801 770 799 771 328 608 280 286 137 126 133 622 531 872 988 366 982 886 405 478 623 230 297 706 18 21 100 376 883 486 863 498 270 83 653 963 4 608 376 501 623 652 316 841 393 407 233 391 405 392 150 268 209 921 307 634 865 707 436 114 92 474 688 186 734 268 955 687 123 506 494 721 339 854 529 713 906 412 117 888 472 166 344 912 338 710 683 612 276 517
111 421 182 156 942 533 412 307 518 367 115 939 20 872 183 427 85 560 316 197 636 162 382 103 892 534 611 865 769 273 950 967 214 973 887 486 741 998 286 505 24 465 699 34 233 58 405 762 623 456 84 289 717 715 57 341 990 618 632 634 228 877 88 194 950 843 837 346 551 34 192 708 697 591 100 574 873 218 902 67 405 909 148 358 49 418 157 297 943 376 657 161 796 741 142 295 368 42 787 127
292 171 693 5 246 481 163 891 95 418 224 625 834 930 576 718 602 391 552 512 404 553 944 8 283 903 861 654 479 557 800 861 645 864 76 750 318 431 381 815 980 470 248 691 989 776 181 705 509 409 598 975 946 567 546 593 739 796 744 223 132 18 288 377 870 598 23 627 214 387 197 394 21 240 803 794 990 972 468 185 70 688 909 536 626 365 920 78 791 255 273 942 137 676 469 538 838 452 577 767
899 282 402 81 662 568 983 30 824 397 833 169 16 849 296 996 518 121 660 90 651 464 144 704 494 190 301 220 762 450 24 641 979 576 994 540 14 529 678 649 41 339 146 688 222 667 515 137 759 23 567 373 433 332 513 135 911 854 567 92 975 257 813 299 825 334 405 847 60 242 250 47 235 479 47 954 546 397 209 195 854 294 199 853 603 296 753 0 367 163 916 724 933 163 568 165 342 175 919 434
736 532 221 664 739 444 907 362 399 3 244 603 729 157 73 80 310 29 351 723 191 918 632 550 917 253 504 34 832 697 389 68 650 726 934 39 495 889 363 102 948 123 744 817 900 774 468 492 699 640 833 226 348 912 100 60 754 127 382 52 542 585 458 954 905 150 70 377 627 790 99 713 588 172 97 591 353 360 799 182 579 461 994 426 583 848 401 947 468 320 677 29 204 223 416 977 226 682 923 853
749 121 574 598 872 509 781 61 677 838 870 538 483 182 563 807 179 637 595 623 905 941 244 873 273 900 832 738 828 717 283 348 368 821 658 831 993 974 726 899 742 129 681 883 68 739 217 852 668 190 329 739 958 343 194 294 826 887 985 858 526 582 948 137 469 146 877 923 682 69 47 977 852 519 918 768 710 203 457 927 525 310 278 428 438 695 984 578 643 323 578 794 118 786 197 333 122 662 918 918
353 160 775 307 606 981 387 891 482 431 440 213 925 384 835 639 355 858 169 611 846 452 399 588 231 266 877 442 790 508 705 802 107 388 308 557 582 896 974 722 535 8 986 379 911 476 790 672 686 729 299 984 161 962 263 885 535 519 259 313 388 909 709 701 993 752 952 814 647 726 74 697 814 538 813 267 435 755 748 777 777 286 846 210 610 102 466 848 463 973 355 4 322 611 914 411 404 96 817 66
927 628 265 210 201 785 291 172 851 308 101 528 423 5 115 484 784 555 494 536 531 199 510 534 846 807 274 666 651 260 724 766 371 858 260 12 391 372 579 237 2 720 626 644 244 686 483 328 886 526 603 526 845 481 693 555 772 501 494 457 734 655 861 409 710 973 164 536 476 9 749 476 437 570 647 779 172 633 77 362 873 673 205 160 616 616 281 32 944 145 631 408 473 938 456 415 132 327 956 612
883 281 508 961 699 400 150 669 521 343 315 693 831 674 325 249 387 630 502 442 363 173 954 870 158 376 52 519 210 907 370 820 31 714 424 610 129 641 476 550 694 621 469 968 359 989 30 489 479 387 40 495 432 724 509 996 487 923 125 902 366 416 667 978 582 763 257 633 513 735 348 324 246 409 926 835 319 701 689 515 878 630 193 470 665 62 500 329 107 675 44 890 53 277 965 515 138 802 374 916
35 546 683 674 307 108 771 596 29 695 521 22 339 18 176 651 303 335 850 697 964 224 357 540 204 868 577 321 759 294 401 538 803 544 332 343 321 734 4 327 551 208 749 670 308 649 660 981 906 151 744 144 573 677 115 903 248 987 66 973 897 51 739 770 608 337 902 794 988 541 192 849 144 81 581 6 547 106 348 941 623 650 991 775 538 854 296 878 950 195 46 645 11 440 759 659 910 145 256 529
89 639 953 73 543 391 41 770 258 799 619 487 514 842 960 314 346 242 209 328 175 261 196 773 398 538 11 800 324 652 621 598 581 330 853 619 281 326 974 487 816 978 926 717 230 555 797 427 958 375 156 347 811 845 652 463 725 651 607 936 557 466 125 495 829 383 928 730 639 366 135 294 504 203 966 630 267 953 279 868 786 281 197 591 339 909 467 286 971 556 113 417 590 411 85 90 650 409 232 112
655 754 415 482 639 533 876 669 131 661 10 779 397 6 516 698 382 308 821 561 619 754 171 734 735 624 580 683 750 248 279 928 794 406 822 705 719 748 82 379 773 461 7 153 575 644 213 624 152 816 130 929 498 287 301 196 705 956 210 161 38 584 177 657 664 777 75 258 306 402 646 743 560 383 257 512 616 719 364 411 376 901 10 604 983 313 296 527 194 676 930 162 630 529 262 729 649 206 49 215
985 726 305 889 704 463 853 833 660 193 707 896 906 585 637 53 547 93 638 143 546 624 357 420 614 253 682 219 723 857 577 136 851 764 537 508 897 705 877 946 285 82 716 361 877 35 629 460 720 924 643 772 708 478 200 992 171 4 226 584 56 496 488 231 595 268 73 607 692 584 384 84 405 229 759 936 582 151 571 10 8 547 484 356 172 749 740 681 5 928 950 300 154 374 458 47 650 765 328 194
123 416 775 868 981 439 724 183 160 215 576 871 537 472 336 947 101 599 998 595 982 758 909 935 872 332 794 838 445 767 962 555 517 692 104 564 842 403 915 59 458 792 86 728 609 1000 154 446 591 485 169 956 944 198 592 946 32 992 449 857 695 168 351 141 861 169 203 965 634 449 677 886 929 235 110 784 715 860 936 814 837 691 575 584 891 63 358 395 143 410 868 454 47 154 853 415 260 536 545 381
177 616 416 305 687 165 681 704 744 435 830 302 132 750 288 756 95 520 917 283 995 718 613 674 814 946 168 540 140 621 557 346 99 704 196 532 139 435 481 33 790 506 351 71 248 178 155 264 856 376 386 363 756 139 297 704 816 462 437 676 875 787 32 279 303 709 502 826 580 486 806 786 957 454 852 473 181 871 491 900 553 946 437 803 205 88 55 102 26 59 899 333 276 955 798 911 789 520 687 180
157 123 768 992 406 766 703 835 128 94 522 275 512 584 191 703 502 156 327 286 580 815 427 922 735 728 477 690 687 355 861 287 513 692 468 796 817 438 430 834 346 919 50 64 53 682 487 207 87 780 661 826 577 574 741 634 186 35 31 576 486 133 450 868 272 343 863 711 355 378 599 471 70 579 194 6 202 91 768 319 122 522 202 38 954 436 625 838 973 261 968 271 297 161 258 390 73 134 367 323
964 455 766 760 943 68 416 306 858 908 562 255 893 408 459 649 56 551 157 481 393 130 288 664 181 304 942 422 89 932 310 495 194 976 625 910 121 95 661 318 370 918 588 915 709 223 7 52 451 533 266 245 945 404 541 735 377 407 783 110 534 504 294 561 313 460 911 203 137 209 69 906 49 63 489 307 252 434 250 684 949 489 708 752 108 517 745 190 982 146 913 81 259 961 131 524 832 498 986 33
353 476 413 478 52 319 8 558 238 591 461 220 757 178 987 570 359 480 43 955 608 168 317 211 505 550 113 878 237 659 81 347 716 727 165 875 768 63 412 219 852 165 278 41 132 258 616 672 254 544 516 824 469 145 355 405 434 168 850 247 806 107 620 710 44 334 69 92 859 850 538 193 753 919 768 25 43 813 442 721 521 282 141 662 942 932 56 823 159 964 623 548 876 438 213 816 998 85 134 113
50 642 812 542 685 349 330 150 4 272 948 248 463 398 939 150 324 986 872 920 3 297 657 533 534 613 126 136 416 640 551 443 612 842 256 394 430 339 364 715 373 894 757 251 49 620 993 716 36 354 365 761 430 73 643 177 957 892 826 785 651 837 418 530 538 863 824 360 860 788 936 483 166 279 394 266 137 543 415 619 63 987 822 296 332 897 38 582 353 708 378 658 210 548 473 398 452 53 359 681
95 914 70 875 407 535 34 670 856 742 231 980 765 57 971 151 778 423 126 796 541 94 218 735 610 476 93 827 95 868 206 697 349 111 227 20 632 704 375 944 24 646 278 484 299 284 420 946 649 888 248 538 592 771 2 856 392 316 105 851 787 228 858 703 896 268 221 591 958 425 299 410 342 796 152 987 21 322 677 372 67 120 897 890 373 195 873 405 158 479 298 58 237 856 567 954 476 761 589 256
716 224 120 489 597 44 689 287 483 795 587 182 205 407 558 335 233 146 137 427 987 560 342 101 62 707 845 993 267 599 390 928 782 591 989 597 755 139 639 9 742 3 185 766 608 119 557 766 421 39 645 881 970 997 737 451 543 915 454 780 99 864 977 481 298 730 505 553 410 167 227 549 865 786 584 233 295 639 549 645 665 971 335 787 526 516 973 591 789 790 354 76 880 796 898 114 171 882 742 34
411 65 568 65 822 108 16 954 898 527 477 72 44 685 471 449 982 683 554 364 736 158 97 870 475 705 138 364 539 77 429 770 534 741 870 297 734 318 918 690 36 649 62 403 780 679 693 279 712 835 965 733 509 792 651 815 363 596 782 872 942 104 526 465 595 15 234 996 469 86 74 841 59 838 750 146 528 745 834 96 515 866 403 312 920 52 822 408 28 986 944 322 971 996 229 274 609 544 969 992
472 749 169 449 231 570 963 673 754 433 778 234 676 106 845 967 375 439 100 137 141 892 490 725 501 24 897 605 745 615 62 606 6 439 551 371 520 919 199 808 359 435 621 238 536 613 530 661 951 171 476 528 706 535 867 896 218 493 864 74 320 681 436 818 417 976 757 550 926 77 401 966 571 849 846 909 616 383 31 48 467 523 102 361 534 110 284 304 741 869 491 225 401 56 756 205 394 294 633 507
33 294 416 82 337 736 29 124 735 534 806 693 845 172 178 583 215 27 721 215 295 729 343 580 419 459 451 217 270 193 749 399 780 744 626 637 867 751 359 696 617 707 418 907 351 518 650 130 95 775 525 415 566 77 984 338 198 278 456 317 209 614 851 283 609 374 534 394 180 800 178 183 767 496 449 261 542 660 327 506 67 145 121 604 286 271 73 232 443 187 820 459 323 692 476 118 710 74 950 320
206 695 68 220 983 655 191 235 477 874 546 251 676 145 290 18 832 980 444 650 846 998 836 177 148 801 864 499 371 74 19 615 254 974 827 674 598 102 31 824 63 815 291 646 511 948 821 824 511 491 403 800 758 865 559 426 343 677 900 529 50 979 501 106 680 327 366 292 468 193 729 438 745 440 511 881 635 873 450 136 725 594 708 337 229 461 96 34 346 987 749 45 465 681 106 166 436 869 192 210
946 273 706 884 360 575 729 122 938 137 525 618 174 512 117 250 9 76 226 260 487 521 665 321 422 815 469 767 51 116 670 740 645 779 685 919 173 613 271 821 32 856 297 97 567 336 220 684 437 769 842 148 343 40 712 980 764 960 584 864 343 248 672 354 265 841 871 372 542 309 862 359 776 516 792 304 75 476 960 823 860 113 334 817 456 241 61 124 714 579 986 715 720 258 120 684 578 296 833 393
122 263 777 255 839 26 732 322 456 992 606 314 814 490 88 348 8 908 512 67 54 459 862 397 570 81 79 26 937 529 487 983 926 482 436 853 925 692 941 840 369 750 264 567 176 752 559 626 952 562 827 606 113 428 668 541 353 921 328 204 289 109 853 39 829 915 965 821 435 338 234 665 530 842 516 642 921 294 597 989 113 921 340 53 38 656 891 135 9 824 993 255 917 551 300 345 742 39 482 243
461 464 868 196 19 718 213 347 808 338 5 636 322 733 973 506 17 593 643 517 247 210 207 590 693 834 78 907 585 804 551 207 415 442 725 416 519 808 936 739 932 200 6 339 163 254 610 587 227 251 543 379 399 959 800 29 311 286 322 737 415 436 729 29 85 266 628 191 998 144 931 95 736 165 129 374 243 118 682 253 935 483 300 455 545 288 40 514 680 492 645 163 673 554 718 746 187 844 495 861
865 260 999 130 936 193 646 884 669 990 193 806 224 529 52 49 146 950 870 684 440 223 421 304 792 412 176 221 880 568 560 147 401 327 753 162 542 402 851 234 929 644 774 678 918 153 983 315 979 684 22 720 527 349 95 974 919 134 11 834 601 602 535 387 209 498 398 945 836 804 62 856 353 813 824 544 801 448 235 984 481 281 786 508 691 723 451 128 848 488 113 154 724 79 693 556 25 552 529 152
339 948 524 707 258 163 18 160 295 253 204 211 785 407 895 110 284 469 71 350 379 571 288 993 900 551 529 543 311 287 840 970 228 673 337 449 476 65 76 953 632 664 231 528 492 905 81 719 739 667 526 324 158 430 489 506 399 268 414 181 25 337 142 916 422 864 544 204 688 353 625 786 938 586 729 127 749 472 772 298 680 142 408 350 557 218 948 578 970 817 32 723 488 181 989 586 546 901 462 231
264 629 736 309 347 918 936 371 748 80 26 279 111 312 861 172 655 238 371 757 821 434 44 205 949 713 550 284 57 84 322 165 151 423 453 239 42 641 145 464 709 506 899 549 698 211 828 650 32 667 582 125 345 657 734 785 992 16 40 827 338 475 999 793 176 457 385 998 875 685 108 945 68 288 750 69 819 458 140 20 304 723 612 929 573 262 400 857 126 938 469 94 359 256 865 807 516 832 720 527
848 581 327 875 105 617 348 142 897 795 35 54 307 614 25 975 525 247 526 818 189 812 732 51 616 247 300 315 94 354 124 395 945 728 170 858 287 938 796 496 133 248 855 962 404 279 759 43 548 894 690 72 436 145 870 728 4 227 482 147 958 614 988 414 604 816 789 736 970 874 435 733 208 599 591 951 430 656 381 415 601 970 876 97 709 754 712 801 404 718 417 670 610 92 366 902 179 12 95 887
603 324 748 8 658 73 308 783 169 126 463 20 331 980 415 989 408 7 821 846 224 553 26 556 926 646 775 269 358 295 806 169 185 503 449 326 494 849 530 392 619 334 822 389 791 471 687 321 878 10 790 337 604 468 880 341 25 355 410 0 453 244 639 371 119 411 8 416 618 853 867 910 20 681 914 420 150 257 504 492 698 382 590 984 637 197 236 292 344 361 207 554 887 249 50 637 96 253 906 294
640 747 875 141 633 83 404 871 409 579 175 590 117 369 825 145 783 323 125 159 929 128 529 668 128 825 403 617 771 99 380 306 958 201 235 709 395 86 970 686 212 444 42 351 465 324 388 524 795 977 350 614 221 725 51 499 80 883 515 320 473 398 491 62 177 100 777 508 377 516 610 187 811 359 77 234 375 47 205 901 270 687 242 816 114 363 741 828 532 93 177 713 132 128 757 613 915 651 984 479
272 461 868 153 138 824 561 762 956 544 387 807 762 241 309 568 583 124 284 207 270 177 44 49 844 139 801 2 854 785 863 436 377 691 337 485 867 366 740 677 308 376 263 164 497 406 445 839 587 764 797 374 262 225 719 560 143 704 23 148 138 96 854 450 594 975 938 499 236 275 866 488 707 54 227 493 612 400 244 65 856 634 192 650 280 972 693 68 591 635 950 15 949 650 838 564 575 242 658 158
256 947 715 428 12 947 624 556 467 771 112 7 560 195 849 763 901 987 491 665 769 184 902 75 507 915 258 35 565 1000 372 812 891 782 229 770 611 686 535 140 838 141 128 551 114 973 955 599 543 858 530 511 197 486 131 66 276 332 426 781 973 638 623 58 573 474 135 592 316 380 288 19 337 657 103 45 215 349 483 285 288 369 896 875 185 694 877 67 706 117 583 610 70 735 275 182 85 118 82 893
995 974 453 462 493 569 13 632 590 871 841 104 443 571 829 287 608 790 860 953 190 250 766 907 926 622 835 526 442 715 517 354 498 869 950 619 141 474 420 665 976 810 183 218 976 652 558 930 877 237 580 659 616 12 957 958 644 597 704 523 840 247 878 769 856 109 573 809 854 645 301 591 534 10 867 752 213 904 672 16 194 63 473 507 266 725 801 918 110 495 656 22 410 765 812 344 447 480 655 867
628 163 772 302 827 30 389 181 900 740 723 876 22 549 412 4 627 27 896 644 893 770 766 545 840 643 155 431 453 907 99 888 819 801 437 906 609 750 703 771 309 437 507 809 672 204 796 346 351 190 323 469 116 336 486 843 457 500 488 134 851 691 55 622 663 997 955 321 981 793 820 999 564 296 76 744 359 672 499 967 441 262 796 393 850 323 804 549 803 460 738 850 580 193 996 904 195 224 859 458
18 516 702 911 60 337 387 248 749 134 743 565 11 370 417 45 786 756 432 152 289 867 552 914 658 564 947 194 777 13 640 773 673 262 360 705 628 643 221 546 877 847 849 348 877 541 607 353 284 135 373 79 596 511 463 826 591 928 162 45 509 669 439 698 969 451 645 496 916 534 916 495 685 808 685 980 399 539 686 768 775 769 85 467 654 12 464 375 843 150 242 212 554 533 709 294 614 145 708 465
941 737 51 661 700 355 742 763 147 753 249 389 443 454 154 871 822 46 206 544 307 354 358 330 266 372 529 355 520 211 241 559 232 113 688 982 198 264 248 508 60 906 201 375 822 566 825 155 357 913 504 296 68 560 477 449 336 805 710 397 186 559 259 923 770 335 839 403 913 67 964 826 422 750 126 245 596 534 753 506 977 116 937 572 45 534 746 818 666 346 916 268 290 387 293 169 803 334 586 407
722 873 338 545 991 205 960 648 351 404 495 214 322 68 208 73 66 885 338 678 209 649 71 47 51 394 539 51 248 719 294 887 53 786 733 316 731 748 628 485 899 268 451 637 890 471 321 634 115 277 13 334 169 970 25 41 695 140 844 372 522 190 74 724 730 949 760 971 669 191 965 878 279 667 671 798 528 4 404 974 337 193 226 941 134 119 860 780 966 261 1000 219 848 391 960 456 985 447 680 257
644 539 169 619 757 31 885 30 858 64 621 905 84 989 956 609 38 757 762 237 124 323 355 87 180 550 161 962 203 475 31 464 888 353 743 254 393 400 979 311 79 638 964 89 931 243 369 189 159 506 466 475 516 486 72 612 819 854 179 568 931 764 315 581 452 764 679 289 450 938 469 780 269 417 685 637 218 837 617 771 850 253 14 353 501 361 984 128 133 69 460 395 44 760 311 160 974 999 421 994
618 816 413 276 502 554 384 40 441 909 274 795 990 208 183 266 146 258 777 183 110 358 383 853 404 74 490 852 804 679 2 123 465 543 417 7 150 577 942 935 914 1 676 336 958 950 400 751 328 203 813 686 652 307 349 33 595 995 487 691 168 3 353 614 725 836 940 75 125 107 636 807 134 922 773 476 454 836 642 636 219 463 811 466 793 266 49 831 173 686 511 597 297 240 719 48 328 178 98 683
875 912 680 343 465 220 165 886 957 188 673 833 790 440 264 983 630 911 465 676 523 7 148 266 378 415 618 656 999 257 163 624 573 630 539 689 418 895 25 262 351 50 241 970 728 101 582 900 140 955 556 412 201 489 786 294 422 682 281 211 593 83 883 570 335 684 735 416 761 269 982 931 268 973 250 240 695 133 878 699 474 113 87 255 349 756 839 189 833 543 8 915 619 271 195 408 860 436 447 878
148 994 613 630 332 96 929 223 764 360 900 248 549 728 2 532 749 362 638 285 486 177 710 256 463 601 148 241 587 354 776 77 154 685 534 610 890 769 242 644 28 703 169 555 974 866 785 601 349 424 186 43 649 456 808 179 592 23 173 141 190 492 652 833 57 684 697 604 184 625 172 237 961 958 534 940 693 489 687 905 935 9 811 903 291 47 352 356 897 150 88 161 503 412 174 76 375 679 953 895
621 126 518 1000 898 420 543 889 339 95 271 865 845 511 617 500 293 56 92 810 481 246 654 987 928 24 167 540 314 984 991 577 946 13 886 880 465 737 216 297 861 274 608 273 26 306 706 330 316 810 639 300 642 694 593 512 187 91 903 337 494 629 196 76 902 892 306 230 452 581 65 443 935 360 6 694 809 412 912 297 614 745 990 315 632 506 491 152 437 872 124 810 549 842 423 58 248 711 52 267
523 278 965 167 994 997 650 803 970 317 802 953 24 442 417 335 822 636 314 531 97 861 956 982 384 587 226 109 701 89 702 777 21 663 473 202 123 653 88 369 37 127 160 452 197 477 940 373 168 620 533 137 626 360 636 860 604 257 23 315 736 620 968 902 839 808 974 386 232 565 698 20 616 946 279 608 490 113 911 7 143 70 539 84 670 860 916 922 752 50 737 394 249 970 429 190 298 150 14 551
287 421 666 723 879 100 495 908 245 652 157 924 634 851 207 922 257 37 682 240 329 464 234 195 200 878 717 649 59 444 34 342 899 322 399 380 705 209 599 78 463 377 906 473 909 871 367 273 983 221 332 820 971 586 247 921 569 651 202 942 843 923 740 901 392 153 466 148 63 306 492 417 879 595 240 126 247 986 863 442 847 940 67 224 977 154 474 560 581 168 793 775 476 1 871 3 943 431 242 728
571 535 12 383 660 750 845 963 514 721 903 385 377 706 282 299 567 506 720 812 345 333 14 561 569 325 396 366 821 804 429 323 499 677 463 600 542 969 250 91 943 706 703 802 753 800 237 59 321 306 414 740 759 284 254 898 304 67 34 139 158 146 993 805 124 773 33 729 412 734 146 948 13 145 272 917 792 163 346 599 978 715 576 154 130 913 861 999 517 582 718 389 642 594 482 807 873 921 278 175
692 138 686 176 854 349 920 720 763 501 536 247 419 298 523 300 587 149 761 645 549 916 61 582 656 598 191 998 727 927 591 553 500 307 707 119 943 586 977 808 283 468 880 346 927 67 91 275 984 1000 718 756 632 850 4 468 64 36 847 621 471 597 121 6 405 9 166 565 772 522 614 967 994 646 625 180 825 587 842 554 338 835 848 315 559 348 300 977 722 44 733 637 637 922 589 166 731 114 145 163
262 440 244 233 160 380 656 97 330 766 886 262 676 558 118 929 447 483 294 651 355 642 200 935 353 956 262 55 559 314 909 601 897 817 325 335 336 566 772 33 798 529 592 299 931 807 893 970 543 480 89 497 936 805 607 916 352 545 4 429 683 384 228 688 731 82 123 255 834 268 481 997 510 298 953 826 972 485 163 224 188 788 648 147 767 333 705 972 28 453 788 961 105 267 80 728 945 412 894 162
209 234 419 946 590 471 751 192 877 275 744 57 15 78 380 645 489 965 497 978 803 247 1 683 967 108 895 627 812 207 127 689 782 298 154 518 942 422 478 445 250 42 98 118 139 43 881 247 804 991 447 57 377 615 718 650 125 873 198 141 734 450 13 694 696 750 409 954 403 395 711 48 500 470 446 16 311 38 305 44 959 451 960 260 31 552 570 813 239 370 917 581 397 325 551 607 42 710 168 939
450 854 950 152 461 144 74 259 677 708 627 633 195 903 859 941 66 832 959 863 323 178 248 579 545 953 974 900 744 94 197 397 195 238 725 271 895 984 537 776 56 920 412 219 385 571 659 673 534 724 940 193 808 377 668 876 709 271 609 434 373 927 644 170 761 795 432 40 380 7 55 893 752 227 855 277 665 138 309 799 431 113 168 971 863 272 57 616 789 610 123 400 374 970 389 751 621 81 657 873
898 950 708 382 955 193 75 752 44 247 149 391 949 788 272 214 808 104 638 811 251 831 811 792 925 976 793 954 995 203 301 703 58 842 976 971 525 441 730 521 760 330 956 828 916 338 544 238 553 439 537 766 611 959 952 309 75 491 319 418 557 825 198 68 33 327 711 525 86 999 475 665 493 458 504 104 491 967 177 501 203 29 381 807 62 864 58 511 77 442 168 175 311 161 316 443 690 371 643 453
622 850 691 113 740 731 369 734 415 764 914 236 800 137 436 492 379 411 9 183 437 713 27 45 449 817 173 814 311 168 785 264 858 309 595 675 202 423 215 683 681 905 599 749 918 268 81 921 305 762 396 470 749 143 870 943 735 566 622 57 932 101 936 948 90 23 983 552 576 173 651 970 306 410 836 669 949 211 550 884 939 488 825 700 276 347 37 963 589 112 355 318 671 757 8 869 909 104 631 321
349 165 952 528 814 731 951 509 483 416 992 745 639 689 182 196 266 745 555 486 948 157 852 648 43 763 457 343 331 263 585 528 410 21 556 620 969 891 946 908 129 991 58 59 431 363 747 471 807 759 994 378 977 588 725 638 988 897 306 399 471 433 872 435 421 80 211 402 607 88 344 80 905 725 707 91 95 574 32 53 803 900 445 17 240 336 755 665 692 718 584 409 872 659 625 950 276 249 244 619
323 972 538 562 256 255 639 403 961 126 49 402 946 609 649 47 67 647 889 884 41 274 2 38 204 134 605 610 506 880 980 804 769 49 872 387 403 714 249 402 760 184 245 142 373 536 187 704 581 801 617 92 705 449 582 551 545 225 501 745 482 597 805 126 736 372 63 677 540 233 806 839 510 345 265 522 531 680 661 763 500 45 803 959 521 978 954 296 608 533 647 541 674 180 361 650 193 354 526 344
79 9 262 493 467 496 363 304 472 611 986 644 184 173 63 979 174 497 20 62 358 40 165 4 770 306 589 292 288 34 815 48 173 463 160 348 167 21 591 117 555 105 833 535 737 12 956 635 207 441 878 711 230 133 824 463 76 475 107 815 245 99 174 520 6 674 566 697 90 465 955 836 269 40 267 227 722 260 155 144 553 946 163 761 275 747 599 813 465 278 947 797 955 759 898 480 546 53 450 527
685 468 207 673 595 212 280 509 786 26 639 955 658 589 146 740 152 821 975 430 85 942 397 466 56 129 969 53 634 38 134 949 327 958 244 22 907 605 723 909 242 232 918 929 266 550 107 706 143 879 349 959 608 492 121 209 464 591 590 456 551 245 547 437 924 461 512 137 752 717 217 349 209 363 635 412 952 185 383 769 837 10 759 705 929 996 915 915 882 10 56 350 244 36 945 35 308 971 222 624
773 130 386 854 270 934 989 425 452 139 223 961 893 569 103 86 927 958 58 985 113 424 865 619 937 619 875 339 367 489 563 291 789 344 987 459 871 606 919 584 929 968 910 544 137 32 150 175 16 581 324 868 593 653 76 188 232 633 125 802 823 717 320 767 707 358 350 176 718 363 714 696 425 340 168 921 224 379 826 79 571 327 974 987 662 937 805 723 707 656 644 553 194 809 830 297 739 991 134 959
598 484 228 783 722 649 229 730 359 391 339 13 359 968 452 493 626 983 824 44 263 308 416 118 354 295 139 927 888 193 192 45 137 283 235 853 836 452 605 872 237 869 579 820 546 383 497 756 632 583 485 279 925 45 877 232 180 1 265 858 33 807 52 835 901 197 878 846 82 327 4 742 776 143 375 149 37 349 557 138 577 484 940 790 99 385 535 122 911 619 725 613 648 575 414 472 800 238 259 347
187 748 300 260 249 921 600 27 968 479 451 305 630 183 604 940 78 22 240 423 536 557 981 468 574 570 90 725 638 603 254 489 336 580 953 837 982 778 5 364 416 447 678 103 827 392 589 432 277 206 437 171 449 8 532 706 579 579 674 792 24 573 989 229 108 288 168 571 663 660 766 895 781 102 926 897 955 132 901 431 791 596 115 34 681 45 693 553 596 54 348 634 442 289 403 399 584 481 323 968
222 393 332 275 316 49 228 851 805 532 970 316 398 966 134 241 346 1 45 487 989 38 200 435 201 468 230 830 618 184 508 964 150 331 753 393 841 639 240 800 580 993 286 88 960 825 447 977 580 244 349 910 922 459 219 472 793 82 496 821 608 187 545 608 456 431 65 590 778 256 103 759 115 444 485 313 914 280 161 286 532 809 897 221 332 764 933 949 5 294 661 395 797 651 493 403 356 478 705 327
72 718 567 132 69 899 958 519 712 255 25 285 980 929 854 78 159 38 411 93 870 474 323 234 11 62 591 664 574 474 565 690 934 594 35 413 206 788 364 869 214 61 713 382 372 843 719 597 96 439 750 100 576 822 920 855 250 341 316 705 911 913 671 149 373 951 42 471 999 86 458 212 363 608 350 748 499 314 809 328 417 743 112 311 450 661 419 351 336 70 355 729 132 269 328 779 754 556 71 713
659 952 976 428 264 114 605 734 152 963 943 949 12 212 556 744 451 488 129 878 821 415 459 660 6 621 629 817 968 195 615 102 560 428 11 291 942 313 295 952 536 612 983 733 588 789 632 174 146 467 842 40 946 864 482 307 928 768 539 584 261 731 309 683 901 594 96 187 864 648 678 539 91 565 635 60 114 267 569 462 306 740 483 288 782 128 952 651 137 169 295 26 324 27 980 937 141 858 708 195
20 191 33 982 239 803 27 548 686 505 173 38 36 318 868 811 64 663 33 917 327 10 57 823 904 342 858 391 920 806 366 930 610 518 571 510 140 600 182 374 161 280 832 796 442 730 745 10 593 234 53 762 224 104 348 539 257 752 120 517 574 766 499 410 869 930 744 431 724 844 176 582 591 766 626 960 548 446 720 368 716 659 225 376 897 2 212 688 157 576 760 706 224 459 101 523 239 340 701 894
971 731 733 83 55 22 81 54 657 895 374 660 689 8 456 256 853 570 760 745 431 77 170 339 452 235 886 765 910 380 443 187 877 400 693 480 647 574 555 132 714 789 960 150 389 541 162 319 330 269 726 970 680 608 958 969 617 602 11 850 530 389 848 423 623 951 527 333 271 271 420 973 822 883 519 654 450 983 52 284 371 564 338 788 690 740 604 792 132 622 478 500 18 269 346 487 153 547 430 123
803 436 529 634 829 266 179 657 143 471 763 407 640 436 749 583 260 918 897 77 886 814 454 32 843 840 623 47 564 107 181 758 426 435 800 426 6 831 398 930 889 816 297 665 969 881 463 246 421 181 194 758 172 586 216 797 322 408 886 451 423 661 524 701 212 19 530 16 667 346 910 732 186 411 708 437 555 41 770 144 674 622 34 810 424 217 900 806 376 293 26 96 203 233 458 567 705 899 504 993
645 788 849 638 518 31 245 105 900 201 611 604 61 776 934 223 633 673 764 306 941 330 700 856 593 216 973 834 358 456 637 781 236 999 892 705 828 122 881 471 430 804 81 957 455 776 310 498 911 885 827 388 257 167 528 623 156 721 572 815 712 920 186 323 216 540 559 323 216 907 901 839 72 849 592 652 420 637 342 755 345 754 120 870 71 249 119 721 114 393 434 31 790 38 91 380 702 556 716 384
437 573 389 539 467 107 551 322 735 73 367 714 731 250 244 966 10 702 889 338 548 812 250 422 690 59 865 589 547 740 818 884 273 248 63 128 102 485 664 893 943 928 989 881 96 908 656 551 994 575 784 479 30 885 692 283 971 638 923 369 830 397 892 580 978 447 965 500 229 157 139 135 61 915 364 226 708 344 178 158 254 76 575 436 522 962 190 562 806 260 92 11 214 100 119 627 257 915 823 845
431 419 846 527 33 14 891 936 311 852 230 756 539 741 794 961 555 145 935 191 174 112 826 929 734 335 6 153 438 729 943 241 605 451 681 246 858 396 102 160 121 23 739 580 533 28 911 724 378 511 444 29 590 188 507 40 150 42 745 652 16 968 361 363 664 69 118 29 802 139 628 51 987 929 824 222 792 417 695 492 889 758 297 779 231 182 839 770 618 1000 143 364 727 461 633 478 152 719 694 598
483 995 323 378 287 516 301 951 791 133 743 784 207 543 110 757 391 215 775 512 673 695 806 735 842 145 820 650 318 648 473 91 390 890 127 198 738 455 278 78 650 95 658 951 480 466 531 241 374 983 288 909 527 349 77 633 404 869 380 659 6 168 226 905 989 177 464 95 722 307 918 633 623 820 998 52 851 324 131 588 969 228 879 109 252 209 681 859 856 530 456 150 705 314 904 33 548 308 133 646
799 96 517 165 853 640 7 737 351 191 7 66 422 852 147 853 801 484 214 125 19 197 159 969 85 527 223 780 317 588 513 315 496 280 554 588 846 136 739 831 308 708 286 583 628 81 336 252 268 523 165 668 569 137 376 129 172 961 878 784 155 781 586 699 339 896 784 383 869 599 922 135 903 463 474 858 763 357 64 728 572 432 210 127 408 104 656 608 12 868 612 711 423 479 106 190 753 366 408 861
38 190 587 433 727 107 286 255 568 870 99 44 88 341 800 687 253 807 304 640 616 406 643 871 894 976 662 959 487 864 108 466 985 906 155 200 205 77 117 492 950 993 226 55 916 743 931 496 94 910 552 925 974 264 914 108 529 71 489 102 764 791 415 325 960 99 677 507 664 236 550 724 353 225 894 24 837 261 832 778 734 128 347 707 926 229 679 77 211 776 604 774 278 409 412 455 325 512 138 38
316 817 786 973 579 930 812 208 161 534 797 417 887 244 218 190 141 148 180 505 229 2 1000 234 792 209 475 389 70 884 26 241 801 544 911 264 648 7 865 937 547 854 665 795 92 746 85 337 505 962 368 4 995 138 661 545 670 586 710 620 998 318 298 5 783 969 756 137 307 188 980 64 753 895 988 900 10 677 130 991 564 200 1000 251 872 404 134 856 778 86 900 348 816 825 362 592 18 175 317 584
682 223 873 530 860 771 881 618 474 291 793 187 795 429 380 782 562 859 470 202 0 43 873 292 203 84 420 216 283 797 137 222 587 959 836 738 476 940 776 318 251 623 370 474 170 278 347 904 20 158 12 982 100 783 524 389 869 679 546 787 643 266 847 121 868 479 504 967 441 581 840 938 756 520 685 990 774 906 164 742 917 300 547 633 351 278 433 473 467 512 687 748 705 431 273 0 460 357 131 203
516 922 192 834 995 143 982 460 347 5 739 847 844 659 339 719 230 260 985 984 575 58 653 775 515 734 82 132 492 718 783 991 330 415 387 258 756 134 481 249 694 552 273 495 945 237 205 324 145 185 557 821 532 446 651 893 366 4 441 238 685 682 890 542 910 655 170 375 210 243 989 63 122 650 723 17 263 260 882 819 445 489 943 490 809 932 189 256 151 882 224 668 507 659 927 408 504 75 961 628
617 930 12 629 606 926 443 294 336 659 431 17 59 822 868 394 192 558 371 757 469 468 620 471 134 929 68 885 412 670 328 243 997 173 712 556 986 250 318 556 811 50 401 93 261 10 160 25 419 156 483 278 180 242 166 847 537 489 405 717 357 604 661 56 86 30 204 659 26 929 134 394 753 16 522 263 292 981 378 938 92 532 157 956 131 157 101 6 617 768 597 625 840 476 646 490 757 477 575 210
50 686 450 49 582 399 976 611 837 357 183 955 820 260 683 332 469 359 495 890 338 197 238 665 713 304 752 163 663 633 576 907 477 247 461 805 387 698 795 553 207 787 670 512 278 549 507 758 216 967 192 409 980 53 461 715 379 731 959 864 816 613 630 75 713 637 598 653 137 963 92 978 226 214 57 240 737 412 46 79 634 756 388 132 828 315 136 200 104 898 679 997 715 636 86 679 229 662 925 361
286 401 663 564 736 655 894 778 886 223 252 514 416 328 19 129 538 965 725 917 290 974 180 135 613 28 907 687 179 603 887 64 260 42 478 558 88 376 279 852 262 928 397 625 552 505 959 384 887 795 214 432 317 357 843 777 442 560 690 321 573 762 833 518 847 103 231 398 114 277 337 547 693 453 223 760 964 671 764 241 627 732 911 498 32 977 181 545 421 287 715 913 70 866 47 566 269 7 999 606
550 991 52 608 753 530 793 360 679 259 559 874 376 653 463 84 792 254 219 513 244 7 154 247 88 708 641 318 865 86 558 821 847 230 784 610 833 781 52 948 298 15 669 913 596 566 757 505 792 999 616 239 262 20 982 709 480 960 282 428 642 890 182 853 307 592 151 706 253 589 578 204 765 280 308 720 417 675 729 427 775 306 237 163 877 460 785 359 965 894 361 869 48 765 351 482 514 386 404 98
986 866 760 507 308 928 150 311 690 980 690 225 172 760 153 83 148 221 316 54 61 49 354 190 319 837 398 292 742 911 500 926 183 178 750 197 67 975 439 797 353 26 750 611 627 564 24 901 832 615 223 906 549 193 438 461 458 989 339 711 587 717 213 873 398 470 825 415 810 892 757 915 200 288 727 181 83 805 763 461 34 63 463 38 379 454 423 657 11 426 441 441 587 354 989 575 962 324 491 528
911 777 859 989 746 184 926 625 121 370 218 528 6 730 257 188 922 694 448 722 580 465 455 619 585 115 664 303 802 718 22 159 991 480 869 503 859 411 282 577 745 664 723 151 234 654 333 502 123 62 103 158 448 392 690 245 282 901 48 766 542 476 110 28 50 974 760 206 689 331 865 254 120 922 315 784 106 918 626 89 380 726 42 37 384 976 263 976 474 787 100 238 748 139 977 547 428 402 830 554
129 805 697 975 478 623 184 390 942 929 481 253 820 604 216 278 578 506 227 325 630 230 593 809 62 878 269 397 452 728 390 490 203 758 873 892 989 289 89 836 71 477 163 651 575 386 439 92 945 459 826 539 754 60 562 982 654 741 35 198 110 354 644 94 693 338 250 571 929 113 553 669 63 860 646 895 126 924 228 686 488 524 831 825 784 883 146 646 320 546 444 42 162 203 809 821 827 526 489 613
907 507 449 669 369 729 422 454 66 98 462 690 906 335 160 975 624 491 82 552 826 817 112 216 432 532 647 178 159 234 14 870 607 896 616 342 153 160 837 713 25 747 465 585 58 598 870 680 486 484 997 528 405 592 924 775 289 441 359 127 874 383 741 596 348 26 5 349 148 115 937 181 993 527 630 539 773 174 258 934 529 943 168 581 611 265 243 222 150 66 262 122 904 374 22 436 32 831 773 562
903 201 821 226 303 174 535 671 403 301 209 425 794 795 779 43 826 133 409 628 332 797 119 52 596 501 31 290 510 291 190 941 998 724 786 155 463 495 665 21 233 705 396 142 123 925 371 64 836 315 434 152 908 96 325 581 302 425 301 687 622 765 719 37 474 434 35 618 256 843 434 553 420 630 457 299 626 907 725 850 75 197 239 658 881 625 428 795 721 513 95 772 233 615 314 24 599 765 809 786
966 137 114 166 502 116 513 612 900 72 682 359 134 979 121 721 745 697 795 528 924 946 176 126 420 586 605 552 662 673 546 473 888 797 45 779 95 501 962 394 646 795 912 8 801 401 6 836 148 818 776 307 488 771 62 584 954 445 205 355 191 955 793 707 109 290 119 95 946 35 697 998 714 386 60 89 55 890 408 712 702 653 301 463 379 45 439 235 966 992 540 354 792 390 640 3 34 729 482 577
952 858 478 631 942 661 777 587 932 519 906 827 240 361 604 306 64 79 188 667 809 827 511 371 419 552 881 126 706 443 155 2 749 125 276 179 854 753 818 333 973 918 62 163 453 634 135 544 105 893 466 974 509 208 381 742 933 394 829 641 584 670 242 784 79 650 85 179 129 833 384 843 546 901 297 88 322 439 68 424 484 808 853 619 507 543 347 860 977 464 313 576 105 437 215 242 724 190 68 197
43 440 943 683 623 674 115 620 582 82 776 638 599 852 373 603 907 710 968 490 713 550 433 52 939 865 906 57 14 501 259 859 825 361 822 581 785 715 502 510 267 818 859 458 488 143 708 12 732 356 174 630 799 251 337 339 195 831 759 1 436 730 169 340 968 338 55 545 97 505 846 79 820 447 547 793 997 254 683 498 912 403 193 320 602 797 408 360 804 285 305 512 179 802 683 806 278 257 406 933
430 692 855 431 980 596 353 859 777 468 89 563 773 314 354 779 986 449 170 899 283 791 665 533 71 765 865 397 652 573 977 419 381 806 226 902 443 785 325 350 558 420 401 548 728 102 321 90 669 173 47 850 742 252 314 744 778 827 569 734 429 590 94 777 242 831 223 804 370 562 363 292 583 36 753 387 255 292 722 383 946 849 83 494 448 368 211 949 619 213 855 569 235 405 852 383 313 486 622 701
51 92 126 810 753 821 547 901 180 397 550 489 25 611 799 628 787 463 136 738 426 644 982 48 643 286 284 958 992 272 410 429 324 836 148 896 98 904 197 403 526 1 387 408 815 427 676 786 738 12 769 696 390 316 152 188 273 69 509 938 944 184 956 412 116 433 152 491 142 923 395 8 554 393 612 452 857 597 505 393 685 711 640 50 75 893 430 491 19 461 679 555 786 771 687 47 12 218 810 549
501 964 611 4 76 617 925 569 38 560 93 205 415 594 699 802 760 951 511 471 443 906 274 586 829 342 419 684 421 181 800 19 777 363 780 855 280 572 562 534 28 412 900 517 164 117 791 508 35 284 979 998 431 986 558 673 580 365 515 557 522 700 476 58 125 98 638 928 783 102 752 517 868 970 290 521 253 929 484 783 821 308 657 677 805 46 444 688 590 545 995 51 128 109 610 949 793 152 27 328
229 324 3 73 50 270 961 697 203 27 800 64 458 119 660 785 461 199 464 968 276 416 593 757 204 313 135 112 127 367 146 8 179 760 521 809 740 187 110 429 557 348 970 840 328 178 66 423 1 441 374 130 624 83 602 876 46 848 733 915 333 630 115 523 562 636 344 388 260 15 460 19 994 521 669 194 657 650 185 521 741 286 901 223 824 29 681 266 386 957 463 465 114 534 559 753 228 614 152 949
940 737 405 596 779 85 359 181 668 693 344 668 776 720 475 374 867 727 801 273 660 79 786 754 787 215 175 233 490 139 146 535 591 639 6 0 254 935 770 260 217 31 580 569 584 461 107 640 23 739 190 219 293 181 970 858 621 398 259 385 547 71 533 345 316 39 715 295 102 339 833 632 839 844 419 105 505 436 754 590 951 875 564 522 778 768 784 337 542 297 98 199 188 152 803 769 562 7 44 178
764 761 439 632 249 715 843 588 879 769 946 4 113 322 393 92 349 914 111 62 780 487 941 671 872 852 672 786 124 499 761 7 653 114 373 540 445 155 322 32 23 526 556 926 88 268 286 212 269 352 245 950 508 163 974 347 317 245 152 768 645 961 677 682 600 952 880 435 340 250 311 799 766 343 939 396 413 888 632 449 378 894 484 432 647 500 39 416 936 225 939 614 35 1 263 118 955 104 593 381
460 676 785 57 357 384 84 56 199 530 428 731 624 221 406 404 693 164 80 592 247 484 525 643 445 946 556 981 575 105 901 433 521 155 711 170 632 931 533 612 403 13 798 416 507 525 607 758 563 222 160 689 200 174 731 91 239 789 887 279 417 253 74 577 42 526 43 128 544 241 341 773 503 11 986 346 149 134 830 898 998 340 935 808 27 770 465 629 972 655 429 880 46 470 736 740 905 319 148 831
767 331 563 590 606 612 853 378 614 112 288 453 221 851 251 654 430 685 52 953 91 765 916 497 385 681 259 401 615 200 545 79 387 474 380 722 28 103 541 584 50 439 57 703 121 841 470 652 860 746 622 6 365 648 899 165 66 698 556 189 128 368 129 35 933 585 806 873 627 578 985 866 508 878 493 290 88 785 807 495 683 14 430 993 680 818 327 789 693 569 692 942 38 421 117 327 157 139 174 458
100 775 366 350 581 26 115 60 118 50 811 563 862 178 289 416 891 211 491 896 929 588 638 551 595 705 455 311 481 304 913 391 421 729 467 397 529 187 606 35 58 607 68 699 350 708 680 658 255 552 847 416 597 159 467 804 244 511 449 292 12 165 680 888 1000 575 516 908 382 503 33 706 379 770 50 65 661 451 822 118 991 454 447 383 234 479 48 408 951 841 576 61 376 591 569 547 990 576 557 709
17 558 83 477 430 469 344 254 631 218 409 587 872 516 789 308 149 494 307 365 584 341 755 85 557 253 552 65 685 396 575 295 55 89 158 826 163 965 837 243 509 23 565 833 322 588 707 801 793 26 161 651 580 444 947 971 26 72 278 254 302 323 557 872 629 208 402 325 131 21 462 71 820 429 922 56 281 208 650 653 434 79 337 357 571 188 448 470 38 129 153 732 708 871 586 239 900 651 801 35
810 168 611 743 231 189 114 399 737 391 252 843 547 598 675 257 990 655 227 416 165 602 597 111 80 171 507 111 144 197 600 593 205 20 938 77 98 655 672 856 966 507 938 165 117 940 531 28 620 317 374 180 313 42 934 370 49 989 986 641 764 622 814 77 467 783 785 837 957 846 100 189 188 84 718 942 537 207 783 570 949 361 460 794 718 809 607 619 567 536 586 270 46 420 125 719 580 245 920 50
543 982 524 709 387 377 736 361 340 219 332 68 684 385 997 621 384 98 718 239 2 629 198 494 465 361 341 34 942 424 201 671 94 841 100 203 893 883 393 50 530 596 276 390 302 963 93 7 877 151 842 727 937 216 969 679 644 462 529 351 747 487 569 791 594 948 189 205 373 448 463 370 796 392 744 246 356 853 49 923 143 84 648 317 166 770 42 136 708 154 462 985 469 103 118 826 112 419 986 450
316 998 683 36 218 143 922 737 639 744 547 318 222 228 566 281 365 563 645 700 863 767 212 836 676 58 296 336 324 544 233 506 620 62 266 29 713 802 322 509 612 888 508 38 452 561 148 223 147 408 186 337 28 993 442 541 215 796 857 167 822 474 133 94 276 122 960 134 436 549 821 317 776 112 926 799 471 720 483 331 950 725 594 84 278 574 36 456 158 99 288 684 216 120 136 408 450 136 259 797
346 120 776 732 798 158 163 703 487 57 498 53 558 542 401 935 862 269 234 856 860 167 528 52 23 141 397 786 99 161 100 156 491 331 535 652 114 448 24 628 574 861 922 826 785 960 645 573 572 653 0 495 469 552 923 534 326 242 331 724 108 652 834 516 433 862 550 987 842 734 685 989 171 166 844 826 41 488 375 175 701 615 376 286 934 927 280 27 815 824 931 625 152 707 541 7 436 355 202 636
553 967 656 924 949 165 885 243 933 705 227 956 47 382 625 365 105 41 82 796 905 614 29 1000 387 196 69 81 465 964 911 959 63 226 153 996 319 391 460 151 125 936 538 520 837 367 575 692 586 445 944 448 347 235 144 551 213 800 343 352 998 960 160 101 400 270 441 333 217 265 406 338 529 449 899 814 18 466 541 833 943 664 740 633 520 506 419 286 628 789 860 371 607 220 632 113 793 132 719 92
485 561 227 779 968 818 451 438 988 504 530 230 328 896 697 818 728 792 948 841 253 603 334 995 528 390 478 42 723 434 583 503 925 195 288 745 912 929 318 787 72 479 94 31 100 632 647 439 88 10 572 795 405 873 633 946 816 665 443 695 757 268 159 325 695 104 919 21 181 743 969 748 393 314 545 216 82 120 938 452 992 694 761 169 290 625 586 688 327 55 247 131 226 912 736 440 429 191 115 652
828 510 562 535 129 94 498 937 227 380 410 272 476 373 171 169 598 294 975 986 343 126 541 433 317 542 916 196 120 677 8 304 89 378 330 962 678 361 443 260 334 95 375 812 357 404 440 311 824 86 55 674 911 826 946 425 656 469 294 692 80 705 54 782 143 323 308 402 517 244 423 218 285 1000 639 436 993 823 938 30 680 278 203 403 111 5 582 568 424 115 160 623 900 330 822 281 644 993 516 614
298 687 397 492 42 31 738 626 141 528 844 813 756 727 438 349 71 416 98 346 836 34 166 519 781 257 87 189 43 546 911 55 891 137 615 870 258 206 107 318 234 717 79 258 974 525 464 813 829 621 436 524 301 385 330 58 802 698 420 367 517 647 577 935 368 597 865 393 522 710 202 140 484 177 427 583 564 419 641 523 386 947 924 708 351 567 757 780 391 633 89 154 556 71 486 152 636 25 968 936
60 796 587 193 996 308 730 222 633 39 108 121 916 643 586 64 426 650 571 837 968 156 443 508 747 883 163 662 394 260 960 392 75 565 949 270 410 456 297 351 587 428 920 348 987 337 546 769 302 590 147 231 558 753 804 383 961 956 343 979 158 145 676 667 460 998 579 560 841 402 907 890 529 332 833 575 936 548 878 776 238 328 560 140 553 904 55 526 258 180 299 302 657 329 468 708 207 120 311 74
814 461 756 629 672 519 363 543 601 689 397 284 633 321 633 979 975 736 787 889 55 393 663 388 991 593 552 976 667 980 807 253 36 592 804 548 139 795 228 184 889 109 505 241 206 925 754 860 166 864 694 618 279 263 910 700 142 942 341 489 876 519 199 191 52 771 183 286 775 302 292 495 774 834 609 581 763 504 264 285 243 309 12 205 175 177 251 235 638 112 959 611 322 406 905 245 511 423 802 801
781 310 693 609 279 791 436 282 593 698 398 764 274 57 501 470 973 194 255 929 2 997 87 350 365 488 723 831 237 714 549 125 865 312 643 739 107 803 867 734 54 752 623 417 527 4 667 779 902 504 563 397 269 4 53 408 802 851 368 395 70 168 821 81 62 251 722 753 61 438 820 848 930 853 309 701 153 657 102 761 352 162 290 133 925 422 218 293 243 747 674 769 676 219 781 537 60 925 91 451
721 288 974 221 999 488 100 345 17 194 558 274 138 208 531 957 877 932 868 983 211 903 933 571 370 110 977 837 40 603 644 880 986 446 556 862 438 687 248 545 911 491 956 334 411 439 667 994 816 788 754 587 28 156 44 64 634 730 685 452 699 831 111 71 674 596 243 362 197 972 944 292 305 945 59 743 425 616 662 289 963 993 540 858 463 174 96 799 844 458 960 706 786 304 230 261 176 26 172 996
382 682 373 410 288 24 987 523 667 147 661 421 282 762 977 806 337 682 497 180 675 865 51 840 128 703 371 731 321 945 0 777 827 580 358 548 169 427 697 527 155 432 908 616 608 349 660 500 348 776 669 74 671 68 287 761 127 881 693 282 463 327 285 99 715 150 139 371 951 86 524 310 826 442 416 700 411 586 113 986 843 580 732 581 591 236 285 496 902 224 753 93 487 188 851 478 755 696 134 946
537 368 759 96 334 541 232 919 505 188 440 278 718 33 338 147 518 36 425 563 535 971 390 345 413 779 361 267 833 402 325 428 541 20 109 937 800 46 751 263 186 959 112 245 155 969 481 162 876 941 872 981 69 444 647 523 66 520 275 606 237 886 359 407 247 104 36 856 470 755 890 374 863 814 0 58 527 239 386 618 199 802 859 670 485 742 367 432 942 9 56 460 267 28 25 391 598 55 507 774
264 699 570 522 74 799 515 446 568 810 800 6 913 245 235 647 391 272 225 915 922 708 445 938 281 726 619 771 729 426 710 316 54 36 906 730 856 378 667 255 86 568 194 728 309 484 675 654 830 585 286 512 989 714 653 574 969 8 972 205 36 390 682 16 726 926 550 505 695 120 618 129 884 463 128 912 312 128 948 923 384 299 268 423 412 391 180 369 64 876 671 138 997 10 58 189 798 452 742 491
631 979 264 59 39 169 644 560 318 29 363 798 721 257 985 666 245 231 912 451 235 779 311 726 383 598 661 621 1000 859 663 360 460 530 246 654 970 256 107 517 453 878 17 996 804 979 971 317 662 963 831 229 733 764 500 43 373 774 361 292 118 103 233 5 245 276 845 970 864 731 433 387 307 995 800 104 125 524 89 779 377 558 443 422 523 388 885 377 582 436 80 199 519 77 782 812 767 793 547 11
218 262 809 685 976 894 431 690 976 867 964 206 1 992 254 988 950 192 992 201 876 734 223 72 118 761 163 276 904 354 70 934 210 336 13 804 195 356 226 92 187 712 453 766 610 153 301 188 91 293 20 100 184 882 687 541 237 256 494 35 594 109 368 494 794 338 60 302 77 628 590 993 42 740 875 719 900 114 778 621 458 725 336 802 858 439 474 925 94 865 673 995 624 178 55 203 903 74 89 351
299 758 866 858 280 591 570 569 331 786 524 298 59 461 362 331 202 936 721 762 687 947 791 305 120 698 250 910 141 924 87 985 432 348 577 349 698 618 456 983 565 680 102 215 353 749 757 248 980 409 23 545 446 167 985 78 703 485 956 910 19 68 396 679 630 848 613 568 804 99 969 218 790 824 477 201 3 662 470 424 378 164 253 222 215 885 966 502 950 578 648 543 979 711 689 17 857 955 827 381
938 406 27 290 358 741 618 826 398 382 359 299 428 223 383 675 181 138 878 345 74 215 770 552 246 733 852 567 758 521 975 318 926 739 341 982 116 386 804 872 225 269 703 327 729 587 933 257 144 620 763 500 478 769 506 981 965 197 660 429 141 420 864 10 898 936 873 610 613 311 702 95 492 966 657 52 162 235 811 976 741 926 868 428 424 73 998 719 395 478 79 460 218 418 725 330 215 838 707 839
58 186 496 890 72 999 448 675 420 772 138 7 16 210 852 498 322 597 386 901 760 307 674 207 299 658 126 551 745 109 50 439 50 103 632 116 347 350 463 253 899 463 32 591 622 872 681 247 722 256 870 496 613 502 596 170 685 41 70 883 688 117 956 840 172 129 977 126 915 818 959 957 572 412 556 29 243 977 521 135 187 162 183 243 832 191 191 215 549 619 245 28 201 378 996 913 458 996 467 135
454 122 285 719 414 340 454 946 445 890 343 860 742 732 755 195 352 603 469 857 62 524 352 648 595 690 878 930 957 810 131 429 301 138 82 66 981 932 701 434 239 914 886 103 402 595 875 901 693 489 953 651 109 465 335 525 657 770 918 793 200 927 843 473 925 565 527 657 808 162 688 216 440 228 337 467 697 727 941 343 22 436 653 146 892 511 234 665 357 536 787 227 13 364 327 382 233 715 512 481
998 78 613 612 449 571 538 708 30 555 792 49 384 262 732 956 151 482 885 255 43 191 460 732 264 613 165 832 37 595 376 949 201 186 241 260 710 658 386 5 930 445 490 143 405 905 902 281 971 450 619 586 840 869 817 45 186 295 26 503 215 453 877 234 888 239 963 925 384 198 118 185 229 812 578 795 76 857 530 642 369 196 628 703 689 283 303 679 515 232 629 472 446 650 322 694 464 953 796 328
707 457 478 571 952 67 383 230 116 284 457 223 657 208 63 899 660 791 191 769 45 327 226 734 237 883 734 409 729 504 74 223 876 936 322 445 679 410 383 423 251 563 603 176 732 331 618 620 597 622 301 722 993 510 830 845 766 780 126 789 12 716 322 86 759 343 848 264 376 677 733 642 906 229 690 680 231 569 621 532 691 46 892 398 59 598 853 678 456 207 341 630 504 824 570 836 825 51 151 296
205 992 232 667 124 604 134 427 206 166 356 892 204 285 729 188 764 159 931 554 275 218 781 386 33 131 615 258 878 501 767 194 812 561 590 295 706 166 467 395 59 618 260 95 894 433 886 52 817 400 309 877 648 464 18 852 957 683 991 18 78 153 616 44 605 216 780 776 669 8 634 648 411 453 609 487 504 704 423 553 727 887 694 495 294 340 32 397 60 810 227 369 530 784 666 604 706 840 530 596
546 832 440 306 583 871 229 187 205 697 919 954 887 245 643 333 462 23 498 589 909 502 292 667 324 549 532 240 130 282 800 81 1000 308 463 544 202 139 264 125 530 946 194 633 436 737 572 310 971 178 963 830 971 164 432 998 99 789 93 328 168 203 396 277 157 811 908 595 780 282 301 117 453 416 115 844 195 268 4 272 967 582 950 365 981 449 884 300 587 219 157 832 295 323 468 143 220 853 649 553
836 64 412 586 928 810 104 802 701 902 156 602 438 48 841 910 336 149 830 952 608 393 597 646 811 847 90 372 608 194 346 780 949 98 932 61 873 864 494 826 587 467 242 561 347 137 495 550 425 952 856 730 28 630 248 132 378 972 465 212 555 156 380 110 629 551 58 498 105 41 411 463 821 141 806 893 50 392 226 399 62 352 214 448 819 505 834 961 177 359 243 2 24 728 486 955 603 127 485 167
672 889 971 464 904 534 822 239 673 986 898 354 304 401 157 331 361 820 160 19 180 956 960 968 155 923 7 629 20 937 869 262 383 45 759 303 525 622 559 353 372 10 285 525 161 353 47 129 107 891 364 793 661 330 833 179 192 885 769 74 798 462 495 498 92 617 95 770 318 292 964 935 392 409 568 448 196 172 815 114 811 829 731 772 591 375 218 418 477 148 640 904 556 186 726 338 937 460 365 290
210 187 76 736 636 987 705 921 374 155 697 291 600 309 412 509 902 79 554 446 550 256 125 307 516 19 509 829 279 59 715 553 607 822 314 495 524 999 687 45 57 42 326 792 578 331 447 135 610 730 415 953 933 474 398 166 228 488 364 730 293 362 298 289 500 829 971 187 703 561 746 810 139 980 639 970 717 968 199 439 717 791 652 913 556 815 124 349 12 504 399 748 589 243 186 252 661 640 457 792
884 325 867 199 425 77 631 668 691 139 496 435 1000 437 259 953 888 689 391 433 70 270 588 432 786 494 127 132 882 929 320 544 493 514 26 660 331 942 490 597 168 499 422 801 723 770 643 220 380 257 534 450 768 596 218 245 313 461 37 561 757 230 521 101 56 369 485 346 12 668 556 183 215 694 104 771 436 507 332 736 985 383 777 120 84 965 165 77 44 167 389 828 625 380 215 206 801 440 650 279
152 984 371 941 403 689 981 745 241 555 935 708 726 815 838 290 271 768 68 126 770 853 217 474 80 315 679 786 147 736 235 539 582 306 396 635 799 25 324 979 688 634 98 919 569 727 155 840 285 364 555 566 432 928 708 200 161 272 658 880 990 139 192 379 946 425 697 769 681 544 667 532 937 519 519 319 323 755 105 921 80 737 971 706 754 983 16 395 228 86 777 770 755 617 470 738 608 777 126 569
958 142 407 939 405 690 261 497 726 697 961 115 621 314 214 817 734 688 163 457 1 984 596 356 145 365 184 811 287 448 826 515 310 285 973 789 240 597 838 942 915 220 841 994 806 354 925 65 966 81 351 526 55 136 575 421 59 686 288 486 575 210 851 852 793 3 894 547 399 455 49 587 59 148 139 177 734 920 855 966 861 257 189 694 86 786 860 225 989 242 624 416 208 757 355 736 317 811 89 815
421 359 954 578 646 797 146 211 423 742 740 489 745 836 181 965 769 365 921 635 179 967 601 667 251 565 617 96 209 281 215 113 629 649 328 887 689 10 409 233 916 107 670 845 932 733 562 616 940 151 137 5 617 92 74 909 550 79 772 774 772 612 42 958 429 877 595 817 504 819 968 171 676 556 689 758 596 680 696 720 776 72 345 507 105 836 677 818 941 532 373 3 978 655 215 772 114 217 935 564
999 988 144 241 498 569 360 853 497 951 528 798 407 801 74 466 197 507 538 230 324 565 498 679 648 636 986 536 159 545 970 469 217 599 113 786 747 360 657 211 615 9 819 815 327 596 243 171 652 880 104 62 430 382 610 776 840 849 507 857 50 211 691 905 630 301 855 42 234 643 805 49 54 232 302 545 343 923 455 33 808 610 311 782 600 296 174 641 615 386 752 762 871 699 832 110 731 701 793 150
832 869 405 75 468 276 150 301 906 241 635 807 733 928 930 214 782 863 68 476 693 705 386 541 340 378 303 801 984 379 766 466 863 310 184 786 711 285 949 784 360 426 260 454 419 583 347 599 522 680 108 374 833 828 881 748 585 0 839 677 385 985 999 247 343 192 589 759 571 442 288 482 185 577 784 630 342 487 830 666 391 466 991 773 680 229 854 337 261 247 510 820 505 788 349 411 806 235 742 912
493 733 347 56 902 851 532 281 233 907 840 654 660 631 708 650 959 918 700 377 697 780 452 353 282 625 512 561 765 263 72 850 996 100 649 161 772 521 706 954 621 217 662 298 47 721 22 672 471 236 218 82 65 441 873 437 315 88 186 508 838 625 411 740 193 147 584 964 590 94 183 652 993 896 320 48 995 486 521 482 26 284 416 919 558 750 468 340 451 764 863 383 803 834 60 210 29 831 588 761
705 483 369 462 727 233 301 470 763 732 664 892 940 735 790 678 514 256 708 515 43 693 445 923 105 199 190 299 900 734 852 230 591 666 485 342 314 149 817 547 290 495 505 407 625 622 178 313 536 923 851 66 97 465 473 689 808 159 770 325 691 907 508 362 72 1000 984 50 448 36 532 392 885 588 245 462 225 564 527 739 422 803 243 874 937 776 700 445 85 284 508 308 898 74 598 390 220 474 76 978
561 393 637 524 308 104 225 116 175 558 775 647 207 83 790 419 18 651 578 720 911 38 6 626 583 131 17 195 350 946 863 221 137 949 912 971 945 568 427 836 107 307 972 292 225 817 602 300 672 634 505 682 979 814 259 142 364 418 850 104 194 175 936 25 507 300 170 62 326 795 488 810 543 876 802 344 680 870 691 490 635 349 749 575 545 250 99 426 192 367 202 237 171 704 152 18 3 758 697 4
6 777 49 732 496 840 5 389 746 500 401 853 412 679 924 188 862 901 649 668 193 205 108 722 437 786 614 874 825 368 775 466 594 159 252 257 604 550 672 867 325 709 631 115 37 965 226 454 807 218 290 406 508 353 319 733 256 860 163 63 270 951 282 406 10 727 620 303 219 551 935 584 85 631 897 836 838 303 378 243 857 441 336 623 86 82 665 380 676 29 637 499 179 706 410 506 67 524 664 144
882 427 483 4 729 161 273 68 743 702 698 5 779 855 975 571 41 997 553 19 438 314 33 144 514 46 766 54 488 548 413 180 815 121 986 709 35 90 377 298 108 777 754 737 948 174 543 751 95 490 33 467 219 20 205 899 694 285 754 767 918 879 714 428 875 902 459 280 927 223 122 265 328 100 29 195 123 595 261 420 38 861 392 516 28 295 4 369 599 885 331 892 697 11 901 684 297 823 286 77
283 574 650 130 873 317 489 819 34 713 655 0 504 468 691 345 458 502 995 761 261 595 731 751 767 354 742 851 980 673 241 485 876 850 51 896 568 92 468 653 675 445 76 516 417 479 177 878 896 330 839 713 350 840 863 75 292 113 413 435 994 717 900 864 196 40 725 25 270 800 64 507 793 367 36 187 789 575 652 139 576 518 642 868 817 734 646 344 16 252 122 897 56 674 191 841 677 346 485 560
821 776 17 882 556 364 510 825 965 126 198 356 278 260 783 117 378 50 336 150 539 139 210 555 537 577 422 773 643 458 117 15 21 594 550 839 147 894 395 812 120 144 196 476 913 510 393 475 35 750 846 478 285 409 904 742 932 207 804 944 631 449 346 783 901 942 939 319 235 679 946 628 271 762 552 578 337 609 612 983 123 60 926 970 73 647 283 837 268 97 502 188 155 984 838 629 157 24 201 92
969 195 827 406 860 613 45 356 649 968 239 901 874 711 70 837 402 128 397 536 319 230 431 938 342 437 520 462 960 861 775 32 267 989 670 340 793 589 845 698 282 245 105 152 138 907 553 831 231 422 372 716 890 26 982 675 532 182 918 965 386 289 240 564 649 768 811 851 251 541 260 888 739 984 147 104 766 158 486 910 130 834 738 510 783 668 533 143 341 686 912 969 79 226 35 817 135 6 765 276
698 129 536 507 12 256 602 446 340 998 115 367 304 156 220 251 826 231 481 175 376 284 205 536 788 840 425 616 377 805 626 279 741 734 396 871 324 670 345 460 839 228 204 494 518 141 16 111 604 439 311 555 817 842 69 791 143 82 759 762 96 100 137 853 850 833 12 29 935 370 584 279 705 363 831 62 939 885 48 653 628 551 773 750 563 783 307 598 347 637 648 185 497 85 721 225 786 16 350 16
21 151 51 445 786 500 192 730 956 355 782 206 854 706 742 596 169 845 468 331 88 946 975 851 956 855 485 388 687 965 419 128 49 531 978 72 136 104 484 537 122 928 312 609 979 977 221 721 960 354 191 739 667 508 151 3 93 298 141 974 180 11 883 210 751 297 97 137 849 743 273 720 206 886 934 207 950 883 169 235 999 644 591 381 638 50 279 441 138 303 252 634 509 340 586 637 853 348 344 854
571 17 439 682 502 165 218 374 381 13 883 465 426 392 531 422 598 780 207 399 215 174 738 409 480 600 362 628 224 729 732 617 77 677 103 988 477 933 723 349 876 673 673 552 125 710 985 789 6 286 953 402 641 473 756 524 830 18 921 838 671 254 178 262 229 520 533 468 459 470 732 22 813 348 662 176 642 61 14 506 224 913 343 577 150 539 733 628 652 353 595 253 199 342 180 547 411 131 221 229
925 881 459 178 551 77 393 671 672 43 785 821 28 541 617 455 937 103 767 731 236 68 367 452 277 592 113 825 549 687 398 151 823 374 660 624 436 288 795 35 562 896 7 381 267 423 961 497 832 776 803 837 391 111 828 240 190 15 229 0 247 475 634 803 772 443 360 661 729 504 25 122 570 153 831 994 377 846 354 371 671 593 113 616 691 776 436 827 303 460 11 209 64 684 404 11 635 81 896 627
806 272 592 925 80 672 867 820 492 406 960 49 438 927 288 334 69 903 165 146 788 23 585 645 97 543 978 682 89 24 584 931 2 855 249 30 948 788 748 198 567 647 383 576 437 818 133 676 120 963 947 636 600 528 93 102 783 959 593 365 624 962 401 883 173 357 183 181 206 552 708 424 521 431 3 294 627 455 660 371 757 858 256 607 612 333 117 241 271 19 239 758 751 824 252 79 469 50 392 292
934 967 843 198 51 767 695 772 847 103 910 992 108 27 940 380 581 125 41 828 831 499 230 910 276 939 706 833 314 242 908 64 602 173 764 88 555 765 650 270 436 98 468 670 778 147 301 322 673 355 868 123 423 357 880 523 735 389 428 377 235 155 629 506 857 188 284 203 987 731 440 500 667 802 296 461 884 490 86 725 913 170 923 261 635 238 561 711 170 330 355 707 143 535 572 487 586 907 321 59
993 473 731 39 865 85 16 496 247 768 692 186 626 511 259 749 196 39 879 807 578 203 174 954 25 851 403 524 369 88 440 84 151 412 10 901 152 939 3 177 365 596 772 541 131 197 499 657 342 533 559 610 69 429 614 764 544 696 826 740 916 14 798 903 348 90 882 825 271 240 445 147 772 969 254 704 295 2 993 750 318 789 223 643 705 295 54 851 45 431 168 578 182 18 557 246 570 510 141 762
307 395 957 948 562 781 224 392 22 381 323 364 698 129 500 490 478 682 431 189 734 628 842 931 826 529 37 396 947 323 273 873 553 238 608 213 349 925 831 667 245 405 666 875 388 375 181 838 39 622 264 31 653 114 771 818 153 798 764 922 47 145 549 436 607 668 576 817 410 251 90 656 932 189 790 290 951 638 88 506 213 211 502 271 196 418 581 716 213 590 105 56 301 679 162 465 693 973 499 488
115 759 543 198 212 875 442 798 544 775 252 348 203 576 51 832 568 689 914 686 561 99 458 978 845 431 190 258 654 892 967 394 542 40 739 160 800 929 747 900 562 346 901 346 64 531 204 303 739 102 184 317 17 350 970 848 324 646 688 265 956 733 956 338 975 492 216 205 185 702 345 423 632 191 714 505 122 561 400 25 609 503 1 476 937 29 598 711 491 260 231 863 333 823 355 756 859 46 850 111
738 820 444 618 873 236 944 664 136 464 34 996 358 36 201 268 915 804 506 309 442 943 983 748 332 875 78 376 504 574 702 207 671 483 591 256 76 872 662 591 94 974 393 386 276 57 99 3 126 130 464 634 344 166 142 591 60 445 923 481 47 787 687 850 464 748 224 605 117 960 369 508 620 622 671 549 935 419 520 957 710 290 919 236 656 266 545 45 27 890 361 480 443 239 678 551 753 976 313 861
267 400 621 462 358 900 549 538 313 478 635 755 345 841 396 234 789 463 916 596 680 965 152 266 671 910 551 238 12 925 312 135 216 740 212 602 404 493 563 545 836 838 710 949 10 513 331 711 442 360 210 778 848 640 724 828 603 597 481 216 512 544 111 723 681 244 475 816 302 169 198 737 615 53 902 452 190 923 479 508 435 846 789 14 503 972 183 304 420 561 896 839 721 431 733 251 298 734 934 272
425 538 557 136 183 506 585 915 404 204 639 792 911 823 718 718 217 134 982 763 82 125 733 881 866 260 531 948 743 675 187 149 996 671 427 892 144 381 75 886 990 188 702 139 3 745 306 423 817 199 244 161 696 620 75 427 997 408 236 692 611 293 361 677 403 608 839 901 701 474 39 490 649 696 398 149 881 476 804 725 565 156 338 747 365 37 83 421 119 602 584 126 168 963 216 164 117 407 610 670
659 214 454 301 162 830 60 81 599 301 110 860 19 163 268 29 413 381 988 573 151 116 674 795 849 903 67 982 125 538 432 394 604 293 667 888 850 149 22 377 670 892 83 656 790 983 431 987 969 121 927 817 241 852 73 129 278 84 343 421 470 609 994 975 862 720 596 258 627 566 388 413 817 65 805 280 543 304 628 880 423 653 626 122 447 29 684 646 481 155 790 865 201 895 200 979 263 286 449 564
640 866 694 524 187 294 380 281 210 910 6 87 665 895 663 835 950 570 269 591 980 565 853 368 364 456 154 569 782 604 952 916 210 963 812 678 140 462 614 464 575 178 163 579 134 824 770 445 177 513 906 214 696 491 208 561 521 725 248 839 211 889 51 168 99 459 634 471 364 767 966 231 436 822 141 667 971 210 717 109 892 498 856 168 680 548 949 472 928 724 109 969 982 812 349 390 621 516 816 338
891 858 865 237 314 816 9 707 955 38 25 128 338 420 616 760 429 705 558 301 462 134 504 436 831 131 881 795 546 199 476 411 107 275 351 296 553 887 176 948 888 886 765 244 211 232 159 848 301 745 755 261 604 822 176 3 773 986 724 186 331 298 554 378 589 94 222 144 627 371 10 608 607 585 656 962 762 139 95 612 66 214 693 589 983 526 125 236 571 180 852 302 397 333 177 824 727 167 730 334
224 523 76 651 913 125 124 247 350 482 751 107 455 22 566 28 839 562 22 163 784 224 354 329 447 404 475 959 467 441 115 287 893 390 443 804 98 428 82 723 771 278 806 705 664 675 900 535 149 68 69 612 664 307 828 686 99 648 725 214 607 685 55 652 364 396 542 804 519 472 46 922 376 91 546 8 122 214 330 729 666 674 433 199 990 329 484 663 509 220 686 213 201 727 475 446 262 405 512 718
857 271 178 267 71 243 236 278 918 236 936 626 453 309 836 681 917 147 985 353 116 450 949 217 283 420 876 722 336 21 480 588 442 731 265 314 521 502 914 205 227 120 204 482 837 70 470 997 638 413 157 525 726 848 178 671 339 592 609 218 34 357 674 385 248 197 448 37 332 84 868 460 488 929 458 749 725 7 226 305 781 465 237 341 726 898 867 885 518 73 134 374 939 722 92 294 840 805 229 631
902 211 837 153 126 910 888 705 374 993 267 725 386 282 658 829 311 166 966 61 920 805 406 776 466 217 774 580 518 556 105 515 489 584 48 665 897 582 442 536 774 721 578 795 275 218 562 460 434 311 453 697 544 443 917 30 76 890 208 305 148 316 490 572 27 585 699 256 532 467 203 381 289 480 614 769 429 193 569 277 768 667 810 828 805 13 586 726 302 460 263 751 457 231 60 889 875 250 631 232
43 93 476 557 111 751 639 350 958 184 195 241 282 5 755 400 816 43 109 417 538 991 26 832 62 868 400 86 244 333 920 385 554 354 740 37 768 361 283 88 737 291 869 659 182 130 923 650 999 150 126 521 898 230 711 762 800 91 535 890 642 557 388 997 858 125 151 992 625 60 762 919 485 346 405 763 176 821 756 645 6 77 138 704 966 182 585 389 851 390 596 714 662 557 534 185 564 262 3 568
225 292 215 39 197 196 139 805 681 802 260 625 74 123 280 86 295 860 614 110 28 634 831 397 849 683 543 816 897 311 427 115 926 247 624 284 628 591 856 633 106 386 626 78 110 352 615 660 358 704 9 279 734 623 260 934 527 426 52 60 426 347 732 421 719 790 626 937 717 316 951 646 172 289 629 736 61 333 201 895 53 804 202 929 818 444 604 915 391 261 660 709 161 853 304 637 436 595 872 680
440 12 316 146 387 384 243 451 731 873 895 131 50 259 135 954 618 414 159 178 1000 46 405 169 716 100 247 704 281 210 301 8 593 490 218 453 969 196 747 585 201 792 295 761 683 674 541 833 976 967 732 67 358 959 633 693 202 189 671 436 890 753 639 939 120 573 31 605 362 327 59 698 480 151 724 239 265 726 318 64 704 160 295 822 319 882 833 508 354 539 153 196 348 31 290 832 840 400 230 953
22 461 74 609 948 683 992 80 410 707 770 875 534 451 861 421 442 427 876 799 917 459 509 66 130 186 41 272 956 57 749 743 995 9 759 782 314 81 842 599 863 754 706 665 744 416 116 226 751 899 824 840 813 976 123 516 928 508 760 952 964 775 686 690 593 305 566 933 619 84 348 373 583 109 446 37 393 907 2 474 57 404 660 775 520 547 605 384 955 542 101 115 805 68 136 154 613 775 986 532
939 246 196 42 477 377 587 696 215 374 309 379 6 363 603 271 685 240 398 32 272 26 633 931 895 977 152 421 830 856 469 687 86 535 450 595 34 264 968 810 852 470 814 207 868 806 480 575 999 233 471 63 529 306 26 187 742 973 896 164 382 694 294 195 650 904 528 687 849 554 269 487 446 318 96 766 168 171 479 971 664 389 734 490 619 274 956 114 683 118 436 843 898 296 27 103 907 416 506 237
858 485 474 637 104 304 746 15 789 604 780 125 186 161 315 486 523 848 291 236 368 31 949 795 242 71 188 134 620 315 583 87 779 981 280 430 161 667 619 961 339 146 64 581 669 28 774 777 389 576 341 197 758 412 116 949 716 372 237 686 885 137 93 229 68 751 887 488 41 211 972 666 860 659 474 266 738 515 267 251 221 591 705 856 425 21 958 876 44 155 849 326 953 111 91 919 538 319 315 341
815 186 331 499 259 365 743 29 231 846 376 908 125 719 925 508 641 868 559 626 319 806 615 390 616 664 487 171 790 481 271 390 217 767 74 501 187 897 755 869 353 474 202 665 525 530 722 667 46 11 264 720 161 410 306 743 67 783 65 149 174 533 92 476 415 453 803 532 134 743 391 861 784 696 935 741 732 355 527 360 534 77 583 714 732 131 355 874 961 351 392 449 23 310 573 621 465 522 105 194
430 282 725 0 383 894 182 568 252 192 800 561 456 710 999 476 506 882 517 151 749 257 878 185 108 841 398 944 889 211 905 623 455 766 220 306 369 510 699 408 747 72 691 256 246 746 674 748 55 752 962 123 837 495 200 759 566 175 308 685 308 545 617 838 978 900 747 242 304 328 144 497 97 424 724 791 789 309 75 737 768 920 446 389 907 925 762 42 362 682 930 835 816 9 426 683 838 845 689 947
63 515 496 544 233 931 116 475 362 26 701 808 677 367 170 4 486 463 776 307 75 360 519 927 786 72 825 895 666 77 618 959 805 353 772 503 417 164 922 692 60 821 747 803 726 110 624 177 2 5 767 233 690 792 216 410 501 45 756 627 617 537 211 924 461 673 840 264 923 116 558 916 847 397 686 135 402 984 766 588 482 20 465 596 368 856 257 304 79 702 21 21 742 358 390 722 384 668 883 879
874 472 708 89 640 279 268 766 58 248 922 417 109 964 468 253 320 298 197 607 693 582 524 131 862 797 487 93 105 880 914 584 469 861 178 112 970 504 817 741 657 213 108 417 626 182 989 439 467 532 518 315 853 354 922 977 395 354 651 510 585 832 430 369 937 699 105 790 15 715 909 505 281 967 826 852 574 447 574 685 998 449 494 206 459 454 776 774 38 747 816 749 333 373 161 992 647 452 676 332
239 153 429 136 362 76 814 902 630 818 42 736 189 995 148 791 212 126 782 14 842 266 464 863 350 667 643 951 334 549 876 864 393 480 240 330 885 846 116 142 27 49 334 685 443 400 83 234 981 729 474 703 738 632 157 862 939 476 9 626 540 175 120 571 867 338 310 894 61 534 692 493 237 44 420 354 739 911 431 413 198 813 138 165 55 875 608 862 802 718 77 889 390 511 368 233 370 515 546 36
499 739 321 154 197 87 678 24 439 450 189 710 979 643 422 508 302 745 610 237 16 601 997 653 112 322 508 515 924 508 322 164 100 283 142 351 285 787 974 137 162 774 735 22 62 460 808 67 798 495 312 240 995 924 205 267 533 870 368 393 219 64 604 934 939 779 505 406 982 220 812 693 547 571 179 319 284 735 469 534 613 241 309 280 314 208 429 73 503 154 947 38 678 997 12 976 442 194 56 297
195 61 193 376 750 554 532 654 991 758 600 946 761 124 730 790 483 433 63 55 99 174 273 697 173 561 5 10 922 639 697 66 546 781 537 243 179 189 851 694 580 222 192 26 975 14 256 144 879 326 752 234 770 974 807 16 362 62 272 360 120 258 817 296 437 37 276 633 869 774 894 469 583 378 556 572 894 900 235 523 966 505 414 302 109 553 418 92 40 566 279 852 239 402 524 724 304 840 835 919
780 474 510 924 962 926 22 920 470 373 884 484 912 931 337 543 311 311 968 472 746 523 262 157 276 839 973 81 348 581 863 546 290 78 79 841 822 692 215 771 412 631 246 398 661 97 632 45 739 732 832 861 801 60 340 667 942 223 243 112 769 835 562 671 10 640 126 252 30 454 338 575 943 911 113 117 664 467 414 251 146 212 782 724 284 40 283 266 248 591 168 831 892 3 48 339 732 564 623 365
327 173 741 237 347 775 345 277 874 55 257 244 529 810 148 433 915 901 394 790 368 34 366 768 482 764 440 192 953 608 643 634 866 646 573 631 753 738 709 691 222 953 737 603 841 784 11 532 554 613 675 126 348 946 787 14 838 741 476 433 284 175 701 149 124 207 974 303 790 522 773 828 742 829 127 797 919 78 400 224 54 796 200 257 354 655 331 902 220 202 544 223 394 649 537 147 297 500 501 795
277 385 457 913 229 972 824 673 5 298 360 792 180 946 593 61 989 394 27 794 857 435 811 782 189 483 38 220 992 2 403 931 43 46 623 219 224 437 886 586 29 445 996 197 395 132 845 107 65 609 423 316 937 474 279 263 599 265 24 83 398 86 504 846 562 907 879 645 95 166 211 584 440 485 616 581 732 650 788 284 726 505 510 301 908 860 130 426 58 328 515 522 784 966 83 889 34 767 452 508
116 148 544 400 23 179 465 809 665 310 266 157 375 162 186 539 665 285 262 881 767 318 141 729 508 709 227 986 270 220 783 847 616 143 782 762 970 157 385 137 215 518 699 171 967 14 682 586 68 427 32 149 887 543 722 349 443 885 283 784 722 430 494 206 8 511 430 463 271 413 736 90 857 349 769 480 214 113 508 948 700 995 912 909 798 819 71 306 254 703 689 315 695 387 988 279 540 105 343 406
727 470 8 352 244 961 501 225 468 102 431 49 91 554 362 574 237 53 315 178 907 960 794 768 361 93 816 884 992 359 462 925 83 47 88 645 195 423 608 940 51 330 214 197 774 660 721 929 920 229 760 773 848 561 422 745 14 548 976 254 900 366 255 877 227 52 398 588 40 955 15 611 476 270 578 819 982 317 232 361 800 821 655 113 762 920 574 873 300 209 435 26 919 727 905 406 867 317 673 617
94 622 589 204 851 750 259 915 872 621 964 13 796 536 179 993 308 460 227 302 385 95 541 176 292 571 990 363 599 967 391 620 293 722 718 556 445 86 996 862 786 792 78 457 438 380 334 208 974 508 378 521 646 46 654 851 957 765 556 181 84 372 361 453 485 607 315 112 100 204 96 267 288 742 126 240 818 77 7 479 924 407 141 454 460 46 980 386 178 96 197 978 935 708 660 337 604 813 982 911
494 875 710 358 961 888 738 132 296 286 778 607 44 453 907 824 334 922 403 894 345 175 790 149 693 109 811 4 22 573 315 783 176 464 685 553 400 312 550 391 761 277 57 4 773 257 289 686 718 575 283 633 587 685 782 55 939 989 204 736 665 916 699 634 829 570 308 394 186 687 386 406 175 935 10 989 262 271 502 774 812 809 530 210 483 792 763 397 516 148 139 56 257 253 733 156 698 530 29 590
280 81 779 921 184 591 338 587 511 410 718 814 45 829 633 557 673 60 993 866 347 739 634 775 339 498 801 700 30 502 391 20 700 110 652 503 589 43 830 85 655 423 405 712 148 129 937 255 988 205 229 925 639 835 585 337 724 313 509 818 883 550 837 746 588 983 792 336 730 944 337 75 199 51 949 351 909 867 117 946 756 748 907 152 413 58 810 719 454 257 526 461 859 294 995 856 331 874 956 504
586 650 973 52 549 115 42 148 642 500 972 672 71 760 50 492 856 656 820 570 760 717 106 945 96 685 301 701 467 376 715 724 326 264 358 626 843 695 198 128 983 37 273 154 914 720 434 224 334 320 532 87 341 62 490 661 568 665 550 355 200 368 971 576 908 79 388 499 483 496 734 339 628 652 451 362 94 941 593 842 785 61 167 762 972 49 607 727 369 818 239 644 175 597 111 555 547 57 325 108
552 620 868 835 734 362 744 289 655 214 724 831 846 370 184 551 830 754 823 775 784 585 427 606 596 691 623 620 12 465 977 296 637 841 708 840 928 578 530 829 873 679 683 181 450 770 703 513 132 906 542 162 922 223 330 397 270 512 292 705 562 420 593 183 748 539 924 57 145 505 56 423 859 802 578 645 842 755 661 572 680 26 786 289 903 427 448 299 800 500 561 827 473 820 523 119 172 582 800 199
562 698 750 749 823 454 702 888 322 279 781 204 403 616 139 962 1 382 922 398 189 199 142 722 267 736 71 340 6 428 35 241 156 936 344 138 581 408 236 33 128 385 205 312 461 130 774 732 606 892 635 302 657 152 776 74 790 635 709 918 273 904 469 216 973 625 955 639 446 39 154 550 636 503 663 450 109 278 124 939 619 744 477 933 621 566 787 170 354 862 841 937 966 754 844 761 147 686 987 202
161 654 116 328 128 710 23 982 519 320 790 822 859 380 176 133 426 751 973 147 591 685 927 538 413 731 987 956 619 324 934 907 984 395 785 757 554 907 491 724 228 251 116 98 884 813 979 202 945 344 931 720 421 171 325 672 342 327 911 143 407 150 838 813 659 86 260 853 689 955 991 218 614 148 399 550 981 511 115 245 968 63 824 914 2 237 708 598 228 873 332 118 74 301 110 631 339 754 237 18
166 228 46 728 235 843 418 938 20 19 743 446 539 557 235 182 566 986 507 471 839 122 525 949 16 940 510 508 559 523 786 513 501 10 572 45 673 663 344 125 507 416 742 759 816 459 752 362 409 848 599 638 19 884 161 332 505 253 343 765 555 158 797 659 471 775 691 197 296 745 508 564 485 597 30 525 364 184 93 313 721 935 765 247 257 127 880 28 114 550 52 157 524 388 957 528 143 67 92 696
682 117 729 337 206 24 886 579 117 242 511 480 46 131 261 432 73 763 55 823 234 91 848 290 979 506 893 788 203 511 939 262 348 250 61 303 28 209 164 976 701 31 319 832 545 272 600 645 559 191 155 718 633 697 910 931 444 242 572 81 421 850 89 812 920 104 761 169 981 772 296 437 194 577 166 260 528 642 576 254 313 788 801 421 486 183 544 401 923 342 815 172 582 626 192 708 397 180 189 81
578 92 764 938 479 199 339 577 227 364 46 677 714 58 340 748 206 323 214 480 56 501 922 809 950 361 67 942 723 66 660 495 413 662 369 265 70 677 661 797 329 185 478 236 483 1 26 829 696 618 144 692 251 941 861 472 944 423 551 111 798 445 233 287 58 195 347 308 629 135 839 319 960 676 974 657 166 52 510 796 509 579 161 231 895 369 383 733 210 162 184 349 87 475 166 147 684 373 523 379
325 177 278 977 862 698 842 754 872 346 207 368 758 353 317 722 800 703 815 255 623 505 575 75 75 543 141 852 185 484 748 348 81 710 708 208 140 111 227 576 534 97 801 542 894 398 777 796 214 605 104 446 723 811 779 708 287 299 77 811 890 869 763 213 389 748 601 552 394 985 251 997 319 351 16 863 815 503 866 546 893 10 38 306 317 193 746 953 988 656 713 555 513 769 416 342 59 146 253 225
11 383 196 715 118 115 434 512 671 132 441 929 450 826 689 716 497 310 727 248 895 484 625 569 655 695 483 196 481 958 479 304 920 249 720 395 818 279 549 93 715 161 497 588 585 574 853 227 629 504 9 545 572 444 983 714 63 448 362 152 386 715 680 186 974 877 121 368 543 394 258 450 266 575 5 727 589 12 330 467 246 345 367 740 865 401 355 238 498 539 0 339 423 350 745 912 740 939 792 884
916 831 507 919 964 886 331 177 605 324 929 161 942 100 639 70 260 802 342 945 213 714 739 882 744 203 618 390 943 527 481 727 113 856 102 827 991 276 11 870 203 92 238 651 306 282 408 398 646 91 203 188 362 651 831 598 78 286 6 148 6 289 509 464 726 4 423 899 420 984 801 669 488 91 155 634 967 351 413 3 504 962 650 946 908 110 162 527 710 70 54 568 185 944 423 637 527 957 729 863
757 559 948 976 924 724 95 375 612 95 401 43 695 229 914 934 539 318 604 628 53 404 874 872 348 97 938 177 173 63 229 563 838 689 723 372 178 838 589 690 156 910 657 314 250 298 378 228 386 58 39 807 379 116 489 754 53 301 831 642 934 245 142 192 704 413 964 55 472 944 51 729 974 127 883 922 850 612 835 174 416 359 121 374 357 365 568 344 390 461 330 846 8 642 90 563 763 672 240 970
884 653 613 822 181 321 399 136 845 368 621 159 686 574 318 143 850 493 691 726 792 498 132 792 479 996 520 896 609 322 202 927 734 128 144 446 914 867 105 857 230 790 693 342 229 476 673 338 46 791 166 79 983 756 28 414 743 551 95 918 164 29 748 589 197 914 767 763 92 495 99 125 725 145 222 130 942 693 425 175 398 99 161 359 284 702 326 493 547 497 668 681 913 986 222 844 206 7 357 369
458 162 892 239 219 475 182 649 559 974 188 618 388 839 191 228 436 747 775 958 166 984 684 470 128 902 115 748 860 27 900 544 639 770 905 586 672 245 496 573 633 708 117 274 225 66 537 306 186 505 964 633 927 652 541 249 87 991 29 180 965 415 286 901 233 942 154 343 768 40 293 120 275 517 114 903 455 591 531 930 909 171 992 280 224 834 671 984 117 835 504 847 463 395 357 764 317 792 260 984
903 885 116 438 567 115 643 765 767 910 161 724 933 443 466 751 568 182 97 0 460 425 248 273 836 399 632 310 907 893 505 773 403 127 398 159 238 32 724 229 703 562 536 107 645 976 930 332 855 39 325 94 777 934 270 48 108 367 729 62 279 31 823 556 58 390 949 723 747 579 324 689 178 62 608 394 510 662 240 977 327 707 428 924 650 763 762 284 61 437 442 431 715 157 843 878 281 857 613 816
330 50 935 838 407 861 453 288 970 41 324 751 174 831 371 860 304 987 476 519 74 415 664 681 848 175 44 522 837 812 311 347 809 534 967 795 454 322 801 816 389 265 255 365 304 283 117 813 54 390 597 423 252 640 920 492 52 793 657 423 881 540 481 388 701 99 78 846 332 936 742 46 876 574 202 386 826 285 937 872 37 46 969 830 648 916 806 968 161 452 149 228 697 955 339 190 604 221 93 992
131 377 302 239 715 272 492 634 419 654 467 542 316 796 714 391 79 571 303 561 115 578 643 262 713 430 784 821 377 145 764 273 725 259 480 869 821 671 158 910 598 357 908 612 149 879 211 339 480 641 473 7 294 496 61 612 861 765 984 221 752 785 561 422 838 754 98 549 857 703 828 469 809 298 441 436 394 696 92 109 865 421 758 735 678 241 847 303 635 881 428 992 237 568 233 473 451 634 5 323
655 575 93 123 372 396 205 403 674 821 413 326 176 802 601 144 306 614 799 818 526 388 501 992 337 85 717 895 963 773 796 642 432 862 176 701 915 848 401 568 219 708 44 291 898 204 790 955 258 544 827 810 654 903 537 755 562 224 136 802 396 334 743 819 431 854 813 956 510 7 507 653 308 951 81 268 888 550 748 370 403 476 950 912 789 934 325 583 450 92 541 121 284 675 265 183 77 620 160 453
185 61 290 185 631 632 861 862 895 377 450 603 875 921 69 852 399 184 36 460 782 448 23 732 8 305 724 409 892 168 466 860 822 49 568 573 249 506 389 715 793 541 732 258 977 730 840 10 17 689 397 71 275 93 420 734 209 499 784 855 518 982 92 259 816 59 330 608 662 97 565 722 97 407 207 58 649 703 717 419 423 483 53 796 895 24 201 111 943 456 432 949 554 474 144 213 187 278 245 16
880 434 584 772 362 530 72 420 41 391 496 726 974 328 75 468 989 499 501 239 277 741 416 197 15 463 866 811 780 465 318 305 299 397 833 957 396 268 510 353 492 972 747 74 299 164 324 132 136 647 165 428 745 329 886 369 725 143 385 70 781 864 885 486 14 753 520 936 647 756 988 779 772 695 564 650 406 562 8 187 508 418 299 671 29 221 747 708 799 622 759 699 673 574 759 428 647 932 28 236
966 506 590 521 593 288 627 488 132 488 52 790 529 424 339 423 238 566 733 426 718 936 32 490 848 47 210 560 287 496 577 317 162 276 440 51 391 526 677 115 730 927 258 904 83 198 859 187 617 770 605 481 756 950 299 932 759 178 866 622 758 621 833 86 296 423 843 160 540 955 8 984 373 508 125 508 7 662 853 237 142 406 756 6 900 559 76 775 166 99 731 290 390 963 215 530 93 369 364 168
522 164 931 929 569 362 380 848 513 993 792 151 262 333 897 121 479 337 440 814 670 401 181 370 911 762 876 994 868 175 711 981 176 62 214 974 349 550 841 529 376 801 354 83 277 328 639 978 599 796 376 323 595 914 651 292 940 462 739 150 709 649 697 129 925 438 337 539 943 602 987 198 385 534 803 432 516 413 176 343 307 892 320 334 64 670 808 88 462 836 144 77 518 965 520 754 137 66 282 716
874 802 443 957 338 268 599 396 48 635 602 702 472 177 574 627 174 623 696 222 685 740 911 978 718 6 25 577 731 769 405 105 867 138 80 5 456 279 717 488 442 278 870 984 184 267 709 738 587 675 680 291 16 615 219 490 713 692 329 633 447 783 362 227 464 533 24 23 593 452 457 536 327 125 239 292 918 841 525 583 80 525 781 609 338 834 711 342 862 716 437 639 633 234 162 758 58 546 450 926
215 689 882 767 925 391 660 340 290 949 536 403 702 973 984 754 75 395 922 337 1000 470 952 668 702 123 788 370 718 696 762 899 624 518 435 780 165 230 928 295 268 940 559 175 147 892 233 426 919 829 735 940 923 768 312 796 591 912 287 233 554 984 660 982 763 486 435 643 589 63 567 637 835 454 352 182 745 337 755 193 26 680 825 711 432 944 552 380 743 187 523 330 432 228 465 10 567 134 496 692
372 113 580 49 435 673 516 21 330 918 691 270 129 959 238 414 608 876 615 51 304 496 743 221 126 768 560 614 1000 558 167 392 601 411 100 695 69 642 260 835 75 291 637 194 777 626 540 272 446 320 333 528 300 559 37 772 10 967 202 583 110 651 328 514 453 837 491 669 980 720 29 860 696 814 814 793 404 605 903 255 776 191 940 607 917 959 508 560 285 387 966 466 690 647 239 669 819 187 857 653
251 836 735 50 826 330 19 240 101 775 310 307 281 684 347 543 43 288 59 496 530 338 506 524 48 797 696 448 881 428 779 161 689 153 385 154 732 575 647 507 286 753 105 865 909 197 103 300 73 629 700 261 265 714 808 11 998 648 81 294 102 245 53 935 241 26 637 581 936 453 733 378 546 461 754 933 744 198 878 798 184 902 357 743 827 627 895 479 18 55 1000 506 723 278 386 506 930 44 716 457
149 918 607 626 423 868 838 902 901 617 380 390 929 894 502 952 414 277 204 629 153 344 513 293 916 829 42 639 267 69 659 564 730 40 685 323 953 970 759 331 20 543 551 150 486 701 328 415 494 393 610 772 130 102 822 72 44 811 443 108 61 646 778 792 303 537 295 463 149 734 617 52 663 993 976 923 411 396 421 953 985 294 667 680 2 318 247 510 356 438 758 249 403 968 247 962 530 372 392 402
489 45 128 895 580 759 823 728 723 48 378 603 430 824 315 123 777 477 298 25 393 303 14 370 344 893 395 352 58 119 694 168 902 807 279 442 550 352 334 468 866 961 409 239 778 848 213 684 882 864 972 802 247 525 617 892 877 497 69 697 383 727 698 377 302 545 719 632 296 110 854 457 842 705 458 910 378 156 539 925 919 456 538 687 5 18 850 510 365 573 871 413 958 628 359 691 223 954 733 493
509 172 223 224 89 156 91 141 407 199 899 150 390 874 759 919 377 820 141 467 827 56 887 835 550 856 168 310 633 996 523 447 514 777 371 718 710 285 203 575 445 402 455 763 196 49 812 366 963 304 389 286 706 899 164 317 196 191 186 348 195 277 357 8 23 981 762 319 657 970 978 553 594 196 392 15 426 213 576 609 563 11 11 34 68 471 904 362 417 198 829 62 802 976 214 334 676 279 7 75
828 108 79 428 547 318 513 600 772 902 755 541 422 758 379 48 854 679 892 126 841 437 162 462 640 64 34 389 520 793 885 110 13 100 73 752 713 245 204 721 426 648 281 562 115 595 579 408 280 712 861 134 712 711 460 622 205 272 915 462 869 387 935 180 14 151 240 159 937 670 663 708 925 904 853 329 9 959 640 42 416 712 468 190 777 805 938 642 551 714 22 272 351 99 687 946 25 735 194 762
196 65 332 908 938 240 885 797 423 881 847 456 199 461 463 493 825 849 95 146 268 787 204 822 346 667 409 68 131 133 525 773 516 268 717 489 948 246 171 1 96 38 70 713 569 604 738 373 365 118 992 10 993 791 582 944 863 484 799 899 888 723 979 315 296 902 981 541 613 370 791 684 732 654 868 846 500 444 758 959 492 641 810 894 694 381 507 911 478 196 571 609 741 205 215 2 840 61 283 133
708 929 512 967 304 517 368 267 433 158 799 242 190 546 645 341 70 840 628 650 585 592 228 952 745 356 595 389 607 961 429 42 134 803 909 206 626 897 959 767 642 344 354 460 947 779 819 41 414 463 48 475 533 126 156 643 175 568 137 221 34 971 281 121 294 78 274 760 723 526 283 248 774 783 576 750 58 314 725 781 194 374 906 116 165 431 178 741 334 691 212 729 613 651 368 224 804 802 357 2
39 173 327 291 484 315 79 444 886 417 21 627 48 858 136 365 69 539 265 492 380 705 942 17 455 80 671 467 755 40 734 847 347 968 195 96 66 204 65 300 884 23 596 586 393 528 831 551 409 935 693 111 507 213 138 110 80 708 663 753 923 17 343 638 401 222 139 354 590 338 724 438 838 983 487 899 32 540 159 825 963 292 482 978 968 715 424 15 625 74 388 114 530 444 982 790 490 880 84 979
480 696 57 536 824 685 443 664 71 373 710 766 246 768 77 479 364 710 738 408 699 758 87 360 481 75 311 84 337 123 504 450 166 692 48 788 670 902 680 919 621 282 980 995 693 390 637 92 141 936 974 197 404 426 676 82 704 508 643 648 349 17 166 288 657 621 792 644 102 523 843 30 680 657 590 743 876 17 226 236 553 178 507 384 639 412 769 173 170 470 46 660 247 579 82 574 722 612 463 805
774 650 686 812 345 244 448 390 990 144 134 817 875 894 58 787 512 473 467 304 507 957 414 502 925 261 740 439 70 535 592 814 692 326 411 77 7 790 844 618 658 795 342 957 929 305 332 997 870 131 906 867 388 503 511 910 75 778 773 421 836 994 719 6 213 526 671 146 165 28 460 430 529 522 825 617 867 178 577 671 796 493 485 888 717 926 135 709 240 363 366 353 279 12 717 764 50 801 495 915
28 1 741 442 88 811 998 796 330 292 265 783 53 768 884 100 998 241 892 375 404 239 371 278 969 428 59 516 386 386 898 877 55 592 521 441 49 994 493 342 671 7 697 181 958 164 116 1000 108 545 702 934 894 318 951 311 852 812 188 706 32 835 472 146 399 640 214 476 587 956 731 552 377 430 177 433 18 381 61 867 796 564 861 406 766 693 532 709 740 140 685 991 33 847 172 941 220 658 853 110
853 240 812 808 273 524 295 74 678 211 830 966 651 592 436 668 440 480 870 375 693 85 406 40 768 374 960 350 529 574 995 234 437 301 350 452 858 832 920 205 107 210 884 237 344 265 800 700 615 386 896 861 891 811 918 52 375 339 581 906 227 26 439 876 431 709 441 49 797 445 373 83 811 234 116 179 865 829 279 788 678 799 927 643 485 742 195 99 151 948 360 435 680 374 390 422 140 663 121 68
656 980 242 81 427 601 27 892 13 937 574 409 798 862 240 764 121 74 691 788 812 762 758 937 184 218 232 982 441 330 74 28 937 38 19 279 609 242 933 481 853 629 345 516 540 353 615 782 425 306 232 720 358 667 472 23 831 810 349 413 16 687 268 999 805 444 847 908 611 576 797 548 711 425 13 796 177 199 94 989 737 244 197 491 524 545 852 526 464 605 667 488 229 473 890 51 83 490 449 652
678 462 227 152 633 932 48 990 556 780 36 216 85 488 389 636 145 509 193 617 773 337 506 190 619 843 817 194 425 74 18 931 221 64 741 791 420 262 106 997 785 88 60 782 773 748 835 203 206 19 817 546 160 393 76 909 363 966 281 322 784 102 925 151 618 449 579 705 289 839 807 35 856 416 175 755 484 759 978 323 851 151 181 968 272 255 305 278 856 196 194 102 822 651 887 303 113 101 798 172
401 798 369 652 383 236 284 165 737 491 489 654 196 602 783 242 523 94 192 803 616 168 818 304 782 295 776 283 162 434 829 865 848 871 783 201 665 506 868 53 418 89 378 189 665 742 114 737 403 68 279 482 80 520 428 784 222 958 40 613 9 475 645 508 1 163 752 85 386 307 843 753 347 282 466 266 677 92 204 909 126 629 290 402 56 573 702 919 357 529 249 602 685 325 583 888 214 949 903 604
744 684 567 63 639 701 429 850 259 270 636 892 690 312 894 17 171 142 366 688 210 328 809 71 906 416 812 108 121 73 920 146 510 379 892 530 964 89 901 317 343 860 407 433 649 950 999 213 888 698 585 41 975 400 340 453 607 310 682 17 286 936 498 287 312 326 415 956 266 843 45 956 546 534 807 554 111 651 388 339 371 187 224 66 410 186 304 679 590 546 178 935 553 176 315 834 582 369 229 160
965 818 340 313 111 800 37 526 420 115 986 96 373 605 615 386 539 229 732 842 383 663 552 6 563 551 847 417 273 240 351 611 417 986 727 726 405 594 548 437 894 968 29 418 58 941 844 719 45 334 943 297 923 765 5 980 170 774 888 107 40 948 479 2 51 531 87 989 160 443 177 962 506 101 587 240 664 424 517 139 342 762 578 107 500 683 90 454 332 427 908 137 698 748 842 422 882 776 537 375
28 739 136 747 872 561 192 793 982 660 305 838 644 717 242 568 538 952 210 76 536 998 684 55 410 560 893 926 902 913 728 258 477 617 610 240 777 426 816 817 796 254 417 683 471 694 506 742 405 740 566 686 194 686 471 427 499 718 804 845 927 543 721 573 729 4 349 603 785 257 907 635 137 142 945 97 387 41 978 994 174 466 106 494 176 845 672 394 834 575 697 185 304 312 169 185 509 784 316 255
206 407 987 438 683 251 23 104 576 802 216 290 665 481 97 949 170 713 628 740 2 48 828 984 481 392 539 819 170 404 325 652 979 142 639 358 601 735 258 25 117 842 122 617 734 476 57 685 480 641 965 7 887 40 508 923 69 314 924 78 654 680 675 685 764 69 37 535 484 610 962 327 856 304 615 303 345 975 270 95 586 717 598 833 667 624 189 454 991 996 476 514 524 443 766 333 77 451 694 876
750 501 588 463 777 68 216 750 699 672 219 736 862 64 275 901 390 61 857 678 266 675 201 77 123 384 357 443 75 626 388 338 966 347 981 14 742 26 313 764 489 434 79 813 100 493 984 477 651 395 566 536 540 101 139 219 694 342 996 701 25 174 435 433 645 118 672 867 560 961 651 485 21 772 232 278 464 282 81 174 137 342 323 837 313 938 578 374 899 970 822 138 906 340 786 639 134 975 496 488
932 430 283 665 478 839 318 480 250 293 1000 38 668 460 1 767 698 102 318 120 487 584 782 453 219 482 992 396 999 517 588 968 693 604 642 5 495 174 999 636 528 507 464 500 416 661 636 33 437 673 141 562 70 103 937 747 351 868 166 584 305 307 43 376 641 304 698 836 286 878 492 404 595 354 915 315 521 924 189 734 316 449 379 263 727 65 249 740 964 505 224 448 101 617 978 135 434 843 901 763
597 367 829 167 479 272 325 810 240 949 25 494 721 615 539 801 107 372 995 504 131 91 127 229 478 212 32 537 971 764 231 819 494 482 584 260 363 411 299 740 293 860 347 32 122 874 607 323 740 739 195 275 939 309 907 376 158 895 207 879 513 240 194 313 668 897 341 770 713 642 302 285 987 223 547 561 923 999 219 415 41 349 658 993 483 264 204 459 983 499 545 242 19 11 267 22 190 355 530 427
115 903 525 827 367 679 945 639 96 379 328 431 759 819 541 31 865 442 64 385 309 2 880 1000 799 873 380 990 855 433 822 247 938 113 297 80 78 200 37 594 400 153 772 256 78 688 384 652 26 275 174 961 29 131 42 17 859 525 606 845 528 185 979 218 101 867 112 212 253 112 718 52 655 246 25 408 43 368 133 526 185 575 328 749 204 682 621 638 198 561 907 297 460 795 739 694 645 926 454 198
291 626 630 805 885 384 667 276 985 478 820 53 642 152 913 807 402 76 73 94 191 217 738 397 416 203 60 646 821 189 497 416 958 862 779 737 415 672 515 490 11 830 138 274 104 191 987 720 294 959 373 386 336 921 867 247 177 126 532 877 655 168 397 658 271 414 75 361 944 800 61 849 84 355 461 586 263 509 209 534 893 664 554 167 475 567 725 933 208 730 439 246 149 154 717 314 344 161 325 588
26 81 879 126 440 87 446 921 896 807 1000 529 72 963 893 243 884 668 734 305 914 377 740 658 112 124 845 295 192 627 456 638 187 250 420 776 178 984 980 327 211 923 100 677 505 521 169 61 419 278 643 415 760 383 754 760 564 320 917 141 569 35 696 968 279 150 833 593 276 149 296 671 763 357 981 956 406 819 758 425 983 948 184 436 513 577 20 253 216 419 999 748 731 469 825 736 591 184 90 959
95 10 234 132 443 138 244 351 905 635 901 911 90 215 178 235 504 828 702 836 858 139 832 406 588 249 867 36 214 29 470 19 474 468 644 428 624 903 688 509 181 922 113 62 648 88 420 191 349 800 49 720 279 835 697 15 940 312 262 25 351 257 868 371 575 671 540 10 215 710 465 514 895 65 42 638 754 195 82 855 28 630 937 474 398 785 291 667 264 454 487 57 294 330 742 772 872 399 594 396
876 19 950 467 643 867 203 198 375 788 86 857 334 786 450 318 799 549 569 690 240 299 481 817 551 812 307 466 508 886 626 972 483 892 832 32 32 151 444 880 439 571 577 909 460 235 610 107 552 239 389 936 407 724 358 916 575 119 601 232 422 533 574 942 918 103 555 843 578 883 483 767 256 350 766 438 145 388 874 673 236 594 848 360 183 437 108 160 217 12 500 372 478 542 236 187 502 614 171 175
948 63 810 340 131 248 385 392 127 533 796 186 312 797 814 329 734 749 819 861 676 655 476 670 809 581 515 472 394 194 477 123 770 445 861 564 884 191 222 491 569 110 292 302 103 274 991 739 15 598 904 567 40 916 356 866 87 603 667 257 141 613 640 60 566 359 201 631 468 21 325 200 130 286 628 840 375 681 674 708 657 390 388 255 559 851 610 636 889 181 31 979 563 840 700 58 66 478 61 162
408 988 413 700 805 808 510 658 178 912 767 421 793 117 376 604 988 140 155 629 83 430 259 273 127 702 33 542 331 976 864 138 663 790 243 551 656 824 114 258 905 794 210 387 160 154 681 797 481 996 539 931 337 444 210 775 321 730 373 854 284 241 964 4 99 484 554 677 469 654 8 412 497 745 751 690 782 827 206 207 192 669 167 636 558 900 182 253 14 594 353 811 148 909 356 155 460 370 608 728
79 22 451 86 403 474 836 770 378 839 100 39 193 19 219 420 253 222 961 205 914 590 30 964 588 418 265 216 978 11 732 571 392 991 484 964 224 604 694 431 429 798 802 599 782 731 303 607 782 556 33 325 914 489 782 462 130 141 383 517 190 558 393 854 219 476 684 393 599 349 738 672 955 95 355 729 5 629 798 204 719 989 838 758 225 566 355 507 716 468 779 265 272 879 682 677 977 174 989 607
695 901 765 470 418 150 786 631 426 780 385 152 336 824 762 429 491 874 444 381 62 193 699 70 947 999 831 946 512 830 180 410 720 326 845 41 651 832 881 82 77 392 583 949 338 822 29 840 58 688 714 177 258 712 555 751 186 153 367 0 572 750 891 905 445 396 1000 765 356 345 116 924 645 388 261 159 469 167 213 587 655 673 885 590 498 636 634 946 23 398 530 641 993 523 324 455 877 959 53 206
975 935 235 418 176 289 215 473 618 81 136 781 776 882 112 663 775 350 628 717 478 39 617 351 35 235 404 181 497 568 807 493 659 184 189 217 366 819 676 986 161 613 228 252 190 83 878 333 480 974 309 316 857 586 274 279 62 621 288 592 193 162 982 234 116 903 174 473 512 22 951 708 822 11 352 583 400 659 639 257 356 910 448 58 367 908 217 77 166 271 711 77 235 954 733 780 256 401 528 55
19 593 680 621 401 545 547 151 667 127 365 405 901 199 152 512 967 892 573 936 456 448 593 198 199 653 647 202 819 77 784 390 866 308 662 838 350 317 287 704 713 784 674 681 47 973 84 172 176 997 397 428 614 24 290 786 960 71 343 534 555 768 561 720 334 170 598 698 778 477 743 706 492 646 91 941 540 594 426 115 762 116 376 320 755 270 404 611 581 341 692 845 199 984 319 579 490 689 397 424
815 739 388 314 569 424 537 615 4 912 468 733 660 329 824 890 20 523 858 456 776 425 188 57 455 217 394 745 528 613 883 348 439 584 271 815 177 508 969 337 258 576 458 467 66 879 833 211 695 275 592 514 439 165 238 82 834 129 18 338 440 537 827 960 891 470 109 488 135 560 940 485 553 325 205 91 693 74 417 598 143 629 739 876 268 380 236 662 77 553 979 160 581 909 604 816 186 464 546 18
372 623 927 955 427 641 980 85 653 42 421 872 74 750 693 786 365 408 909 753 95 807 533 766 880 143 830 320 805 244 199 994 250 56 522 797 978 121 835 409 676 522 775 79 979 121 395 991 597 324 253 703 531 6 311 572 585 982 688 865 836 823 452 553 95 153 578 837 338 948 580 459 110 863 959 263 722 433 876 64 462 571 779 12 235 723 327 112 491 115 796 592 431 826 779 334 807 103 986 30
408 113 594 96 311 395 90 443 163 907 566 60 255 708 884 380 430 846 964 507 201 352 521 789 909 485 526 731 740 903 790 255 314 633 81 222 434 767 844 947 974 549 183 3 256 623 592 153 320 472 665 705 380 953 970 853 884 961 30 642 428 926 235 335 968 413 860 14 293 779 113 278 20 731 758 236 298 21 749 640 100 479 910 4 319 247 393 732 606 861 445 72 35 41 733 947 252 204 65 933
807 127 64 803 382 330 574 211 711 148 344 794 773 161 963 604 550 413 3 423 4 395 70 376 758 945 791 595 287 364 722 845 853 199 456 182 744 939 898 491 926 477 990 430 77 839 293 640 750 511 936 840 857 774 701 571 892 487 969 819 667 349 504 178 36 238 921 808 535 754 494 304 831 562 367 709 566 252 405 279 964 982 374 837 725 960 544 605 220 157 752 10 310 951 301 537 162 959 354 548
693 945 957 136 643 922 598 509 520 419 667 473 626 538 479 497 959 68 89 878 608 475 3 518 4 355 806 968 235 919 996 597 614 691 146 179 411 340 210 193 449 130 471 854 465 719 175 175 814 614 490 364 796 221 731 599 541 165 917 233 729 419 215 507 302 789 822 716 353 996 403 457 245 188 366 184 961 909 115 751 698 363 692 630 991 692 930 689 134 755 891 231 9 682 674 109 471 486 560 589
759 758 173 316 660 819 201 679 52 933 310 739 158 844 559 221 903 902 617 592 52 281 872 988 135 453 76 563 256 790 148 416 4 477 377 790 119 389 263 166 565 532 552 222 526 453 89 674 792 807 521 194 13 641 328 599 477 52 895 27 720 676 718 854 425 526 628 108 129 37 690 68 518 964 667 393 74 220 33 818 97 231 933 211 369 56 542 192 525 367 883 378 538 3 513 549 416 51 9 928
346 50 156 116 354 531 728 958 808 651 758 928 519 648 290 167 864 65 800 247 235 387 812 493 524 90 862 280 501 768 308 281 9 573 881 606 487 257 841 467 441 25 550 933 706 3 679 478 95 176 992 459 250 765 125 257 76 889 9 802 60 506 102 222 91 258 818 977 291 389 332 365 227 576 168 329 610 907 629 33 909 22 760 697 315 802 172 182 137 944 75 267 663 343 515 328 800 973 956 189
457 894 312 323 956 917 198 787 702 325 988 734 971 358 295 501 420 496 684 327 982 840 858 856 924 260 801 746 975 61 979 982 824 5 74 148 640 633 541 691 436 261 732 954 309 487 868 347 426 684 564 726 304 836 322 250 409 358 34 506 964 477 864 90 789 368 733 905 253 316 443 330 869 77 610 896 928 268 857 328 899 375 426 42 639 799 369 503 864 456 919 64 969 121 246 161 284 68 306 181
683 783 571 171 275 730 263 637 432 810 175 62 265 895 772 615 366 343 9 408 459 817 436 468 47 510 971 580 950 750 147 671 68 63 881 869 877 343 566 629 724 27 552 47 773 171 579 317 234 548 805 961 195 413 24 72 33 711 258 581 682 650 963 899 758 277 271 528 280 74 25 903 576 267 89 254 36 623 333 683 691 889 343 805 299 94 829 307 638 344 543 761 775 574 625 879 741 703 619 34
376 781 463 611 780 78 711 576 983 775 576 248 178 744 55 175 262 288 385 989 218 899 979 465 298 382 95 402 964 560 178 916 490 300 21 304 16 237 528 368 530 767 468 964 14 734 377 251 119 68 833 351 902 389 172 45 122 605 958 439 455 793 228 852 90 853 516 353 502 992 746 772 721 552 27 50 194 847 46 616 326 936 529 914 693 161 161 272 786 972 519 723 902 879 237 300 743 360 169 92
767 994 52 177 560 269 178 716 629 499 785 721 85 431 111 469 103 651 264 680 150 878 981 321 447 728 10 445 824 326 244 422 340 611 3 530 472 621 680 511 463 454 935 649 378 283 229 216 31 33 460 676 801 875 57 933 183 836 946 447 79 376 786 311 664 796 972 909 418 490 379 10 292 749 689 618 871 90 953 537 758 564 417 534 249 952 234 69 464 661 538 796 311 354 618 598 488 181 255 423
764 974 383 984 519 654 879 482 262 150 763 721 613 269 962 831 240 794 965 62 891 662 225 298 703 518 716 895 882 259 259 158 365 539 50 701 801 285 765 119 778 114 530 438 495 264 139 501 60 407 79 925 458 207 841 357 616 158 970 243 421 748 796 415 876 758 776 704 428 33 645 58 309 693 512 265 998 738 704 897 370 879 302 346 591 369 258 852 39 97 679 732 472 745 336 21 429 629 305 338
39 831 185 952 899 325 895 711 0 979 722 399 616 464 179 112 744 320 105 671 877 872 937 874 921 253 830 973 781 737 160 767 790 172 166 505 933 193 460 497 358 900 916 739 24 537 799 921 545 814 840 452 430 568 562 230 213 955 630 293 67 567 277 858 903 96 5 992 8 645 130 324 999 593 809 36 922 395 910 210 517 975 874 708 642 319 21 0 8 647 777 372 193 968 114 825 94 374 979 257
294 450 915 305 84 483 667 266 243 458 435 213 231 320 326 37 281 542 604 629 676 200 414 709 24 245 659 619 182 153 117 252 555 981 266 331 429 980 234 218 671 803 423 362 691 564 146 381 549 881 216 128 711 159 248 259 532 377 745 229 423 926 459 775 702 390 745 680 988 979 580 175 784 554 492 630 397 573 946 998 257 773 969 283 65 605 897 35 258 164 370 677 803 568 69 224 684 573 218 252
456 497 788 875 895 5 871 227 903 363 985 526 755 530 193 388 359 191 808 55 334 476 95 619 34 37 680 136 13 861 130 282 875 514 697 582 816 259 324 734 321 305 761 463 680 713 999 902 330 595 728 874 895 515 156 839 445 296 118 192 560 201 177 184 705 742 553 401 558 620 174 561 968 137 922 918 997 606 975 506 19 432 518 253 782 941 902 677 358 158 776 130 544 588 931 829 639 350 518 747
617 117 967 596 995 411 48 677 470 250 186 261 629 698 189 262 528 208 699 29 356 236 429 906 918 505 758 53 498 758 365 755 98 558 602 66 294 577 432 946 735 548 25 891 302 649 240 990 628 391 308 218 165 474 648 786 147 619 481 974 541 258 417 248 762 740 243 550 735 914 767 559 494 270 658 308 873 757 87 902 804 781 83 986 69 832 405 479 127 24 157 886 78 618 11 348 328 711 859 589
785 336 488 975 368 804 874 780 21 9 983 757 121 957 511 233 610 704 437 745 301 149 448 181 444 276 402 378 575 923 789 427 570 689 337 982 8 916 791 604 961 907 130 446 370 738 436 763 824 373 535 166 373 243 299 368 6 771 98 566 171 210 533 810 165 400 940 897 568 183 26 10 279 607 608 774 28 944 590 622 922 746 4 759 679 723 352 926 132 330 944 121 27 732 242 222 753 317 526 355
255 453 106 417 518 983 611 185 342 724 279 441 479 862 936 844 822 881 331 213 915 78 159 749 593 149 695 428 982 712 203 683 854 937 696 597 71 167 845 868 554 55 510 886 149 666 268 744 896 765 806 137 770 880 179 794 761 213 659 465 878 321 488 197 451 146 226 936 576 674 692 170 779 467 807 712 736 881 130 240 497 105 308 715 21 585 600 827 566 143 419 150 442 706 347 990 400 670 882 864
21 82 196 995 417 697 113 731 214 530 338 897 132 798 9 649 295 333 99 461 469 714 455 550 787 531 471 958 505 741 209 538 923 679 670 26 888 544 941 691 592 894 534 905 161 821 651 769 663 960 451 162 851 165 191 157 37 960 379 937 320 941 412 861 345 159 502 162 226 105 991 198 529 147 817 146 828 583 236 995 251 537 934 868 933 887 725 915 179 924 11 362 67 752 452 298 764 64 825 618
716 658 394 275 240 950 153 960 717 174 377 842 31 935 99 351 194 708 874 900 147 167 717 816 767 746 396 826 786 590 561 828 680 856 252 392 555 51 286 317 186 1 130 421 320 71 790 995 880 210 819 344 255 457 224 492 71 723 598 626 910 625 207 51 49 945 338 470 591 638 527 402 909 532 163 522 582 931 376 61 242 713 670 431 213 463 70 236 472 39 766 261 927 473 851 395 451 619 230 341
358 767 505 878 445 333 414 795 247 578 730 340 971 981 404 616 674 578 640 738 827 293 670 744 687 534 837 784 572 281 93 256 184 702 957 216 802 391 648 731 632 78 837 361 958 56 687 953 51 531 248 30 757 828 943 951 848 357 409 432 854 979 974 690 427 530 81 224 170 844 620 334 671 143 752 587 125 261 567 811 936 383 8 965 216 537 313 651 244 668 29 682 499 266 425 26 57 800 494 513
874 175 22 350 353 585 282 345 509 534 659 691 17 812 242 200 836 238 957 933 867 877 949 937 922 306 606 586 953 66 22 784 467 208 784 62 926 385 165 309 23 844 737 187 721 210 977 555 949 336 813 647 78 998 753 444 67 320 872 571 637 415 827 693 281 231 782 681 683 492 304 73 27 958 206 342 667 843 326 126 773 307 11 65 657 988 872 465 714 891 696 895 677 968 778 313 99 909 511 467
85 757 709 525 392 906 327 452 440 30 794 915 282 896 537 430 147 937 236 810 137 766 327 667 478 373 492 616 397 585 946 926 789 262 769 369 359 132 178 750 971 925 804 956 322 376 860 70 895 743 717 29 158 246 280 214 753 96 882 66 886 683 474 936 731 669 406 632 711 405 736 34 605 198 435 138 504 340 410 636 121 597 821 339 892 409 877 368 654 222 236 919 656 372 500 704 417 27 484 943
98 541 258 471 727 538 206 434 299 864 981 797 350 46 563 808 564 378 842 267 5 166 760 833 117 354 328 252 833 90 432 255 557 258 955 191 262 774 884 13 498 279 0 352 168 670 781 590 302 16 212 462 222 521 726 630 571 790 248 24 70 103 963 95 786 314 884 26 350 866 111 56 966 976 964 728 734 219 740 471 590 448 506 54 290 393 847 482 29 836 207 13 61 442 903 542 65 509 577 825
88 652 157 277 917 233 876 560 975 913 810 896 987 393 7 632 903 179 91 778 916 822 442 61 553 16 187 2 720 667 807 183 322 975 20 685 612 174 897 703 11 225 378 187 980 183 583 148 379 427 943 786 500 496 17 879 638 221 417 538 857 420 711 594 582 946 325 194 614 555 395 457 396 526 47 9 478 597 273 905 739 353 142 320 78 625 509 834 155 943 78 888 786 172 258 346 480 447 192 315
571 20 817 567 184 774 701 759 3 43 34 640 523 393 708 963 726 282 100 982 580 527 236 287 106 793 431 122 567 306 424 163 529 437 472 932 290 239 560 384 930 171 248 351 184 228 861 224 148 420 323 197 793 890 976 20 854 979 710 611 771 873 345 767 195 32 10 666 189 773 931 393 514 642 455 44 7 302 537 820 727 98 840 0 929 983 232 587 951 333 441 43 728 893 427 313 629 411 232 31
825 319 554 176 978 982 59 100 373 741 80 370 732 320 596 160 430 309 113 333 308 633 499 722 328 504 352 962 408 843 115 459 164 829 512 561 242 638 880 227 747 637 972 751 255 824 268 824 364 526 15 390 745 940 16 608 590 235 278 736 647 828 947 785 430 882 877 291 502 334 453 551 853 272 593 995 932 711 405 632 970 559 846 263 807 14 728 159 579 902 62 157 656 663 131 163 881 802 726 146
506 931 66 334 432 380 635 764 76 982 677 934 286 850 575 263 829 162 685 593 803 492 938 795 522 468 68 550 46 94 44 30 569 303 704 976 247 780 179 278 717 569 676 54 903 311 626 906 441 307 444 479 291 163 18 351 916 346 962 943 22 693 74 332 933 93 613 974 236 465 25 104 992 999 120 877 153 362 975 995 408 33 913 20 452 967 386 729 775 37 365 654 703 392 994 426 456 487 474 123
765 323 498 850 746 212 530 384 404 20 734 9 463 707 53 355 373 889 190 887 626 924 350 299 151 416 759 366 310 554 462 917 265 470 278 935 880 504 800 49 256 968 128 395 942 283 98 668 538 250 738 38 513 889 124 611 776 285 33 992 494 195 412 351 273 917 197 323 549 747 630 955 63 932 847 965 994 580 783 51 891 757 532 212 583 806 926 401 154 476 582 44 336 754 131 655 647 305 598 785
62 554 350 277 353 488 695 174 402 793 749 447 253 23 707 990 462 597 553 264 367 125 494 925 323 699 808 735 596 513 75 948 80 668 357 506 85 663 103 567 436 153 928 494 490 470 970 456 621 954 33 522 417 29 590 792 191 90 348 772 121 161 900 811 540 354 61 730 967 829 7 976 567 690 878 138 211 237 754 671 590 37 806 834 453 681 954 615 519 759 182 198 416 469 821 171 590 911 530 975
516 239 804 301 526 803 652 317 978 849 594 285 506 636 634 778 614 535 831 664 214 823 36 804 807 802 954 736 199 590 526 984 309 208 285 803 389 311 852 867 858 344 942 124 232 718 780 67 768 427 420 285 163 431 535 699 118 999 166 478 722 403 537 42 782 678 966 176 308 650 141 783 251 56 82 917 142 670 349 797 658 539 747 356 701 645 177 402 321 692 314 773 850 73 958 7 219 660 848 467
9 380 963 335 186 265 320 92 526 74 127 959 792 112 881 27 852 708 519 588 668 222 298 384 218 607 468 558 717 979 970 201 978 557 769 302 352 411 871 589 79 724 56 771 479 180 9 665 189 957 566 984 15 220 546 851 909 939 94 71 212 90 622 403 751 470 910 146 718 423 444 152 310 781 539 803 348 421 22 582 522 84 85 728 440 481 958 431 801 939 818 247 571 859 779 179 758 786 37 177
954 788 932 362 923 76 71 698 248 615 403 580 168 927 279 853 592 24 759 433 690 698 671 90 787 718 564 263 546 274 769 448 733 625 270 244 167 827 48 20 858 210 554 642 767 161 402 827 333 90 578 25 391 204 200 305 124 75 559 821 479 642 408 768 123 605 510 227 594 227 91 292 874 623 755 54 982 299 925 684 639 242 603 30 616 772 804 438 670 660 634 757 118 683 677 870 242 429 676 594
775 556 120 350 37 333 61 597 431 248 160 580 496 256 92 30 854 719 123 700 74 315 637 529 575 276 26 233 922 401 626 871 487 328 692 50 548 910 670 639 161 713 983 473 965 542 834 443 696 59 674 673 477 896 742 737 276 196 145 416 524 174 0 902 479 252 772 754 843 194 448 449 82 393 136 299 715 884 659 172 774 117 90 579 103 111 910 580 454 978 684 491 140 238 701 766 15 934 32 549
229 107 662 801 155 784 918 873 122 759 620 240 467 305 763 348 727 104 902 540 382 343 539 18 971 35 872 615 574 76 15 918 244 74 248 550 569 415 838 348 215 304 109 251 991 507 922 744 921 689 720 948 345 264 944 337 63 516 879 37 230 570 69 728 260 456 976 731 134 636 990 516 248 471 69 885 2 391 225 156 557 903 830 919 664 148 620 840 186 348 124 104 709 590 795 874 165 341 135 298
755 532 910 681 443 66 595 883 868 420 584 811 17 750 430 297 49 321 325 6 595 781 102 552 563 926 810 436 110 392 404 271 533 320 618 687 307 358 802 84 160 326 360 763 983 600 874 606 244 607 942 5 537 613 853 756 613 855 579 514 561 645 881 300 157 405 493 705 3 251 336 454 590 594 601 1000 576 267 80 90 415 471 377 114 412 175 196 252 469 476 272 1000 123 208 559 301 650 982 841 629
534 276 22 689 796 720 587 481 936 469 291 667 109 629 103 318 757 83 133 191 64 532 573 875 583 991 364 135 290 96 4 116 778 932 509 805 463 89 302 999 151 146 527 561 892 273 580 167 196 68 548 4 375 557 727 394 603 750 493 742 633 739 778 31 43 892 780 769 807 947 761 880 423 500 210 438 810 383 295 150 110 308 365 162 533 228 489 606 616 637 556 223 542 412 17 454 198 867 53 922
999 323 791 126 529 408 705 63 271 682 830 105 443 861 904 374 576 17 230 129 684 373 249 442 644 623 79 249 725 387 568 19 906 224 706 21 913 0 461 368 132 639 474 147 665 332 751 774 807 123 14 553 204 475 764 705 884 175 431 371 99 111 461 653 839 906 689 497 169 15 246 152 574 51 664 67 468 901 31 610 26 654 210 866 940 833 908 235 413 972 181 773 947 496 33 662 25 679 391 516
579 526 653 860 911 851 759 490 432 824 919 842 531 678 369 840 304 332 551 221 786 98 335 416 388 606 482 727 271 155 35 620 680 534 118 815 56 61 484 117 433 765 225 68 464 849 78 302 211 777 754 3 271 146 67 617 936 513 90 265 436 496 832 602 451 101 507 667 399 874 72 294 804 316 432 878 500 307 233 26 133 634 642 850 272 260 157 245 835 323 200 89 377 204 331 93 950 938 193 382
719 709 871 792 730 111 637 555 946 467 265 598 340 239 817 826 937 99 696 862 11 448 981 205 696 228 898 607 598 869 58 777 502 500 678 544 701 876 874 347 55 542 528 870 837 606 271 761 980 240 227 98 949 429 994 183 332 932 877 470 154 194 313 1 98 58 332 365 762 546 851 765 606 13 183 95 237 522 589 76 542 74 549 397 954 295 763 319 783 258 551 465 950 722 570 415 857 140 978 827
50 562 398 470 985 821 828 567 516 316 162 431 364 525 104 91 653 332 902 620 77 882 542 517 450 929 685 952 212 482 158 841 609 583 989 624 864 800 458 126 510 547 115 535 832 66 23 125 913 810 853 886 215 550 111 546 87 30 419 327 298 649 549 115 429 9 310 658 901 525 883 358 884 129 996 214 633 36 176 102 453 874 470 90 336 366 783 327 89 89 689 417 956 83 317 237 308 311 534 957
181 990 591 471 494 919 686 689 822 261 82 384 424 179 738 471 851 815 996 152 451 94 809 523 894 91 406 296 112 477 489 549 191 915 76 852 929 856 623 655 251 41 75 93 417 740 434 957 901 249 367 825 949 767 858 198 262 330 150 138 726 392 504 690 77 931 726 294 994 270 479 998 903 469 632 664 849 176 881 544 500 655 788 352 171 861 948 949 512 102 906 623 128 788 608 510 967 141 628 421
645 57 782 373 974 478 344 674 167 990 398 270 504 648 953 50 731 691 323 850 625 539 525 510 186 300 553 985 484 754 293 665 686 150 634 601 653 654 703 729 844 1000 768 420 538 2 797 362 874 927 104 701 110 995 312 343 767 1000 902 27 468 745 329 926 648 526 166 281 456 9 779 241 791 677 753 41 864 559 442 368 535 259 162 149 653 648 752 708 723 811 435 39 176 600 597 82 879 26 524 495
663 409 766 331 137 663 840 278 384 769 328 608 502 464 95 347 868 397 641 941 929 772 375 640 639 22 331 645 330 551 894 513 168 464 60 278 783 88 506 987 34 594 382 270 671 431 107 101 321 604 93 387 836 505 176 412 97 51 787 148 794 315 136 793 591 125 95 47 13 619 170 377 720 199 786 2 469 347 428 803 21 761 676 120 340 547 120 940 571 774 844 391 381 424 272 590 890 873 390 348
370 841 894 44 89 445 516 619 869 51 445 785 567 851 541 200 853 959 246 219 19 526 598 114 592 212 350 975 765 359 594 325 106 212 953 511 44 551 698 721 493 17 412 372 906 57 195 852 395 344 969 430 490 741 93 951 150 23 396 323 484 85 129 138 831 547 777 225 297 743 477 415 603 293 216 757 578 667 850 257 338 885 949 323 880 565 766 393 254 872 417 512 347 922 98 575 575 833 692 533
310 519 136 614 76 19 596 725 940 527 260 751 93 267 402 830 853 688 106 901 257 451 938 401 728 129 916 96 804 344 260 831 611 398 148 893 903 108 718 676 915 747 925 701 485 706 283 653 882 169 621 970 597 846 8 918 260 345 158 335 566 226 125 391 280 248 673 489 815 836 81 949 541 120 899 735 159 348 231 78 40 349 360 975 175 237 574 482 943 353 364 822 381 348 524 212 248 187 758 984
872 496 694 104 164 351 721 450 617 349 38 354 258 83 781 649 27 269 434 415 861 516 764 478 562 94 976 417 505 599 313 898 743 432 760 325 183 356 450 26 753 812 40 887 546 580 731 565 493 376 226 331 899 265 860 576 742 940 867 308 734 334 139 258 340 333 825 165 36 38 120 634 35 686 257 998 420 293 447 647 949 352 36 941 727 595 906 281 539 328 463 880 13 653 646 908 387 945 571 656
175 826 423 961 295 16 657 523 640 501 810 152 296 383 641 20 160 953 167 554 476 124 871 410 966 936 201 396 989 627 291 716 305 451 210 455 746 408 147 12 900 943 172 402 895 757 954 184 858 591 809 478 297 817 377 685 651 388 68 62 711 794 977 916 905 137 711 584 567 981 218 834 8 788 523 113 859 504 479 99 370 259 205 967 319 619 805 647 912 59 333 443 198 755 191 21 571 337 582 170
29 36 365 240 368 337 849 711 616 832 456 12 530 883 345 189 514 821 869 739 828 312 780 706 850 660 516 377 815 814 378 576 18 603 971 829 978 871 852 953 355 13 619 435 592 528 933 810 978 775 5 360 108 807 30 785 622 888 111 365 718 932 76 335 139 625 707 219 656 179 248 234 865 943 603 574 981 541 461 992 493 435 838 65 607 734 346 419 706 149 406 784 60 912 847 217 375 632 753 57
606 423 163 98 191 985 585 17 452 879 82 997 902 713 25 520 47 117 314 618 700 142 177 734 345 333 483 664 9 393 605 370 160 160 87 269 141 526 171 593 641 83 923 248 124 154 772 982 811 503 884 613 973 336 261 918 273 172 460 48 698 574 24 392 748 81 197 334 717 419 789 443 991 239 766 374 373 461 89 262 236 892 932 11 685 457 400 574 398 556 101 58 880 601 514 747 103 54 272 563
474 696 2 407 387 518 60 327 682 742 194 473 655 761 480 59 940 102 982 41 921 151 776 248 502 903 260 715 954 348 246 587 790 703 534 535 497 668 309 778 658 569 244 606 387 283 512 262 977 543 432 311 30 317 420 461 844 864 814 154 896 833 417 933 986 614 225 917 836 83 146 894 461 448 761 402 821 781 567 455 6 166 25 626 837 23 248 553 494 316 18 25 802 121 87 535 244 260 583 45
748 366 210 271 339 472 74 535 889 767 971 925 840 242 73 940 630 744 841 702 831 785 297 941 461 967 897 655 639 9 314 478 285 387 376 140 24 475 95 516 714 929 459 14 816 482 525 466 799 574 499 3 652 255 714 795 129 906 359 103 677 539 48 971 81 89 361 852 65 284 736 744 24 583 457 604 410 423 256 429 43 475 187 554 474 754 526 976 383 477 572 308 980 58 192 278 934 192 546 848
152 276 749 401 146 692 667 935 139 815 511 841 700 883 862 1 450 884 708 787 646 555 891 472 890 99 536 672 232 548 981 936 650 768 999 22 145 372 619 921 665 371 240 30 203 512 98 233 17 890 531 610 605 672 684 529 3 851 899 703 244 39 205 826 152 279 539 79 78 423 968 397 144 909 948 970 33 223 966 1 795 151 529 44 103 347 879 833 831 476 260 448 921 500 809 901 435 159 854 297
679 225 807 556 329 756 831 406 353 625 75 467 428 546 272 829 405 817 16 481 676 259 987 231 932 610 916 853 408 214 888 43 255 654 440 931 124 801 910 287 593 697 353 942 652 779 301 74 553 325 307 682 676 651 608 931 897 622 471 586 413 596 41 199 824 281 523 725 971 398 263 522 36 400 518 978 389 122 216 5 152 548 959 961 989 186 585 317 255 619 709 301 396 315 767 418 427 209 652 210
590 801 50 244 196 271 622 38 572 107 846 879 223 723 42 911 606 769 849 900 773 337 612 861 662 209 194 749 593 792 266 220 928 163 385 498 495 737 367 808 912 706 200 232 579 197 306 362 907 685 89 393 317 349 602 674 408 658 256 698 31 510 262 13 517 472 957 771 790 412 91 835 753 721 323 553 808 459 303 273 902 517 958 989 78 245 771 954 823 369 756 994 315 272 665 613 163 83 861 468
685 268 150 669 22 379 423 296 617 914 497 58 152 3 333 578 684 144 5 70 132 109 785 264 348 774 365 241 634 600 665 246 342 609 449 905 108 762 574 315 331 208 674 834 851 410 295 919 251 980 353 526 352 677 65 576 486 351 173 636 209 628 924 457 477 462 464 776 492 913 327 106 791 477 297 827 828 117 930 306 148 125 566 964 881 719 271 66 570 83 739 916 510 952 665 51 29 42 636 748
6 485 219 17 295 712 207 755 895 988 835 658 227 45 323 228 179 932 366 771 912 362 638 949 333 657 116 750 300 458 685 214 290 153 0 442 384 943 879 621 636 877 616 913 613 551 821 658 157 517 90 10 668 131 310 121 665 23 539 144 499 715 959 284 409 827 264 132 373 56 410 627 533 259 669 179 535 243 577 983 297 995 939 824 467 654 433 12 161 140 211 732 143 764 869 162 981 30 794 445
13 142 973 401 913 647 409 265 934 910 43 440 731 729 798 885 449 199 117 447 21 14 137 873 645 673 269 978 968 415 659 697 536 692 429 273 528 8 277 547 722 342 456 548 674 16 234 893 283 697 800 911 471 580 819 247 175 68 281 479 947 307 587 152 971 483 456 863 128 28 230 137 306 687 458 93 402 933 909 608 890 219 642 69 85 616 722 217 921 813 451 768 196 465 751 780 442 199 675 64
649 601 786 333 104 318 241 437 206 935 919 906 276 647 183 28 16 755 371 864 92 988 244 961 769 762 158 376 403 418 848 248 940 614 837 25 591 54 661 407 719 439 821 60 46 239 600 373 509 776 87 103 589 746 833 641 226 291 373 495 719 884 504 256 460 853 270 818 238 996 104 78 516 139 376 105 712 15 796 211 761 244 325 162 564 592 167 60 886 768 894 835 778 375 888 837 602 670 791 853
148 617 35 972 377 847 507 161 872 634 255 934 429 621 283 546 558 234 428 730 849 498 288 344 26 758 493 527 903 662 755 715 824 627 233 263 445 369 865 116 914 942 397 746 936 106 332 679 948 138 365 831 200 155 412 889 501 559 639 499 219 541 590 767 45 786 735 363 686 126 217 801 550 699 834 636 713 396 238 676 220 382 628 543 385 40 884 29 437 742 665 254 916 570 460 872 386 79 674 297
991 418 655 391 755 796 566 444 313 428 728 586 531 956 863 74 414 764 837 174 298 91 120 990 230 715 650 449 706 823 843 945 835 248 108 889 738 553 298 903 487 117 138 7 492 949 557 941 788 118 449 350 45 959 666 32 446 746 311 506 476 296 71 406 61 110 319 202 774 723 202 803 997 955 307 891 336 984 20 32 623 99 867 508 808 2 322 53 429 108 241 55 200 105 13 640 293 642 688 570
913 457 816 780 281 37 770 544 981 444 881 185 790 714 145 862 278 323 924 564 351 39 286 9 958 349 528 357 328 552 2 163 651 509 395 493 373 806 311 34 540 546 615 594 319 15 791 947 705 300 268 907 790 518 185 750 3 352 858 849 612 728 123 954 466 970 764 214 203 865 92 529 949 199 816 504 271 553 515 75 170 110 126 530 261 525 775 996 15 479 328 175 56 832 796 485 505 422 815 662
683 402 723 14 439 39 629 262 101 806 203 453 99 462 152 897 574 880 739 136 990 675 836 88 204 638 875 914 438 832 13 788 228 613 308 660 964 565 369 99 626 103 393 571 968 294 773 584 182 818 103 499 805 494 972 35 927 334 859 277 349 910 630 115 125 739 602 766 294 357 94 571 178 678 889 896 804 808 490 284 895 609 420 218 764 152 953 862 551 476 40 462 697 869 125 284 373 973 893 844
748 312 513 222 794 181 444 933 269 150 878 371 524 18 705 245 321 999 569 370 399 768 936 484 164 184 314 970 460 641 151 491 764 279 133 687 554 801 496 44 103 337 122 528 169 671 988 466 611 472 21 432 910 635 16 993 867 281 512 190 184 720 437 434 862 477 527 716 985 632 481 558 585 742 861 943 953 85 236 389 423 66 478 824 157 899 431 208 830 858 855 734 846 759 351 961 250 893 665 884
413 278 459 982 21 468 315 856 842 827 876 819 258 211 630 306 883 128 549 826 613 147 617 690 305 643 804 33 799 509 4 233 828 683 609 167 432 619 472 907 408 174 469 472 316 134 984 136 264 612 545 313 985 852 626 700 231 886 934 445 638 719 216 337 42 709 817 593 771 461 615 163 894 453 242 783 112 24 748 51 82 261 434 644 232 726 595 336 541 125 435 971 612 69 941 749 282 270 738 99
278 984 339 855 272 192 291 436 753 321 433 168 115 177 714 578 485 661 579 627 297 975 20 519 453 474 534 446 596 758 747 297 606 680 290 202 108 428 150 380 603 26 32 499 472 669 354 919 232 614 368 401 356 810 141 168 967 480 41 681 481 459 152 15 719 860 344 781 226 245 377 126 78 427 376 601 67 318 734 462 976 843 833 888 623 78 32 582 726 33 743 686 652 74 307 151 360 226 154 827
544 389 109 247 211 32 12 667 148 876 538 604 403 426 275 885 278 168 369 335 674 640 135 244 952 933 59 856 521 83 89 698 319 470 790 996 684 251 220 143 848 865 187 370 638 263 68 348 890 19 566 160 592 327 262 852 401 273 674 5 391 660 725 408 338 712 325 271 272 313 514 419 165 275 600 80 658 529 741 841 563 651 679 682 868 963 836 313 884 17 829 343 816 816 592 310 859 114 893 678
968 590 216 882 256 245 38 329 587 357 12 390 796 679 0 935 463 335 513 601 51 535 756 737 649 409 520 927 361 151 670 187 126 913 115 980 717 698 613 835 368 906 384 723 540 210 517 590 888 116 718 572 935 610 838 156 303 493 420 715 525 941 33 57 104 334 666 945 273 652 891 445 470 132 991 630 678 75 175 448 758 358 240 764 396 877 25 620 970 729 642 933 847 971 696 15 972 371 669 322
711 740 56 475 160 720 259 29 162 622 984 592 249 945 2 409 357 447 188 66 940 346 62 243 310 118 184 217 623 43 824 291 68 283 217 835 644 294 503 875 411 811 195 198 473 456 997 830 953 143 586 703 455 682 898 922 562 246 950 559 744 57 746 922 278 142 29 276 582 377 882 110 743 341 442 208 104 113 615 287 690 753 736 117 655 663 9 377 886 809 602 678 706 329 460 377 807 986 632 361
144 545 743 526 172 907 978 985 479 128 258 691 108 981 847 707 760 695 798 390 827 111 117 577 615 278 675 437 73 916 503 892 30 583 811 63 625 268 412 136 376 620 461 916 481 4 8 116 681 53 546 321 139 336 782 620 391 600 533 88 332 723 257 445 447 120 43 130 61 417 96 238 990 899 569 508 733 915 924 347 127 654 452 310 904 543 191 313 230 153 665 236 240 505 905 18 449 349 848 371
748 917 919 922 454 462 369 134 294 243 604 987 610 491 584 29 396 229 355 330 46 538 482 222 933 205 255 308 802 106 240 123 164 366 132 144 277 920 76 675 132 503 879 284 109 932 75 588 686 923 859 292 169 358 70 531 370 257 113 41 78 455 1000 658 784 242 953 188 694 602 22 395 358 248 277 438 267 61 825 217 367 493 912 194 92 902 476 627 994 345 910 866 389 367 466 238 285 887 470 75
304 570 644 205 798 848 940 633 357 704 817 59 747 153 804 222 463 788 13 708 178 835 968 905 534 430 665 328 697 489 371 858 683 796 589 397 810 606 288 115 267 827 706 813 488 124 859 222 41 19 929 128 762 329 99 832 764 835 773 323 32 889 392 779 755 110 207 239 228 92 591 443 744 687 992 82 405 347 456 47 532 574 378 136 13 263 716 840 919 725 126 949 695 595 179 599 531 329 151 992
990 294 704 19 290 943 960 293 829 722 335 272 340 286 311 710 766 585 47 244 444 902 664 599 9 836 837 273 207 429 733 112 284 443 878 414 883 498 985 440 34 139 851 693 615 545 921 680 53 318 821 102 139 241 801 114 635 519 787 579 725 180 850 739 611 558 532 652 473 111 596 77 316 203 391 993 372 545 891 693 449 60 562 817 578 689 200 925 324 83 347 255 751 759 325 791 508 50 608 440
334 169 60 581 867 72 247 659 122 810 346 251 131 700 800 886 108 451 692 351 609 782 663 840 873 703 487 179 449 909 177 921 942 813 566 468 940 68 77 113 352 507 504 504 824 552 736 384 683 215 311 685 942 731 45 906 768 27 733 247 218 949 395 972 450 235 978 387 95 519 467 42 909 871 670 67 270 423 674 213 691 586 809 329 909 102 11 681 35 523 832 605 62 921 577 231 144 288 637 652
991 227 420 315 774 19 217 575 801 73 192 678 976 659 386 473 278 611 846 35 100 58 106 58 957 324 109 660 661 878 261 646 629 200 563 107 524 636 946 485 176 611 308 820 268 519 494 927 166 576 615 476 268 367 327 280 953 503 134 179 459 862 106 519 749 686 914 899 159 353 418 371 689 539 496 1 46 26 177 685 667 90 50 85 386 567 180 902 480 489 504 74 488 441 216 534 961 44 501 383
673 713 166 995 436 255 678 230 672 565 109 29 659 38 375 571 420 723 474 489 102 605 824 620 559 55 886 611 457 611 121 428 946 74 614 62 530 168 544 907 701 235 183 517 471 8 540 81 199 141 25 756 432 822 804 725 494 475 346 674 541 637 468 364 838 287 113 269 377 329 456 678 282 700 894 479 377 390 851 94 222 100 313 368 824 439 529 129 378 236 550 967 915 203 372 286 678 489 86 237
888 639 249 311 141 442 886 112 917 211 103 324 114 641 593 929 390 489 5 74 606 152 440 408 192 705 340 744 842 202 652 123 546 339 802 753 359 830 877 824 711 316 606 163 121 819 643 707 214 465 321 930 220 304 640 435 693 377 874 875 295 44 498 623 855 598 437 298 342 985 88 111 843 53 467 771 461 222 888 59 64 770 147 938 260 398 8 971 311 495 226 945 480 238 120 141 687 15 677 128
896 414 300 1 362 979 744 54 820 886 749 590 883 265 90 264 736 553 382 24 0 771 896 447 55 688 298 387 692 308 463 371 937 921 477 394 689 499 233 685 989 188 744 430 828 531 683 912 433 126 790 63 111 227 264 890 318 179 395 859 265 623 662 382 951 326 824 341 44 587 192 234 594 863 17 507 808 103 144 815 925 237 237 562 637 32 157 830 76 162 20 190 766 336 595 468 267 327 302 282
66 373 77 785 314 280 660 828 591 576 466 411 201 627 159 896 480 246 571 307 660 984 473 462 758 512 387 423 762 720 260 870 334 404 927 636 582 95 87 698 136 964 243 853 741 583 69 185 849 449 27 939 289 911 498 807 154 126 358 230 986 504 103 409 832 116 810 277 447 40 790 600 996 377 60 484 171 628 464 419 151 544 577 456 332 59 217 258 199 666 205 496 360 489 105 841 206 88 561 612
184 570 892 96 124 933 773 142 318 290 571 998 740 507 779 743 347 923 694 732 290 7 855 595 59 682 306 654 227 205 680 467 54 934 739 793 425 372 545 531 790 326 212 641 7 882 726 78 613 408 934 794 477 144 228 968 977 200 505 484 130 738 636 619 187 467 97 454 251 594 452 597 406 50 415 725 779 809 624 880 270 47 275 701 316 276 76 698 645 766 37 899 548 491 738 959 564 65 24 752
918 929 254 454 652 90 246 413 272 416 948 81 934 580 940 319 311 558 329 912 640 679 760 77 780 864 945 867 285 172 784 413 989 516 951 202 584 184 88 478 290 398 227 469 489 318 952 136 201 193 950 802 955 861 162 308 491 89 781 588 873 182 275 617 600 737 184 695 981 986 862 699 933 269 879 977 249 724 351 468 497 510 726 689 238 610 978 926 293 597 139 48 122 869 737 737 17 679 338 929
996 361 908 725 666 118 484 460 982 743 426 659 115 453 786 22 606 68 874 844 374 29 672 254 514 164 851 125 348 59 300 834 901 4 682 175 140 178 530 755 354 594 467 59 70 650 458 564 489 618 901 734 148 463 597 355 912 228 419 524 370 649 738 315 479 709 916 704 870 219 367 208 967 1000 498 938 556 284 671 607 492 221 498 253 246 196 929 325 337 263 394 276 59 719 37 532 313 400 42 348
262 953 785 675 951 179 408 403 510 843 71 913 324 950 344 230 653 258 859 269 38 970 10 778 828 312 413 379 985 983 798 127 123 819 622 296 532 555 195 600 214 944 546 67 970 983 507 376 870 854 838 507 872 29 800 332 703 62 753 779 284 548 164 277 861 958 69 814 450 129 388 575 733 810 953 627 320 690 762 402 502 662 526 828 919 847 363 163 43 240 890 809 574 999 731 487 758 213 156 571
968 517 864 827 398 652 591 418 149 817 363 706 409 361 159 244 458 128 21 54 695 963 272 356 591 475 855 44 727 742 591 151 551 505 861 929 72 404 296 882 357 979 561 845 125 107 398 796 926 500 328 748 30 56 765 421 475 953 144 780 741 485 775 344 663 370 874 876 759 473 554 307 257 908 231 906 657 9 96 943 826 292 937 525 804 158 623 289 485 160 887 193 53 397 814 611 57 94 447 382
954 414 656 963 338 635 477 267 474 295 81 545 605 136 893 57 446 577 928 422 116 376 559 941 784 586 960 637 490 234 1 198 274 668 627 484 861 25 388 116 160 559 900 172 900 4 593 852 579 751 621 825 600 375 865 413 308 123 352 703 696 868 479 360 789 33 962 297 626 255 219 53 371 525 806 777 177 795 348 384 469 757 187 966 378 643 871 321 266 501 974 352 143 830 438 540 692 749 540 905
944 231 764 737 99 339 943 143 709 407 872 61 842 140 569 768 581 559 31 281 278 119 174 270 759 518 718 323 447 440 981 969 489 815 681 37 52 695 583 419 78 71 47 697 22 523 356 758 903 790 935 588 588 379 278 596 5 296 947 391 397 473 135 254 910 903 136 577 159 654 837 773 740 975 506 919 596 297 772 58 771 523 600 463 593 803 71 633 934 196 907 16 3 676 284 200 350 981 778 180
347 910 930 532 913 253 340 131 52 61 141 194 57 976 44 871 542 469 947 637 137 780 976 171 444 65 171 736 206 971 205 221 568 877 663 346 887 740 251 721 358 43 794 850 252 533 583 107 679 520 864 240 240 269 923 441 543 298 701 528 551 173 519 365 265 428 548 292 903 244 931 646 969 924 781 954 228 318 471 408 284 456 273 263 910 523 494 256 28 463 323 566 283 568 936 294 175 605 928 800
346 485 979 938 124 463 759 820 390 285 918 127 768 650 136 726 517 610 572 785 989 768 255 621 163 426 732 522 626 249 796 54 720 197 523 650 381 98 540 400 139 610 160 737 585 617 722 579 958 476 832 120 389 321 776 112 259 188 124 449 684 340 41 81 912 314 489 415 419 718 322 233 918 94 121 763 307 193 739 338 35 331 817 963 347 937 330 50 611 952 141 373 779 948 745 170 531 396 989 562
715 850 349 812 373 715 44 201 679 772 26 838 866 80 285 435 409 182 296 144 660 342 985 147 748 403 180 991 604 219 608 577 960 706 253 852 990 65 286 270 16 945 654 635 832 576 188 939 496 441 258 733 533 757 723 159 995 7 701 578 129 143 604 378 886 92 652 586 724 716 384 343 560 261 759 597 52 31 422 173 100 350 96 607 282 720 599 903 76 820 524 277 60 411 290 227 187 577 1000 226
38 709 461 322 979 442 955 192 780 25 204 616 491 512 909 382 685 268 771 794 711 932 613 849 100 345 492 142 559 675 28 654 742 657 300 530 55 208 986 613 1000 85 975 454 269 228 850 832 124 901 632 295 67 493 33 41 286 988 427 544 903 510 6 603 464 129 99 822 158 396 830 754 72 273 881 198 421 965 967 366 141 979 358 777 899 835 494 266 350 217 856 778 834 623 895 582 224 616 411 785
140 353 936 697 473 95 252 292 952 709 66 877 407 249 140 630 854 813 865 195 639 887 409 180 146 880 90 389 106 225 903 725 27 939 967 765 584 424 179 305 889 49 596 286 137 505 653 860 9 954 638 724 973 850 489 889 593 428 53 976 196 236 498 993 102 377 729 561 470 188 284 826 207 494 224 437 394 204 727 327 268 303 19 210 150 48 915 611 181 98 825 108 720 143 835 909 724 532 645 799
925 502 209 719 31 350 308 27 853 301 873 954 722 305 397 867 314 958 962 507 994 949 772 847 888 535 325 743 672 264 959 402 471 591 203 157 402 634 198 919 187 10 920 947 646 188 273 449 399 954 593 547 184 449 184 511 461 472 838 852 716 641 724 168 922 553 314 592 577 589 943 47 453 85 738 225 856 589 319 848 780 164 617 189 340 402 584 383 824 118 748 196 393 50 817 896 819 982 557 106
607 860 395 126 736 446 969 67 583 599 891 196 935 544 887 765 548 470 842 833 456 257 500 49 935 360 535 838 282 429 116 315 825 439 336 398 218 908 332 205 647 446 977 374 408 708 375 959 904 861 1 745 825 269 372 434 828 0 819 970 949 165 380 849 804 213 56 818 394 527 729 456 59 284 476 982 206 565 200 105 607 261 577 594 287 802 643 154 475 196 551 967 562 127 421 332 115 615 527 470
968 164 222 956 284 850 597 972 589 713 266 117 34 515 766 19 147 376 241 534 50 920 935 361 946 47 487 782 419 617 105 425 216 698 46 302 931 784 673 251 251 371 80 825 897 331 457 582 824 435 64 610 460 96 643 42 622 120 792 619 956 339 962 429 69 962 491 183 70 566 803 811 342 649 7 813 253 768 881 921 408 263 865 27 452 217 508 100 633 91 830 459 987 555 634 734 153 375 338 114
281 740 935 358 483 947 196 206 412 709 155 442 519 171 661 794 538 361 111 866 158 70 23 901 357 970 85 329 813 831 77 64 316 215 43 739 898 618 460 708 87 482 784 332 812 643 194 870 667 460 117 706 699 538 374 274 703 6 521 268 937 375 584 19 901 307 244 427 128 616 9 160 433 676 161 264 473 328 15 619 583 389 144 196 733 139 843 913 922 718 216 709 318 563 124 186 385 936 242 251
350 957 870 122 565 802 380 296 272 54 449 965 233 54 385 374 73 156 539 206 950 426 937 171 886 67 795 400 492 800 100 963 732 668 339 538 904 360 379 497 285 407 406 15 219 190 35 681 541 34 893 547 370 868 380 309 748 147 183 997 690 851 5 907 449 541 855 827 892 626 65 535 501 836 246 392 80 138 937 988 758 902 921 685 147 401 540 453 98 996 459 261 593 388 912 711 856 129 992 164
717 834 973 552 697 857 436 91 816 312 961 777 755 47 663 843 171 876 98 73 414 287 865 208 611 217 698 974 132 129 216 386 367 877 638 941 248 541 379 328 194 811 542 52 804 575 960 435 704 174 968 539 862 514 617 308 350 900 387 875 226 980 53 154 550 614 902 395 215 264 384 775 658 141 324 839 869 417 136 395 151 901 787 126 480 934 268 874 725 255 138 297 810 550 607 211 29 788 730 761
401 418 494 637 724 329 755 681 579 171 882 173 74 603 132 660 940 913 404 244 43 532 891 383 407 172 14 108 831 518 500 350 173 270 568 327 434 219 13 370 962 303 739 307 460 177 111 230 885 563 50 810 365 837 706 300 620 474 130 80 392 431 436 605 812 431 888 726 303 799 36 212 334 639 200 480 739 816 842 676 777 380 48 273 132 537 994 144 110 261 179 674 442 677 876 520 832 20 80 425
951 552 832 246 604 602 926 779 189 276 108 778 920 973 179 187 453 692 171 479 816 148 331 633 280 253 948 787 456 908 999 733 393 281 431 980 732 466 354 696 357 936 662 808 853 769 51 138 535 684 895 180 178 303 666 120 758 632 192 704 176 932 462 231 815 472 449 624 435 91 288 602 864 809 712 363 53 510 587 207 207 520 115 319 181 862 509 903 361 660 997 585 87 421 957 550 775 646 17 575
151 714 320 995 197 614 104 79 269 662 372 150 514 962 511 345 638 109 133 921 365 406 933 543 474 397 477 562 231 111 684 490 343 282 561 296 996 474 210 89 927 872 459 356 290 103 70 166 964 368 58 387 93 32 725 227 348 661 760 440 170 532 146 545 424 567 116 154 56 620 63 956 660 210 297 507 118 70 192 851 897 928 4 30 325 30 331 939 226 758 509 906 534 409 907 745 879 806 802 577
252 911 285 336 354 123 484 733 11 509 544 110 433 115 812 93 430 863 119 579 530 320 296 884 442 405 665 141 145 785 922 727 191 146 451 257 789 537 926 253 572 798 824 980 483 263 758 788 626 773 433 858 920 318 727 925 194 815 724 609 123 973 972 767 202 82 616 494 460 62 400 342 654 519 200 690 892 672 836 151 822 289 582 604 40 395 376 589 148 592 740 634 568 678 218 864 34 12 718 368
314 986 262 805 928 339 979 625 911 672 140 146 922 560 685 608 927 406 801 596 66 574 825 497 274 980 518 436 354 190 6 203 58 973 104 843 582 82 312 512 748 106 194 706 898 777 546 87 785 485 655 343 138 13 136 441 632 158 686 494 88 172 863 956 678 605 996 137 907 478 136 86 547 274 130 897 91 282 488 435 883 148 111 793 348 585 20 939 415 705 597 851 703 308 516 816 830 428 300 64
985 819 393 578 371 888 194 418 395 686 877 777 630 718 901 211 487 162 613 312 236 672 944 552 903 25 912 795 803 447 604 972 830 247 861 263 493 837 0 211 57 551 123 726 629 788 513 458 450 493 388 352 906 39 281 110 612 336 338 817 295 614 548 279 450 371 185 285 805 12 569 368 955 366 971 523 667 920 968 198 870 81 574 126 759 792 660 913 87 738 178 974 202 316 6 367 998 445 383 300
698 535 410 3 505 491 12 534 268 376 446 396 669 494 332 512 151 308 410 225 201 736 298 71 550 540 752 867 217 247 894 976 767 752 280 293 947 332 382 834 635 907 865 312 63 379 514 993 439 510 221 687 454 898 473 27 334 903 777 425 861 992 137 896 596 712 712 338 237 726 168 292 756 120 599 195 548 657 757 261 201 170 323 39 346 356 436 644 553 790 981 449 156 513 495 891 927 184 467 279
963 263 272 970 334 83 242 483 220 155 623 283 504 217 575 772 71 177 148 33 954 822 203 676 688 995 327 634 202 171 255 208 8 262 951 670 299 670 886 247 46 634 808 718 917 451 549 395 207 852 90 623 836 998 589 584 860 85 262 229 570 914 25 280 545 539 692 983 838 730 223 903 588 732 578 641 736 785 455 391 166 140 570 711 679 415 804 958 89 614 385 280 787 588 297 78 518 2 922 291
583 272 520 269 1000 590 233 623 199 218 969 493 872 81 605 488 485 545 11 15 394 916 112 859 852 477 848 802 226 479 242 659 580 814 106 877 841 22 990 254 77 945 632 779 637 502 337 347 166 491 552 899 814 752 358 110 851 443 287 20 714 351 747 464 174 668 403 466 528 154 760 345 985 895 516 964 708 54 146 97 693 670 426 92 795 774 570 194 970 634 333 255 673 766 109 737 345 693 791 257
108 654 561 896 297 198 835 735 266 259 223 652 920 126 301 889 196 204 243 297 936 272 417 254 965 667 713 924 190 172 83 688 195 193 380 326 763 880 500 182 323 77 105 138 261 115 486 684 607 960 988 742 296 126 408 666 587 760 332 889 761 574 746 136 71 773 19 139 359 171 831 651 604 667 365 948 662 167 832 34 777 170 333 829 854 844 667 28 268 642 49 187 114 833 701 411 391 395 365 220
321 733 330 929 622 279 950 616 990 952 909 306 847 554 328 898 1 245 324 435 795 393 946 871 477 56 39 485 342 929 443 210 309 106 377 293 735 802 306 410 499 216 534 633 623 649 951 2 519 498 74 900 82 38 705 396 405 499 87 246 48 649 802 743 92 126 125 68 58 417 825 587 147 48 107 416 406 248 454 394 277 972 533 275 317 361 621 982 182 890 466 789 898 774 748 274 766 942 416 354
629 644 61 796 346 395 493 812 553 38 951 266 854 815 913 938 425 976 694 205 997 317 760 587 8 65 894 451 98 742 623 837 4 709 376 261 273 974 601 712 828 90 49 701 653 353 692 923 572 369 527 858 939 16 16 674 784 214 842 884 600 61 341 629 397 405 509 694 766 597 969 206 90 881 989 697 498 886 361 262 714 624 911 529 973 326 611 709 27 421 196 231 858 101 864 470 473 570 325 884
137 792 231 508 688 678 874 925 323 41 52 335 519 515 852 221 113 889 285 535 434 522 668 813 109 98 868 10 916 985 844 368 826 34 951 389 659 188 94 24 80 674 511 169 22 219 161 112 824 469 653 939 330 172 589 564 874 239 335 503 905 721 869 327 785 956 952 313 226 596 945 958 731 654 622 260 208 523 802 233 935 899 240 233 738 616 490 481 13 391 93 943 828 530 112 734 940 869 181 917
552 836 968 918 562 662 687 929 625 518 59 712 923 385 337 497 613 287 498 887 188 220 757 166 151 807 849 951 524 351 548 667 351 446 82 100 473 977 229 85 42 343 656 226 387 696 764 883 249 580 296 695 972 835 151 817 903 996 985 635 752 603 38 289 218 919 567 658 100 647 554 37 189 345 128 846 631 444 573 284 889 299 476 196 657 929 641 300 110 1 189 137 819 533 201 676 341 345 881 66
232 82 264 252 811 794 316 598 450 219 94 852 641 181 233 223 523 256 796 861 705 155 661 771 585 267 381 260 203 516 967 330 416 402 761 783 836 818 640 170 456 627 316 44 861 961 356 604 336 534 765 513 42 757 565 547 978 212 558 928 662 260 483 549 602 807 224 232 834 920 72 684 823 499 249 540 903 551 925 561 160 635 1 740 79 506 759 676 282 297 232 137 75 65 284 800 300 823 418 329
16 819 224 98 471 177 903 199 607 549 490 456 897 779 977 324 977 757 244 391 854 312 941 959 321 650 125 89 312 272 655 476 491 718 851 714 650 678 686 53 796 520 584 944 299 848 860 740 888 620 881 70 179 325 638 587 245 787 731 159 995 818 486 746 617 894 444 645 115 567 540 704 922 599 750 34 390 272 82 318 232 908 40 367 484 272 146 900 472 517 894 894 935 605 959 812 136 416 871 336
694 948 244 193 398 432 871 743 310 285 709 183 6 326 700 280 762 599 407 235 177 773 709 176 29 179 147 910 815 740 52 871 914 63 314 247 913 244 249 350 624 641 989 678 508 889 126 463 621 58 919 732 845 2 234 323 939 351 632 878 8 394 924 386 113 249 420 1000 950 579 878 780 758 978 412 137 511 44 141 781 342 487 913 611 218 659 303 931 31 99 885 43 644 548 644 904 122 122 699 87
38 989 196 990 980 927 602 425 828 456 8 38 334 925 797 55 802 391 733 630 225 798 77 394 124 13 970 98 28 461 136 744 101 133 483 712 738 10 961 300 528 931 343 293 564 112 975 156 776 16 426 236 363 553 901 65 104 509 183 318 385 579 754 542 116 646 85 551 520 528 217 199 831 687 186 806 578 212 26 340 428 180 161 401 166 420 833 853 215 312 515 819 312 486 224 894 371 520 19 536
29 174 869 988 561 565 399 21 97 327 748 603 43 281 207 744 941 24 868 135 446 763 573 397 108 287 345 833 18 82 123 453 277 380 581 723 953 174 136 728 588 280 712 194 107 102 823 237 797 53 79 117 818 239 716 744 273 755 458 459 263 506 753 726 940 246 166 469 353 901 38 891 514 721 25 749 920 155 73 941 958 401 116 739 840 982 102 453 577 849 993 826 614 630 246 829 494 644 310 658
647 800 228 718 49 339 223 575 258 21 666 296 809 793 196 322 469 432 929 281 289 639 714 401 125 681 581 284 622 750 350 874 479 883 913 906 900 581 186 812 865 383 606 990 638 922 178 545 370 881 239 625 576 539 240 43 109 725 658 533 656 375 312 642 406 206 610 16 350 748 857 973 643 398 549 298 827 586 94 280 207 656 876 351 69 201 985 943 874 200 456 308 848 133 464 140 725 24 645 722
200 462 727 227 394 98 748 754 834 644 553 123 339 67 535 739 875 784 572 264 290 801 35 740 482 902 470 594 499 429 976 325 836 311 238 678 219 973 171 405 786 410 947 5 914 921 487 249 594 116 505 417 709 552 72 198 717 893 106 601 316 759 291 567 17 373 647 805 196 220 855 360 546 281 579 938 426 10 889 441 47 114 947 799 575 991 0 90 406 17 910 57 356 272 313 851 81 937 721 217
837 635 829 269 983 771 28 277 989 359 111 297 880 464 710 887 944 536 224 864 709 204 755 788 486 73 401 920 943 677 95 137 146 13 288 147 526 427 755 15 525 379 942 648 399 906 673 681 559 970 982 34 551 118 718 49 122 453 299 597 247 890 580 131 288 984 509 74 504 963 536 27 775 654 113 390 157 962 187 880 801 28 924 414 418 469 666 782 79 230 291 171 885 976 240 450 222 661 862 689
290 692 778 799 581 656 610 696 858 666 654 85 950 533 113 160 132 1000 108 389 178 635 771 212 185 248 737 955 207 446 867 561 780 756 119 722 251 332 623 823 682 173 141 787 815 380 133 445 440 850 206 732 907 570 299 58 386 425 27 398 836 426 100 254 857 805 7 550 373 940 870 616 466 367 523 112 934 401 589 456 976 93 637 409 187 157 26 771 906 910 398 325 968 633 962 675 549 568 241 349
305 700 608 219 973 794 284 884 755 877 378 61 590 995 742 54 629 67 424 982 684 290 360 402 572 121 596 302 622 393 834 150 762 852 572 562 19 696 284 16 849 612 984 917 873 772 545 731 363 535 700 722 370 75 207 318 137 391 423 322 947 10 765 347 593 962 397 396 897 25 650 49 770 127 419 946 245 780 140 335 19 235 393 611 399 849 366 911 856 332 386 964 328 372 987 508 755 312 12 487
845 657 805 636 237 296 335 225 507 59 520 809 46 676 946 556 29 709 546 430 739 165 654 36 420 315 310 317 911 601 267 451 804 350 785 998 132 404 760 198 117 665 132 583 352 359 416 637 224 744 355 514 265 787 939 787 686 111 350 320 839 587 245 232 963 278 871 640 804 288 31 47 473 598 273 865 274 47 575 287 534 651 530 746 665 939 525 511 418 241 622 651 682 461 295 866 780 438 533 732
137 938 700 879 989 787 502 502 946 329 589 332 421 687 560 819 733 157 659 149 985 343 397 284 761 1000 717 287 991 940 892 99 37 297 465 917 279 261 522 743 390 160 967 253 353 524 566 560 579 774 164 603 899 178 215 454 962 526 80 436 394 962 210 449 18 479 545 710 251 408 312 526 79 557 303 314 251 392 66 483 306 802 993 853 282 779 455 142 167 370 666 940 225 923 717 93 409 493 490 593
312 605 114 915 757 45 64 251 635 749 172 683 159 703 580 562 634 395 338 355 741 336 874 510 28 832 809 189 681 71 160 531 549 902 955 313 886 730 430 703 858 85 712 676 849 624 985 557 751 978 434 489 940 652 523 672 211 631 243 198 239 897 605 570 713 608 844 891 944 160 809 488 166 197 809 486 499 882 114 767 963 36 978 601 660 646 565 959 138 270 286 96 831 939 907 486 960 966 268 85
755 360 625 606 190 274 233 446 484 792 669 551 78 738 827 553 864 485 843 722 135 378 254 264 342 377 204 24 460 873 917 493 195 719 94 986 816 9 165 365 264 399 774 819 545 0 247 543 626 359 10 394 848 255 877 290 763 995 86 765 303 86 691 503 179 913 468 667 724 156 107 841 454 352 170 506 958 109 655 944 464 651 865 585 251 219 150 83 812 115 572 828 714 532 22 946 69 993 60 105
230 681 830 314 438 413 387 859 326 69 800 804 67 328 85 446 896 982 267 237 469 669 995 796 241 892 588 371 213 288 926 984 895 586 21 722 842 962 675 998 607 471 386 601 775 370 883 28 186 348 339 142 268 515 921 177 174 766 355 535 580 469 135 11 420 131 754 802 688 507 736 761 217 135 895 636 475 994 686 183 185 213 331 501 745 292 789 966 726 227 324 249 538 930 311 537 36 687 343 325
525 515 897 386 503 617 862 406 934 734 364 132 547 647 430 949 578 141 931 487 87 139 555 351 800 689 362 563 809 206 771 468 109 778 283 994 238 453 86 858 28 598 276 755 674 667 434 648 726 479 600 148 440 463 972 346 812 170 479 557 16 523 574 287 409 343 574 525 110 428 814 125 21 518 189 766 522 742 408 364 26 607 962 911 920 401 809 653 370 548 88 830 856 238 78 856 617 868 414 864
537 473 624 224 278 815 123 267 649 558 692 371 183 280 755 189 219 401 643 738 600 563 740 907 6 380 721 265 361 857 459 632 865 300 539 233 911 262 917 243 411 533 240 375 813 395 277 632 106 204 625 152 422 483 555 391 865 996 57 48 295 344 545 501 136 948 300 651 384 587 499 763 238 270 308 886 373 836 584 244 960 892 469 882 268 448 281 324 730 124 769 75 992 136 600 192 998 206 439 16
81 899 11 780 19 889 691 406 207 834 496 405 455 205 897 820 282 63 27 106 20 323 62 858 162 587 474 477 724 530 473 747 92 798 74 906 314 217 985 412 588 781 921 231 864 336 538 249 118 771 84 314 595 478 42 155 723 857 634 635 166 930 186 91 727 789 985 252 63 177 752 122 983 851 749 982 719 619 858 630 896 64 216 536 358 615 179 766 318 646 800 312 435 374 909 338 765 904 371 388
949 577 421 426 624 594 926 794 914 636 389 54 801 328 122 260 174 412 801 550 655 90 68 864 704 338 224 277 201 338 48 990 577 70 245 768 344 850 151 442 265 999 413 964 575 40 759 231 672 108 894 767 438 960 543 166 921 221 118 160 222 460 770 915 197 760 741 501 111 287 45 730 163 245 677 279 429 825 568 558 599 558 547 364 572 10 207 137 86 87 884 211 815 619 872 748 78 84 903 113
399 614 687 72 560 829 347 797 106 471 581 978 250 865 680 796 407 782 268 691 484 798 313 729 716 954 968 906 934 737 578 978 243 651 925 898 632 562 140 90 656 570 584 444 471 160 350 569 447 802 767 641 647 346 353 554 768 649 71 454 908 804 886 716 941 963 22 471 908 767 78 420 571 156 66 674 642 197 148 661 582 901 812 362 174 119 29 993 438 429 298 791 631 81 76 634 194 311 571 955
667 694 569 184 449 578 55 765 569 311 694 90 101 620 701 289 394 307 45 295 129 210 443 78 604 628 248 947 491 675 257 741 870 639 204 172 207 576 560 8 580 223 650 380 240 33 37 420 270 508 217 403 29 723 342 791 132 43 255 326 621 200 808 319 591 61 395 296 620 333 196 473 653 89 383 969 159 626 68 290 241 282 43 912 163 407 969 125 857 339 714 178 640 115 694 540 52 579 407 900
831 120 526 669 413 453 200 951 348 915 153 558 89 13 45 456 525 953 40 815 81 117 103 918 618 368 633 536 697 946 162 182 949 125 859 447 400 632 563 930 592 477 94 71 854 491 520 511 597 344 714 656 488 752 123 570 74 487 602 451 884 297 463 274 867 422 818 782 218 703 232 189 616 304 402 863 365 93 670 34 910 685 505 978 192 119 179 886 857 409 619 0 213 832 809 726 127 581 912 116
314 575 822 918 802 987 757 458 643 162 409 729 44 533 695 741 692 241 821 877 120 334 70 66 334 515 243 314 358 882 105 584 84 745 499 105 419 961 312 301 142 529 91 813 458 409 439 826 909 835 560 375 775 547 673 526 578 723 853 954 934 452 5 910 762 519 387 113 571 479 610 902 164 551 187 437 539 518 779 533 722 826 337 203 174 264 466 517 640 963 967 238 856 59 768 135 928 18 827 725
75 149 642 783 289 879 989 123 411 357 566 517 14 289 516 988 421 353 793 407 238 47 606 992 678 346 465 925 264 532 261 8 439 550 327 37 982 959 281 986 629 1000 297 29 643 901 411 1000 152 842 161 523 784 467 480 83 107 713 32 202 955 164 367 284 435 997 355 855 169 263 225 628 540 216 635 288 758 763 308 326 197 351 790 351 929 354 680 397 409 78 543 894 253 174 5 932 256 431 435 841
803 398 173 841 338 49 166 926 894 496 672 20 861 731 626 911 461 989 770 899 194 396 458 437 77 121 875 359 172 564 202 259 423 21 627 272 426 830 649 707 347 602 464 969 591 470 758 915 574 899 240 435 949 707 62 493 248 96 592 273 413 870 728 904 407 832 122 699 443 766 170 184 692 334 642 900 242 506 644 308 972 230 639 379 405 863 601 557 808 152 300 1 591 721 693 25 662 247 568 334
796 42 153 163 704 527 544 897 650 344 630 406 846 469 944 11 355 726 558 597 298 297 709 467 671 827 551 103 907 35 468 92 402 413 458 430 756 722 289 366 661 584 173 697 607 470 25 450 130 260 987 693 588 743 676 803 993 440 906 561 247 645 759 304 274 939 565 754 938 544 695 335 407 889 99 689 35 888 548 690 413 313 654 262 623 543 415 216 680 325 777 851 877 550 526 257 393 438 734 466
667 490 295 200 38 414 508 236 933 755 633 178 440 9 600 40 65 56 168 47 461 697 497 739 894 456 301 685 65 19 583 822 917 867 695 967 660 108 662 172 875 817 432 139 841 580 694 480 765 734 358 607 753 857 367 642 992 798 848 790 479 279 232 582 413 736 759 578 803 897 590 810 917 854 218 101 359 145 188 768 162 527 699 555 213 341 825 341 479 277 92 336 734 447 265 526 977 896 707 489
985 418 951 384 183 346 603 341 807 874 400 724 580 585 69 202 525 102 665 134 138 619 128 50 874 25 373 947 109 308 337 940 972 129 376 735 418 975 865 795 424 317 707 906 754 743 81 583 731 684 501 398 991 637 840 864 525 213 154 413 868 682 699 20 439 117 526 84 912 722 557 404 87 949 747 357 746 881 773 101 522 95 371 685 860 299 61 155 491 800 609 494 978 320 464 101 513 776 782 328
701 386 453 920 621 574 203 875 95 567 39 538 96 790 575 682 130 908 120 837 431 336 345 324 281 592 145 181 424 64 552 884 569 587 90 492 53 490 815 886 283 381 836 267 760 870 646 333 912 189 960 266 485 7 997 196 14 801 426 910 356 783 644 56 604 996 32 8 17 606 282 349 213 25 846 366 991 205 795 827 53 500 528 512 529 835 750 843 186 834 569 423 713 277 294 710 353 100 381 1
707 718 668 357 120 660 724 975 678 762 931 466 625 469 654 172 809 146 660 963 953 307 430 145 68 788 408 676 867 618 681 83 123 570 78 449 636 802 723 623 59 173 644 644 108 731 243 689 489 174 278 173 1000 239 669 64 164 939 368 959 584 382 478 697 412 458 669 495 244 71 997 574 20 8 855 280 739 915 100 157 402 817 173 216 297 884 962 655 344 459 64 925 355 55 150 929 256 825 491 403
60 640 949 170 755 250 670 949 277 46 568 343 684 730 844 110 850 6 137 306 515 384 268 730 772 348 556 49 122 155 949 726 619 284 141 475 719 620 665 933 626 214 985 35 418 734 768 392 895 997 736 298 118 274 271 301 402 336 482 513 94 715 111 513 520 149 33 687 684 974 72 318 989 309 446 663 685 80 260 36 623 410 620 827 812 995 530 99 80 336 557 386 405 65 801 253 219 663 811 107
197 201 749 729 627 314 998 450 96 3 364 128 414 650 931 415 423 963 910 72 297 284 690 3 305 13 658 822 41 503 382 151 312 574 866 42 193 748 848 847 520 485 287 748 295 539 982 19 834 96 46 668 633 227 333 400 737 733 470 474 377 292 815 833 780 222 626 97 302 438 397 818 976 363 473 801 815 985 786 738 551 866 443 123 18 915 9 520 421 277 449 692 410 636 248 431 649 450 101 798
140 129 491 909 871 768 781 557 711 113 945 138 219 998 563 769 64 83 524 283 900 536 854 923 329 399 33 385 358 793 317 463 549 131 387 301 904 790 38 468 362 203 572 664 909 119 342 766 158 814 264 373 754 805 756 799 712 952 603 512 389 844 77 220 948 929 679 713 252 124 907 606 862 194 544 464 200 779 412 444 745 413 626 856 699 678 339 331 751 81 243 722 49 367 229 286 31 245 699 381
363 881 644 34 183 668 285 227 939 104 426 785 385 457 665 180 296 226 595 155 294 63 148 984 291 811 572 777 586 411 516 318 290 899 572 206 493 811 852 660 655 817 879 361 248 363 395 893 887 10 400 231 110 889 610 495 44 959 420 390 374 137 537 899 995 288 141 135 178 494 396 965 80 342 936 695 75 566 782 808 872 87 827 221 286 870 198 511 358 994 812 52 979 311 230 902 109 36 939 957
325 954 272 640 729 101 523 345 947 971 550 687 390 668 691 384 819 35 644 104 670 407 556 235 253 478 307 308 813 589 784 573 671 841 417 780 378 545 606 161 550 975 764 872 335 761 808 732 614 94 69 748 71 820 239 938 807 873 987 653 68 948 110 810 3 967 550 227 923 800 95 538 455 657 296 490 565 60 608 738 693 645 530 328 248 419 981 804 289 976 614 962 29 321 999 550 628 514 96 866
991 799 619 905 484 833 20 370 761 258 601 296 193 500 489 317 111 903 587 499 314 851 977 349 43 366 784 654 938 674 283 339 303 995 26 408 782 984 658 105 193 309 84 411 384 431 206 524 582 118 580 653 662 528 767 101 462 9 159 394 902 345 658 852 981 360 146 399 678 32 595 782 386 977 833 297 244 448 668 907 553 646 959 775 670 942 670 678 502 654 921 94 644 841 765 163 344 657 137 272
267 720 681 991 549 345 28 976 996 346 403 304 576 426 896 270 938 870 411 884 676 282 16 498 577 973 316 35 462 846 88 675 335 880 659 956 484 863 395 747 858 344 641 822 519 490 509 257 988 227 249 314 583 3 345 905 967 205 308 520 458 916 25 626 817 608 612 351 231 922 278 606 527 599 664 543 307 276 762 60 148 615 570 987 964 667 102 661 145 907 125 146 406 905 797 534 213 317 699 66
593 404 816 269 73 954 986 668 168 13 124 866 957 271 854 16 916 831 397 666 673 47 843 865 600 981 927 887 268 306 867 30 885 743 581 199 543 72 62 248 809 692 155 205 255 215 256 145 645 932 481 608 957 641 246 202 561 366 510 561 410 471 369 656 398 591 361 161 628 132 989 900 141 608 736 951 71 937 505 425 782 453 390 717 381 641 981 719 693 976 427 341 201 850 442 554 715 9 442 765
909 330 185 7 327 730 365 84 628 613 749 125 626 317 133 595 313 681 391 414 519 860 670 679 432 594 330 509 927 950 156 726 958 400 180 937 744 371 788 556 29 79 349 285 946 814 948 651 286 269 585 805 527 559 483 266 703 8 404 205 816 768 875 322 971 983 257 797 974 326 450 540 210 411 974 46 153 392 592 704 278 677 409 112 852 781 733 762 397 969 561 851 945 555 587 762 181 964 19 172
501 25 5 569 34 750 948 119 910 814 967 374 762 273 964 310 387 816 191 21 989 910 302 841 567 572 184 86 388 89 305 634 562 817 663 769 755 919 534 901 839 636 208 423 695 620 54 759 792 86 169 180 966 757 969 314 285 723 326 930 644 586 575 330 691 265 579 580 828 891 868 166 906 685 624 729 622 371 198 213 507 638 636 289 310 271 249 354 993 382 548 188 346 703 575 634 33 802 683 179
401 550 118 685 964 506 501 541 631 188 674 538 718 265 515 822 103 3 643 751 245 283 991 665 173 248 766 998 88 31 733 113 534 45 341 914 917 284 473 360 847 427 523 330 888 556 292 790 603 337 286 926 50 839 403 345 635 905 953 60 721 965 789 391 154 551 259 95 394 249 709 57 828 715 236 593 291 642 389 366 170 9 732 800 1000 104 972 271 109 23 6 428 242 731 489 615 826 424 87 345
593 931 487 575 505 25 263 958 808 545 748 244 5 875 54 332 554 652 376 338 317 164 644 713 154 564 595 379 492 668 372 624 687 693 451 772 800 913 928 198 203 569 274 110 352 849 505 709 291 491 264 901 720 957 602 291 860 844 147 270 137 192 545 677 778 631 6 871 139 131 372 478 137 353 667 566 998 54 39 161 116 351 847 297 839 288 627 824 897 264 584 111 387 720 656 109 197 693 268 617
321 178 342 722 613 516 512 872 783 795 889 306 990 984 640 929 965 958 689 24 19 182 408 795 784 799 17 785 783 829 219 904 51 580 288 464 480 951 512 217 110 595 58 978 958 842 238 1000 993 581 762 575 306 293 641 642 815 453 22 865 890 207 647 542 536 729 670 650 578 718 282 399 243 173 288 544 311 411 837 484 308 78 299 931 364 679 11 737 548 296 557 37 275 495 814 265 226 343 603 669
503 800 992 763 32 220 438 975 752 402 338 75 871 495 916 870 350 131 31 930 451 317 732 378 295 833 996 398 509 574 80 608 715 238 813 940 356 935 730 407 661 934 841 914 823 984 215 409 305 914 819 787 178 19 268 466 360 304 778 11 577 580 192 538 53 358 821 428 578 867 261 804 884 66 663 286 519 755 27 586 720 811 456 882 234 847 164 301 648 906 485 394 570 544 721 489 793 523 527 846
191 761 82 44 544 591 313 1 48 259 308 530 762 3 896 250 648 328 104 202 93 919 12 148 627 773 974 96 510 503 407 593 368 490 773 446 543 672 205 744 233 866 181 274 538 117 49 507 533 859 791 43 263 314 396 258 909 996 35 894 503 460 761 744 582 20 951 224 81 863 149 960 352 552 365 691 698 911 156 360 37 386 977 114 412 435 410 620 167 301 967 96 60 881 698 635 519 913 357 76
770 766 640 452 803 267 439 24 597 818 298 351 224 876 637 24 569 272 995 573 330 458 349 711 978 611 338 562 463 197 188 314 991 701 814 655 350 190 732 388 545 526 133 97 81 345 415 485 580 302 888 519 21 756 520 263 758 334 802 886 287 203 119 93 991 32 617 259 333 499 52 159 950 824 990 760 618 967 435 676 228 108 41 40 544 954 836 505 357 922 832 565 566 602 189 205 135 86 115 431
745 14 267 394 161 857 473 586 475 268 776 443 817 415 817 507 715 457 961 931 52 403 992 786 523 103 712 36 505 758 793 712 522 944 952 738 224 924 72 948 958 739 592 373 316 491 775 451 610 66 489 339 581 538 21 784 891 664 575 584 269 834 338 78 746 375 936 833 167 105 587 314 597 969 738 31 983 238 697 449 145 454 207 932 399 658 29 429 873 370 546 835 810 142 672 931 649 460 479 443
109 539 189 623 375 729 208 172 946 373 445 676 716 170 505 133 682 309 93 381 276 880 110 148 297 948 273 961 17 67 56 522 614 243 5 123 772 417 349 630 125 33 697 37 508 224 847 479 301 501 261 274 169 809 136 235 807 986 309 998 630 459 360 704 318 649 372 23 226 557 848 22 478 609 399 947 89 686 392 602 686 927 804 332 752 15 793 789 207 424 350 471 46 794 741 277 147 891 889 898
22 625 943 172 930 329 370 356 91 269 609 836 136 379 538 941 173 215 93 394 686 921 879 503 416 964 593 716 97 569 210 675 608 571 506 659 822 856 562 194 540 79 976 286 97 573 968 531 548 65 552 336 834 676 568 457 335 744 203 328 778 377 710 519 988 589 371 147 632 458 857 221 411 533 820 607 225 288 90 306 485 172 433 727 704 785 308 43 855 322 417 30 410 832 186 101 7 791 181 844
220 744 304 91 809 10 364 251 734 895 660 897 911 494 144 421 993 570 911 87 161 481 647 774 436 346 72 973 24 560 377 480 515 793 394 554 232 982 873 120 336 374 44 859 333 189 54 107 278 423 565 974 30 59 522 99 67 727 441 536 94 499 287 105 260 80 840 136 267 572 135 896 722 833 414 316 750 527 163 832 743 811 268 854 261 859 799 197 774 850 898 725 405 793 339 657 545 305 966 375
655 142 957 454 524 404 804 33 584 911 929 463 257 794 391 818 162 340 21 391 940 902 426 338 235 824 971 818 859 782 771 66 69 517 922 227 90 742 683 492 999 538 87 214 842 347 867 254 71 65 335 997 277 718 308 965 159 63 460 346 208 673 391 553 137 946 247 22 148 123 359 649 307 264 596 638 651 135 451 11 669 557 162 589 347 531 663 662 163 503 602 489 72 976 147 520 62 788 276 668
486 941 561 69 891 412 605 776 561 692 753 328 203 896 87 287 704 631 733 409 265 158 484 930 484 135 840 648 937 419 741 175 475 727 367 158 527 482 605 10 643 158 144 600 782 516 372 186 936 934 66 707 512 5 800 110 471 727 58 585 937 642 443 696 423 80 288 959 962 957 41 12 583 771 625 448 177 247 15 345 697 800 73 934 480 319 787 355 57 788 477 608 2 981 701 208 573 157 120 730
347 350 279 407 464 459 107 788 649 293 464 997 818 479 121 351 498 561 643 780 645 587 562 916 532 855 840 292 740 309 447 4 634 698 810 294 681 626 816 103 13 861 994 755 432 619 633 51 475 39 163 246 857 517 75 703 127 264 593 861 279 10 548 650 833 82 332 455 849 719 778 410 349 1000 471 759 946 731 520 669 140 478 982 338 340 615 721 561 443 880 55 661 810 692 453 849 774 26 818 233
625 831 21 569 803 839 519 461 412 366 143 592 746 748 27 497 377 861 612 942 859 810 958 796 205 906 953 178 135 77 136 595 209 894 77 957 292 868 675 987 75 413 426 838 514 534 737 541 418 685 52 890 713 970 641 279 795 483 251 584 606 978 738 967 169 648 679 192 460 671 438 543 841 787 803 860 484 438 546 981 429 902 167 392 263 107 778 299 948 707 483 263 295 585 594 479 513 561 171 428
632 13 687 166 442 518 304 856 943 995 893 53 558 139 250 239 377 662 848 713 522 793 594 470 292 160 251 534 560 565 879 387 683 294 990 70 854 410 804 244 868 647 785 895 205 325 972 973 66 507 499 459 567 644 118 45 615 918 48 992 244 205 730 433 733 452 1 646 199 467 522 654 144 768 581 440 302 40 191 209 133 350 522 1 395 837 566 845 95 827 725 31 228 651 685 845 36 394 832 268
158 210 262 257 668 544 46 614 615 526 822 148 638 47 992 263 275 451 114 266 816 256 766 687 732 236 289 752 64 127 851 326 651 310 935 623 617 761 683 431 813 278 838 107 678 571 424 796 912 127 124 628 292 38 737 245 769 494 54 700 318 173 745 690 630 747 177 931 716 184 469 837 312 632 387 734 159 375 14 974 101 853 62 695 573 954 549 104 306 806 637 736 846 148 338 903 600 408 24 353
717 584 544 435 523 567 195 215 999 561 82 264 124 231 919 35 109 910 597 335 74 536 453 992 780 47 434 757 300 3 26 671 121 511 159 44 611 881 232 21 333 194 516 520 132 697 713 868 602 90 648 133 282 5 426 107 6 695 220 712 656 720 369 30 169 576 878 494 243 615 393 372 724 556 104 532 457 884 945 435 685 156 265 145 482 923 278 276 648 896 91 605 474 97 919 643 271 485 277 496
248 191 378 250 515 403 91 298 987 283 622 5 499 39 460 765 512 760 56 361 591 478 77 714 455 12 906 623 24 387 665 551 880 137 413 209 476 398 479 121 140 125 119 659 720 851 640 538 561 716 579 268 626 821 667 385 54 777 588 643 115 373 945 65 4 68 774 829 246 882 645 54 166 144 95 215 905 357 448 530 693 116 617 195 776 424 482 975 97 27 454 495 440 563 736 511 518 585 290 170
346 616 923 32 190 354 553 935 839 218 874 947 484 243 273 51 296 68 864 419 368 379 628 413 721 837 303 548 378 786 392 312 781 988 651 649 348 929 472 202 374 764 644 752 848 999 120 240 675 105 662 126 383 360 42 716 459 999 401 364 324 960 490 940 996 257 359 2 902 914 653 646 801 22 970 357 329 351 984 960 219 483 191 648 791 96 517 56 283 962 842 213 6 46 631 788 463 162 584 415
875 935 360 92 461 62 387 586 989 932 813 748 739 179 820 502 681 326 593 852 10 395 681 729 700 102 986 109 906 267 135 790 286 493 201 543 180 554 554 86 48 276 612 285 479 195 767 247 38 708 841 589 918 113 548 279 460 761 459 328 653 996 172 460 65 248 839 324 400 351 996 482 885 553 296 447 544 326 497 25 712 587 673 102 677 61 669 965 401 585 373 558 990 300 245 660 574 425 883 646
4 855 252 32 240 333 589 920 211 936 622 80 673 459 900 692 485 815 851 375 924 344 314 759 965 44 180 501 962 204 701 704 962 479 14 552 823 584 527 580 768 963 752 446 794 257 786 402 35 813 97 421 766 630 100 231 460 922 520 993 888 926 646 91 399 613 532 385 96 765 89 846 238 842 391 833 919 950 161 291 955 188 732 586 36 780 348 38 512 300 578 806 897 277 454 445 501 732 414 665
781 304 320 931 437 902 115 29 385 533 918 873 476 356 904 787 545 419 80 683 929 880 161 873 538 451 547 206 661 881 947 275 793 227 429 642 481 84 48 251 700 474 814 111 105 199 144 696 970 253 483 329 108 470 903 8 383 196 283 452 859 3 503 847 231 445 456 796 345 798 719 639 755 633 50 181 666 811 579 479 117 843 57 764 873 486 401 586 331 181 75 333 204 743 402 611 939 777 777 744
40 745 890 511 270 542 279 478 610 134 349 695 717 620 620 936 862 763 318 308 127 364 264 930 704 212 66 524 149 740 168 575 119 509 725 702 524 453 21 477 743 914 36 532 229 929 726 283 649 180 237 712 883 830 982 802 157 394 864 222 922 77 30 178 56 318 255 131 323 987 904 679 832 848 804 838 818 978 567 161 182 127 47 570 822 597 248 252 443 91 12 733 703 581 103 839 650 478 395 539
501 515 570 332 478 418 457 858 756 223 887 402 456 777 488 510 641 410 477 310 272 589 919 828 981 100 444 433 458 408 231 959 320 0 621 523 213 742 993 363 29 650 23 348 746 431 548 993 925 610 991 866 237 225 475 291 975 327 604 319 528 473 345 536 547 414 688 558 197 154 660 10 492 675 773 542 280 518 775 407 361 489 85 340 297 552 608 399 641 85 298 206 944 591 212 190 330 139 448 742
96 722 378 677 276 998 310 89 458 826 800 469 728 154 331 317 464 680 324 479 728 986 619 806 572 132 21 224 948 843 93 722 943 894 202 218 222 102 951 723 57 652 121 890 574 762 197 90 479 571 772 407 264 56 753 573 35 689 737 795 490 984 983 236 138 345 137 420 455 113 782 908 772 446 874 49 217 502 312 479 980 646 186 861 381 589 505 350 66 884 58 873 686 667 55 191 844 689 104 308
874 936 952 693 7 17 899 244 503 538 612 714 212 112 401 239 305 546 318 27 43 262 54 840 480 614 693 807 554 779 746 903 697 508 111 573 330 189 430 571 44 265 814 700 652 22 806 348 518 137 859 286 512 611 586 872 598 599 268 551 0 557 921 749 619 360 358 580 444 10 594 705 495 952 224 264 2 473 712 548 548 949 4 836 891 141 451 241 975 293 83 857 352 566 322 630 157 312 612 902
819 184 99 830 85 46 466 470 755 174 711 814 978 803 994 341 399 889 769 386 929 254 614 86 548 175 292 247 357 643 812 433 365 94 745 647 904 45 96 126 509 252 742 372 341 800 881 688 957 179 274 645 542 747 180 433 748 833 900 468 938 67 358 738 799 647 865 717 266 58 49 814 336 814 927 132 406 228 591 962 72 789 101 537 426 754 773 780 855 623 840 591 464 166 104 303 806 297 617 256
497 309 245 717 310 404 412 543 371 934 311 888 380 863 292 918 415 634 751 637 237 485 22 272 192 288 479 669 180 757 578 52 557 395 127 966 69 577 374 180 327 312 786 447 535 741 772 893 336 937 153 946 142 173 668 940 365 693 591 252 797 15 1 805 619 959 649 647 764 517 450 244 156 890 495 48 87 757 74 15 917 393 193 433 251 586 528 508 206 610 308 724 640 982 543 643 492 807 764 479
768 593 544 299 971 994 432 702 338 291 197 5 181 106 178 253 33 212 696 443 113 746 622 466 726 707 519 189 111 823 943 572 227 66 634 10 305 160 274 240 718 86 179 259 732 903 260 416 826 891 278 658 103 143 811 927 349 79 122 881 316 933 863 667 99 984 389 796 760 366 693 537 138 4 327 863 794 779 310 809 569 2 829 120 807 154 785 199 823 376 988 114 289 305 600 342 374 260 959 233
358 370 861 366 445 336 370 493 777 151 762 963 446 835 16 274 640 684 563 279 908 917 536 182 434 243 333 304 375 967 323 707 973 484 494 126 145 160 837 904 355 278 727 956 716 736 244 867 694 866 789 585 23 870 700 9 247 698 264 537 271 367 920 285 188 0 209 867 452 809 477 1 743 314 718 450 644 76 437 419 302 555 749 263 388 103 460 254 591 389 987 764 986 691 244 979 693 847 31 662
642 966 752 91 34 830 746 989 959 292 255 538 361 712 683 965 649 361 178 697 793 401 784 750 882 300 424 59 481 366 180 125 871 195 831 111 462 459 967 217 216 665 827 358 786 227 517 92 372 389 33 289 790 237 830 925 850 392 963 139 29 450 246 237 419 717 975 376 552 436 765 189 671 985 414 622 373 41 145 328 506 112 9 224 46 604 924 334 193 750 208 556 727 160 408 111 445 975 947 893
729 563 601 169 469 159 402 182 680 81 667 292 915 457 542 643 185 908 35 588 656 128 829 254 338 546 460 234 945 521 473 947 611 150 90 835 248 765 410 248 772 598 168 37 627 343 132 771 379 831 514 959 576 502 685 98 54 308 469 138 503 184 43 52 508 334 622 668 488 851 494 82 856 978 647 437 511 420 464 423 661 387 464 962 827 204 603 786 588 867 359 989 127 143 367 101 198 413 982 585
521 414 88 665 483 854 825 922 597 761 825 730 158 109 521 68 780 588 304 454 580 104 247 176 206 984 194 833 176 47 888 779 206 430 305 910 505 553 70 551 226 522 369 653 795 938 73 945 30 152 714 44 416 306 951 342 14 656 117 437 943 266 624 363 712 219 816 583 313 336 793 737 254 408 198 543 721 494 824 263 921 884 968 326 376 764 430 347 710 701 544 759 551 587 969 247 206 178 668 494
842 588 807 34 799 382 360 963 516 42 721 511 216 779 112 136 47 53 64 715 144 918 2 756 403 704 333 144 73 572 827 86 57 351 888 276 757 657 238 161 237 205 998 111 193 523 63 427 96 238 650 879 200 978 322 540 242 616 51 342 312 117 182 929 382 751 957 515 654 137 867 120 613 76 93 518 14 118 106 714 942 258 14 964 823 204 3 916 726 367 866 575 403 930 689 823 490 157 308 653
355 530 982 252 72 30 27 605 802 587 395 884 909 799 57 515 129 533 488 880 647 703 211 723 414 116 721 177 918 844 46 637 344 837 918 317 946 480 311 975 820 111 467 840 517 223 663 137 839 137 107 922 172 324 375 441 82 902 452 12 963 131 321 724 285 920 782 575 645 753 523 80 465 63 384 103 820 103 442 97 320 627 628 243 7 743 212 893 540 96 272 300 925 481 569 39 834 418 69 378
827 690 373 320 202 939 891 438 41 850 736 240 585 60 955 469 872 780 42 162 882 733 215 570 324 438 766 524 598 15 949 865 357 262 305 624 184 579 203 948 480 985 62 352 590 455 654 607 264 512 403 995 75 305 143 835 721 738 361 694 758 145 142 657 574 180 268 9 481 701 393 660 145 302 794 308 693 35 990 306 81 387 277 190 542 767 731 390 357 193 565 114 329 997 419 385 631 486 155 629
26 250 892 554 842 736 21 878 324 871 741 304 919 897 721 560 557 464 570 398 178 233 690 351 119 772 346 835 653 83 765 271 621 103 810 355 898 40 329 111 576 37 54 370 490 761 923 468 533 624 655 464 254 436 300 701 976 81 609 714 338 355 943 872 714 153 389 804 414 528 200 771 760 708 909 597 260 332 911 320 388 366 415 229 310 80 858 880 464 772 141 381 854 899 103 653 926 661 676 277
832 28 864 567 946 158 295 599 14 12 994 103 617 139 638 37 622 602 654 69 59 893 35 843 962 392 447 906 690 852 286 423 813 173 341 473 223 872 139 986 758 242 537 549 826 639 910 141 843 640 818 669 952 773 458 762 588 561 718 384 489 465 323 951 420 332 739 233 7 114 884 846 874 772 337 327 783 787 514 700 491 635 703 730 389 901 234 470 12 879 198 441 603 162 261 354 739 511 643 271
609 553 552 232 62 48 931 920 589 378 630 644 748 878 372 280 595 1000 518 759 15 928 553 664 360 16 650 119 332 917 122 377 21 185 497 591 931 951 197 131 238 27 334 921 502 756 663 681 349 444 222 21 32 532 549 509 783 489 68 732 322 739 948 333 743 935 28 113 383 39 756 592 521 87 101 129 339 905 328 633 686 205 814 549 647 186 245 850 550 281 295 354 772 753 703 274 441 990 874 465
680 246 158 402 414 924 703 804 136 514 14 855 271 826 254 556 283 387 911 454 80 617 86 426 973 278 978 339 361 376 991 51 983 441 541 373 855 368 389 894 116 723 785 48 208 714 953 950 736 98 226 15 817 448 813 246 223 80 368 216 540 716 323 221 310 829 12 176 496 690 653 285 424 249 93 985 225 228 46 338 924 459 766 455 386 292 607 71 161 745 455 689 576 285 500 858 430 281 81 585
222 861 78 162 975 193 554 943 685 497 338 36 658 720 661 705 28 725 294 48 212 660 583 882 342 0 748 771 609 159 746 555 243 709 385 718 358 175 445 481 798 554 665 210 115 60 502 214 25 576 947 845 687 960 84 311 190 978 731 296 387 473 697 30 138 263 906 451 187 944 451 624 494 795 789 390 134 171 918 516 928 29 88 341 574 850 398 212 955 353 772 902 213 598 746 73 162 425 925 356
474 778 713 785 834 425 63 647 573 546 727 905 739 119 79 257 900 876 841 487 900 925 844 448 11 116 684 652 685 234 487 523 560 866 513 1000 811 335 202 246 346 269 676 553 537 505 413 9 480 130 321 818 573 283 17 416 910 478 527 423 205 255 93 591 856 54 20 80 34 380 992 378 519 162 317 299 710 394 91 190 273 144 220 92 807 161 135 157 662 726 191 958 273 67 75 778 49 256 119 204
831 837 969 217 447 828 527 293 761 703 996 356 596 899 624 429 624 652 983 593 315 740 50 816 271 668 362 874 922 77 970 4 361 435 694 181 592 454 918 543 660 265 237 25 81 921 562 705 16 64 718 587 585 125 369 630 368 308 470 484 192 693 654 472 927 434 849 158 243 720 616 450 331 662 333 459 388 924 106 868 326 990 187 975 176 30 59 734 319 456 152 128 642 950 162 738 155 644 87 146
777 792 907 12 608 561 63 368 775 973 626 935 505 720 410 866 637 64 838 147 531 403 343 377 306 885 754 700 279 882 824 620 181 910 787 284 615 81 146 329 314 331 858 558 128 33 131 9 894 102 481 298 197 521 387 134 323 744 640 88 897 642 335 869 204 422 96 254 888 601 755 11 356 45 127 446 696 340 561 958 653 972 447 378 556 648 529 8 762 935 540 570 953 596 861 432 186 471 453 879
713 999 493 945 590 173 744 849 169 267 168 251 247 766 589 206 504 714 763 774 485 643 522 133 322 958 611 112 505 482 329 328 714 435 19 714 69 705 61 789 57 730 836 904 687 577 354 935 644 202 364 640 782 58 936 347 608 896 894 624 988 52 406 741 159 993 350 463 0 342 6 547 45 700 61 932 535 234 795 718 440 520 127 651 824 326 176 138 827 907 412 332 212 334 70 408 325 892 42 186
508 557 737 236 208 765 583 533 262 633 106 799 913 170 812 161 808 528 786 913 805 436 664 95 470 387 42 826 65 996 964 139 448 278 844 735 877 212 35 476 428 123 540 275 555 411 281 683 968 593 506 368 378 408 188 408 446 856 423 731 534 259 212 394 203 304 451 649 948 723 206 47 348 405 70 200 214 196 240 599 3 797 382 326 672 189 665 361 440 67 27 72 900 989 69 563 567 760 30 259
399 73 661 106 446 180 502 597 669 404 693 205 946 282 369 12 341 784 428 126 281 920 859 377 334 359 556 123 984 829 172 528 34 595 173 542 599 755 367 732 709 891 378 465 205 629 89 711 266 289 536 815 598 928 552 131 337 411 446 934 93 503 810 725 16 371 618 361 448 146 83 48 731 242 984 67 223 123 85 734 476 482 55 178 691 518 775 727 444 788 958 282 405 305 657 671 792 505 122 990
935 664 0 427 204 91 580 859 415 226 387 369 440 251 442 428 512 214 227 349 913 765 500 980 549 396 864 107 298 207 228 293 556 87 15 219 982 844 989 282 291 451 683 719 677 849 819 665 139 526 529 729 529 242 748 758 178 133 309 694 697 548 456 928 908 424 699 60 12 383 811 289 609 32 869 989 155 406 806 682 528 117 763 933 482 805 232 668 314 345 168 804 791 728 135 895 119 544 884 924
556 36 416 835 327 58 533 922 976 312 565 468 350 33 894 31 550 238 80 293 352 990 352 202 127 837 766 824 376 465 769 127 344 964 897 528 56 725 827 833 409 457 519 955 333 918 358 378 470 926 172 890 93 520 283 329 949 818 462 581 616 197 118 947 309 4 909 449 923 313 224 429 5 220 577 892 361 666 1 578 877 55 563 659 504 383 265 147 453 480 872 920 610 884 822 483 546 572 599 218
91 172 480 889 222 884 177 28 495 87 473 784 652 959 351 485 724 359 217 885 641 827 271 663 772 688 421 688 220 834 134 622 774 959 562 142 636 35 223 884 677 232 565 684 960 231 959 731 971 972 577 109 426 238 129 793 487 620 653 582 910 562 148 815 87 328 196 715 714 840 352 853 953 921 700 301 337 515 283 903 5 562 818 919 993 267 242 961 91 771 756 401 730 3 193 92 433 91 301 489
571 168 670 148 270 203 845 609 257 407 515 57 341 359 92 928 995 370 540 72 464 314 905 922 49 32 906 906 211 608 436 961 63 450 547 532 94 174 34 774 474 490 89 333 433 840 837 454 829 278 35 280 891 946 200 554 495 762 927 538 197 8 422 368 670 101 751 201 245 557 48 869 272 694 985 137 181 487 256 788 708 108 883 399 832 692 493 266 118 768 875 690 833 157 975 217 489 814 152 142
9 485 195 118 164 577 956 453 323 632 91 255 392 939 659 52 81 337 540 946 459 965 457 601 602 955 883 238 23 642 646 204 957 982 187 646 133 498 154 865 97 73 201 737 906 297 899 645 759 468 600 439 929 375 854 63 290 720 148 95 429 347 47 1000 734 69 263 260 455 66 506 846 205 847 344 740 418 330 912 816 303 839 709 24 837 814 651 932 411 413 989 483 31 478 707 750 600 282 405 421
11 29 444 721 981 263 861 19 268 49 501 828 911 472 435 611 547 40 110 675 35 792 963 783 303 780 13 658 285 212 961 461 35 926 944 710 804 260 811 689 376 397 192 309 300 66 743 439 131 135 653 172 996 207 574 474 822 762 624 406 454 890 174 855 966 796 789 541 32 889 374 800 66 619 677 714 169 33 667 892 172 482 1 617 350 249 451 180 796 724 245 616 246 719 322 76 196 347 740 680
520 661 988 588 548 293 495 180 326 891 811 25 38 318 741 993 313 693 176 110 408 606 837 868 866 42 209 993 586 467 249 342 921 957 21 466 898 806 131 86 899 963 648 698 444 691 646 840 798 674 573 608 744 192 880 129 91 341 727 547 244 126 309 852 762 697 686 135 553 153 930 623 304 572 418 218 53 432 341 638 412 109 548 628 450 986 387 950 173 604 985 305 272 283 186 876 948 399 343 690
593 886 197 722 252 270 620 698 419 61 443 480 776 98 63 890 816 528 422 439 615 569 670 372 590 943 393 837 481 733 822 300 990 862 671 932 651 447 33 624 391 804 410 869 692 411 242 848 430 173 103 298 682 507 650 835 962 622 288 691 734 426 629 51 964 66 898 160 543 982 696 251 94 469 639 8 957 582 788 511 899 379 227 364 596 847 832 511 367 473 150 654 665 440 326 920 328 693 848 742
251 96 749 915 455 493 248 367 742 52 462 208 476 514 461 69 542 213 781 922 950 379 555 355 69 158 937 999 433 581 559 316 891 590 604 149 352 775 191 527 199 281 181 532 363 843 830 990 473 191 22 129 807 671 934 921 603 732 825 516 932 990 344 760 463 957 434 589 667 238 486 920 806 311 462 40 336 364 305 875 274 159 431 94 354 404 685 325 216 556 947 469 136 436 814 943 875 171 452 919
323 832 453 537 505 818 635 655 800 479 925 106 495 914 816 365 493 347 559 93 235 972 99 629 83 436 328 324 106 702 728 288 329 969 416 507 604 139 325 915 883 981 696 448 713 866 390 947 185 64 571 644 612 755 682 17 459 162 300 894 2 15 22 994 676 420 322 930 689 391 331 392 702 107 832 725 112 157 916 140 931 160 463 502 133 841 149 481 511 384 699 371 358 123 60 750 281 615 362 565
582 966 355 23 889 7 852 235 444 887 926 746 603 629 301 211 98 946 159 472 179 894 47 616 782 741 401 336 605 246 249 60 323 364 812 816 159 229 9 747 297 193 73 657 852 790 594 420 394 255 201 338 6 70 560 894 473 243 529 891 497 406 236 970 947 930 466 390 766 426 752 621 655 877 641 610 82 983 2 437 808 797 286 831 513 121 696 551 67 452 3 539 768 579 443 52 523 626 819 998
288 668 646 47 184 522 159 52 980 500 749 968 104 967 365 804 206 995 555 52 372 471 531 15 917 131 868 709 371 475 630 437 38 111 530 848 858 562 595 466 966 517 203 282 262 337 412 89 199 309 594 887 793 723 637 483 955 904 465 853 727 137 952 190 755 258 97 452 471 944 293 312 777 542 533 954 370 300 583 941 957 548 874 429 718 326 904 109 148 279 262 216 48 999 177 405 933 1000 792 750
331 174 675 264 472 795 136 505 81 195 330 364 82 772 87 285 867 614 642 936 320 407 12 3 716 923 308 241 662 765 880 399 595 563 614 504 637 482 334 154 965 271 566 763 142 868 25 289 803 73 71 831 659 594 327 904 534 102 985 509 29 417 837 489 373 306 717 398 819 731 852 970 703 733 173 823 945 307 747 266 408 768 644 588 377 625 183 404 918 309 652 110 976 314 249 615 777 816 915 345
320 569 118 430 689 302 629 509 155 904 983 210 479 817 494 157 764 691 631 790 697 380 638 379 484 538 991 800 327 963 111 628 964 728 419 155 665 261 594 937 291 822 962 241 237 951 28 206 799 432 749 852 456 570 691 252 904 360 492 566 394 667 346 609 993 104 5 204 862 953 925 685 802 576 493 935 27 417 680 335 390 418 951 343 329 82 901 232 188 401 254 738 697 37 55 756 451 159 574 148
361 350 817 635 618 185 955 806 499 597 850 498 573 563 615 105 351 235 359 882 42 476 532 320 875 401 56 689 713 120 49 97 16 403 743 665 857 44 250 363 285 363 489 704 619 989 203 911 362 436 204 66 46 912 952 442 750 767 772 132 238 501 856 170 247 476 884 227 768 567 14 376 405 767 952 583 443 491 423 814 824 520 506 279 665 200 254 905 358 531 94 292 420 311 578 4 252 208 712 920
385 484 773 401 958 782 248 149 660 235 313 513 585 642 862 330 738 154 892 753 231 345 428 528 377 786 334 339 47 380 671 628 125 502 525 339 526 419 901 662 585 761 993 117 901 287 829 404 509 477 321 19 683 480 443 616 251 615 781 684 858 393 608 485 13 453 328 107 225 967 326 944 247 266 269 559 489 489 761 964 258 83 476 684 109 162 39 641 287 862 218 660 258 470 59 387 36 323 911 595
24 310 923 420 837 520 290 347 626 194 836 419 112 860 922 443 577 512 241 110 311 573 784 598 546 481 543 808 168 646 216 245 431 918 888 650 726 645 58 643 720 128 838 693 838 185 525 637 918 998 98 95 41 948 507 663 310 978 222 500 301 202 192 245 971 637 53 493 728 999 314 889 50 939 749 654 330 868 783 808 601 47 121 714 611 435 937 201 526 273 566 943 636 424 240 189 102 797 381 670
626 16 234 94 838 309 790 809 114 704 790 689 117 442 869 6 782 90 221 991 780 321 732 911 79 667 43 609 182 100 166 10 180 992 825 199 333 9 755 770 911 148 746 597 674 659 888 84 498 835 913 568 0 754 649 632 751 566 443 794 240 979 767 590 769 927 123 759 18 935 880 364 769 948 937 257 136 130 807 398 828 58 792 79 311 350 825 636 3 429 131 548 908 268 404 526 657 848 991 914
274 408 19 51 766 293 223 21 156 843 681 436 693 483 413 73 785 291 118 789 295 709 41 766 872 909 846 455 747 438 74 73 412 479 882 808 213 573 439 707 238 927 881 370 994 88 623 752 207 499 873 286 331 568 823 633 416 21 125 48 982 46 895 540 104 63 547 882 304 619 9 398 367 768 842 750 805 909 43 457 90 930 404 687 738 110 466 476 838 595 512 397 912 796 74 229 441 570 761 557
645 819 8 648 343 982 926 578 311 743 143 648 111 295 976 252 351 674 202 440 323 802 431 291 296 842 639 422 103 579 915 316 394 332 677 29 800 936 41 4 906 106 498 500 193 138 364 557 595 794 988 739 346 543 952 318 761 632 89 176 998 534 237 317 409 130 585 816 967 426 682 64 698 424 813 326 824 599 463 284 366 496 23 373 745 983 707 615 766 753 496 236 682 83 900 823 495 109 795 635
203 212 39 829 360 871 382 939 418 820 193 232 73 960 188 395 828 551 570 522 28 720 682 366 255 112 260 212 307 670 770 584 613 150 945 703 784 698 677 489 631 538 93 316 813 37 968 383 977 911 944 607 244 321 378 231 408 37 919 665 522 345 455 883 614 915 140 761 97 755 77 926 741 983 569 584 716 16 324 84 300 239 667 392 865 725 703 946 617 560 564 868 134 775 451 203 96 614 76 605
776 797 417 967 259 646 350 638 551 556 399 332 590 934 293 752 123 397 890 667 451 717 470 691 536 187 888 481 565 176 817 213 690 669 190 388 291 6 365 892 612 73 245 65 933 601 215 329 884 246 393 637 64 613 172 913 548 790 927 245 901 613 772 43 895 65 238 990 736 168 556 668 768 666 213 837 481 228 217 507 730 235 286 354 827 707 207 251 45 197 356 792 589 373 256 707 942 557 915 365
289 479 710 718 115 331 123 409 971 439 214 30 390 787 118 484 652 590 115 418 957 847 971 864 616 693 722 412 521 500 576 870 346 36 353 319 4 28 802 846 480 781 576 660 679 50 433 244 819 233 273 249 560 676 796 775 406 642 34 94 988 400 20 841 471 426 591 734 192 947 424 125 254 638 229 364 154 658 611 67 903 692 280 477 535 12 243 294 200 122 536 463 622 785 497 161 329 200 679 13
487 772 202 542 634 914 828 631 774 741 530 573 384 141 229 341 631 247 762 255 292 271 522 302 763 826 645 140 893 276 806 147 132 535 225 390 982 364 611 110 775 767 867 121 270 701 274 89 295 458 449 280 365 757 603 408 910 997 126 200 503 426 228 256 411 847 496 283 759 331 943 555 56 737 974 825 514 593 851 965 714 856 564 551 314 735 464 419 735 90 915 704 95 862 639 486 169 593 995 576
178 94 690 816 870 676 568 1 169 531 74 511 234 775 207 865 232 213 815 438 163 59 906 550 873 979 420 738 703 993 665 308 870 634 919 359 605 761 687 781 58 78 547 432 90 599 214 518 812 230 750 447 362 216 60 406 888 18 21 948 957 718 268 584 451 738 507 840 760 485 290 354 862 263 578 51 772 544 927 112 836 183 808 622 495 762 666 581 681 434 270 387 819 628 517 11 950 568 450 945
126 81 44 202 833 379 108 585 162 260 114 6 405 834 380 861 263 788 358 908 552 213 292 411 305 449 243 281 916 636 876 82 283 81 934 954 999 485 33 60 290 223 533 994 197 380 806 633 627 747 499 370 602 109 568 625 700 613 583 725 763 245 119 572 955 982 4 364 404 876 688 375 644 886 785 253 46 260 30 666 473 912 212 297 742 20 897 115 383 973 96 280 9 13 852 266 680 505 592 575
590 715 92 847 848 964 650 538 929 539 525 412 65 568 587 568 466 889 577 780 77 845 893 509 718 151 45 174 314 624 137 998 653 854 382 67 674 730 149 672 822 992 886 972 98 707 41 219 366 293 10 354 826 447 185 188 669 13 507 974 360 756 246 871 67 962 519 568 570 130 34 807 475 420 581 188 886 109 929 296 81 41 837 215 696 740 220 971 968 652 12 139 212 352 557 570 96 784 595 551
909 680 551 515 286 908 688 486 626 315 404 406 362 706 887 883 201 436 248 385 893 349 904 618 574 500 713 927 41 377 748 532 321 209 707 286 904 349 523 756 793 318 368 303 225 283 552 484 1000 398 479 850 298 144 678 218 857 559 344 649 467 918 476 921 387 269 519 960 607 309 628 47 875 389 447 113 88 26 847 511 938 514 37 253 870 47 607 652 25 407 902 697 725 30 31 46 466 842 747 263
696 198 545 747 195 93 282 216 33 27 161 225 585 731 389 460 700 189 280 231 973 422 644 691 192 156 640 780 403 40 82 991 47 855 69 870 336 701 789 377 225 971 451 975 290 312 359 884 103 212 504 955 948 731 427 513 7 216 799 188 600 889 559 46 210 804 389 83 882 46 517 490 263 581 937 532 297 242 210 314 9 865 868 387 316 553 194 378 203 349 340 968 3 522 397 543 397 578 92 246
868 212 23 854 390 418 499 979 978 929 487 241 326 82 128 907 553 1000 749 626 331 937 836 157 959 29 607 438 731 53 625 877 724 294 923 122 744 755 322 296 769 355 279 672 394 387 424 736 937 532 778 714 562 345 811 205 172 217 178 657 523 804 263 700 301 515 369 619 214 127 399 397 670 254 472 332 129 744 644 458 17 832 218 385 831 723 870 8 815 412 831 478 472 232 81 850 927 849 789 317
257 268 296 514 666 895 264 509 640 403 334 984 323 88 129 853 793 24 544 243 856 474 923 919 391 25 958 58 438 35 700 83 542 71 838 144 298 242 451 522 752 402 422 397 181 60 469 25 706 72 382 409 52 739 356 640 367 917 612 491 369 200 521 695 953 685 347 541 921 45 115 305 423 857 797 850 580 231 892 59 364 751 845 895 934 508 109 710 830 407 635 612 400 264 439 578 211 99 611 471
680 289 539 861 674 655 34 704 381 91 34 785 12 319 427 254 804 552 440 251 183 839 538 888 91 826 802 819 418 641 210 504 741 203 802 900 916 329 162 215 733 369 339 241 624 451 906 146 72 391 961 495 892 939 868 190 722 744 546 580 454 15 461 411 843 282 19 624 457 597 840 294 702 96 133 444 92 821 761 456 120 767 708 590 756 9 138 934 296 428 93 919 267 857 125 495 394 611 530 524
438 87 926 838 188 575 294 349 139 854 423 265 827 616 667 889 907 753 568 509 283 420 82 224 961 856 357 343 654 153 349 760 789 581 7 39 157 237 913 493 425 116 575 838 54 992 370 9 602 295 854 299 846 310 111 767 436 228 575 595 43 572 416 819 135 316 809 885 504 947 587 829 550 629 65 442 132 138 427 220 169 772 283 432 783 271 326 452 435 362 264 916 594 523 908 891 544 478 162 921
955 429 665 421 649 156 348 724 152 863 743 274 17 628 274 857 833 341 375 180 957 61 4 979 279 883 796 549 884 94 829 543 775 784 437 902 332 257 309 176 96 562 313 320 157 65 704 434 843 325 711 563 48 475 514 808 271 137 5 978 684 912 248 172 254 19 16 558 480 79 520 882 35 964 244 383 633 99 613 746 587 415 178 211 490 731 415 264 916 210 505 737 88 950 319 612 465 965 212 891
215 682 38 426 678 215 352 33 734 807 17 624 136 800 578 520 318 102 161 323 561 105 543 309 189 854 139 243 255 280 402 59 281 93 489 367 48 149 422 307 987 453 1000 912 463 542 696 646 756 53 592 849 699 138 426 958 912 936 701 134 385 384 573 3 262 709 752 129 389 740 985 563 983 622 228 883 747 828 54 637 93 436 390 913 297 285 653 452 279 111 157 968 44 242 773 251 177 783 609 760
202 998 541 383 993 806 805 615 553 62 402 140 663 853 947 668 781 972 184 341 605 469 216 456 316 295 324 409 121 848 131 616 311 268 212 703 223 129 556 113 514 692 924 580 719 769 976 140 310 201 254 514 90 209 59 295 964 351 488 373 532 239 315 347 719 484 729 231 399 283 216 734 930 531 87 287 28 88 541 742 286 757 162 373 41 233 626 166 517 977 993 8 101 948 203 761 198 238 36 649
197 968 865 456 888 567 539 975 706 355 936 383 972 142 265 89 48 760 144 496 90 176 716 625 72 727 187 973 600 286 415 824 501 385 905 852 561 589 303 426 877 108 133 142 597 801 396 813 386 456 878 31 874 385 96 988 564 952 496 560 737 868 184 524 617 935 538 773 450 672 659 910 617 986 185 947 429 482 716 793 921 619 806 176 989 22 428 0 41 934 815 306 646 767 49 242 211 550 460 45
496 595 675 855 729 9 896 970 960 685 850 433 34 694 255 196 447 508 333 852 22 923 896 712 381 615 108 105 492 731 142 875 831 364 265 404 608 870 138 520 377 261 365 785 165 75 543 802 890 887 261 790 42 453 892 177 145 657 360 147 518 612 223 354 796 896 151 571 985 672 192 461 63 515 767 937 746 597 917 273 887 809 13 904 658 686 387 335 386 883 10 905 629 585 818 558 525 265 302 474
288 850 314 568 286 281 132 642 599 300 948 355 401 690 587 207 922 681 438 604 717 326 291 382 388 819 370 707 479 590 22 912 4 141 227 114 369 502 756 465 173 541 38 632 312 873 249 350 143 26 253 960 962 65 821 453 635 970 678 850 206 372 424 739 155 62 749 532 784 155 617 45 95 442 363 48 921 240 985 520 602 121 487 607 564 957 834 560 262 91 819 435 412 593 496 435 281 656 477 844
100 251 983 666 231 467 855 412 282 854 958 253 672 579 361 116 912 703 407 244 106 940 725 206 120 84 838 40 53 512 638 837 536 971 20 920 957 106 168 604 155 650 554 453 458 783 447 193 721 455 546 532 266 161 654 715 504 53 838 544 629 992 378 812 160 32 468 300 82 376 745 589 97 210 535 176 320 972 614 95 519 779 764 759 99 562 92 623 563 197 873 60 46 435 317 238 785 312 869 95
115 659 871 199 655 523 27 464 990 727 724 96 683 72 951 683 518 858 227 77 138 583 86 390 33 395 993 386 743 713 600 815 317 803 240 864 693 866 339 850 761 967 530 856 326 453 273 264 286 216 731 490 56 579 428 440 874 259 185 174 940 705 646 315 972 371 205 388 888 69 165 195 288 674 259 473 346 591 248 696 136 37 382 370 107 718 506 549 21 331 790 33 684 749 594 201 984 306 957 899
779 415 846 283 726 219 771 24 584 502 750 408 424 616 510 862 112 156 489 183 693 928 660 25 838 417 562 659 275 851 388 295 946 531 817 162 507 459 470 90 617 707 260 791 715 243 53 840 866 536 544 734 262 859 835 297 417 881 408 532 872 127 619 780 301 694 42 490 353 1000 450 463 669 265 711 201 623 603 49 14 116 588 616 399 601 805 619 626 703 774 55 307 447 438 968 730 29 638 344 430
958 685 237 578 287 579 634 148 408 989 247 681 644 396 933 690 308 851 645 421 221 339 310 286 6 552 795 771 965 677 402 143 788 73 325 919 296 994 547 214 477 953 405 171 21 873 173 248 872 602 526 307 270 45 609 821 615 849 58 16 110 34 117 310 726 50 460 366 113 329 178 359 945 166 657 216 41 598 910 973 917 140 427 469 98 108 804 678 0 169 691 449 127 940 464 400 827 781 151 80
105 928 499 879 779 454 461 348 79 336 690 622 730 998 425 118 651 844 978 270 312 669 208 772 375 891 554 378 155 727 515 239 404 62 677 361 85 433 164 155 783 507 190 308 433 594 512 511 744 377 873 794 592 980 449 801 442 165 19 529 261 666 950 335 353 586 775 493 319 430 748 104 380 110 194 461 410 74 817 809 96 203 816 372 216 173 89 840 709 254 258 697 974 740 266 32 76 533 776 422
241 612 659 661 573 65 11 120 777 230 495 105 484 912 712 427 475 87 252 119 739 564 940 689 985 745 254 631 697 404 928 752 137 480 128 169 841 563 915 573 676 396 56 261 131 389 591 984 216 20 604 812 490 82 681 721 160 847 32 934 660 990 220 729 333 490 962 440 638 932 501 271 49 589 982 908 639 337 602 369 913 948 651 724 911 629 710 489 221 261 331 854 187 902 297 97 60 781 545 567
160 183 358 509 72 7 111 428 293 549 535 898 1 445 582 283 93 341 715 768 321 981 729 334 272 314 641 877 164 432 597 188 79 614 705 265 402 578 782 841 723 103 446 402 360 789 806 707 73 782 785 718 773 761 817 357 855 221 37 507 965 198 106 514 298 593 346 680 578 655 790 260 621 581 280 100 665 313 577 218 506 521 466 250 244 589 21 959 783 857 904 948 862 33 552 313 689 100 686 361
839 369 629 179 8 795 639 67 973 735 66 995 619 474 199 164 945 395 848 135 938 313 313 182 651 23 539 240 290 900 867 459 930 90 67 657 740 70 763 914 151 434 672 830 363 689 923 952 439 684 293 389 931 182 540 573 181 546 373 429 718 168 352 176 729 288 221 606 901 886 96 887 375 772 870 251 185 392 261 584 906 99 789 205 50 56 809 769 514 803 863 464 705 957 753 525 152 453 124 68
697 737 876 740 431 85 909 120 612 67 844 902 94 816 326 735 945 388 578 161 972 615 451 181 342 299 10 980 942 523 89 563 653 355 260 279 334 496 489 640 441 254 881 65 433 632 633 15 117 207 883 278 323 808 865 654 290 934 40 341 442 939 190 16 334 692 273 720 24 320 764 284 535 721 543 617 73 846 216 299 255 649 767 984 391 949 574 902 256 249 724 44 757 550 496 991 281 79 300 940
186 198 950 858 922 470 286 495 46 784 888 105 640 542 873 344 327 198 679 808 590 54 515 248 363 848 783 402 967 870 49 783 470 382 557 225 534 488 492 211 839 855 131 366 818 734 248 206 464 217 518 0 762 312 286 776 617 603 315 708 547 290 265 261 696 907 425 557 659 17 839 399 779 517 162 734 676 101 686 799 731 65 894 719 511 493 324 711 994 164 975 781 384 559 176 770 874 259 317 500
374 413 906 173 773 100 455 553 22 465 600 637 936 216 70 590 82 644 739 346 401 653 945 686 121 691 299 573 47 769 67 734 784 899 454 60 865 637 276 35 645 574 521 416 230 993 878 943 156 906 492 287 780 737 43 85 37 469 249 641 565 478 982 876 786 427 958 902 979 137 674 518 855 200 433 447 102 82 226 803 390 583 813 963 631 223 374 626 720 596 833 888 309 743 352 781 420 747 369 347
916 142 419 771 515 190 637 859 357 72 676 510 387 496 380 267 930 122 852 151 530 585 187 758 372 931 138 849 145 953 860 676 615 368 599 501 552 103 273 541 217 729 548 583 482 553 793 566 479 989 217 686 826 968 914 651 253 916 656 924 5 311 73 575 559 926 721 434 984 235 769 196 313 66 865 572 187 886 814 545 289 593 656 483 979 569 597 671 702 969 585 8 200 852 230 669 708 247 79 836
453 90 828 845 387 731 794 789 987 947 804 193 640 373 410 773 440 302 528 809 562 927 622 499 892 537 551 273 662 574 121 918 255 403 954 863 10 947 895 305 943 470 773 102 190 81 434 376 428 154 582 751 563 489 870 782 825 600 477 71 213 308 118 348 89 447 92 127 508 296 425 589 431 843 309 796 187 67 601 318 731 578 880 115 826 718 509 819 951 229 388 102 213 927 151 133 139 845 270 551
163 69 782 110 997 133 652 876 390 394 666 470 346 224 894 825 192 964 636 101 186 393 737 248 786 423 215 7 585 298 501 783 472 171 496 921 548 579 198 457 498 139 537 125 454 673 352 343 325 406 201 884 547 318 999 123 625 481 189 700 447 683 582 734 391 147 407 956 502 491 827 891 849 668 969 908 750 880 954 309 52 574 495 845 964 521 417 617 560 176 153 29 887 76 546 245 446 371 190 445
109 14 950 433 100 382 960 686 368 714 95 357 886 101 268 532 338 454 25 977 568 215 735 824 581 24 791 617 401 267 185 879 762 426 740 659 692 553 587 161 312 944 218 228 290 922 178 782 257 70 617 781 873 798 100 611 487 795 9 113 886 542 185 58 230 82 193 47 150 707 820 882 247 671 729 565 983 763 45 632 282 407 919 75 338 835 767 710 639 104 30 108 369 675 344 0 262 613 69 897
340 594 165 913 39 915 215 378 609 542 904 846 20 738 56 716 499 498 285 29 95 673 714 190 328 990 634 690 422 589 303 131 997 700 458 270 64 458 766 675 279 482 578 317 172 245 549 931 348 375 636 3 103 36 930 34 270 569 601 819 797 409 28 830 346 971 650 278 692 113 98 772 138 337 965 906 765 467 539 556 481 35 584 183 772 496 906 925 21 238 895 463 468 250 264 498 551 484 930 864
615 798 447 996 23 323 527 713 132 395 892 6 151 768 127 229 744 24 387 136 627 123 239 577 573 682 807 52 498 951 511 308 120 935 934 351 355 271 618 914 574 702 199 236 424 199 784 592 253 566 470 387 690 134 657 215 365 15 29 822 689 724 35 783 937 436 982 883 838 343 797 528 632 976 846 695 65 388 803 406 567 148 598 830 138 886 665 560 492 668 988 147 333 512 185 553 599 498 534 183
488 312 230 823 101 517 73 774 882 4 354 949 972 866 59 986 25 968 341 808 243 337 70 692 518 802 97 545 441 245 141 881 274 636 493 915 386 191 375 235 540 588 708 633 175 133 91 45 122 109 802 380 103 914 245 606 499 651 729 284 232 613 430 673 217 433 163 888 148 543 678 950 515 675 611 704 631 241 50 78 17 326 769 266 347 79 32 507 466 831 985 152 148 3 736 121 420 56 494 634
245 696 551 193 44 832 431 728 985 778 309 542 118 128 193 500 908 410 217 728 954 234 354 937 918 646 513 534 613 655 385 971 746 611 846 259 915 714 525 534 293 256 962 821 727 276 766 250 524 447 69 521 444 939 368 286 349 417 615 291 263 117 30 766 272 275 985 791 484 213 214 9 749 197 423 962 972 159 369 751 586 679 686 978 883 503 327 754 639 479 370 161 65 848 0 499 473 264 560 463
746 156 999 26 501 682 442 222 345 952 213 414 362 780 617 461 197 938 217 382 85 254 208 786 501 267 284 228 570 963 917 417 224 938 733 119 183 337 935 411 115 38 991 147 567 697 306 353 471 487 50 15 167 909 604 619 86 103 646 751 281 259 959 511 689 521 918 207 367 642 720 148 95 645 669 626 519 77 357 103 318 210 321 923 462 134 651 480 749 303 448 45 73 675 586 108 841 53 632 45
699 105 402 346 962 21 688 930 941 349 155 866 648 630 517 495 665 837 678 193 526 738 676 680 795 376 674 306 854 973 739 132 42 592 221 785 565 480 22 454 709 59 154 68 897 979 67 881 69 896 925 246 653 689 226 753 40 102 559 939 847 11 948 212 938 56 45 668 550 148 814 116 346 257 44 801 951 195 161 275 985 86 257 456 538 773 309 388 165 15 520 367 294 134 446 251 697 254 235 188
638 977 637 130 923 318 718 375 277 184 153 594 754 186 667 530 413 586 877 903 708 201 786 238 199 170 294 20 474 245 795 856 523 709 15 526 880 486 335 515 440 600 651 467 339 140 93 905 554 867 669 691 23 481 198 717 589 40 942 197 129 570 760 582 587 546 138 64 781 148 990 38 242 544 773 870 743 558 232 965 707 427 684 472 676 494 262 75 563 393 779 905 978 383 237 492 431 7 616 632
299 447 421 480 726 554 866 388 699 551 522 63 320 72 702 641 339 365 473 430 343 477 555 679 505 881 201 73 654 364 929 789 160 602 1 104 698 649 286 803 865 877 585 676 499 846 320 469 573 693 600 816 928 614 220 69 434 721 921 446 916 592 163 391 660 768 776 976 692 516 753 102 75 230 63 559 749 192 694 26 643 677 499 116 272 408 77 943 378 60 968 7 919 374 53 972 909 704 990 764
88 549 462 100 572 306 467 83 982 203 45 600 544 605 716 943 235 998 408 806 614 895 58 751 896 560 672 824 368 726 978 942 730 82 277 106 901 460 602 293 804 797 777 66 990 630 819 339 355 174 38 856 207 744 287 806 353 101 305 141 726 393 375 113 865 851 359 84 219 199 45 149 526 487 851 348 938 381 860 553 398 327 865 433 188 97 97 596 772 167 246 598 389 441 540 324 627 101 265 377
528 42 922 630 851 871 235 645 701 309 71 562 726 854 671 885 347 837 34 10 546 602 873 827 456 290 308 997 89 825 129 454 695 674 874 52 769 483 581 398 60 784 670 135 363 123 859 608 830 518 280 29 622 774 470 970 425 661 851 380 276 851 512 397 50 769 448 443 159 919 871 171 721 595 753 845 526 475 608 748 879 64 361 98 60 590 963 524 595 21 520 685 631 802 223 342 701 705 906 915
661 633 966 112 165 507 1000 541 371 101 817 918 781 610 576 110 865 901 311 420 777 700 847 898 729 317 712 682 502 161 491 206 191 304 773 547 858 511 877 416 980 847 251 536 567 416 912 558 722 752 502 2 65 197 220 18 243 73 304 954 58 640 835 829 259 769 591 601 240 600 1000 805 263 608 452 156 424 369 676 317 160 852 51 854 986 464 130 505 61 71 216 134 238 896 267 795 121 190 450 101
490 433 467 899 87 508 807 409 170 396 298 597 917 782 670 20 563 729 354 567 463 335 522 68 645 902 779 767 398 111 610 67 289 489 489 270 565 84 861 45 576 316 41 7 851 781 225 373 268 269 635 282 990 202 604 617 987 939 368 272 325 493 289 909 499 181 954 56 406 565 46 851 146 622 584 584 366 292 634 477 798 362 88 404 966 21 384 429 224 534 871 86 543 786 652 64 809 339 426 821
328 878 552 377 948 258 343 270 101 126 500 346 850 64 354 618 992 108 696 130 892 233 300 974 998 966 890 128 518 67 299 72 124 689 296 555 293 11 661 720 968 783 79 933 730 698 440 375 20 128 422 531 926 788 257 861 467 70 411 285 231 105 745 65 353 958 455 563 745 827 268 525 785 599 931 198 160 636 480 495 152 356 945 377 317 750 313 131 893 611 18 344 637 58 682 344 733 617 997 995
282 139 751 655 29 859 373 232 171 613 195 301 970 285 773 939 985 654 583 707 479 28 176 163 771 621 428 574 457 913 887 694 697 55 945 526 804 535 356 863 568 597 72 42 500 367 272 838 915 420 14 716 386 892 293 666 654 163 74 923 882 394 349 602 5 66 947 517 759 363 843 501 896 45 580 945 75 606 225 491 910 584 302 28 254 914 113 295 954 616 580 984 672 850 121 287 50 727 67 226
81 693 406 220 960 909 222 25 456 741 103 907 223 332 113 702 823 496 412 905 428 421 798 862 507 450 889 750 916 314 274 453 870 124 922 975 928 668 975 477 238 518 169 814 299 934 174 209 455 792 222 675 348 263 318 148 499 766 119 353 603 158 97 660 831 797 658 451 345 430 76 90 380 144 787 370 145 109 238 376 645 788 295 766 604 251 349 267 161 272 845 645 94 101 426 803 237 437 273 124
300 754 864 934 8 880 314 872 655 864 184 980 901 320 179 989 951 919 984 750 721 303 884 972 448 321 111 506 999 677 499 46 21 8 963 969 22 472 908 400 621 543 258 759 373 819 850 334 132 188 12 296 260 134 241 738 601 935 735 582 858 553 783 501 109 145 885 976 444 911 879 851 184 767 640 48 670 494 434 638 56 712 199 313 547 944 481 917 775 333 435 24 22 46 1000 749 536 47 117 234
915 887 315 402 122 830 245 905 575 926 394 717 676 413 237 281 373 256 807 982 31 291 603 658 558 797 381 952 828 83 189 31 591 11 820 343 3 326 283 983 649 927 420 214 921 4 158 535 339 571 819 376 782 995 603 569 137 389 862 608 121 34 735 966 928 519 893 861 466 996 936 777 682 608 913 147 45 671 784 818 888 20 246 219 355 915 855 92 240 687 396 7 350 944 492 533 462 977 506 184
100 445 627 140 768 61 732 250 90 82 417 463 126 678 653 61 544 865 118 831 980 763 422 952 987 256 124 223 849 70 163 754 95 68 763 26 547 376 131 729 731 777 833 134 470 134 498 324 412 275 961 589 497 101 635 610 737 27 122 252 648 50 415 558 493 44 788 255 407 212 754 834 463 913 842 517 869 670 349 928 582 563 8 177 737 668 75 132 623 740 453 8 91 980 254 86 836 990 82 505
784 205 162 966 761 117 622 723 463 745 587 51 833 64 466 710 198 366 39 223 771 168 812 169 66 406 826 412 177 883 907 39 785 501 644 598 513 254 529 283 189 750 662 222 892 89 120 950 472 342 307 946 361 131 888 453 42 428 932 443 892 996 312 69 720 953 557 74 467 119 891 306 10 582 571 986 36 685 531 130 94 242 840 956 116 621 984 826 902 40 198 305 203 844 192 599 585 478 714 435
735 767 267 710 274 445 221 164 609 331 681 802 205 402 13 81 887 197 376 49 828 60 96 397 676 658 132 488 486 636 956 508 657 96 416 216 877 538 154 259 863 516 967 385 720 809 650 255 791 652 985 227 744 361 102 851 331 254 770 981 195 733 442 251 720 360 368 977 805 688 361 85 378 260 275 64 294 907 49 994 899 168 785 824 986 80 285 813 760 906 875 420 959 990 697 632 380 961 189 425
43 73 91 685 527 754 896 158 231 956 685 487 79 722 237 513 73 328 449 509 891 320 962 124 949 21 783 743 348 993 181 450 553 810 20 734 414 483 229 517 265 176 289 593 988 844 929 715 301 559 630 469 349 899 706 121 6 578 563 863 911 261 849 372 46 293 371 423 973 582 56 469 844 693 863 346 998 177 194 408 395 893 586 488 308 602 740 613 343 547 174 792 581 693 518 125 883 801 919 800
522 997 782 43 925 396 825 990 424 417 539 239 823 623 660 180 317 512 170 899 824 143 146 937 294 721 236 239 646 753 964 556 126 183 145 213 919 511 685 617 566 518 551 136 93 466 79 637 50 178 74 232 794 347 147 168 398 350 309 580 19 867 492 535 935 634 673 47 829 550 473 42 268 196 863 876 559 385 794 894 99 859 930 458 111 912 166 83 886 161 241 692 982 562 902 315 697 556 550 312
694 624 710 812 929 333 428 168 239 627 142 350 691 364 846 751 377 59 576 276 197 126 540 75 572 139 472 433 871 680 907 131 581 851 328 824 537 153 568 811 813 19 180 1000 733 260 993 828 138 742 542 647 193 916 920 232 553 549 91 907 394 605 703 694 43 288 423 600 988 622 838 284 640 85 708 530 288 640 121 908 547 725 604 535 463 815 364 748 479 98 328 80 513 401 279 265 86 117 634 574
54 896 51 395 579 612 862 914 654 407 206 249 133 178 419 802 4 996 17 240 401 540 410 133 99 553 883 878 713 120 61 558 244 798 584 150 1 817 121 68 329 427 168 886 51 562 93 169 121 295 566 75 461 134 181 876 292 204 252 489 393 192 608 619 879 967 176 363 962 544 688 83 939 998 814 509 287 233 435 975 746 616 489 120 353 138 533 495 731 572 111 180 599 422 568 447 753 102 146 490
289 369 594 561 434 812 865 920 697 789 781 533 473 9 182 218 951 434 865 211 320 176 463 616 318 503 521 432 595 873 806 263 781 343 452 539 263 654 425 136 40 620 930 558 627 126 587 871 974 549 958 951 306 317 494 637 776 240 870 265 59 288 612 83 611 406 914 108 35 977 6 613 112 787 775 551 521 416 197 884 673 930 927 88 90 763 429 900 906 654 692 609 21 480 95 764 18 632 257 630
484 145 486 463 118 862 145 336 170 158 707 79 850 536 460 448 243 965 152 105 47 859 832 180 952 415 202 9 474 422 628 958 707 502 292 22 280 868 701 238 961 366 914 994 598 781 48 198 201 681 918 280 3 768 652 257 792 536 623 574 797 743 699 843 962 832 613 220 767 414 449 941 351 758 382 138 30 262 581 577 259 146 619 859 111 107 26 9 54 681 554 445 700 837 865 7 15 322 180 957
855 342 166 741 803 990 547 445 200 92 296 421 212 600 455 510 37 271 612 65 348 248 265 182 123 814 997 233 692 307 416 84 297 992 844 329 83 92 752 822 373 381 899 24 918 951 46 926 261 2 993 92 176 984 978 98 484 225 695 935 232 314 110 627 249 239 100 478 483 695 552 683 1000 613 108 190 95 889 562 855 197 729 946 641 935 455 145 100 32 546 674 500 116 845 596 720 561 69 957 842
831 819 831 631 365 730 713 429 767 976 403 940 108 866 913 80 909 579 837 796 721 370 749 532 299 515 642 265 484 127 442 860 559 885 282 163 787 803 918 769 135 496 338 810 131 460 258 989 472 48 299 808 131 381 765 748 624 670 842 857 255 116 441 971 666 523 921 546 138 359 262 384 697 163 696 855 575 590 672 166 917 782 888 254 464 468 421 9 980 601 626 683 53 548 670 979 437 447 963 543
366 608 779 324 522 385 830 635 519 805 86 698 468 582 557 806 549 54 8 971 491 854 278 455 545 724 209 179 7 808 559 413 682 537 256 840 526 981 257 700 241 545 616 590 417 454 287 276 246 303 810 593 97 800 402 977 928 797 890 421 344 473 687 456 177 488 336 355 331 643 295 1000 359 447 473 977 108 179 424 909 693 867 410 217 787 377 940 634 594 536 104 462 512 744 353 904 265 276 661 755
74 497 860 764 327 543 559 791 132 110 607 960 778 253 773 431 535 784 862 793 753 478 83 703 311 935 737 721 901 663 671 518 870 567 985 851 569 548 955 5 435 56 102 743 625 495 354 712 209 943 569 906 59 513 599 800 401 843 677 620 293 781 748 969 154 354 666 0 622 684 966 460 253 327 784 481 745 477 974 320 490 31 968 520 995 736 43 949 259 170 269 915 738 87 788 542 723 158 48 538
850 124 942 745 141 274 708 442 869 689 950 25 633 298 688 710 271 39 376 603 423 104 173 151 786 601 583 880 978 833 937 286 691 843 722 13 259 458 352 194 481 252 239 449 304 744 484 293 98 937 352 969 740 420 621 848 923 529 776 522 695 338 68 506 680 108 804 396 396 596 165 665 168 527 215 148 400 365 773 747 334 235 245 608 668 612 22 345 303 748 621 75 162 716 733 466 417 935 350 70
323 463 819 772 4 455 679 999 909 608 839 445 84 849 21 792 53 590 802 567 515 716 929 272 976 18 216 586 524 628 682 879 816 578 865 227 74 684 135 140 418 374 518 58 710 400 212 322 6 534 268 939 811 863 43 467 993 97 870 715 805 909 115 608 359 4 94 235 657 894 121 241 674 950 669 2 87 260 934 535 829 919 950 731 517 813 788 634 78 301 10 739 416 42 107 423 591 529 999 277
450 329 667 646 210 925 918 767 76 623 556 309 364 545 672 456 715 442 302 573 17 594 2 33 696 241 204 31 449 741 271 255 948 60 876 288 169 811 976 807 65 143 302 110 733 998 433 389 209 978 548 287 628 131 801 714 561 280 664 799 938 744 586 418 673 442 501 633 853 989 867 750 681 475 582 895 732 996 137 243 122 222 433 399 145 674 840 591 101 128 478 249 251 699 650 577 336 471 661 296
740 150 280 420 32 309 342 582 392 406 13 704 239 74 824 533 214 214 974 318 578 722 886 658 863 469 442 646 510 294 319 479 512 230 386 365 665 173 149 89 480 819 621 561 720 11 891 817 118 471 725 38 566 976 736 551 603 665 194 224 848 719 292 867 157 678 159 980 94 455 43 797 992 690 393 235 887 286 687 795 322 265 142 343 788 20 912 115 190 124 514 979 855 905 95 8 769 225 801 270
426 376 10 16 921 863 63 694 469 459 409 784 702 897 630 21 849 217 423 480 121 215 861 777 462 855 942 789 404 722 411 813 877 407 323 623 777 967 783 77 634 136 62 538 681 262 285 872 857 95 228 88 475 231 138 989 410 85 702 171 158 66 207 769 809 235 90 366 675 190 553 166 776 90 756 107 679 387 74 492 829 136 740 776 736 243 909 928 256 339 325 195 314 158 317 704 284 312 212 276
207 750 549 177 576 127 479 152 817 519 375 240 411 182 934 211 452 561 400 391 893 90 282 709 769 748 406 991 703 706 987 545 623 753 483 396 366 261 657 522 634 200 118 272 815 263 810 578 979 460 839 997 306 36 275 744 783 878 257 503 368 729 491 117 286 130 373 426 377 209 912 680 218 403 923 244 474 137 438 800 986 327 438 273 145 871 205 516 735 509 1000 626 831 258 13 141 380 622 617 267
996 503 406 20 798 906 101 567 329 207 702 116 878 15 310 866 468 849 398 563 378 810 472 940 715 723 56 20 366 639 926 761 932 546 74 266 464 274 495 394 220 358 992 968 400 782 437 41 559 4 322 285 796 200 784 399 787 331 775 433 654 684 481 69 414 654 831 661 403 911 92 912 625 649 816 627 485 541 681 258 986 92 313 27 113 929 947 785 11 502 817 656 329 401 281 16 783 271 625 829
36 964 979 1000 673 922 837 706 334 976 767 468 811 734 891 26 436 590 883 58 579 721 22 908 754 567 28 626 789 473 22 349 697 624 983 569 652 913 233 589 549 736 597 929 615 204 609 716 600 554 358 604 515 790 451 32 628 767 104 501 964 717 261 830 897 937 324 396 619 529 147 151 951 391 323 316 587 167 592 582 131 332 208 976 11 329 34 642 441 80 552 803 213 883 395 876 168 179 238 132
926 941 837 147 641 940 640 942 158 854 706 391 262 915 156 798 64 818 246 567 154 778 725 3 741 158 751 747 536 464 810 236 194 579 679 589 702 525 104 799 536 396 130 838 818 290 819 691 805 743 137 512 940 660 427 125 398 994 327 981 154 588 910 570 594 414 156 587 621 38 589 846 840 921 790 225 879 765 57 3 81 956 701 403 401 188 922 596 635 372 660 479 196 58 223 30 936 763 745 602
460 585 760 179 874 421 780 112 606 988 298 281 608 623 205 563 918 260 437 258 969 956 196 991 351 828 22 318 512 615 257 874 897 381 881 928 580 627 576 439 911 300 937 460 451 116 694 819 801 192 624 915 805 734 196 865 897 351 502 145 57 462 559 509 22 112 60 529 224 972 798 502 687 7 636 988 603 115 724 447 52 758 792 396 930 0 458 63 585 149 64 916 694 695 322 740 158 832 546 853
711 677 425 553 741 912 448 233 576 722 52 208 423 1000 315 547 517 682 82 767 887 412 626 835 597 413 333 368 374 875 455 617 336 195 759 635 605 517 722 125 317 602 420 262 567 940 655 420 220 121 623 376 663 333 327 316 757 427 328 518 953 88 727 219 786 809 539 36 562 910 137 17 685 833 657 381 343 841 202 511 777 752 979 964 57 735 361 226 181 929 47 903 383 898 381 884 127 486 891 801
248 537 365 861 982 156 779 703 207 655 859 649 290 55 866 432 694 977 412 532 3 993 639 878 234 389 151 955 283 484 939 171 358 668 337 859 517 809 443 185 68 371 188 904 266 706 338 795 246 807 692 738 532 682 317 254 259 889 294 835 585 724 773 371 402 81 176 115 27 347 55 646 337 932 42 775 381 17 465 751 154 300 76 605 38 474 866 551 144 957 644 152 880 114 89 359 336 685 539 909
815 886 887 196 901 899 299 538 456 757 805 52 876 79 166 726 590 644 320 471 964 668 585 976 637 365 841 910 347 185 457 373 857 733 698 215 387 212 498 429 671 489 648 82 897 362 920 874 78 643 930 228 536 11 521 976 594 791 606 99 382 354 627 910 617 748 369 136 446 816 214 468 680 837 394 890 784 968 85 961 537 25 755 708 800 130 400 528 368 143 904 637 791 12 932 899 171 566 679 371
615 769 223 0 241 745 562 100 653 965 697 795 465 385 402 432 823 968 108 503 148 256 132 946 382 159 191 697 959 836 204 801 584 890 947 539 416 665 177 829 602 84 366 761 105 735 742 20 211 976 819 328 319 551 118 421 395 312 179 732 492 88 769 121 824 815 233 278 304 924 707 54 961 903 427 859 981 697 51 237 474 599 951 258 332 369 324 617 654 23 832 25 394 876 56 443 328 169 816 618
588 649 259 413 257 834 487 763 1 381 777 751 54 426 504 706 909 738 473 979 417 502 193 884 945 705 303 264 835 940 975 560 43 868 577 178 892 222 877 864 147 950 588 966 955 494 984 100 716 506 643 468 766 912 441 662 883 365 639 91 131 227 256 878 177 863 309 540 668 170 33 285 415 631 159 968 565 100 390 122 622 942 577 799 165 943 457 597 240 668 964 789 859 498 902 824 840 339 525 179
600 646 783 221 867 188 289 803 917 889 477 432 17 901 467 953 599 651 904 67 125 770 683 668 745 32 746 95 378 523 156 185 475 910 965 94 55 456 126 21 812 89 263 22 77 758 858 600 762 942 104 559 833 503 344 857 162 584 274 990 362 299 228 637 988 120 335 935 47 308 243 497 198 630 223 831 978 461 16 155 508 60 71 834 543 177 186 430 294 80 521 915 605 251 901 13 472 73 668 301
220 784 328 936 127 398 773 717 795 563 127 953 612 296 450 894 287 380 581 695 756 145 830 504 9 203 995 885 105 187 689 594 726 995 440 225 884 111 782 555 95 202 328 577 799 52 4 585 511 49 670 586 685 181 319 24 515 489 769 774 312 85 356 445 834 865 66 684 176 420 233 157 606 15 435 804 977 4 627 707 441 959 905 750 262 21 143 382 75 298 934 898 180 372 808 732 563 583 679 267
92 468 312 0 33 109 197 653 545 943 449 330 554 413 281 912 195 857 856 969 22 390 777 598 1000 364 838 787 196 117 355 616 462 224 942 981 236 449 446 869 295 289 499 906 686 984 128 424 74 693 612 826 121 579 457 531 226 868 611 496 741 873 479 712 62 407 432 846 755 963 698 783 992 918 646 967 713 804 887 459 463 158 590 277 753 157 458 288 999 970 608 806 293 768 398 176 417 279 364 94
159 808 768 369 898 78 718 214 870 472 954 551 76 749 303 975 652 357 467 942 215 564 978 173 129 587 502 988 895 480 352 306 254 80 197 361 675 727 258 662 939 917 139 542 332 389 328 502 446 591 304 402 92 482 266 962 577 211 862 1 544 798 208 553 945 961 156 117 452 285 75 192 416 539 244 187 312 163 187 761 493 647 771 30 624 506 901 744 121 997 894 369 940 377 229 881 445 256 184 679
416 136 499 936 684 59 880 601 449 420 429 933 555 21 336 55 309 134 740 427 312 995 496 868 173 234 624 889 52 113 253 515 845 986 714 289 991 494 421 480 98 495 363 624 528 839 210 684 634 623 800 398 423 651 596 16 582 7 853 946 849 436 262 108 495 894 421 153 944 924 937 222 789 683 546 789 641 453 424 70 281 502 119 248 542 222 137 839 9 663 332 397 763 181 981 152 46 71 631 911
267 717 162 266 30 853 152 549 336 983 34 25 0 173 35 331 776 769 755 410 10 206 128 745 3 344 460 498 696 670 39 123 286 51 919 473 813 782 830 16 266 175 469 905 434 204 299 219 637 749 523 104 514 414 592 350 102 947 210 598 761 448 866 142 696 392 343 549 785 891 184 343 302 539 753 649 306 112 561 880 333 854 719 280 183 578 428 875 343 82 444 279 306 693 162 421 236 607 209 797
868 550 26 823 607 119 558 821 748 519 717 545 729 693 813 716 993 507 118 681 763 664 215 451 30 345 220 49 906 65 244 874 229 885 570 899 101 922 931 104 113 482 141 683 998 808 581 175 73 389 915 898 288 128 93 70 169 773 597 883 116 376 948 188 308 227 596 923 557 534 79 913 685 272 669 848 414 954 478 290 888 142 838 959 528 526 152 984 686 924 692 38 761 592 327 586 345 794 369 184
234 323 888 607 12 784 617 262 831 419 887 672 332 200 240 455 748 65 200 579 50 971 746 854 343 107 379 867 40 775 78 235 888 503 167 385 802 281 342 891 29 139 665 980 696 172 403 5 395 27 745 520 626 998 515 151 840 198 597 176 714 972 445 437 737 350 297 691 909 496 83 840 603 441 363 494 444 366 251 955 794 867 618 127 613 16 270 79 780 855 268 209 111 411 439 387 887 401 300 576
213 426 757 826 861 579 371 5 521 331 969 924 119 53 964 221 41 365 343 603 22 778 632 551 349 939 608 119 36 526 238 436 997 622 166 167 647 704 326 222 800 843 590 105 519 942 867 69 316 459 981 180 919 124 272 144 518 759 417 994 715 995 968 5 622 315 592 216 336 772 103 734 431 235 449 601 308 25 630 327 456 814 752 22 21 851 381 585 402 380 423 31 168 7 577 544 20 579 602 2
277 433 438 408 576 603 294 583 665 915 377 800 542 966 119 980 130 861 320 12 860 971 220 263 784 528 617 955 769 753 808 353 551 602 893 922 785 846 363 470 967 206 529 49 38 802 880 209 894 914 223 915 919 641 990 491 637 587 572 924 104 310 725 547 993 803 185 945 532 967 543 262 978 92 308 16 267 132 745 92 925 386 258 227 908 692 452 297 200 53 282 832 253 426 34 283 750 548 342 383
40 780 163 320 261 274 538 458 251 75 609 599 408 9 945 982 55 187 626 114 196 594 362 504 102 62 550 125 718 667 543 48 219 911 857 973 826 431 624 147 297 410 765 192 344 693 958 235 248 928 332 800 464 541 346 1 292 606 591 148 188 383 357 903 544 287 314 307 622 199 829 360 662 886 529 678 62 224 126 108 886 698 44 299 216 301 988 920 818 553 648 488 77 691 192 717 204 279 760 864
824 731 899 575 47 198 306 382 339 777 328 991 273 145 479 19 234 859 569 927 526 76 615 363 774 879 802 674 759 825 790 729 401 463 627 70 185 624 510 971 948 222 456 38 467 46 210 661 93 852 111 140 233 530 210 518 518 599 888 190 209 221 603 400 202 137 503 239 960 479 912 270 511 74 702 603 855 184 428 689 90 744 28 266 508 68 72 520 985 614 746 767 98 363 873 93 479 469 83 567
952 362 224 664 520 134 795 82 141 794 367 48 959 598 951 216 194 130 801 890 209 159 677 967 485 968 329 49 327 664 592 424 727 885 615 541 393 376 557 681 141 235 672 944 180 188 426 611 440 121 291 905 395 410 777 699 820 330 617 538 892 126 27 149 572 1000 480 149 241 343 103 755 667 97 951 714 720 78 48 189 877 761 477 799 531 842 169 228 206 67 592 795 911 190 961 773 144 908 9 621
596 845 375 873 807 984 567 594 951 857 678 87 701 876 885 329 668 799 297 151 846 832 526 105 899 807 255 952 988 446 334 868 729 214 800 52 810 420 174 394 602 960 454 408 545 43 810 427 478 585 195 849 801 638 756 866 665 299 25 115 524 299 129 761 547 365 472 629 30 374 626 468 348 675 600 684 4 593 954 301 596 725 926 930 369 691 712 794 956 475 541 480 902 71 786 398 724 486 690 18
686 518 238 347 234 405 177 72 50 487 319 211 979 213 539 724 413 596 476 194 677 803 815 925 209 180 813 148 818 926 46 762 114 524 917 291 951 224 660 58 413 992 556 86 106 378 738 630 87 185 170 958 981 842 898 553 533 765 516 945 553 826 264 434 527 814 355 721 382 792 290 369 763 947 240 803 484 544 344 789 488 797 235 438 836 189 116 462 707 151 951 809 144 849 365 890 665 127 241 712
207 405 325 329 13 142 301 790 582 546 870 124 874 962 557 41 230 44 234 962 57 659 526 460 273 283 328 149 1 752 473 66 771 808 482 256 640 351 947 182 10 782 401 693 855 740 519 46 508 566 854 580 448 75 80 936 471 292 680 18 937 191 493 714 391 535 337 273 279 83 914 945 204 827 0 232 137 232 42 399 868 214 287 199 243 668 716 205 616 75 102 907 798 358 255 663 947 198 937 104
803 582 157 304 585 870 338 512 829 377 851 345 886 988 20 175 944 633 830 497 949 206 172 71 402 271 716 731 393 142 184 729 643 414 974 596 167 611 524 23 220 875 857 551 936 675 866 794 778 814 122 745 752 196 641 409 61 672 77 299 393 541 496 875 397 193 595 941 870 27 392 11 702 684 924 599 258 691 666 629 502 110 306 756 425 144 875 767 310 445 444 373 635 385 488 647 298 807 702 387
441 231 329 529 273 63 402 128 392 179 65 389 869 375 870 366 343 121 816 943 476 787 797 144 793 52 805 656 177 933 670 173 821 559 622 709 817 25 444 287 209 121 131 785 503 388 753 789 210 495 38 487 698 668 398 828 607 683 155 924 556 515 950 228 387 925 440 283 800 977 288 888 330 312 737 617 84 311 415 887 873 399 8 505 371 239 282 302 574 949 9 406 601 276 20 233 511 112 425 417
336 139 466 441 47 124 757 398 91 34 873 898 638 681 256 596 674 404 91 635 74 928 597 505 635 473 580 549 423 355 427 959 84 719 8 204 93 810 126 273 82 341 529 966 78 236 976 845 377 853 180 716 426 36 41 654 609 853 755 255 554 625 48 949 514 261 897 516 230 503 246 224 71 921 20 761 184 293 690 359 623 722 167 480 967 537 464 638 346 605 853 790 805 550 947 333 976 836 238 903
764 397 905 36 242 758 97 512 450 352 310 705 865 402 239 270 891 612 83 108 525 899 428 142 977 504 129 712 663 119 522 447 819 728 660 971 80 729 879 493 470 418 999 258 2 982 628 695 545 225 189 69 82 263 527 167 9 721 669 247 679 689 477 786 858 376 666 904 335 862 513 25 500 872 653 751 17 113 240 32 808 710 543 6 662 921 785 979 913 600 648 255 764 520 938 313 567 946 274 951
735 531 182 978 268 549 507 332 954 892 770 76 699 570 942 906 339 566 893 26 709 444 318 722 31 269 671 846 371 587 759 591 33 844 948 203 360 581 281 473 759 553 194 69 253 643 595 653 26 841 888 210 800 426 56 723 837 577 93 547 236 484 69 549 488 109 457 359 713 687 224 673 915 331 98 347 425 661 425 644 150 845 766 539 104 308 66 893 589 642 280 909 631 895 725 223 228 777 214 876
818 169 367 978 537 543 278 639 762 373 385 179 781 89 14 522 72 498 995 394 342 617 589 9 72 763 90 940 622 308 846 274 632 799 980 654 119 840 967 565 347 53 721 503 64 94 475 164 37 327 410 679 777 162 895 911 619 807 305 13 47 495 711 974 727 197 777 100 315 649 947 188 299 485 456 703 257 317 735 361 729 932 894 555 349 774 887 908 141 725 818 943 851 965 85 888 364 286 764 227
581 653 420 774 445 788 506 671 790 964 688 177 431 779 914 895 144 675 556 933 91 982 934 463 576 497 756 489 362 705 619 454 64 775 604 654 353 679 371 655 340 741 755 521 544 450 11 877 978 720 472 692 924 330 626 875 414 201 424 617 71 31 647 953 880 45 785 253 60 386 400 316 408 689 723 650 887 636 56 613 643 622 62 815 691 192 854 523 334 801 855 635 634 317 388 999 850 128 643 918
796 919 480 761 356 537 848 444 958 68 116 502 273 359 901 682 492 508 695 723 675 941 580 246 731 268 882 266 334 746 796 458 306 654 72 737 153 504 326 533 888 783 145 194 885 433 511 580 717 760 37 239 196 180 457 384 228 13 997 833 315 578 276 550 814 454 593 720 992 576 119 115 874 996 738 690 260 40 34 252 414 14 881 831 152 673 983 762 642 346 941 13 800 930 425 490 568 975 778 349
562 678 429 94 374 571 983 896 780 487 740 69 685 78 4 495 646 4 282 691 532 114 529 344 611 68 790 7 608 867 9 538 393 606 664 253 605 760 292 124 535 359 94 609 497 310 35 522 638 537 58 371 533 663 436 560 2 7 208 642 448 222 494 58 927 534 561 118 330 80 477 240 731 928 174 767 989 664 440 904 421 807 991 187 426 365 586 725 785 534 373 580 962 650 868 279 936 662 401 881
245 781 237 419 671 949 561 287 881 126 113 123 345 877 806 912 153 577 165 950 527 529 731 863 44 273 118 369 721 339 363 610 599 885 104 564 906 636 55 110 189 502 129 701 87 771 189 355 23 398 10 161 166 703 976 833 505 264 21 303 242 640 54 676 89 470 25 246 297 582 237 730 141 871 168 689 465 416 945 264 374 196 741 692 304 751 931 6 921 776 619 650 17 982 311 986 631 711 26 92
895 422 200 680 873 113 193 257 401 347 554 1 366 433 532 184 641 665 759 555 169 843 989 510 753 692 76 902 442 132 135 277 288 239 607 581 796 991 445 5 796 776 99 659 451 86 255 788 924 869 951 24 702 514 728 278 498 997 707 836 620 72 55 278 321 244 488 805 737 898 559 659 817 721 323 320 995 815 365 550 816 365 350 546 705 199 441 510 160 82 147 151 335 946 985 473 200 689 565 654
80 719 522 299 920 258 418 125 916 430 662 190 347 269 252 485 485 27 515 692 217 520 720 354 21 401 480 589 106 682 164 288 828 941 440 280 96 226 282 604 882 360 470 814 39 84 71 409 843 807 653 542 557 406 954 855 33 311 944 684 847 789 758 398 55 9 643 680 678 808 308 929 411 729 43 518 823 970 781 333 158 443 750 25 327 965 801 208 60 47 724 926 334 619 850 834 281 370 294 730
218 938 226 806 641 660 874 63 815 327 292 559 80 570 660 4 973 904 107 17 323 867 41 138 862 880 2 374 20 337 125 290 415 115 423 370 483 264 291 600 362 272 174 241 28 593 224 835 508 104 984 706 839 66 417 633 732 175 840 224 609 373 176 26 735 275 407 948 675 31 410 733 839 278 806 82 726 320 825 928 133 173 59 802 527 285 535 703 842 606 672 239 200 916 184 60 639 803 585 464
580 855 118 405 106 62 880 693 745 747 169 863 431 948 351 325 312 185 485 590 98 712 439 763 792 73 361 507 929 977 879 422 717 502 872 671 772 612 840 911 730 525 380 952 946 166 621 821 37 582 231 79 401 966 117 271 121 341 713 609 32 264 305 487 434 716 120 184 156 463 282 619 976 649 138 775 694 451 883 142 461 819 509 23 821 945 610 429 774 643 429 186 741 321 572 967 227 703 794 377
823 7 387 969 738 216 255 109 695 888 104 287 972 369 775 105 431 937 592 220 190 281 158 927 56 220 977 65 534 533 804 176 854 390 530 633 615 795 723 800 925 141 408 432 289 91 705 456 157 10 610 214 866 466 892 592 389 374 307 639 44 465 303 544 525 659 599 276 855 690 21 987 171 657 700 272 507 868 12 256 873 712 714 796 99 283 439 247 546 412 902 618 153 417 771 373 279 901 598 998
731 223 1 419 367 66 442 355 906 168 841 902 767 102 597 108 333 620 886 304 657 805 939 203 470 124 951 172 703 479 198 71 707 926 737 383 458 561 492 850 573 493 10 29 285 433 557 634 959 811 127 116 908 362 910 791 635 220 239 836 182 416 395 541 959 768 955 425 381 979 910 859 141 453 479 636 114 427 728 439 116 514 875 165 738 920 630 869 418 609 795 169 681 274 952 960 357 484 936 578
860 59 750 395 30 984 313 515 161 375 641 141 519 201 531 78 434 671 318 998 54 311 258 904 528 758 578 557 168 390 943 836 489 536 490 321 769 281 308 411 723 528 453 1000 905 446 80 688 61 178 685 936 413 352 68 721 834 581 388 825 706 656 365 722 462 494 858 390 556 353 747 70 434 557 846 108 691 72 16 923 168 430 664 576 191 757 697 954 899 964 649 403 532 142 328 585 150 50 323 997
241 969 815 720 384 472 440 676 158 577 308 910 668 475 78 336 705 276 885 142 812 852 683 176 466 732 510 563 755 356 663 520 140 815 305 835 579 100 764 987 66 167 406 738 532 838 297 293 195 960 427 803 261 382 740 310 663 246 624 662 958 289 726 740 998 828 326 371 120 491 97 658 436 556 56 494 125 360 355 544 659 36 343 291 882 676 399 597 144 191 769 711 670 973 885 976 465 9 25 180
23 948 783 30 813 191 52 740 548 445 567 479 250 647 59 714 957 468 144 309 934 630 192 560 914 931 523 920 342 38 702 293 692 295 777 32 444 229 891 299 440 616 880 237 546 336 131 491 364 633 192 267 784 901 251 152 227 12 231 928 538 513 595 111 584 112 18 881 12 102 264 97 380 217 899 990 452 339 838 30 262 122 818 146 710 881 438 901 144 109 993 153 982 209 692 799 278 679 823 778
798 668 350 84 42 819 981 328 102 216 684 449 396 322 896 880 334 206 343 971 116 690 399 430 506 737 618 252 600 138 667 834 276 413 668 145 669 37 691 121 585 754 138 656 621 726 191 770 753 652 891 218 843 733 354 548 586 220 741 976 829 140 642 183 833 661 473 698 684 61 695 858 76 441 73 861 948 869 191 621 263 816 846 843 600 341 866 705 935 35 263 658 502 703 509 608 547 733 531 720
750 681 244 572 742 402 486 356 754 262 454 491 986 485 343 413 718 660 584 911 772 14 649 294 997 442 285 906 1000 370 835 131 157 603 837 381 920 963 54 722 31 327 74 405 775 896 190 742 783 292 980 462 597 832 43 317 822 870 38 955 288 227 846 193 254 384 764 718 193 669 873 473 56 919 724 247 763 36 177 126 139 521 223 717 440 85 269 682 260 235 112 149 386 814 246 510 616 420 111 249
805 175 884 445 75 48 553 358 270 279 688 346 661 219 284 852 387 462 248 113 390 132 941 6 549 890 842 189 371 389 837 891 874 626 956 929 122 929 251 990 507 812 272 885 180 812 726 300 534 450 114 906 922 313 899 51 566 697 172 59 480 721 568 684 220 478 932 538 312 93 29 581 795 687 256 960 890 413 689 953 922 239 465 753 657 595 736 718 455 25 834 276 787 489 301 21 300 377 630 82
934 402 386 524 676 437 369 143 802 171 77 34 785 242 342 683 329 861 109 737 322 526 288 916 961 526 913 143 537 783 444 980 103 327 135 152 862 550 928 726 51 654 43 19 763 135 620 318 366 732 784 631 35 706 116 409 846 118 421 959 310 250 66 904 5 458 786 938 573 136 486 312 350 178 947 323 866 942 688 17 356 746 323 459 242 18 876 181 466 81 120 757 37 580 547 246 402 438 595 457
939 375 782 592 922 13 955 350 184 45 295 905 523 84 181 157 427 102 495 702 522 380 205 486 816 98 460 114 293 332 630 483 398 922 173 975 780 16 779 136 439 148 54 684 188 117 98 771 793 924 90 194 210 853 199 293 909 394 316 57 64 691 705 42 185 563 728 680 830 753 556 574 413 634 935 455 519 935 308 919 489 131 729 838 703 829 908 574 189 229 620 408 930 461 576 548 350 257 345 777
302 898 719 43 1000 1 461 718 594 601 925 889 949 488 967 623 811 369 106 873 235 15 605 176 930 461 155 965 575 348 599 683 322 456 962 393 575 151 401 662 912 547 579 118 535 307 286 757 326 479 775 677 586 139 537 536 229 360 722 731 331 360 701 596 785 194 262 911 230 380 243 551 218 199 119 783 38 563 584 669 184 164 567 239 893 74 764 220 707 177 110 889 58 3 950 500 112 674 207 843
87 415 305 285 892 920 20 983 471 478 622 386 260 641 323 211 828 462 59 946 182 765 465 146 521 719 819 67 86 837 555 929 875 972 986 651 474 482 186 28 16 605 282 515 137 691 820 488 935 738 594 822 792 785 148 595 775 9 487 922 957 868 411 475 742 809 587 49 552 452 126 267 989 943 302 226 923 825 142 632 906 519 582 314 205 855 139 400 405 486 570 347 603 438 868 617 61 844 380 745
171 84 540 962 435 822 537 773 877 66 559 702 732 466 729 662 856 804 585 236 201 502 710 302 642 923 908 117 943 8 27 716 857 939 933 937 889 657 893 246 492 643 142 952 821 953 888 499 55 498 109 511 88 827 940 916 866 783 171 655 249 911 287 819 159 107 490 310 284 47 274 992 790 578 392 861 352 488 206 119 807 160 783 367 431 218 698 871 851 648 343 452 192 741 782 817 202 601 184 331
289 577 690 484 876 678 255 533 626 368 353 772 739 93 427 452 548 161 611 744 320 829 592 212 832 698 560 79 817 27 304 376 329 379 663 516 599 685 835 141 823 385 857 872 23 41 102 162 686 580 916 993 717 610 484 425 715 135 893 947 283 118 219 407 94 420 107 597 347 266 189 993 23 104 324 764 421 317 260 835 555 30 768 444 367 570 906 984 261 640 45 392 177 164 542 422 966 237 483 755
226 132 117 267 980 643 128 999 111 659 527 301 198 974 557 633 593 699 539 143 642 881 66 808 190 543 763 854 91 935 201 569 136 787 821 521 4 245 47 914 115 434 231 236 530 303 697 316 485 702 67 339 278 753 667 79 352 419 834 344 56 309 700 388 541 67 427 971 776 882 502 990 712 914 144 677 903 535 962 470 511 577 865 292 117 821 506 254 461 104 418 797 28 691 483 832 597 347 151 686
327 198 416 621 825 640 506 615 970 954 420 842 381 881 352 230 740 395 476 80 811 385 978 305 700 288 486 423 185 725 743 12 148 306 241 227 753 117 778 166 284 917 531 912 617 276 937 352 952 519 340 424 735 913 672 429 918 639 390 838 574 689 565 414 528 37 453 969 826 465 555 858 953 709 300 773 49 565 898 787 92 310 684 435 732 287 994 567 946 854 601 308 460 554 2 890 968 618 576 72
554 173 417 124 632 22 596 295 293 758 563 754 72 815 775 980 512 67 413 317 916 420 426 901 967 832 530 190 480 537 437 575 292 692 756 213 486 389 58 361 559 938 188 609 691 89 12 835 203 368 205 978 661 689 382 738 830 442 445 682 969 244 313 602 659 310 554 61 123 85 403 998 615 850 557 125 408 232 866 627 497 229 465 618 216 733 1000 534 530 610 189 263 269 168 708 983 823 34 450 154
394 0 165 57 684 23 881 374 269 785 671 777 965 808 280 666 429 302 46 634 706 372 491 920 479 904 833 898 85 653 629 188 757 132 654 354 485 523 723 284 91 147 879 802 842 669 893 127 904 605 803 657 71 686 844 191 789 351 186 754 320 724 497 977 967 314 681 797 421 572 405 571 932 613 908 882 945 646 371 877 88 960 338 25 312 707 748 941 396 68 617 482 590 843 2 420 570 232 607 427
178 630 275 9 652 300 460 305 627 795 755 283 370 503 321 743 186 741 13 692 421 840 665 208 954 261 374 849 334 288 71 884 855 595 398 292 386 523 14 453 279 652 869 814 518 651 90 102 908 52 583 216 809 963 613 236 657 311 209 485 746 712 934 802 712 879 513 551 185 256 790 433 729 195 98 427 629 878 484 884 268 876 458 663 110 3 801 575 875 166 927 176 210 709 564 165 390 403 272 520
512 452 516 230 766 888 466 392 526 238 533 246 27 803 4 403 501 989 840 455 904 310 529 378 252 49 898 171 879 838 704 902 544 715 534 392 869 153 343 329 722 691 249 301 399 859 275 868 985 178 667 786 720 991 326 949 565 552 417 531 621 595 336 572 431 809 926 778 781 838 882 12 566 543 925 515 334 36 797 235 766 720 926 848 477 812 535 357 311 735 517 824 336 386 133 302 250 453 732 32
830 712 949 766 876 880 462 629 799 666 205 270 245 905 491 597 292 702 672 530 289 314 180 329 958 850 493 302 796 357 423 152 986 913 349 564 47 365 803 884 171 881 776 672 383 270 85 270 356 148 724 913 43 319 455 598 190 176 816 522 956 645 625 844 48 962 520 34 110 583 335 501 725 715 298 708 301 518 845 619 751 703 115 10 61 740 251 981 517 954 838 734 870 278 688 805 632 664 229 400
703 276 497 383 759 259 731 889 861 2 58 891 895 143 649 4 193 180 720 412 624 924 283 658 227 934 410 33 990 21 61 562 510 475 354 799 55 889 957 725 959 593 175 217 647 422 624 464 621 960 966 147 569 141 868 826 887 272 303 529 653 688 798 879 706 134 574 470 684 489 680 586 573 786 434 889 849 462 621 133 635 184 559 137 714 143 116 423 870 665 141 169 842 322 961 28 485 908 914 596
723 7 19 230 863 422 939 476 314 297 957 98 962 869 851 500 288 202 912 619 115 88 608 571 2 861 379 749 29 895 215 368 376 897 823 101 397 896 94 173 766 557 746 185 465 244 712 281 401 507 399 951 41 24 943 287 318 733 225 639 294 826 548 688 272 193 308 936 162 152 679 612 750 548 471 908 947 719 580 259 862 67 211 265 25 209 289 492 694 537 914 80 627 489 321 872 202 207 424 716
41 147 19 614 535 656 58 631 934 940 657 519 676 786 23 865 865 759 552 852 917 894 190 42 303 12 625 862 938 650 281 131 831 598 440 616 211 406 61 770 229 409 651 947 840 293 400 191 250 16 292 867 870 749 681 390 478 738 94 490 945 867 632 452 680 209 140 613 856 100 298 846 298 309 756 198 980 276 489 551 600 608 84 143 791 415 540 214 739 431 805 310 303 975 213 177 512 64 395 606
833 115 745 145 119 927 423 925 278 357 451 787 304 513 644 928 908 741 98 988 407 331 85 521 215 293 865 66 246 256 490 730 555 360 510 987 228 299 558 834 602 544 129 110 386 105 259 683 489 783 743 463 519 156 629 316 281 336 412 167 369 497 789 658 611 922 590 575 846 450 798 320 783 271 228 526 150 432 454 713 570 1000 788 911 320 277 922 117 611 233 916 41 550 521 534 506 314 952 379 506
236 673 161 284 107 106 750 476 805 193 694 106 321 958 104 974 973 896 895 232 104 158 37 528 975 77 602 439 317 413 475 403 876 725 823 117 537 896 786 597 568 782 268 675 992 718 349 898 673 762 354 680 980 846 626 227 630 643 554 534 729 14 75 127 353 466 350 528 151 28 593 162 96 893 342 807 786 456 956 218 312 708 406 643 417 212 523 104 231 773 936 252 229 794 301 469 43 206 418 80
384 211 647 4 638 403 440 807 942 14 916 999 825 463 515 806 261 927 471 111 977 385 620 191 464 261 313 893 516 717 732 433 425 621 635 43 547 757 94 781 233 137 310 79 505 927 421 553 431 370 114 802 280 486 162 120 19 170 642 100 455 264 906 479 982 37 362 760 408 414 517 996 391 244 435 631 15 176 369 782 711 126 493 131 334 174 803 95 184 996 242 71 168 990 522 991 472 333 616 425
627 637 581 798 266 617 553 930 471 821 217 958 445 548 178 468 223 783 902 195 542 947 464 118 509 444 942 143 122 325 492 268 962 739 636 93 108 740 177 897 617 679 548 346 945 336 249 409 114 10 129 228 408 474 520 720 73 338 106 181 202 597 751 405 594 832 442 811 418 273 377 524 819 532 369 256 985 577 324 808 448 477 816 418 628 805 517 105 803 486 314 774 95 972 554 451 180 373 846 302
472 529 718 409 82 529 299 507 794 202 922 309 846 398 238 785 391 2 294 871 286 746 320 100 583 62 751 449 935 782 78 690 141 293 784 975 941 820 205 750 130 960 929 253 471 411 967 792 765 541 280 904 44 376 284 359 782 799 433 38 200 245 283 540 210 167 739 935 529 234 391 464 772 172 386 399 924 324 954 548 776 702 142 973 643 91 640 247 359 425 428 844 453 741 742 788 240 927 55 644
271 13 856 224 616 729 884 483 179 818 934 819 287 654 139 67 239 791 844 816 700 523 287 583 204 598 694 802 658 95 495 606 417 373 62 206 90 988 247 167 47 197 572 242 959 894 839 913 108 262 68 223 360 73 904 655 126 304 533 396 339 376 827 127 748 850 697 908 610 139 33 348 807 718 137 936 992 795 456 639 379 960 604 97 943 8 713 850 668 8 27 335 54 377 609 374 775 155 473 369
505 208 852 357 323 338 677 501 697 298 424 992 160 471 108 680 244 10 675 739 473 93 269 260 482 656 943 382 265 511 456 312 230 828 233 841 992 54 520 735 285 895 8 506 95 969 108 518 922 482 97 289 982 513 670 553 89 784 224 702 526 116 724 16 604 215 860 541 811 590 813 900 430 839 608 742 818 671 642 921 925 854 884 265 69 312 790 617 26 534 121 197 349 460 780 507 957 496 127 2
565 739 672 891 340 256 740 725 372 35 848 518 598 130 70 233 276 616 376 760 878 624 549 221 706 376 782 759 719 99 228 122 496 136 855 432 181 126 684 735 966 305 373 648 454 395 391 266 250 88 409 916 96 790 34 286 393 785 960 910 671 61 485 307 766 199 575 671 19 108 501 624 733 284 770 656 40 93 319 481 808 938 865 615 584 662 808 113 263 258 945 353 286 255 661 171 783 865 150 181
407 971 403 223 937 486 234 496 479 374 784 819 199 324 948 257 44 653 572 907 889 781 946 764 263 835 503 900 131 516 390 889 326 616 164 810 254 788 856 968 739 564 209 487 653 380 755 941 297 656 579 125 61 334 145 93 386 370 101 367 322 65 411 366 916 619 908 642 856 753 213 431 225 393 581 925 268 520 904 764 672 456 609 417 309 768 485 886 735 851 991 736 525 296 963 854 484 502 250 655
405 542 563 663 269 469 429 264 940 3 104 172 691 54 865 959 73 849 975 561 828 123 477 415 690 325 385 372 31 632 746 500 297 14 328 213 824 796 763 558 360 249 672 743 638 644 301 590 761 229 146 982 275 703 1 327 240 50 645 992 837 870 194 303 561 929 812 290 94 111 576 455 662 726 43 239 976 931 635 327 764 545 937 47 988 486 670 598 853 150 818 891 50 350 234 639 103 35 999 701
246 72 998 757 377 269 587 949 281 916 227 761 948 824 234 195 911 467 118 628 381 365 685 996 284 905 547 966 223 121 528 780 209 787 652 644 147 627 160 941 822 283 569 839 395 36 187 502 744 775 290 640 962 154 374 650 324 68 947 227 287 721 503 419 82 15 514 861 29 399 673 762 685 681 998 472 74 4 139 568 630 63 665 309 312 420 569 389 186 67 55 897 879 222 124 654 162 879 493 482
531 916 402 473 633 264 592 485 891 901 555 273 639 708 689 209 313 891 348 389 921 735 864 577 27 319 680 727 327 47 30 138 874 932 698 634 745 17 668 218 994 939 101 996 104 48 489 137 335 946 928 1000 834 84 45 288 639 572 538 791 203 646 416 832 135 653 588 32 342 238 237 12 291 714 611 220 535 236 618 336 782 555 410 221 807 263 967 570 633 901 423 836 367 669 285 339 396 666 547 831
77 969 172 298 4 126 841 898 539 229 326 531 333 18 186 510 777 385 274 534 485 587 317 650 884 784 846 209 250 783 991 504 726 33 530 312 658 655 988 96 140 213 427 89 565 734 831 350 3 302 321 588 994 717 460 149 122 557 938 934 792 689 189 228 765 447 121 80 425 923 629 873 298 143 376 630 641 339 145 310 358 666 596 564 298 776 303 134 7 339 782 93 651 882 337 393 432 730 541 865
623 947 887 318 306 145 914 861 288 848 673 210 779 483 511 907 392 658 577 868 37 555 811 831 416 364 360 662 889 966 280 879 490 979 104 583 406 303 241 254 911 228 41 536 24 573 332 459 5 284 385 435 90 847 18 939 370 205 282 140 993 8 378 390 627 906 993 497 547 234 498 730 634 782 995 986 126 63 240 188 145 498 364 612 199 762 699 321 803 933 171 850 678 168 406 809 699 991 262 286
788 616 221 545 165 767 209 972 853 610 952 961 886 75 297 965 911 707 113 875 19 258 113 112 430 251 389 725 440 888 496 524 868 821 529 18 110 503 617 781 949 149 819 448 526 777 253 83 686 779 285 14 238 56 624 506 230 49 112 109 683 637 942 795 175 218 737 992 405 215 541 767 387 141 885 728 810 341 684 59 755 511 13 971 200 33 756 599 163 599 458 88 617 658 16 421 824 25 721 97
140 869 795 888 455 782 583 970 588 125 698 981 716 297 567 273 816 472 345 833 291 810 341 949 171 522 59 384 64 181 809 858 810 296 207 586 66 233 373 725 236 157 303 336 405 660 35 0 10 956 945 266 750 962 78 463 940 118 496 219 717 851 104 526 164 368 455 829 52 533 281 842 270 220 661 744 92 608 518 444 632 677 599 945 927 307 31 35 320 110 840 905 603 864 656 189 38 182 558 506
457 684 948 636 118 872 914 882 541 595 269 407 784 620 708 944 316 987 252 698 514 312 708 996 440 58 807 401 329 462 397 8 71 266 537 704 24 769 214 639 338 468 542 218 948 99 8 581 698 678 888 309 608 954 973 344 552 619 706 420 288 133 98 257 644 510 475 111 699 224 720 743 767 186 273 93 675 904 882 428 389 440 250 643 634 85 699 873 278 338 90 80 664 357 796 100 766 22 157 515
729 35 214 459 543 139 453 408 831 721 252 302 86 603 779 724 148 644 915 154 454 128 681 864 523 806 776 671 55 964 885 471 258 762 665 778 152 370 847 808 863 57 410 968 546 26 692 391 402 996 120 934 17 69 731 48 794 813 453 163 275 920 116 961 684 231 981 589 96 857 246 744 70 627 61 580 799 616 925 955 444 868 515 137 644 818 68 95 233 980 367 765 827 845 622 986 889 238 424 43
840 61 131 95 120 1000 919 808 263 858 42 694 946 773 162 662 643 664 59 375 852 852 146 721 318 585 781 106 921 551 834 454 955 26 732 643 541 299 36 435 414 723 458 525 336 549 131 451 200 828 973 953 34 493 240 201 55 243 639 233 280 263 107 827 995 618 463 578 641 485 381 442 818 31 517 87 421 892 146 801 296 93 24 318 139 770 65 718 252 686 909 796 891 677 926 281 727 654 508 247
256 172 741 764 951 238 400 813 447 279 510 220 778 207 73 836 501 382 964 65 619 487 636 31 467 266 842 819 979 148 532 274 995 611 919 851 272 851 67 620 754 162 205 928 41 352 497 57 764 269 809 318 391 88 760 403 774 844 334 794 143 113 219 199 617 934 252 220 249 219 312 93 826 230 874 396 102 65 355 363 940 114 471 994 594 412 655 667 154 175 274 148 438 152 754 716 992 437 489 976
984 241 655 606 1 841 887 446 246 643 48 832 534 984 831 231 232 595 551 926 65 602 171 445 555 943 129 762 530 550 834 840 619 651 873 329 195 337 936 643 982 221 486 393 439 609 825 600 388 526 904 807 20 328 708 813 967 359 533 919 683 288 225 707 283 101 739 868 11 135 84 119 639 192 775 915 441 952 263 185 792 566 944 917 426 43 851 540 523 712 926 26 102 725 974 800 807 170 595 112
14 893 236 770 391 431 404 898 605 200 785 228 467 793 659 57 441 202 19 605 788 613 684 361 951 727 64 781 665 660 587 958 506 376 293 708 127 633 658 22 690 979 541 162 594 364 730 904 320 26 242 126 350 925 668 953 64 521 1 60 2 751 829 939 342 547 792 562 173 945 62 649 503 513 228 294 119 175 244 292 584 40 786 695 712 982 82 546 542 658 545 977 9 97 233 247 501 35 695 708
43 931 247 381 657 313 901 369 397 606 760 876 618 16 591 318 500 519 29 643 28 420 908 485 652 81 316 899 398 919 181 683 851 180 450 103 251 107 744 819 993 981 250 861 831 106 886 901 144 843 778 267 969 728 78 194 775 496 985 737 627 545 30 394 809 176 279 286 766 119 152 61 470 143 146 690 542 546 80 824 432 136 473 456 440 950 844 274 980 602 613 122 321 520 704 375 798 569 602 627
962 207 298 469 141 963 144 438 529 179 452 652 426 6 699 933 278 346 101 387 736 617 191 193 357 757 286 477 516 559 676 881 192 279 56 440 321 416 126 594 27 529 171 8 910 863 418 1000 668 582 592 674 342 981 68 232 931 222 381 6 205 950 321 78 134 959 151 487 115 317 480 542 835 127 931 944 109 14 299 697 341 499 84 281 175 248 580 134 856 78 793 819 344 454 210 688 757 367 634 291
142 940 338 870 554 278 559 334 190 309 956 93 201 833 203 835 694 667 201 135 8 418 812 641 112 872 893 598 77 589 264 101 411 245 318 518 142 16 297 84 268 157 427 893 410 345 143 199 63 265 303 244 935 553 267 474 58 557 730 128 181 257 684 136 342 829 78 796 147 324 210 141 697 533 191 862 377 990 505 131 370 843 791 22 152 32 722 513 23 338 991 194 818 368 334 483 699 749 749 590
250 384 913 466 589 905 971 36 512 470 847 794 954 996 543 221 938 518 350 223 589 576 405 449 32 394 75 649 341 221 921 650 679 932 327 198 658 769 455 198 932 927 676 357 984 148 440 451 217 460 840 488 553 658 744 599 412 490 121 394 388 494 908 423 970 922 269 621 125 19 52 906 511 623 991 989 908 43 184 842 301 634 466 891 817 86 635 383 165 416 430 203 898 150 969 98 997 401 805 389
249 762 95 490 530 479 852 115 960 182 206 842 960 917 5 820 640 295 99 594 558 692 5 704 344 592 668 997 965 815 108 775 434 921 290 992 517 230 191 969 727 556 417 349 381 344 222 949 980 970 69 912 976 686 533 497 504 350 815 148 586 953 292 563 279 678 695 358 646 324 355 715 124 149 523 811 891 508 761 684 3 381 533 158 121 776 775 684 166 341 803 385 685 88 927 430 456 179 70 941
773 231 499 481 568 757 282 846 485 902 877 466 602 396 696 500 144 1000 827 178 536 394 262 451 433 667 130 785 635 717 732 286 26 430 798 29 883 762 198 350 336 176 54 893 531 516 83 572 682 734 211 918 347 231 540 51 775 291 971 56 629 695 227 852 243 672 726 163 912 616 126 787 531 267 309 843 758 809 279 363 953 473 595 123 275 626 545 397 6 881 534 268 721 29 414 738 412 248 180 949
747 349 837 677 734 27 800 99 808 958 679 446 946 303 425 479 477 502 628 495 243 378 668 934 218 592 486 323 853 392 472 701 974 876 232 369 321 920 401 419 477 942 882 706 946 742 414 349 186 741 960 115 354 314 531 273 237 635 669 925 744 710 785 862 894 172 39 155 836 506 708 218 121 875 618 648 774 209 344 581 778 510 610 411 457 347 296 821 574 512 791 384 820 958 881 699 871 839 480 200
355 143 591 804 999 489 786 985 435 269 264 71 694 585 659 85 483 323 24 830 204 318 200 309 752 225 222 850 609 557 337 44 71 596 240 392 930 861 881 954 703 705 335 365 345 405 969 712 124 10 92 745 967 741 272 479 224 993 52 198 291 875 255 190 582 800 434 876 125 888 234 83 985 904 501 318 264 949 793 410 916 537 178 217 735 907 819 574 658 860 909 81 936 930 386 232 607 71 795 763
785 219 810 42 187 964 935 951 308 625 88 774 663 538 330 451 370 894 304 664 325 252 893 822 203 940 310 384 882 818 78 106 748 631 640 620 830 938 827 504 339 8 786 485 158 324 938 172 857 206 909 774 627 897 648 947 822 776 260 613 825 406 946 868 590 431 331 457 550 465 312 894 36 755 367 557 628 848 843 63 553 224 736 477 122 661 914 925 533 375 509 851 77 564 652 724 641 862 765 145
591 210 729 48 626 388 649 349 953 499 262 1000 626 826 545 75 176 431 387 702 629 199 819 644 659 631 553 800 194 325 595 227 434 686 983 622 619 550 431 578 656 926 6 266 300 877 817 450 886 322 660 603 360 391 569 859 388 119 900 498 310 629 150 106 619 199 499 315 307 786 410 699 293 801 721 540 293 83 679 97 736 711 777 738 902 317 706 692 657 291 855 671 898 621 493 571 322 548 770 129
517 770 503 944 610 310 457 981 134 254 235 997 606 728 736 628 916 129 165 901 699 659 311 886 320 100 863 321 990 15 443 130 149 378 638 786 883 572 751 686 227 250 626 232 5 120 60 971 442 156 342 387 171 816 153 135 836 111 93 193 910 536 784 296 292 986 397 906 516 224 578 888 428 0 551 755 641 407 599 505 506 882 383 212 345 927 993 117 168 663 542 710 212 276 760 683 322 541 583 954
464 326 207 353 921 266 220 369 154 409 7 447 144 352 407 327 465 513 656 382 405 627 708 442 957 865 337 990 618 375 416 631 584 728 332 364 743 581 818 438 328 450 859 717 698 900 526 182 285 532 927 51 273 836 767 614 694 983 352 888 299 102 796 900 205 586 125 466 17 675 611 900 570 391 601 366 8 210 871 397 446 986 823 295 949 295 41 505 485 406 396 365 171 426 518 154 63 904 997 467
349 192 551 692 536 259 480 669 918 218 836 479 117 520 151 309 517 396 149 988 333 448 178 968 211 197 399 462 873 664 447 26 415 612 334 265 790 461 341 396 908 10 106 804 317 747 785 164 483 795 709 814 984 994 661 726 288 419 327 135 130 862 196 753 98 276 688 522 644 814 689 937 600 731 271 631 442 155 892 521 533 331 439 625 327 594 21 567 268 282 251 294 516 652 224 570 624 733 633 191
982 311 134 299 371 533 960 842 24 135 24 68 901 608 793 911 491 634 295 693 392 246 963 297 975 626 298 799 20 757 451 446 610 970 409 210 361 427 893 614 200 288 497 908 323 328 914 376 551 362 585 412 320 106 674 411 960 90 833 504 851 608 617 177 125 140 285 773 396 79 186 519 645 102 589 975 392 397 427 318 459 915 660 648 378 480 721 397 459 675 933 845 592 307 231 324 328 523 402 667
899 15 908 47 43 932 567 54 437 289 49 7 755 20 702 636 842 170 699 843 601 427 423 920 527 17 205 884 89 505 516 680 253 486 489 732 293 783 266 578 709 149 954 113 627 418 634 203 906 315 868 121 954 995 846 915 953 868 318 840 359 466 484 190 778 504 309 841 476 554 554 860 929 791 428 175 89 236 444 126 517 39 524 353 873 799 660 629 237 399 521 43 346 43 490 368 524 844 745 883
391 204 259 95 398 750 855 743 657 421 599 133 602 677 912 738 22 637 30 753 183 892 591 197 419 541 952 70 680 667 405 408 877 747 710 31 273 396 426 622 459 37 866 496 741 739 110 536 207 864 57 926 95 816 431 723 952 173 535 504 524 310 661 821 532 167 273 671 974 268 414 500 551 586 643 872 947 128 407 483 883 918 762 979 39 527 800 14 379 669 311 526 186 4 263 259 922 456 889 81
776 842 374 150 73 838 381 197 885 353 970 691 48 991 487 574 131 738 856 697 290 422 872 864 568 236 624 558 920 390 594 153 342 439 466 434 74 270 605 92 854 95 83 485 81 243 231 321 115 779 269 96 157 337 256 864 98 989 661 163 429 122 21 92 146 819 568 151 496 793 886 475 322 607 963 77 377 934 108 918 180 168 51 426 868 893 29 209 278 95 268 931 975 524 515 86 235 89 101 527
279 53 141 199 436 463 503 40 514 33 735 678 208 92 248 689 286 618 908 235 894 43 548 649 319 231 149 821 458 905 398 426 895 537 38 450 666 380 800 641 548 264 959 666 319 755 28 627 699 247 339 942 31 345 511 188 680 248 265 926 824 895 983 65 601 444 659 349 637 580 654 712 600 849 585 858 705 825 517 758 346 56 489 851 5 259 902 580 412 18 288 177 391 557 976 502 253 154 625 315
750 40 837 458 711 206 25 900 23 667 766 314 180 340 886 881 79 986 512 779 577 716 653 268 169 591 116 609 461 654 272 285 472 864 423 669 18 520 485 430 301 962 273 651 457 168 377 958 649 886 704 686 569 496 661 203 160 861 212 348 832 832 472 73 409 55 703 526 53 998 226 1000 396 775 376 222 560 940 353 871 383 178 959 605 890 305 509 965 253 280 594 960 431 535 39 234 989 673 747 525
505 76 127 191 32 146 264 113 966 104 26 818 666 477 575 804 290 269 506 808 733 816 249 993 96 460 944 2 18 376 987 480 947 255 557 577 145 617 926 784 381 433 835 896 819 786 952 704 444 910 843 594 695 811 559 455 892 410 735 40 561 403 710 5 91 185 672 696 344 220 887 679 76 474 576 790 826 84 857 809 769 537 150 27 807 939 75 443 894 263 941 364 981 825 182 332 173 509 1000 225
156 293 23 22 567 64 419 67 895 696 261 335 215 560 706 909 736 858 682 676 68 157 628 640 354 119 149 879 938 990 39 944 921 154 570 636 541 620 944 946 74 648 542 17 71 948 594 79 906 470 237 420 855 402 70 164 784 974 158 16 370 307 117 899 933 929 756 245 322 641 162 355 518 163 339 861 873 366 531 220 255 415 308 269 201 893 569 907 273 255 278 949 325 205 902 878 344 543 454 447
957 597 299 998 971 907 355 415 32 431 506 485 863 441 416 844 482 626 885 856 65 858 949 359 849 878 149 53 921 429 151 899 98 355 749 474 876 111 475 115 617 51 502 355 969 264 619 242 507 446 988 806 86 695 211 882 819 545 326 580 114 829 983 200 475 681 554 145 218 966 79 852 733 195 234 596 319 712 186 634 151 481 88 866 847 973 415 215 468 938 695 955 25 982 268 491 923 241 327 409
238 157 114 854 193 298 647 817 236 520 255 576 646 225 429 546 136 420 989 313 787 194 302 656 732 973 960 238 694 789 707 836 639 880 805 464 745 956 562 389 336 762 169 943 343 900 439 112 98 567 469 997 405 545 978 109 590 510 300 165 407 954 845 986 229 369 798 703 459 150 376 198 477 157 804 546 854 961 383 28 991 90 941 241 159 289 478 640 381 626 272 293 663 507 90 183 973 118 3 788
703 823 986 654 830 42 619 818 297 129 586 174 395 612 232 213 845 756 130 108 886 346 357 533 518 338 383 123 850 457 372 287 524 109 458 54 617 408 444 917 559 86 149 866 966 920 150 489 922 518 30 394 20 475 371 857 422 74 578 794 575 465 1000 319 77 181 575 616 489 266 791 640 236 131 591 763 146 70 871 715 202 721 864 508 65 691 280 274 860 955 387 751 557 854 229 146 144 763 903 983
428 475 25 425 477 622 640 798 228 620 832 398 205 346 96 381 98 167 569 336 875 707 78 37 102 855 104 136 170 267 809 741 59 185 220 188 966 503 518 526 297 589 651 880 657 119 852 10 360 157 587 440 975 867 9 740 569 463 774 864 769 614 280 213 29 211 264 934 677 993 271 733 158 300 657 40 596 727 318 817 188 384 270 72 834 465 784 779 874 794 320 897 930 105 518 832 455 426 870 444
739 397 21 228 463 546 487 620 534 800 285 412 539 311 498 132 959 931 551 39 778 966 898 846 200 950 199 175 845 47 470 365 107 756 186 236 495 992 195 929 110 790 542 997 814 505 582 262 55 321 525 191 571 636 64 584 546 1000 819 647 595 70 327 863 311 354 831 884 884 34 881 444 18 386 103 379 489 753 249 643 199 714 940 633 475 20 813 778 471 699 598 739 977 174 839 866 213 879 911 648
859 966 553 780 37 381 384 191 383 377 177 846 225 967 603 583 648 845 837 587 155 629 434 771 136 696 618 281 553 154 915 901 392 152 634 451 872 28 35 73 153 449 882 866 122 421 643 529 896 16 490 787 797 229 160 773 180 444 339 748 925 32 390 953 656 382 479 625 353 458 950 305 3 485 97 353 50 352 202 208 9 888 812 51 770 950 614 469 482 315 779 75 99 302 787 855 170 763 594 69
501 874 832 81 435 881 602 740 457 842 311 554 378 10 729 757 597 593 714 127 412 723 787 894 425 14 497 511 880 823 890 745 532 928 163 125 166 96 669 650 830 830 233 841 845 34 83 8 692 972 405 385 590 161 969 665 912 559 990 134 212 60 113 62 825 738 777 755 71 791 44 600 46 934 404 503 489 405 779 265 887 214 678 370 700 40 480 396 575 218 649 517 814 841 302 137 386 970 647 943
749 380 737 754 240 951 635 454 712 417 622 415 389 711 483 49 886 326 953 48 577 269 492 641 12 446 44 282 508 142 506 704 241 578 708 285 972 748 486 465 314 813 84 762 160 834 859 210 461 272 63 240 377 376 214 146 445 913 752 908 174 348 289 315 274 75 489 951 436 791 978 246 322 607 9 180 543 966 0 281 414 790 669 219 71 555 72 67 150 832 261 223 290 465 846 404 360 673 637 576
576 399 351 310 88 275 268 729 965 700 259 546 190 668 636 833 505 211 467 106 70 612 343 39 567 173 329 550 11 327 487 737 834 637 170 286 466 179 371 659 918 613 782 565 297 742 586 336 598 125 434 1 282 983 616 328 622 920 522 39 34 947 893 233 395 700 183 230 580 897 470 125 764 78 85 46 783 274 729 934 61 817 907 309 150 696 271 589 598 235 690 264 678 816 760 669 973 191 544 648
418 136 389 896 532 519 197 2 285 642 871 710 993 204 282 360 797 300 492 457 19 332 230 449 104 989 727 630 846 257 815 991 659 573 916 443 706 484 803 563 247 936 397 926 190 614 289 775 486 494 223 332 148 492 735 847 38 939 765 128 660 160 55 570 496 465 567 274 823 674 177 143 729 809 110 349 575 248 445 475 840 178 599 878 240 669 408 744 51 710 40 337 627 729 64 772 631 584 334 903
369 779 879 502 596 699 333 818 520 686 288 713 184 90 700 909 902 978 556 816 850 219 675 569 490 534 150 677 546 745 468 948 18 525 502 20 562 632 689 394 599 37 36 279 645 340 265 433 624 387 151 869 928 91 256 6 51 893 712 511 858 382 93 918 851 630 722 333 770 300 371 340 291 334 446 621 650 413 507 484 570 647 654 744 802 730 610 661 579 853 815 931 963 989 9 534 649 627 634 621
348 342 936 638 315 156 615 970 15 951 468 69 685 150 391 783 869 545 395 993 984 356 985 794 726 318 96 485 748 163 722 836 9 478 258 305 528 10 337 425 830 256 592 156 620 800 395 978 98 512 234 2 534 684 408 259 558 909 34 396 562 691 728 911 258 228 551 80 714 71 424 438 620 547 554 431 594 362 955 59 506 974 561 724 390 153 393 736 382 222 686 127 349 557 519 561 633 641 805 615
417 111 943 984 323 853 4 907 66 762 390 406 203 759 15 735 455 201 153 789 674 553 424 209 8 194 423 989 841 155 607 221 942 127 70 808 434 601 748 801 680 350 784 872 753 324 539 207 340 876 322 402 636 67 879 410 677 744 499 507 109 939 438 795 871 994 716 771 622 389 16 137 482 107 131 193 658 747 698 351 912 208 134 430 78 586 988 354 34 431 97 585 896 956 248 357 92 764 377 987
959 646 467 10 384 364 244 767 976 787 940 874 46 200 352 208 834 751 270 589 246 567 349 793 385 62 499 379 97 441 202 825 946 112 859 525 249 16 829 138 45 459 345 500 848 904 739 267 975 361 587 785 305 592 513 109 860 488 90 817 203 900 867 371 901 889 817 495 315 70 745 998 851 999 734 18 76 918 880 436 66 751 205 872 386 968 434 241 922 254 946 404 685 34 639 479 896 729 501 35
197 406 487 320 592 112 240 410 34 359 830 1000 251 868 419 974 812 293 623 923 195 574 751 997 204 90 730 256 869 437 104 955 601 417 678 836 464 791 901 504 964 374 489 50 187 751 541 460 286 759 734 21 65 720 607 737 300 286 857 429 849 338 663 537 744 889 255 413 282 330 317 999 835 161 53 973 698 801 688 964 721 932 325 775 625 793 703 96 300 848 672 476 550 597 882 756 412 36 643 686
209 370 227 40 655 924 264 970 453 78 758 982 891 346 915 173 390 547 298 112 178 743 765 388 605 117 0 271 588 168 976 819 327 30 352 702 74 541 176 128 439 699 272 50 870 467 170 941 434 687 83 311 708 183 434 683 443 380 146 198 833 72 765 474 730 640 820 509 708 519 81 23 729 106 190 944 540 966 789 202 824 142 685 186 834 820 726 657 737 723 753 916 930 129 113 727 41 949 442 374
359 681 882 677 626 49 423 787 766 272 916 449 174 661 685 629 889 153 552 13 902 531 272 660 78 308 231 859 110 264 636 145 116 558 701 727 539 351 888 249 439 692 101 394 643 549 863 783 202 767 654 174 995 228 865 118 396 317 967 610 683 363 82 622 759 998 116 788 209 726 245 442 727 208 888 858 39 603 500 177 933 877 897 537 194 298 595 553 550 346 841 178 562 531 660 41 47 707 30 209
143 206 36 561 438 556 9 792 677 807 608 172 874 588 977 187 86 858 146 708 707 325 748 256 646 942 748 793 60 424 377 21 35 555 885 225 605 176 533 340 245 620 592 715 665 537 669 855 489 752 749 151 103 630 108 129 883 241 255 892 500 80 599 194 129 443 989 667 737 814 273 949 24 307 511 720 48 707 636 491 374 753 603 382 165 883 592 874 747 480 206 604 664 679 452 83 357 718 190 679
135 340 955 902 173 52 122 710 327 527 679 783 403 406 259 944 326 653 841 803 160 595 488 342 930 795 57 625 292 115 422 962 691 95 712 956 749 941 663 309 346 379 424 720 853 47 27 763 539 836 63 99 185 629 300 501 657 958 260 627 637 679 243 54 604 332 882 549 530 17 834 972 805 886 435 955 681 660 151 698 986 910 158 738 790 394 765 328 850 398 707 636 928 245 462 993 256 962 455 587
242 945 790 375 294 853 419 623 976 845 205 292 26 230 1 165 29 400 585 999 624 212 779 925 564 246 512 472 871 916 465 76 251 114 938 359 95 167 11 307 538 284 954 173 256 534 862 754 548 8 919 440 122 592 65 515 710 505 376 853 590 75 662 229 389 81 465 327 88 547 547 1 791 77 485 264 150 863 210 499 382 504 610 677 838 627 107 126 615 846 113 188 703 500 429 252 885 767 755 950
767 520 960 998 439 252 248 687 749 880 476 975 225 253 612 773 661 4 711 710 611 323 364 265 580 528 404 397 502 387 410 995 823 971 650 46 304 917 86 924 182 646 871 653 455 83 991 821 952 524 136 286 825 737 556 284 340 43 1000 519 533 636 544 784 337 190 380 574 998 218 110 205 906 740 737 81 35 75 246 259 172 626 410 42 568 209 426 899 258 729 190 897 222 460 719 982 808 696 465 343
302 998 811 313 361 787 934 517 200 300 249 176 703 689 737 49 405 218 375 619 389 708 666 507 738 699 871 349 48 195 665 973 63 140 897 99 747 674 623 753 584 901 780 958 148 561 563 118 460 852 669 632 973 559 889 400 174 641 110 444 249 526 63 638 979 557 501 129 160 563 99 332 938 192 801 763 771 389 307 619 257 294 605 904 913 759 986 79 526 914 763 289 757 491 356 743 308 190 93 515
248 84 571 297 211 820 587 445 140 684 55 440 574 571 911 587 672 168 261 838 16 367 627 948 849 802 743 738 906 723 19 944 221 667 76 738 311 133 438 678 620 802 83 221 912 815 43 861 564 608 342 2 931 526 608 786 907 378 640 834 388 24 229 971 255 390 839 115 818 651 926 828 512 418 615 510 721 858 101 164 703 794 405 309 229 701 983 972 155 788 534 137 480 888 495 787 70 615 947 446
176 657 621 140 551 971 324 925 819 445 60 287 884 294 149 793 424 392 323 823 489 526 815 728 450 799 304 564 405 927 308 518 393 947 285 776 548 915 672 3 64 533 723 920 873 401 416 253 959 131 518 935 446 873 404 979 64 47 117 945 260 393 857 740 106 622 812 574 719 155 532 210 328 518 388 519 296 935 832 101 474 785 525 253 221 947 745 27 281 865 100 205 666 754 458 307 226 51 320 882
148 861 831 929 531 432 768 681 892 617 66 567 291 976 387 124 614 645 29 203 388 59 84 638 375 416 270 389 657 239 509 652 794 777 615 795 244 757 751 165 696 457 673 688 212 926 933 324 338 423 746 406 819 995 326 250 939 566 398 532 273 195 903 366 50 792 227 325 945 758 309 41 324 14 859 119 998 979 759 919 771 732 811 602 751 227 804 687 787 757 676 413 462 82 837 689 643 861 19 981
533 369 611 446 991 583 27 7 992 610 407 947 929 771 693 687 660 166 556 373 63 789 891 164 875 25 292 833 597 396 301 311 2 763 220 351 712 112 882 517 69 660 110 608 169 219 94 375 971 523 210 864 468 739 93 9 3 280 665 932 326 780 413 627 943 857 631 915 788 78 408 879 112 887 723 289 404 910 149 104 787 117 525 47 81 422 581 707 572 452 752 20 779 737 457 439 78 133 294 631
318 839 84 758 506 142 170 559 403 531 856 380 907 38 775 552 302 456 177 298 625 324 826 839 65 534 6 814 445 806 860 821 636 775 750 215 417 874 838 462 753 585 153 715 387 249 149 552 492 455 142 495 612 79 199 110 396 87 859 479 960 246 944 106 286 19 359 699 912 948 422 39 260 696 764 925 234 716 631 74 593 73 479 674 41 272 956 208 683 195 823 666 75 443 234 508 67 968 685 678
576 364 802 392 218 431 764 613 992 131 428 447 958 459 180 683 222 99 417 89 636 117 388 239 131 224 129 213 526 952 259 499 213 804 510 978 798 795 968 424 630 797 720 593 364 35 673 306 917 621 818 540 550 220 4 628 543 647 49 842 1000 253 462 824 403 10 11 410 464 935 469 544 706 363 554 917 881 86 716 478 511 905 564 953 794 471 301 572 264 731 423 211 510 668 654 497 408 962 962 254
747 795 598 910 481 77 958 639 386 920 365 522 104 10 507 525 516 878 328 569 104 492 629 940 467 504 80 835 206 171 318 166 618 853 743 740 995 340 466 274 513 178 247 504 494 976 84 896 302 542 351 225 614 363 116 916 160 997 845 956 787 140 209 373 892 353 43 624 565 713 304 816 145 941 843 920 24 199 912 838 497 994 869 761 696 337 513 832 988 199 687 175 530 782 211 885 630 795 842 333
358 355 375 440 857 737 351 298 96 767 966 118 259 210 843 88 55 85 68 530 502 983 207 770 310 978 461 455 985 50 933 259 266 209 147 625 610 948 859 397 871 327 702 683 880 794 139 488 321 225 360 42 270 602 746 117 298 884 867 892 664 185 649 630 403 545 82 441 355 103 964 243 39 101 467 821 20 18 663 319 970 768 392 245 920 110 112 541 107 626 926 679 724 79 771 418 230 85 447 651
154 120 495 521 301 686 225 34 33 276 436 566 366 104 422 221 65 448 427 242 55 280 945 540 14 373 579 458 816 656 708 266 644 587 789 538 829 111 594 157 880 443 491 525 634 670 233 435 578 440 939 713 984 103 235 580 478 536 871 650 730 196 268 613 72 139 54 288 529 407 868 458 635 585 655 510 286 522 536 941 500 492 474 594 72 674 479 808 314 906 578 571 148 937 555 554 646 714 137 967
537 176 359 845 273 516 291 5 950 42 167 39 881 288 366 280 617 917 473 739 108 406 736 571 99 406 315 810 227 632 534 669 149 334 136 732 477 266 167 707 927 62 273 514 165 875 935 474 71 232 89 532 262 119 697 368 412 20 493 339 567 657 599 139 75 798 258 504 400 285 917 396 719 217 469 532 798 530 939 648 198 497 865 855 31 591 93 665 795 793 236 279 354 761 60 577 879 520 206 584
255 682 820 740 708 56 181 66 84 208 844 965 66 588 614 742 949 597 931 825 0 956 902 19 145 966 827 945 925 989 695 90 612 260 395 788 642 911 676 838 319 720 713 902 945 184 618 921 198 421 350 601 782 482 955 697 327 174 300 598 969 141 56 432 712 167 31 161 76 360 541 362 297 337 288 543 828 509 642 577 43 620 19 654 414 809 108 816 851 379 33 601 796 281 875 156 479 590 253 391
905 393 857 612 27 159 694 804 683 415 882 868 437 894 491 821 151 653 648 557 824 795 103 548 794 154 134 97 171 163 876 162 643 262 682 548 753 419 302 196 762 841 151 569 532 612 188 908 247 404 544 313 739 984 272 887 94 742 792 750 404 863 815 321 872 747 670 828 571 940 361 565 834 538 493 926 899 81 554 92 354 111 136 375 612 120 635 588 443 410 401 443 555 307 515 706 995 666 451 874
279 38 139 970 51 21 34 47 821 250 595 871 24 21 315 786 483 264 888 202 799 536 70 804 806 39 870 814 85 152 164 405 322 961 81 902 31 576 751 970 143 203 298 87 408 100 944 739 820 356 22 837 384 994 818 288 399 285 633 343 923 358 285 806 828 804 130 139 285 300 886 562 1000 177 362 576 429 428 311 239 529 434 581 520 278 665 18 823 120 41 783 234 758 86 346 14 527 766 233 965
162 842 691 175 593 126 225 80 307 48 665 188 87 751 153 715 98 319 420 149 820 396 183 257 878 687 913 840 457 972 389 184 340 447 689 249 351 747 33 682 368 287 955 390 533 585 479 254 218 598 974 303 937 831 856 807 188 375 767 358 308 786 346 854 707 987 349 134 717 400 612 40 238 656 692 56 97 145 67 911 233 55 906 779 795 61 693 81 438 777 240 555 647 460 926 791 131 593 148 733
872 624 837 11 508 975 412 188 470 78 206 246 111 529 962 854 273 432 940 241 517 61 565 605 507 298 965 365 538 222 22 731 998 230 602 973 455 236 37 796 555 613 59 779 169 369 965 720 741 850 686 680 665 701 688 362 38 600 303 310 430 738 685 595 688 988 661 187 391 766 37 838 923 205 524 350 462 579 830 358 909 310 582 782 435 38 593 252 831 164 314 497 894 113 841 476 204 921 416 106
872 888 429 224 978 611 962 648 100 568 739 257 210 191 109 683 584 605 97 992 655 303 241 987 637 962 166 419 467 28 547 579 105 70 52 933 857 958 500 672 613 517 854 608 214 172 171 254 894 45 149 907 844 264 124 723 133 838 567 252 856 439 950 695 484 321 330 781 734 934 274 52 120 58 48 539 782 809 346 40 65 691 507 818 799 277 193 30 101 84 758 396 781 163 407 806 198 779 754 48
401 144 476 479 248 181 175 36 235 467 288 501 12 476 300 926 131 326 237 337 307 500 449 483 387 145 74 759 187 962 112 143 314 547 210 471 150 13 247 199 857 379 640 266 211 620 637 792 515 809 89 794 226 821 327 378 396 660 7 661 1 45 888 630 643 915 751 139 810 420 320 744 939 453 760 221 614 608 562 43 767 151 860 317 864 594 434 259 177 251 7 246 737 117 996 379 2 777 557 42
947 808 822 716 781 236 642 516 458 636 240 819 465 394 932 886 696 198 153 684 9 361 249 970 704 505 666 173 699 684 56 234 884 676 907 817 675 683 977 892 333 968 56 471 63 887 489 76 375 92 930 37 334 926 520 245 770 908 7 487 459 44 183 252 125 475 99 766 634 560 323 55 53 690 402 455 464 356 686 133 940 619 711 584 629 688 430 304 541 953 547 799 76 98 285 290 252 306 969 698
581 858 304 422 188 14 92 371 331 355 478 918 804 120 895 461 242 996 442 523 720 448 636 154 293 946 452 960 85 42 979 165 873 324 137 990 733 644 657 471 663 900 307 745 467 853 916 207 697 255 172 448 494 663 449 394 626 699 535 229 978 63 570 701 570 66 873 792 340 179 236 741 366 993 808 93 705 386 988 49 941 948 851 55 42 142 500 484 155 231 518 528 32 980 676 174 790 668 237 558
568 651 757 362 305 149 430 439 718 774 183 934 332 410 150 731 229 977 139 749 990 560 145 955 77 440 221 80 501 724 159 698 167 933 272 845 53 447 692 443 747 762 719 523 109 664 362 716 242 157 164 611 73 733 818 772 755 576 894 344 863 583 244 558 773 192 429 871 537 507 801 523 793 632 324 894 227 908 664 173 835 206 572 216 493 466 637 4 939 447 272 573 155 630 889 497 115 666 679 672
306 826 363 173 126 955 130 508 84 462 872 62 321 676 897 56 23 801 557 774 546 811 960 848 469 79 365 198 223 3 925 759 566 363 716 869 829 566 72 654 425 203 624 570 653 311 349 857 909 995 722 33 546 28 157 178 986 441 812 837 429 282 10 858 184 475 235 916 175 988 443 173 790 407 243 647 327 283 816 117 207 379 867 434 859 66 370 838 842 640 137 726 394 958 141 176 613 344 416 102
128 609 496 877 373 277 879 791 960 776 518 364 395 111 757 367 953 967 195 804 120 733 257 42 247 920 765 135 574 141 654 689 146 297 777 777 882 868 552 670 798 252 842 742 716 498 540 656 767 321 948 10 836 121 109 520 552 974 25 437 964 217 38 653 20 279 558 861 44 702 829 394 433 480 366 904 22 392 605 849 829 554 381 609 128 604 355 96 327 222 396 199 577 902 119 284 671 125 143 499
257 518 195 14 509 737 526 627 659 451 405 521 205 326 69 984 180 746 849 729 944 959 138 515 177 533 147 549 259 361 50 28 483 913 880 356 247 80 724 628 419 701 416 656 307 75 352 913 130 449 777 885 402 356 659 43 306 6 361 952 230 509 958 437 400 744 382 881 72 56 320 686 420 912 385 60 325 35 496 800 444 202 673 373 153 957 167 37 207 444 55 35 782 290 325 518 287 86 651 966
405 654 794 629 971 290 260 96 983 560 42 861 524 301 807 228 777 367 966 794 834 246 34 921 915 690 969 473 788 951 138 820 220 391 476 552 844 853 590 798 614 929 189 711 855 610 409 141 671 796 551 755 922 592 17 47 66 755 971 703 133 991 907 694 657 474 603 374 612 540 314 261 151 938 24 50 907 250 166 385 93 437 636 350 661 566 472 789 665 748 851 218 527 446 422 645 30 738 965 207
779 842 309 72 779 852 347 231 840 344 205 335 343 750 855 478 412 436 251 579 989 23 770 636 383 416 330 44 560 500 33 934 842 478 751 996 406 208 528 971 282 209 17 364 74 511 393 63 400 698 40 286 137 629 425 296 14 738 469 273 586 617 919 930 659 302 179 270 235 492 698 361 489 343 432 748 58 790 605 803 959 747 927 191 357 257 527 246 305 613 626 25 831 759 477 778 545 574 759 923
877 749 919 654 47 324 290 128 307 38 225 970 215 485 309 271 117 272 426 866 356 422 519 225 56 283 788 905 498 175 981 79 216 597 96 837 799 565 927 740 912 449 562 231 394 915 783 247 797 467 104 41 295 97 526 709 284 23 849 757 972 188 511 221 710 842 883 501 455 539 660 733 280 748 651 357 344 229 443 527 188 566 492 456 267 626 28 236 26 621 52 51 608 970 710 993 489 370 114 392
661 283 324 663 482 35 107 632 455 175 547 81 207 178 132 696 978 419 752 73 573 806 291 443 913 844 938 436 988 703 27 233 372 666 257 590 364 152 791 861 942 453 750 112 782 335 751 680 739 449 819 10 133 967 976 42 692 27 46 560 589 475 638 820 541 175 868 352 822 609 31 336 625 62 525 337 303 650 920 578 253 714 447 961 793 619 809 999 506 375 746 23 358 939 347 665 41 507 255 831
329 648 79 781 663 797 347 592 644 945 358 154 896 430 947 724 425 302 568 443 60 380 289 390 681 623 586 583 409 570 945 681 665 459 655 833 388 893 565 215 516 810 909 381 788 226 108 402 901 791 739 575 945 624 940 977 286 724 622 408 304 885 464 241 801 707 754 679 610 790 43 692 947 751 551 814 183 495 157 568 350 444 639 556 947 922 355 857 713 864 210 281 471 292 925 568 205 68 219 546
905 310 119 60 578 130 865 917 142 920 748 574 785 622 111 621 581 459 495 679 622 861 706 425 741 32 949 546 418 341 122 450 819 281 211 388 853 11 937 783 866 338 524 611 430 693 716 380 229 246 393 847 348 742 667 29 132 157 118 21 744 298 249 393 508 629 967 11 340 235 841 411 1000 112 286 602 986 64 437 106 358 27 960 546 949 58 535 287 879 598 480 433 935 133 520 692 328 204 859 125
749 313 8 798 472 475 22 396 4 582 763 95 381 318 516 279 99 53 71 905 216 639 632 568 767 511 727 448 991 626 131 514 996 770 433 149 134 344 239 32 757 128 136 430 628 755 564 684 777 412 796 354 84 445 160 799 744 957 622 242 958 458 838 776 823 999 698 601 640 144 445 108 654 83 529 681 49 437 847 509 926 447 731 784 441 162 667 526 940 247 854 45 134 68 908 445 724 307 801 259
895 30 98 821 166 152 918 754 160 279 70 355 141 838 742 576 219 446 549 369 417 67 449 390 109 464 648 685 48 20 202 423 342 63 684 665 838 914 203 708 240 12 782 229 171 657 246 749 816 166 784 325 222 485 778 279 924 521 841 903 634 860 560 758 610 115 38 179 118 115 75 97 177 369 157 317 585 326 422 884 800 780 797 867 651 154 935 657 891 818 606 315 567 776 843 542 876 623 167 14
133 643 196 433 546 373 151 525 101 713 762 916 438 360 75 950 254 959 526 657 630 234 178 398 653 206 468 333 126 33 828 932 189 716 170 485 497 233 792 355 687 351 140 443 437 794 574 454 734 569 34 484 947 121 678 23 680 462 788 193 401 578 415 831 168 925 193 856 817 638 502 396 675 87 456 941 133 609 552 410 42 899 318 671 50 919 330 751 723 818 701 360 664 224 736 866 164 835 233 812
767 107 882 487 272 304 795 881 647 39 889 552 511 806 403 15 885 797 137 793 675 195 134 770 275 912 681 237 618 913 977 767 514 402 709 545 621 412 402 452 479 424 450 625 20 370 847 584 63 827 697 356 846 964 319 78 636 721 496 320 473 676 600 315 752 210 661 205 335 651 718 227 730 92 78 118 619 944 599 91 778 784 498 259 107 134 416 690 269 333 316 806 861 907 880 424 21 426 904 32
943 534 12 583 815 810 896 309 258 801 238 833 936 554 362 142 475 142 701 224 266 434 992 892 797 272 810 312 86 572 244 960 635 682 715 333 885 587 541 684 395 970 953 372 603 406 768 211 532 455 806 300 946 179 838 256 677 405 978 973 527 801 357 394 773 403 513 489 301 718 84 173 357 366 584 58 106 958 323 711 610 650 62 679 435 584 466 875 633 272 735 363 769 329 261 106 432 219 901 593
277 0 155 751 512 234 999 149 83 413 411 952 952 514 878 210 20 575 521 420 288 443 791 273 905 101 538 26 828 937 620 576 843 671 214 223 405 877 360 566 610 329 904 760 677 948 102 376 407 438 511 160 975 410 21 264 219 410 386 694 623 642 182 538 898 257 570 171 841 461 194 819 692 424 682 28 47 509 258 16 265 712 540 312 512 338 898 54 617 871 791 812 648 883 720 217 787 396 386 256
13 794 676 465 635 859 340 498 621 461 615 289 545 375 799 160 425 813 158 119 926 0 765 766 165 665 397 428 50 990 739 377 559 322 804 858 783 301 971 542 540 489 429 914 773 397 539 19 443 640 879 15 614 582 164 810 597 292 172 246 718 805 152 772 434 218 586 591 855 821 263 310 769 687 664 851 164 994 288 796 897 410 382 914 514 246 804 528 85 213 670 282 101 884 476 262 659 3 392 565
771 944 364 756 774 448 283 691 132 400 190 219 425 173 258 698 475 619 230 330 166 749 847 987 320 203 339 225 929 479 416 694 766 791 35 204 122 512 106 330 610 315 838 73 620 679 385 438 955 407 568 559 392 117 56 378 575 789 425 885 448 542 205 207 725 455 120 949 796 94 970 340 115 890 304 614 534 222 381 921 64 110 92 272 18 390 620 182 483 396 622 289 279 608 887 934 592 240 700 854
873 481 570 41 235 873 317 919 332 420 709 177 571 97 894 426 536 293 428 17 2 433 577 951 158 456 953 668 286 103 445 721 724 922 863 760 103 48 420 720 995 80 180 383 45 380 196 960 648 976 461 823 576 725 275 919 919 642 514 714 571 97 401 793 678 585 291 89 572 542 398 63 535 600 778 914 264 319 770 141 133 19 527 544 220 237 135 81 694 219 479 682 362 438 281 300 15 633 439 612
975 64 760 10 959 105 903 277 164 875 861 69 734 399 983 8 931 361 84 918 977 935 280 479 638 895 720 934 201 156 531 241 153 338 67 866 649 267 144 588 739 882 108 749 493 933 379 225 297 269 206 25 392 829 416 412 863 782 39 474 957 726 492 973 80 100 446 398 424 948 232 405 792 271 442 257 309 651 493 950 285 1 550 611 569 905 948 13 104 66 299 509 20 482 452 720 756 225 676 451
327 849 681 374 191 663 355 741 832 399 995 580 236 666 16 85 535 25 361 102 391 159 589 745 914 99 140 170 978 245 15 191 641 207 104 643 338 211 977 458 248 937 324 942 894 726 869 596 881 373 536 634 233 719 819 989 743 677 786 369 594 629 211 21 722 381 259 522 520 725 166 123 323 624 10 281 439 154 986 339 383 382 804 568 686 721 326 571 703 56 468 763 805 5 696 768 93 1000 136 724
44 750 179 64 418 788 42 334 681 359 92 270 220 254 400 153 195 984 744 723 187 747 246 812 981 137 642 233 279 738 595 45 773 995 719 391 880 889 742 396 632 961 426 259 296 130 708 502 356 565 881 365 182 530 92 167 301 93 120 970 997 964 339 594 192 846 139 843 400 311 762 557 500 307 19 564 928 582 77 317 645 725 632 559 856 615 349 894 284 487 750 476 252 243 322 943 515 901 658 472
401 69 216 239 178 470 440 278 417 889 679 790 307 898 596 54 330 731 712 436 671 368 852 182 883 615 302 341 699 142 737 716 305 386 792 341 227 96 700 775 907 559 208 699 6 527 626 193 132 693 329 659 522 945 715 226 238 625 150 743 135 825 675 743 847 526 498 990 685 316 29 182 740 329 960 196 968 752 196 609 809 764 677 914 898 39 137 219 522 434 17 333 197 466 722 382 352 459 166 360
756 835 887 67 178 967 715 592 506 136 252 450 294 515 704 756 868 212 424 192 587 312 452 489 655 302 752 263 242 98 974 398 20 79 133 48 552 578 379 153 346 907 77 698 208 970 66 608 356 667 670 587 467 65 895 771 311 932 285 365 178 802 395 35 995 987 431 99 580 461 648 524 554 93 71 264 233 350 362 311 570 461 230 197 4 736 369 966 968 171 22 939 27 846 532 671 990 188 797 362
97 143 248 910 734 373 782 808 589 9 345 25 8 92 569 107 413 701 733 322 682 980 625 879 91 216 715 936 543 581 916 509 233 992 238 51 592 222 532 920 486 731 108 878 332 875 162 532 656 188 564 180 855 689 967 685 958 969 704 126 542 542 323 838 13 2 420 497 804 922 408 858 328 246 829 139 507 432 221 327 733 557 479 99 222 243 975 522 85 148 152 450 912 316 621 566 818 620 516 600
297 708 380 394 658 11 499 242 721 529 820 423 802 281 106 523 647 292 734 208 887 415 611 571 854 396 579 304 164 265 370 517 222 545 799 717 696 30 512 549 676 663 850 757 515 977 47 254 259 368 16 809 844 340 764 975 631 678 276 824 109 780 582 248 980 732 901 374 980 630 137 407 86 675 57 185 755 458 730 516 582 242 908 535 192 390 862 845 536 457 503 886 35 48 684 443 955 970 370 388
335 247 302 467 752 428 653 875 795 188 431 385 631 788 1000 301 291 256 256 787 126 795 972 590 393 998 129 812 345 862 338 758 554 617 77 642 845 667 571 87 920 982 437 68 230 178 204 493 581 352 719 891 593 238 626 572 555 258 474 974 966 563 765 240 441 918 270 924 420 980 175 10 876 642 878 801 719 457 677 70 374 694 704 898 377 178 250 139 263 349 489 155 148 808 556 632 969 635 274 604
270 257 967 837 405 452 956 136 602 675 363 98 561 456 771 117 392 513 782 108 211 67 686 101 310 995 450 565 143 115 333 915 175 280 64 729 847 353 933 243 849 984 467 276 338 898 27 501 558 400 897 864 696 729 278 978 472 946 717 306 401 350 934 959 855 709 754 970 424 678 145 549 977 576 15 48 845 848 715 697 474 153 544 321 442 619 163 488 200 802 484 113 335 604 951 160 137 557 499 465
229 808 966 544 928 375 111 934 160 187 674 428 987 473 216 120 549 7 179 863 87 144 457 187 96 266 235 709 115 898 237 870 343 320 121 311 222 470 292 4 828 897 463 660 971 622 873 456 513 265 387 523 704 675 523 442 858 183 803 641 490 620 911 114 719 141 370 815 262 714 572 481 853 146 145 145 772 851 382 373 165 411 353 603 468 930 449 901 309 376 975 40 245 176 681 187 822 420 235 723
59 194 38 462 786 562 968 962 179 383 780 186 588 880 512 612 598 5 593 649 808 597 0 691 996 243 61 271 773 648 112 809 419 814 188 299 333 727 479 562 81 76 533 788 326 162 667 855 226 21 383 438 194 988 640 386 543 113 705 392 444 530 438 73 106 705 806 199 83 889 117 711 467 979 987 282 877 558 600 863 277 731 963 784 129 750 652 847 446 965 765 794 374 254 595 974 551 357 136 953
883 340 203 606 462 998 933 592 736 76 721 700 431 146 199 881 31 990 533 286 905 18 131 344 989 732 211 874 447 374 805 426 453 620 931 316 685 269 528 509 213 146 204 594 463 22 253 626 768 146 94 37 89 501 706 579 528 784 237 365 699 814 286 362 549 120 97 569 567 305 56 271 970 911 198 55 154 531 728 714 676 966 146 555 736 306 518 637 1000 189 135 66 369 88 336 361 489 524 872 600
520 843 404 608 31 381 524 884 913 607 987 523 237 689 611 862 562 459 772 396 113 676 777 954 42 301 998 134 303 580 211 973 575 631 400 351 727 903 746 71 447 593 693 878 105 64 735 852 478 384 624 166 357 485 323 230 796 853 465 185 593 918 595 939 55 133 305 869 467 884 488 472 144 982 785 258 693 158 963 227 560 613 779 517 600 483 115 587 442 498 438 490 762 821 116 643 363 433 974 224
576 645 197 445 296 487 786 341 915 373 142 273 939 385 116 53 936 238 603 195 434 149 493 528 974 403 267 630 711 824 804 912 21 481 991 777 65 0 59 966 43 194 375 464 825 241 577 321 701 617 337 116 116 93 929 392 603 357 470 508 408 7 657 524 557 334 718 311 679 708 177 613 0 506 981 550 840 557 443 270 595 653 662 624 774 661 946 19 929 542 34 363 498 529 523 364 861 120 570 683
70 383 305 817 738 482 225 377 352 267 565 201 708 925 978 614 339 343 809 332 799 568 572 991 146 505 860 324 550 914 296 635 86 31 543 619 543 82 280 945 201 299 855 465 768 403 453 574 157 770 161 664 564 572 216 50 384 925 396 356 956 954 734 132 369 394 316 982 69 226 583 406 682 179 339 696 644 14 205 4 315 233 430 48 997 968 577 778 900 580 287 445 1000 139 306 971 299 173 706 999
736 981 421 928 781 715 434 251 412 972 224 394 307 578 162 905 842 453 439 36 361 117 566 768 831 253 222 556 370 443 267 897 581 388 800 968 751 894 150 402 344 752 841 108 600 583 505 777 347 922 836 591 868 629 659 893 118 505 719 500 791 120 783 8 199 24 615 356 506 573 752 295 917 397 803 777 404 779 366 552 311 954 70 467 761 822 874 321 793 598 465 479 737 958 598 821 666 726 281 150
601 592 921 291 283 334 930 573 52 845 96 987 379 309 554 662 45 976 510 910 303 886 759 786 507 64 917 586 322 893 76 773 977 341 134 718 776 622 490 339 568 195 166 748 122 966 10 859 510 12 929 191 436 279 67 17 355 888 287 340 833 494 154 627 559 151 962 765 709 492 720 49 848 395 666 438 286 171 565 148 949 620 319 254 100 252 51 637 422 391 618 190 490 542 635 697 402 37 465 665
915 419 664 238 174 877 910 415 278 661 858 959 456 292 207 156 486 962 462 995 901 682 191 816 256 825 219 280 271 417 572 725 177 596 482 702 949 236 202 951 312 133 889 253 159 931 719 899 698 353 631 364 371 124 382 393 317 249 717 761 375 13 28 222 224 319 537 449 792 960 607 252 32 296 670 392 533 546 985 143 688 428 631 971 626 61 83 188 421 344 971 963 944 331 739 577 520 879 888 938
258 490 415 388 919 263 143 29 830 979 681 106 30 447 488 625 546 54 681 247 741 664 394 736 767 435 121 195 744 474 467 732 718 430 855 780 591 893 257 812 623 784 517 389 953 453 463 926 423 193 584 458 749 1 736 169 9 540 726 582 814 82 231 319 182 372 211 359 72 119 285 330 474 834 900 136 290 758 958 251 865 473 798 464 6 144 183 305 78 511 445 22 36 226 96 452 981 942 668 673
77 556 702 796 183 779 562 293 720 121 700 948 894 461 607 667 361 410 696 658 313 696 294 755 994 971 676 864 266 218 749 532 767 471 432 991 993 867 3 219 337 719 865 991 955 286 54 841 410 958 159 121 681 478 259 4 516 79 748 952 371 22 954 551 780 788 40 553 747 473 333 3 877 859 532 440 791 264 342 79 530 416 86 848 590 497 213 702 665 283 529 301 717 961 856 557 433 964 596 101
135 499 709 504 857 512 164 807 941 97 156 43 173 34 185 128 832 756 6 713 682 977 264 450 168 546 266 289 818 132 824 109 50 363 99 378 137 108 556 389 300 125 825 606 543 663 101 944 377 340 732 263 292 515 894 64 665 111 388 824 339 169 104 471 418 267 789 364 49 448 382 169 142 86 256 365 960 79 656 25 642 996 227 701 30 527 503 413 920 852 584 994 450 124 163 180 38 698 834 169
385 177 627 901 365 168 43 452 60 443 594 767 167 528 339 943 354 218 54 459 743 213 328 402 460 923 110 48 660 512 5 458 57 21 447 741 471 0 848 742 653 201 742 251 568 344 363 272 800 749 74 342 761 872 105 806 330 38 41 117 243 837 214 337 442 474 667 663 827 923 466 801 577 959 763 929 874 547 306 411 908 724 663 71 75 702 125 499 99 279 986 305 475 572 636 759 858 141 805 991
204 135 405 533 509 134 152 720 646 438 382 534 743 343 754 753 780 123 362 506 586 541 249 564 187 719 877 970 265 906 624 469 173 86 743 1 972 789 99 526 988 544 691 223 255 616 972 611 968 657 588 958 1 830 478 44 659 399 618 676 74 135 168 437 122 650 434 290 300 761 5 989 115 606 397 286 865 347 525 874 880 908 616 156 678 378 705 769 134 266 127 458 301 59 72 176 971 904 924 232
241 379 790 158 655 11 622 361 699 71 621 323 64 337 208 772 321 381 712 924 426 272 512 780 345 819 96 654 254 920 978 998 679 629 287 408 620 341 537 980 716 250 936 814 64 371 819 342 199 712 777 666 354 327 542 500 744 20 856 359 699 908 989 441 501 224 210 523 47 869 133 305 811 924 76 35 112 232 668 351 700 795 792 735 179 612 243 825 107 836 341 283 557 55 846 749 559 909 683 212
578 383 166 668 58 381 32 291 489 124 605 983 166 50 654 449 911 821 114 931 484 216 926 947 628 214 989 605 739 508 389 329 333 827 568 572 169 50 435 407 168 85 638 315 631 587 159 270 253 394 981 398 475 679 441 866 651 992 507 93 986 211 448 272 255 549 406 970 369 430 615 445 377 240 30 495 872 317 155 523 673 380 287 557 150 30 807 647 828 270 624 775 99 372 87 456 247 576 362 18
307 555 643 687 718 467 50 194 410 643 305 642 595 579 510 305 813 876 35 239 712 289 514 606 641 918 815 509 182 308 991 178 877 901 252 871 957 782 351 184 916 612 265 469 703 519 830 442 190 866 84 585 584 19 511 950 610 593 543 800 862 448 933 728 16 534 962 575 302 998 192 896 302 336 17 178 882 974 300 164 473 927 605 432 255 594 135 405 808 866 562 823 866 564 992 839 35 813 998 224
969 427 25 835 565 121 513 600 176 639 569 928 507 273 478 365 551 215 649 469 176 439 723 437 343 552 822 916 162 558 225 834 511 174 744 564 928 141 486 439 206 669 879 928 671 385 522 153 151 609 767 115 474 981 801 543 728 369 553 426 177 207 360 431 642 782 452 605 740 816 608 403 819 727 546 677 843 977 292 852 664 74 417 353 540 927 768 450 141 103 133 801 573 170 91 255 243 791 456 656
540 304 631 427 769 389 0 28 463 866 807 652 932 590 967 702 498 546 742 310 761 433 14 59 784 635 470 266 302 123 307 651 747 467 79 880 757 602 816 884 609 201 759 216 174 862 906 859 869 109 754 386 405 132 354 557 638 772 509 750 694 777 814 704 852 660 124 967 271 180 772 664 308 261 943 61 418 726 273 504 326 719 92 175 327 139 766 386 542 440 874 367 942 278 342 754 648 506 111 898
397 395 19 845 105 788 578 309 723 360 659 640 444 286 712 857 429 101 328 357 971 239 302 288 934 127 405 409 213 504 526 789 576 524 631 369 509 141 851 310 924 371 676 883 489 749 117 474 673 509 545 83 894 11 707 91 913 882 537 48 180 997 235 477 746 403 878 822 353 402 531 730 184 415 248 627 440 717 196 654 873 860 913 439 169 755 652 941 979 413 423 44 866 621 612 231 60 103 618 162
628 14 308 215 550 868 72 312 145 473 756 9 521 48 956 799 811 48 393 713 875 160 217 896 737 622 531 979 478 979 459 184 511 884 592 363 932 618 102 431 288 591 920 919 55 187 736 453 564 471 21 28 657 325 855 327 393 705 420 832 208 237 355 926 688 645 196 192 747 996 436 691 656 195 780 889 679 819 661 150 20 227 505 432 340 129 98 735 142 666 668 410 139 836 563 145 722 462 248 939
195 636 369 33 585 793 670 386 72 939 921 982 460 108 828 918 857 874 751 718 293 932 660 180 44 86 712 346 361 554 2 385 71 541 311 942 118 939 327 665 7 233 693 875 123 970 437 336 45 26 178 693 208 584 918 362 252 135 719 737 851 670 575 24 716 399 642 490 651 118 654 107 804 299 3 96 893 301 995 321 777 292 397 55 74 289 352 184 931 169 149 913 650 304 757 725 165 14 609 110
522 940 874 404 202 415 532 287 133 196 72 182 534 524 760 211 437 398 321 335 583 708 30 51 535 854 281 125 161 647 916 735 702 589 761 664 35 808 283 464 518 316 645 623 744 291 152 115 259 389 392 423 561 869 648 440 122 239 295 807 592 388 435 772 718 809 929 569 267 372 69 146 446 696 660 240 969 174 908 842 120 328 197 899 688 351 407 788 513 628 264 159 845 201 725 925 100 577 777 819
655 352 480 27 889 326 904 300 308 494 374 405 345 313 593 82 531 614 112 240 254 310 980 430 1 936 16 32 501 897 867 496 165 159 661 249 898 58 356 145 302 425 200 815 397 648 309 898 190 159 598 295 700 473 45 880 211 427 62 98 302 674 818 469 233 594 70 805 368 606 767 15 509 267 249 585 451 809 191 848 645 317 12 567 280 305 823 881 328 737 541 129 768 192 909 367 382 232 934 368
491 100 552 50 514 891 719 129 402 113 182 112 617 859 1000 204 141 181 350 733 265 454 130 606 736 437 56 436 627 59 265 749 253 183 379 733 329 723 941 846 483 637 841 855 643 824 998 244 38 843 442 671 192 343 614 236 39 634 579 956 789 429 473 62 507 19 29 400 356 880 271 88 752 713 212 99 102 878 394 232 531 93 510 748 295 49 900 985 895 719 613 523 368 727 935 14 565 431 374 323
835 873 589 96 465 350 871 299 811 886 581 155 78 280 775 456 412 660 70 569 434 590 956 840 159 783 691 446 584 115 640 394 461 260 973 645 977 920 601 807 926 156 122 988 121 201 701 295 422 371 908 860 72 911 385 947 63 166 945 235 391 396 895 721 112 426 157 974 952 228 421 252 998 633 387 346 901 882 283 230 111 289 966 665 758 460 317 382 298 895 586 619 181 991 364 104 72 830 151 52
359 234 206 178 703 991 317 815 662 184 867 729 840 414 426 308 533 442 75 974 144 478 582 894 61 336 35 989 1000 403 839 806 696 665 52 535 109 394 665 494 77 500 797 829 587 346 445 275 820 140 227 199 44 909 831 150 290 748 877 739 912 669 776 371 107 954 129 645 317 522 295 769 970 327 138 591 385 470 388 538 580 362 295 260 480 329 489 896 255 40 674 121 967 509 118 90 354 197 244 260
273 76 86 397 227 239 3 901 35 462 815 346 797 359 874 872 632 641 66 599 201 733 192 435 326 182 409 717 748 298 874 13 485 654 59 623 624 5 849 601 827 967 495 233 649 190 998 870 673 573 867 765 402 772 701 75 797 834 717 351 797 664 675 484 313 200 884 221 58 940 916 969 74 268 422 158 359 872 533 490 292 99 257 112 58 920 868 44 455 178 1 918 307 419 292 484 991 34 877 665
943 62 260 269 263 107 845 437 922 517 832 912 682 974 188 253 530 905 768 699 559 6 109 204 400 443 712 913 318 90 890 644 937 758 934 994 714 406 781 579 964 888 546 346 308 638 995 245 36 189 450 684 282 881 714 970 195 273 110 922 74 506 897 734 648 32 154 145 797 470 177 386 572 649 381 867 686 332 489 344 838 129 261 981 165 782 773 965 536 112 110 569 109 911 227 940 732 753 415 239
807 145 673 460 369 935 765 553 51 825 323 541 185 276 37 423 240 685 350 369 969 572 404 8 412 629 48 213 259 48 714 317 938 237 156 584 545 872 327 284 17 556 438 293 216 649 441 510 128 43 633 1000 368 640 322 732 136 204 464 981 690 297 8 796 582 650 75 685 279 487 371 479 15 567 898 29 61 744 592 970 122 155 288 736 798 422 463 284 903 942 494 161 987 976 710 12 36 750 357 392
225 377 520 115 854 921 547 437 950 442 537 541 428 345 190 916 156 277 142 699 857 957 59 724 51 569 467 799 742 101 352 970 830 240 441 157 998 239 763 587 131 200 716 412 743 835 754 727 916 502 915 52 430 476 154 897 136 2 637 652 353 608 214 635 519 746 495 691 40 631 786 231 895 815 316 887 631 395 548 705 384 957 490 986 677 213 414 289 837 787 783 449 47 747 835 181 29 492 938 720
870 470 313 895 695 608 188 427 404 653 682 218 806 792 85 3 217 864 575 263 922 280 665 415 234 222 41 290 465 93 520 947 815 763 911 916 650 447 218 258 13 898 941 344 516 418 438 909 247 334 475 712 694 254 515 716 203 813 376 445 914 617 92 656 966 899 712 105 129 759 248 828 492 543 845 885 642 269 563 783 781 288 608 866 614 961 193 256 613 146 648 321 50 600 622 441 393 619 444 724
487 681 355 403 716 532 490 662 82 190 814 423 236 318 419 305 130 952 106 71 409 36 421 432 419 455 340 277 652 41 801 470 203 98 671 954 288 373 337 906 633 308 389 748 601 637 288 145 184 266 193 325 514 106 549 955 803 916 355 876 692 899 680 324 495 330 610 68 434 68 179 411 515 269 557 5 647 440 527 517 527 207 287 255 224 214 483 913 168 713 642 905 485 533 50 867 1 587 627 808
272 32 538 78 231 411 75 175 697 330 486 613 192 168 60 842 45 131 684 556 332 741 880 19 696 136 276 732 706 382 759 35 600 627 642 517 923 16 604 644 893 536 526 654 829 82 691 891 690 479 945 727 746 941 505 151 292 188 598 697 938 322 647 303 270 545 568 506 718 38 284 420 927 718 811 492 540 666 966 60 329 672 410 155 47 249 729 681 552 405 517 248 149 870 673 388 616 165 629 719
637 497 825 791 717 769 508 970 195 761 424 272 577 154 514 143 272 564 454 586 881 719 205 533 76 596 825 727 433 162 917 24 672 130 593 204 808 289 173 966 868 413 605 52 977 584 258 216 460 860 348 950 977 641 701 838 221 571 946 795 305 95 918 952 263 975 341 451 251 214 315 177 324 794 820 17 953 219 243 12 81 643 529 215 304 269 571 459 403 403 303 663 792 977 260 524 44 637 725 564
376 302 424 813 895 653 919 851 236 775 390 914 301 274 236 724 635 35 178 360 348 96 726 687 1000 698 588 558 184 660 27 17 500 569 15 49 515 383 622 959 735 39 257 262 382 189 432 847 9 977 997 485 489 465 329 249 247 459 165 580 740 499 130 806 178 285 991 36 927 613 262 273 126 495 226 676 638 924 444 105 934 172 822 34 906 682 588 413 780 121 477 639 126 635 10 264 788 235 191 154
335 421 264 3 486 273 862 493 23 733 994 564 608 499 909 503 8 255 32 937 320 325 915 741 550 974 518 105 423 785 344 811 145 938 842 294 690 619 269 111 324 883 610 884 56 678 758 229 46 768 440 453 860 93 804 655 628 936 403 195 55 192 84 103 77 441 49 95 838 92 463 786 53 466 216 427 826 302 284 329 61 430 429 334 751 883 493 440 887 487 482 702 64 738 914 90 340 851 70 965
587 558 4 360 55 890 529 616 664 602 21 275 497 938 147 44 610 198 827 835 524 322 367 307 459 99 741 606 946 935 53 22 625 410 786 128 234 839 46 353 283 637 393 151 862 195 530 122 915 877 175 906 802 746 435 366 308 425 150 234 87 643 68 912 363 243 838 614 534 472 430 631 289 693 769 576 696 467 280 291 738 144 936 76 933 475 897 441 715 887 356 598 560 840 175 4 398 684 413 472
657 872 819 272 978 789 494 190 542 30 243 220 499 692 672 783 134 960 698 217 928 478 363 609 547 533 510 149 198 140 866 164 773 386 381 440 363 275 320 533 715 166 376 777 263 223 800 188 651 867 516 632 728 457 414 385 410 932 998 450 29 256 238 346 150 95 838 425 365 799 926 397 26 151 838 811 267 519 6 552 985 479 589 496 536 991 928 5 942 300 900 188 126 490 912 113 60 501 251 367
664 999 805 622 120 276 85 988 945 646 48 269 288 502 242 359 797 10 536 17 808 569 81 293 705 950 963 978 347 716 205 924 545 103 41 318 558 780 992 287 792 780 863 335 21 793 16 75 32 834 418 278 83 801 34 471 358 590 979 743 169 371 639 795 29 237 659 480 995 957 448 306 660 200 259 754 405 124 87 312 369 316 250 506 166 690 769 297 892 218 740 574 530 118 220 419 875 805 293 268
896 999 240 643 310 154 41 815 530 830 406 157 634 449 772 985 657 173 869 85 93 515 829 893 397 700 998 783 853 84 583 346 625 123 186 692 710 912 364 83 715 622 887 709 433 237 302 672 811 296 761 872 487 77 918 647 829 620 664 545 997 162 640 137 310 936 649 484 872 21 519 455 954 189 59 439 323 441 771 132 754 266 528 594 167 705 23 880 192 865 558 771 255 710 908 4 594 503 691 778
501 461 907 35 160 231 379 891 61 722 882 559 996 121 67 228 792 926 797 458 447 842 216 907 110 188 468 467 235 999 768 305 364 906 36 76 160 125 548 739 59 560 66 793 272 209 625 416 304 233 512 155 926 526 542 455 40 138 545 369 701 684 574 49 102 71 395 182 704 816 621 455 255 903 224 51 651 174 168 162 871 572 474 234 371 427 976 615 417 122 207 621 384 419 401 358 808 443 736 385
156 722 965 88 461 800 538 959 984 461 853 349 953 153 930 313 135 156 433 55 675 343 76 510 591 72 616 234 985 944 955 151 424 705 755 159 529 890 534 824 451 468 171 764 5 544 929 311 895 206 425 331 99 888 122 992 436 718 643 365 637 759 513 76 651 700 356 748 954 776 876 155 813 937 320 836 291 858 895 462 752 724 696 804 198 692 485 105 622 67 488 500 822 410 225 97 348 883 866 134
28 135 47 452 634 351 413 199 40 984 199 345 508 818 443 374 675 288 423 497 470 191 481 805 395 992 815 424 133 205 9 320 81 443 784 205 516 25 708 367 390 109 806 392 42 168 989 477 138 359 666 911 418 797 179 492 606 462 539 767 679 66 927 241 633 916 33 572 481 263 172 253 926 310 617 193 608 775 884 502 735 472 916 918 295 407 691 425 514 961 894 652 345 815 301 283 341 245 843 132
362 898 329 787 632 153 228 773 213 892 527 984 696 350 577 920 462 815 436 961 176 902 788 51 215 710 733 620 808 89 96 204 638 768 411 890 66 317 346 393 320 173 393 96 356 422 82 486 240 482 682 305 892 693 142 105 304 935 333 802 738 197 338 666 311 677 816 945 855 828 726 280 537 657 820 688 967 27 875 268 43 734 134 492 384 50 376 150 58 892 788 168 272 259 964 915 922 595 751 672
141 514 549 532 565 985 304 449 900 359 436 511 22 356 702 145 313 887 608 760 458 134 463 897 356 722 365 745 460 757 700 222 171 79 286 897 476 725 155 528 915 959 560 747 941 358 745 316 917 715 256 80 242 899 749 13 276 467 281 12 261 968 61 910 198 137 911 877 491 163 529 105 537 146 309 737 785 335 918 469 389 139 132 92 518 310 650 325 230 220 94 34 928 156 361 274 20 243 1000 126
353 342 540 544 727 898 498 736 68 439 379 452 680 440 836 491 437 821 342 166 459 272 68 844 933 583 6 255 125 121 91 238 919 61 792 36 426 604 288 417 733 473 470 588 0 492 929 160 528 978 888 470 832 169 945 177 263 965 405 679 614 513 792 362 415 443 733 573 999 176 553 709 591 560 988 459 386 20 390 724 57 849 339 98 229 850 62 484 974 191 850 126 228 133 55 144 556 574 257 572
845 532 934 99 848 579 723 519 921 716 668 463 95 808 809 571 687 146 662 408 51 209 245 219 103 984 124 748 219 111 50 161 969 188 680 894 119 260 681 924 384 490 474 54 442 454 429 715 390 213 554 843 722 596 328 994 305 112 87 796 291 577 156 291 465 991 756 830 376 786 406 703 226 174 608 202 896 543 116 475 247 506 473 157 946 746 412 500 664 601 165 245 527 804 370 197 557 381 634 896
437 301 166 73 238 237 973 186 763 303 953 376 636 448 263 812 529 540 790 222 420 297 854 767 152 400 784 715 0 83 282 995 177 762 745 223 901 791 529 658 736 988 380 565 342 182 17 459 882 595 541 349 63 371 873 679 928 537 380 470 87 987 994 424 761 445 196 331 303 91 944 736 673 965 506 534 773 115 352 939 613 463 884 168 140 761 719 390 463 279 714 744 226 56 179 743 759 111 927 320
135 213 43 342 180 247 693 847 648 613 465 190 918 999 727 118 373 854 256 841 851 444 539 366 665 594 77 744 823 960 739 433 869 784 290 280 261 269 942 466 899 953 642 762 929 510 432 611 27 919 590 228 200 654 880 506 467 915 141 782 989 519 888 708 322 18 375 123 398 693 719 8 857 596 806 251 931 237 685 573 613 592 879 962 418 325 890 451 233 831 496 999 733 916 830 702 328 126 820 861
745 548 316 26 644 571 718 122 945 435 467 760 403 519 281 526 786 146 591 250 993 676 600 147 72 967 224 181 818 106 332 317 404 806 124 85 153 181 582 750 257 701 905 230 814 32 934 846 22 503 863 578 759 317 983 534 959 234 774 890 574 568 394 26 832 351 737 239 219 125 886 664 388 433 190 471 113 485 31 363 605 279 422 473 983 780 889 349 724 448 119 801 748 681 114 854 276 346 711 199
427 603 625 294 835 371 772 817 929 483 467 190 999 506 164 283 621 854 441 223 181 256 686 955 700 160 921 197 82 151 372 455 127 286 279 758 103 859 320 546 121 586 281 440 6 523 675 678 140 15 283 723 767 476 450 936 424 888 486 214 927 799 259 730 667 564 960 172 517 51 942 271 299 951 927 992 581 407 855 273 478 179 487 368 176 129 419 142 875 387 4 802 45 121 999 792 534 666 484 465
520 484 137 104 663 577 640 252 7 996 409 639 149 694 66 666 562 22 444 551 157 981 234 546 546 763 840 584 86 746 957 513 657 79 309 23 852 307 215 422 49 693 14 663 710 522 350 576 181 385 107 907 185 740 548 249 987 636 979 664 166 248 849 373 847 710 558 227 304 285 50 0 716 353 804 906 862 633 894 880 147 854 236 50 77 328 37 980 128 106 459 635 920 794 691 26 390 453 463 172
171 96 182 829 83 588 189 280 907 266 451 8 204 243 586 348 325 965 714 184 74 991 590 843 57 648 373 67 602 644 973 77 950 79 862 873 272 583 450 554 371 933 360 0 668 394 188 19 204 338 438 613 46 625 370 112 746 680 94 525 35 12 152 974 526 666 718 458 585 584 152 890 134 686 279 235 231 677 42 855 243 879 789 715 726 790 457 187 810 701 976 287 707 633 475 317 245 674 307 131
948 178 892 5 731 780 75 245 104 564 717 360 790 178 536 975 995 991 75 893 658 9 906 982 595 789 728 211 704 474 609 25 161 487 789 363 84 823 768 885 644 393 237 401 739 274 275 124 478 105 708 275 291 5 477 932 373 175 179 628 759 378 128 388 360 124 577 119 396 196 460 382 283 955 276 330 772 463 626 428 606 288 841 934 641 560 230 285 482 404 754 258 200 98 94 637 633 399 942 266
318 491 337 605 453 448 90 532 929 1000 212 511 736 734 396 134 648 665 386 962 839 970 684 156 259 187 299 139 990 999 279 803 113 215 551 623 399 727 756 208 98 177 201 43 793 811 734 896 395 596 614 667 713 672 737 541 264 488 688 391 688 617 141 123 791 762 902 113 596 271 265 457 659 714 76 85 459 25 84 689 985 803 512 775 749 581 186 919 672 149 176 388 420 951 896 208 784 187 530 801
831 199 509 676 61 971 986 20 454 246 896 558 794 711 601 480 276 379 321 985 903 358 757 784 353 464 708 104 852 211 212 923 758 407 883 239 404 438 80 594 742 412 732 954 932 423 635 41 898 948 75 767 361 404 506 987 325 934 632 538 42 609 848 572 304 797 367 579 690 55 160 670 960 718 42 857 758 261 954 288 862 949 437 98 943 315 1000 525 483 221 223 533 519 950 421 851 320 501 2 677
140 451 244 775 468 802 812 281 575 644 304 540 447 529 811 814 194 400 591 908 259 156 702 207 579 348 893 800 807 916 760 511 31 244 324 680 437 318 335 842 11 768 707 109 825 207 288 603 651 681 154 341 619 110 702 622 717 903 243 152 338 410 915 25 482 926 611 944 425 230 222 367 950 534 11 151 682 880 657 643 408 671 356 732 269 165 269 0 21 627 594 915 558 216 176 278 297 446 719 55
601 650 235 704 600 151 124 752 195 978 698 711 228 739 973 730 825 193 174 179 75 903 813 801 158 134 84 338 992 66 310 210 440 672 27 722 698 824 130 712 315 802 53 151 606 151 691 995 801 125 96 122 521 194 837 468 256 804 15 716 519 402 434 917 713 869 133 950 412 70 118 327 295 294 420 223 123 895 566 411 722 88 784 787 397 295 717 664 972 96 764 768 297 503 439 312 249 185 475 443
11 109 135 261 961 116 787 433 47 20 996 745 633 971 946 700 555 551 768 862 627 517 14 985 515 156 693 683 84 433 863 322 371 688 716 856 701 850 170 163 108 243 500 31 29 662 504 95 274 442 275 420 341 422 667 260 409 86 811 44 937 340 94 919 561 791 654 426 421 438 791 441 307 504 316 125 634 210 481 362 644 202 118 312 688 482 420 651 958 501 648 683 371 516 815 904 625 893 659 209
221 64 416 736 331 401 164 683 216 779 11 390 710 655 791 607 371 451 696 160 794 896 670 671 749 0 739 839 265 497 906 234 529 277 718 142 317 696 15 260 509 549 81 715 603 595 657 574 757 927 880 72 35 680 931 553 738 162 497 956 969 670 441 31 95 533 800 519 545 5 436 933 711 748 365 992 388 581 417 781 319 225 520 311 830 829 190 102 619 288 220 873 603 202 688 578 74 873 485 606
621 634 639 127 344 792 690 174 535 307 360 159 222 700 921 391 674 485 877 863 168 575 239 320 671 459 707 266 16 706 733 642 315 997 306 407 806 323 578 987 237 277 188 129 615 351 63 982 846 969 554 172 459 159 655 485 327 886 166 10 528 82 544 508 957 177 940 529 79 298 472 530 517 243 1000 703 563 83 28 423 188 716 590 58 137 21 931 850 253 385 85 534 422 198 332 644 339 266 117 421
253 920 812 881 33 23 596 674 820 374 61 839 471 208 53 827 523 183 903 373 572 16 755 241 117 831 237 60 246 542 819 746 466 648 769 352 429 440 424 947 962 68 18 282 841 913 496 475 204 729 394 822 862 743 172 571 478 851 729 578 565 590 308 779 730 920 229 499 200 826 292 29 428 983 226 785 85 540 921 186 526 786 256 175 869 527 534 200 912 498 207 857 268 709 778 17 294 518 372 242
681 913 43 755 656 789 924 669 762 508 753 932 225 666 602 36 780 887 904 757 388 185 668 654 898 544 472 301 635 196 948 77 996 772 88 832 531 351 362 373 518 33 727 829 448 541 459 766 273 172 662 784 256 806 635 54 336 476 296 460 73 164 579 284 146 272 751 471 243 513 616 125 902 640 472 546 268 543 11 986 845 769 788 875 193 675 557 245 523 368 307 19 180 529 174 245 527 192 689 642
668 969 673 105 425 885 825 441 389 732 605 767 468 919 311 879 68 981 268 446 30 435 881 315 441 759 498 718 485 58 990 126 464 668 544 415 379 490 890 414 857 225 576 389 269 577 446 740 253 120 273 707 312 464 474 551 271 229 86 879 219 329 76 897 77 854 358 596 936 678 666 227 674 981 1 983 419 773 550 565 475 918 826 812 83 478 328 749 257 217 753 805 401 319 189 822 109 450 206 865
677 594 687 896 997 485 645 194 366 961 255 700 372 388 930 467 793 455 954 285 462 945 336 413 687 199 651 127 888 13 114 425 174 946 186 668 107 842 155 536 732 398 781 849 668 447 827 44 393 635 789 414 730 570 50 432 275 631 245 954 148 482 932 676 657 587 782 735 244 5 128 228 323 151 874 466 588 233 124 985 898 718 908 701 233 42 677 247 391 45 631 150 572 393 388 620 487 859 914 167
378 818 312 507 968 584 579 125 888 127 701 252 319 433 493 167 998 285 303 25 906 596 495 800 392 475 766 450 134 492 974 477 76 914 719 36 468 509 447 558 360 55 537 337 484 622 601 601 951 187 968 118 578 432 254 186 13 49 675 349 70 789 858 836 841 222 164 816 722 335 490 782 850 150 113 162 276 330 619 230 792 140 516 101 299 261 967 1 758 271 319 896 27 624 915 545 695 337 131 67
193 798 546 381 128 775 529 761 999 834 350 504 359 630 865 544 277 955 734 282 831 954 976 456 420 140 89 118 570 92 279 953 992 146 572 293 664 168 941 131 563 355 552 681 450 194 683 723 624 143 88 728 495 7 630 896 181 282 120 424 155 346 909 315 520 593 452 667 504 936 511 326 62 734 86 175 159 120 853 302 815 208 711 590 1 50 292 424 258 924 480 389 120 682 748 854 405 410 66 97
494 110 762 518 565 13 513 531 17 110 169 165 817 774 443 827 338 612 989 384 216 925 195 305 243 419 819 452 503 999 395 808 331 875 675 277 909 61 515 673 733 125 99 22 831 398 462 66 72 520 775 51 897 200 645 775 443 132 803 529 236 50 575 768 896 970 211 833 631 478 709 126 864 250 292 505 959 458 623 637 944 40 868 767 178 4 577 34 915 154 833 426 840 602 626 900 108 680 382 384
706 467 308 998 137 321 637 732 821 103 554 585 942 898 69 916 119 266 355 612 205 935 192 769 941 378 123 540 160 699 678 985 39 187 621 122 135 566 5 307 572 227 225 179 78 876 489 625 928 272 840 447 443 441 718 807 721 673 948 20 383 493 629 581 45 423 323 664 983 615 284 519 628 52 167 524 569 596 327 134 267 63 676 975 946 820 62 973 39 624 288 813 275 754 269 93 385 169 380 201
726 624 729 769 883 617 89 905 721 546 42 496 637 513 115 315 144 751 258 514 202 491 624 204 424 804 532 705 280 265 405 72 405 839 189 670 669 170 31 47 995 98 511 342 785 925 193 758 797 925 746 133 346 348 345 780 946 777 231 806 626 110 355 750 747 619 511 910 135 510 997 131 684 345 413 241 795 723 946 497 8 135 621 200 635 264 641 130 859 826 582 521 86 16 631 578 678 867 751 829
323 1 278 815 567 510 147 421 976 53 832 46 88 552 845 820 822 605 861 955 653 629 538 380 71 394 594 172 79 146 529 943 436 862 789 637 971 865 841 95 300 414 981 906 294 617 600 269 485 30 479 624 64 650 864 992 269 577 94 661 94 669 916 769 705 112 310 486 320 961 774 870 137 350 744 804 633 498 231 219 450 185 409 836 263 982 399 112 332 179 866 664 51 960 202 778 364 816 276 185
103 571 753 519 941 312 527 716 147 774 946 615 83 760 82 983 756 992 389 435 509 558 983 680 393 341 882 804 252 450 821 471 591 309 770 491 10 86 553 477 298 701 25 725 908 403 858 137 152 499 198 997 477 131 613 127 477 291 760 9 573 656 998 67 409 116 512 13 88 844 402 376 609 126 906 58 961 407 33 579 191 418 666 237 191 867 763 29 807 416 38 648 344 803 771 623 348 731 895 311
749 343 784 544 450 347 596 731 100 647 264 150 293 452 791 148 647 209 323 458 636 186 388 951 275 509 284 160 625 394 797 993 129 112 755 25 25 29 252 806 230 693 294 112 836 556 6 581 114 870 94 286 73 168 386 993 388 87 71 199 968 281 138 981 618 994 771 235 658 993 505 822 998 296 531 921 253 627 878 389 701 176 679 43 107 256 994 451 69 763 9 153 959 968 595 339 300 405 692 309
978 760 284 259 397 923 658 56 991 718 279 204 499 190 489 802 985 988 558 407 99 994 572 108 531 194 79 13 851 541 79 29 62 715 205 729 472 787 920 910 674 176 894 533 701 168 991 166 917 80 498 571 802 792 204 151 524 899 184 471 905 245 730 275 697 699 145 154 617 839 903 111 136 181 698 961 439 99 213 855 679 779 840 319 972 156 47 608 170 604 532 611 567 898 49 256 129 407 514 830
125 491 958 316 56 558 304 800 543 800 285 845 616 104 171 461 154 548 839 235 428 895 618 859 889 210 4 909 241 190 364 867 31 646 444 41 858 311 366 757 720 726 749 521 565 884 950 198 597 432 368 638 944 482 756 28 793 700 575 704 362 762 625 536 521 271 58 284 463 72 736 504 218 356 39 429 369 580 279 193 666 720 280 458 676 963 885 358 890 665 405 723 333 335 901 831 770 593 774 360
663 338 205 560 947 539 755 492 362 594 902 138 937 71 233 576 355 125 549 863 221 430 424 43 813 72 131 523 493 190 373 269 565 818 757 786 469 537 776 36 86 846 371 558 724 940 971 30 253 789 724 763 6 870 290 630 856 799 638 966 587 435 21 335 323 258 799 776 370 966 988 211 504 81 185 804 413 162 482 730 399 549 574 652 628 579 439 658 783 904 178 428 63 566 747 350 197 270 897 530
64 596 599 387 650 57 750 726 784 450 499 855 493 420 971 382 561 845 844 244 246 395 840 469 449 976 865 458 967 729 596 320 375 697 825 678 169 638 828 944 634 952 113 651 828 448 661 50 363 639 601 245 150 640 437 351 628 474 390 536 997 517 129 697 960 942 853 298 239 37 883 364 864 475 283 194 313 6 233 342 226 399 705 279 73 647 786 129 322 322 640 355 448 152 193 388 163 885 38 654
565 913 515 334 902 436 413 818 406 784 628 518 4 665 384 74 822 639 903 105 314 424 755 788 81 175 581 311 728 297 680 459 7 305 94 486 365 680 947 255 677 171 420 920 346 584 167 589 464 819 187 913 633 273 322 101 717 662 762 557 486 358 583 509 975 531 687 36 874 99 174 871 908 351 671 856 624 319 862 467 240 891 236 772 151 209 99 162 374 81 243 391 901 502 337 258 799 361 861 268
294 726 330 878 492 230 868 690 788 146 833 384 612 502 839 737 136 427 39 806 53 639 801 307 816 977 737 127 33 60 471 786 910 711 947 184 410 663 42 893 722 984 781 773 908 278 906 598 132 818 821 667 860 600 634 513 661 451 294 547 521 869 320 591 370 395 841 701 240 965 130 472 190 172 789 122 278 921 835 601 312 354 572 854 995 697 66 557 295 319 614 788 334 447 312 702 438 707 584 920
195 345 700 261 912 409 537 150 947 218 16 724 216 384 108 807 36 572 751 938 571 86 565 916 279 35 591 204 71 710 432 75 103 539 648 88 246 854 434 873 580 61 428 461 393 775 44 21 440 536 641 472 47 513 949 488 327 640 719 135 616 105 920 288 735 919 62 642 789 289 532 684 144 812 848 478 458 352 514 948 797 381 27 995 0 148 912 664 821 600 423 228 852 108 380 697 745 846 57 520
971 140 442 122 917 22 203 143 816 78 118 873 450 479 982 533 453 890 426 894 592 55 798 441 157 991 63 241 13 659 570 92 124 288 611 602 152 781 926 421 744 192 243 731 542 310 258 890 175 191 648 913 482 689 75 226 74 359 427 659 177 191 403 407 740 540 239 151 54 990 765 797 738 18 620 958 896 944 171 261 610 701 765 112 634 518 832 500 568 55 472 928 741 966 533 971 168 43 470 27
962 59 167 859 633 836 484 27 800 706 677 638 738 479 894 415 797 624 892 439 354 636 443 49 489 198 480 934 174 686 69 242 240 570 257 343 211 555 245 289 418 293 120 874 84 779 92 150 830 815 516 819 824 49 693 139 11 855 329 705 238 154 984 46 423 607 900 338 950 804 101 551 345 680 456 27 279 383 309 155 702 52 685 565 97 957 446 474 432 33 33 769 390 246 537 163 763 101 78 859
440 219 720 25 176 675 903 6 649 956 887 512 336 905 93 617 774 356 852 968 895 130 653 603 483 504 300 284 825 209 806 80 343 450 178 726 157 508 448 708 177 559 519 321 696 205 996 773 931 852 506 380 547 152 70 348 971 847 152 533 27 631 337 174 891 535 170 302 141 807 188 697 167 285 282 911 9 915 883 435 769 365 729 556 261 69 455 478 116 307 182 897 268 659 242 100 903 458 409 813
22 230 151 908 252 188 313 231 341 562 936 643 485 632 428 912 871 496 464 629 15 251 848 716 288 289 483 630 696 527 830 219 689 750 476 622 250 317 407 44 685 212 536 841 885 840 680 623 168 137 235 904 149 549 589 262 945 265 873 201 383 833 679 413 622 48 749 169 512 273 791 414 185 214 380 949 978 458 984 549 740 367 271 532 140 455 308 573 297 688 177 867 276 613 945 621 782 821 508 870
685 730 393 157 642 781 438 570 645 940 320 287 152 806 424 718 760 238 958 13 820 224 283 236 410 626 123 899 815 189 449 549 343 781 853 891 988 445 608 242 272 264 924 797 807 869 554 843 954 779 608 381 104 287 950 491 953 210 436 346 973 528 668 11 62 991 881 402 894 581 196 115 262 796 33 319 183 819 339 762 53 393 645 619 356 805 531 210 913 457 144 555 890 668 404 91 259 818 441 390
844 88 361 225 662 181 387 536 117 636 143 484 168 353 487 218 698 911 835 604 208 792 952 521 903 335 378 578 320 275 529 22 867 309 759 718 850 66 691 241 717 379 994 599 525 939 639 489 855 979 959 150 589 197 570 125 669 503 384 452 329 163 278 483 871 631 82 443 656 60 53 803 732 306 125 189 717 25 107 852 542 491 213 597 711 171 714 705 302 974 317 776 860 669 192 898 956 260 550 627
976 544 262 896 285 253 752 377 475 882 103 462 554 739 643 4 240 619 690 507 833 44 78 553 173 751 564 850 505 939 132 904 318 350 234 957 168 911 66 311 65 285 193 732 390 714 652 0 918 188 434 823 548 575 155 90 640 882 756 700 208 346 582 452 701 923 90 657 268 859 77 71 592 55 808 974 450 85 828 998 309 938 369 191 144 413 692 540 997 439 49 944 569 594 876 858 259 592 25 247
547 673 226 851 19 12 97 224 767 607 988 495 827 261 905 799 378 118 255 829 550 619 336 564 694 104 804 297 532 995 203 394 200 205 278 137 888 977 965 189 796 674 269 11 146 80 24 479 476 240 793 368 74 560 81 396 408 601 298 867 943 133 517 239 680 141 974 298 594 216 949 573 922 296 572 949 206 769 867 46 368 86 537 375 528 365 286 56 241 198 573 732 34 219 84 225 39 882 995 20
638 316 487 760 751 535 804 152 39 316 349 393 787 558 411 724 527 226 624 558 474 55 464 577 998 108 404 140 622 622 602 524 449 737 412 799 245 980 348 29 515 655 158 362 270 940 945 993 932 640 410 938 573 372 91 864 492 755 553 121 931 208 564 306 251 948 901 838 631 703 609 74 692 352 347 996 251 104 320 975 409 706 128 326 54 113 359 512 566 328 340 400 812 163 707 915 1000 559 265 907
250 19 736 620 948 279 250 990 309 367 679 507 848 675 260 917 528 826 975 846 399 664 822 147 334 828 452 117 906 933 586 859 98 685 882 563 191 521 832 901 95 130 961 38 603 175 838 690 601 212 258 713 203 287 838 731 893 249 360 30 217 333 942 346 87 820 619 551 254 49 633 515 896 264 730 677 387 574 495 296 663 122 332 557 200 245 604 775 3 596 520 567 183 346 38 153 330 442 909 661
883 734 295 833 65 446 883 922 139 83 233 916 123 4 824 343 742 285 251 517 537 678 103 569 501 297 81 723 928 609 660 381 111 608 960 360 261 295 75 854 120 244 709 644 802 278 549 302 20 418 8 923 531 159 503 809 202 697 314 962 98 68 504 144 593 471 177 368 825 8 27 661 159 200 902 938 597 460 665 449 888 723 885 675 772 243 926 451 271 772 803 828 197 370 667 639 399 738 118 650
943 818 813 32 877 238 548 891 185 917 196 999 696 85 296 938 309 132 156 253 499 983 598 655 220 673 243 634 522 534 240 284 228 889 245 60 685 191 829 928 75 422 60 45 941 373 224 284 644 820 983 303 9 403 591 522 240 913 532 831 755 641 704 728 184 410 687 20 653 889 227 810 423 961 189 243 789 643 520 479 115 382 828 915 315 426 637 337 398 800 644 478 958 55 408 124 252 293 543 59
320 505 917 830 718 811 116 161 867 863 25 179 139 74 47 417 171 351 151 865 948 993 128 214 305 961 236 344 922 381 610 901 632 427 811 345 320 811 180 135 604 50 748 686 707 246 370 181 649 194 85 436 345 825 266 309 664 8 77 870 508 806 619 610 143 119 417 206 769 315 650 239 13 894 457 109 951 592 955 709 484 54 146 72 119 923 254 238 288 449 469 808 59 495 639 221 919 719 883 1000
856 188 924 677 473 469 281 242 943 743 300 86 551 414 8 948 928 84 463 928 631 25 935 334 117 590 851 639 994 910 823 897 30 4 109 173 166 56 526 606 389 995 437 808 960 304 804 375 477 398 419 575 771 824 815 33 547 996 474 154 217 741 344 686 274 237 776 772 727 829 734 578 680 733 685 240 124 61 199 68 816 316 363 929 485 724 630 398 434 580 591 863 675 357 484 567 244 946 186 745
671 660 160 443 392 421 602 231 575 711 331 378 504 589 869 350 313 736 398 124 533 582 310 255 722 39 532 190 332 139 252 729 737 156 576 333 321 419 145 28 929 699 28 751 635 233 403 671 353 192 354 573 529 79 510 994 633 648 25 617 623 863 742 832 486 201 299 160 531 781 183 442 184 208 819 122 893 898 233 304 709 734 522 335 938 327 946 76 482 974 453 865 197 277 107 491 450 525 986 801
629 612 998 724 611 553 637 959 197 695 734 813 538 13 140 79 625 937 47 609 995 528 141 793 519 980 719 760 575 191 714 164 36 22 90 768 779 855 157 835 895 475 14 182 719 927 543 2 687 109 537 50 52 482 772 770 368 281 165 177 1000 543 393 797 425 631 279 20 37 408 769 645 282 108 828 507 291 801 609 610 324 918 509 565 399 161 751 519 16 187 53 322 689 373 275 208 114 604 672 536
904 828 618 547 476 193 369 537 386 539 292 367 564 784 969 205 555 559 791 328 514 641 923 682 1000 607 215 33 208 442 950 656 775 654 191 25 776 6 144 570 269 530 13 391 648 988 973 761 264 340 894 216 813 725 840 351 812 580 103 773 918 338 680 185 593 726 61 598 702 424 891 283 997 210 63 928 939 458 431 315 162 659 857 969 978 137 199 401 959 673 893 178 47 179 771 389 129 359 141 750
111 903 764 408 729 184 587 475 900 18 247 526 603 411 502 958 932 282 199 256 718 55 285 974 679 12 152 38 95 426 87 349 670 460 174 279 190 956 281 346 29 182 122 206 546 202 961 551 696 362 760 190 540 824 374 562 598 554 654 618 531 571 174 291 64 458 385 61 466 41 878 692 525 737 903 841 11 899 721 907 618 869 299 886 368 496 956 24 303 826 990 533 76 342 703 234 162 917 510 73
336 887 429 166 177 726 12 391 610 682 913 425 572 823 684 52 245 756 387 933 499 195 802 673 276 227 221 983 744 857 237 834 244 75 156 521 50 476 448 303 440 345 129 482 985 546 850 983 418 300 133 990 125 315 458 361 45 980 510 659 972 380 473 310 179 280 220 59 622 243 583 484 967 21 70 419 287 861 790 216 37 484 297 710 891 569 135 800 899 293 44 730 246 116 617 366 157 567 285 21
725 689 959 492 196 920 786 463 808 912 889 451 126 22 194 969 268 161 244 39 486 867 890 760 430 187 718 267 627 359 702 321 337 956 795 998 999 228 632 690 73 249 970 987 484 257 739 701 414 114 882 444 373 885 757 550 523 255 143 957 598 344 719 106 295 998 307 356 864 881 375 197 103 481 356 265 637 361 877 392 451 18 635 569 612 926 340 913 539 316 262 843 925 865 685 642 180 166 729 221
484 688 355 711 884 578 905 945 137 810 494 375 777 859 556 498 747 790 948 135 678 70 232 296 625 59 38 731 914 444 244 455 355 790 23 254 480 255 124 965 687 825 762 90 767 334 123 78 41 772 499 536 681 120 688 340 47 611 416 25 182 823 89 839 229 160 605 894 29 533 855 294 228 470 510 131 972 564 912 821 177 159 220 470 227 506 320 699 937 815 638 90 662 135 353 663 93 786 272 968
596 342 217 921 454 823 636 521 598 721 462 446 347 9 699 728 188 20 920 645 636 468 140 679 992 912 460 604 227 506 577 315 353 322 297 800 50 63 627 427 451 828 312 588 353 839 970 141 826 759 592 922 218 761 143 389 826 616 717 673 779 768 945 831 276 84 565 731 43 985 66 760 105 946 518 984 672 119 13 646 387 280 692 10 86 212 995 672 103 588 819 222 371 948 866 616 875 763 558 501
377 413 102 477 186 920 736 138 608 156 393 589 109 398 460 224 592 203 679 401 457 19 205 695 349 137 880 588 129 721 638 180 638 883 140 796 351 819 393 309 751 901 705 107 455 967 215 675 437 273 640 239 35 945 91 57 413 752 387 331 410 152 574 9 536 412 611 776 899 925 359 840 346 261 460 801 972 70 998 701 88 669 164 621 928 840 671 430 177 865 564 299 439 665 388 476 190 175 708 732
581 398 902 96 976 243 972 542 166 845 178 559 699 916 221 378 970 26 478 412 660 158 900 317 544 36 121 479 809 154 111 754 203 16 910 716 105 274 106 640 750 662 362 572 543 418 632 244 430 764 928 883 805 855 834 82 238 173 276 161 602 77 94 138 437 31 273 631 689 233 794 720 914 335 572 553 40 241 105 893 411 277 261 291 299 910 378 397 699 385 146 729 607 230 845 294 26 193 718 973
945 842 711 487 395 533 235 816 325 148 8 258 345 993 981 751 236 360 713 572 276 759 774 796 52 595 284 794 100 755 347 462 115 146 103 642 575 975 761 947 280 619 577 608 741 321 210 724 85 343 307 997 909 983 689 778 668 133 142 732 850 146 392 169 252 75 871 705 598 599 57 27 691 454 256 794 501 91 155 462 260 112 510 199 80 705 349 265 155 260 679 216 650 654 804 966 399 313 916 606
404 569 276 56 428 599 735 243 73 522 331 431 838 79 956 437 499 439 635 59 172 77 304 59 124 924 764 814 533 790 444 927 472 501 374 320 31 678 697 139 966 161 540 400 737 727 823 211 663 910 285 320 907 12 693 376 469 75 955 175 827 512 893 305 274 44 659 899 623 665 194 253 764 10 435 573 324 49 860 335 712 722 134 784 681 103 304 72 466 501 274 903 788 507 852 271 314 551 17 926
672 351 509 206 754 824 680 322 199 953 225 859 449 248 741 393 151 735 997 316 411 581 850 739 399 143 197 832 863 939 129 249 277 38 575 900 321 797 690 973 534 278 558 935 338 29 952 280 323 710 696 814 87 712 324 846 640 137 410 656 521 67 163 614 225 681 862 281 641 552 508 728 103 718 390 805 66 591 443 912 713 278 321 661 570 629 861 961 155 773 720 891 424 966 808 739 456 878 950 33
517 343 475 704 351 620 58 463 9 492 363 565 612 865 944 72 781 376 245 548 179 671 398 72 784 106 392 817 753 670 98 88 151 916 162 985 484 643 321 497 988 0 473 688 763 127 334 18 812 366 180 773 838 271 701 205 962 583 35 480 600 207 696 953 461 662 2 776 973 393 450 333 158 691 564 814 765 331 133 754 949 99 657 344 464 228 475 801 818 327 911 811 807 756 334 998 349 475 954 656
653 301 0 812 811 344 104 570 511 599 40 44 37 365 675 473 461 954 420 964 178 448 219 591 58 943 81 515 8 617 556 848 102 524 762 164 86 45 897 802 678 692 188 408 657 579 248 335 269 131 887 481 396 931 928 259 524 113 169 97 481 268 936 727 324 710 187 28 860 191 274 858 332 524 524 515 432 866 761 170 811 543 150 8 820 942 185 734 113 606 670 146 162 232 180 779 299 491 250 95
600 283 611 987 49 325 376 72 692 962 883 768 42 945 970 340 176 619 397 987 44 110 577 985 259 575 519 691 928 930 148 488 24 994 946 91 972 765 354 851 589 381 979 294 246 281 554 748 340 908 908 293 226 617 601 89 93 627 808 681 58 386 848 811 218 899 325 130 300 577 269 238 415 826 847 265 430 259 243 80 547 273 813 163 844 803 477 255 617 732 977 96 34 3 524 402 630 243 385 694
327 964 818 166 168 645 464 784 417 641 534 978 462 321 337 95 693 706 759 207 206 959 559 919 803 677 939 903 419 710 998 677 309 324 293 165 565 763 249 370 205 171 838 336 598 368 9 871 511 102 446 776 440 710 643 174 280 510 316 270 76 469 407 494 891 378 801 174 868 958 156 405 482 90 992 462 744 466 776 100 721 209 571 85 526 187 139 158 847 792 395 107 175 635 626 770 768 383 907 907
856 769 669 994 867 246 934 22 422 598 702 677 903 260 917 489 875 339 571 747 505 150 459 107 937 7 47 665 893 197 421 906 27 595 331 567 898 88 207 776 39 274 791 612 237 789 206 839 912 310 136 659 754 397 602 439 854 488 598 552 874 481 528 396 630 904 492 362 252 180 746 586 147 719 481 927 441 62 385 133 415 666 70 2 213 278 8 202 682 949 439 356 192 508 324 655 493 367 786 678
878 51 758 643 670 650 87 976 169 392 632 780 278 487 136 709 274 766 616 43 646 533 222 377 956 24 702 568 393 468 59 806 252 805 952 636 163 278 726 692 221 973 300 266 932 493 832 121 6 843 67 429 610 170 873 784 869 718 764 927 647 496 142 397 409 513 389 69 397 502 783 378 807 473 672 301 149 931 671 741 134 201 727 155 332 53 249 72 192 728 971 492 825 436 825 498 103 59 761 810
874 439 718 857 392 526 81 321 306 786 152 349 744 396 85 413 759 275 991 862 410 399 586 967 976 800 571 998 495 637 304 130 849 273 13 283 981 710 67 869 258 230 12 83 100 505 201 180 286 309 4 634 818 77 338 487 87 408 946 837 794 155 488 479 248 828 784 490 338 679 341 242 789 18 562 596 296 813 201 416 69 187 926 427 882 619 314 392 537 26 327 937 735 30 18 584 327 864 887 381
14 617 135 66 178 260 72 765 156 837 33 773 883 896 788 511 965 812 546 546 780 173 676 959 249 52 751 988 142 306 85 343 291 299 367 626 451 304 713 143 106 280 91 280 438 662 472 407 975 835 651 637 573 576 135 286 125 547 12 898 746 940 638 146 542 241 364 78 514 601 220 680 852 601 216 280 419 869 684 49 928 731 590 124 773 542 499 90 917 580 565 550 64 915 112 472 829 920 755 61
293 277 74 123 264 292 278 534 97 311 828 302 698 212 986 437 397 830 163 552 928 92 656 644 382 935 75 335 59 373 880 489 78 834 892 757 107 157 17 749 725 660 415 100 103 528 874 485 857 908 65 650 149 750 690 159 251 199 900 512 570 877 830 343 146 306 525 36 284 840 79 468 954 943 386 296 974 785 526 172 308 353 648 922 561 888 905 329 790 152 27 109 695 870 552 749 842 235 668 793
109 531 911 639 604 434 743 589 604 18 544 741 798 209 937 853 944 479 605 422 584 542 21 408 844 646 210 550 646 557 399 85 410 247 546 207 711 658 10 33 989 382 927 338 661 69 32 159 790 955 486 694 172 587 137 498 225 601 31 803 87 774 499 190 947 367 673 336 420 11 735 276 317 665 620 539 977 917 714 335 142 88 573 75 838 626 96 222 635 284 213 201 93 860 914 815 89 382 63 378
971 832 975 690 796 175 842 893 21 906 879 618 346 509 419 347 666 194 48 537 803 686 511 391 809 384 794 794 529 513 292 411 880 704 631 205 390 648 193 432 222 545 247 489 391 423 901 543 965 245 369 333 183 538 652 222 911 190 460 219 757 584 160 525 260 516 817 991 855 818 994 27 794 427 988 254 321 717 994 39 483 292 322 575 777 382 509 666 94 635 62 907 222 859 266 321 978 77 823 716
104 30 24 527 493 321 326 660 892 602 939 989 395 371 70 340 473 845 988 128 216 978 943 607 906 890 763 740 313 639 730 69 862 24 6 864 632 762 834 630 62 410 967 12 209 132 436 936 952 208 381 791 679 515 739 447 12 654 77 336 185 575 770 965 623 705 166 248 809 398 661 78 561 588 869 479 601 680 56 184 103 784 63 216 218 412 598 458 699 117 835 826 949 927 323 393 562 250 286 640
260 48 626 795 409 33 521 29 931 768 848 625 637 57 717 979 186 839 441 198 974 671 829 709 24 439 849 485 88 187 982 829 433 349 176 95 319 638 66 362 363 537 587 639 586 739 599 910 770 827 680 794 403 592 655 272 631 762 373 834 118 578 303 442 591 410 189 43 85 283 448 747 856 352 325 951 604 283 434 166 411 243 963 950 495 53 363 75 312 939 403 617 72 174 861 833 660 630 922 117
625 632 265 374 26 5 297 909 761 347 740 32 189 683 612 448 668 748 154 869 791 252 329 373 500 416 108 539 836 972 244 283 64 413 838 955 628 248 764 151 893 575 927 987 131 313 883 732 387 955 923 149 281 319 512 19 904 281 491 850 761 205 274 443 266 773 354 196 947 679 89 766 780 297 214 487 556 225 798 700 625 349 231 600 641 120 120 391 851 1000 741 754 633 305 48 905 991 903 779 929
910 409 470 716 587 547 203 885 700 227 404 243 691 330 535 290 545 889 931 672 178 588 200 111 708 381 347 505 505 681 441 504 998 558 539 279 490 109 10 827 54 864 294 542 498 145 64 693 655 770 87 181 434 211 66 705 315 95 118 458 293 674 77 470 759 444 820 344 164 635 249 249 38 267 452 216 143 338 107 754 457 195 580 894 723 983 202 814 129 481 2 899 849 253 710 168 14 579 962 808
188 426 837 980 765 437 850 246 257 731 260 624 205 736 1 708 633 136 782 767 696 613 122 232 238 791 914 420 245 479 975 795 681 994 168 697 198 711 610 946 459 76 386 829 897 397 928 115 418 691 721 854 987 967 699 65 194 388 581 755 963 611 51 418 672 760 477 769 841 687 690 405 330 590 632 580 71 345 493 964 676 238 122 608 358 731 835 631 491 613 24 330 212 837 428 316 433 691 951 999
17 880 402 79 539 62 81 646 129 547 530 198 354 769 189 904 494 636 345 429 339 390 469 145 721 837 532 432 183 657 91 553 220 324 644 64 564 395 525 892 696 400 896 329 598 141 13 928 862 569 874 691 376 367 490 820 44 878 1000 286 653 572 265 437 928 794 65 72 339 299 879 367 858 410 552 782 974 657 860 71 112 928 503 898 942 298 101 57 892 342 558 118 590 359 450 356 968 529 208 571
425 778 19 217 449 72 284 587 339 102 910 736 783 322 285 181 555 584 728 39 537 233 426 213 726 876 26 906 850 48 305 680 100 210 78 358 594 413 420 670 181 366 158 23 663 39 79 251 828 655 246 347 123 318 265 322 345 569 153 242 777 251 714 376 121 528 182 624 582 589 704 416 61 762 593 10 98 56 591 555 570 225 331 411 67 90 483 582 857 551 828 600 568 115 33 784 517 57 99 996
910 747 278 831 511 573 437 502 431 751 105 562 471 789 236 389 139 137 599 36 864 442 30 210 69 962 450 731 108 768 852 673 174 599 945 596 298 404 59 127 55 959 43 591 759 902 787 180 274 415 477 186 268 865 789 402 163 831 965 681 157 921 781 185 378 955 38 957 559 487 665 744 2 185 830 337 109 579 994 503 711 217 834 201 990 662 805 253 659 556 203 511 295 918 482 324 721 962 683 804
681 225 511 304 579 839 689 707 44 881 655 742 749 344 231 3 49 205 733 88 635 693 852 810 577 992 153 868 767 977 417 910 388 767 513 335 478 640 411 263 67 8 849 142 336 490 307 361 231 204 284 202 687 857 139 905 771 670 727 422 221 553 282 807 213 571 312 691 575 901 142 493 728 216 966 720 537 903 94 956 635 487 199 404 433 7 217 822 908 553 108 260 64 258 788 880 524 895 127 859
814 51 332 645 710 19 193 421 420 442 819 810 284 594 742 35 554 980 776 937 339 732 95 36 933 66 97 29 999 512 13 444 394 416 13 423 385 672 943 996 607 48 319 454 521 64 377 315 525 253 660 3 94 873 624 269 21 971 816 537 351 468 432 368 733 77 633 794 826 8 118 235 382 451 720 998 986 374 304 206 302 281 894 338 600 881 12 87 732 526 880 1000 200 798 904 127 160 239 911 463
470 251 316 970 773 942 599 729 90 215 66 967 701 743 985 336 674 270 636 160 892 937 971 323 10 109 321 622 811 250 215 407 766 505 700 75 561 526 332 365 216 616 272 881 887 290 186 839 80 17 559 339 716 726 438 353 116 97 827 950 338 984 7 790 343 375 992 338 204 401 785 157 924 384 84 303 320 189 558 565 223 487 453 756 918 644 700 533 857 491 883 528 565 708 189 55 701 719 218 419
202 697 740 241 228 14 360 491 365 684 396 639 747 558 966 741 268 858 303 189 404 382 100 98 856 441 560 588 850 650 949 38 184 543 256 454 682 657 234 44 493 389 303 216 828 77 544 154 607 815 9 568 499 659 16 573 758 34 835 398 60 477 887 463 157 314 511 875 848 386 699 599 761 445 752 163 518 575 14 280 943 483 200 230 979 910 751 804 643 228 416 354 284 452 404 40 91 915 427 915
557 465 875 525 166 180 583 626 112 515 377 936 126 334 3 16 227 570 627 950 113 242 378 208 626 778 35 249 799 495 553 36 149 789 294 553 453 529 440 654 241 305 569 179 568 404 500 159 26 517 864 11 439 108 173 552 939 526 445 838 991 287 6 605 437 41 737 777 898 798 612 787 812 77 149 504 545 246 944 289 515 794 285 566 25 97 582 497 652 605 508 659 216 856 545 549 345 494 894 574
820 439 352 94 40 273 657 608 588 971 925 88 690 631 125 371 249 79 29 872 698 598 41 338 143 13 211 144 602 419 450 760 904 63 649 794 22 772 887 595 188 622 710 169 732 672 826 103 168 447 756 219 659 933 311 61 246 383 76 673 913 670 783 388 840 727 580 283 103 465 295 693 736 254 332 432 299 446 771 518 836 761 990 988 721 467 804 724 713 62 19 882 215 771 669 818 398 8 593 138
608 94 970 71 642 639 363 736 314 586 569 80 8 454 515 222 183 857 104 71 926 180 797 313 311 585 190 838 351 609 954 415 465 702 784 832 371 472 583 106 915 769 286 263 540 664 226 469 981 711 828 273 738 131 449 751 528 436 994 844 446 323 971 431 398 940 59 342 914 152 808 237 799 594 511 587 165 644 58 225 798 715 856 320 968 853 474 885 803 616 754 472 552 133 270 349 352 255 552 587
219 232 157 51 656 147 786 209 695 418 951 709 640 984 501 739 436 908 395 363 456 241 842 736 14 645 204 627 348 727 850 794 632 628 882 37 400 494 429 803 184 417 808 399 128 522 110 279 127 80 438 179 542 970 148 125 315 993 62 661 227 431 426 890 707 234 935 576 556 642 373 183 642 2 363 974 324 118 234 945 867 778 637 146 719 100 74 659 804 330 639 738 180 759 487 124 351 233 319 552
816 770 680 376 590 848 265 124 180 141 969 931 556 419 562 416 607 397 581 979 230 962 489 653 464 715 53 10 41 640 738 858 124 180 889 419 266 207 890 191 211 483 380 363 786 887 984 214 876 27 32 343 760 739 348 610 355 713 522 208 802 559 610 440 718 62 831 593 19 144 387 960 210 967 209 181 748 108 997 817 371 339 351 774 365 25 341 967 554 940 907 546 426 899 967 783 345 14 774 923
661 346 722 55 363 549 781 356 848 637 791 893 315 962 489 727 380 269 31 64 308 132 611 590 44 605 399 145 852 62 158 137 872 797 69 892 664 641 499 141 664 336 967 945 83 260 403 800 202 404 968 547 664 275 620 269 451 963 961 524 948 676 87 403 421 524 170 867 977 492 484 61 431 725 203 261 811 896 268 459 439 276 601 93 57 412 764 294 407 932 487 808 55 742 444 690 108 400 153 270
465 122 28 359 19 747 615 16 783 873 231 613 381 784 779 597 921 13 847 661 414 114 407 466 780 599 190 304 17 804 253 84 206 779 767 133 675 821 525 755 585 342 245 610 797 831 817 671 792 107 886 363 280 548 236 724 772 238 197 608 795 594 943 288 230 800 930 324 399 34 172 948 109 352 357 544 615 725 790 398 856 800 599 884 740 395 285 839 907 773 940 146 62 183 832 644 822 612 651 694
850 597 833 198 719 595 487 952 666 615 446 444 638 284 481 616 163 601 937 342 977 498 5 304 189 633 779 312 221 718 918 173 927 81 712 315 187 740 582 233 359 727 398 209 234 100 307 300 64 720 21 777 428 260 9 807 49 373 979 712 63 110 586 978 73 109 950 711 218 269 45 852 832 719 868 296 958 79 26 342 762 5 137 347 453 320 835 870 0 265 34 966 327 522 359 694 259 618 161 92
902 470 854 729 661 566 320 26 645 122 47 714 297 625 256 356 780 250 718 861 846 656 304 103 677 5 648 952 616 0 828 285 184 993 103 936 750 646 696 604 292 798 847 404 741 762 595 766 112 807 602 169 643 867 447 120 843 374 561 133 24 323 737 693 748 140 803 111 876 960 478 294 470 919 432 758 72 520 108 607 306 41 184 729 745 704 475 820 326 21 576 255 640 839 675 875 601 591 410 125
513 626 945 324 499 172 870 480 766 597 74 892 261 444 247 755 255 414 137 18 384 148 661 579 653 338 852 367 788 860 694 12 482 951 692 589 355 281 497 293 211 17 810 107 977 601 87 651 524 437 728 117 690 39 516 393 407 616 166 79 233 92 358 521 307 748 396 633 926 933 722 776 112 548 838 635 788 980 532 653 226 811 168 661 688 881 896 208 713 143 125 150 515 227 654 600 915 147 774 522
515 308 946 53 266 659 905 239 635 70 613 586 56 783 519 908 198 451 983 486 568 3 926 818 974 335 0 385 150 17 917 864 3 33 987 155 681 98 42 258 162 224 468 688 892 684 751 37 877 61 57 749 649 766 774 50 732 71 167 338 769 128 621 194 126 671 428 716 274 45 924 767 295 928 127 633 773 299 786 354 839 659 355 248 468 133 884 245 569 533 326 799 817 481 574 700 518 95 840 240
12 690 584 960 225 909 390 582 971 551 77 955 318 771 320 773 402 640 298 33 462 254 910 780 855 911 946 950 121 654 76 436 595 730 936 411 331 122 449 957 38 251 428 67 638 895 805 277 807 26 78 886 880 884 29 722 484 917 544 737 225 541 961 684 377 694 926 357 20 577 980 225 209 848 480 910 801 648 847 255 586 379 169 795 353 384 945 827 227 730 673 296 962 178 499 408 383 818 274 778
737 217 782 334 562 680 196 598 940 35 901 707 175 545 717 899 782 387 174 851 849 502 313 705 738 987 535 285 21 590 297 73 322 215 340 990 810 153 910 382 285 873 508 726 641 968 303 676 393 11 110 11 900 968 605 629 462 629 445 416 808 856 193 297 371 278 805 651 499 863 291 900 146 831 61 387 947 203 580 759 569 172 373 914 504 913 729 443 154 871 758 6 430 959 320 74 631 700 773 183
423 275 301 23 854 733 232 333 841 966 0 264 861 440 530 132 249 564 890 963 636 808 8 631 497 82 447 466 719 396 317 567 951 23 279 634 569 401 417 810 564 29 910 527 124 151 758 854 429 685 192 217 921 474 773 154 331 205 707 843 93 117 74 268 88 638 219 35 116 344 687 28 622 528 893 916 425 173 703 850 47 830 32 323 541 591 665 992 111 859 568 829 847 136 540 982 403 947 144 264
75 36 137 333 304 712 693 584 131 30 885 432 392 887 913 232 628 27 447 976 169 919 352 761 120 531 745 53 535 52 485 850 79 369 195 794 228 312 315 256 717 481 942 843 48 471 740 128 38 823 180 201 388 581 35 657 809 718 812 293 63 974 605 48 73 339 864 182 369 641 36 902 861 955 835 906 706 793 833 94 690 846 963 108 703 798 723 485 838 186 849 533 420 345 849 414 965 535 371 220
724 815 777 515 305 214 847 655 26 667 900 578 993 748 512 296 732 571 984 247 682 874 225 914 298 925 528 407 511 289 662 431 613 550 986 122 473 477 103 1000 743 322 309 899 511 505 730 746 877 757 339 744 694 321 438 771 766 275 290 578 672 165 612 263 958 107 704 881 705 374 260 268 701 677 942 280 227 639 17 821 237 87 670 482 976 298 138 21 916 148 104 31 928 451 24 225 527 528 655 701
73 771 306 302 301 280 973 333 73 825 56 679 342 986 821 216 199 608 141 479 74 564 259 581 925 661 504 844 360 209 412 232 500 577 581 999 616 945 743 171 847 57 806 889 336 418 120 376 175 682 668 965 759 862 639 276 145 388 546 872 769 589 621 381 708 385 116 448 558 437 663 161 260 786 450 140 581 410 965 876 611 341 59 233 482 345 542 243 730 810 764 179 704 238 434 695 383 771 134 5
193 508 51 544 515 952 115 6 192 735 117 490 9 562 724 311 928 867 712 454 347 924 866 647 952 233 229 302 785 29 398 910 156 946 27 211 43 429 5 348 110 23 390 294 412 418 802 781 389 119 745 99 783 16 918 545 169 582 278 678 953 881 597 163 321 761 507 736 398 414 998 510 109 758 828 763 895 297 300 993 112 974 4 16 958 536 534 370 457 801 232 574 263 870 812 652 695 392 161 908
50 852 584 55 875 6 817 321 826 569 263 691 743 277 97 174 880 945 505 212 680 926 636 405 996 696 457 639 499 655 291 230 360 88 953 640 921 253 473 901 945 667 973 774 742 524 627 39 904 773 194 503 673 447 871 130 415 306 773 110 374 127 644 158 599 397 970 13 660 360 843 288 897 94 258 863 722 252 962 568 848 159 335 303 510 43 246 484 448 157 689 71 431 158 66 404 719 332 645 625
32 309 917 142 596 99 892 593 288 688 706 368 768 394 833 502 814 683 418 448 218 799 833 811 365 566 112 459 854 870 148 656 771 885 251 988 335 126 402 57 128 611 750 729 691 403 616 663 852 945 887 603 585 132 545 913 963 232 36 950 132 900 561 98 805 810 342 335 664 492 514 804 238 764 212 771 572 488 728 804 275 219 349 422 520 710 462 241 74 957 429 597 796 38 475 538 287 957 524 253
582 196 883 299 147 111 427 868 223 369 992 832 245 29 463 943 122 294 420 513 392 817 918 794 804 690 366 479 222 271 862 481 466 720 492 882 997 51 940 417 146 195 90 160 367 447 190 175 499 827 779 7 27 535 777 16 634 393 656 649 40 909 848 623 993 343 878 283 973 338 725 119 70 598 878 133 674 930 100 100 303 534 641 288 100 898 927 407 365 41 456 342 901 246 641 755 642 112 894 588
558 744 930 197 715 684 728 284 539 193 166 649 575 373 343 287 179 792 41 598 319 709 840 829 711 632 415 1 205 385 910 77 206 504 747 871 432 151 163 619 581 922 31 981 381 499 876 1000 868 980 832 46 999 116 310 892 947 637 844 135 904 666 992 211 760 946 332 675 871 10 182 766 647 536 287 130 454 157 269 162 656 668 936 611 346 590 372 455 688 651 184 798 848 675 313 267 878 766 800 402
790 210 391 667 542 328 498 330 420 901 883 746 264 432 549 1000 192 531 105 264 274 907 20 366 510 24 794 982 460 564 898 245 923 111 502 307 681 206 253 792 966 832 104 465 11 186 779 998 830 522 706 909 707 857 537 832 290 338 887 173 794 53 275 954 92 165 342 510 127 334 321 684 132 448 749 728 591 43 640 267 41 512 437 391 806 215 159 645 782 252 594 57 878 387 480 456 271 465 108 58
877 207 247 42 794 545 879 719 53 363 903 460 893 439 194 125 756 828 615 274 478 328 882 661 650 981 365 775 283 886 63 161 260 36 27 839 22 941 656 845 270 178 300 558 8 710 10 622 327 546 317 303 85 549 594 412 281 310 434 14 741 790 88 206 598 380 584 386 350 676 503 641 254 109 517 67 210 784 190 334 464 451 876 705 718 365 644 652 500 435 57 210 872 201 500 184 34 659 157 551
437 578 372 705 710 666 167 613 402 958 117 126 753 720 425 580 307 626 832 202 621 130 492 245 394 115 408 586 125 958 139 563 788 536 952 172 656 557 747 474 112 408 351 433 409 231 662 911 982 163 455 361 11 46 169 286 9 517 961 35 277 722 783 828 268 831 970 244 173 100 903 190 49 640 451 222 203 11 1000 186 356 406 364 821 783 684 556 191 948 430 256 423 522 36 344 71 638 482 897 636
831 48 582 121 596 750 344 990 91 432 264 38 76 185 672 631 395 512 919 889 858 743 49 305 749 393 871 136 492 726 366 775 571 573 465 517 150 879 978 660 170 331 562 702 338 524 370 812 940 582 538 594 731 395 154 447 802 850 678 315 744 8 110 297 332 798 432 584 819 561 245 238 404 160 442 106 269 36 64 579 266 52 68 114 930 3 535 5 765 379 379 948 428 141 167 466 711 327 358 308
755 879 831 200 385 643 853 291 551 517 328 158 217 825 248 782 404 918 448 547 921 750 442 417 819 132 149 893 411 100 553 629 716 852 37 717 973 477 700 656 942 893 376 763 30 192 239 772 310 947 588 896 18 274 587 238 434 978 89 291 478 852 414 128 0 285 475 947 197 543 356 91 250 984 462 885 872 417 661 913 41 883 28 11 849 374 302 259 152 381 208 441 599 397 423 323 40 594 28 323
283 197 567 454 986 783 728 1 162 120 494 349 605 155 110 173 776 589 887 98 901 987 166 632 767 953 740 371 352 348 109 553 900 184 495 413 389 945 565 636 693 338 722 881 529 664 25 729 351 248 504 923 97 199 354 529 104 601 828 438 645 564 891 707 450 199 439 634 139 488 520 629 651 64 262 114 64 295 222 846 713 74 710 92 400 803 513 850 597 577 569 25 458 0 136 549 827 602 174 65
740 972 138 196 12 321 971 318 272 596 101 208 791 228 849 731 662 130 122 466 282 765 949 35 353 815 376 922 607 284 536 846 538 568 211 140 495 341 122 118 425 214 57 432 707 497 554 352 898 657 167 304 760 149 298 665 248 218 28 478 760 320 787 889 39 123 839 133 24 23 775 391 381 156 355 179 775 666 380 340 780 145 283 740 809 328 810 609 178 293 755 122 14 836 847 317 664 192 531 31
357 269 993 873 481 775 863 998 119 7 715 651 932 110 247 178 390 923 246 201 33 89 704 995 614 675 99 424 884 309 76 693 478 346 551 156 73 636 881 250 352 129 195 502 199 166 371 39 643 696 332 858 280 142 560 386 577 902 143 636 4 942 440 208 1 209 132 811 364 643 389 45 344 495 686 646 880 650 448 538 825 436 867 768 224 88 671 956 578 447 775 439 742 954 793 68 242 846 986 31
728 876 661 658 908 351 525 705 450 375 647 733 20 788 106 800 83 562 932 507 348 750 348 554 542 409 639 697 383 22 476 622 994 332 17 295 519 9 861 181 845 180 478 457 139 880 711 418 903 909 271 299 258 997 864 747 255 249 683 18 217 493 942 845 318 34 935 630 784 425 677 581 880 627 847 83 712 368 909 575 621 824 832 976 274 616 174 506 742 857 407 831 619 474 843 809 192 573 231 158
63 293 61 228 427 485 962 603 940 947 464 349 335 237 702 217 622 631 754 976 183 992 686 838 492 661 518 536 928 544 326 238 426 393 375 274 833 886 199 225 878 904 705 668 372 387 980 743 886 554 688 167 409 472 112 163 987 406 129 419 658 55 342 186 261 859 27 731 76 780 238 950 691 317 241 386 792 658 430 897 898 804 927 934 18 36 196 698 2 402 389 927 921 535 89 486 584 14 688 273
736 132 1000 579 274 588 664 263 603 186 987 450 881 721 359 482 693 669 905 978 536 989 807 565 603 644 433 617 782 196 856 799 750 549 524 845 862 229 75 187 311 283 120 212 243 458 718 849 130 450 514 911 493 84 286 162 162 877 610 323 789 795 658 154 955 405 227 904 227 3 581 643 848 130 60 912 715 328 379 907 531 766 964 193 513 711 62 784 104 331 326 479 296 364 805 483 284 376 739 436
719 307 270 953 398 4 548 556 360 598 916 128 249 184 97 708 775 17 771 545 488 702 950 218 373 243 427 253 285 406 378 849 760 769 649 59 228 945 558 241 767 978 181 43 252 680 539 820 795 873 308 65 553 962 670 293 993 248 171 715 887 224 943 748 484 530 441 295 979 883 455 186 613 959 84 243 728 587 485 534 875 441 831 165 922 457 931 432 386 828 573 189 446 773 837 38 15 259 379 937
358 937 563 315 322 214 741 703 648 619 683 196 13 833 256 69 457 267 767 132 358 194 327 750 857 838 643 525 319 869 196 166 862 808 853 618 88 620 739 157 559 977 835 192 499 958 362 201 533 167 538 910 959 623 751 888 330 905 395 675 214 966 811 134 72 275 112 711 22 65 576 803 156 672 958 216 509 893 810 207 745 722 21 625 540 135 337 56 349 984 322 14 541 883 262 934 113 256 372 208
808 767 991 932 543 178 399 535 52 7 539 632 262 984 174 907 940 824 878 91 336 973 485 690 853 691 795 334 759 161 383 853 32 410 476 974 547 771 875 489 995 817 288 297 869 117 625 462 680 844 954 680 373 889 560 408 534 461 761 518 52 164 535 880 369 840 429 709 976 765 266 497 936 601 452 806 846 950 543 670 483 230 523 294 690 224 844 545 719 72 77 872 770 956 589 532 843 873 719 156
760 153 810 97 290 111 392 636 420 893 852 249 534 879 170 494 281 729 894 183 914 109 591 273 68 171 433 457 308 459 54 508 490 540 521 29 109 459 104 848 114 120 674 45 558 988 219 97 245 515 170 973 289 538 996 105 803 655 794 260 74 966 735 914 754 44 534 593 390 900 602 752 180 781 809 539 861 777 680 917 107 331 592 521 766 335 733 682 12 627 669 646 367 554 388 927 215 466 255 450
991 469 799 950 552 681 219 184 215 422 848 276 832 309 850 155 141 215 969 435 98 3 291 594 529 217 951 224 12 669 750 255 738 615 62 463 404 150 417 313 108 977 419 572 215 367 747 91 101 68 450 778 394 599 87 949 60 344 526 778 708 328 728 370 762 137 525 655 834 884 906 584 220 151 183 1000 602 775 561 135 440 820 82 142 350 957 402 798 199 40 863 952 373 648 261 624 52 409 613 805
586 673 958 491 160 177 492 514 216 92 782 307 936 160 695 485 912 260 985 162 582 883 273 720 479 329 143 9 389 872 698 918 471 908 568 768 707 992 530 490 956 590 691 970 110 422 833 805 85 150 424 165 428 327 344 766 516 797 516 967 969 626 91 579 842 616 929 391 311 73 76 282 887 187 248 237 230 733 740 267 555 531 127 828 293 424 815 190 144 825 375 544 524 64 678 983 807 717 985 897
101 206 302 651 259 25 879 114 776 341 679 679 370 683 809 641 16 159 554 954 975 992 31 958 218 562 806 827 166 58 628 32 788 906 516 30 606 951 862 456 820 963 680 21 947 407 439 218 162 600 445 324 938 548 520 261 804 330 479 541 134 385 136 488 831 818 720 781 60 767 184 5 755 947 83 118 42 561 248 306 403 186 718 927 286 711 659 879 336 754 528 676 820 886 855 649 218 134 374 84
219 431 779 211 910 437 43 210 84 773 592 960 995 356 423 326 889 28 191 858 998 766 801 507 136 728 505 459 191 307 8 97 900 771 167 18 655 130 499 155 559 738 756 345 286 953 929 902 815 492 441 982 760 413 28 807 741 828 53 707 464 417 913 437 219 346 936 181 446 205 243 732 261 753 335 873 640 688 104 464 592 214 696 523 386 258 994 841 707 383 283 56 655 557 236 763 348 313 763 327
143 217 592 710 923 782 843 840 816 543 872 869 832 738 58 630 208 742 561 816 898 77 445 749 134 216 781 605 299 51 548 848 225 165 85 640 462 379 943 809 371 621 256 747 913 683 15 213 92 741 42 314 42 516 961 258 131 133 521 32 457 789 173 122 87 411 160 211 78 893 133 681 620 770 296 303 101 871 595 141 615 188 787 594 13 264 944 185 216 654 233 705 895 90 729 745 364 375 593 771
551 242 144 356 649 586 399 996 613 523 222 637 657 907 539 845 71 528 131 979 245 88 711 825 864 177 565 79 778 749 28 926 946 176 254 419 427 493 849 776 235 457 461 844 648 136 411 466 900 444 747 558 989 174 371 299 993 568 124 31 991 851 883 596 864 117 286 87 51 925 225 701 683 318 720 491 175 232 919 438 393 759 516 499 577 915 453 741 924 285 563 948 275 426 960 816 841 291 898 399
660 973 517 284 910 504 380 130 535 61 220 390 104 405 649 665 657 541 970 949 628 311 870 574 251 766 877 449 251 541 947 58 96 581 68 647 742 211 138 934 597 82 713 364 108 164 194 700 972 947 552 125 490 179 771 443 507 537 994 327 827 336 894 596 929 993 821 722 309 84 509 147 234 773 432 967 809 125 878 7 179 32 317 90 208 458 61 766 278 857 651 970 761 613 94 882 5 465 250 983
311 95 204 807 589 280 492 641 797 513 266 820 551 472 454 28 523 391 217 564 395 535 669 248 167 228 778 676 849 248 297 334 674 405 789 656 713 16 859 682 114 670 142 598 460 746 371 848 938 859 197 99 451 349 871 747 483 560 374 802 428 55 701 522 478 469 466 548 290 109 539 429 837 173 461 4 390 926 91 676 454 218 18 972 607 574 169 276 236 175 425 670 598 11 203 438 641 942 761 430
406 949 336 488 208 340 927 817 979 355 868 995 991 434 554 194 463 738 623 241 498 475 172 913 907 476 568 561 811 632 191 338 546 492 2 135 338 900 971 210 793 478 331 564 873 865 272 25 695 447 265 370 536 928 809 435 72 719 943 379 795 290 660 436 139 707 409 585 78 639 851 294 13 865 483 583 696 827 736 539 407 106 752 83 68 121 795 416 637 220 471 33 348 80 379 113 948 772 927 127
652 882 294 748 184 359 259 640 955 93 732 645 497 322 317 733 755 711 313 703 737 309 390 901 42 177 686 841 608 565 206 852 17 624 939 715 592 611 983 119 916 598 203 649 417 596 403 350 460 978 958 691 300 760 248 78 114 388 252 455 44 676 119 335 716 391 953 624 458 423 863 948 446 708 321 517 287 312 927 168 803 37 827 428 861 743 62 932 822 105 848 769 687 850 517 320 698 760 992 854
619 788 427 60 956 326 545 104 365 711 528 386 381 258 489 731 628 840 684 284 219 545 209 833 300 84 87 661 75 761 916 684 816 416 333 109 358 998 912 383 229 418 682 370 932 854 893 299 181 909 257 552 985 113 821 602 935 272 56 757 383 853 226 258 478 277 515 655 445 951 417 204 599 669 154 363 401 346 842 45 679 968 953 396 176 688 812 791 173 82 948 575 274 71 270 759 220 93 58 850
442 913 649 843 845 543 686 255 492 195 808 765 468 904 759 471 732 26 367 586 77 526 785 21 375 908 628 809 186 895 422 769 992 93 833 234 938 628 250 587 908 114 524 467 701 472 957 428 940 423 884 979 869 783 629 180 109 722 699 468 989 890 476 682 643 540 549 435 722 608 896 249 594 721 967 416 311 477 852 10 596 129 440 217 985 41 873 744 217 799 673 125 483 436 888 249 1000 633 273 454
755 969 829 895 129 285 267 646 410 611 549 43 929 256 893 468 862 831 700 561 409 840 253 156 704 442 134 292 438 544 617 230 471 121 459 897 151 502 330 614 306 88 532 467 801 588 410 898 524 766 939 986 774 470 952 141 495 931 65 382 22 537 821 274 341 584 200 261 561 654 145 153 494 683 572 345 409 73 608 903 635 362 215 883 51 178 567 359 21 197 426 702 757 416 318 253 961 650 791 940
937 267 58 771 158 959 571 988 638 529 259 281 64 949 425 794 757 905 322 815 69 77 530 122 1 993 909 730 550 117 760 614 424 549 158 71 751 212 362 438 417 503 987 711 828 986 345 22 296 898 432 506 184 64 487 588 269 202 450 908 193 546 381 128 21 14 88 16 253 890 747 831 313 973 297 233 221 844 959 708 923 2 610 41 426 625 474 621 512 398 965 453 583 823 219 818 114 587 910 609
768 651 267 532 434 443 869 296 248 611 982 112 35 406 498 344 734 756 90 883 961 685 493 235 483 986 229 835 188 889 459 335 2 214 78 795 761 307 741 508 61 576 456 488 381 42 629 486 867 280 493 346 620 264 101 851 494 258 445 218 249 444 103 78 904 880 297 10 650 231 331 702 169 941 930 6 303 776 481 904 54 34 369 729 414 256 16 71 76 280 659 873 318 540 207 242 315 127 442 404
601 689 807 690 494 878 47 71 3 903 873 811 391 149 3 122 651 507 961 195 761 18 75 937 762 989 934 93 203 548 158 808 145 895 817 896 523 197 268 729 189 688 956 178 329 238 605 892 947 508 922 254 276 183 669 682 635 37 432 4 845 191 347 365 599 788 654 865 593 628 379 806 620 385 249 771 176 903 16 409 856 68 135 323 497 760 943 650 537 272 762 495 537 127 471 261 447 6 570 908
885 515 988 190 29 564 638 797 629 536 408 788 467 319 661 434 430 349 575 908 747 739 215 898 853 215 512 995 848 510 603 484 51 233 931 154 861 212 94 74 436 336 738 68 120 908 71 626 971 730 670 197 110 727 935 264 942 672 113 590 836 978 882 866 907 307 511 567 866 522 128 196 639 856 385 925 25 830 769 249 450 297 51 556 728 154 386 417 563 96 558 0 172 957 686 780 24 940 888 577
708 190 239 614 279 417 5 154 927 528 799 518 669 577 51 14 896 245 439 694 313 263 349 553 282 299 652 450 881 674 740 6 686 608 310 781 374 556 242 738 636 224 158 965 711 38 523 143 747 462 653 944 944 552 930 797 507 964 883 839 670 171 797 952 541 558 324 878 972 966 789 453 884 221 224 473 567 743 148 846 652 483 399 185 190 324 773 210 958 989 90 947 146 620 802 111 631 470 631 191
742 414 330 888 520 72 438 646 904 418 477 437 266 152 51 662 695 538 476 42 193 261 931 815 14 332 143 668 567 648 620 689 141 739 833 397 467 113 528 258 976 399 20 13 726 319 136 816 479 507 634 894 231 104 211 602 480 862 118 426 755 668 467 205 731 560 509 814 737 280 420 187 513 468 63 48 420 268 965 408 293 360 588 991 6 537 640 586 240 966 612 540 126 529 782 158 243 748 536 600
126 785 882 967 486 355 418 831 765 368 492 756 260 437 464 573 746 921 791 261 422 49 58 481 27 150 693 47 208 275 627 548 827 240 533 834 78 554 191 175 127 961 946 251 638 914 994 623 792 608 832 580 459 447 145 610 845 228 198 770 718 177 738 586 338 978 373 245 606 760 630 983 362 941 969 371 947 365 948 88 769 626 725 896 696 226 618 894 601 787 200 646 587 721 333 735 116 430 938 111
670 820 352 491 133 147 977 747 425 95 263 409 756 766 926 777 486 131 887 30 221 341 961 210 163 840 134 562 500 822 205 692 39 295 523 703 237 416 600 239 253 930 250 29 939 772 946 132 187 977 157 572 181 930 471 490 554 755 650 676 719 545 628 805 26 852 209 742 445 331 365 218 273 283 763 842 997 395 218 461 884 775 819 737 293 496 752 366 92 520 645 719 174 103 334 491 904 248 183 924
721 459 381 143 300 125 50 336 468 146 377 177 22 761 150 780 222 147 836 675 777 783 59 885 996 597 588 576 728 426 691 771 746 404 533 762 884 961 443 679 400 515 415 79 348 545 863 910 444 997 835 454 705 233 828 409 595 461 156 184 90 955 805 358 834 59 553 875 813 708 977 598 172 510 852 148 750 804 904 34 764 513 319 479 990 716 461 292 393 178 388 413 277 416 699 905 437 120 543 521
274 476 182 353 968 883 309 987 156 224 688 180 531 27 360 141 133 438 350 790 484 900 568 426 318 744 467 544 808 334 203 592 879 844 240 953 0 820 862 64 764 510 995 945 848 404 319 713 916 153 348 751 773 434 495 144 215 815 763 748 602 629 568 788 485 67 226 728 4 176 414 458 856 452 37 792 769 426 309 657 295 847 236 382 326 975 331 899 526 120 446 271 273 276 872 905 596 594 169 101
246 956 807 45 143 102 61 36 935 161 346 274 415 389 769 242 768 489 24 644 900 271 927 285 902 631 126 235 342 196 803 313 47 817 116 506 473 257 80 546 280 264 200 935 862 647 8 115 717 530 362 519 392 988 845 461 213 688 123 356 615 345 179 864 570 792 578 497 949 437 533 915 714 174 95 985 500 139 771 315 697 75 278 596 329 511 290 550 59 658 462 639 375 688 187 319 565 303 117 962
557 154 212 94 388 731 790 20 541 570 986 977 535 955 945 121 452 941 522 841 678 529 702 240 18 195 973 845 127 986 516 529 723 361 708 394 918 686 788 713 966 426 27 912 718 18 292 264 840 882 678 381 657 747 335 273 99 360 13 739 250 84 884 717 829 466 422 502 590 894 503 848 413 234 415 852 898 487 760 261 128 716 196 586 821 458 153 307 256 191 371 957 808 273 961 17 318 444 167 421
430 782 699 241 74 426 948 825 448 224 261 670 36 519 736 857 788 546 435 756 846 90 294 267 899 878 261 811 982 666 915 818 655 856 887 167 671 72 456 627 194 766 988 95 516 219 216 348 752 513 292 210 269 385 900 408 630 794 931 545 460 830 238 811 647 826 460 495 883 130 290 410 655 209 411 516 178 795 240 445 971 952 962 968 48 323 593 230 284 729 406 379 905 957 24 614 2 829 653 384
195 8 75 107 350 35 260 791 509 987 484 368 665 198 805 912 203 171 692 405 675 39 786 33 784 765 696 594 793 449 368 838 391 345 316 220 542 906 907 609 570 433 736 604 643 593 389 967 862 69 199 31 402 397 658 949 260 586 935 905 397 225 917 43 108 569 509 84 115 373 936 202 878 438 973 352 772 17 526 340 736 993 922 666 830 80 958 108 108 980 9 674 334 714 509 489 784 240 208 291
321 951 605 34 672 107 325 559 874 811 113 138 214 693 522 404 769 846 654 137 877 517 848 616 85 91 574 822 981 447 912 744 657 367 707 983 486 486 287 365 90 620 19 230 733 248 116 890 344 160 451 834 654 895 47 821 843 738 104 786 226 163 244 780 228 100 45 209 385 420 297 14 308 420 828 620 675 636 291 173 635 61 217 597 496 95 905 37 850 368 632 394 638 88 101 173 8 357 61 725
575 438 370 170 537 357 922 12 67 283 213 590 897 333 823 284 19 816 232 125 532 420 543 952 865 265 348 833 775 125 629 900 652 634 806 471 354 926 593 772 11 42 766 776 82 280 86 536 328 569 6 537 272 859 240 197 818 417 58 501 259 441 13 473 212 147 246 181 885 165 919 566 494 452 650 54 475 462 407 684 511 514 989 173 538 329 171 321 455 675 482 151 5 550 325 116 469 463 697 879
345 148 955 660 504 472 401 28 725 681 554 768 50 107 372 888 510 114 7 250 386 19 12 538 849 649 262 372 488 366 195 36 896 6 684 488 152 701 388 30 890 621 632 811 129 906 115 512 523 35 396 315 853 159 781 590 40 736 101 293 214 757 975 315 67 217 843 430 868 62 948 320 549 796 390 906 626 857 702 67 240 615 413 754 923 911 900 476 920 993 193 80 860 939 550 634 221 46 147 228
365 326 490 459 238 274 95 820 849 1 407 173 251 177 371 931 770 883 284 92 456 557 938 307 203 783 918 1 169 858 158 787 30 839 649 405 923 887 730 632 78 702 502 49 375 816 860 219 328 182 666 174 838 166 779 215 314 263 319 926 791 305 955 571 359 13 296 814 204 957 356 220 380 496 90 479 367 185 300 184 497 349 602 0 895 86 617 246 171 233 823 803 190 745 558 467 885 349 115 336
253 930 68 52 711 99 5 993 613 934 30 506 995 676 254 40 416 222 217 996 503 380 517 503 697 376 321 927 230 823 933 669 87 619 445 609 242 780 498 510 240 147 597 659 652 156 470 228 963 723 790 516 576 862 130 46 139 737 340 389 48 468 890 934 763 812 910 965 830 561 571 856 824 552 303 737 946 370 600 900 589 777 122 90 75 382 647 673 156 108 785 550 489 598 336 862 434 277 305 896
185 693 979 90 355 997 400 243 483 855 944 702 211 812 42 609 416 755 248 384 704 352 582 869 119 965 558 693 412 323 924 749 219 915 656 266 838 181 95 799 159 530 270 993 377 840 576 421 686 364 980 933 126 416 600 804 842 524 320 415 674 623 154 277 379 231 419 612 991 385 251 672 183 381 603 545 101 557 863 89 885 143 439 462 653 496 266 63 84 30 459 349 634 423 921 126 266 638 755 131
830 343 772 518 22 224 854 104 62 161 485 481 618 902 804 534 331 488 944 534 588 37 158 317 488 187 527 966 459 76 102 137 241 591 712 762 800 714 494 494 405 495 655 585 463 106 212 444 376 439 601 710 459 936 534 983 721 77 862 572 218 610 224 547 749 483 46 187 817 328 609 548 447 497 778 354 251 236 142 367 528 149 831 856 433 349 87 338 302 617 950 1 985 673 656 498 111 198 524 478
484 789 600 925 878 646 298 181 267 588 758 304 117 282 620 585 675 611 349 631 140 755 31 26 47 501 119 625 485 410 221 244 134 330 206 272 65 990 549 879 896 596 659 885 238 246 96 366 117 968 371 93 142 566 707 371 95 291 438 629 106 131 186 744 870 482 943 147 956 404 983 645 564 839 375 188 220 660 859 645 774 480 301 272 130 436 150 19 1000 214 743 257 250 399 403 427 37 463 756 460
865 42 903 314 68 459 374 37 289 32 618 868 795 998 164 629 770 81 198 530 194 729 46 1 829 600 953 221 336 680 747 376 75 780 824 734 393 836 189 753 586 404 696 972 341 880 564 690 666 125 559 949 777 677 806 757 288 959 853 798 876 100 928 472 237 317 527 43 304 274 118 678 847 765 660 764 751 224 480 894 248 193 728 724 511 708 233 309 4 920 114 958 590 382 941 572 859 255 352 214
539 567 48 174 516 321 544 356 955 299 256 239 867 607 620 837 794 701 789 598 650 542 767 826 319 16 563 596 10 869 476 685 440 413 308 196 659 115 847 641 677 205 160 492 688 959 400 33 691 691 840 980 605 559 734 842 908 454 245 91 224 734 270 915 204 132 603 276 403 963 301 312 284 898 346 788 627 606 288 785 649 661 755 518 691 46 720 689 103 338 478 528 88 274 859 245 183 462 90 220
757 956 51 877 746 824 320 60 498 389 898 22 103 110 372 6 239 831 617 534 58 5 634 641 308 9 11 711 444 167 784 642 725 613 232 471 474 205 303 315 36 220 157 431 789 614 971 631 586 783 364 356 76 978 314 16 777 456 332 847 621 213 667 167 880 801 747 491 443 701 954 440 329 501 519 763 479 710 883 25 117 260 984 375 542 913 574 955 201 603 106 856 975 92 727 153 997 696 327 346
633 869 364 19 771 545 89 475 174 733 206 937 354 765 247 878 80 245 249 684 690 576 566 483 432 243 507 214 789 965 435 170 930 965 798 814 595 316 119 767 886 497 670 670 696 141 688 351 454 242 119 115 769 718 469 521 277 137 329 614 24 93 698 746 153 471 118 544 902 130 874 164 300 442 665 175 884 922 211 164 715 490 166 748 756 265 495 753 274 649 103 710 27 584 4 703 428 679 682 733
175 442 856 51 983 62 638 881 299 92 186 943 369 52 592 964 442 822 602 28 737 84 923 232 878 981 508 753 611 919 416 289 58 491 393 425 65 777 873 391 960 190 304 388 171 568 856 444 414 69 403 779 467 97 603 34 98 22 429 149 694 878 707 888 271 478 428 289 776 519 840 447 553 54 851 147 760 961 374 543 15 19 427 616 68 461 775 906 323 582 28 636 203 103 285 867 75 313 937 365
52 230 155 434 869 550 995 175 380 85 127 992 859 475 201 436 131 69 516 780 362 677 286 612 641 64 11 245 196 506 870 97 504 790 936 516 228 122 751 818 702 192 544 120 591 546 498 972 764 248 637 174 183 871 296 406 427 860 384 960 920 89 92 897 357 430 512 167 922 896 437 417 516 864 719 492 489 916 457 148 298 781 738 797 218 168 817 628 117 981 99 258 657 945 215 263 184 335 187 664
807 221 727 904 250 690 120 934 547 720 351 168 925 705 263 590 817 126 807 419 351 251 350 988 920 6 891 331 179 445 77 312 533 787 691 161 225 624 3 489 351 258 231 981 467 135 266 200 554 779 666 194 139 223 812 464 51 849 515 524 473 33 163 87 132 173 76 761 901 612 756 635 346 254 973 764 65 689 85 667 245 407 158 202 226 537 829 900 150 388 559 906 916 901 389 412 603 166 438 314
337 182 188 951 533 133 297 987 880 936 784 307 75 720 267 142 914 531 77 255 425 613 485 733 369 500 199 510 793 241 924 604 593 842 2 197 898 863 138 353 449 791 853 447 44 690 84 4 294 762 376 301 507 639 926 489 410 117 716 632 581 181 878 949 915 583 834 378 149 731 736 163 835 106 190 941 104 684 469 557 434 631 249 656 635 730 632 484 480 83 910 167 632 940 814 515 840 877 22 236
977 548 666 725 379 905 80 565 765 869 741 413 148 714 928 865 810 258 300 328 410 906 714 340 360 58 703 716 865 445 94 885 855 15 333 180 440 300 292 593 660 635 804 707 800 294 415 667 715 188 843 234 89 475 829 706 372 481 888 891 347 603 571 378 684 415 926 776 799 546 808 403 856 236 703 114 2 245 712 662 733 16 923 57 323 592 277 275 185 800 432 540 185 559 202 224 652 578 210 513
167 514 355 476 772 346 801 704 125 854 341 480 286 2 272 903 985 781 692 594 85 686 999 655 797 556 189 422 402 351 153 241 875 867 132 770 732 993 667 295 382 712 188 158 520 207 66 351 231 201 532 632 684 636 561 602 957 15 81 349 424 978 494 121 174 400 685 775 505 789 905 771 82 127 398 246 163 5 925 851 674 11 173 64 367 817 859 849 714 771 935 498 242 593 338 701 216 566 648 790
434 611 571 29 757 212 608 46 100 752 332 839 558 945 475 266 131 552 331 199 944 346 505 83 354 247 224 599 320 214 675 300 595 395 229 868 3 80 423 487 136 574 834 467 360 35 391 292 137 503 711 867 510 611 735 77 530 342 868 626 472 437 790 789 808 53 799 103 402 276 970 861 467 327 312 298 222 738 131 300 487 240 696 719 667 315 634 220 661 448 605 952 376 102 241 23 239 530 524 848
467 107 230 174 812 928 145 239 209 937 274 196 274 395 929 461 888 131 356 856 707 398 253 507 351 198 892 622 922 600 948 857 256 837 618 335 472 800 766 69 110 404 733 748 191 420 501 711 674 656 112 174 474 777 828 471 147 866 270 843 367 619 912 4 877 545 351 761 865 465 684 941 177 387 215 479 659 455 874 814 40 597 754 495 473 408 476 165 953 885 893 607 810 96 619 524 531 100 237 961
158 620 304 679 431 393 550 667 343 604 146 254 269 352 997 679 70 881 419 793 91 435 142 249 898 573 204 489 380 393 186 270 133 871 514 826 851 171 438 346 102 821 957 295 923 478 125 242 344 334 676 983 653 733 90 752 8 520 355 742 119 189 646 494 219 321 857 622 495 996 553 81 515 636 621 866 71 203 748 136 523 186 868 373 543 569 458 916 777 207 871 615 236 748 632 225 17 105 371 276
