1000 100 100
173 609 939 330 191 14 197 31 62 974 452 123 974 401 304 66 982 766 323 275 997 557 638 916 886 355 293 525 144 601 903 527 888 279 441 72 936 932 409 617 832 537 834 954 849 25 545 858 338 440 293 942 476 573 60 31 452 277 936 187 137 634 814 540 670 765 784 375 984 146 579 561 411 490 553 642 894 920 342 161 618 533 282 308 355 373 536 330 297 699 931 862 487 39 577 952 864 574 395 37
527 410 998 610 993 536 757 733 25 349 46 230 876 414 34 631 597 497 136 763 966 284 145 572 809 883 67 459 268 811 776 908 996 128 420 410 157 524 559 301 526 839 388 514 140 713 253 677 695 437 839 47 9 244 485 172 536 809 450 757 920 197 45 360 275 291 895 703 331 517 18 685 706 229 578 233 79 473 936 413 93 155 36 453 971 97 449 339 5 570 534 252 18 400 965 12 465 346 521 984
675 662 943 426 868 493 138 259 931 720 145 915 65 146 453 732 357 726 405 445 638 700 132 824 530 65 747 80 594 689 285 175 769 726 949 758 72 880 110 923 63 593 521 463 934 215 331 157 829 300 633 728 635 522 905 88 162 516 277 869 433 893 540 231 693 78 480 789 659 301 586 834 723 181 952 324 288 878 598 958 333 622 621 535 244 533 104 118 260 6 0 193 147 805 590 611 785 49 206 620
734 581 865 102 830 775 692 127 796 279 431 664 746 211 633 182 842 341 193 250 135 622 629 632 292 303 471 140 452 182 734 177 377 297 544 521 399 820 492 133 33 373 424 898 843 429 16 472 916 844 139 276 541 764 847 546 279 274 363 62 899 953 406 332 317 724 921 630 23 536 73 444 894 64 959 356 93 793 484 636 317 426 681 144 207 102 819 439 912 57 17 280 164 229 11 8 705 260 67 629
106 494 955 227 641 967 161 689 173 93 381 320 118 83 629 409 687 302 80 462 842 240 609 938 615 890 84 721 255 391 728 955 206 975 796 56 796 632 217 132 200 288 951 458 538 786 94 646 527 954 330 743 959 327 948 878 718 163 502 259 111 276 996 3 935 337 229 490 434 973 973 910 951 895 789 178 524 177 78 851 24 784 836 612 359 943 396 568 898 758 953 591 204 120 667 281 339 45 417 894
723 208 387 997 200 191 329 294 554 177 603 415 474 679 115 634 62 502 363 593 540 643 752 68 194 783 141 75 502 836 840 150 27 6 483 587 543 837 928 313 262 170 332 417 1 676 492 28 763 67 253 799 977 396 511 37 909 452 968 534 264 521 474 281 491 281 974 5 47 199 3 347 150 227 403 212 256 511 526 360 233 176 234 354 957 416 716 617 187 813 416 827 694 342 689 570 313 840 187 588
707 821 937 124 990 438 614 190 143 785 729 943 111 184 742 948 9 87 991 155 482 496 412 165 368 842 292 532 265 293 508 559 223 100 141 734 862 997 967 495 757 304 57 847 283 320 57 189 40 628 559 652 777 428 785 472 581 50 748 791 838 543 191 142 455 860 418 425 818 861 59 167 434 192 48 587 775 48 274 840 177 327 420 341 996 832 551 192 318 107 88 894 763 446 767 792 634 356 850 841
142 818 899 151 293 306 402 524 125 624 745 647 698 663 92 650 289 143 889 839 597 360 359 880 957 552 672 94 912 258 322 836 435 996 945 315 468 535 367 811 819 848 95 873 591 738 302 514 771 538 701 653 858 324 903 334 115 144 806 505 264 676 968 715 155 127 844 146 331 124 853 707 484 172 951 297 904 634 65 997 831 622 216 480 237 41 480 803 263 727 770 129 52 972 670 385 709 504 387 285
167 880 93 170 136 924 948 761 261 807 585 81 46 410 117 834 290 614 351 351 97 159 566 590 332 707 274 161 116 472 788 731 10 540 898 281 195 17 860 356 125 1000 122 999 205 881 835 264 969 537 439 846 302 53 403 693 985 391 887 136 812 8 529 553 208 628 242 770 765 344 603 678 167 904 353 604 542 842 100 271 766 944 510 501 879 528 120 305 510 986 461 133 663 40 164 4 606 851 471 20
440 868 836 906 920 589 488 615 45 500 928 659 714 849 814 713 11 517 942 717 24 406 813 488 714 172 469 338 841 854 945 128 764 634 815 986 378 970 265 33 318 525 376 736 635 737 630 795 979 814 812 607 362 49 716 863 749 212 240 696 434 451 900 437 321 517 582 651 921 612 185 726 650 694 645 203 78 236 966 737 155 18 920 941 707 661 623 545 920 450 875 181 552 824 164 140 537 826 883 575
513 166 834 769 72 266 119 8 385 776 172 247 755 304 598 126 184 520 94 724 105 835 415 373 70 414 700 418 751 882 6 422 75 402 878 818 488 876 25 15 507 445 985 74 100 436 219 840 592 960 552 264 270 457 688 11 683 495 657 762 688 315 133 359 390 43 25 294 712 286 17 844 49 800 245 9 792 368 275 631 254 461 484 931 650 628 650 916 634 424 4 68 240 797 179 645 857 883 36 228
426 777 396 571 802 413 488 157 714 448 270 209 607 242 441 417 849 448 546 740 160 343 978 409 532 412 315 795 499 938 601 192 484 297 539 273 989 289 961 564 342 782 100 9 134 56 480 82 568 230 738 640 475 507 172 178 608 895 883 177 803 819 592 155 250 475 933 47 113 568 390 403 980 550 581 558 37 942 504 300 17 893 505 970 216 707 981 531 880 522 46 242 913 658 958 547 93 47 689 174
60 997 954 150 716 808 311 965 574 0 488 99 873 289 58 861 59 811 195 236 981 747 232 551 389 525 155 556 515 445 680 410 152 46 960 141 474 617 758 957 485 756 864 670 493 988 596 629 356 598 16 482 667 181 916 209 803 278 311 381 669 326 168 210 166 436 348 434 844 338 462 594 717 776 80 418 245 1 172 494 824 498 678 565 754 339 397 195 20 205 289 283 124 230 213 566 621 910 968 287
173 158 828 463 708 680 689 892 567 548 491 106 86 332 186 471 298 683 900 667 660 39 682 140 987 479 487 162 490 801 759 663 176 626 601 342 912 88 735 648 192 415 541 269 633 29 460 706 621 917 109 909 123 22 405 346 362 278 376 775 416 363 964 153 234 600 438 491 655 351 140 994 53 467 871 516 196 552 265 787 931 398 127 69 756 227 326 387 712 668 425 405 487 676 857 663 557 437 755 190
816 207 281 49 676 190 763 637 606 451 869 921 21 212 197 614 98 837 649 823 440 230 460 397 539 399 629 869 607 173 348 839 702 306 791 225 536 909 712 731 720 129 599 963 952 828 502 876 461 629 774 52 565 491 975 40 648 445 814 861 798 543 225 341 606 587 934 438 29 944 411 456 687 191 95 633 354 581 407 878 26 900 134 231 216 576 966 215 73 65 363 223 33 470 993 684 756 345 144 312
489 418 812 421 654 778 642 105 433 51 401 717 915 542 991 867 617 112 806 30 279 102 219 721 822 654 801 215 263 40 898 51 109 777 998 88 692 608 97 4 819 30 982 544 800 341 292 308 120 708 998 30 689 858 957 622 206 306 84 489 826 936 159 182 908 960 893 482 385 873 498 583 468 559 940 853 56 551 738 96 469 135 842 49 532 54 325 70 287 797 372 247 848 545 767 759 940 813 678 803
5 960 518 385 721 514 213 105 162 142 853 226 548 427 505 639 434 655 176 45 806 49 929 888 717 7 270 755 216 119 939 94 322 302 307 410 938 588 391 351 21 842 531 151 872 553 319 530 847 355 913 742 280 810 51 791 79 401 717 389 152 481 739 83 240 835 928 120 502 887 716 184 682 978 75 534 421 751 529 322 782 444 313 354 239 27 168 161 455 320 171 716 328 905 687 292 102 968 506 24
613 813 44 273 39 507 643 586 222 581 136 29 924 598 604 306 684 706 507 763 52 400 63 818 946 722 288 557 945 684 903 553 560 87 439 614 885 355 857 497 585 220 469 385 20 445 5 584 923 143 410 700 439 986 340 73 512 113 131 106 155 163 303 84 711 710 794 421 740 33 990 977 647 947 370 206 332 659 747 748 120 983 428 89 268 793 161 50 339 333 918 160 353 992 119 59 707 360 545 296
573 42 874 925 785 186 110 541 308 286 224 687 248 423 438 998 869 882 17 833 133 444 653 146 699 988 622 497 698 117 892 538 493 31 276 281 345 894 832 411 159 725 604 990 636 200 809 940 941 757 452 861 674 315 924 53 51 961 933 533 551 60 792 998 417 316 298 896 369 629 766 816 390 801 873 795 14 337 913 701 809 656 526 416 750 750 190 388 991 155 877 606 874 775 722 609 280 573 588 707
326 878 891 831 395 259 967 125 582 523 401 305 200 905 294 492 103 949 520 7 61 658 187 756 418 938 60 713 338 587 690 294 60 699 147 754 770 617 622 893 635 544 902 407 481 131 859 940 683 878 563 893 156 842 771 112 458 436 259 669 514 290 803 836 986 596 32 135 127 794 674 858 409 525 279 234 55 715 767 709 876 891 823 835 21 416 177 926 369 322 280 330 437 935 783 317 640 839 199 372
621 51 182 765 983 427 128 720 138 681 984 924 85 838 480 109 255 87 877 54 919 795 581 750 813 455 764 69 135 463 506 116 529 279 396 365 544 304 912 304 79 458 750 76 700 622 777 654 338 248 320 999 464 426 264 174 764 773 985 203 641 87 445 400 431 843 856 955 63 109 917 580 222 708 540 426 184 445 429 742 14 722 807 140 683 131 555 732 113 473 903 233 103 381 71 177 852 603 663 133
411 94 773 572 85 348 975 228 2 572 845 582 496 812 292 375 25 622 810 808 215 811 400 653 828 539 728 480 882 887 434 555 980 46 895 811 697 312 241 632 903 124 998 306 724 778 726 138 488 571 763 37 187 681 247 138 381 42 54 189 885 812 519 606 811 356 814 159 790 325 981 351 27 837 833 447 803 933 552 776 85 683 733 105 77 284 682 965 268 87 555 267 447 434 443 24 938 180 945 686
897 471 646 92 360 705 786 932 796 443 270 561 156 554 414 148 156 213 50 192 968 918 931 43 294 328 435 226 605 346 162 257 805 49 728 169 534 426 464 971 900 738 960 721 109 637 353 140 179 154 203 556 377 704 738 954 920 819 620 883 197 482 423 563 472 620 890 919 216 948 969 753 726 523 639 878 855 267 408 614 303 393 568 572 186 407 869 645 310 330 380 369 396 205 950 218 117 580 228 1
420 38 231 336 310 734 970 437 468 770 958 264 884 836 392 989 396 643 579 945 594 267 474 697 797 376 412 801 483 391 649 15 501 779 290 31 624 482 576 785 169 797 482 718 182 708 979 213 58 623 335 967 104 881 224 119 162 226 186 914 482 656 196 357 789 22 122 554 781 87 394 42 930 994 772 486 483 320 605 922 721 555 739 639 341 980 558 330 273 116 662 371 38 23 323 909 887 27 846 572
79 661 295 775 520 609 957 401 724 191 629 258 762 901 798 409 647 398 857 92 700 328 62 709 44 429 395 259 647 440 233 778 521 384 475 644 822 751 537 184 626 644 838 299 779 536 842 654 801 792 33 724 972 889 103 740 219 704 817 794 418 104 1000 725 882 133 168 33 845 76 88 939 143 278 565 693 51 689 160 0 341 980 772 667 375 481 333 323 359 261 50 745 908 312 973 853 714 978 750 502
710 702 147 25 570 459 165 94 285 1000 320 485 795 575 870 687 953 662 563 753 371 133 80 966 117 148 91 351 117 125 142 321 767 815 588 112 122 318 557 995 625 986 31 262 789 84 79 472 357 27 303 230 713 372 31 41 354 214 466 814 866 386 542 103 364 215 266 936 822 334 833 841 766 519 268 825 921 154 930 303 995 510 62 431 439 813 561 221 689 509 382 657 265 125 15 3 916 163 790 531
50 424 970 617 768 630 669 596 886 32 596 526 751 282 36 59 198 813 815 762 64 808 881 531 833 748 698 43 983 809 512 445 625 714 234 867 436 84 471 900 747 408 423 200 640 650 445 682 497 383 244 193 704 831 613 197 573 758 967 83 194 329 748 211 43 472 726 620 196 952 27 2 836 393 558 120 14 201 735 20 331 503 406 219 973 646 607 297 473 784 352 809 684 910 804 629 1 760 559 178
161 204 392 816 661 181 643 446 950 344 165 854 667 828 86 467 58 889 577 923 643 736 374 257 561 270 433 800 276 682 121 934 875 239 339 508 462 598 226 154 257 70 558 543 411 166 828 156 443 87 603 109 360 237 83 497 761 623 140 561 925 46 683 802 776 230 569 8 120 215 598 708 286 732 382 537 807 582 607 585 794 217 886 181 574 886 695 152 327 470 381 597 639 15 983 904 468 336 502 552
325 292 553 128 291 312 175 962 50 359 665 485 591 815 323 767 134 70 601 436 954 216 592 282 340 387 285 708 782 266 496 128 244 537 747 534 106 473 897 424 933 947 853 264 851 364 695 407 222 744 298 636 741 17 710 518 164 155 592 881 685 166 574 493 19 742 74 323 316 728 653 906 978 595 456 327 796 987 746 318 663 547 577 918 495 816 146 774 143 372 430 134 858 937 364 646 336 784 837 235
96 92 560 870 204 259 863 286 197 820 803 628 661 353 998 701 844 482 281 47 537 511 884 100 568 627 710 125 76 659 693 276 788 349 971 794 450 589 215 40 402 348 285 962 176 317 742 876 426 448 415 11 782 774 28 38 83 904 371 355 904 131 975 688 73 388 296 582 19 695 442 764 127 553 976 636 957 479 673 558 752 577 937 701 492 205 719 399 932 707 368 580 888 570 687 587 576 217 780 916
250 264 857 483 620 877 661 287 297 380 362 750 469 965 534 635 251 329 497 29 727 795 979 858 431 92 644 569 544 254 238 221 570 598 422 594 482 169 216 595 452 665 308 50 834 994 675 573 561 353 301 640 589 541 575 838 332 946 915 799 687 586 937 296 1 118 652 975 29 965 833 606 291 61 224 765 17 939 734 437 632 685 547 213 870 889 886 206 717 656 261 119 170 830 211 93 124 419 44 925
19 784 876 47 94 499 269 71 726 181 995 516 771 468 212 25 827 667 505 336 494 961 656 732 887 855 199 416 700 615 647 338 877 683 652 944 95 893 405 880 313 425 805 900 922 198 298 776 111 425 58 220 749 344 645 171 108 120 364 536 704 19 728 253 917 213 683 564 380 908 575 407 716 544 971 156 340 746 485 138 928 414 935 941 850 338 280 627 164 460 622 345 460 450 17 30 570 13 546 955
880 599 899 75 56 232 657 520 50 512 765 229 677 937 54 127 199 827 816 302 583 441 293 283 418 195 67 214 250 477 97 2 561 0 301 949 615 582 229 3 460 320 903 980 832 779 215 86 622 143 530 227 86 154 701 890 915 133 645 843 211 813 193 317 684 296 74 162 54 645 382 140 621 237 960 92 398 178 488 318 765 727 223 21 622 906 981 888 596 555 395 104 166 804 123 42 298 739 305 137
55 478 44 736 40 305 61 662 458 867 117 249 108 953 719 157 769 676 657 170 907 249 327 6 495 93 625 122 802 92 980 687 376 11 231 640 358 959 405 44 600 971 736 960 171 687 407 56 57 743 722 538 878 771 586 241 148 429 580 464 224 602 672 379 760 427 784 777 31 16 142 145 844 568 688 689 274 295 449 243 979 203 548 250 849 960 268 893 881 706 769 833 541 414 164 488 978 640 187 144
629 196 841 3 756 351 211 936 349 57 165 480 373 256 966 688 343 248 919 445 993 152 794 449 712 673 492 415 987 899 962 145 493 346 112 675 673 395 946 738 62 317 15 120 424 983 265 394 53 367 488 340 260 602 553 710 368 710 140 429 388 257 10 781 497 89 429 365 842 583 97 904 408 10 22 229 692 162 279 128 68 330 715 730 854 447 864 880 549 215 202 904 397 521 439 712 255 283 655 569
454 235 290 796 611 700 179 221 151 198 736 616 894 315 471 10 484 688 221 53 888 722 268 727 737 716 708 413 855 928 436 863 97 804 703 505 244 458 806 406 481 197 608 566 662 994 119 531 773 708 911 276 343 865 135 974 648 206 930 848 42 237 698 211 31 750 410 930 47 93 228 43 272 496 528 729 275 698 560 530 957 928 469 480 746 920 994 322 62 105 170 51 708 411 386 221 457 270 951 279
302 271 406 301 712 615 957 807 870 503 840 843 648 277 735 658 209 136 861 604 63 173 168 519 849 795 421 1000 275 318 351 714 359 439 105 487 290 28 201 249 626 782 984 641 508 358 280 36 238 468 217 792 378 430 201 936 721 100 558 316 512 904 201 494 234 906 759 444 265 241 640 142 284 986 787 69 668 31 285 198 376 853 879 596 938 281 351 178 244 219 417 895 280 210 502 399 743 956 559 579
716 339 174 277 898 95 634 861 654 237 77 309 866 309 349 676 612 49 570 327 827 705 535 255 711 385 917 996 613 752 536 557 632 540 210 947 369 643 266 960 297 470 792 916 609 31 566 239 112 590 487 799 202 352 534 64 890 134 427 691 509 654 426 608 583 244 509 28 142 251 307 826 764 150 170 803 795 74 443 566 728 740 903 812 725 975 381 26 737 384 909 304 37 150 27 471 161 102 557 958
688 710 650 577 641 999 24 620 648 752 103 256 766 90 325 346 408 241 358 196 869 157 577 293 732 740 629 310 445 65 723 570 803 772 489 544 886 562 139 560 132 731 170 430 801 782 227 832 948 279 993 131 842 97 420 419 940 171 707 109 803 731 335 46 202 310 609 236 1000 781 57 548 223 948 490 545 369 342 469 18 340 682 908 39 484 159 863 690 254 442 549 187 109 376 733 434 31 444 649 487
585 743 919 401 817 204 248 367 703 222 871 129 776 265 387 913 999 568 409 841 935 752 835 419 999 956 189 594 278 622 960 655 494 8 185 515 102 327 930 185 781 950 771 942 585 895 618 734 88 871 606 121 890 890 457 588 74 196 967 560 489 936 746 848 81 752 496 633 762 158 171 48 894 502 327 530 37 839 9 600 136 173 437 683 112 411 711 449 850 746 988 5 602 791 282 680 417 669 399 234
404 819 4 782 967 605 441 401 300 202 59 377 880 210 780 361 888 203 760 847 63 264 616 12 250 467 170 22 684 254 150 469 378 174 726 87 801 109 992 5 978 36 685 675 715 986 89 62 975 643 502 52 778 834 276 833 934 737 801 822 710 470 394 789 65 800 562 522 282 228 802 172 755 513 837 398 639 212 417 973 978 101 127 288 208 845 14 124 206 363 547 185 325 291 410 271 604 602 18 372
624 318 963 693 152 486 588 686 195 635 712 6 22 930 182 169 76 136 820 752 558 462 118 850 236 241 991 552 687 396 447 769 889 500 929 768 349 299 151 114 81 386 741 763 842 486 641 490 128 287 561 629 700 11 788 658 775 922 550 212 242 254 162 409 888 357 897 324 714 135 881 322 708 190 35 487 76 101 342 349 383 378 376 15 754 553 612 255 606 838 988 805 896 109 492 253 193 910 64 434
709 6 339 723 685 758 903 369 849 255 23 412 121 669 707 957 161 808 168 697 12 221 1000 43 438 173 386 303 22 578 949 337 535 227 163 800 160 1 330 899 430 981 225 416 195 849 921 229 899 207 777 125 931 378 781 375 542 197 915 372 144 823 296 443 921 615 279 899 828 631 48 370 856 481 212 658 472 490 310 700 66 517 102 681 648 953 712 0 209 24 193 817 796 983 289 889 490 526 215 927
192 33 82 876 881 634 634 598 166 586 152 806 156 794 122 567 604 427 764 810 162 963 418 81 701 876 759 211 60 477 27 36 49 517 396 696 603 263 181 751 580 203 711 571 509 278 540 298 165 526 119 414 718 424 937 827 353 530 339 271 824 415 731 769 371 677 916 99 123 570 892 564 11 50 405 76 388 806 309 232 15 84 581 672 733 796 397 398 520 631 51 545 741 307 139 19 994 457 230 467
896 824 461 99 776 818 138 256 65 532 462 575 379 516 726 3 930 223 892 812 733 492 600 296 466 17 134 583 335 188 167 292 852 61 843 941 77 326 312 606 95 197 53 623 322 561 703 51 813 935 674 528 692 957 737 976 549 6 633 315 458 513 886 865 621 300 672 497 894 661 470 772 859 167 827 350 890 662 18 733 873 200 876 518 344 65 896 674 921 354 303 477 569 100 91 473 441 43 427 442
440 247 493 859 329 282 120 82 285 719 685 141 458 702 823 394 278 492 870 175 634 101 18 786 185 98 908 627 383 591 943 631 315 809 991 46 350 490 969 74 317 105 918 612 44 333 794 108 622 101 992 99 756 489 687 915 300 517 79 211 346 295 425 158 914 120 42 290 622 86 256 560 317 628 397 77 821 844 682 892 573 77 198 451 80 916 134 393 944 693 719 504 435 179 313 841 175 914 243 864
32 312 479 541 941 62 971 192 464 851 542 381 506 369 829 978 341 632 249 837 239 241 747 344 271 406 718 97 109 79 359 170 857 285 363 952 421 645 99 429 126 591 388 902 960 407 637 297 912 145 455 69 862 216 420 730 581 993 659 293 671 502 317 916 759 95 53 473 517 797 44 13 35 711 357 680 578 985 321 105 420 194 939 390 308 816 773 436 99 583 327 988 652 51 552 864 734 257 431 980
262 660 530 100 946 767 266 457 96 478 310 88 662 216 320 152 872 953 340 38 608 292 704 209 787 399 427 292 625 436 156 441 815 244 77 276 120 474 241 360 403 643 967 378 480 598 547 738 316 585 594 247 165 79 912 52 86 84 649 764 418 836 832 546 491 546 93 757 269 385 497 354 497 431 601 705 933 443 553 888 393 603 335 18 313 303 111 242 745 188 501 124 788 920 895 72 365 358 586 505
274 546 567 308 732 719 631 822 953 697 920 218 865 871 464 274 290 896 455 35 114 464 133 658 337 409 737 41 807 510 321 438 920 957 831 44 990 547 374 225 980 406 572 989 167 465 887 361 758 812 33 555 58 353 289 117 361 569 361 54 137 101 367 183 647 235 817 802 699 751 83 824 870 431 29 933 587 146 974 369 802 64 469 88 367 890 389 847 816 335 310 760 317 946 389 867 850 370 291 262
651 30 15 310 51 391 537 807 78 797 754 222 678 827 567 597 956 605 304 79 272 503 842 885 321 62 504 630 780 0 171 921 375 237 554 829 965 792 874 811 769 250 111 279 714 282 351 407 435 75 305 66 515 723 349 772 52 753 405 922 106 691 380 837 976 922 739 657 975 748 272 628 598 97 219 807 799 256 740 61 977 91 329 672 508 262 849 17 689 619 956 394 294 126 277 549 120 438 876 495
17 528 499 937 907 574 428 707 670 311 920 770 890 769 292 49 868 905 146 454 475 763 561 272 902 60 706 713 182 919 101 650 419 754 226 905 482 516 218 322 473 712 250 875 955 662 143 488 632 550 315 378 766 661 716 794 134 289 803 357 17 728 178 308 684 673 869 508 249 885 789 702 197 589 875 439 377 823 405 569 577 931 243 932 471 582 330 199 526 836 468 722 585 764 998 718 12 909 495 560
515 990 560 101 930 295 907 359 329 600 237 213 479 272 583 552 373 905 240 941 393 140 14 43 311 834 824 901 231 966 227 765 566 428 255 343 745 906 891 487 446 565 764 236 228 810 367 791 574 222 218 229 222 127 139 684 821 92 183 67 108 10 526 660 809 514 941 222 310 492 870 1 827 795 418 114 955 963 672 603 253 398 203 64 995 543 982 844 607 815 318 341 919 392 779 78 728 377 875 240
215 783 441 418 249 965 898 446 203 714 835 0 343 287 67 824 632 83 970 583 693 289 633 554 22 521 766 803 458 540 615 289 921 806 807 979 43 918 980 879 84 153 523 742 31 838 525 267 984 270 158 623 928 412 240 593 234 955 385 582 611 754 451 687 221 835 31 343 76 828 552 531 832 651 158 375 326 82 600 725 280 183 25 39 34 707 674 736 841 401 210 959 915 997 711 457 319 861 975 407
115 859 557 523 20 819 214 184 735 278 42 199 552 149 90 921 272 665 89 91 487 327 570 7 504 408 604 832 699 674 643 23 372 793 310 315 215 831 103 997 501 39 366 553 259 452 139 262 587 315 108 579 654 465 598 432 942 516 306 500 503 544 736 774 460 782 322 836 829 227 975 532 352 194 231 952 967 907 836 213 480 955 123 865 540 298 764 804 545 587 288 798 480 839 111 941 414 88 542 576
502 894 632 420 679 761 975 472 101 702 12 957 158 608 157 403 449 179 622 51 837 231 180 368 316 490 36 394 90 72 417 284 272 12 477 816 44 623 156 299 419 96 662 136 361 337 281 9 503 64 3 786 687 226 22 260 546 263 629 565 846 517 793 528 952 372 882 633 403 767 774 898 240 398 435 656 77 242 714 660 276 875 472 675 501 509 457 440 201 637 440 315 727 398 483 311 13 962 519 333
642 391 720 7 160 518 928 175 38 818 388 848 876 883 918 322 564 430 708 890 68 507 948 240 39 578 655 979 186 295 984 807 989 410 23 926 560 976 362 300 174 653 897 986 552 292 587 647 877 195 926 132 347 53 468 870 844 344 433 576 685 861 445 137 609 633 976 190 635 437 585 742 435 910 279 114 738 12 868 680 636 742 924 148 955 530 979 198 545 284 548 506 190 363 863 836 6 165 636 874
267 883 319 500 968 676 758 76 700 904 720 96 716 674 503 526 984 170 851 102 195 106 269 243 161 846 116 600 52 784 147 764 208 986 271 20 10 655 918 175 328 573 87 96 729 250 845 393 868 533 810 141 655 905 123 757 275 631 273 43 8 835 680 2 168 543 326 704 76 843 152 112 279 64 657 810 736 788 360 528 434 777 308 842 157 130 0 935 698 397 538 740 581 914 155 623 672 928 616 244
545 380 515 777 685 684 732 958 878 653 940 16 832 159 664 251 45 13 687 574 578 891 934 717 941 395 955 807 665 881 447 134 21 562 504 740 841 656 421 687 381 160 386 396 245 263 338 580 804 439 312 770 121 700 252 372 993 475 268 68 565 615 240 560 518 14 790 859 209 900 722 374 451 962 764 210 241 301 13 619 626 770 398 637 848 438 198 393 135 423 909 781 869 944 780 875 105 155 598 944
947 912 44 607 677 716 849 930 929 182 428 37 294 358 479 778 615 661 511 828 723 986 892 236 2 762 935 246 290 64 348 287 713 269 233 241 459 43 82 345 731 396 902 508 485 107 675 271 362 377 239 969 347 896 808 105 435 738 840 552 30 990 455 687 178 320 979 840 276 911 325 963 849 351 603 110 921 928 161 713 904 654 113 329 455 256 839 538 700 990 713 254 594 892 562 728 746 95 283 675
993 145 966 241 45 785 776 982 388 50 698 452 20 34 461 885 699 192 916 119 903 734 439 521 324 812 93 906 710 792 173 651 815 439 473 47 840 257 444 173 637 201 864 313 997 457 492 346 818 85 191 227 0 461 691 445 598 96 696 418 181 436 904 196 603 538 235 575 702 335 267 572 680 619 624 834 29 282 261 261 198 603 582 572 604 819 909 938 919 26 924 787 404 81 284 421 635 434 78 249
625 139 111 837 798 471 936 231 289 741 35 222 702 296 435 450 854 398 808 649 536 780 926 412 778 651 623 207 98 12 461 713 958 911 676 658 11 886 488 746 415 819 684 139 639 90 390 386 695 701 971 446 566 395 312 418 112 485 228 310 788 625 354 58 141 786 834 444 813 451 465 182 602 564 646 949 344 333 960 504 850 589 559 486 161 665 507 492 586 351 621 30 659 883 545 145 727 791 792 943
608 567 441 514 377 462 800 349 714 896 426 345 759 787 261 444 334 409 855 248 309 122 684 407 597 821 85 824 551 281 766 594 191 450 11 484 600 910 558 510 191 131 858 836 392 610 119 308 914 223 167 878 135 268 457 745 55 317 378 439 684 683 113 874 215 102 565 899 152 2 974 203 735 7 328 550 488 0 977 945 868 562 925 606 32 972 762 321 569 465 706 456 167 814 945 881 781 145 887 21
623 159 524 419 45 507 698 683 339 854 107 925 955 89 766 863 510 779 104 10 184 358 897 827 319 550 831 546 362 908 559 543 431 236 124 452 755 98 218 872 716 580 394 380 103 672 757 358 858 625 935 21 331 203 212 633 367 245 403 294 242 619 178 575 469 422 422 791 906 684 242 228 59 29 602 637 556 863 908 367 482 290 6 171 225 579 774 579 444 507 756 590 842 76 117 263 491 972 490 116
92 626 725 125 833 965 765 399 274 858 446 968 387 609 209 711 556 407 299 854 372 851 594 852 908 32 252 879 288 213 236 404 673 815 323 447 975 657 206 785 461 481 708 596 628 664 67 914 846 737 772 276 405 849 315 653 686 123 486 197 792 947 702 164 654 481 327 983 280 133 273 601 603 500 376 826 100 961 413 27 972 660 280 464 128 785 135 156 129 390 912 87 526 497 681 431 264 227 2 189
44 568 641 937 639 447 227 643 169 48 244 853 678 574 114 629 899 649 655 872 556 42 341 466 101 894 425 664 875 861 237 699 966 816 870 553 629 220 508 211 947 372 20 790 997 407 677 576 85 165 78 396 326 941 804 847 146 442 624 914 623 593 253 40 201 771 393 552 783 751 184 374 145 884 140 937 713 517 107 337 169 678 183 509 392 969 342 982 793 629 9 776 171 526 566 60 536 403 326 917
383 390 322 182 472 274 360 886 950 280 537 275 559 326 126 32 246 957 772 900 965 927 388 885 939 692 182 294 870 45 696 899 622 431 928 680 774 175 107 989 899 16 335 512 724 902 983 863 593 189 507 465 348 542 371 75 301 775 636 999 387 560 200 738 990 522 322 755 179 230 471 346 126 56 930 127 269 570 80 527 765 782 520 119 7 541 543 422 292 413 802 591 828 703 873 683 83 154 492 924
632 253 298 849 778 591 743 593 559 446 963 762 345 327 43 728 418 408 74 702 1 350 492 828 191 830 310 551 870 589 84 519 342 993 950 214 275 573 796 873 226 577 38 719 403 52 13 222 701 260 739 735 168 880 674 866 73 155 477 538 785 143 373 446 330 961 226 38 945 780 476 453 91 514 913 666 617 916 858 638 359 357 583 625 242 2 345 12 513 898 511 570 664 159 377 84 605 879 340 759
518 388 897 245 600 885 751 340 346 513 96 439 115 816 889 186 786 555 882 230 493 120 576 425 244 11 264 576 307 546 702 714 249 981 47 173 22 86 900 907 10 961 507 821 244 300 859 340 958 957 621 30 668 498 826 937 726 820 827 104 17 404 841 694 997 50 116 187 302 307 569 833 756 195 929 802 236 701 779 170 25 18 860 674 657 206 77 582 743 699 14 313 194 107 602 586 860 576 504 368
584 702 536 922 899 384 85 701 370 557 121 335 297 999 925 377 248 377 334 540 303 916 503 862 611 899 573 301 321 327 935 524 113 483 840 465 907 396 74 866 235 60 155 39 240 669 472 573 147 162 478 456 623 505 635 171 883 986 957 90 297 314 973 626 646 889 751 549 825 598 941 566 198 845 676 31 963 732 881 959 702 765 444 961 571 631 845 693 492 711 326 65 200 41 704 755 997 601 91 43
806 216 501 105 453 963 607 466 807 970 394 171 611 118 217 482 234 490 462 651 292 808 934 951 957 536 369 750 746 135 789 211 534 764 592 973 214 522 702 847 746 742 396 655 465 892 109 78 750 990 236 231 592 976 886 49 269 837 742 425 721 969 276 789 529 438 846 384 111 937 52 134 777 975 231 751 452 866 471 635 43 756 224 902 622 490 406 996 291 930 236 643 705 849 353 641 220 724 213 357
521 288 400 87 700 852 521 281 518 164 807 113 719 324 508 313 515 763 971 763 967 202 962 830 198 288 718 995 410 337 563 831 485 889 479 145 100 166 71 653 390 578 408 592 511 980 898 848 629 161 938 242 443 61 736 47 44 597 205 427 512 110 775 675 102 913 238 812 187 883 176 447 639 119 788 817 90 444 547 870 167 981 583 162 976 535 145 450 199 37 130 177 162 672 331 220 233 462 918 802
39 808 239 770 802 595 100 393 423 71 500 734 823 886 3 239 684 830 259 879 42 123 614 296 155 34 433 200 7 95 677 217 709 603 679 483 646 692 211 51 148 862 120 317 24 350 412 387 144 512 812 32 152 626 175 252 491 662 713 30 885 792 518 522 963 933 540 786 873 362 318 178 169 989 700 887 221 70 849 430 530 168 544 81 898 797 671 319 316 990 492 848 869 724 248 533 51 119 465 941
956 26 961 972 950 412 197 486 961 247 224 27 285 519 581 893 365 62 908 175 466 553 173 238 944 562 135 707 990 751 840 378 76 364 257 799 69 626 56 925 661 850 309 660 698 130 689 701 503 91 361 973 110 554 294 940 186 202 163 640 665 47 910 446 983 488 627 853 300 201 258 977 775 612 656 586 170 743 890 9 673 549 331 999 945 191 435 662 522 928 641 713 422 960 59 959 648 439 454 93
749 923 247 487 499 861 425 789 509 899 76 938 946 409 236 915 420 838 755 559 238 559 135 856 176 563 939 925 373 273 204 651 469 367 169 333 281 167 442 851 94 906 143 998 786 286 880 971 385 292 995 166 903 115 268 142 576 576 544 458 353 523 521 704 636 497 617 229 996 418 788 358 583 517 5 300 321 813 842 76 925 297 354 237 170 18 66 567 412 734 478 844 954 669 298 135 679 440 894 889
18 154 136 632 850 646 463 812 954 302 443 605 553 464 587 889 417 379 740 802 893 159 994 900 545 898 236 501 2 187 501 262 723 381 425 893 507 999 258 167 904 772 29 522 686 334 6 489 830 662 101 409 147 369 527 938 12 643 16 828 418 667 744 409 858 533 256 369 907 765 593 106 378 978 355 254 857 246 231 983 989 309 864 101 437 270 857 355 706 416 439 288 517 407 521 785 37 180 257 114
879 704 973 614 993 363 765 683 239 431 228 571 64 986 356 580 700 665 4 784 560 475 908 739 481 994 37 350 183 812 936 19 93 984 619 651 273 221 657 30 266 297 680 372 883 637 711 526 87 866 19 341 444 515 587 594 966 462 612 903 213 368 301 464 266 704 81 462 22 202 763 962 602 26 460 743 699 600 201 971 829 508 415 492 93 125 394 860 258 445 451 651 591 411 234 89 490 168 743 285
559 843 352 677 776 568 819 895 90 972 385 477 782 810 253 386 339 299 622 386 462 943 737 708 923 857 212 767 633 721 511 425 297 635 501 548 947 956 943 705 756 927 619 647 465 731 731 530 983 513 466 95 435 254 949 334 371 991 815 629 826 670 573 887 485 424 782 400 923 449 867 80 813 685 708 334 947 577 526 676 612 85 329 636 288 357 793 35 219 119 722 415 623 902 192 839 114 684 799 332
973 57 416 230 160 686 741 818 86 964 923 416 485 116 32 182 380 232 734 849 518 161 247 709 31 908 26 964 272 314 496 53 495 581 141 950 588 511 775 36 325 529 310 144 807 38 853 35 697 501 331 155 917 72 584 835 734 218 877 377 562 346 497 363 126 237 103 338 271 944 818 924 855 447 97 599 122 939 158 160 123 447 371 168 803 855 34 317 297 93 882 306 206 312 327 607 598 937 867 619
630 500 617 17 771 533 923 904 955 221 974 425 206 574 479 46 648 303 56 801 441 596 755 886 401 305 51 932 739 290 196 652 784 590 129 652 735 715 465 226 738 254 255 73 636 384 125 777 749 556 166 306 685 545 717 211 358 321 226 335 819 19 565 497 297 212 399 491 444 526 71 816 852 401 496 301 837 527 147 86 887 721 319 810 582 472 445 62 34 817 997 634 656 767 288 655 714 3 311 584
418 209 654 115 900 800 822 700 768 37 820 364 146 332 520 515 978 916 777 265 162 103 677 785 149 816 51 157 143 662 950 980 62 830 445 815 166 522 392 718 318 96 349 776 270 911 148 96 220 760 139 38 4 882 790 505 784 757 736 298 872 445 966 766 124 21 694 920 591 97 72 869 957 776 742 31 11 650 984 417 743 433 1000 471 487 391 354 226 841 372 296 839 849 402 778 649 836 711 120 899
56 157 439 665 373 142 170 476 73 151 472 555 436 591 499 761 369 311 244 513 496 885 438 817 912 942 280 685 362 237 518 601 651 513 761 408 631 661 663 412 834 911 533 308 271 59 278 790 824 693 944 671 795 864 576 51 843 637 262 217 575 901 221 340 688 143 44 578 236 993 642 200 122 862 820 403 104 660 989 275 680 955 831 921 59 998 891 943 618 683 35 987 861 775 350 194 835 269 589 581
400 470 697 712 457 225 283 296 965 265 170 805 65 171 569 431 612 249 585 767 517 245 193 931 917 286 692 82 45 139 758 844 624 152 276 147 185 646 237 438 645 845 941 880 1 648 636 628 309 374 938 885 729 197 784 359 721 257 389 647 715 802 147 419 205 303 935 866 81 222 850 532 162 478 785 219 623 705 979 8 136 436 713 631 89 327 12 304 72 920 845 490 156 279 165 561 929 409 197 708
237 572 941 310 650 645 623 8 407 367 942 628 526 780 802 455 576 451 314 998 383 440 856 24 32 327 163 543 299 643 32 486 330 857 775 640 220 764 672 959 688 467 667 555 505 717 53 820 179 882 388 597 33 695 878 328 639 554 180 562 759 459 929 900 998 331 710 342 314 544 518 379 72 213 934 309 204 102 726 520 10 220 694 570 6 615 847 972 406 375 19 778 262 493 907 559 961 667 488 578
248 663 964 594 139 232 469 136 145 718 50 332 142 104 178 442 102 41 241 342 907 786 29 775 15 636 136 447 713 918 306 239 531 174 662 320 701 279 643 765 809 644 299 840 461 257 20 127 254 607 112 589 207 895 780 400 967 396 365 791 637 677 808 232 299 88 307 243 62 991 950 11 457 168 188 225 935 388 861 743 666 142 935 395 90 929 899 350 515 134 801 38 921 278 152 417 627 305 631 96
261 724 878 881 42 398 825 348 313 316 874 836 178 562 439 517 445 297 339 932 741 919 348 259 722 557 365 409 248 596 143 445 625 131 954 832 367 35 479 104 235 324 51 730 688 218 943 155 303 802 520 502 386 243 344 33 705 666 294 567 109 979 479 344 909 688 804 479 635 523 64 422 685 631 892 248 540 797 803 470 515 846 160 25 949 933 522 339 81 509 332 445 158 450 766 448 290 98 919 745
240 658 493 906 230 901 735 323 227 260 946 151 322 466 837 411 396 502 598 47 491 402 562 896 89 280 970 122 608 347 983 916 472 321 483 509 908 302 222 693 327 44 885 78 971 145 676 175 608 85 425 187 392 19 605 261 802 384 609 495 576 387 201 994 899 953 93 788 820 619 532 155 716 934 585 402 529 553 310 243 717 579 983 674 4 796 166 194 381 972 458 733 192 68 719 393 576 891 321 611
5 900 699 0 525 277 432 846 249 265 702 979 707 400 114 145 270 120 367 357 50 787 288 496 413 217 660 258 417 504 991 506 419 796 977 972 394 739 10 825 132 140 928 43 292 973 617 625 132 580 757 491 333 907 355 183 839 321 420 899 985 925 570 935 627 251 778 901 580 754 463 940 503 443 824 740 380 620 64 628 99 312 740 785 37 592 872 960 529 504 104 103 615 632 984 618 318 601 657 943
569 151 858 768 942 326 455 497 214 443 916 199 165 611 465 314 898 579 733 506 81 490 643 151 18 533 358 998 388 119 721 684 14 719 858 629 315 29 842 382 132 57 435 502 528 569 473 553 341 928 144 696 199 537 172 671 876 596 417 565 998 294 233 852 137 699 556 184 481 159 538 964 808 527 233 302 710 929 629 292 455 533 104 832 842 391 804 989 402 450 262 291 913 319 287 325 547 865 176 428
706 510 300 861 875 965 102 501 221 903 351 960 157 829 656 799 118 638 217 538 633 512 65 331 338 33 753 653 113 629 537 938 288 201 18 849 348 4 621 778 254 265 434 454 29 489 395 843 230 522 609 613 98 421 770 580 354 111 448 825 23 985 304 257 676 613 981 326 851 975 218 656 989 640 894 824 567 301 927 820 329 457 400 251 215 628 307 96 496 873 276 254 893 286 536 337 738 266 125 442
273 547 75 190 319 938 869 666 559 252 467 73 477 831 825 943 839 378 151 687 492 129 476 749 46 330 814 666 93 889 1 212 708 409 737 391 369 797 592 888 228 800 998 94 985 183 647 192 837 90 0 5 223 202 454 72 952 803 543 361 369 887 49 11 38 287 528 711 366 618 265 854 352 90 448 981 784 291 99 812 101 153 381 326 398 850 147 456 547 510 103 393 193 282 993 273 630 724 181 670
641 43 952 262 924 375 781 5 814 278 921 177 770 168 674 687 192 870 928 225 147 818 300 333 933 170 690 423 993 703 788 653 783 351 739 748 317 91 314 132 572 204 682 549 63 638 654 621 697 363 493 914 997 956 181 230 555 998 156 447 224 788 357 878 906 162 687 93 609 82 174 634 245 847 400 29 501 944 794 333 54 714 744 878 734 903 475 152 372 993 563 343 670 789 433 49 642 705 331 795
613 720 395 542 836 21 390 119 209 999 58 219 168 723 721 367 17 49 956 389 420 268 301 992 686 59 599 224 412 940 877 137 254 2 687 505 883 423 274 266 619 536 155 377 669 479 924 337 890 83 394 205 404 414 546 584 145 751 750 81 83 31 47 707 940 136 561 467 227 164 801 559 709 148 82 998 746 875 801 134 265 338 597 126 696 5 286 723 738 588 957 122 151 879 158 624 146 90 369 79
160 471 840 49 169 91 508 140 760 349 82 980 582 501 463 907 208 642 753 444 836 853 698 221 91 3 940 234 804 419 623 698 489 896 567 652 875 459 336 424 720 401 943 595 445 649 271 87 258 174 873 982 825 344 169 76 437 957 1 923 312 6 104 784 196 963 254 838 616 954 304 751 907 591 927 653 70 794 643 993 797 244 54 338 463 849 201 454 130 473 427 317 932 503 45 233 918 0 454 452
269 228 265 499 511 509 722 329 695 708 206 580 482 196 766 243 924 191 967 695 732 685 500 791 768 618 190 197 472 724 911 304 791 225 315 214 597 638 816 431 30 931 809 834 342 38 571 356 366 633 169 870 194 18 577 6 323 150 698 929 92 683 430 367 301 834 38 417 782 150 567 166 998 211 619 717 951 645 189 17 205 833 228 623 632 383 984 161 562 970 512 603 416 75 296 996 89 25 968 978
631 264 411 824 955 634 538 283 293 889 850 577 823 147 278 339 811 306 594 865 55 116 916 306 586 110 187 767 438 985 211 730 591 294 319 736 781 4 686 793 325 329 837 738 160 811 707 936 754 199 983 885 663 197 687 525 536 218 107 704 856 881 348 94 4 47 806 938 789 84 54 132 729 811 828 862 712 610 956 828 10 932 989 871 141 452 645 490 512 491 757 250 860 395 914 80 842 759 921 297
968 61 17 196 86 160 293 282 347 188 441 643 343 414 961 702 555 204 917 701 939 781 137 905 771 751 462 549 813 408 92 363 703 983 316 16 884 184 857 303 579 799 79 142 40 202 397 691 387 363 821 586 719 970 843 716 670 54 668 50 207 477 791 963 491 862 333 944 311 215 343 848 43 352 510 798 366 371 30 91 522 139 568 731 225 518 754 649 524 165 576 612 523 832 950 661 346 386 482 907
192 904 564 380 319 944 407 356 788 149 983 140 192 598 386 471 104 838 326 248 117 282 288 43 231 274 819 956 494 385 190 844 1000 743 416 110 359 181 766 458 826 578 919 1000 585 960 426 535 145 775 943 845 831 419 833 364 403 57 915 956 186 426 344 299 565 495 804 821 39 242 269 724 756 316 263 416 566 174 687 963 647 15 844 440 55 241 100 194 73 498 852 465 338 32 406 855 206 96 23 202
941 671 876 998 135 752 188 310 422 571 217 462 971 455 187 193 920 837 158 232 808 719 115 207 8 603 831 42 476 899 59 118 637 386 721 704 326 468 395 409 725 117 136 874 565 123 59 60 62 201 617 666 458 369 229 561 192 604 987 208 634 700 542 435 164 610 324 191 850 61 647 946 976 638 18 222 124 51 786 268 895 948 512 745 537 714 337 66 780 462 883 616 620 440 677 259 461 369 476 936
209 756 408 567 715 202 108 604 798 132 961 737 637 807 620 57 520 266 11 788 605 28 996 52 17 466 686 320 592 954 816 523 89 355 628 299 75 729 878 139 862 267 470 685 844 628 309 374 836 148 705 849 220 738 669 957 951 688 356 760 182 866 661 125 720 100 315 171 627 567 455 561 965 481 46 645 526 452 552 799 849 448 982 760 742 4 436 947 590 215 673 1000 438 56 442 145 764 248 540 607
429 834 268 479 752 78 313 333 667 785 859 812 132 526 573 501 569 8 161 223 183 861 116 271 492 645 276 42 380 378 968 314 492 179 110 411 777 72 8 124 420 101 384 882 395 862 622 227 820 144 689 57 875 603 316 160 580 14 589 850 483 424 24 670 545 947 631 214 319 509 780 199 484 958 419 390 213 584 573 444 961 654 867 450 86 224 814 688 882 963 443 216 882 504 243 747 978 266 430 249
248 567 825 941 159 153 174 712 414 29 333 767 53 288 132 841 157 903 134 9 355 448 852 890 805 219 698 281 375 888 986 275 222 214 810 274 856 905 104 61 583 82 109 810 267 261 407 518 355 830 81 532 115 618 553 453 595 103 623 415 49 364 804 60 932 414 567 182 21 310 794 86 425 321 932 812 479 286 385 107 95 891 293 768 316 346 597 963 761 113 256 319 622 422 422 670 275 626 330 531
712 159 286 184 923 41 83 368 306 423 212 386 464 731 388 285 825 972 859 649 793 545 580 998 885 20 509 638 218 837 151 312 594 325 10 345 284 389 673 640 122 743 268 146 964 766 542 12 213 646 631 512 996 122 105 321 796 225 427 563 925 989 400 541 293 956 437 774 682 156 993 607 533 29 962 872 641 959 459 887 169 902 951 942 424 487 317 723 261 777 998 405 405 616 782 601 250 611 278 348
689 506 61 572 809 957 181 191 482 321 146 506 309 709 216 256 374 584 689 35 92 977 586 675 18 673 398 613 592 553 844 582 237 200 612 3 662 971 970 755 294 802 25 515 277 980 586 46 121 563 614 204 949 161 292 562 537 521 678 790 195 753 571 555 214 187 637 948 227 974 73 81 430 116 226 649 945 820 919 197 496 488 49 817 26 312 669 329 0 140 266 721 395 358 198 907 110 649 34 202
708 361 948 569 808 314 895 838 973 407 677 40 96 419 990 711 199 209 970 95 594 591 746 501 806 538 52 705 807 680 955 965 226 1 3 619 822 514 956 589 803 805 446 484 813 159 723 469 602 469 308 53 71 563 794 475 631 365 365 746 849 800 745 237 723 409 562 856 862 857 755 8 532 353 763 980 626 329 494 12 137 935 506 531 383 165 472 736 146 581 635 739 353 158 169 263 495 739 928 406
182 508 637 858 151 19 993 596 528 361 280 823 973 857 573 796 522 777 225 142 49 565 480 630 123 987 252 762 549 939 436 680 191 127 142 33 180 322 38 400 603 456 348 430 976 312 479 841 683 849 491 991 128 955 28 344 317 241 505 812 674 242 978 400 836 676 269 297 604 962 988 213 841 805 691 82 923 511 371 931 20 975 358 887 706 411 883 177 488 333 732 727 933 386 727 610 597 118 64 576
917 364 596 851 561 454 963 79 609 504 874 970 125 39 63 72 656 710 293 458 878 909 881 69 261 764 737 999 756 584 137 873 186 516 22 326 733 603 116 94 911 589 673 499 22 866 560 711 872 164 27 212 148 285 935 20 69 736 768 115 576 593 480 123 886 601 261 648 880 868 489 21 781 133 814 964 927 774 749 243 752 796 113 758 355 530 893 753 362 140 803 539 433 472 626 926 923 507 903 299
360 773 424 804 23 548 280 335 500 664 740 41 241 308 98 109 919 254 66 364 825 134 364 835 113 361 437 9 692 926 632 247 584 165 211 360 230 538 586 168 897 691 587 454 637 699 367 837 287 504 526 119 721 299 324 664 602 477 611 228 473 572 302 758 970 773 523 318 107 381 113 101 493 153 730 906 396 382 197 571 273 97 128 350 728 525 339 476 845 825 752 76 923 875 91 413 367 854 443 437
119 645 504 906 156 774 381 445 459 968 28 859 244 974 293 817 323 167 419 912 383 302 234 398 960 535 128 232 825 910 231 755 555 694 822 729 985 362 67 922 215 951 798 139 711 99 947 71 958 646 462 510 285 802 612 134 704 470 439 612 699 399 986 542 450 308 341 286 970 337 847 790 746 987 805 685 697 245 776 972 835 915 747 49 965 837 248 647 595 796 809 784 895 117 61 878 504 833 824 128
0 563 557 45 765 611 453 276 184 699 802 339 845 335 164 277 467 94 158 341 673 824 361 24 606 566 950 788 428 898 676 67 81 734 177 454 918 3 533 691 904 738 299 811 210 872 288 275 295 316 300 398 622 911 606 876 92 320 212 600 231 755 687 828 426 390 990 173 503 700 383 784 225 445 831 975 584 588 312 568 629 567 158 879 801 655 425 446 589 664 0 644 404 909 47 427 855 47 926 177
169 992 419 755 158 71 303 712 417 744 497 272 949 459 19 772 118 373 359 140 408 254 671 836 346 304 211 293 818 406 770 546 100 287 435 988 932 233 261 473 76 894 614 767 210 141 169 839 253 868 284 987 332 19 114 611 896 836 794 255 830 260 736 658 763 909 595 897 79 458 433 650 569 106 323 695 661 160 704 899 436 470 926 309 145 501 389 458 699 880 866 388 303 317 487 822 623 628 948 305
270 216 53 263 291 547 142 168 562 381 869 630 843 657 43 720 860 917 543 320 165 436 680 544 151 253 410 856 107 895 262 111 871 400 575 922 637 208 958 923 96 236 959 236 320 684 1 374 398 512 318 194 994 456 312 40 489 610 653 54 527 345 815 450 306 220 892 661 544 108 361 529 480 733 272 284 492 500 920 201 37 218 532 77 702 876 620 439 193 151 321 497 577 908 545 69 754 542 102 436
545 952 959 506 121 330 376 101 462 67 58 104 79 707 216 5 536 642 915 954 205 233 690 443 585 829 139 434 312 763 8 36 484 829 208 656 982 719 468 738 728 996 596 218 773 704 986 967 982 692 512 862 527 782 923 752 774 711 257 204 664 469 661 240 955 605 70 492 572 441 870 933 261 928 822 455 247 794 392 195 552 262 30 616 155 158 948 285 319 383 26 797 269 837 540 550 531 968 747 233
235 9 209 940 771 789 253 188 669 131 239 401 542 559 640 701 741 554 955 363 779 907 492 358 82 77 251 394 648 850 643 265 779 362 7 653 154 419 100 666 571 281 231 67 949 686 316 886 177 927 339 713 915 525 13 227 759 831 50 349 277 499 327 734 409 792 608 979 200 330 271 729 11 229 215 511 100 683 108 959 264 184 602 932 444 224 991 776 292 878 994 680 926 10 887 25 761 692 681 56
363 483 632 41 216 937 231 972 967 447 814 46 158 208 125 133 843 84 319 615 950 600 886 864 80 219 456 588 597 833 863 394 852 443 726 126 66 998 739 930 605 907 404 999 445 147 397 362 701 834 181 788 240 460 117 108 178 413 507 787 69 268 192 880 612 63 550 618 972 777 70 47 254 379 544 128 613 914 0 941 899 936 293 617 297 936 581 714 94 996 619 776 413 489 795 362 196 951 985 543
597 614 470 67 878 553 920 418 646 234 185 875 208 339 707 271 256 873 653 476 494 176 81 415 284 915 84 625 727 396 55 697 992 266 965 728 50 443 119 702 999 90 569 926 424 999 398 924 752 494 687 566 647 236 568 297 45 184 583 235 168 916 95 162 306 511 809 173 877 42 306 886 845 606 697 533 445 111 916 18 751 449 143 133 709 828 731 859 792 349 151 345 275 386 517 358 400 47 528 653
353 253 538 606 111 348 16 970 224 436 117 803 146 981 957 201 827 302 51 11 510 282 473 236 323 454 907 129 614 648 395 998 530 274 410 382 277 403 909 598 454 266 442 200 11 94 103 855 268 842 726 72 549 892 564 346 742 443 788 134 170 581 921 307 685 473 680 723 326 474 31 283 657 165 853 517 221 28 71 701 754 275 598 672 517 59 839 987 940 449 368 704 648 743 394 481 357 146 233 365
324 204 820 348 856 959 274 671 431 90 971 255 582 387 684 727 225 376 566 639 323 975 87 252 815 600 882 397 259 239 669 507 587 100 384 769 456 710 971 660 790 860 144 185 200 465 445 346 58 678 102 402 464 6 256 755 299 666 334 250 262 853 332 614 850 196 338 467 643 241 179 562 852 505 955 240 86 46 462 325 808 857 452 386 246 518 364 790 924 466 211 615 682 483 695 28 393 383 643 890
540 900 955 684 113 568 536 49 676 726 250 54 336 101 941 568 65 702 342 419 638 420 668 360 113 196 165 311 240 584 78 780 655 543 188 912 677 646 279 868 167 866 958 13 492 492 527 538 933 837 681 966 125 527 77 274 192 617 449 813 315 671 42 10 242 611 944 471 735 82 334 53 27 890 372 722 815 81 542 552 487 440 986 683 342 107 736 140 878 652 914 411 181 413 505 188 820 772 512 273
516 318 860 89 579 629 724 645 645 828 134 997 778 465 656 647 847 477 432 525 461 134 375 975 139 738 588 952 576 292 948 599 155 140 6 61 302 919 425 932 956 322 798 506 459 208 958 863 558 232 583 621 938 56 981 9 826 104 164 390 587 479 25 795 264 135 777 194 61 488 993 80 947 290 134 762 66 818 758 529 547 452 614 589 174 578 90 684 199 284 756 573 160 420 568 940 943 477 155 732
71 928 133 60 356 818 692 105 578 698 281 837 305 429 321 169 436 395 381 907 143 219 402 875 480 737 941 778 15 557 825 454 948 651 959 152 496 582 5 174 908 904 59 127 602 247 687 233 34 383 626 332 678 409 894 909 998 349 75 334 680 438 12 470 204 382 985 981 236 24 984 592 628 711 396 522 538 288 331 987 307 244 740 1000 117 75 309 83 287 707 214 46 326 236 337 469 18 568 356 615
510 116 802 268 615 804 307 331 415 761 600 200 1000 450 109 906 797 235 917 899 327 494 632 613 174 81 104 68 701 560 134 178 393 846 742 68 501 348 868 143 486 306 932 744 915 551 385 104 693 22 932 997 105 596 836 455 879 303 109 618 193 999 909 111 453 121 896 890 382 278 124 171 318 276 666 906 439 326 505 414 998 288 26 924 756 36 550 869 258 323 458 389 911 24 888 178 789 924 398 360
479 142 789 805 310 230 666 501 771 883 649 681 954 429 280 501 356 142 739 822 753 498 230 35 950 842 640 692 802 198 563 859 600 659 831 198 857 304 446 216 807 357 429 47 772 54 443 907 959 707 203 899 485 844 616 236 63 968 881 25 333 977 681 792 92 375 386 720 804 111 347 770 222 82 935 991 91 386 653 248 746 268 738 553 817 293 392 591 480 436 756 607 592 70 396 931 861 936 750 302
312 333 425 709 202 737 959 619 238 297 989 436 246 113 140 71 731 957 188 407 280 957 779 131 102 772 332 509 814 584 142 835 443 146 876 34 701 932 200 713 535 598 703 639 953 770 734 826 74 754 240 396 735 646 551 780 178 668 431 222 706 298 858 770 901 238 37 789 108 235 152 909 692 63 707 476 44 130 735 907 898 895 15 531 687 711 586 188 804 806 442 351 146 463 491 844 578 403 570 616
411 13 599 32 367 686 244 382 703 312 341 484 428 714 283 716 333 133 338 119 922 641 108 579 84 255 107 123 92 600 164 303 169 225 830 366 527 506 618 895 963 539 848 257 927 947 741 530 323 396 919 975 771 226 230 576 30 804 642 549 133 614 831 245 512 544 447 575 471 229 916 952 510 86 797 208 579 281 344 350 807 925 267 542 167 675 528 309 25 228 757 856 325 14 301 16 306 583 325 216
580 773 810 55 705 773 412 595 735 882 812 947 535 151 359 1000 296 507 177 234 280 113 705 566 182 322 107 402 597 553 839 908 560 491 726 172 364 100 82 418 875 825 612 816 678 272 324 574 503 455 52 228 547 238 207 483 661 904 755 720 378 58 135 53 618 939 902 117 208 685 507 275 332 637 747 102 793 483 450 910 51 78 686 964 772 642 402 860 417 373 555 552 568 410 17 39 738 61 166 28
519 391 487 468 722 158 422 483 310 670 199 978 196 315 959 121 402 664 305 946 653 347 888 540 311 1000 191 810 445 608 323 752 61 913 1000 940 674 276 195 286 51 20 510 26 211 789 866 663 183 435 659 385 94 69 635 893 518 330 491 833 127 473 731 140 441 847 364 231 895 958 981 404 62 61 700 829 389 96 829 526 283 622 323 102 573 554 671 987 122 388 469 589 950 265 29 830 666 155 226 364
583 492 631 728 301 714 948 674 536 862 133 514 524 795 900 207 609 346 470 516 604 909 980 57 401 778 696 379 697 514 871 840 935 0 680 466 683 582 982 985 121 265 866 301 903 535 947 672 118 93 236 606 137 735 948 611 154 975 852 179 285 431 662 296 2 409 56 350 536 298 652 779 168 164 823 660 901 265 784 511 60 813 415 606 406 884 412 593 342 785 667 382 136 544 367 211 201 130 262 736
375 1 97 735 109 273 28 662 495 304 596 704 553 289 394 748 284 845 380 85 705 743 567 781 123 271 839 209 23 149 216 367 572 904 48 460 222 264 441 276 63 390 897 673 132 542 388 493 327 106 661 552 114 560 815 166 117 34 127 2 658 252 962 755 786 240 385 563 708 135 376 679 775 944 68 854 774 981 875 599 975 165 931 710 926 676 709 872 909 449 606 680 485 796 110 753 136 749 924 133
484 857 130 375 659 921 630 848 209 600 113 658 267 981 740 76 259 391 267 708 663 129 684 772 169 347 222 883 339 353 623 251 834 676 708 214 708 602 25 757 830 958 700 871 297 878 559 607 509 564 279 677 192 151 381 849 44 698 791 29 226 939 18 91 336 383 326 509 797 613 604 942 365 684 946 818 44 655 24 354 911 751 418 824 385 197 955 811 612 485 287 712 709 99 807 603 659 143 821 734
105 322 365 956 208 755 126 493 521 313 456 924 492 388 467 356 825 218 579 463 443 476 590 855 758 1000 405 225 35 471 648 528 938 635 591 542 27 626 374 513 340 19 455 896 853 656 776 171 452 811 882 150 738 13 656 906 539 139 822 386 46 647 853 66 29 510 149 499 57 811 87 345 561 711 320 378 842 955 309 95 866 383 845 51 491 646 96 361 294 273 363 647 310 980 256 950 413 40 323 154
171 218 2 928 669 352 722 390 728 798 531 79 881 609 294 364 559 748 174 473 242 567 329 80 652 886 713 755 939 600 136 403 492 637 224 473 256 318 802 921 93 662 942 655 956 608 552 754 77 339 895 480 709 218 168 55 404 937 392 212 728 869 152 578 760 600 512 309 99 634 528 920 114 401 881 86 422 511 39 837 247 852 212 830 435 762 719 283 276 30 785 835 440 401 393 653 435 999 654 933
836 58 368 589 392 939 438 971 433 883 923 134 600 963 765 242 942 184 686 154 305 111 976 917 635 25 609 58 667 667 229 472 575 139 326 945 103 732 15 498 153 907 793 660 446 676 25 475 361 243 854 867 597 794 406 975 58 772 699 213 538 916 320 319 593 159 567 675 897 572 541 525 228 715 765 26 45 826 288 473 577 861 9 342 111 453 122 396 163 150 836 397 899 894 115 963 500 626 412 638
141 775 675 1000 923 734 948 799 119 726 941 746 297 203 30 412 879 267 613 430 919 967 23 1000 978 884 934 794 405 471 574 133 138 27 765 663 89 303 711 653 651 14 630 613 652 715 560 148 682 431 837 252 559 261 511 212 892 944 584 30 373 582 290 160 530 154 178 671 255 898 687 675 170 634 261 146 927 170 738 632 776 160 146 938 286 701 135 734 914 960 848 273 519 133 26 214 841 88 523 798
855 195 916 712 403 642 268 314 355 923 296 783 446 934 923 848 14 223 92 602 834 504 139 350 575 59 737 430 720 238 523 744 349 469 69 247 105 148 484 700 338 333 421 991 185 313 963 582 848 513 211 715 301 256 485 503 594 465 650 859 848 284 856 319 477 583 554 3 622 173 85 361 420 171 439 403 89 947 110 905 854 525 559 77 821 42 885 75 81 372 201 572 122 82 146 460 585 569 469 463
837 661 572 144 100 373 69 351 237 816 188 73 351 735 562 251 117 914 180 296 826 971 419 479 281 952 560 355 111 784 597 341 167 964 789 266 175 77 553 74 862 562 627 916 489 270 874 669 318 634 831 590 619 511 802 934 120 382 836 824 265 593 294 886 326 462 451 944 671 381 322 612 704 193 875 982 613 536 672 945 661 336 717 554 529 849 594 852 203 115 207 758 131 777 388 700 355 686 905 815
193 45 483 615 596 452 141 100 470 989 160 87 961 197 171 402 18 911 30 307 634 743 773 147 615 182 259 449 748 214 618 132 344 953 699 747 370 453 157 593 634 987 768 793 62 78 951 162 785 216 333 276 76 461 149 816 269 792 125 149 74 489 732 154 467 416 929 608 59 953 84 445 592 86 78 137 722 191 97 429 563 445 313 19 834 184 75 691 845 35 567 134 677 828 504 888 10 515 242 718
915 510 506 687 451 714 758 976 524 945 134 993 62 449 798 334 322 926 663 459 598 470 174 957 759 542 551 589 809 264 734 542 780 25 615 274 852 188 344 855 169 945 535 115 264 369 432 26 382 842 122 279 885 357 877 109 934 257 379 921 581 406 853 805 884 81 100 115 202 236 42 688 118 214 935 801 713 853 838 350 431 776 909 970 894 710 117 38 224 165 370 715 431 874 159 364 133 183 727 157
311 912 521 401 999 158 429 831 819 966 631 892 977 718 825 962 696 127 766 902 77 231 467 452 456 938 984 283 314 151 219 193 339 221 643 967 894 336 85 135 123 75 341 924 287 791 925 130 117 871 49 722 170 500 313 670 232 311 181 647 93 958 61 505 170 716 585 804 594 73 902 279 1000 521 141 119 430 213 910 63 501 861 883 175 292 415 197 522 920 597 147 724 911 982 872 851 316 981 623 0
690 95 83 794 766 493 887 293 854 652 928 354 972 891 372 404 549 987 959 568 126 431 895 661 905 491 32 667 252 96 762 958 991 73 767 704 331 810 604 836 172 288 7 58 742 205 577 176 262 767 941 338 382 530 245 171 698 265 471 466 120 752 774 348 676 844 572 472 164 552 543 702 918 36 41 936 976 531 919 833 100 697 343 512 140 721 553 397 305 461 82 198 481 811 9 508 508 202 843 453
200 70 705 247 82 969 213 634 254 934 80 233 797 746 371 750 273 824 852 12 174 475 512 778 309 658 771 696 544 666 425 379 527 584 173 191 189 606 474 381 637 827 373 307 281 224 908 651 755 394 98 245 205 698 672 494 209 500 113 530 183 694 70 137 850 691 741 678 746 471 121 50 917 847 79 682 516 118 871 67 2 730 45 188 621 924 336 906 820 930 680 654 441 410 306 736 698 907 179 903
822 321 230 674 967 917 434 767 537 905 759 139 895 375 969 388 474 319 911 584 528 298 299 241 743 931 972 819 521 125 160 818 745 691 334 539 516 842 309 123 748 910 54 499 466 489 992 973 238 261 684 142 384 51 723 552 105 24 482 275 494 347 134 504 931 714 651 286 2 896 945 967 257 62 522 917 130 915 181 879 681 934 548 570 557 886 879 139 464 181 430 894 118 356 931 412 286 843 388 617
795 723 980 18 75 483 871 850 748 855 575 971 923 859 162 721 640 905 921 218 83 685 365 972 288 267 330 265 315 474 255 602 100 982 874 452 69 777 738 713 517 586 473 327 113 648 147 715 527 29 374 4 991 966 1000 849 695 243 375 432 434 467 276 115 357 15 684 251 719 871 223 438 286 92 794 526 221 115 145 544 690 942 590 884 375 335 219 394 204 591 704 649 646 519 757 424 704 816 973 309
893 302 516 247 242 878 582 597 650 650 328 984 754 403 924 603 969 398 297 495 719 114 847 218 820 71 168 46 898 573 286 405 405 359 801 526 526 851 127 49 100 582 410 990 168 392 632 502 91 899 702 266 900 746 18 373 849 297 69 820 575 603 13 855 508 757 135 281 617 126 323 911 942 962 961 41 366 219 658 963 181 179 699 237 367 783 810 162 594 737 920 442 863 550 37 810 911 933 209 286
391 230 710 319 905 623 502 915 222 958 591 877 668 872 48 407 835 221 846 836 252 908 637 382 255 359 588 626 350 271 644 629 613 889 589 920 738 634 677 220 425 749 325 954 78 122 193 278 659 613 689 809 527 112 209 493 707 192 664 332 448 889 698 991 208 538 461 101 208 755 276 700 147 721 61 470 852 734 455 511 950 336 367 452 9 648 71 802 440 903 788 949 690 353 535 386 66 119 691 337
466 899 550 540 163 48 112 147 323 263 494 269 725 273 154 958 56 995 131 570 35 847 833 142 825 466 344 398 23 117 438 503 692 925 611 183 496 203 353 262 249 201 156 706 807 892 484 532 824 788 979 784 38 437 635 238 761 834 599 779 199 626 977 284 416 200 320 660 350 17 789 790 937 302 594 42 615 152 288 934 510 102 577 702 374 389 827 162 593 920 669 564 764 328 318 892 458 987 567 480
484 341 73 812 593 34 93 4 750 313 512 864 529 599 533 812 999 627 574 964 920 790 45 416 999 777 586 959 877 88 117 882 384 926 216 130 832 659 693 909 823 669 187 408 531 31 171 146 892 178 646 3 490 829 346 904 495 712 2 692 834 497 619 928 652 306 536 275 321 975 1 735 613 230 383 838 496 412 758 245 872 382 159 652 661 491 588 89 835 459 779 237 752 549 428 808 908 910 38 590
458 73 837 731 504 881 520 159 78 808 351 188 940 761 287 163 973 638 654 442 840 673 128 661 188 755 609 498 736 297 425 842 420 881 682 986 803 34 428 267 519 317 135 722 110 944 635 19 6 200 392 519 47 239 853 701 738 290 548 315 496 48 264 496 420 697 750 738 617 781 976 284 760 699 512 896 699 496 281 707 83 804 339 843 961 542 279 337 241 715 925 568 939 104 940 769 864 24 393 446
682 945 696 943 797 426 899 202 930 200 22 462 961 8 281 7 281 965 188 52 257 538 182 526 351 49 693 474 814 353 216 857 520 15 433 682 860 6 864 387 764 521 676 708 806 479 650 802 519 510 758 751 487 642 485 810 861 840 417 773 21 308 850 160 677 585 842 462 432 708 439 790 223 470 199 550 437 702 861 94 133 980 203 946 831 319 959 264 186 252 945 502 920 239 865 517 855 678 84 814
156 531 288 253 7 752 452 581 639 400 991 788 979 767 275 667 557 888 861 759 718 576 603 994 633 22 889 948 361 791 94 201 968 541 442 535 33 383 814 629 830 606 163 908 621 584 714 150 528 505 611 207 731 495 811 757 614 114 761 494 920 716 739 859 337 222 290 176 559 930 97 391 910 952 866 393 8 608 687 163 218 549 649 508 227 139 544 771 459 631 831 233 624 454 439 710 35 895 12 902
741 490 157 295 183 133 971 508 224 18 408 337 280 356 924 666 283 954 954 399 801 312 774 764 503 24 772 785 518 784 244 243 826 847 312 151 206 842 877 16 987 563 137 822 915 13 706 62 257 741 815 660 362 250 842 796 356 469 798 475 561 749 369 833 446 542 158 268 756 573 195 500 29 254 662 905 959 527 850 447 228 724 472 6 715 890 740 40 774 966 641 838 935 685 221 82 929 326 136 425
154 248 984 870 36 36 280 709 189 179 76 202 288 870 972 151 248 399 760 564 436 655 905 11 899 437 394 226 776 987 80 68 777 446 9 139 590 835 649 111 55 90 391 695 22 757 424 241 210 216 397 376 971 228 332 230 816 508 255 139 697 783 157 5 131 104 258 780 510 450 643 764 615 259 237 354 925 254 803 891 73 641 250 209 967 847 935 298 657 755 284 459 394 753 880 55 797 568 212 786
508 130 988 163 982 443 866 189 754 325 485 682 852 730 975 207 228 321 32 697 945 139 561 284 361 180 649 36 846 584 33 135 549 595 952 619 588 655 133 126 236 29 674 782 789 599 37 440 746 287 867 61 419 108 537 177 57 299 743 696 322 761 954 777 506 204 566 623 569 600 115 434 53 666 962 547 787 864 514 46 352 449 710 302 246 679 631 521 280 857 252 297 256 725 859 471 837 530 989 587
301 392 759 31 617 56 69 760 653 998 229 859 820 890 573 925 456 975 288 82 291 601 220 23 804 748 583 847 425 690 140 434 634 554 776 716 706 643 203 989 678 778 95 299 876 937 395 866 834 549 661 413 419 642 950 909 2 589 438 408 186 872 406 281 338 675 136 919 850 446 100 904 25 503 92 665 905 987 825 26 25 560 537 585 777 755 8 130 971 513 350 593 914 364 335 934 434 635 483 587
442 665 503 573 956 509 867 173 314 56 540 100 926 814 546 595 57 501 592 855 228 793 268 496 377 147 647 158 363 222 704 525 432 504 932 858 155 487 94 11 432 747 165 845 923 151 754 339 472 323 162 60 527 685 673 75 838 657 366 913 956 902 953 647 818 513 949 827 233 265 406 328 857 324 47 35 240 147 743 46 114 647 158 906 637 10 794 263 824 435 957 249 988 19 836 468 618 602 881 612
605 381 807 115 483 86 569 429 380 671 946 940 741 249 122 173 42 258 227 460 983 514 453 585 644 801 312 916 193 259 314 182 767 300 366 837 516 26 26 176 298 240 744 555 958 492 294 984 504 30 666 465 834 217 419 533 477 621 254 726 174 770 356 132 271 471 203 32 859 540 68 944 301 429 171 656 656 752 909 117 333 927 947 646 179 834 796 341 307 941 0 932 948 536 464 406 634 790 681 865
877 767 218 393 562 329 203 760 617 596 100 450 436 677 88 548 350 768 210 704 447 423 938 650 321 139 791 636 591 348 287 218 737 552 40 546 478 376 259 989 267 235 982 808 936 309 672 576 785 669 330 288 23 568 31 750 112 659 888 759 164 269 495 328 721 429 88 533 103 389 394 330 183 461 412 359 196 533 576 233 615 640 5 711 492 978 233 648 237 715 804 90 84 467 590 12 109 782 332 986
463 358 146 177 598 177 356 687 602 386 182 938 844 270 153 463 995 127 285 865 112 352 848 338 735 79 441 951 301 372 244 408 397 175 834 753 133 395 904 162 766 136 600 29 254 69 678 292 377 570 802 584 908 691 65 72 540 397 826 241 942 60 408 602 218 938 727 994 89 286 717 480 5 512 208 842 515 352 360 169 994 109 609 58 170 750 115 94 937 853 306 633 397 648 927 602 110 236 229 709
655 952 465 275 81 359 806 61 679 325 492 598 144 96 447 740 641 153 900 58 937 149 150 486 421 475 889 187 94 441 318 881 416 336 789 832 677 981 706 427 492 153 204 262 509 983 341 673 315 924 627 783 444 720 921 738 392 682 196 180 18 772 448 768 422 102 88 692 323 943 997 517 664 708 674 358 688 779 387 240 513 156 844 584 427 87 833 327 64 520 50 268 286 283 875 470 28 188 725 577
762 790 863 749 941 390 937 381 996 602 261 296 775 241 2 87 352 318 451 905 623 511 616 541 880 585 580 89 221 877 996 910 710 107 281 942 151 192 295 162 334 134 399 500 864 894 290 164 956 217 546 813 836 295 720 885 921 712 13 28 684 12 67 905 915 567 160 131 348 568 112 537 141 932 574 351 467 391 714 921 126 618 951 720 228 877 990 306 235 13 881 714 523 392 507 335 209 317 978 626
907 907 443 334 536 785 247 887 381 814 576 361 470 72 317 551 617 407 905 588 31 508 539 30 189 734 275 600 584 733 12 22 166 24 858 652 414 803 747 909 102 502 794 569 282 821 28 744 294 976 569 5 701 338 427 729 935 847 489 111 424 160 367 221 451 434 495 377 83 908 423 230 228 532 560 239 598 418 734 958 159 629 964 707 276 492 620 513 188 140 233 264 726 36 905 149 848 749 911 127
494 85 102 323 348 882 410 352 400 736 751 401 820 858 423 71 436 288 618 419 498 717 927 175 125 182 882 327 501 610 652 550 61 727 987 428 707 159 255 415 341 812 753 410 197 236 683 582 237 495 451 303 45 37 556 252 161 611 756 240 646 171 93 433 915 537 439 523 790 728 920 233 625 905 36 255 267 224 62 85 988 95 204 568 920 334 744 282 664 498 740 809 947 109 588 811 542 872 142 370
922 761 799 827 660 683 277 457 542 980 904 402 704 862 172 554 882 387 506 977 354 592 833 517 105 530 970 70 971 549 616 969 637 500 109 816 765 152 454 374 267 904 148 972 859 996 277 603 53 367 497 657 187 333 623 989 573 276 558 586 985 122 38 154 494 230 341 489 34 82 611 182 448 144 986 265 185 213 353 366 883 74 498 197 145 740 584 204 408 122 989 773 357 741 153 557 27 819 790 992
622 778 237 46 380 166 601 228 359 91 270 35 173 250 169 676 55 364 57 935 496 139 612 688 542 879 751 169 76 966 98 536 642 40 800 795 949 479 227 228 910 15 184 694 78 776 837 876 953 757 333 75 440 99 654 26 568 677 58 273 778 763 866 693 271 852 432 372 131 111 739 468 107 694 121 776 579 835 400 931 771 54 281 324 472 552 660 742 534 957 255 249 644 407 424 689 453 347 897 993
602 469 69 908 115 468 647 520 169 996 885 56 174 710 720 214 848 728 399 106 49 258 333 652 754 56 715 180 950 385 716 0 641 53 756 125 681 683 927 700 512 545 741 131 469 522 430 981 469 363 772 277 851 793 390 274 157 568 728 918 344 94 867 697 974 505 578 751 471 42 934 165 177 858 327 227 918 42 23 403 338 599 470 908 337 541 718 424 855 328 536 557 442 655 974 906 260 494 188 270
860 459 34 911 870 656 824 562 856 68 551 910 982 547 376 543 821 693 17 936 886 733 226 75 358 606 519 833 383 770 462 314 385 210 393 733 151 674 160 821 644 835 89 616 697 455 388 704 616 434 748 716 376 220 481 485 81 218 114 623 844 409 6 424 726 263 713 761 233 712 359 941 381 215 410 899 629 943 1000 640 446 197 398 54 342 840 127 427 528 837 843 71 797 607 36 299 320 214 664 435
286 680 844 717 182 996 713 610 327 415 745 70 459 363 981 688 580 997 681 56 286 210 556 221 785 192 202 351 221 345 927 663 182 581 432 97 149 104 172 484 889 465 267 850 538 460 19 270 238 31 844 69 193 648 824 661 142 718 976 358 871 990 142 58 427 203 1000 820 285 838 127 669 104 514 482 828 982 947 623 191 45 139 837 29 356 750 31 191 291 920 255 280 367 314 211 809 952 301 466 461
404 545 233 776 221 482 434 56 86 689 824 392 552 63 451 73 432 905 401 169 766 982 814 566 793 957 948 375 924 870 640 233 519 203 112 224 859 507 436 849 79 931 277 996 427 255 943 751 2 822 800 425 641 430 485 114 446 677 185 414 211 843 662 393 103 89 48 177 581 379 443 95 593 399 392 921 66 729 748 476 535 677 876 147 907 411 3 530 353 264 229 37 992 185 9 208 839 679 13 600
814 679 561 10 699 24 33 173 991 386 559 960 772 32 457 155 426 194 898 594 223 119 732 110 67 862 492 222 521 154 744 304 721 748 220 991 906 418 296 206 605 56 779 44 397 811 639 873 509 179 522 415 994 458 83 571 337 116 569 544 779 264 940 41 29 24 973 882 629 74 184 635 800 955 694 548 482 36 779 299 17 144 621 969 32 491 302 544 968 75 607 480 515 863 274 87 801 238 830 809
523 549 705 352 460 899 850 678 524 534 974 184 873 402 474 231 563 554 145 630 325 160 740 127 617 802 305 274 245 835 669 567 71 926 268 379 261 589 214 920 657 806 487 670 779 958 121 289 224 779 125 424 886 465 82 325 298 827 264 637 666 692 9 184 45 850 432 162 532 418 953 47 501 390 719 927 34 965 527 589 825 902 514 34 169 462 480 662 519 122 168 26 115 142 229 317 22 53 336 22
141 325 601 746 118 211 532 622 223 149 394 532 621 106 597 804 398 74 365 34 807 302 81 800 984 136 618 173 642 116 450 983 803 681 918 561 146 410 465 468 704 108 859 253 507 8 806 749 263 619 139 861 67 294 407 870 989 142 556 518 930 966 150 11 853 349 912 568 986 431 625 909 577 491 782 373 321 235 835 288 714 840 469 567 48 390 195 478 735 451 886 895 386 88 453 56 621 744 92 962
394 115 421 382 80 856 940 190 999 403 479 439 584 108 994 747 719 447 823 265 696 134 254 747 146 712 143 132 221 450 80 436 810 923 827 593 160 671 3 647 687 257 801 777 657 345 547 49 499 508 866 328 352 703 820 502 656 388 754 139 2 639 12 872 400 690 7 11 525 903 773 95 74 259 960 918 913 397 350 853 533 168 925 286 680 250 445 219 589 342 38 531 275 590 993 402 197 762 499 339
502 381 51 582 618 258 592 410 586 201 147 912 281 595 2 564 759 874 134 166 205 734 878 824 869 198 685 566 834 68 109 525 719 449 195 95 691 304 770 47 824 840 90 743 35 230 941 331 71 503 327 148 95 768 549 243 78 750 701 922 224 893 888 996 527 180 265 756 103 16 621 172 895 608 502 105 472 262 118 792 467 637 576 164 643 432 173 17 798 795 18 244 198 329 585 175 256 427 652 796
709 961 668 294 452 979 659 605 607 938 323 655 399 782 74 208 429 287 440 978 690 204 735 600 132 963 154 784 427 243 632 718 549 965 362 768 983 614 957 662 17 552 982 522 531 20 935 772 750 302 62 679 438 138 906 333 227 197 202 65 87 344 126 410 4 891 774 27 972 609 954 748 170 905 396 560 358 290 37 170 321 2 516 525 854 206 552 229 298 239 453 48 278 745 918 137 10 373 417 126
252 405 760 898 680 171 361 458 191 567 55 118 233 104 893 1 81 841 619 646 345 494 585 388 472 164 20 599 433 665 648 68 525 588 608 305 377 72 821 510 423 482 600 166 4 811 743 108 537 647 112 22 10 751 568 822 84 822 189 516 313 209 530 226 195 793 827 456 753 527 897 415 456 317 139 924 916 263 319 743 341 524 356 696 682 148 319 587 1000 946 947 151 53 982 197 994 101 141 432 103
104 286 735 889 785 739 904 817 939 644 447 480 71 909 866 177 819 122 641 867 187 772 383 665 734 755 172 82 185 575 677 177 951 120 794 382 307 797 403 420 406 640 108 835 689 158 392 984 326 891 768 342 625 140 380 877 196 925 154 5 824 9 1 849 540 345 723 878 659 443 609 902 705 200 739 665 877 636 434 434 973 929 510 719 590 6 250 573 654 755 552 509 626 22 582 938 425 414 412 362
526 429 820 778 583 681 111 135 472 889 357 739 750 655 159 652 849 638 968 903 945 183 618 154 232 923 305 124 321 755 909 224 890 539 884 769 596 854 265 389 162 499 594 739 150 339 120 651 625 806 588 461 628 27 9 502 263 872 241 552 709 972 98 156 126 360 644 728 930 394 981 761 449 739 112 394 569 227 153 76 514 455 857 213 278 628 154 253 523 187 695 399 778 145 624 177 93 864 586 76
113 180 561 581 325 78 173 91 566 163 506 436 562 215 465 265 562 635 34 864 26 583 627 303 504 173 145 196 505 672 106 364 545 666 537 625 169 999 316 203 907 430 718 67 296 968 599 139 263 929 572 473 252 281 751 762 196 389 298 490 462 797 624 775 886 954 723 152 556 616 740 768 524 240 565 557 297 616 737 742 976 764 650 935 566 565 973 823 224 421 281 902 653 476 764 713 163 415 977 344
670 657 683 11 712 67 358 663 176 591 258 864 836 762 931 648 356 547 451 378 119 227 891 933 540 446 83 488 327 929 148 232 753 854 813 956 84 239 858 589 153 834 687 30 483 735 798 108 211 303 468 229 488 787 63 30 255 239 210 865 484 747 522 607 60 87 631 921 241 451 42 896 838 724 579 474 323 921 239 59 729 544 405 428 313 734 885 263 798 968 745 5 786 607 198 330 784 351 162 238
1000 629 864 898 321 969 367 109 712 335 944 986 244 747 972 115 702 249 475 11 712 772 338 279 349 148 569 823 789 957 363 220 936 838 469 118 852 907 560 353 605 966 768 17 721 825 104 178 47 499 949 88 557 445 736 387 56 36 268 818 423 579 971 414 45 953 287 692 871 143 515 800 98 695 846 597 128 535 655 667 722 576 268 571 550 205 4 122 659 1000 290 295 235 982 532 782 957 378 397 632
930 609 316 999 784 50 582 570 486 212 475 319 76 8 576 170 547 407 498 51 163 158 205 117 802 983 423 644 26 963 427 976 292 70 372 179 612 664 882 14 490 987 880 759 685 108 735 610 456 103 287 731 275 264 38 502 201 117 267 212 770 318 723 919 651 133 410 19 410 728 109 757 625 198 394 148 23 958 317 779 598 956 954 79 511 18 885 144 159 958 399 30 153 998 926 825 826 620 922 154
840 115 492 102 398 992 225 279 762 93 859 571 645 236 35 470 358 294 28 119 87 216 620 107 58 463 72 886 442 997 474 899 396 563 938 933 458 187 746 24 325 115 570 731 403 623 244 910 38 922 690 15 190 278 445 192 106 137 316 537 18 719 615 636 75 55 137 626 348 384 992 766 549 904 550 984 397 886 365 36 786 398 380 380 367 41 112 283 486 749 446 362 30 241 788 464 425 496 581 756
896 718 917 673 986 823 550 391 553 839 390 418 708 913 465 571 345 395 515 829 373 394 723 609 562 593 132 914 666 934 720 530 414 22 613 134 515 843 537 904 463 777 54 385 148 131 63 651 513 260 264 300 474 77 357 437 457 354 150 455 388 731 788 729 780 541 551 871 803 19 357 315 242 700 536 568 89 349 704 73 204 950 786 274 771 828 268 370 339 103 768 254 572 533 371 623 414 936 92 493
304 953 22 53 188 830 26 860 127 628 871 165 586 696 103 506 42 824 923 220 615 680 0 542 828 723 876 835 536 484 596 687 261 86 578 515 531 402 685 340 808 4 466 222 282 75 403 230 505 736 538 990 592 800 962 685 330 110 399 743 379 954 592 301 140 343 287 663 16 518 367 418 651 580 947 976 152 763 458 511 589 808 937 140 378 258 682 772 197 601 91 990 695 53 961 203 285 693 191 337
83 3 309 604 116 758 210 169 321 634 811 740 340 881 317 786 319 273 698 897 384 755 290 142 67 357 918 999 435 736 828 541 780 369 510 855 341 458 724 608 978 169 620 649 717 619 81 634 85 275 161 112 595 118 615 962 373 207 23 300 656 629 253 347 257 502 1000 327 340 808 400 210 165 74 321 158 786 607 133 789 518 756 400 916 902 226 715 569 276 790 820 650 210 302 805 852 912 257 389 405
170 468 777 580 887 905 64 886 787 448 859 709 864 558 146 463 252 775 985 24 740 376 185 621 628 127 884 438 854 668 533 470 3 884 326 70 123 942 453 140 388 770 577 512 198 456 521 791 178 92 825 22 788 864 863 878 941 558 267 984 560 267 421 199 104 764 540 460 328 93 412 60 870 758 682 789 16 54 141 511 770 209 64 647 34 931 154 919 880 300 535 781 588 5 379 201 318 990 497 462
992 475 509 173 467 855 225 616 645 360 106 155 502 291 959 154 961 368 159 10 468 757 558 982 11 182 175 547 336 898 283 440 15 122 71 341 167 328 658 716 120 455 730 680 952 575 38 22 650 516 302 910 707 637 576 511 509 621 169 306 121 788 861 808 182 372 498 50 723 715 681 484 269 772 102 676 766 20 95 945 236 518 114 353 652 447 407 878 442 626 910 487 798 554 965 539 815 627 184 258
734 642 856 379 164 424 499 283 295 858 130 430 748 551 658 587 514 98 526 793 219 368 910 939 949 279 392 523 639 608 715 623 998 964 615 781 387 550 37 655 492 385 379 751 961 598 591 877 492 844 133 807 676 448 915 299 410 905 414 67 468 272 111 778 680 313 662 99 349 789 25 745 606 220 409 886 653 993 162 47 581 195 968 883 749 374 370 273 844 673 572 544 170 602 768 948 277 276 521 459
66 383 730 987 656 504 77 251 772 684 49 74 49 455 288 222 931 217 330 115 856 947 288 34 929 446 191 238 950 951 818 417 763 317 339 709 532 953 976 476 973 878 349 449 511 313 95 122 643 297 817 892 123 486 359 83 758 823 352 880 187 5 807 789 71 433 279 179 876 749 518 433 757 609 771 242 335 241 991 260 295 10 730 770 261 150 648 283 592 517 473 870 340 857 967 318 1000 580 936 386
785 834 609 465 171 778 30 941 104 648 175 602 380 156 174 933 517 416 796 907 783 47 7 837 67 885 63 520 809 289 329 362 602 261 752 693 160 980 442 234 311 289 662 201 69 12 329 158 645 613 469 634 452 218 866 790 908 691 926 690 227 448 609 371 483 138 198 501 480 902 91 209 491 698 456 58 680 748 852 112 73 552 297 578 365 804 843 862 331 65 178 98 344 111 731 557 967 943 673 287
683 863 603 39 171 105 675 210 931 207 677 709 383 731 341 131 519 215 134 994 953 67 543 579 217 878 220 381 770 426 108 960 355 61 549 980 791 42 273 37 329 164 405 563 861 386 186 0 343 936 3 256 865 140 724 1 686 840 986 724 782 602 969 13 271 354 981 43 698 511 332 679 360 296 806 116 428 733 272 730 705 76 188 63 791 22 490 651 880 685 922 999 562 684 419 478 471 350 754 31
153 198 740 816 20 774 737 828 495 405 88 39 550 358 549 799 733 647 757 70 714 424 831 425 171 602 176 3 3 749 622 972 369 476 11 837 198 782 312 962 120 542 238 72 922 889 627 38 635 64 631 757 964 199 740 180 863 987 122 336 701 768 849 265 370 849 996 365 748 154 205 14 18 310 817 820 949 483 907 2 343 53 125 244 550 708 783 406 923 678 811 687 996 617 582 567 163 899 607 120
933 450 543 916 245 102 789 301 459 524 338 558 230 2 339 38 47 792 507 171 466 672 344 5 544 991 6 694 648 490 962 847 845 738 742 522 841 204 113 228 782 824 885 747 761 269 851 425 699 870 54 559 221 686 750 189 176 890 3 784 985 743 528 685 696 935 580 549 440 875 82 706 562 112 843 903 583 276 498 442 979 704 683 204 132 313 793 881 697 233 421 634 243 268 737 961 236 915 839 829
648 277 25 632 901 283 706 240 615 148 56 206 335 707 627 124 123 285 673 680 433 893 466 572 567 256 941 705 848 83 975 442 677 268 770 289 372 247 567 971 857 536 202 384 260 526 64 54 711 223 39 174 85 16 351 83 966 751 569 955 56 71 823 496 2 36 595 945 30 682 470 198 729 143 193 681 844 944 588 144 395 507 872 798 779 891 474 209 196 452 271 2 130 474 968 88 182 783 789 783
918 941 669 228 419 787 273 477 263 643 217 464 926 542 626 333 33 623 357 355 89 338 363 102 763 830 225 623 516 456 905 505 389 805 206 750 723 148 479 384 706 129 808 414 766 856 145 525 525 578 64 995 766 498 397 304 322 397 774 766 680 250 153 903 464 765 820 749 503 808 934 4 185 636 692 3 887 750 703 883 461 181 152 39 11 192 647 915 433 658 160 854 866 630 777 307 689 290 690 10
573 1 173 793 230 660 232 567 616 995 446 385 473 657 668 176 933 941 636 44 464 525 685 102 123 635 999 107 304 106 189 538 861 791 595 512 71 654 67 823 236 618 166 305 23 498 577 217 229 365 743 960 160 552 802 191 917 675 665 772 965 955 711 194 296 274 962 666 746 417 365 239 206 73 109 292 344 519 141 859 698 721 359 99 400 162 78 640 24 94 935 892 44 295 519 0 436 177 962 969
188 39 54 673 411 231 353 460 68 831 52 469 896 195 376 805 883 864 283 61 561 61 832 0 170 572 209 777 744 61 772 102 325 663 330 731 140 547 865 289 258 262 267 677 553 567 476 791 227 973 377 590 410 469 672 438 188 43 330 784 810 241 837 533 344 768 692 3 342 950 82 455 729 409 830 989 315 978 810 291 165 666 927 94 300 541 336 848 881 125 199 276 826 887 860 216 331 321 874 802
715 4 883 246 457 674 837 358 934 469 394 635 609 147 71 387 167 264 505 325 711 610 644 629 539 404 841 17 141 695 599 0 205 889 759 880 640 672 276 529 138 732 967 52 517 972 850 378 24 651 111 714 243 292 570 447 898 737 117 434 653 174 362 38 863 283 322 439 473 159 820 130 758 67 12 116 905 963 390 96 940 331 574 448 969 561 862 239 123 684 62 833 201 575 415 517 146 4 499 357
37 146 176 752 541 878 333 725 979 418 661 96 713 533 704 474 900 124 304 605 805 361 107 749 221 589 829 953 988 721 197 30 905 392 327 248 769 330 361 332 368 356 10 232 776 279 922 847 385 632 108 115 399 317 871 257 971 189 773 11 355 658 436 557 691 522 124 48 374 842 91 86 857 76 571 930 678 829 245 528 200 231 1 30 382 696 378 434 475 592 715 35 319 435 185 880 366 717 768 423
106 162 65 492 13 6 306 272 332 1000 370 340 685 391 153 81 189 142 853 580 981 513 41 869 132 329 365 14 422 817 724 653 376 394 323 43 890 822 21 936 189 428 643 893 46 779 482 758 676 876 939 596 208 227 31 356 592 610 364 45 505 121 45 275 784 447 13 210 16 113 938 284 597 61 331 342 11 355 707 253 421 800 697 295 601 43 257 576 815 329 245 28 944 534 851 714 974 923 88 148
428 644 724 802 82 183 746 835 775 452 540 603 574 162 819 217 577 918 694 684 904 762 986 912 666 8 158 771 517 427 944 725 889 145 544 590 263 664 484 136 954 517 819 749 396 221 60 552 796 437 61 822 946 100 627 813 417 842 243 626 66 483 859 205 46 978 586 881 259 517 437 392 176 709 662 180 169 909 169 306 727 401 575 822 144 189 525 77 557 926 203 251 380 505 313 883 734 520 554 749
709 387 846 936 385 320 444 63 397 793 816 121 31 154 239 126 631 140 479 787 985 917 769 197 682 148 419 577 735 458 615 915 636 360 858 101 281 803 13 974 712 794 56 529 565 950 424 264 991 945 866 896 263 32 695 834 83 518 141 180 985 345 20 914 209 48 322 778 27 169 303 169 706 163 451 887 945 348 405 742 240 599 498 586 523 701 500 948 483 90 355 733 96 476 792 367 774 18 338 109
205 838 278 111 750 788 586 552 264 949 59 11 624 326 976 56 581 44 746 151 904 792 962 970 717 446 807 393 609 671 932 867 896 248 913 318 126 138 622 329 297 601 148 683 79 502 418 424 307 240 529 765 344 926 410 257 442 426 172 906 497 966 758 492 170 227 779 701 626 847 0 689 623 139 795 840 441 295 111 204 144 323 644 946 42 547 134 344 765 997 109 137 272 365 440 298 249 657 632 615
904 898 645 61 570 396 184 762 129 216 598 426 877 252 296 235 119 19 257 897 227 851 663 121 719 692 605 925 279 509 248 949 540 832 753 805 771 328 775 791 328 674 724 556 393 693 719 304 819 737 397 59 758 275 947 357 2 766 384 751 561 257 759 592 927 28 930 649 825 849 195 352 295 448 147 508 59 27 74 999 738 658 613 182 812 164 331 17 186 853 184 125 714 120 27 720 626 529 392 80
201 886 307 495 878 493 89 813 957 646 860 578 207 387 868 0 249 516 761 336 824 796 971 720 714 746 477 605 803 284 434 467 86 502 994 57 557 409 299 118 112 850 647 535 418 970 396 682 484 272 282 151 188 734 515 21 185 796 416 72 855 876 127 390 270 952 691 822 816 975 868 670 214 41 386 773 471 348 828 905 396 930 312 420 218 921 485 413 853 856 10 830 339 973 615 470 552 431 928 633
120 922 287 479 886 454 551 63 812 374 860 314 300 849 241 524 614 270 446 947 932 482 66 176 734 30 357 807 812 330 686 925 269 937 126 850 777 483 976 821 914 488 643 568 782 641 855 333 222 312 969 598 453 947 379 984 845 510 178 632 162 912 714 820 807 550 759 717 340 244 716 326 883 778 513 529 418 414 554 303 735 807 50 157 951 648 498 948 584 682 322 717 945 342 410 875 13 286 837 718
536 764 764 278 629 606 749 24 62 535 172 484 907 142 739 793 97 58 144 575 66 587 416 507 196 916 376 174 910 30 761 133 760 671 467 296 769 910 311 112 680 3 306 848 276 525 331 354 720 314 890 240 829 436 821 51 784 792 707 848 565 557 923 995 189 533 46 52 161 848 178 466 638 633 657 591 614 653 589 902 916 834 40 865 604 606 704 952 840 899 371 809 941 106 255 347 663 138 548 578
734 241 405 862 946 439 636 357 163 575 879 441 811 189 621 969 731 953 551 464 509 665 905 69 445 817 284 610 18 90 124 671 22 709 680 176 833 197 602 781 538 866 600 12 84 603 217 259 942 777 674 248 945 768 626 508 987 381 797 47 226 663 738 562 734 766 516 485 567 58 227 253 872 139 895 600 397 985 396 548 567 95 914 940 244 882 735 741 722 66 533 803 31 9 776 591 540 728 799 812
36 149 931 536 431 240 767 580 349 377 699 632 556 156 662 560 665 189 60 972 565 701 751 719 884 168 880 823 37 326 512 269 713 372 975 508 347 632 292 300 608 962 372 833 216 110 103 819 142 740 790 964 249 134 682 129 463 154 605 593 415 800 145 458 999 820 240 198 729 883 103 140 559 582 854 580 57 451 397 807 175 802 302 145 231 732 910 70 439 411 962 402 651 419 397 921 213 91 93 808
331 594 72 443 135 544 240 511 690 666 634 332 8 345 791 984 309 662 212 726 560 28 401 566 259 711 720 337 891 840 997 129 879 868 854 664 936 698 459 686 752 580 562 533 766 876 567 975 338 354 470 936 836 203 250 278 536 660 338 881 775 844 44 657 485 468 961 808 662 1000 955 87 0 696 78 194 437 542 610 302 600 173 988 662 696 138 288 8 792 546 191 226 792 768 998 377 317 331 782 142
706 679 505 840 34 890 659 150 169 175 605 977 858 29 333 902 197 153 183 487 639 363 446 773 377 419 155 724 828 703 578 214 627 948 322 499 257 397 906 392 463 322 875 693 950 560 974 367 459 154 259 314 50 143 761 201 453 908 378 785 410 670 236 73 780 531 457 558 0 793 88 897 482 728 598 13 957 786 273 489 117 269 816 811 876 831 639 182 334 189 857 21 703 982 289 977 852 866 603 474
260 894 534 980 709 2 843 145 331 927 690 200 793 286 918 976 841 392 217 302 509 401 806 658 1 330 510 68 440 602 9 657 234 388 488 3 722 907 968 924 698 276 928 144 140 991 537 1000 879 304 78 752 856 127 780 356 258 697 712 319 523 245 658 767 91 530 305 61 56 873 458 372 835 251 603 186 306 51 495 983 939 233 492 848 370 765 878 159 334 550 819 517 57 283 472 953 23 271 925 0
37 709 907 174 363 291 956 72 330 398 478 363 750 814 117 849 488 614 680 806 795 732 876 759 745 550 34 679 233 168 540 212 79 808 379 715 954 902 463 370 94 110 757 421 597 752 886 639 591 334 752 724 112 153 951 19 395 690 621 915 48 665 965 604 337 97 447 764 596 717 665 789 103 660 477 868 611 158 711 551 582 808 35 512 850 508 991 882 476 20 753 290 130 31 877 848 956 974 956 519
303 684 998 970 195 632 869 331 590 418 834 567 481 889 319 996 677 897 870 988 964 484 965 232 716 819 790 388 287 413 773 812 527 48 146 518 739 688 124 682 365 548 198 915 603 52 104 726 706 164 369 502 913 874 934 703 404 145 480 693 846 567 985 881 240 697 962 543 187 656 96 239 307 89 92 666 126 496 134 555 577 364 94 55 192 15 568 35 744 438 186 792 801 411 525 783 670 907 397 269
723 569 446 333 847 899 130 947 80 203 234 953 398 440 20 20 717 390 688 542 751 486 478 431 125 148 427 523 414 53 547 352 27 338 766 776 835 426 814 158 388 121 472 594 161 225 246 198 69 731 72 797 193 555 955 128 637 986 481 855 21 897 103 250 967 453 601 700 807 416 152 874 338 500 293 677 900 95 50 564 131 642 251 960 758 17 591 701 190 924 848 194 39 176 816 669 447 821 799 229
705 970 614 358 709 742 395 558 719 201 423 816 128 390 116 693 295 921 491 43 621 741 749 786 142 736 722 651 565 839 419 285 744 29 216 148 78 841 870 721 414 946 343 453 990 766 100 989 275 573 758 136 904 875 479 383 719 499 877 956 401 703 37 212 605 517 78 346 541 626 843 866 149 924 122 149 549 836 200 272 805 124 671 163 693 534 307 817 313 567 599 38 244 749 265 459 800 631 0 452
513 149 980 707 158 280 993 362 915 689 949 770 162 931 700 917 666 124 345 122 930 502 781 573 679 734 617 378 304 450 283 764 406 948 620 632 790 846 67 788 934 724 660 585 131 37 947 548 688 365 970 751 344 903 501 710 322 739 567 105 273 383 394 705 237 467 792 522 792 785 824 124 364 838 807 343 963 217 467 119 135 789 761 372 135 110 422 414 866 166 85 823 118 310 864 888 145 840 425 60
380 746 841 158 543 683 713 450 952 812 682 484 708 195 476 839 134 440 70 678 473 39 883 533 808 365 486 919 1000 214 256 75 815 333 770 996 660 696 862 901 802 967 370 490 999 737 34 249 235 32 933 711 423 738 569 604 752 552 377 594 582 889 756 775 909 785 811 468 738 743 978 993 700 865 964 779 475 422 297 141 943 561 330 568 890 318 998 293 754 328 942 773 294 995 701 321 887 445 357 487
300 287 581 987 378 388 343 758 743 840 1 183 835 94 216 512 572 990 533 976 706 835 90 330 644 135 430 84 683 385 628 409 14 957 972 957 427 594 674 538 256 445 695 979 249 915 307 377 200 392 222 426 989 757 423 343 875 546 686 315 55 363 784 481 645 250 246 804 15 969 62 683 382 121 328 969 644 669 583 685 919 947 645 374 971 746 854 745 161 535 507 843 725 654 628 262 846 114 963 895
142 784 50 548 399 194 40 445 544 847 219 299 20 927 450 211 4 698 78 492 764 552 255 874 763 952 763 270 96 387 653 143 739 308 565 985 425 447 52 511 143 992 211 723 554 301 181 308 767 264 411 699 929 935 228 161 812 701 851 624 779 475 211 591 823 337 440 635 873 889 168 538 604 38 727 127 896 100 844 722 109 112 875 411 395 565 886 365 935 576 141 188 329 443 26 844 802 135 300 783
612 726 557 276 511 788 228 648 414 257 865 83 147 365 680 541 849 228 894 435 286 362 612 858 736 766 436 508 995 648 222 283 909 114 934 392 537 477 446 502 695 246 926 84 619 365 939 932 834 706 923 810 517 123 320 912 218 674 142 424 253 528 827 461 698 502 103 605 313 984 278 482 750 295 663 100 917 647 716 722 418 791 899 54 657 419 632 353 486 421 642 80 699 34 317 325 799 286 754 191
383 964 549 422 704 907 949 525 587 199 504 95 539 625 67 643 717 903 961 330 451 490 419 216 34 31 680 625 984 533 120 796 462 548 841 18 365 57 234 586 378 793 297 249 405 592 489 946 808 765 980 391 274 442 884 925 472 699 384 608 226 856 732 341 58 826 770 358 668 66 894 0 917 912 123 682 974 558 949 920 901 375 354 672 804 75 699 100 997 78 782 710 344 943 660 373 12 821 547 107
674 734 968 994 419 853 126 168 775 116 789 10 233 19 108 511 595 82 645 32 765 924 454 16 857 817 187 0 980 419 523 716 911 196 609 93 367 339 172 348 462 283 146 728 840 506 520 802 501 362 677 588 777 432 106 563 117 887 381 53 541 566 813 207 551 789 948 240 509 622 127 982 82 27 538 585 89 954 11 299 731 308 290 428 235 783 706 532 45 724 392 795 409 14 860 782 446 347 12 589
679 545 132 325 915 307 382 279 92 786 175 215 251 392 368 768 399 769 422 363 550 444 536 78 148 416 192 678 174 365 102 427 592 583 308 369 482 279 542 406 299 796 336 208 102 947 654 743 967 372 989 812 894 589 59 603 703 742 59 297 15 543 388 848 917 768 876 398 658 970 765 132 35 192 24 559 46 200 838 3 458 298 345 546 136 820 969 302 110 329 324 129 920 680 396 658 256 771 985 189
616 905 933 245 148 743 460 997 430 286 643 628 752 260 646 911 14 321 281 947 719 154 122 964 288 779 677 747 395 522 83 785 923 552 689 602 486 229 852 964 849 653 226 336 474 526 109 514 441 345 22 636 736 119 639 422 522 425 632 600 221 631 574 743 588 117 181 990 120 251 901 328 871 366 411 794 158 654 167 339 724 435 263 67 82 533 210 183 751 131 867 644 122 164 820 582 593 208 227 856
273 702 136 364 736 879 179 341 903 383 942 938 78 222 558 636 984 355 710 344 372 450 926 192 692 159 366 756 791 240 758 980 336 772 337 561 379 103 47 56 265 548 478 273 764 676 863 654 666 519 876 50 968 474 682 63 978 756 220 113 317 513 843 439 516 881 663 310 427 3 163 920 505 825 460 594 963 289 701 434 275 894 368 734 538 322 421 805 422 704 627 699 438 114 482 586 753 352 904 731
543 115 83 658 201 169 443 782 956 535 750 633 972 973 419 341 669 601 620 942 538 875 82 839 196 991 335 902 393 639 711 548 633 78 219 665 426 715 511 25 976 360 581 334 820 973 286 246 47 269 668 606 581 821 263 170 969 345 577 940 965 805 28 419 450 587 757 357 266 795 108 257 974 959 567 846 588 525 178 808 824 321 812 579 551 713 635 809 26 201 476 333 461 139 844 543 395 350 167 146
544 600 217 869 257 492 765 271 370 106 704 414 242 153 685 852 72 720 493 568 889 609 27 367 249 402 811 813 881 518 624 669 328 476 35 121 999 116 951 791 642 389 156 320 875 794 448 770 266 847 233 242 985 681 34 921 997 539 994 461 771 997 181 797 503 823 533 389 878 969 210 658 164 636 760 885 96 709 947 143 510 564 653 128 694 857 671 177 275 744 428 574 744 403 93 864 616 607 282 521
152 688 987 668 40 216 596 853 478 670 755 165 809 449 251 151 167 395 869 628 363 735 691 572 459 109 21 751 39 724 97 170 318 332 523 822 73 461 183 318 772 58 659 222 680 280 558 886 76 825 601 97 959 785 105 275 255 697 94 426 16 304 446 59 860 640 601 318 644 438 716 153 768 123 214 558 668 877 452 238 669 338 598 379 557 892 394 603 971 624 727 500 964 998 875 327 329 308 237 846
504 39 473 166 69 83 667 67 331 673 589 911 568 550 967 150 497 532 717 866 402 332 853 542 440 393 62 566 419 712 67 218 748 402 986 9 914 369 195 513 143 602 830 563 522 760 75 757 470 419 251 190 833 371 774 390 784 926 46 432 32 232 17 295 920 956 185 485 69 489 813 556 420 289 512 953 183 780 437 809 549 154 648 827 898 583 311 836 726 186 925 287 804 518 260 815 641 662 435 520
905 721 263 546 213 419 869 944 48 337 212 441 798 657 98 491 144 485 374 969 917 59 113 893 902 7 443 154 17 834 221 7 435 579 704 229 945 729 927 354 298 704 143 896 652 681 862 909 807 451 485 225 412 921 926 918 166 155 70 902 910 49 54 281 757 448 523 869 172 201 469 701 512 532 795 612 883 513 891 465 277 330 969 700 549 690 432 576 834 361 197 40 99 54 307 602 425 213 199 719
777 989 170 516 589 854 99 524 325 365 138 939 768 697 63 922 811 317 531 762 242 225 790 39 695 991 101 330 64 213 775 152 332 846 646 313 345 475 500 67 186 432 707 890 437 327 269 493 896 5 848 177 934 881 201 250 382 664 82 813 822 988 374 628 308 180 652 980 715 697 309 414 439 292 702 439 434 348 4 977 55 783 819 356 852 197 955 709 870 59 403 241 338 849 779 369 260 487 294 748
700 606 683 257 749 521 512 710 974 994 493 119 932 906 408 721 873 280 655 939 689 700 356 452 874 832 378 920 713 746 324 24 5 961 471 521 668 856 57 616 871 206 127 71 164 35 389 638 557 260 391 925 181 206 752 420 642 768 368 415 274 2 448 949 773 619 917 531 724 132 697 115 145 939 610 133 211 789 562 938 454 97 188 749 592 988 1000 340 936 915 403 375 459 289 905 172 223 531 223 335
592 897 397 762 139 494 212 331 911 73 307 235 136 538 170 848 781 888 493 157 547 406 334 185 836 189 139 206 195 787 794 316 122 259 135 970 734 954 317 579 994 582 964 986 893 732 383 516 354 51 551 782 837 171 763 274 509 33 881 398 71 385 750 418 526 994 406 780 165 429 814 517 262 262 195 875 401 759 649 339 302 720 129 957 102 460 712 356 314 835 197 451 184 552 646 260 383 160 893 544
144 932 962 754 620 442 479 174 635 508 644 29 693 569 616 905 805 349 567 705 702 87 586 247 862 961 732 580 606 331 435 817 208 920 736 695 427 767 935 42 633 838 281 207 553 477 284 497 607 17 469 847 136 897 494 95 718 186 263 90 897 897 587 836 825 948 823 406 721 60 997 493 457 828 770 6 785 227 182 511 313 505 485 537 494 441 940 123 957 196 29 579 654 664 669 161 570 975 626 998
117 38 332 464 226 2 586 417 557 459 457 482 143 132 342 198 291 440 404 338 525 631 218 887 90 222 120 409 21 153 120 954 416 784 447 594 640 874 908 123 617 704 249 322 980 523 200 657 171 69 756 698 155 289 859 562 230 630 571 961 104 661 783 39 99 848 142 104 726 278 663 546 558 225 774 56 691 849 244 752 728 252 432 852 900 623 316 302 161 901 413 201 179 852 477 603 570 922 661 46
117 637 116 549 619 897 519 32 275 386 494 687 269 907 584 192 806 723 883 331 127 123 590 224 706 92 805 190 323 319 960 102 663 155 838 189 786 569 558 388 277 799 718 702 603 435 532 853 9 313 282 718 228 958 367 914 598 248 880 625 468 488 881 139 414 812 841 705 42 409 5 12 265 759 893 436 379 945 315 356 710 696 517 723 749 996 494 515 228 133 307 747 828 873 411 194 484 612 557 807
464 201 42 445 603 357 739 285 19 930 687 644 789 452 351 52 337 741 875 668 122 70 173 168 169 546 76 388 736 843 360 648 943 846 19 602 558 992 931 934 35 662 680 957 38 426 160 792 914 300 418 759 983 555 324 471 814 664 256 915 719 253 340 529 298 785 212 865 802 543 683 422 510 797 644 8 154 262 455 633 82 124 384 688 682 65 870 170 669 544 964 396 418 961 596 86 587 462 146 682
250 818 55 738 638 311 65 417 723 353 52 971 932 418 657 6 896 385 496 178 398 717 221 333 221 59 98 303 184 709 920 54 203 169 101 975 146 459 218 907 252 662 76 33 291 194 307 849 364 716 226 148 980 866 718 771 441 671 86 493 521 611 614 819 795 827 491 962 212 825 609 70 223 224 440 743 271 226 584 205 336 315 624 103 305 519 369 134 252 916 819 894 702 720 769 561 710 371 738 966
38 869 230 187 488 873 181 276 566 713 934 417 820 389 212 588 976 749 927 993 55 575 149 435 189 887 419 922 347 284 768 519 762 580 862 242 859 602 651 432 741 546 982 453 435 977 40 964 405 323 836 72 428 372 585 460 208 596 50 588 155 517 181 232 2 899 486 227 743 776 31 727 302 766 104 121 847 419 485 526 526 892 409 298 202 690 20 485 423 937 89 793 134 197 896 400 374 298 729 67
399 911 624 74 359 656 503 462 572 667 638 51 908 379 142 972 575 727 150 139 735 19 313 542 477 252 393 93 377 601 110 109 676 496 800 793 376 320 446 178 364 63 466 651 524 618 369 24 896 449 815 953 209 324 167 514 211 362 449 748 794 261 543 91 811 483 614 119 568 905 690 651 984 669 3 52 22 653 795 933 933 105 315 725 35 84 128 451 994 855 550 225 178 429 809 344 83 469 329 350
105 439 973 849 467 153 913 169 966 624 905 20 812 434 861 172 332 40 24 601 582 81 204 229 958 860 576 295 903 742 625 940 777 604 21 943 78 200 516 356 524 113 549 211 15 376 631 831 260 548 850 34 16 603 651 988 189 508 437 228 392 514 192 268 226 229 913 119 701 73 915 9 752 212 537 573 186 243 328 25 536 943 340 828 511 202 811 201 919 221 14 309 189 228 411 398 344 351 551 925
92 268 910 942 382 459 217 496 107 670 542 530 360 483 821 51 22 820 615 917 861 60 443 428 920 72 369 798 725 193 218 446 461 266 821 955 821 276 251 667 182 670 227 565 91 652 659 759 257 56 701 966 235 299 301 361 809 257 315 712 901 154 712 474 56 692 663 109 302 152 917 863 342 851 321 267 559 361 542 835 147 859 7 47 385 984 637 461 940 442 970 343 298 343 773 310 632 48 282 867
458 374 154 809 341 135 789 665 210 349 213 463 516 340 718 558 276 133 940 177 273 0 304 254 882 803 245 217 315 135 239 698 135 284 425 673 302 417 363 280 609 217 521 751 439 171 330 687 761 786 55 647 535 284 952 6 991 776 135 657 618 315 15 236 724 827 334 116 254 11 169 146 789 992 370 904 868 422 619 683 560 66 0 96 784 889 570 536 687 847 63 758 526 327 253 608 383 937 149 900
452 328 320 38 867 187 154 515 403 977 808 522 531 587 334 430 551 14 871 950 546 123 960 422 809 571 940 978 57 572 368 324 291 942 651 989 453 913 224 802 634 983 82 660 991 397 676 221 552 74 481 631 278 140 540 323 613 362 79 982 841 697 841 732 859 700 21 872 60 924 255 214 257 811 751 108 724 613 401 5 962 801 784 271 4 363 518 393 573 62 871 18 454 833 865 383 164 962 457 210
554 0 421 963 361 588 146 277 683 355 702 334 759 803 999 214 364 562 682 317 327 370 123 675 903 179 815 932 613 868 511 882 887 551 576 710 917 319 75 691 784 825 115 118 964 891 944 694 405 965 469 500 394 606 788 73 8 828 203 868 546 886 698 926 106 597 513 779 289 52 210 71 638 629 335 273 805 273 574 689 321 310 315 136 221 539 722 440 566 350 960 539 16 334 779 109 255 148 124 864
664 639 166 381 321 821 114 893 127 252 760 46 726 742 751 866 76 201 48 932 288 228 120 230 356 205 598 209 258 610 992 691 417 801 889 480 171 645 377 466 224 841 413 343 480 358 439 864 808 945 289 738 334 205 103 991 695 838 293 121 614 540 725 46 316 279 733 844 533 925 569 308 446 960 253 11 642 662 469 511 534 400 87 841 121 876 237 170 208 32 783 513 855 760 326 641 863 657 829 867
46 129 524 97 477 986 25 36 238 725 989 697 2 190 384 500 618 862 408 476 600 105 184 606 988 438 322 924 296 815 51 495 788 461 872 988 806 608 886 629 379 258 398 89 306 447 392 435 506 319 362 880 202 842 193 35 876 614 788 456 514 159 372 473 676 860 86 148 984 567 796 40 63 863 808 104 986 33 523 366 215 405 6 208 562 522 104 90 271 380 658 575 29 378 717 185 420 316 382 742
318 367 857 781 426 242 904 217 659 13 148 765 373 305 384 927 286 107 1 240 477 166 330 491 979 813 866 887 111 530 168 988 747 707 228 890 116 486 761 113 34 950 451 206 403 201 228 552 768 532 793 628 956 864 506 617 316 138 518 936 253 222 354 330 13 928 886 154 303 791 931 178 931 986 676 356 519 287 243 953 575 844 795 515 169 899 9 25 623 621 823 405 415 265 143 379 665 557 380 230
866 738 122 16 780 402 700 459 678 480 830 837 399 457 770 423 312 795 806 50 378 538 515 120 783 486 641 717 382 722 47 437 639 670 417 643 860 147 956 740 66 321 673 98 966 592 866 119 531 165 54 541 781 651 203 367 434 457 303 576 45 563 884 437 503 509 571 458 37 517 442 542 777 597 204 812 0 553 455 506 593 53 146 714 74 944 279 714 118 529 793 653 299 224 820 482 423 86 65 186
855 216 604 224 776 455 497 559 303 95 340 578 317 54 561 547 832 362 746 418 127 966 383 288 154 453 152 311 182 169 823 287 667 280 698 141 940 401 332 457 473 773 261 452 690 729 80 58 834 926 555 745 323 491 676 776 464 707 162 564 971 418 842 363 699 348 162 576 324 757 105 804 23 106 544 844 784 674 315 543 456 733 791 715 718 243 372 408 509 943 119 601 15 878 226 786 114 565 424 124
27 974 342 50 673 122 56 17 758 852 701 819 868 672 530 724 2 441 102 969 802 547 373 392 934 155 429 128 31 645 249 710 41 590 221 472 620 146 100 726 88 398 584 975 465 705 989 83 931 231 941 369 389 560 661 422 255 598 724 914 794 640 763 112 906 122 782 514 240 778 415 993 233 612 199 458 782 614 960 584 732 317 101 505 645 154 261 928 650 695 766 766 382 815 337 88 279 61 336 647
167 334 268 208 290 3 147 938 368 659 780 78 209 392 907 511 97 491 814 354 912 422 99 659 198 989 884 704 132 945 263 982 661 41 394 876 706 384 184 166 623 78 301 835 896 379 281 190 731 396 770 141 325 9 127 359 338 610 267 317 597 413 598 277 980 520 192 845 313 108 804 556 675 591 494 910 475 608 309 461 846 149 916 725 570 997 234 917 487 257 584 50 364 196 336 116 425 596 947 332
524 32 264 501 713 326 358 160 751 88 821 354 268 764 837 488 190 833 213 109 324 250 711 689 292 718 382 75 13 242 451 817 778 865 263 46 871 352 992 877 930 881 806 346 266 239 206 584 845 954 644 692 520 308 452 546 613 766 354 893 541 334 313 683 48 939 143 631 240 872 573 590 209 420 474 985 926 752 65 970 503 792 345 814 962 922 458 266 873 284 88 24 712 736 936 91 20 872 445 500
705 487 367 481 245 853 448 851 701 502 25 947 881 693 260 137 536 516 371 118 861 220 345 248 667 70 769 589 821 1000 628 4 52 807 702 281 518 613 657 602 868 108 464 527 678 142 833 745 262 918 160 721 149 967 671 208 712 546 369 117 643 765 768 789 559 359 509 476 724 609 107 736 107 390 354 413 275 194 329 223 959 895 139 867 934 360 321 918 544 826 384 321 171 155 418 475 651 797 737 749
637 700 349 768 312 308 889 634 15 611 115 585 705 210 645 757 922 723 602 848 15 806 609 936 988 359 278 490 293 305 537 391 122 189 335 119 943 65 559 538 737 230 124 869 789 717 712 390 44 476 313 707 50 627 937 265 520 885 519 136 860 867 803 890 137 741 462 572 301 730 61 373 165 7 365 881 742 308 563 841 716 72 976 603 385 248 520 904 543 118 11 694 343 651 446 539 744 674 891 905
860 566 717 112 939 136 466 839 715 550 392 977 616 974 438 566 157 71 413 248 867 617 586 55 675 264 368 854 212 707 706 156 12 28 107 548 262 402 350 111 362 608 542 565 475 127 458 698 549 226 449 444 639 640 561 469 514 291 495 501 763 678 616 37 520 25 784 449 38 25 805 513 969 94 825 199 268 442 716 63 101 56 960 396 117 197 38 311 934 270 531 561 818 544 219 173 935 483 992 180
208 134 689 815 657 199 287 174 832 635 957 784 542 31 700 963 703 991 849 208 131 649 799 348 194 580 148 101 795 411 177 537 39 27 236 664 776 462 890 516 197 850 95 867 999 938 85 949 887 268 688 46 607 115 535 379 866 894 991 862 280 920 916 535 107 722 226 560 455 907 458 912 421 607 250 191 315 791 877 949 414 518 667 24 162 104 87 558 272 489 57 76 213 359 247 703 507 316 172 190
515 24 346 923 575 361 636 503 232 276 325 89 160 703 437 102 971 392 543 295 92 71 820 245 94 798 522 195 566 114 359 761 198 818 868 64 427 19 385 305 307 469 970 271 355 959 491 888 8 858 419 450 236 454 595 99 528 297 299 650 147 99 151 90 787 352 295 966 46 895 953 792 296 714 609 155 39 514 596 284 676 327 633 577 56 895 0 978 379 978 6 929 300 682 492 808 872 603 354 509
393 42 297 128 384 950 506 424 414 447 270 676 838 890 206 937 526 30 195 193 169 378 339 237 272 849 358 471 787 737 1000 582 159 28 420 502 5 358 760 314 609 82 103 795 471 630 364 556 711 26 58 107 310 2 172 694 770 862 436 736 289 518 637 110 363 143 843 120 534 131 947 84 885 209 19 483 380 208 415 760 84 788 870 573 231 226 412 869 683 37 167 652 475 270 872 59 646 582 639 502
647 700 350 740 125 862 258 783 149 826 156 239 91 364 428 273 70 577 753 417 795 147 746 808 593 320 948 646 927 176 85 976 487 748 523 567 429 285 196 70 281 57 629 482 666 595 271 641 966 622 416 177 188 263 750 531 445 962 177 626 721 91 598 261 461 938 791 457 177 57 536 769 56 918 16 624 4 940 275 956 441 458 873 187 134 980 692 108 22 455 23 104 836 939 122 415 344 200 851 783
119 485 712 249 105 676 963 383 780 878 831 443 406 784 200 480 433 825 419 553 667 725 480 632 724 329 877 325 918 609 64 527 169 328 405 513 840 275 911 846 281 514 750 103 203 483 867 292 308 1 107 362 764 604 404 25 33 766 684 377 977 999 10 162 464 82 222 970 252 150 451 124 740 114 653 102 609 246 721 259 551 524 878 778 702 507 9 828 837 14 921 989 102 533 625 255 187 618 919 526
781 293 733 405 985 953 859 413 427 343 534 227 174 14 429 108 893 929 868 715 285 698 803 996 741 982 243 603 109 922 0 888 368 575 272 78 715 7 191 378 413 529 46 954 420 466 898 9 438 677 970 425 22 272 394 154 752 418 656 389 0 646 971 821 784 45 550 637 53 517 734 279 575 311 919 956 555 394 1000 372 745 300 62 785 931 149 419 922 724 596 247 874 46 886 98 304 442 546 953 342
251 83 286 165 295 726 247 524 683 23 983 342 574 396 983 519 657 359 428 808 919 885 250 489 926 114 526 916 973 623 283 521 545 498 161 362 422 604 824 619 328 699 562 641 855 360 315 413 241 363 195 169 555 288 252 818 83 330 822 324 466 631 909 138 584 730 819 701 899 318 272 352 608 154 442 822 596 783 797 787 842 479 577 888 247 151 921 782 708 958 747 492 292 259 731 796 34 957 566 488
393 568 506 829 849 943 284 816 894 369 891 660 547 306 905 930 236 417 5 670 816 350 565 418 381 217 56 818 292 520 872 551 13 335 621 931 534 85 50 397 24 857 729 494 219 52 808 4 814 733 596 488 867 296 575 54 61 241 937 169 389 864 556 1 704 639 637 570 786 929 234 471 348 158 647 991 952 880 778 860 524 693 643 676 522 98 867 694 916 961 644 656 562 38 924 506 889 830 525 543
80 280 622 819 285 247 200 615 324 548 108 529 858 696 254 431 782 131 470 110 351 979 320 226 908 689 950 950 273 879 642 630 430 224 616 784 544 173 996 750 614 919 297 254 708 284 924 126 335 537 144 394 821 383 381 619 753 789 484 364 881 592 234 11 940 783 836 540 131 905 248 984 91 239 280 636 854 43 612 630 122 618 141 973 722 595 360 716 727 947 48 815 80 147 887 981 429 971 387 221
275 569 53 780 455 741 90 922 514 982 241 559 541 281 358 188 33 472 64 747 693 170 881 940 725 622 477 366 215 990 875 645 143 944 736 585 62 371 72 149 754 340 219 12 275 788 815 688 287 176 961 96 725 809 4 369 507 318 679 125 866 205 840 191 773 207 922 510 376 689 234 571 408 351 576 967 650 822 464 550 3 937 23 508 860 813 440 83 396 612 542 810 820 530 67 420 481 368 878 131
549 335 505 293 244 448 0 765 687 131 581 912 893 204 1 345 916 34 817 727 125 380 18 258 557 692 888 766 523 371 448 746 227 284 164 197 262 342 701 365 79 567 92 561 530 928 513 488 310 244 169 534 827 930 16 537 580 923 472 532 772 454 702 232 880 103 169 957 754 587 77 876 271 929 993 979 836 733 842 631 346 429 169 265 93 584 856 996 153 582 823 598 903 220 779 795 680 670 16 753
497 222 271 518 720 292 821 632 583 669 278 818 571 136 720 548 319 728 563 851 375 602 633 360 913 975 998 452 798 29 972 988 406 49 148 357 635 73 519 295 460 432 923 959 535 509 998 428 820 415 607 517 82 679 992 871 137 622 392 610 68 73 287 188 106 590 195 657 577 397 699 617 857 345 245 29 424 815 163 258 85 557 836 598 654 932 482 838 845 690 636 813 354 754 394 273 65 853 828 931
592 134 999 377 868 858 205 750 938 166 124 327 418 224 654 194 605 613 787 703 430 255 157 663 967 484 630 652 635 970 697 44 575 850 702 58 989 904 26 963 507 136 99 15 45 190 689 863 570 812 880 271 162 726 67 919 627 888 349 322 177 915 859 915 414 100 658 144 473 854 46 411 137 576 368 53 694 773 145 154 397 604 827 448 361 493 948 280 61 890 292 419 265 962 267 397 404 388 335 459
580 935 756 691 351 211 750 33 786 885 336 796 954 272 376 608 84 87 924 222 684 11 588 143 258 827 391 348 81 339 282 447 153 435 342 200 611 50 205 169 615 542 492 524 553 568 35 667 505 255 564 896 478 48 822 540 864 239 406 939 187 102 28 958 493 913 26 151 824 599 723 626 60 420 514 483 225 62 294 166 314 770 856 810 494 48 641 94 729 415 496 264 958 633 537 128 599 663 589 122
966 891 801 119 89 268 27 904 236 495 116 797 948 188 985 582 110 884 96 191 515 200 182 650 691 850 621 346 606 76 992 728 370 635 691 6 802 60 131 130 185 626 88 918 919 64 180 494 145 875 695 674 200 435 617 419 774 859 907 206 572 22 341 774 268 423 945 629 744 829 147 346 377 823 17 931 725 529 194 317 655 175 764 451 244 467 724 979 795 753 652 359 991 876 64 7 174 169 195 735
87 633 866 639 833 12 754 158 205 756 475 619 398 560 983 180 331 365 495 323 394 616 226 427 552 101 170 787 512 433 497 626 896 854 904 481 103 491 128 814 319 350 950 449 207 377 583 145 62 314 893 467 667 751 858 540 337 175 200 945 223 821 624 572 870 146 319 31 615 40 501 382 111 942 703 616 484 911 28 467 502 189 557 786 610 578 732 672 484 252 140 972 630 232 584 602 353 854 455 199
429 448 816 466 772 358 194 5 773 822 620 759 67 274 517 760 40 28 327 882 345 244 118 551 308 420 541 257 263 687 689 219 537 224 93 267 966 372 110 950 330 609 555 897 124 441 946 417 988 675 626 260 495 623 927 21 313 823 168 412 866 455 378 277 91 752 111 280 348 561 536 781 586 882 870 600 36 704 372 301 108 279 707 266 68 773 717 692 500 748 84 897 547 600 206 218 725 106 269 453
503 221 22 335 919 395 160 800 508 935 289 196 477 892 51 649 668 813 834 17 179 385 2 341 38 484 639 121 280 145 81 718 647 926 105 930 606 540 630 518 133 944 112 6 353 900 538 208 303 599 324 538 85 945 984 820 94 9 488 274 12 30 112 555 818 248 136 654 716 865 146 189 253 788 485 324 964 820 818 400 47 196 215 241 143 296 678 262 319 843 356 174 636 922 222 811 65 425 154 618
811 646 811 220 574 279 53 263 85 312 303 380 785 194 663 947 386 282 612 15 51 795 999 629 335 379 272 998 687 749 547 577 384 121 466 639 683 150 505 873 525 644 473 647 613 966 82 802 116 197 147 392 946 83 430 941 168 497 325 605 5 415 219 246 377 998 251 32 874 0 255 948 736 84 477 16 174 98 197 404 199 858 416 884 679 526 561 73 576 700 79 944 749 347 577 530 802 628 673 532
401 155 89 868 336 329 150 52 110 670 949 186 771 226 155 943 621 917 414 441 694 331 988 994 899 618 842 490 346 534 579 651 581 589 709 262 29 397 494 366 716 352 472 170 527 72 688 596 746 806 283 155 188 289 887 733 357 458 601 7 316 569 266 618 718 844 589 381 788 122 244 539 713 562 902 88 187 609 901 63 71 648 712 919 504 867 35 378 378 140 294 899 614 47 104 200 45 705 3 115
211 523 438 992 110 771 935 695 343 706 728 445 413 212 717 661 148 300 533 327 212 574 278 101 551 385 746 294 433 885 655 978 530 312 91 91 251 218 84 784 474 15 185 286 288 30 481 175 764 272 201 722 847 772 12 866 847 130 955 269 534 485 178 968 329 385 347 929 440 26 669 799 912 856 358 837 420 920 29 248 215 260 680 904 39 2 156 131 33 616 392 143 927 278 390 480 974 11 637 484
450 429 189 887 131 111 859 733 354 888 708 770 898 965 371 732 924 848 528 411 162 415 302 874 976 533 85 694 329 428 255 87 939 50 373 38 767 183 751 430 359 775 106 313 230 609 111 570 205 624 324 423 211 713 477 755 399 793 799 381 417 849 370 467 117 464 176 178 589 365 662 217 692 393 683 256 157 1 852 554 774 301 658 343 754 897 47 345 433 292 558 967 885 77 718 605 651 254 406 372
52 305 820 197 330 247 750 710 559 944 760 959 795 507 955 792 61 610 2 45 960 126 572 713 331 132 760 690 29 2 939 642 970 567 655 87 583 501 659 182 363 330 181 614 646 588 564 180 770 747 272 501 363 875 42 814 791 530 693 852 734 91 880 29 386 59 656 999 178 902 941 212 515 950 400 717 736 257 759 172 93 370 446 241 865 587 568 164 982 741 288 41 136 863 668 35 928 765 529 376
963 89 496 397 550 54 885 387 47 830 22 723 144 802 438 392 618 412 120 701 297 82 857 534 251 530 908 233 600 874 671 97 305 572 89 413 778 420 688 797 745 197 875 656 684 314 238 394 3 2 855 365 777 375 88 245 369 894 60 679 121 318 767 924 779 393 282 317 7 688 812 417 751 373 540 266 13 745 212 955 70 287 711 268 995 897 818 105 703 590 244 420 101 256 18 502 941 258 488 413
994 528 954 546 379 925 351 310 220 426 319 376 848 538 520 686 193 400 670 696 660 886 635 399 224 373 535 603 672 388 931 480 280 212 950 351 778 695 588 284 95 731 862 292 803 582 213 35 425 782 147 569 118 651 27 436 428 464 223 44 663 521 141 399 911 994 269 821 982 373 716 783 637 302 528 727 551 990 117 793 340 795 99 796 184 895 717 45 652 727 266 535 171 230 331 197 293 657 885 470
535 704 141 726 993 519 712 35 514 596 487 969 927 439 957 946 660 512 983 40 449 668 661 799 347 750 387 470 290 434 762 930 186 178 523 118 122 522 292 387 756 654 279 927 124 431 130 616 777 347 666 550 943 612 769 164 771 41 226 834 446 541 968 259 12 689 162 664 263 251 640 409 529 309 946 291 454 725 497 885 477 121 953 175 48 562 772 102 300 749 336 765 353 548 557 960 208 428 893 773
499 491 376 504 914 334 241 245 428 418 613 852 245 606 398 208 974 436 125 562 537 884 23 52 938 457 706 946 200 20 305 580 607 474 387 279 596 126 359 664 854 839 690 88 735 509 291 774 739 961 485 223 819 777 924 625 163 597 188 566 827 181 99 856 540 713 501 194 314 302 616 977 433 751 802 269 772 822 530 492 942 573 518 525 998 775 506 527 253 794 854 505 462 561 613 983 736 659 315 683
252 74 444 294 256 136 257 846 66 762 738 346 510 993 564 864 462 153 137 373 234 948 431 386 732 235 903 289 760 741 210 108 973 883 732 347 54 138 103 512 859 731 436 474 126 315 482 243 638 245 408 698 253 996 959 723 35 726 323 133 993 785 428 330 75 300 887 765 601 820 22 619 66 289 412 351 257 532 648 381 169 571 676 812 394 710 713 951 294 971 180 132 963 834 742 471 996 551 147 425
225 967 886 464 312 563 994 808 281 769 351 790 782 857 391 997 703 431 670 369 449 237 257 954 401 690 578 420 390 914 419 482 687 202 497 835 458 18 606 170 156 280 924 95 839 409 603 78 988 594 339 299 383 763 693 414 804 809 743 554 960 425 308 911 452 131 775 57 260 197 551 193 128 898 94 262 367 537 734 477 607 265 387 701 978 464 523 24 229 846 701 84 192 160 33 814 504 539 600 165
159 374 275 324 25 941 916 999 267 197 725 520 720 783 397 130 769 115 782 232 649 168 596 139 773 436 457 27 137 484 626 30 607 43 167 204 424 666 124 799 966 339 220 571 640 456 577 525 114 142 703 511 551 277 817 817 483 21 586 244 956 906 397 463 287 902 599 482 639 489 784 514 745 225 282 480 654 911 902 514 244 950 101 738 859 994 795 229 199 545 839 304 70 818 90 872 731 312 869 589
988 282 935 804 299 115 890 424 274 925 911 31 951 7 667 651 820 942 560 766 290 382 29 222 495 389 842 577 2 404 724 614 336 226 714 774 213 288 985 583 474 984 347 822 948 300 563 243 92 912 335 387 77 923 809 205 117 496 323 617 445 436 619 117 446 488 402 410 429 363 920 384 1000 754 778 714 700 110 233 948 71 346 384 836 65 454 186 837 981 879 673 163 57 407 808 714 13 539 968 112
258 778 157 474 235 978 774 797 374 312 544 636 12 710 976 297 188 197 199 691 74 550 216 171 900 691 656 10 496 676 251 537 518 927 865 507 834 95 479 886 103 978 230 977 772 518 980 27 668 533 955 7 604 811 626 922 450 830 555 477 949 374 87 515 500 933 930 496 332 211 990 474 988 697 840 18 482 817 507 134 466 658 97 548 431 973 363 916 859 279 116 241 831 185 349 449 539 231 892 437
17 11 536 409 773 606 590 707 441 640 860 258 933 970 149 997 25 270 533 558 27 935 888 241 941 411 19 982 278 388 821 689 33 774 447 844 535 563 329 539 216 350 2 319 48 927 283 894 517 557 983 931 182 670 671 710 532 65 719 505 950 918 633 234 279 37 339 217 508 23 995 832 988 806 743 593 569 620 359 392 952 564 861 817 477 734 245 671 867 783 19 753 200 748 395 920 733 925 87 291
860 308 477 417 575 503 520 994 504 849 43 135 612 836 556 752 251 61 64 576 401 95 231 400 883 612 0 963 482 353 590 118 93 916 70 962 237 285 828 252 608 344 179 198 95 743 863 232 23 739 317 519 775 190 647 403 920 422 162 502 427 403 655 83 956 167 779 821 15 688 891 192 614 211 347 249 270 609 583 919 28 800 336 443 545 451 895 842 140 192 308 720 515 634 585 393 254 233 949 150
333 482 493 475 152 244 662 280 550 793 458 773 474 828 812 78 343 468 645 793 660 308 977 358 403 419 766 6 551 813 253 710 572 460 748 403 888 20 271 182 651 297 225 803 628 333 140 774 954 923 135 8 321 317 135 588 97 365 295 560 568 528 134 551 498 66 613 910 950 611 595 484 148 7 408 33 111 556 751 955 420 767 807 599 378 503 910 440 889 697 755 152 708 523 186 599 165 453 978 767
911 951 937 695 979 142 994 259 113 161 786 253 146 334 430 160 714 0 3 548 688 409 29 393 509 451 401 137 45 223 483 553 173 424 743 292 996 951 905 427 24 886 543 314 754 352 623 273 553 890 973 722 616 265 547 787 743 366 624 485 62 173 160 126 672 680 191 5 921 102 740 610 982 652 260 295 831 50 343 142 115 415 541 68 826 488 549 381 126 46 470 76 960 577 482 492 419 811 259 315
917 202 400 703 877 984 535 87 519 827 398 781 247 298 597 448 513 197 869 786 257 270 162 709 533 98 462 46 722 41 552 420 819 722 549 988 651 241 547 299 124 642 361 959 89 674 161 299 613 340 236 198 915 835 72 73 963 957 592 72 725 408 66 453 995 665 18 869 408 820 807 520 996 467 712 811 320 86 800 355 106 64 796 611 405 47 208 675 687 834 937 31 596 835 496 863 452 166 712 846
623 815 146 908 778 849 673 237 820 183 708 30 717 417 259 572 87 744 290 635 922 816 233 477 460 141 301 279 604 999 820 563 1000 16 735 358 562 536 814 981 75 713 216 808 794 349 478 654 349 423 281 339 186 127 688 377 489 566 149 11 431 942 869 667 355 214 347 57 677 500 22 755 646 601 376 734 114 783 970 111 845 451 484 141 304 314 334 522 864 671 94 285 379 763 496 289 613 144 679 854
782 617 726 646 548 155 207 369 792 765 929 423 851 38 284 420 332 955 37 870 118 496 520 459 730 326 909 66 661 752 89 466 288 301 682 421 773 970 625 947 338 740 220 965 234 311 758 29 134 341 318 133 464 364 352 54 492 857 910 740 235 476 965 639 617 417 198 430 323 285 231 343 807 789 650 471 179 20 923 865 677 582 86 134 258 517 555 162 185 451 663 919 422 98 796 732 875 435 334 907
719 908 497 102 191 561 119 238 332 712 691 416 885 892 95 81 214 542 356 401 472 765 957 670 248 102 606 692 579 11 32 779 703 331 236 557 305 684 230 681 951 412 827 779 244 359 508 484 431 244 296 317 512 662 875 230 824 161 393 983 996 714 411 429 950 26 553 387 923 741 7 988 607 93 33 69 980 705 86 268 814 379 619 46 603 163 807 466 647 333 734 990 960 42 980 805 970 650 108 90
381 351 2 893 659 722 282 89 565 217 435 303 348 760 941 846 146 657 757 725 130 413 986 677 474 767 610 854 728 38 653 667 754 984 751 14 950 568 931 108 252 623 430 814 38 515 464 176 905 216 350 513 166 916 166 459 240 848 931 963 701 944 560 273 247 334 639 597 594 460 332 819 66 615 549 725 5 939 585 377 238 637 143 17 112 74 310 172 905 517 280 876 555 862 174 185 307 548 933 430
9 676 63 957 618 354 12 466 28 607 632 939 323 377 367 837 463 548 858 630 784 708 288 38 812 961 785 308 560 874 402 806 86 636 657 801 791 18 712 193 395 233 560 625 337 349 768 288 402 231 440 756 377 134 667 775 293 846 940 963 417 394 365 529 622 258 819 479 775 913 418 422 651 254 665 784 28 906 415 966 139 672 213 617 710 642 194 591 985 320 382 993 251 368 762 324 306 331 68 605
819 255 647 405 486 343 27 366 676 382 775 24 293 85 279 566 571 311 449 978 36 612 684 407 625 371 390 587 678 857 243 104 682 700 186 188 447 592 716 892 989 305 42 19 762 467 386 66 27 435 0 890 83 221 21 408 175 672 194 1 161 258 209 523 335 668 518 7 598 237 263 325 161 693 7 637 77 885 505 906 234 139 682 333 932 398 738 46 441 966 716 837 72 76 125 747 392 51 525 580
145 49 37 931 961 758 753 725 521 826 908 840 678 60 344 734 347 437 890 12 920 52 479 88 883 644 474 994 470 107 7 534 813 829 416 914 269 314 984 829 132 130 29 697 828 136 18 807 932 105 896 640 47 583 639 538 493 630 349 637 332 699 522 308 223 517 865 507 838 334 550 651 963 854 493 619 874 522 459 440 945 704 350 445 609 809 178 246 422 668 53 598 823 750 986 585 580 363 553 439
163 344 801 175 528 979 407 124 839 509 468 581 561 707 27 336 210 419 44 624 496 889 633 565 287 1 30 492 412 475 558 384 468 451 737 207 655 272 813 830 583 329 541 76 402 368 229 961 220 549 383 102 677 329 696 571 71 209 395 744 284 279 680 424 445 193 516 788 824 828 607 365 124 369 644 8 426 31 922 797 226 698 7 745 423 489 162 220 212 391 567 723 675 30 102 633 73 741 631 340
684 127 77 780 888 425 79 342 340 974 21 870 331 208 682 230 544 205 694 665 1000 210 672 678 927 55 117 283 211 988 97 961 23 165 802 89 107 39 723 148 691 991 2 678 54 624 815 963 452 107 428 341 558 220 19 980 74 993 249 714 109 670 970 961 762 623 520 785 168 414 870 585 51 255 823 93 402 687 359 785 818 420 857 185 446 275 9 334 875 54 99 645 74 494 661 120 711 276 473 63
469 653 156 691 114 678 281 103 813 42 918 554 984 856 210 201 939 985 648 572 344 313 1000 766 479 826 651 378 451 272 0 77 986 856 340 813 178 166 275 858 318 32 554 3 543 72 615 303 529 691 783 24 683 224 343 991 444 798 385 101 117 407 390 615 806 194 418 576 193 148 971 503 81 371 544 449 124 442 802 838 163 1000 565 11 143 63 592 436 458 420 902 587 291 196 300 219 616 981 915 715
110 365 817 954 496 572 815 831 568 684 486 519 607 746 372 58 359 270 81 569 902 162 259 690 615 60 566 954 657 257 243 59 735 859 243 707 35 542 106 888 272 692 25 361 457 728 393 313 720 818 648 883 425 4 686 605 385 224 845 768 696 871 799 641 115 679 530 936 405 971 73 707 442 819 147 65 470 359 952 639 695 699 36 349 293 770 159 650 766 53 824 721 623 727 722 389 188 752 763 336
390 273 839 466 288 292 182 782 856 748 313 12 183 502 524 756 918 398 583 540 302 563 114 179 9 458 55 35 260 194 787 25 824 820 409 958 679 945 592 69 702 835 323 83 670 312 379 13 614 908 633 73 367 125 22 889 974 908 711 326 588 205 823 930 884 724 336 770 416 868 454 889 704 776 917 171 350 740 889 285 555 350 247 811 289 880 231 420 128 966 620 300 712 639 365 917 296 668 941 189
349 888 382 839 137 575 144 163 55 254 382 191 946 856 981 638 490 872 832 603 256 430 688 806 541 725 839 585 818 508 489 686 165 97 32 575 261 107 373 287 640 318 447 445 611 881 908 93 674 437 389 77 115 335 333 356 692 468 225 838 7 449 273 388 698 683 243 841 389 535 112 175 522 447 88 960 47 891 339 876 288 940 247 543 906 656 613 342 303 406 545 680 932 182 32 30 656 5 658 576
835 450 465 576 191 309 774 714 641 926 447 853 853 846 432 447 272 372 139 516 961 114 3 837 690 368 821 786 603 397 14 412 762 412 121 343 27 633 879 758 313 982 907 313 955 823 833 960 243 148 680 41 742 437 318 17 283 757 507 36 864 120 680 144 418 212 990 115 1000 186 391 163 984 757 209 970 787 656 61 115 536 975 723 350 102 540 645 948 675 1000 71 341 762 795 630 1000 624 194 902 126
773 873 665 159 505 256 859 15 898 432 705 294 493 579 541 979 994 644 408 540 657 8 654 840 182 813 794 228 726 808 89 236 260 997 535 480 351 550 665 726 31 852 631 314 596 984 573 622 825 17 591 227 49 995 123 370 902 257 444 814 180 486 570 17 701 838 672 111 724 283 564 263 144 597 197 519 695 527 213 338 635 551 656 177 734 315 139 432 169 916 268 865 37 400 569 867 942 200 335 73
546 708 840 860 45 403 885 932 577 602 230 317 169 696 111 998 883 782 686 812 995 405 520 721 632 471 605 860 322 18 876 425 5 331 626 741 591 693 544 827 92 387 875 845 215 210 200 75 978 347 236 273 278 77 588 537 495 846 563 386 620 769 958 749 628 909 197 177 542 992 738 163 376 355 619 873 850 81 160 907 430 284 511 798 72 378 847 904 311 782 541 919 739 567 758 826 491 585 262 729
421 33 598 683 327 78 689 724 990 598 534 912 533 351 662 311 392 262 323 59 724 171 988 479 186 667 562 309 280 397 399 142 323 759 567 744 440 742 432 409 269 258 945 244 887 932 709 396 886 178 139 367 991 176 534 480 948 765 99 345 366 76 900 71 812 792 727 150 82 965 898 198 130 52 763 416 937 674 324 889 861 806 871 747 253 151 434 519 452 639 424 444 5 409 307 851 18 280 504 367
357 658 616 511 344 356 645 83 574 703 820 718 240 876 805 423 833 476 7 907 539 329 793 753 509 781 396 828 600 357 409 943 398 846 371 181 688 136 548 944 858 272 371 191 169 451 632 328 294 492 512 628 394 979 683 78 304 555 994 119 230 166 843 310 446 829 493 331 319 255 24 659 621 206 715 271 720 221 476 137 902 420 121 20 562 382 992 746 564 878 679 260 736 417 325 60 512 799 726 274
696 87 164 663 422 452 183 694 695 221 847 205 494 882 442 13 282 203 115 803 444 838 187 835 70 110 969 52 489 354 277 610 629 755 917 395 0 483 445 675 941 914 470 91 321 16 215 362 909 340 70 209 797 718 807 595 724 397 901 456 350 396 540 118 861 734 12 248 966 10 36 524 102 437 941 127 632 975 506 492 153 696 633 837 693 388 118 655 617 304 266 522 958 248 13 237 449 939 328 70
861 819 875 780 72 121 74 735 770 202 897 896 850 61 703 33 572 358 727 237 69 359 178 892 249 716 775 563 870 605 282 89 500 229 73 513 132 959 819 622 247 82 981 181 4 875 649 616 90 933 727 258 882 148 584 49 587 64 929 726 878 663 10 223 310 588 708 41 805 646 900 276 187 200 350 15 209 307 577 23 693 408 39 445 512 883 455 415 607 522 918 129 498 616 357 529 544 18 890 34
638 8 255 707 1000 190 858 509 856 9 268 655 270 937 177 957 389 493 979 293 974 635 912 1000 841 982 403 162 59 702 835 114 940 641 727 145 448 716 827 435 921 243 929 183 785 744 603 500 991 963 12 338 879 642 659 925 741 580 462 456 808 898 986 746 860 396 963 376 298 74 88 558 520 85 872 524 104 784 616 552 306 60 549 347 364 540 227 433 752 632 84 746 898 54 777 371 236 399 245 478
859 615 573 210 632 640 30 529 586 797 690 899 489 836 115 964 130 0 882 970 24 763 812 842 400 34 546 897 980 233 405 791 811 296 673 35 169 721 908 21 633 639 71 626 969 465 36 411 386 159 891 490 95 538 118 751 237 396 711 79 865 716 147 315 914 502 442 899 235 125 126 251 866 916 818 680 314 178 953 594 341 574 213 266 526 547 422 92 204 836 528 375 59 370 549 53 156 269 778 288
32 223 269 283 957 425 119 267 776 403 762 871 917 765 237 918 740 375 289 916 297 233 737 738 44 563 634 362 442 294 717 852 235 480 157 767 498 127 483 226 859 605 396 33 149 961 74 55 528 752 462 54 952 209 49 387 218 933 398 424 242 284 730 985 459 456 638 787 621 238 719 903 689 491 416 902 104 882 374 509 525 124 401 842 712 456 584 301 31 602 883 919 605 432 415 901 724 975 803 287
439 429 747 970 354 385 313 521 49 74 290 836 243 629 860 385 147 938 715 296 798 97 538 706 403 291 133 770 792 903 287 828 548 598 501 129 820 205 890 283 522 505 651 831 605 155 656 421 54 945 377 543 243 885 48 744 788 219 94 822 399 123 15 310 132 188 928 169 420 933 125 235 223 658 477 461 670 509 429 960 311 895 49 330 849 488 854 256 630 512 807 68 542 778 60 980 62 88 566 651
241 634 121 362 891 64 215 238 798 44 662 257 260 975 315 888 380 174 91 882 408 171 950 88 532 159 942 923 806 931 658 942 219 131 108 796 668 575 567 493 37 262 301 534 1 291 65 501 730 366 764 162 428 808 850 213 372 128 210 342 146 242 674 634 585 223 812 371 208 246 854 162 363 559 982 479 603 207 316 584 105 369 113 460 957 63 506 910 889 618 347 176 863 505 109 434 257 91 898 301
296 645 830 451 260 378 298 352 602 119 710 494 326 748 1000 880 429 772 673 106 758 352 923 73 176 276 499 115 700 301 972 9 395 744 669 908 981 259 174 244 457 380 791 403 890 605 512 497 677 72 195 659 742 678 496 145 858 388 71 801 489 343 914 67 34 578 951 847 447 365 933 273 59 394 79 363 378 159 924 766 24 222 189 810 135 916 811 826 670 688 393 334 135 306 754 521 62 17 593 99
582 218 817 91 334 602 753 543 580 635 450 669 312 118 244 556 729 351 421 284 790 488 874 164 33 213 163 333 885 715 124 90 503 135 812 889 533 74 20 649 337 596 447 851 467 740 821 123 384 688 125 63 105 611 854 853 610 347 754 625 230 460 251 406 659 916 959 829 849 168 93 159 794 940 532 73 180 753 991 314 868 419 454 992 96 539 892 689 520 958 312 943 706 680 552 585 502 996 690 233
209 703 832 677 654 311 493 517 495 808 699 595 84 993 812 183 469 27 877 788 993 891 224 509 972 258 21 405 969 289 191 613 120 757 502 596 414 324 171 834 158 809 380 868 69 681 586 856 402 245 625 617 597 277 901 355 943 526 265 398 566 769 476 54 915 762 217 911 840 547 828 575 283 533 688 444 311 975 614 795 698 638 480 466 831 626 639 265 231 955 717 525 411 841 822 812 945 315 825 328
879 33 854 472 558 205 930 617 221 313 590 907 903 148 211 841 733 454 724 40 269 494 153 1000 631 160 897 755 998 146 700 231 234 460 401 970 612 690 751 68 342 63 90 176 876 501 562 471 558 648 802 292 766 439 264 409 529 103 153 749 705 785 482 75 150 660 91 35 17 902 654 232 477 740 325 6 652 151 950 818 335 166 15 128 889 730 456 241 265 989 403 870 704 886 110 819 467 38 744 680
949 187 44 440 819 51 910 348 210 773 211 60 756 415 830 993 17 688 700 206 401 392 680 709 799 484 825 469 991 203 546 272 990 421 761 903 100 24 820 695 859 75 222 109 418 929 475 255 374 479 347 678 966 518 215 725 509 456 627 885 420 56 139 511 221 917 519 265 35 876 702 407 539 356 450 898 429 590 645 86 765 665 336 330 252 616 573 616 495 512 258 89 694 102 322 653 818 958 799 332
23 563 445 168 154 687 713 655 569 833 48 650 911 270 340 967 925 796 77 429 525 543 924 209 226 57 299 873 50 509 593 92 738 552 266 473 25 153 51 914 263 235 442 752 157 925 808 234 148 381 500 949 9 841 453 348 605 557 377 455 698 392 974 523 69 884 594 832 919 504 848 336 118 633 152 170 892 14 717 469 578 888 530 705 401 632 956 446 469 653 848 356 434 516 431 924 629 635 897 323
757 823 743 448 510 162 798 417 228 113 216 896 199 769 532 241 595 667 639 49 479 907 310 590 427 231 634 766 558 887 7 16 779 934 785 194 92 321 198 843 749 4 405 434 801 695 981 454 796 419 308 419 196 705 20 720 57 117 606 859 891 820 992 317 692 244 474 649 425 845 67 744 811 998 347 228 872 603 593 666 534 163 968 927 958 972 851 99 608 197 298 349 671 16 421 391 136 602 109 78
541 449 938 729 288 197 522 636 514 437 881 718 560 560 906 360 400 469 648 630 106 858 286 108 624 439 447 991 273 764 212 824 203 768 756 831 858 212 461 860 365 801 695 303 992 741 584 544 514 545 946 150 461 188 518 18 91 591 624 439 105 722 8 802 781 768 392 431 705 647 945 706 214 185 380 386 1 459 864 534 783 865 130 680 809 788 527 243 73 386 882 826 567 815 338 246 732 225 504 512
207 976 94 953 683 314 702 717 89 125 684 776 968 705 575 295 705 363 748 454 293 753 327 350 692 166 334 558 326 576 88 595 793 450 534 63 595 592 499 922 804 46 233 355 675 632 434 477 904 700 128 902 181 352 797 217 547 39 416 729 800 75 363 986 972 395 298 195 594 481 59 975 3 333 342 660 189 756 93 534 108 91 466 114 701 570 834 223 83 687 849 992 883 382 572 203 637 114 439 980
306 791 663 4 929 747 291 67 235 761 985 787 631 50 136 352 46 240 172 937 912 278 372 753 828 579 967 908 258 484 846 674 506 394 714 967 851 738 990 803 353 518 210 759 115 775 109 402 889 864 864 61 459 220 244 38 843 925 32 476 434 958 883 32 8 637 482 204 875 289 614 491 755 862 116 469 64 663 850 718 540 810 583 766 416 264 524 380 719 260 451 845 55 697 315 72 502 185 644 552
654 296 220 121 64 887 121 149 386 188 369 749 473 848 988 547 947 838 824 875 522 723 453 859 218 441 397 800 583 144 354 691 563 93 538 424 574 282 43 235 742 145 16 23 82 823 370 977 371 112 354 741 717 213 763 19 335 983 257 916 661 531 82 776 56 194 341 450 111 355 53 782 59 944 337 167 907 23 389 212 803 683 986 140 948 648 39 277 401 470 494 429 499 851 900 645 550 317 999 42
729 740 591 795 55 599 848 821 53 154 727 525 801 207 233 308 538 449 551 621 661 862 640 296 288 901 499 328 908 677 298 559 631 922 807 441 741 883 970 406 476 903 537 991 301 674 752 167 849 496 973 432 888 565 714 157 256 182 380 922 577 577 268 251 197 565 122 22 473 350 285 505 187 156 870 20 477 125 611 700 633 927 128 256 456 913 165 562 152 801 790 578 639 546 287 113 316 685 518 70
683 326 336 209 477 370 187 407 406 469 85 646 877 730 490 855 545 643 969 238 946 185 306 625 358 183 265 932 884 884 88 516 935 866 79 841 271 574 72 531 846 231 253 524 869 330 407 72 416 17 792 127 33 969 654 748 705 224 321 630 836 892 863 804 811 258 101 522 799 593 611 637 144 406 334 781 120 775 877 837 193 480 61 140 402 127 74 294 561 804 284 802 733 118 202 525 159 296 810 890
90 34 727 365 236 730 587 16 72 545 868 234 958 816 270 794 3 843 589 690 821 169 998 188 958 537 793 357 661 869 36 821 664 781 279 343 920 286 522 935 642 874 741 445 513 474 20 298 159 734 217 338 99 908 58 596 96 622 232 28 118 674 184 795 452 696 339 11 805 137 528 915 554 407 762 640 371 853 606 446 411 989 356 941 103 516 469 826 76 707 142 838 128 849 443 195 563 774 451 76
80 51 134 305 398 805 116 5 413 660 538 284 145 39 503 266 749 526 273 587 638 137 477 782 485 670 691 746 174 534 499 831 773 460 32 303 310 966 759 351 310 591 268 529 628 681 95 591 7 630 499 764 117 457 434 638 465 657 765 647 144 85 884 690 342 395 797 814 957 78 466 495 724 602 812 399 175 582 619 155 45 936 175 500 317 345 50 922 118 754 260 919 853 560 553 889 789 186 11 515
731 345 258 645 65 819 902 608 41 260 376 172 745 527 883 420 364 141 835 80 636 930 460 514 992 370 885 69 682 127 208 829 233 424 523 513 226 151 182 83 957 588 919 52 571 837 50 857 594 686 700 870 363 867 161 576 497 500 4 419 562 187 87 104 270 965 586 989 546 825 223 583 105 678 787 97 947 920 325 116 110 674 853 766 635 962 71 273 11 214 208 640 736 464 183 132 251 746 886 60
194 915 11 555 701 317 826 45 541 970 889 216 415 375 852 554 279 506 497 224 293 880 70 200 70 180 736 540 777 968 989 889 992 865 13 692 604 329 474 538 753 876 910 332 554 739 949 450 47 225 479 840 933 329 286 787 573 63 553 206 638 688 473 220 782 266 570 235 778 633 988 930 386 734 540 641 438 665 509 680 218 633 68 892 465 47 358 674 579 944 604 613 570 353 277 725 960 57 102 999
710 172 894 193 581 67 505 154 799 57 477 214 517 798 425 732 782 705 478 272 583 454 287 371 42 51 243 349 216 240 133 44 844 428 251 435 236 338 435 235 614 874 308 560 178 162 822 930 111 870 773 204 234 762 595 752 438 34 528 459 607 220 739 842 249 143 753 221 606 832 683 30 543 898 932 739 988 590 730 709 458 152 826 445 90 798 523 983 91 603 370 321 953 368 950 249 32 407 438 686
678 409 26 689 248 700 759 466 919 120 967 176 382 658 177 288 528 577 149 226 617 672 511 887 373 527 181 776 208 395 16 659 193 639 380 741 608 418 513 303 98 699 919 758 664 454 194 424 586 519 917 168 128 877 39 830 887 237 850 926 438 650 535 288 42 143 438 549 596 845 799 550 408 888 819 865 587 356 772 228 643 958 274 560 571 824 393 195 983 173 330 253 434 554 187 582 810 905 632 212
274 342 198 655 188 436 531 85 211 186 622 705 358 868 242 935 588 59 227 194 27 550 62 931 171 862 269 349 141 797 295 589 295 44 894 435 320 327 834 336 411 576 779 310 443 719 115 859 508 137 380 72 86 623 285 309 547 140 714 237 118 696 642 602 66 162 752 892 947 625 529 223 592 289 473 541 330 824 253 11 840 174 173 949 235 483 642 70 740 746 223 183 229 226 506 69 693 987 637 944
407 910 190 335 573 366 724 888 72 962 276 67 367 925 453 238 623 980 82 246 484 818 225 701 129 962 669 5 284 603 295 3 675 75 626 7 254 23 376 610 275 512 152 477 739 939 222 560 407 598 442 413 934 175 992 185 441 792 442 526 909 668 353 348 788 573 150 532 402 518 125 474 777 315 354 258 995 180 783 556 266 11 92 365 861 429 641 339 63 31 445 546 131 126 427 616 830 555 115 383
569 236 751 857 779 400 99 512 53 411 577 515 85 774 127 814 679 310 907 630 169 560 4 341 822 663 670 492 994 782 976 226 757 654 120 910 15 442 930 975 830 733 77 166 658 104 225 822 597 491 575 792 806 780 838 187 885 419 469 906 212 485 318 268 343 177 765 80 685 175 348 480 198 642 457 729 648 633 96 807 674 512 58 895 866 417 763 322 984 895 849 560 766 818 299 520 55 680 903 485
113 536 98 698 44 808 89 729 804 251 537 645 831 682 184 503 31 796 737 997 704 336 938 771 790 464 522 920 665 168 83 245 257 915 55 781 616 370 161 759 242 832 62 885 249 173 721 365 635 412 637 482 861 58 307 621 710 6 467 199 751 680 691 107 545 626 626 989 435 399 937 861 840 894 46 956 763 575 55 986 432 292 970 680 53 180 823 971 288 975 344 901 379 391 338 80 415 11 921 701
551 273 330 991 631 521 218 867 42 161 376 673 425 847 361 738 472 37 8 119 445 615 47 295 122 716 840 121 639 851 305 441 634 104 57 685 679 193 53 124 104 181 986 940 378 546 790 572 746 833 154 140 727 222 740 649 883 317 47 560 832 167 137 673 720 368 389 233 198 119 214 499 926 901 127 938 77 633 49 454 365 307 715 579 740 422 84 502 592 569 766 378 283 783 138 716 425 211 166 435
18 168 192 827 8 344 899 366 718 293 680 206 969 138 397 982 83 417 989 842 67 112 979 640 179 149 779 674 836 470 429 350 348 370 610 280 626 752 377 446 352 581 398 916 307 398 724 737 507 253 79 577 296 351 298 182 209 616 186 850 681 439 123 697 183 847 852 366 890 260 56 364 652 614 6 220 872 134 793 573 289 940 118 1000 951 237 24 689 121 282 253 579 971 882 990 216 912 292 335 856
809 531 314 725 781 765 864 488 782 915 386 533 667 376 598 160 413 334 924 833 474 327 958 533 328 444 694 89 966 51 222 261 678 726 802 776 527 338 813 715 276 200 196 313 897 679 343 711 911 848 61 41 983 390 700 4 614 635 421 97 226 638 772 533 661 883 307 449 136 174 924 678 810 641 795 813 965 513 110 446 81 505 484 285 123 900 160 454 574 317 157 647 114 129 503 63 311 877 51 667
75 383 338 900 567 267 725 954 313 119 207 643 673 702 827 864 580 682 665 1000 696 817 704 568 623 106 166 135 884 889 151 844 135 877 440 33 146 795 377 468 497 136 46 295 513 780 101 129 121 245 274 995 638 566 631 49 565 762 919 419 240 902 187 982 223 596 337 712 834 267 324 221 76 654 895 641 975 681 342 646 443 512 939 679 106 145 960 308 280 983 593 272 691 257 262 834 642 484 869 536
510 124 63 270 131 185 507 863 229 29 427 621 908 270 37 837 651 259 326 12 257 502 58 725 977 372 800 830 12 478 135 795 885 698 480 949 47 84 561 455 913 195 180 645 57 221 850 33 464 289 882 977 251 976 947 732 55 105 253 757 450 674 263 806 904 10 949 12 19 446 697 442 77 371 200 466 250 142 384 119 266 168 408 886 987 626 357 275 918 580 682 291 212 829 522 831 142 49 721 694
620 60 291 522 228 363 572 302 237 485 107 201 765 360 428 491 116 610 832 40 879 193 771 150 40 274 838 551 887 193 312 812 857 372 472 170 530 236 503 10 624 506 504 670 52 239 78 50 619 645 248 944 576 4 931 78 422 738 381 730 173 218 989 103 451 696 980 770 751 996 608 28 584 405 182 447 148 532 16 630 930 819 421 902 402 358 995 476 52 966 309 527 410 985 846 635 273 300 424 51
310 89 375 512 968 91 706 952 382 690 264 805 35 475 56 473 662 756 768 65 748 312 32 868 831 3 982 520 822 674 743 312 871 732 582 420 539 915 926 215 454 232 420 970 979 866 996 823 659 33 372 33 781 864 952 919 342 223 539 907 359 565 114 174 569 301 729 496 735 355 5 11 266 58 772 4 763 403 773 66 581 612 279 506 476 994 399 282 221 784 824 89 322 242 135 41 609 992 913 746
952 654 717 433 815 942 667 628 329 831 625 409 775 597 415 796 831 982 511 486 21 784 974 19 24 22 960 222 449 591 348 299 848 269 581 203 920 170 421 788 13 85 578 889 522 24 678 941 554 660 855 610 982 411 547 749 479 649 302 267 404 265 139 194 587 853 211 331 15 309 682 735 476 257 651 672 225 94 632 194 649 247 724 723 438 63 51 178 688 855 978 850 443 316 923 406 101 372 595 937
475 346 403 255 600 828 712 936 737 743 845 711 355 490 942 184 201 75 945 923 199 931 376 791 505 405 943 54 274 398 478 838 333 641 934 660 697 246 238 217 414 387 935 154 539 529 194 499 856 347 570 467 359 457 321 741 136 225 445 738 902 553 337 721 531 180 671 538 397 10 140 964 433 104 562 833 782 377 133 729 699 555 786 743 502 327 716 565 545 714 311 191 643 452 676 614 865 959 981 519
713 225 664 514 698 915 446 975 236 463 238 877 910 895 321 537 829 273 271 435 167 16 249 189 718 601 968 524 937 675 563 523 610 288 946 477 460 774 948 605 987 578 918 739 810 669 762 135 510 702 595 117 118 287 299 962 653 142 836 105 753 39 162 403 182 809 930 118 82 145 929 584 22 835 375 413 36 382 607 80 303 318 982 228 182 485 723 360 614 817 250 255 985 44 547 741 965 568 882 754
744 778 389 737 382 870 442 344 21 623 23 409 149 248 606 245 250 533 646 475 289 541 419 714 211 108 80 92 678 214 5 808 362 159 852 992 882 929 329 855 170 9 541 772 437 295 981 343 462 619 402 752 332 808 621 86 81 93 16 38 307 480 748 356 725 674 152 731 510 619 560 823 52 683 333 301 104 370 496 654 597 882 641 549 275 87 177 499 653 967 834 518 7 891 167 157 194 700 978 34
816 261 574 507 991 100 181 714 306 633 870 704 519 954 792 887 665 942 331 114 663 709 471 429 351 269 904 250 148 323 358 671 606 410 783 662 742 96 865 645 273 117 908 853 875 54 343 998 526 692 730 909 944 534 271 265 694 382 83 170 213 886 390 437 21 838 658 578 875 358 580 112 799 745 584 101 434 163 601 708 692 264 860 651 687 380 492 130 369 760 860 640 904 901 431 863 856 579 648 201
88 244 111 532 98 583 609 2 241 559 274 66 171 620 463 473 571 728 891 680 324 554 754 950 501 867 987 220 362 899 131 589 357 248 389 977 113 165 21 599 76 63 876 122 420 313 22 155 472 391 79 765 861 22 850 932 588 863 673 232 440 807 419 219 827 658 509 824 607 17 336 423 554 296 495 414 85 347 806 66 764 237 746 403 56 497 817 234 740 25 776 256 387 309 482 926 172 784 786 442
651 103 848 706 269 243 765 863 995 189 662 306 933 800 571 131 967 794 678 47 417 761 992 216 102 212 679 517 440 228 277 212 569 328 776 550 494 970 454 644 712 368 868 922 279 678 929 144 28 488 31 274 971 537 374 490 59 29 868 384 981 94 288 601 510 655 628 667 446 174 434 248 846 448 783 841 583 220 301 36 508 750 64 861 562 725 841 99 255 372 687 420 477 24 268 80 197 740 30 578
600 719 809 336 468 300 649 817 580 484 187 583 74 322 639 447 179 343 435 543 386 70 743 217 512 761 594 486 103 714 320 661 874 251 388 467 416 76 404 163 356 256 472 292 1 806 317 557 963 540 887 77 743 792 385 248 983 952 592 121 293 493 447 35 892 767 988 278 453 964 600 576 461 385 504 579 96 147 599 473 59 96 126 258 672 51 524 968 316 97 406 581 679 907 984 176 778 947 992 503
824 889 813 98 172 316 719 85 750 459 45 467 576 947 94 454 425 380 713 530 965 673 377 872 495 26 820 859 263 773 772 926 510 42 525 299 766 706 103 906 433 232 163 209 933 526 76 614 123 411 273 362 442 875 25 795 79 936 979 517 720 766 895 158 713 591 601 953 717 76 659 650 444 400 530 545 333 419 188 167 674 812 902 273 343 124 80 142 819 689 189 107 31 435 196 932 644 841 348 520
49 254 41 237 686 465 875 283 57 913 420 731 808 822 352 562 59 988 797 619 716 412 397 219 320 620 457 482 152 188 645 880 572 56 35 476 292 658 956 443 716 215 391 931 95 126 486 479 934 667 383 349 77 766 323 371 884 722 124 861 756 423 843 574 19 262 276 132 436 541 619 732 206 545 191 11 354 318 924 278 615 727 588 116 152 791 519 500 202 86 397 748 486 753 946 45 36 322 569 289
926 585 744 332 286 48 818 975 876 829 979 714 444 508 556 214 34 382 163 562 31 51 763 49 607 315 47 342 388 326 584 80 798 165 524 436 375 790 839 42 258 275 899 602 733 786 626 597 648 971 688 415 655 506 118 335 628 555 845 393 577 998 67 869 288 573 988 67 26 648 676 737 956 795 766 333 265 380 214 853 581 416 677 328 807 276 20 125 754 53 525 343 407 517 452 887 993 31 191 417
927 376 257 551 174 576 636 404 599 664 829 148 896 358 733 745 436 342 846 282 679 121 249 110 193 386 414 789 656 402 489 284 38 51 292 599 339 948 312 841 477 971 9 584 288 976 285 557 388 382 380 35 602 958 762 328 315 56 295 122 25 703 282 451 956 911 370 172 371 515 477 692 478 664 738 874 962 202 215 193 508 785 786 768 317 262 949 975 727 745 128 891 799 204 253 99 625 813 30 349
316 69 46 229 360 234 15 751 800 317 879 110 238 718 980 274 989 834 596 931 0 410 352 732 932 48 158 670 470 519 590 145 298 341 873 78 241 457 290 677 40 522 706 158 434 53 819 986 662 666 604 613 671 673 887 455 733 802 310 153 779 433 919 529 649 837 916 112 292 919 264 799 141 673 107 493 4 249 289 72 377 216 574 576 282 539 6 886 354 856 347 789 953 709 129 129 777 17 447 128
740 706 889 488 854 249 11 134 140 171 25 363 192 660 502 521 700 188 481 194 145 640 756 889 123 84 438 941 668 365 561 700 0 756 197 143 35 302 717 77 170 553 38 319 437 359 918 153 244 628 14 365 336 294 767 818 792 613 609 396 997 202 879 552 207 873 565 937 649 877 187 670 88 395 437 613 1 894 294 541 320 757 442 228 953 858 298 29 375 555 256 705 352 971 663 720 19 399 433 174
446 170 154 917 661 799 938 414 583 399 71 956 464 439 188 391 922 955 582 806 616 538 652 495 444 201 961 792 593 862 83 309 754 518 808 861 424 674 27 250 368 471 373 433 543 778 394 516 239 334 745 6 168 195 551 742 758 500 864 906 972 584 433 747 808 642 190 800 488 911 265 610 301 633 460 512 907 582 972 806 566 255 105 949 942 379 68 773 888 773 31 919 539 144 77 44 974 154 674 753
947 908 12 241 460 102 91 498 147 360 539 833 617 640 838 477 283 639 129 227 503 76 457 917 518 2 226 494 810 806 381 503 529 680 679 867 866 77 258 529 648 913 727 317 344 700 552 507 778 711 510 78 813 147 871 873 589 197 227 57 587 382 49 121 606 41 831 663 539 448 909 704 789 594 532 417 21 366 433 705 853 872 728 40 697 840 627 235 19 456 993 541 722 692 172 924 679 850 53 290
503 347 732 203 747 351 523 20 898 146 787 267 108 499 146 401 226 959 994 728 905 437 792 479 36 213 362 98 215 940 956 202 732 610 941 700 143 898 662 367 295 298 208 16 82 561 769 609 211 875 709 567 110 77 510 1000 432 829 745 459 930 378 208 171 210 223 47 877 655 812 229 700 738 300 947 983 700 289 809 380 301 906 867 157 950 424 54 166 941 25 149 186 181 826 270 796 828 812 534 68
537 126 169 166 633 667 906 549 187 987 556 593 668 172 113 62 564 586 510 113 498 585 491 948 817 667 14 976 573 225 44 982 293 902 130 466 323 342 40 233 418 264 359 73 11 597 903 811 590 187 494 975 320 490 568 79 647 415 169 722 194 863 814 217 515 557 488 551 618 193 314 970 958 432 430 550 55 780 162 234 27 5 739 177 459 313 525 590 668 729 135 92 647 8 703 759 446 226 644 136
130 554 430 251 924 703 891 347 692 43 37 171 306 737 619 544 983 801 303 596 753 804 717 240 2 498 102 551 985 197 423 81 188 131 929 358 828 907 720 206 26 602 740 314 957 945 842 804 510 751 266 43 296 159 434 445 91 665 489 552 822 61 297 924 94 758 953 952 594 436 571 469 704 278 883 570 37 316 91 611 610 158 583 409 504 240 346 994 79 962 909 61 227 144 488 955 827 907 409 948
958 191 41 813 967 600 852 680 590 374 288 802 948 234 832 386 215 571 284 375 192 866 301 967 79 899 995 466 387 425 424 203 295 749 220 960 563 609 573 421 127 637 152 968 824 345 646 415 783 469 303 555 187 287 494 527 689 210 665 231 574 763 65 829 620 480 76 694 61 160 293 664 865 671 80 536 258 948 870 144 667 481 172 672 507 598 446 347 87 654 845 602 298 524 653 315 832 952 994 461
480 880 840 752 124 342 24 517 689 901 105 825 583 659 582 509 319 153 348 581 463 249 718 136 15 117 674 343 926 679 62 210 104 12 697 619 119 640 489 530 172 770 176 420 922 621 216 177 890 25 940 115 992 571 880 506 853 311 160 793 266 555 591 634 190 747 594 324 118 802 204 619 328 482 871 960 595 638 884 306 577 955 104 506 903 85 339 915 684 142 111 461 895 244 203 666 462 704 787 545
926 216 175 5 99 900 359 835 474 41 710 580 441 757 213 596 359 611 792 368 962 295 980 63 33 946 758 461 942 142 170 269 30 93 839 455 325 717 853 238 440 402 697 404 178 217 655 380 155 763 372 235 63 338 477 977 610 438 748 922 734 623 590 77 298 227 81 259 531 122 127 508 415 686 422 34 972 602 981 506 767 503 344 396 409 584 400 678 570 518 830 834 803 965 913 21 5 420 956 395
303 21 952 886 823 640 452 719 276 772 4 695 711 962 829 258 468 510 354 314 981 560 365 648 152 256 945 215 518 302 43 501 285 789 115 395 343 840 631 447 503 442 39 814 445 625 447 138 94 211 977 448 382 681 971 457 275 909 144 119 594 571 168 91 506 915 432 721 859 299 73 42 798 951 757 262 690 446 100 784 715 653 725 531 434 670 467 8 911 859 512 242 152 507 291 765 861 383 975 499
526 389 158 920 259 906 842 550 820 248 884 74 247 251 988 432 26 341 988 487 262 857 36 351 998 521 494 481 679 483 602 947 271 125 651 63 81 820 510 64 124 48 682 188 161 3 900 269 591 769 739 441 790 508 915 357 478 224 986 535 182 633 475 578 433 397 906 576 560 646 304 369 556 447 850 3 666 986 435 990 828 465 595 99 139 106 468 370 139 540 859 932 198 295 958 831 306 95 215 623
994 540 156 949 796 361 923 936 792 809 316 151 750 376 951 922 719 44 200 308 685 451 303 991 92 691 156 348 717 972 18 838 767 34 646 17 536 712 380 248 102 294 162 312 989 896 888 184 855 162 964 17 925 593 764 321 706 47 443 257 167 142 703 116 427 32 463 892 262 258 234 216 368 768 901 868 760 153 824 522 977 816 533 82 133 126 330 279 990 753 973 199 686 553 120 614 65 141 68 387
963 512 444 715 802 370 841 61 283 787 773 22 341 329 873 963 7 124 619 806 423 918 15 840 11 254 775 668 802 980 29 639 738 73 166 796 353 96 266 304 403 127 108 462 651 512 502 502 930 51 266 309 646 979 269 180 918 489 556 839 599 292 319 133 59 978 145 378 477 660 689 343 49 486 431 458 718 462 420 539 994 72 583 948 293 446 315 671 247 381 726 624 937 954 636 384 739 507 274 140
221 647 984 439 140 126 296 791 549 823 522 227 421 963 359 10 184 529 906 74 212 578 780 371 487 356 108 927 86 642 133 934 442 624 963 276 893 435 334 379 168 645 444 248 778 703 853 146 662 762 624 459 59 114 35 677 421 701 138 616 851 527 615 245 335 693 718 970 885 655 370 490 953 216 664 831 885 13 185 999 617 585 575 823 309 136 408 615 870 553 538 982 134 40 405 660 771 778 388 108
751 160 801 323 173 350 161 522 562 307 931 421 194 329 459 591 370 889 257 695 836 423 231 276 471 457 376 738 568 172 847 736 362 592 794 989 212 45 674 239 969 733 517 222 295 14 253 145 386 169 24 512 536 152 347 155 694 288 941 381 185 301 375 676 987 241 700 209 456 349 738 45 129 722 485 595 539 202 377 813 860 46 858 821 171 299 326 512 200 822 305 644 715 699 881 666 207 945 756 207
965 179 346 914 401 357 356 374 501 997 385 268 257 791 939 623 126 548 764 963 970 143 311 904 291 852 433 304 801 162 997 967 860 838 973 329 841 513 952 733 114 124 845 47 217 60 1 412 571 139 498 4 864 220 146 318 783 687 902 117 393 459 235 99 642 269 768 101 776 915 392 389 172 527 145 916 496 199 557 886 712 60 518 960 568 354 599 422 854 495 996 233 551 216 227 315 325 989 824 307
998 278 437 193 345 147 645 876 522 477 671 959 359 550 389 426 509 365 705 839 621 908 636 495 853 157 826 910 290 741 974 185 718 138 716 19 242 10 835 254 765 415 871 382 890 465 343 896 415 420 48 663 788 275 295 103 523 713 543 921 566 106 355 147 995 893 80 451 946 220 707 904 983 545 530 558 241 949 527 415 297 763 718 992 229 385 328 299 695 691 113 107 279 358 242 964 965 999 734 111
690 83 547 60 240 642 456 912 176 864 370 527 155 565 190 886 360 6 418 314 437 676 21 189 303 277 42 237 960 162 4 490 434 890 185 32 993 904 407 481 149 609 758 484 272 634 860 571 584 560 266 876 702 124 195 454 45 183 977 133 584 584 8 683 873 647 993 923 747 900 78 133 582 565 804 652 208 399 755 359 367 481 366 552 318 48 25 783 446 845 282 325 349 22 89 475 107 736 73 916
622 512 120 914 164 317 720 284 555 248 861 29 829 265 984 862 478 372 445 933 189 891 593 860 365 807 759 835 458 992 366 682 172 107 120 591 723 391 780 637 882 210 671 449 897 664 301 769 692 398 41 990 149 828 257 673 980 207 730 898 921 18 497 712 608 45 727 22 765 947 825 122 14 782 80 0 583 804 820 252 841 499 669 926 844 69 899 861 146 170 679 238 260 33 292 793 866 87 774 208
196 108 401 625 258 972 271 293 731 403 889 665 164 557 277 890 695 488 752 368 318 868 569 947 311 425 191 219 803 90 969 383 492 514 883 367 235 1 373 562 750 645 748 532 148 822 618 432 883 116 160 818 158 421 583 828 917 807 253 200 180 200 296 273 681 626 457 57 259 80 508 923 486 416 764 940 747 32 431 888 255 396 744 11 865 566 183 373 9 294 539 932 855 991 620 150 639 18 81 150
721 671 228 805 281 107 353 899 351 151 465 230 196 682 277 424 488 107 3 519 857 535 406 891 654 162 732 24 662 981 743 879 539 670 385 672 884 915 34 230 563 451 885 550 360 51 432 253 458 987 514 178 661 398 438 680 991 690 652 744 386 346 287 211 994 699 27 708 852 756 419 448 845 637 29 499 113 316 828 586 106 866 992 726 948 938 331 655 657 683 15 611 246 463 609 615 219 58 185 528
150 201 286 136 689 422 248 564 597 593 911 331 422 432 345 562 768 112 69 125 893 280 214 471 876 917 407 284 857 310 53 551 29 220 870 639 67 794 902 218 112 469 649 184 835 846 115 929 94 288 930 579 505 458 928 520 114 411 181 597 281 358 718 465 19 605 112 40 465 577 522 208 515 942 932 270 415 695 22 890 442 734 752 715 447 98 321 935 693 318 191 224 436 461 688 59 450 5 228 349
70 814 967 207 582 302 205 202 919 16 854 265 523 937 143 802 26 827 700 461 885 410 113 155 706 155 467 320 976 954 252 750 398 545 420 755 775 153 844 577 562 913 721 264 832 384 565 997 305 294 445 118 313 991 415 69 52 510 579 96 936 30 861 67 858 111 620 236 98 675 844 851 69 601 53 116 129 112 853 749 5 779 896 755 932 87 121 5 682 935 399 21 15 679 388 945 888 446 369 498
190 811 367 875 351 699 551 553 116 234 510 283 455 693 688 635 91 641 505 86 571 911 802 724 150 148 676 793 375 946 936 813 777 183 360 551 488 63 35 880 559 801 647 698 68 618 6 173 908 185 912 465 3 635 710 796 344 210 656 273 821 890 516 18 685 532 707 636 731 822 225 870 410 281 491 651 704 712 757 196 900 77 864 839 505 462 706 539 703 893 683 448 800 223 777 824 572 725 48 552
915 114 279 288 737 576 580 938 219 648 627 960 234 482 176 676 492 126 480 626 381 973 779 714 376 675 708 169 2 654 173 571 400 395 16 941 405 249 418 403 199 721 697 230 337 291 86 493 159 423 10 284 27 128 745 219 440 575 570 997 852 901 885 30 42 576 2 713 527 454 612 541 452 461 653 477 612 833 383 585 748 520 871 870 276 640 275 366 33 374 618 968 163 100 817 25 721 272 565 617
803 145 525 705 478 655 326 940 713 579 108 77 256 883 761 52 847 754 783 32 440 663 529 608 521 92 124 574 294 281 482 277 138 294 545 197 93 909 820 765 391 36 306 303 644 19 976 245 244 513 867 1000 578 420 615 876 70 362 532 278 723 305 187 295 303 766 851 804 461 86 641 697 154 796 90 347 256 716 824 607 998 124 859 208 370 346 94 979 393 825 398 882 526 557 898 359 54 89 301 800
683 734 519 245 866 544 575 328 626 746 400 766 222 29 514 697 849 889 900 620 973 240 66 243 276 239 95 777 582 626 812 3 937 700 910 777 385 167 101 387 370 897 224 729 948 294 400 376 639 844 756 975 297 501 518 734 291 823 230 502 900 626 62 810 605 280 834 674 817 684 267 118 839 974 192 397 864 340 279 981 812 932 391 512 84 808 802 518 269 157 125 986 260 518 399 964 187 91 13 77
577 282 88 307 755 64 204 845 72 17 423 686 767 889 613 420 790 475 908 831 959 212 208 935 748 856 886 325 565 368 171 836 839 351 157 273 411 91 570 430 495 893 351 969 967 775 631 937 153 243 359 273 530 410 933 294 387 792 697 20 1000 792 918 926 728 620 963 826 278 820 745 232 506 770 391 425 453 594 202 152 302 732 37 858 980 911 13 192 620 822 942 48 311 812 696 241 123 146 417 752
894 719 407 178 986 397 545 329 603 464 825 2 888 117 797 2 634 600 904 474 467 529 182 177 496 905 168 856 800 149 184 603 752 477 18 681 737 509 552 919 321 679 588 513 125 203 807 310 257 207 26 279 116 401 300 294 792 137 954 984 395 476 969 410 659 537 497 48 370 338 304 386 40 751 377 419 242 162 131 879 621 321 255 400 526 324 598 21 416 283 342 87 307 61 798 123 290 804 799 749
765 721 507 983 953 940 603 558 982 276 364 134 818 39 586 899 34 777 777 519 695 913 928 267 159 105 606 439 225 916 860 672 660 686 173 927 487 398 918 455 771 712 879 864 59 527 637 498 981 832 429 515 25 691 42 264 325 644 578 270 433 852 972 81 331 945 915 122 52 501 660 317 268 829 277 732 447 903 159 703 993 435 23 928 764 179 716 354 857 748 377 866 936 418 607 555 404 733 156 18
359 617 19 473 784 811 820 666 737 752 714 568 60 621 964 493 537 691 450 44 974 451 718 614 712 700 414 312 588 587 522 37 323 728 471 21 498 362 531 262 231 621 647 20 196 277 424 260 479 327 185 414 310 914 151 730 433 776 790 308 76 762 434 373 663 293 782 273 347 405 738 266 547 182 583 125 813 833 779 566 450 607 722 896 730 682 669 165 608 673 839 507 18 636 70 350 237 48 969 359
389 712 760 175 386 962 371 798 988 247 996 7 493 631 609 107 40 778 883 622 411 689 373 659 650 798 552 952 767 226 412 996 135 861 109 713 112 958 922 732 745 336 823 32 876 401 312 681 168 74 977 818 545 632 854 99 512 783 863 432 193 581 426 182 937 940 737 312 437 717 686 833 275 242 345 557 166 324 895 249 438 44 544 386 110 744 453 905 836 386 256 154 579 145 56 370 228 654 399 360
578 469 450 474 714 20 896 597 977 545 29 442 646 17 412 351 38 124 882 240 512 233 968 305 223 626 347 123 646 977 975 732 493 21 192 734 480 670 522 77 717 572 724 778 835 17 852 993 701 276 353 277 719 126 608 491 508 566 802 868 730 674 661 46 199 247 23 256 374 655 574 442 521 490 487 50 340 607 901 924 697 636 313 229 863 595 934 598 512 72 991 649 187 274 217 589 413 648 986 528
41 479 956 140 730 880 699 129 657 334 871 503 14 662 242 850 466 869 518 105 454 561 807 270 921 557 457 654 695 221 759 462 727 797 972 662 181 337 208 73 620 987 617 831 428 696 196 446 17 15 736 534 377 70 13 170 238 361 701 376 916 15 575 985 231 679 885 328 313 952 605 291 615 795 391 3 872 451 247 792 437 262 109 42 110 181 629 868 19 456 828 746 458 760 340 682 707 740 497 134
158 209 157 336 746 431 155 487 600 1 982 591 659 547 406 798 232 6 581 3 461 706 613 677 82 879 495 634 741 980 703 464 156 139 11 257 316 258 859 772 492 110 667 0 370 747 883 580 607 237 814 435 994 155 814 294 481 560 485 731 832 192 387 20 780 822 480 830 481 400 916 289 196 672 705 722 439 380 931 394 313 267 817 996 810 817 255 269 691 766 5 817 294 335 564 773 686 784 299 988
152 780 882 150 138 165 34 390 507 911 746 9 755 27 487 316 620 556 169 369 152 342 118 115 130 4 191 719 885 218 502 280 336 617 645 799 884 191 785 600 594 315 881 140 295 783 190 1 166 13 830 662 983 677 95 602 342 992 715 156 37 1000 878 178 807 617 399 778 619 271 119 126 633 97 606 686 533 518 398 637 421 790 208 48 479 302 868 241 610 601 783 833 863 980 878 52 926 309 194 785
129 803 755 120 343 606 503 275 624 549 662 125 896 9 592 786 983 962 989 461 747 440 277 85 55 120 411 866 977 172 751 257 52 1 31 906 424 568 373 86 183 475 343 787 265 12 441 996 616 285 603 339 48 384 883 367 758 222 805 539 500 20 486 677 475 6 500 399 740 765 16 84 410 538 547 688 689 13 646 494 534 572 321 635 861 151 252 120 195 847 546 613 600 683 795 151 560 444 686 925
478 518 979 639 971 711 342 343 507 907 504 959 15 993 364 920 409 209 353 193 388 970 577 772 875 439 578 332 23 744 579 321 470 665 271 212 985 384 791 532 733 826 774 958 637 471 509 830 835 266 244 274 418 989 335 831 220 309 32 958 596 489 912 675 939 701 359 583 163 78 388 886 494 69 462 317 486 572 182 347 394 550 595 995 805 470 904 394 864 494 960 686 746 890 623 461 472 391 259 384
96 398 252 902 413 962 394 618 436 945 177 623 584 820 201 17 574 51 229 655 22 317 640 338 178 848 509 709 936 37 590 40 939 619 430 359 909 200 762 60 118 185 652 926 113 708 376 545 265 829 945 343 207 991 92 417 237 808 248 924 53 750 497 107 897 96 922 82 947 50 244 767 451 817 116 204 280 375 979 551 847 49 369 200 549 309 941 730 750 480 927 25 126 666 789 28 615 162 513 73
815 897 952 285 371 554 262 379 433 348 966 886 317 805 705 79 446 629 736 927 220 996 241 751 195 945 417 855 219 589 832 568 892 418 943 367 754 319 827 616 588 730 876 465 61 221 65 219 306 772 917 987 501 608 869 62 115 281 536 666 285 918 980 184 369 674 452 620 566 712 613 288 33 332 26 863 564 666 523 149 471 301 265 520 952 632 740 244 519 606 108 726 445 626 379 189 593 643 629 775
977 823 26 316 809 468 166 432 539 923 163 137 768 291 182 812 921 697 467 609 802 330 306 663 365 552 281 747 483 264 7 929 39 488 110 793 712 168 271 208 532 202 721 233 435 655 954 41 486 117 18 325 112 982 840 417 312 489 102 404 587 716 127 207 992 270 684 644 31 25 32 606 558 756 171 628 582 66 652 797 794 182 376 622 494 550 597 220 174 989 136 101 823 392 369 173 732 443 78 398
296 259 32 145 303 430 300 269 737 290 708 78 432 316 481 543 947 629 468 983 939 307 362 629 993 885 81 597 149 219 196 431 654 743 997 492 119 595 665 352 90 314 830 957 157 776 222 114 241 55 319 486 152 93 992 847 24 483 799 308 951 751 71 664 867 758 629 91 240 746 197 64 230 465 888 967 572 159 494 449 22 417 740 48 54 587 677 834 925 177 730 507 531 749 370 562 269 463 398 75
140 696 600 804 778 289 27 626 26 290 674 797 425 780 876 358 171 904 536 12 217 741 980 814 692 575 952 899 103 125 136 852 936 512 190 861 262 236 508 854 72 169 65 791 298 979 263 621 891 832 286 350 966 992 378 718 794 318 875 165 942 632 868 553 320 857 540 485 935 913 497 256 610 373 638 962 866 811 543 108 497 628 270 981 371 918 126 379 449 552 82 196 567 874 887 302 143 551 831 241
848 194 263 513 730 453 468 387 110 517 785 263 380 248 286 41 426 124 65 466 603 553 253 306 401 755 661 68 645 588 863 178 415 36 950 424 176 761 364 453 602 573 582 114 399 700 562 719 273 904 151 527 2 880 973 318 971 950 169 68 638 950 174 166 381 899 514 522 180 415 298 68 692 779 176 851 245 99 627 3 934 105 248 751 684 312 524 947 514 602 335 168 886 340 822 721 345 723 272 518
362 900 543 136 844 782 486 749 499 399 369 555 907 896 347 518 314 715 810 804 989 860 728 649 274 468 513 683 518 386 333 262 470 184 236 917 603 620 684 632 177 840 523 942 458 534 609 781 132 382 351 240 877 973 113 717 272 640 356 867 975 590 865 442 447 222 45 721 440 438 571 736 743 842 611 893 682 250 890 413 49 350 536 168 2 744 480 645 788 284 795 458 97 707 131 473 783 196 106 542
279 132 83 330 463 326 699 665 52 75 424 433 191 297 522 897 252 45 744 850 428 838 442 422 35 232 585 720 971 795 276 698 87 919 324 515 786 617 644 717 320 246 58 118 680 485 121 806 722 71 617 875 394 472 295 512 850 43 711 701 925 735 939 440 597 701 445 468 234 365 181 696 349 629 273 761 969 585 46 702 41 530 37 221 732 576 801 382 446 946 820 22 530 683 536 586 306 610 316 687
298 780 342 345 882 373 981 312 184 606 376 347 945 2 302 986 142 173 51 758 999 490 560 155 270 591 795 55 439 769 255 811 298 247 657 90 221 87 515 566 354 615 55 304 417 501 832 821 919 230 777 146 451 652 811 83 619 632 462 157 224 167 624 383 560 64 626 58 254 158 516 679 521 797 802 141 21 347 596 622 919 715 841 20 822 19 871 825 25 331 866 681 330 550 400 888 45 162 632 0
746 985 206 180 251 974 328 452 12 227 802 161 670 619 501 119 643 49 675 890 543 481 276 321 765 780 807 183 994 49 3 860 681 739 531 223 197 239 703 216 637 728 808 420 664 333 903 815 695 580 834 200 685 958 511 196 511 264 452 208 866 851 114 292 32 60 642 382 429 15 232 399 896 353 161 523 786 699 260 684 519 725 367 223 287 248 885 347 411 877 19 189 264 289 827 573 331 974 757 663
144 649 490 175 399 641 922 561 532 377 356 716 34 265 78 549 754 158 425 97 557 123 156 348 978 331 667 434 711 778 648 672 548 539 735 12 725 590 275 146 971 359 59 668 312 976 904 862 398 848 819 410 593 719 704 489 970 176 156 167 549 810 190 561 712 478 283 11 345 480 503 790 415 457 571 996 931 959 271 908 953 151 464 968 616 669 346 842 83 441 975 113 880 964 857 79 988 553 159 746
428 447 980 741 578 45 121 961 797 731 760 170 100 808 959 904 911 53 28 4 768 687 930 126 12 691 504 155 658 564 624 629 750 971 786 728 860 81 472 620 381 588 571 356 308 963 418 947 137 174 536 262 614 372 539 515 34 242 633 700 907 946 381 304 911 578 712 829 828 553 719 862 553 900 580 76 475 216 887 2 280 835 35 807 738 388 934 766 776 306 693 652 353 936 540 93 231 924 190 489
415 114 341 627 808 320 711 792 333 47 445 933 592 637 799 967 745 928 424 414 52 72 310 616 963 390 872 521 460 5 778 193 312 278 569 763 357 150 633 566 104 501 335 985 49 184 674 112 775 569 639 518 133 948 852 144 727 150 454 870 975 824 920 369 675 618 830 360 993 236 873 714 630 975 912 513 825 6 275 512 51 340 693 682 937 57 313 624 633 869 659 457 437 127 387 509 601 416 43 773
685 243 96 273 581 666 283 468 764 366 854 877 131 600 926 187 80 891 249 43 757 443 184 709 361 325 513 956 221 985 443 92 618 574 793 62 160 863 28 933 393 642 654 987 604 765 690 195 702 122 33 331 587 512 791 214 917 818 3 92 374 563 174 70 402 369 393 488 610 491 723 747 908 609 268 385 128 209 472 356 818 8 191 428 788 770 480 334 292 604 819 493 542 962 185 598 251 124 97 698
870 899 554 832 237 551 723 860 438 364 508 142 209 132 255 697 897 731 621 249 478 214 232 938 182 187 377 686 780 940 282 432 874 721 967 417 597 215 53 537 219 72 482 62 716 605 434 627 211 10 97 113 642 571 896 936 315 813 848 90 686 664 890 787 828 737 77 154 798 76 651 723 448 980 73 383 109 1 13 734 493 969 449 621 993 557 132 70 493 78 57 254 795 228 391 267 801 828 253 11
755 156 326 525 282 631 468 865 210 738 89 774 67 303 957 576 823 2 147 190 232 498 891 642 284 837 465 164 571 564 27 238 514 655 977 291 546 369 277 340 537 10 269 302 545 467 545 552 698 299 341 925 953 445 107 386 501 18 120 927 976 852 777 370 264 711 111 731 107 600 137 576 86 663 576 466 3 921 331 878 23 776 935 889 973 812 772 641 110 952 500 305 710 663 859 41 199 735 254 162
483 397 546 323 424 329 328 523 580 859 268 217 689 881 244 88 189 534 669 768 628 522 561 971 416 434 495 511 396 889 188 766 133 780 390 942 102 136 591 782 573 513 335 184 446 810 150 522 4 590 196 683 805 515 688 8 432 636 135 940 63 643 987 325 658 245 710 93 24 942 546 244 202 146 983 656 577 526 860 583 769 446 994 964 544 261 746 208 684 63 330 470 320 314 424 972 57 511 727 753
180 375 380 463 209 587 417 519 993 672 125 616 752 536 542 884 90 666 168 882 518 359 878 280 944 952 451 797 485 731 881 819 932 773 322 278 850 937 697 736 353 89 861 456 101 390 337 385 596 39 840 289 444 445 231 877 924 408 151 882 864 638 108 292 835 243 186 91 299 498 522 807 204 545 368 920 76 816 787 463 740 718 225 750 324 603 92 609 592 505 512 655 250 4 225 610 801 692 180 23
718 921 991 807 939 434 413 995 566 484 748 356 955 471 394 699 293 295 533 685 947 435 563 572 614 510 978 530 525 547 964 630 242 433 581 183 717 473 411 83 537 815 553 0 623 299 589 627 658 614 898 239 444 742 243 419 550 244 634 999 514 198 307 272 422 1 989 82 134 392 379 44 418 724 850 960 852 153 695 826 535 712 205 764 618 976 496 170 595 343 388 178 404 741 200 736 456 628 986 446
231 254 693 170 616 697 763 531 771 372 388 255 152 641 619 368 443 998 279 591 921 563 370 353 505 360 475 430 485 826 119 554 569 84 684 95 868 630 582 429 737 959 16 226 629 303 911 964 123 454 284 295 794 640 937 164 480 376 362 771 792 771 462 260 378 951 409 177 992 749 491 30 999 93 531 504 571 212 58 205 149 318 271 829 396 21 74 759 107 971 82 859 207 795 488 191 796 818 462 821
24 827 750 472 347 143 726 836 377 196 570 345 855 956 328 39 904 405 757 717 157 920 380 653 821 869 613 170 422 981 864 157 494 232 141 936 578 101 527 94 123 721 645 501 817 249 195 684 558 398 121 498 532 628 828 510 449 877 287 279 952 17 762 580 178 740 827 979 136 775 554 880 467 713 262 538 667 723 482 710 929 468 769 157 788 230 999 501 349 303 814 346 769 637 949 287 490 883 190 219
575 968 305 735 939 679 338 849 204 594 99 835 249 705 319 40 864 733 740 260 413 51 405 999 518 553 357 754 764 329 755 544 464 996 90 729 931 477 993 151 19 756 385 542 315 994 692 8 130 993 805 436 594 78 88 827 770 499 100 805 272 458 670 997 367 486 814 814 505 603 279 365 439 533 419 753 6 103 388 88 856 669 678 890 812 187 362 608 188 72 684 840 902 555 296 40 109 511 989 148
551 134 961 763 214 91 843 938 266 610 241 605 142 10 53 429 119 998 621 774 113 414 859 355 934 519 852 960 125 413 149 414 719 326 278 806 335 812 276 51 398 997 587 918 439 135 726 703 859 472 606 517 872 809 815 20 714 311 749 30 753 664 178 172 224 966 504 301 292 247 2 93 602 350 905 917 68 240 650 925 874 758 557 116 32 643 386 911 817 949 204 745 527 910 994 138 429 236 677 449
518 213 115 717 658 566 124 790 728 181 90 825 216 270 765 326 125 477 932 704 308 790 719 652 958 659 358 693 518 384 520 771 62 210 525 168 973 846 368 930 742 298 80 612 262 856 428 790 432 402 344 698 191 522 928 543 273 271 338 689 240 463 825 744 710 174 384 147 919 506 181 993 858 396 268 627 683 492 906 54 985 373 906 94 280 480 57 426 610 137 221 357 55 173 228 804 282 86 539 931
98 553 10 213 518 171 267 478 625 903 158 457 954 731 111 380 357 689 281 480 2 215 164 682 844 397 262 786 552 15 536 396 283 967 269 191 600 676 622 444 824 887 59 945 463 717 288 68 447 759 254 488 216 512 403 444 969 635 968 331 154 371 18 727 327 768 195 481 277 903 971 249 801 815 243 314 223 713 693 527 171 650 502 300 439 961 797 409 457 57 357 479 378 289 609 351 243 445 340 772
247 909 420 7 351 731 878 150 667 42 626 144 459 800 131 865 430 507 514 686 623 862 237 25 741 384 484 37 970 572 203 550 77 89 402 291 520 111 647 36 16 173 240 600 582 510 279 965 838 565 654 413 414 970 692 970 736 980 283 478 646 369 135 313 503 595 775 684 352 397 661 630 741 380 500 610 70 730 593 884 372 646 29 617 788 758 40 532 580 411 575 54 120 997 91 951 480 543 797 214
213 517 822 232 174 654 383 831 275 837 469 399 543 81 232 637 418 842 75 442 396 459 495 895 829 698 424 27 223 563 365 554 64 610 140 774 29 559 905 327 332 448 268 610 305 699 685 443 634 484 471 1 358 438 20 50 382 48 117 713 652 681 866 859 71 727 699 489 558 54 6 290 372 971 932 350 473 286 998 259 427 562 169 419 99 233 94 117 886 782 974 106 461 180 809 918 714 526 926 692
176 868 884 737 694 358 60 128 938 185 956 83 384 486 763 929 949 253 97 415 332 458 407 958 595 390 154 807 982 813 414 545 56 593 86 517 557 88 415 57 659 578 477 287 120 680 840 3 843 921 186 31 179 910 901 904 139 631 54 358 21 525 594 584 853 380 662 631 883 898 226 605 628 193 303 639 979 565 221 670 864 394 887 307 678 900 49 69 589 285 798 962 860 110 827 582 360 355 0 600
365 929 247 707 464 58 157 934 401 89 77 458 970 93 521 896 752 445 693 355 614 969 617 798 635 282 221 243 791 772 604 171 339 314 396 877 870 864 124 642 109 662 682 209 795 397 63 414 457 420 247 644 436 483 954 396 845 215 667 535 860 562 342 112 431 131 806 910 842 549 216 557 790 43 400 60 884 230 911 483 630 86 384 283 169 474 486 571 602 182 700 881 256 608 192 566 103 563 893 789
80 268 993 453 646 943 984 300 16 582 258 104 357 128 837 353 364 412 786 275 130 959 243 747 264 685 326 28 756 70 322 719 49 736 584 910 186 94 728 992 594 412 43 191 282 920 937 569 745 507 416 936 227 442 424 956 428 80 370 160 681 529 582 985 31 783 58 71 836 920 877 115 317 195 661 904 953 896 459 149 937 336 899 666 225 865 331 516 492 852 838 928 925 156 697 617 166 132 96 236
983 791 984 173 715 390 375 116 550 156 709 260 455 654 400 140 187 345 107 785 194 462 384 294 266 618 699 859 322 611 681 169 746 544 449 209 804 11 408 144 722 544 789 478 610 134 375 469 994 915 535 80 434 660 738 987 256 599 267 371 295 415 180 588 420 663 90 633 285 728 770 354 296 64 33 878 339 673 314 844 940 360 204 207 136 547 584 545 122 218 954 124 561 906 572 753 540 715 800 628
952 287 474 917 917 162 832 946 549 206 352 426 702 240 517 300 78 101 320 254 771 777 100 401 878 152 923 650 704 685 159 51 338 303 931 806 954 998 235 849 402 548 926 158 293 414 945 84 115 27 987 916 376 300 359 213 410 355 918 738 604 586 190 726 574 982 174 455 475 356 508 349 354 655 833 216 433 952 610 476 197 65 145 225 753 215 71 737 436 341 72 868 510 878 39 932 249 496 959 699
868 372 974 480 968 661 199 314 240 595 506 531 104 215 431 800 937 472 4 67 509 689 186 390 22 719 167 797 518 638 907 807 903 481 625 887 100 862 229 788 471 38 377 752 459 644 242 366 213 287 540 933 108 706 932 937 322 920 413 96 768 627 515 625 588 537 586 181 729 826 337 395 938 618 282 129 712 105 730 928 480 622 601 610 121 283 634 678 730 327 215 539 37 428 195 232 832 333 743 396
319 366 349 61 196 501 233 614 120 212 906 437 88 970 799 956 171 297 15 621 314 970 909 613 971 404 226 641 726 632 127 680 72 213 666 879 578 380 249 863 943 634 306 871 427 521 160 523 802 284 951 421 302 250 100 64 782 954 134 634 426 116 646 68 322 265 420 135 812 618 122 511 389 883 462 222 65 893 324 11 887 593 664 611 886 130 0 16 3 397 432 451 951 599 720 976 924 288 464 3
870 557 67 347 596 433 967 940 575 443 846 297 970 723 965 199 357 354 454 618 948 201 866 459 86 997 636 509 973 825 298 520 10 51 385 837 230 404 327 229 431 931 177 151 848 434 891 701 814 727 739 961 655 91 213 257 166 610 158 427 104 120 273 152 300 381 832 264 132 798 493 886 731 362 126 810 725 529 720 214 964 391 420 418 191 776 414 961 855 694 707 245 483 926 107 902 264 593 406 638
859 424 955 728 681 290 380 395 222 138 372 612 907 645 543 790 955 383 981 948 272 743 46 987 566 326 266 893 482 692 406 697 427 192 757 644 82 722 530 447 332 492 374 645 31 229 723 5 357 835 744 693 273 730 417 241 964 96 675 645 653 408 752 81 901 664 594 423 285 984 486 236 381 121 542 672 658 202 717 949 200 493 961 231 633 28 943 452 948 21 491 742 986 103 90 813 375 869 449 584
314 539 833 353 972 437 489 697 901 882 543 334 296 276 704 202 143 774 528 737 221 486 406 428 54 477 246 231 246 727 11 959 13 227 303 977 191 793 242 665 424 446 488 706 270 632 649 455 343 512 72 223 492 361 218 406 398 982 185 708 43 552 878 562 667 371 642 270 664 463 506 788 181 915 656 440 314 93 941 738 817 367 561 245 808 23 374 935 576 421 837 941 912 636 925 99 151 944 27 913
485 65 491 229 485 68 377 563 980 598 675 705 234 322 729 16 701 507 932 605 917 354 580 66 887 457 886 452 109 669 628 306 593 925 782 932 838 242 421 854 797 246 251 175 616 96 633 712 100 687 510 886 61 364 353 561 422 33 188 895 477 785 329 906 551 553 909 159 540 265 963 503 578 572 39 263 491 566 704 286 710 97 793 937 303 846 310 84 585 657 688 939 819 233 86 221 111 147 656 722
667 705 125 325 92 867 176 617 136 707 59 564 462 159 972 415 796 84 499 403 878 774 435 416 411 791 569 282 459 64 464 892 345 748 158 771 511 342 276 190 178 871 727 43 787 458 149 997 404 832 537 473 295 460 348 149 797 808 559 726 531 967 968 46 960 948 906 409 83 27 775 342 206 296 86 150 551 765 667 411 840 992 835 567 910 8 231 474 822 211 889 868 310 868 696 421 3 983 311 51
65 527 566 181 125 518 617 173 538 462 792 843 705 968 659 335 304 152 539 170 638 797 897 361 960 549 680 46 915 635 17 876 234 738 288 752 700 761 799 67 713 817 869 949 696 99 187 628 74 148 355 242 192 419 935 719 518 964 337 130 250 615 674 168 37 606 799 444 684 189 136 732 925 642 664 288 896 586 717 342 83 826 89 379 973 97 353 752 500 116 676 93 542 840 859 500 915 692 657 368
791 567 831 598 746 837 3 466 119 257 785 424 189 996 640 949 540 204 557 562 774 533 151 788 500 37 875 506 243 58 11 987 403 13 863 21 510 909 162 865 883 297 549 748 248 480 253 945 547 367 485 419 466 833 4 623 980 610 946 190 967 257 819 413 87 478 60 81 946 328 221 993 374 152 755 736 917 710 569 79 778 218 910 567 356 916 181 381 450 207 679 769 753 952 703 800 915 675 334 20
509 271 578 409 204 473 120 766 560 952 419 562 674 554 53 681 666 104 139 84 748 403 623 523 671 783 67 345 803 608 885 451 683 877 910 163 50 685 830 934 215 367 805 751 352 546 958 108 964 239 164 605 785 228 55 62 456 324 276 238 451 832 467 933 165 761 524 149 77 960 861 976 226 250 171 889 636 542 227 818 411 471 172 989 417 24 672 51 428 765 777 704 675 975 585 339 911 501 457 401
226 175 396 408 887 280 604 185 573 849 93 297 116 838 742 862 66 36 986 559 674 374 818 245 361 266 355 41 967 70 338 374 448 505 883 180 907 480 363 783 469 990 953 389 158 954 807 566 947 296 260 829 520 864 650 837 640 77 793 313 992 624 761 792 910 391 712 107 699 168 774 469 214 901 440 987 678 90 328 548 872 804 984 321 707 364 707 362 561 605 227 1000 454 566 58 784 771 684 295 93
890 593 379 591 68 426 411 22 996 957 671 674 555 478 217 566 486 266 944 441 675 516 923 403 401 199 310 718 338 152 721 356 596 225 480 177 61 953 121 245 786 728 981 759 5 150 812 62 48 537 201 110 334 418 583 98 322 489 321 84 588 605 362 248 449 955 673 495 525 927 974 473 924 150 200 990 326 209 965 312 520 19 310 686 166 1000 932 513 10 6 573 66 298 917 460 752 337 226 864 412
72 966 78 339 222 546 63 4 805 590 38 685 871 334 48 461 264 936 749 273 258 974 45 24 427 718 235 681 265 872 30 191 999 953 227 1 791 258 602 864 543 166 260 988 773 924 661 615 896 922 77 740 652 239 349 732 570 69 389 907 387 21 968 166 948 558 255 56 666 429 583 350 729 748 248 389 882 414 700 641 432 145 888 369 86 799 941 495 353 162 787 223 904 357 472 332 599 267 783 582
803 312 571 470 511 621 36 80 734 108 559 7 774 922 296 54 178 779 276 59 741 94 861 506 70 288 892 449 564 305 252 753 678 200 818 958 411 540 1 470 783 744 320 645 7 600 220 887 41 841 937 72 853 990 955 361 898 697 734 939 676 847 389 31 986 347 563 774 484 986 955 893 945 721 744 33 619 480 598 869 211 851 708 181 42 225 165 138 498 219 650 280 363 551 489 745 801 130 884 687
841 796 723 807 659 748 860 3 138 831 690 964 273 301 801 702 680 270 924 317 705 29 618 212 790 407 32 700 834 754 742 31 476 55 479 389 954 893 435 841 252 494 127 74 88 70 517 254 940 39 94 814 522 54 157 24 881 377 661 409 738 776 402 357 733 585 683 371 963 202 182 612 834 67 967 5 60 595 72 313 98 117 424 217 234 612 951 237 482 251 24 496 305 980 906 541 362 442 565 146
374 14 57 876 198 662 319 351 121 947 136 943 586 520 881 648 104 971 417 142 887 794 994 858 374 926 210 406 1 679 283 811 95 151 31 582 619 319 467 123 496 34 181 12 813 923 836 512 98 745 741 578 396 899 611 70 372 712 162 521 384 618 62 369 952 201 982 504 676 57 53 723 336 585 53 50 256 227 89 877 675 64 491 916 765 480 292 699 75 379 57 160 329 587 816 619 236 301 647 551
862 450 217 641 357 424 207 171 149 94 152 746 305 529 346 655 602 964 129 482 222 242 143 553 132 776 886 876 852 310 481 975 961 881 721 433 356 273 717 747 215 476 737 671 592 857 65 245 380 8 779 577 458 639 446 468 523 977 436 227 491 684 309 166 605 662 196 646 989 30 890 532 256 760 10 55 46 240 330 661 732 758 325 223 420 886 142 755 775 437 503 227 898 795 195 128 658 257 109 885
353 805 809 642 675 547 838 771 43 850 224 869 827 240 743 422 520 514 646 412 910 385 81 773 909 726 885 82 299 647 309 197 473 311 478 945 339 542 106 575 164 257 370 856 738 387 890 346 64 997 745 807 145 603 456 308 831 685 769 205 159 206 195 906 825 181 347 80 852 404 802 466 369 18 875 308 734 486 302 480 971 449 996 666 50 37 958 216 719 143 256 611 115 96 558 333 8 360 703 285
801 741 648 809 943 832 681 270 544 965 57 272 823 416 311 410 276 214 483 653 225 785 181 416 952 393 428 540 69 363 534 654 399 191 721 758 295 51 706 657 820 226 436 865 502 53 597 499 240 716 59 125 699 804 350 531 312 984 211 230 339 862 972 669 666 27 410 741 116 256 402 791 951 121 393 885 583 773 20 294 708 932 149 367 366 515 504 112 381 315 646 594 990 558 35 282 670 527 3 973
229 408 381 209 723 682 250 630 838 965 290 776 633 93 130 169 74 316 18 692 514 964 633 821 281 526 202 84 400 215 799 470 207 175 301 174 319 394 156 247 782 789 280 725 644 245 489 555 165 860 320 439 482 602 602 804 594 765 995 786 585 441 409 233 296 593 870 911 355 702 911 894 454 406 221 516 71 520 982 10 957 832 926 620 468 174 239 444 689 185 865 612 631 119 836 910 859 803 462 772
283 764 472 755 606 4 559 156 983 617 316 73 590 101 685 549 717 802 252 421 157 570 319 531 296 206 632 553 526 834 863 904 578 954 708 14 287 419 543 512 991 923 134 104 406 153 509 573 430 460 153 514 132 229 543 196 27 28 516 467 816 69 218 382 918 785 70 7 588 4 398 240 82 287 778 551 213 493 334 808 842 13 122 846 52 779 804 277 456 814 326 17 943 653 229 499 478 593 648 9
831 373 376 882 411 267 236 860 645 644 397 441 31 74 402 167 928 378 572 175 942 574 352 678 667 8 179 402 348 516 869 539 726 538 971 453 823 397 944 342 924 504 367 120 904 156 965 842 501 102 422 971 454 709 35 871 604 531 959 554 156 732 332 790 288 785 485 111 369 773 927 70 562 18 201 730 718 574 457 533 235 475 329 769 137 392 97 927 442 576 290 45 594 954 826 330 708 167 884 293
279 350 417 742 382 989 261 562 252 798 172 244 257 571 676 440 715 33 467 533 718 869 61 200 664 305 410 974 473 553 304 142 753 204 503 957 101 933 192 857 710 879 825 161 638 711 197 366 842 560 310 11 123 888 822 308 767 43 922 36 935 331 297 167 576 242 212 730 483 768 239 368 825 304 317 0 495 774 723 899 310 99 752 154 951 973 316 933 242 986 921 758 685 515 508 355 540 491 66 896
163 802 226 946 876 46 617 916 145 799 553 925 442 574 118 532 497 863 514 535 762 65 857 302 340 46 826 647 511 189 831 158 344 877 873 701 742 483 129 265 578 271 150 611 872 144 673 313 996 221 410 362 116 63 286 855 580 266 176 921 80 40 141 863 374 49 364 13 885 926 133 251 927 769 448 15 5 342 625 436 713 300 533 236 750 691 617 187 502 347 956 74 85 747 435 507 747 550 617 506
840 235 131 311 727 114 297 698 706 131 178 73 76 901 719 853 83 225 941 580 977 88 731 916 144 232 703 127 469 107 383 975 220 33 851 516 908 722 576 725 786 61 305 962 317 609 503 862 904 985 165 7 351 359 488 861 725 847 738 378 934 962 753 270 307 496 234 64 292 255 382 72 523 332 816 287 790 588 847 689 515 745 550 735 395 609 262 598 713 465 914 920 817 179 994 616 764 387 832 849
419 872 325 315 515 354 275 186 57 362 889 498 201 659 12 105 205 562 503 79 646 743 488 355 885 680 279 893 27 255 189 932 873 719 422 563 37 255 281 988 967 787 319 142 142 738 163 215 646 7 86 687 689 178 643 539 740 638 885 139 616 297 811 739 597 631 699 487 885 300 336 874 783 981 38 776 598 708 771 421 569 570 773 620 660 452 445 1 459 801 703 238 422 526 700 968 825 308 731 952
427 764 428 5 29 777 762 514 966 840 717 10 722 236 556 610 311 180 847 235 461 192 40 522 576 727 782 183 324 457 158 294 81 752 308 410 333 924 213 186 970 671 364 400 323 6 78 871 937 2 118 272 749 993 0 215 824 649 37 101 14 927 749 278 360 886 920 80 622 570 575 331 812 290 385 330 208 524 222 300 9 475 187 117 301 484 839 511 433 776 305 160 326 404 385 524 899 116 143 968
839 915 470 654 728 166 343 325 544 688 748 427 248 183 480 322 923 508 891 464 462 187 124 444 945 581 98 968 644 701 106 719 468 129 808 953 120 954 368 422 810 728 665 550 637 884 304 355 129 569 562 724 566 483 58 577 353 743 626 140 420 988 343 492 335 20 29 141 979 988 989 190 392 271 300 325 799 234 596 426 130 182 542 412 341 371 25 482 189 312 193 374 658 777 703 553 410 21 842 174
318 399 563 532 202 593 406 797 860 123 455 823 966 594 607 105 196 153 757 962 385 240 595 368 431 209 324 652 357 540 554 731 977 679 539 21 113 46 506 844 774 269 16 752 715 705 445 690 590 302 178 985 216 751 626 385 806 802 26 372 396 969 300 892 548 393 732 87 897 249 777 274 284 181 694 470 670 307 69 855 198 988 101 79 829 424 975 468 734 148 25 271 795 683 252 910 71 912 840 801
618 696 549 741 868 777 570 525 311 925 198 368 535 676 22 923 83 467 49 847 17 819 22 555 733 164 391 937 353 461 9 123 882 675 781 608 145 181 553 945 474 872 606 155 75 290 820 45 813 416 32 753 68 225 722 37 408 418 886 211 17 565 954 653 738 909 35 506 193 173 612 312 886 432 576 15 588 965 509 741 982 599 837 802 698 639 180 65 488 633 728 595 11 134 883 575 915 666 319 423
781 422 999 344 317 170 663 293 417 619 552 119 510 878 287 638 131 75 638 772 680 965 674 416 618 123 294 435 319 639 190 34 870 601 176 827 152 374 836 117 662 574 523 551 743 216 824 245 508 303 937 619 619 344 387 989 311 123 392 909 854 696 933 46 981 678 695 642 50 689 532 96 164 56 50 645 438 155 440 22 754 282 25 852 71 888 514 272 98 755 406 364 539 680 27 417 823 522 922 363
995 739 824 703 556 363 976 504 72 311 826 15 12 533 882 105 835 750 540 957 0 489 617 500 900 876 93 84 17 518 508 892 147 307 137 68 318 125 142 103 395 712 764 96 44 861 45 307 673 665 613 909 23 395 982 865 1 380 443 666 568 144 895 162 246 829 42 397 921 63 374 48 814 717 746 319 415 762 703 842 130 678 780 814 641 167 758 219 80 834 985 14 435 310 145 808 871 613 584 599
633 234 423 988 73 183 25 553 419 382 878 132 89 948 904 782 164 907 889 465 617 204 196 232 200 760 440 305 758 230 671 307 456 56 714 35 308 437 740 181 207 544 119 341 46 729 752 602 295 542 285 119 139 85 669 242 400 193 474 793 764 888 558 982 810 751 279 584 551 80 710 729 232 721 816 758 468 127 636 481 570 180 515 103 397 788 209 913 460 435 100 228 68 779 107 841 541 529 876 864
100 886 66 901 168 877 957 795 518 666 641 955 565 467 365 786 589 914 503 871 305 994 787 513 510 334 143 36 253 101 246 301 126 763 767 218 47 540 700 361 672 468 11 952 813 80 608 974 94 408 356 777 984 172 898 909 996 841 354 610 255 769 826 797 546 346 60 749 206 360 56 328 722 950 285 34 518 651 534 868 799 959 168 103 547 839 84 864 876 350 617 804 298 844 563 138 41 542 307 755
807 238 586 202 468 962 168 804 230 23 603 878 433 818 914 267 341 433 360 551 895 298 699 770 199 393 405 733 518 148 333 757 531 897 138 417 717 869 417 148 969 831 781 781 517 131 772 80 792 547 7 698 585 439 588 611 744 200 797 462 149 148 776 498 16 972 36 318 791 264 186 677 952 297 471 900 904 249 1000 574 371 688 192 284 703 373 331 552 18 81 844 846 105 407 226 904 941 523 880 271
88 589 27 657 876 32 335 425 723 122 448 371 23 458 540 291 432 385 376 518 131 44 395 8 630 279 243 202 34 139 204 254 935 625 890 102 246 320 374 212 688 733 638 934 246 786 71 517 629 532 952 997 29 546 642 473 162 758 262 506 198 335 323 756 918 330 698 253 401 568 237 638 68 733 178 401 841 650 323 184 34 849 637 768 75 897 251 612 12 997 223 533 698 72 789 208 303 574 393 246
5 268 897 341 566 498 889 971 209 972 227 498 958 511 750 971 70 465 484 730 281 776 567 484 699 151 965 971 272 866 964 406 21 301 545 311 455 516 933 809 262 821 854 998 227 29 158 724 85 508 333 846 591 590 294 729 153 174 53 722 964 90 171 39 547 539 265 868 683 831 678 789 185 786 958 230 219 498 776 301 244 413 209 618 802 619 960 10 98 41 787 732 153 263 944 58 5 71 618 180
331 269 664 708 815 496 123 955 233 641 9 649 140 337 664 2 440 669 841 162 984 887 886 692 419 543 371 130 328 462 905 152 791 982 167 46 381 2 651 178 975 394 701 762 170 796 900 655 826 906 357 421 108 957 838 48 593 235 246 541 150 207 268 304 968 932 877 520 553 982 178 704 938 972 728 973 740 711 380 856 32 472 617 522 183 624 969 318 82 957 147 749 256 464 959 415 253 898 649 121
145 564 980 481 960 535 444 511 577 118 456 174 704 452 1000 650 440 900 845 364 673 281 871 51 113 611 970 430 872 455 301 741 801 387 778 681 636 109 848 266 747 775 391 770 599 880 364 639 195 956 780 551 190 118 541 721 880 607 562 946 242 773 891 402 787 534 969 298 901 769 927 309 637 670 544 153 533 838 576 650 524 925 289 255 723 411 662 657 481 17 357 708 125 419 903 548 960 284 370 1
773 430 870 616 803 569 240 125 863 380 915 641 301 269 685 831 944 287 755 236 171 418 511 539 121 837 668 742 125 157 831 158 771 145 455 482 775 966 282 953 424 754 85 446 228 382 875 76 226 369 805 21 116 292 826 801 954 42 395 493 572 54 836 20 539 679 496 514 378 550 995 482 730 699 207 527 775 449 291 201 738 494 847 920 305 846 977 453 193 63 446 601 484 650 660 382 730 207 561 108
188 900 117 350 189 172 347 105 463 248 990 350 399 994 797 335 684 26 360 613 240 783 651 987 583 275 7 784 935 979 927 76 330 410 235 660 78 30 610 350 565 613 211 56 20 886 321 75 595 649 139 174 703 561 96 270 345 668 474 97 793 401 509 257 561 757 576 355 703 782 183 247 148 809 642 446 444 971 999 635 249 253 277 396 802 229 148 658 386 204 581 846 199 56 242 35 326 351 442 192
852 927 455 74 875 178 689 829 619 91 991 506 234 714 154 814 606 939 71 318 405 677 297 341 283 925 467 437 622 389 596 582 749 768 322 513 639 624 41 764 24 874 828 523 616 877 905 401 357 363 295 300 170 611 108 621 125 817 875 866 449 96 202 550 566 830 503 512 975 494 113 949 622 21 826 769 977 485 772 182 884 158 101 144 165 147 781 149 666 348 820 830 985 862 650 358 164 442 295 256
677 874 44 305 100 354 260 513 29 11 301 749 183 790 960 225 340 262 586 251 888 273 240 414 102 482 210 622 300 470 540 636 6 629 828 782 872 497 493 118 804 803 28 716 291 501 562 691 880 203 288 534 35 591 988 933 885 142 714 940 621 218 748 563 480 210 142 335 256 941 339 688 90 303 489 191 129 633 648 323 955 772 161 19 657 333 702 72 193 186 933 146 653 167 907 23 981 565 748 862
581 735 846 308 326 967 343 94 421 19 346 213 266 46 661 800 646 397 394 870 679 936 655 838 154 549 187 310 489 881 74 223 751 171 340 197 965 717 906 991 611 261 168 727 291 383 813 146 869 152 558 781 850 916 19 556 256 199 663 312 385 125 167 260 416 594 61 614 557 952 793 560 295 613 150 701 196 18 404 863 901 553 805 163 418 57 124 845 766 283 2 376 429 903 642 570 279 841 437 954
378 531 528 210 79 882 945 728 449 339 630 821 607 235 127 33 620 73 184 763 268 316 310 524 102 864 444 900 48 353 233 698 316 650 199 953 537 734 997 827 320 956 829 306 643 343 852 567 390 236 256 118 682 929 550 691 106 187 974 617 38 71 934 895 951 836 653 422 124 736 800 863 155 121 131 284 424 673 299 639 171 201 140 696 853 186 771 398 65 205 68 547 416 547 208 383 81 383 196 569
910 266 194 482 600 539 266 175 187 258 699 162 504 246 115 882 437 59 929 994 993 350 899 258 6 690 385 670 279 525 952 135 993 392 144 256 882 196 702 442 804 754 797 0 130 195 271 227 410 1000 837 132 234 304 892 845 366 173 299 10 322 847 893 893 955 716 171 237 795 691 648 340 881 701 25 495 305 827 278 742 568 827 755 516 892 432 653 817 934 32 753 987 122 583 456 128 122 883 480 309
960 621 96 851 133 604 315 562 709 411 67 948 183 759 112 610 640 833 503 129 849 138 480 394 286 254 148 146 199 756 398 750 666 75 712 745 928 213 499 854 301 344 283 11 600 552 962 313 229 870 1000 928 431 434 255 813 951 788 821 520 702 85 425 359 2 665 439 851 882 12 884 414 567 895 453 478 675 721 273 664 951 564 862 985 551 165 947 482 563 87 974 56 712 461 482 187 51 895 954 351
729 587 391 259 593 876 661 595 49 715 597 602 477 340 129 475 784 738 17 166 665 394 399 792 174 733 721 599 684 238 642 695 413 810 490 252 553 173 25 767 247 487 56 995 903 321 600 962 179 857 994 432 367 147 867 32 91 660 601 715 311 427 951 96 982 317 978 802 439 233 615 696 732 545 636 366 115 910 305 39 184 504 276 8 251 376 599 551 483 644 382 660 865 866 36 137 840 982 239 62
106 999 471 867 259 978 693 160 464 926 738 899 549 339 150 172 591 697 359 311 677 842 911 284 7 148 749 840 322 813 76 54 778 517 70 211 953 479 94 516 65 520 445 105 893 951 426 441 227 326 962 43 950 219 830 820 308 338 185 217 238 582 889 81 15 979 38 225 186 980 886 140 232 838 245 850 924 391 228 684 696 945 427 628 851 918 483 747 704 349 392 149 335 538 253 840 148 181 294 708
647 808 881 428 755 33 584 77 406 313 38 52 727 946 781 879 389 745 474 460 900 149 681 521 409 888 635 722 236 16 130 16 934 128 11 482 245 462 849 525 645 551 338 7 918 373 957 900 929 306 275 753 73 599 159 557 248 227 932 389 121 375 935 87 279 5 907 453 610 1000 594 901 29 313 133 174 338 166 73 734 695 517 431 396 14 528 86 970 444 538 476 364 965 879 950 113 55 926 759 515
766 677 413 824 630 636 409 712 204 627 659 444 674 999 24 154 347 224 854 146 6 167 833 175 107 616 180 737 306 806 213 459 785 288 715 831 255 585 380 802 777 612 560 635 587 335 801 987 54 97 922 969 22 127 165 137 621 249 880 793 269 472 854 601 335 316 753 622 455 440 645 155 909 89 172 63 683 261 218 103 303 181 238 638 293 292 361 814 941 225 388 567 7 427 659 578 549 389 928 954
456 675 739 715 994 396 801 725 97 715 604 356 768 409 689 778 83 710 785 536 59 578 204 743 644 382 309 219 835 779 715 289 789 753 411 426 528 276 247 944 844 546 845 19 732 706 292 943 779 485 242 240 509 158 117 258 371 862 810 150 696 126 803 311 424 936 781 833 558 713 617 511 644 467 315 466 275 365 104 412 703 814 709 704 455 940 643 170 483 534 644 838 331 959 221 100 220 178 301 396
394 505 547 1000 948 180 808 629 945 44 337 181 149 822 149 396 787 542 572 782 166 955 640 83 702 764 147 371 804 689 104 596 627 758 755 23 312 605 662 143 150 968 426 788 330 164 683 184 61 115 421 826 7 776 127 711 410 251 860 243 21 816 883 317 694 723 719 867 145 171 354 936 282 221 614 116 98 526 113 799 169 596 242 400 893 254 455 842 119 776 644 51 778 784 766 278 378 492 118 311
615 140 696 563 214 206 577 45 1000 979 969 559 553 86 907 767 884 67 581 23 419 68 447 813 67 313 264 960 620 577 313 587 68 341 119 222 213 727 307 620 307 120 391 315 44 580 916 32 216 145 823 945 421 124 839 733 921 749 676 413 403 369 585 630 660 689 885 633 156 309 229 310 165 133 688 929 72 108 583 914 353 788 661 100 955 580 813 207 140 462 771 287 641 348 308 453 894 443 60 509
388 322 426 279 876 59 420 249 357 65 877 965 915 583 613 98 89 379 266 655 652 811 629 17 8 684 590 250 991 872 290 561 711 872 764 762 5 181 303 351 312 792 360 240 351 367 936 800 467 378 115 523 578 361 789 77 428 406 900 233 817 144 541 491 739 413 626 237 523 565 345 837 286 46 955 341 711 917 968 499 364 373 87 447 445 25 673 605 760 818 256 118 99 288 550 100 213 518 619 519
647 495 953 27 678 293 773 336 714 523 376 486 780 595 442 511 586 779 45 26 835 471 656 234 517 304 78 179 386 312 596 613 412 949 704 636 97 40 369 30 449 86 57 889 787 99 635 404 292 831 765 766 671 270 509 322 606 426 261 217 766 68 839 763 487 24 482 3 309 994 531 150 392 258 108 509 66 926 844 213 309 699 380 273 883 371 269 269 246 259 408 564 25 598 564 235 737 508 564 885
943 469 158 109 21 563 720 649 35 519 994 374 243 270 591 431 172 437 774 319 818 78 457 535 430 916 672 775 530 96 109 792 740 131 203 439 831 778 574 353 192 154 103 769 163 504 565 186 35 907 595 899 824 420 146 464 129 585 341 783 762 773 771 41 919 849 117 420 589 656 170 57 949 197 815 830 681 58 991 505 466 115 55 928 112 973 570 988 569 50 49 920 90 586 889 801 555 76 920 372
984 636 965 700 710 39 156 951 325 596 166 905 850 293 508 437 466 653 751 975 38 105 817 851 403 800 547 209 739 364 421 70 804 421 56 542 171 40 198 288 303 284 440 599 990 24 897 755 507 274 847 892 275 77 124 26 919 277 381 330 224 975 740 146 923 833 140 762 149 698 246 928 615 294 65 530 93 45 98 252 312 630 736 686 438 648 653 623 401 977 975 704 863 252 841 740 185 131 40 510
221 544 278 497 697 1 804 300 551 208 467 562 491 606 74 693 826 280 143 549 115 320 40 160 871 57 64 25 708 884 508 119 730 326 934 918 597 450 359 704 198 637 190 621 977 879 870 437 415 531 74 138 954 921 510 943 703 324 614 243 831 574 968 798 742 792 878 332 150 533 187 637 875 77 878 631 733 174 336 929 786 522 622 195 886 628 307 917 52 320 842 623 584 172 435 552 641 166 417 197
599 85 570 528 642 513 190 407 877 674 369 573 475 336 494 547 963 237 644 854 511 220 983 736 896 36 482 236 385 600 444 637 208 533 538 880 938 857 261 541 392 727 585 26 378 865 280 801 998 667 232 804 907 147 136 23 969 856 457 608 365 159 391 530 630 745 30 299 956 322 890 687 122 66 796 902 905 37 348 432 364 406 396 91 980 930 494 412 211 423 981 622 791 969 836 882 944 914 286 475
135 663 549 202 319 464 464 2 124 376 292 538 850 509 954 732 341 899 621 411 251 241 395 242 989 328 167 563 408 588 713 934 329 27 309 320 932 706 541 32 643 20 37 741 222 768 524 984 396 701 172 429 473 193 989 390 613 200 544 129 569 134 691 912 714 785 140 781 266 117 812 35 436 889 945 945 509 585 232 886 632 158 780 113 6 952 515 274 518 129 696 983 561 496 965 282 722 281 903 449
474 510 620 427 758 66 600 589 611 940 330 474 424 442 826 311 192 228 0 933 804 174 568 167 485 277 46 522 430 663 34 619 996 991 309 584 482 155 501 786 643 801 533 497 840 983 129 350 348 632 897 899 236 609 922 39 356 685 432 958 220 392 669 279 523 74 211 271 263 410 519 0 535 526 936 225 249 362 806 481 397 712 996 932 738 964 834 173 585 706 68 327 739 492 251 707 27 92 6 517
597 433 233 489 87 230 249 609 947 360 793 733 506 716 186 688 416 610 985 279 491 489 595 493 891 674 356 94 376 111 800 626 757 599 119 286 30 439 746 173 643 249 440 930 406 472 966 611 355 475 809 708 287 131 930 186 712 776 140 48 596 356 305 768 105 759 993 899 79 464 443 338 583 389 423 184 264 296 299 210 348 153 614 29 84 725 621 501 605 248 758 41 686 648 727 838 456 327 429 926
835 867 935 379 219 838 178 413 15 163 817 360 742 710 906 258 810 51 21 127 865 70 367 732 297 836 6 482 658 680 409 314 632 792 308 874 24 656 568 915 559 74 156 866 159 242 223 566 834 305 431 809 84 850 950 594 67 445 768 50 503 11 182 455 445 879 809 274 911 959 450 130 541 871 601 331 951 194 649 287 54 950 715 496 244 177 221 333 777 826 293 439 791 367 696 3 144 89 105 668
855 902 580 869 803 123 539 120 900 849 487 140 345 655 974 193 486 508 523 698 37 438 805 475 541 225 89 513 221 263 462 972 91 41 254 853 408 990 770 765 341 397 188 473 908 978 135 228 300 491 977 770 128 866 183 254 980 17 573 604 799 204 882 325 528 674 993 586 65 452 952 439 1 243 629 797 740 757 48 772 172 918 537 343 586 812 288 827 310 998 582 949 45 261 123 189 950 704 719 952
566 360 610 478 899 683 269 156 476 34 492 9 890 341 53 134 833 525 8 669 180 746 193 168 945 158 439 559 631 913 174 789 578 670 316 430 526 652 677 606 504 493 483 268 285 26 960 791 680 619 643 108 456 645 366 609 547 171 829 472 173 780 308 442 372 306 582 998 192 627 362 960 146 686 643 314 219 361 470 478 908 916 533 396 940 53 432 781 514 504 251 490 709 901 672 110 757 656 978 723
423 811 36 906 875 527 253 322 196 28 233 363 823 274 2 698 886 676 977 492 109 583 587 621 434 859 837 470 847 831 967 552 226 443 796 838 386 410 958 332 646 984 893 996 929 279 596 150 672 431 560 434 136 277 123 542 510 319 387 50 343 772 1000 609 768 306 207 546 673 152 599 611 346 360 460 100 999 405 548 582 453 59 726 794 566 353 814 709 762 326 752 881 360 251 65 274 907 272 213 348
454 43 293 639 993 36 908 428 978 701 165 448 315 380 426 748 888 300 620 29 176 689 303 849 485 453 277 211 976 855 0 632 529 146 470 684 369 716 998 853 174 434 994 804 88 705 690 155 663 497 625 736 34 645 540 221 425 736 229 97 948 495 193 906 191 537 263 963 540 556 13 829 521 235 346 460 268 124 213 896 632 97 257 171 638 438 618 263 785 342 508 795 795 154 915 87 715 16 319 165
173 296 612 137 500 906 189 674 686 927 119 692 155 931 740 607 657 129 115 352 972 616 380 175 848 389 467 410 936 955 72 714 352 674 92 93 156 756 674 947 820 640 623 479 462 821 549 100 819 942 165 785 364 120 600 198 907 75 247 250 240 984 567 331 741 988 671 757 110 11 884 968 854 348 460 36 945 418 790 218 354 70 949 533 896 484 967 107 18 277 428 75 929 552 539 503 610 620 963 169
244 548 438 352 991 788 119 143 296 734 585 429 695 705 538 921 672 424 424 828 382 375 383 465 41 171 781 478 847 276 125 398 416 29 834 909 461 261 97 199 689 558 713 523 651 198 162 940 109 599 572 861 847 724 154 629 207 479 307 896 257 194 724 508 35 122 747 332 759 620 976 929 689 497 865 387 623 347 175 326 54 710 168 720 598 561 101 694 18 248 854 241 827 38 0 10 460 959 201 19
286 299 340 39 711 433 802 671 16 710 0 470 935 849 139 899 73 92 146 879 200 859 173 962 31 511 935 308 796 315 322 191 310 939 782 273 308 515 808 813 551 654 894 578 697 217 105 775 546 51 632 877 458 769 667 186 908 34 754 511 942 677 82 627 598 566 175 494 707 387 985 513 251 277 791 582 682 892 785 610 903 438 971 680 90 607 114 570 246 637 140 563 407 560 707 226 548 248 686 622
756 197 762 556 491 186 777 156 122 551 234 314 164 866 791 712 980 625 661 812 447 169 236 780 222 364 731 816 883 949 710 340 552 767 117 714 987 745 987 123 125 997 658 420 13 738 278 612 719 898 138 58 802 267 466 596 406 248 109 684 331 200 929 327 689 848 941 471 639 248 34 741 526 1000 174 299 258 404 199 303 722 871 691 501 42 171 759 739 674 951 163 638 890 579 583 431 593 288 696 652
132 998 946 55 740 232 344 932 538 317 966 237 994 371 692 377 657 832 358 455 958 571 631 896 917 800 819 999 937 671 742 936 692 89 746 332 329 394 313 876 552 317 285 807 26 718 675 143 515 82 71 715 963 747 805 199 744 736 89 905 420 450 932 33 492 225 579 221 424 102 404 779 835 610 247 729 297 270 433 197 816 936 816 854 152 424 160 392 836 47 285 926 438 517 50 82 13 852 821 681
91 862 133 390 498 894 80 540 794 14 612 982 261 660 620 442 882 963 650 374 464 280 888 249 35 455 829 462 823 944 334 359 702 536 132 927 332 923 493 606 722 546 790 837 298 178 709 979 494 923 599 199 62 896 153 306 626 36 935 563 493 925 270 903 407 382 994 857 657 659 752 451 180 282 187 358 929 577 778 98 292 884 263 117 234 255 405 948 143 313 653 515 807 12 152 845 511 367 576 123
21 955 333 684 283 403 832 207 57 514 519 307 354 641 577 265 413 806 71 816 672 849 467 478 465 974 11 18 383 32 710 280 966 683 405 932 376 797 703 80 300 552 481 276 274 19 618 351 578 323 576 600 299 612 419 394 357 259 663 201 553 805 165 101 544 570 691 834 545 738 640 41 208 90 865 349 781 715 422 299 246 151 803 74 9 571 296 878 215 361 152 15 696 114 488 304 519 469 415 449
866 399 906 679 556 204 422 240 60 470 916 279 265 560 405 894 73 244 607 410 276 213 938 55 266 273 650 402 648 435 740 99 7 602 324 544 744 576 587 625 466 82 303 529 231 880 279 53 398 232 745 627 200 958 520 752 208 128 80 996 674 107 251 402 105 926 431 298 485 848 957 925 443 851 858 339 699 323 217 161 143 521 273 924 109 9 72 209 955 226 250 357 886 636 562 883 695 798 144 127
314 654 895 753 233 322 834 723 225 82 476 782 992 293 356 200 913 321 702 638 131 826 292 181 48 986 123 497 227 875 706 982 483 48 559 739 5 60 851 458 242 64 662 343 162 661 499 471 876 969 400 552 328 633 313 447 32 646 164 841 480 645 273 851 798 97 501 949 724 187 18 124 617 744 577 718 939 930 982 147 435 274 6 140 19 306 201 19 908 632 257 332 614 207 463 737 226 609 1 888
322 508 518 764 273 308 822 576 270 508 233 601 218 413 986 251 886 457 764 634 17 952 869 10 476 392 41 635 566 339 918 184 582 775 987 609 884 684 874 566 606 970 30 451 21 8 394 223 387 132 385 264 305 852 136 849 286 840 67 387 832 988 702 416 838 603 218 474 486 329 208 832 973 252 93 71 96 283 928 142 117 792 232 769 475 855 789 145 476 371 79 547 482 203 46 220 783 444 542 570
380 674 960 566 117 162 12 475 864 902 867 986 437 133 604 283 909 950 763 395 601 134 821 847 29 261 121 205 379 219 735 331 414 224 545 737 17 454 681 940 71 888 267 961 412 149 413 728 773 665 491 731 235 172 676 444 514 747 367 773 477 238 322 374 315 456 775 331 557 362 93 561 585 328 799 697 297 456 737 623 77 779 796 326 977 788 522 995 565 51 967 703 76 744 748 253 929 228 795 806
384 434 429 667 377 610 200 442 689 223 101 761 671 267 327 596 145 167 69 869 198 417 720 771 442 187 157 740 146 303 869 549 569 862 314 668 549 115 50 460 514 495 135 781 488 837 633 649 97 29 862 669 42 824 967 891 838 851 214 250 229 907 91 561 60 894 756 335 346 262 357 323 688 232 205 832 794 342 757 629 523 635 471 716 315 870 778 779 141 737 933 920 73 145 336 674 357 190 263 931
726 48 348 914 178 680 643 615 334 547 814 499 501 47 570 615 539 118 393 364 297 401 678 239 177 930 46 677 592 70 134 474 200 344 238 545 703 471 155 983 310 140 705 959 926 342 87 994 435 476 347 512 636 224 791 900 909 91 79 294 145 679 247 149 680 85 467 581 535 383 218 679 593 110 910 980 557 490 138 805 243 617 533 183 755 485 363 780 708 455 399 740 403 398 564 176 199 587 772 661
429 13 746 50 595 333 862 758 779 847 438 767 710 428 182 913 670 794 40 113 149 292 66 4 908 529 720 458 514 706 3 607 375 187 238 367 547 338 389 904 89 718 338 595 202 722 650 524 853 987 537 38 568 772 762 482 892 687 834 737 218 333 393 801 771 78 963 4 319 153 371 62 447 339 663 804 95 936 319 466 142 234 691 99 399 757 225 183 924 352 726 555 591 353 966 455 999 760 672 612
803 370 313 364 998 188 380 83 87 192 236 382 203 811 980 436 265 452 774 943 533 601 190 844 787 909 575 426 69 876 895 69 326 973 620 992 594 995 865 564 83 516 549 737 738 955 651 438 955 842 397 346 617 129 749 899 967 805 362 299 993 637 324 450 156 888 616 216 989 791 577 626 588 700 690 273 72 289 684 712 765 791 111 186 289 620 49 839 229 979 83 540 100 329 172 335 40 773 257 611
465 991 343 583 37 361 725 356 378 0 434 254 997 434 773 921 582 249 886 57 987 850 784 563 67 917 275 638 734 335 68 833 617 382 742 51 688 780 658 227 562 943 871 782 108 93 728 169 841 766 667 978 896 186 501 507 380 753 95 375 159 142 827 207 116 696 687 560 198 462 698 79 663 250 620 159 634 539 139 943 921 390 980 544 271 227 107 109 605 120 763 443 812 55 492 212 730 877 646 538
777 905 849 85 19 228 639 519 160 285 777 361 267 534 898 676 848 290 767 693 913 41 642 704 499 344 422 902 557 338 318 21 943 986 971 469 770 139 386 479 628 835 376 467 340 201 496 780 37 139 475 267 228 236 571 10 340 465 137 724 444 668 541 344 864 814 200 298 717 13 447 485 776 260 432 674 384 146 381 34 927 296 36 448 207 733 646 640 353 527 907 471 71 622 828 592 142 248 57 415
950 375 526 400 873 219 751 775 465 337 524 961 456 156 5 824 184 850 629 524 825 842 991 788 970 405 486 743 205 401 113 729 626 55 403 395 74 627 197 605 700 89 304 273 515 568 560 478 272 839 701 720 395 380 780 602 614 6 933 785 408 644 985 879 306 602 266 872 722 307 922 86 393 47 903 912 559 876 792 432 836 704 928 239 84 371 811 323 204 388 851 905 428 435 506 152 193 635 298 538
724 517 746 10 120 266 572 227 818 272 806 143 128 311 775 985 868 97 637 89 557 861 664 506 160 360 378 88 458 611 401 677 948 468 311 126 193 630 112 818 307 762 12 208 669 897 905 133 340 80 503 586 839 856 845 340 147 198 889 82 451 237 487 232 239 812 574 18 121 902 952 697 886 113 228 233 103 342 785 653 594 901 835 520 400 91 765 203 919 257 579 208 624 364 766 579 86 469 318 551
930 467 880 359 215 782 455 934 942 255 723 681 825 762 737 656 897 281 369 740 828 908 583 203 85 714 878 973 741 482 390 313 146 968 746 36 864 450 313 286 967 99 172 546 970 937 759 1 656 80 651 716 259 222 78 626 668 934 766 974 250 737 405 885 934 21 913 177 762 258 730 493 230 838 468 100 726 52 81 299 136 375 112 192 128 660 672 67 204 912 846 821 252 548 586 56 149 635 251 304
852 226 898 792 250 260 314 576 473 21 656 20 563 614 667 176 627 349 936 503 143 654 628 294 954 69 627 77 143 39 740 473 421 842 836 469 626 101 898 575 961 680 318 61 792 888 259 3 163 157 538 994 816 843 993 708 336 336 719 174 81 171 355 844 953 650 872 688 168 878 186 594 444 187 644 926 229 748 115 954 117 483 472 451 857 977 65 598 165 883 545 794 970 210 997 845 820 972 377 579
964 771 147 713 332 841 763 992 750 811 382 35 225 655 747 339 894 427 793 515 553 243 475 824 425 651 202 894 263 399 976 467 523 385 623 306 54 895 352 209 835 533 443 757 822 40 183 250 62 707 41 77 656 531 110 387 643 806 17 176 291 969 575 341 409 148 147 204 534 164 187 945 655 910 107 356 173 577 903 298 590 693 537 15 290 190 574 755 960 603 883 266 538 929 650 14 431 31 564 83
849 811 854 198 846 892 355 100 422 772 533 82 113 723 292 812 426 395 907 224 460 1000 849 405 54 689 162 561 715 939 755 353 740 798 51 953 164 431 606 494 879 393 550 77 63 683 756 308 681 524 18 668 819 412 943 665 413 485 387 808 275 228 771 954 857 255 648 378 808 753 445 71 185 474 976 431 589 608 181 850 778 530 383 514 309 97 984 202 495 250 369 967 887 103 778 364 629 982 618 794
317 157 898 162 131 191 263 637 649 238 6 925 421 207 51 498 886 844 545 335 775 412 361 305 122 179 98 109 346 991 714 158 241 843 126 837 981 317 851 355 457 684 480 591 950 188 527 791 587 400 546 430 613 227 338 86 456 42 321 174 0 725 678 720 908 741 577 811 47 286 817 473 351 131 510 767 553 811 459 532 482 198 306 280 648 465 210 925 774 525 169 505 346 277 438 918 965 727 450 65
511 371 10 668 128 449 921 916 185 744 680 207 852 392 8 439 923 948 479 360 157 394 88 466 178 596 198 498 486 672 152 74 452 543 404 830 901 414 751 370 362 303 958 259 884 929 346 593 797 850 945 922 123 967 350 126 732 409 246 981 881 713 187 561 511 492 944 107 879 684 155 946 351 145 22 504 593 448 647 394 752 728 364 320 454 689 124 815 815 742 268 21 231 244 373 62 838 23 634 860
169 264 513 922 307 754 530 525 117 864 170 759 212 524 474 893 476 577 281 596 865 467 979 970 776 212 894 960 858 7 680 950 328 842 653 561 571 803 150 910 451 997 143 686 217 324 951 931 827 75 880 254 560 287 496 254 211 842 179 698 778 591 235 855 372 958 158 126 983 264 87 518 474 286 289 344 967 714 641 557 474 476 721 478 935 738 91 700 955 565 921 210 713 752 321 89 800 53 838 764
330 688 302 258 358 39 139 428 239 30 790 199 653 119 963 155 596 455 471 657 508 333 395 148 635 598 881 671 80 40 731 883 832 77 3 765 874 344 574 216 754 821 95 278 684 68 568 0 260 968 665 34 896 625 428 243 236 208 675 957 530 79 663 732 146 673 231 285 249 803 239 501 589 25 389 73 913 436 440 964 187 258 79 103 947 279 636 760 39 198 786 911 637 59 536 142 593 767 120 766
715 560 333 866 541 705 196 98 526 253 260 444 109 636 829 675 438 2 588 172 841 762 960 215 881 449 538 556 156 634 525 254 525 952 940 507 580 817 450 167 493 0 644 440 219 111 423 664 590 193 723 398 0 197 962 360 588 23 720 861 554 208 988 922 812 60 36 452 717 657 730 338 250 279 931 292 284 987 175 317 910 668 184 72 21 542 554 780 483 8 751 867 299 91 988 461 666 951 914 179
882 851 334 299 204 311 786 636 928 383 1000 752 495 571 478 354 345 793 997 613 912 526 915 451 940 677 310 270 267 404 365 132 773 752 527 548 240 885 224 984 343 535 402 806 334 336 286 333 682 723 88 372 636 286 318 360 116 861 902 122 598 312 520 805 778 742 705 300 778 844 368 955 533 77 716 779 53 887 828 741 860 834 469 1 294 961 644 983 727 553 755 731 350 404 24 945 597 895 523 574
990 796 553 901 908 731 300 536 539 733 640 757 761 545 243 760 706 397 26 384 360 43 774 447 115 967 33 225 410 741 59 5 767 865 900 389 394 381 359 859 182 882 556 257 935 328 548 469 980 601 756 14 874 446 824 804 807 361 611 822 917 29 289 605 705 786 827 549 828 208 582 204 434 615 113 27 129 382 181 531 912 737 978 0 240 241 641 22 82 191 833 417 86 297 535 854 14 454 173 257
162 741 158 648 179 283 510 720 218 459 168 838 996 850 605 27 211 10 503 609 89 547 487 91 937 545 370 514 495 214 490 618 305 211 237 982 176 820 358 708 739 24 103 744 0 671 610 261 280 542 816 123 500 713 896 807 522 93 840 486 233 200 569 629 673 216 370 971 481 459 733 623 184 526 306 484 733 868 315 283 611 640 999 911 851 588 628 895 418 145 590 675 414 236 627 14 952 931 727 810
400 791 691 291 806 521 570 536 163 742 254 741 500 496 107 137 509 186 206 883 730 650 797 400 560 277 209 745 808 710 447 690 760 947 724 59 804 98 129 690 648 615 826 430 103 630 901 463 589 495 526 928 332 393 861 918 621 410 86 486 456 935 206 402 430 377 211 621 113 33 642 936 898 20 46 263 832 97 38 903 579 392 461 44 895 299 472 370 633 304 555 852 544 66 258 353 690 523 208 223
513 718 746 735 143 846 83 870 153 133 223 312 794 183 925 366 483 562 133 770 118 605 164 179 186 836 775 148 776 226 286 128 981 706 23 371 252 208 934 851 792 350 300 457 559 244 675 847 249 101 778 968 651 647 189 487 518 742 2 999 899 623 296 947 57 647 884 487 755 734 299 786 12 135 61 770 571 61 805 187 232 17 61 649 771 63 319 98 345 799 436 970 288 630 908 678 568 251 58 57
816 773 616 192 138 117 560 990 755 420 591 895 20 588 877 646 687 600 221 888 86 840 665 382 850 452 90 938 283 851 18 619 218 291 454 932 331 288 375 179 464 621 735 764 396 600 169 487 683 685 575 174 232 454 873 58 482 329 777 910 25 427 968 2 160 693 171 263 156 312 790 257 604 390 673 697 440 193 747 981 917 185 309 903 741 402 41 851 343 139 848 468 609 111 42 474 831 590 484 205
173 99 284 215 623 235 669 944 600 424 88 949 540 747 436 898 298 900 834 811 174 561 323 597 923 538 514 628 453 680 243 56 617 215 300 869 794 289 480 285 223 497 376 34 10 494 721 598 776 941 664 505 189 373 467 126 929 822 658 716 809 774 594 19 819 914 949 990 72 954 470 943 807 26 809 538 767 730 224 468 914 197 81 662 92 190 624 630 386 951 977 779 683 579 471 867 384 48 574 292
802 34 526 5 569 302 344 834 698 789 949 453 374 319 228 880 145 815 513 455 677 709 332 569 347 169 135 704 253 959 102 358 989 89 197 573 926 333 398 651 587 736 301 397 807 159 783 919 537 819 192 49 888 987 975 775 316 136 193 871 489 951 763 762 388 104 617 856 224 225 277 657 779 99 395 616 289 830 329 45 486 443 203 83 784 717 463 454 656 368 715 245 152 730 541 6 266 386 877 988
495 273 805 801 46 918 407 727 779 819 428 183 268 369 786 984 384 305 480 233 514 125 759 14 198 460 411 23 838 690 970 662 991 400 166 518 140 38 359 271 532 37 71 166 62 556 458 799 294 98 502 82 742 952 803 736 398 926 18 954 550 507 597 852 389 282 45 30 715 366 798 741 875 126 107 152 489 904 662 289 121 607 308 209 899 168 24 387 617 700 888 320 990 450 67 124 362 341 900 331
161 232 492 182 577 195 483 373 862 939 794 530 489 179 765 914 771 644 475 945 938 837 434 279 328 970 7 928 960 660 135 708 325 63 34 620 790 332 922 177 459 293 579 260 594 775 868 118 245 959 476 354 470 369 527 218 8 9 150 34 52 845 717 732 894 287 466 978 587 62 197 385 190 73 313 642 1000 897 37 525 121 440 736 764 622 851 90 176 701 145 358 591 45 69 500 569 703 364 365 448
541 145 131 222 204 797 443 397 619 557 399 860 103 927 410 38 195 990 417 218 466 363 585 966 627 399 996 457 570 573 321 904 231 468 179 187 719 755 472 782 587 926 345 316 617 370 389 239 278 880 873 638 958 462 258 861 873 293 765 55 959 899 393 69 53 487 660 954 161 98 801 454 110 815 164 740 508 961 673 718 412 560 170 494 695 705 896 386 319 709 879 854 801 137 9 774 792 665 706 88
360 361 550 513 928 314 836 331 406 136 321 507 619 719 659 461 387 981 855 26 263 543 792 93 914 903 618 446 972 14 968 569 237 302 888 303 110 895 330 964 681 787 480 637 313 945 348 522 246 717 482 917 916 62 580 811 469 72 20 313 574 558 275 319 66 136 386 716 834 258 236 624 347 928 896 917 447 984 61 981 61 671 594 96 750 164 699 215 600 20 876 884 553 973 449 334 289 736 810 961
692 101 181 586 867 580 424 781 355 805 5 755 709 751 443 945 663 164 297 227 364 621 3 179 235 620 810 361 688 756 750 631 542 948 1000 585 215 908 539 828 834 914 236 335 465 2 935 568 924 564 722 603 226 171 527 529 465 564 323 126 373 918 530 531 951 184 910 563 868 438 28 887 689 113 158 509 48 969 174 402 762 891 703 667 493 382 121 377 165 657 861 865 173 29 141 381 277 996 385 440
24 177 351 734 147 973 297 949 435 598 930 550 44 614 214 665 614 737 909 973 470 811 590 794 589 832 741 851 348 384 348 772 178 937 123 729 11 834 426 703 543 576 374 476 316 129 998 870 34 682 654 933 277 287 52 328 203 856 850 414 997 77 549 451 841 962 202 55 997 343 362 801 370 435 613 239 134 372 895 571 113 559 851 126 595 118 745 675 743 982 823 298 749 963 727 169 324 669 205 814
283 818 314 78 792 791 713 446 817 329 972 165 597 779 266 400 838 784 988 469 395 8 572 277 248 139 593 141 925 575 654 348 642 548 166 148 755 439 808 903 451 18 439 266 968 776 891 543 784 259 466 43 203 235 267 885 741 368 550 981 556 645 651 656 668 587 149 173 320 157 767 985 546 296 593 273 934 150 991 588 271 300 517 160 76 92 505 586 594 656 865 428 867 480 409 314 452 521 548 114
662 750 513 348 110 920 777 774 608 208 82 67 947 767 935 428 78 90 242 407 90 854 361 785 308 174 424 156 968 186 965 849 474 299 213 243 78 280 796 964 358 64 362 862 852 589 68 31 330 420 31 796 176 285 994 217 135 968 42 312 764 546 572 605 785 718 950 97 716 645 645 281 305 365 95 28 454 582 764 155 359 802 529 85 913 795 810 942 73 218 976 679 180 484 619 933 730 45 693 534
89 678 111 377 938 550 774 841 266 751 469 907 433 250 34 364 150 709 65 499 564 957 6 412 90 874 964 435 789 10 841 839 267 936 215 566 575 949 737 929 136 945 296 312 842 996 663 128 244 793 193 400 734 877 754 656 692 705 403 241 934 691 979 237 360 124 488 285 958 895 757 701 862 75 94 605 276 131 152 460 556 563 652 658 646 844 819 489 661 530 463 837 285 255 303 665 89 122 183 524
192 704 827 201 180 888 899 154 854 970 655 44 211 121 841 584 156 384 123 530 788 185 382 849 215 555 578 178 359 386 979 183 662 253 887 740 478 772 765 957 0 713 372 548 888 82 855 331 929 810 244 86 469 552 368 46 690 463 823 640 885 942 196 739 5 208 532 984 497 411 946 351 115 114 670 993 506 296 264 508 349 326 77 632 277 393 811 555 245 231 741 408 995 568 893 897 80 509 902 228
855 3 541 66 969 3 367 60 975 11 869 350 813 959 540 53 843 220 523 138 957 916 840 37 831 248 424 426 318 894 16 872 528 148 94 508 806 279 202 555 896 196 163 870 437 486 405 687 309 27 767 972 783 329 565 34 746 492 690 160 40 70 760 666 880 244 501 279 908 645 98 279 221 793 862 295 664 953 365 785 244 230 455 837 389 56 281 770 582 672 396 344 559 546 390 929 661 464 91 620
57 67 29 798 744 191 394 739 830 165 470 99 91 753 266 168 964 378 666 102 501 350 670 213 208 656 623 495 280 645 258 122 981 815 866 119 608 154 129 943 383 337 410 433 492 758 162 40 710 209 377 168 699 600 715 375 811 611 837 202 236 886 855 976 912 232 883 742 401 841 173 519 526 395 955 406 745 494 21 777 394 850 262 559 359 711 491 457 44 324 642 184 150 75 823 836 808 160 703 520
929 756 77 760 734 957 906 882 52 367 769 72 675 24 146 990 502 341 870 610 477 960 51 900 645 622 871 286 306 231 625 746 600 541 194 413 160 966 524 920 587 906 20 722 995 176 136 912 91 496 957 139 535 672 396 126 951 335 821 221 239 145 613 78 134 457 441 586 874 356 273 949 910 681 177 878 28 9 234 714 583 267 67 248 544 824 541 324 740 707 991 506 768 332 315 974 52 473 339 665
848 146 818 616 916 78 402 500 331 328 284 913 334 956 183 130 805 517 319 454 199 533 281 590 621 917 133 287 984 560 728 350 347 714 332 313 859 368 974 885 203 252 559 287 407 979 697 113 485 896 883 785 683 633 255 553 787 776 873 700 761 22 130 467 93 27 801 326 184 51 792 518 15 681 324 348 322 781 344 841 578 500 600 682 844 809 588 362 495 687 451 660 731 937 519 575 529 464 24 594
369 211 914 889 245 766 405 907 629 185 846 804 643 427 620 458 965 903 306 797 942 150 158 122 787 775 186 851 21 301 888 254 801 422 58 334 568 393 435 465 424 83 799 467 974 644 594 995 150 863 975 415 224 412 250 497 806 36 260 680 58 689 488 335 918 400 732 650 543 481 969 385 51 816 530 728 324 122 431 635 320 106 163 456 491 356 843 639 270 500 638 8 861 28 773 412 68 18 808 801
879 839 22 452 8 353 970 801 873 475 10 496 196 148 913 785 947 867 176 98 724 337 963 444 926 342 687 924 754 260 960 194 938 802 715 947 289 479 654 142 284 205 696 776 596 1 277 961 952 262 684 680 706 503 772 235 619 152 151 969 175 669 397 843 837 752 522 156 334 313 730 757 263 543 189 388 144 773 167 492 127 633 770 295 89 215 998 484 350 815 62 936 814 315 788 544 502 581 484 4
530 643 145 367 725 978 238 750 153 755 904 549 738 502 459 788 347 235 935 230 403 377 463 872 598 187 609 57 349 826 812 862 607 183 2 251 473 681 320 806 516 742 780 652 985 341 562 288 779 389 172 204 800 460 512 811 358 485 9 978 277 236 568 893 734 666 10 862 160 958 342 637 365 496 525 8 580 969 633 556 896 923 486 397 3 816 263 625 394 209 253 301 570 116 493 939 731 165 993 325
778 609 515 512 4 505 134 83 563 666 363 171 984 485 435 725 477 735 510 770 100 346 607 557 468 314 276 646 873 838 294 178 182 337 858 560 449 398 298 494 730 690 715 221 636 808 7 386 596 153 390 814 813 173 327 867 20 140 56 831 616 581 804 4 250 258 205 152 499 588 123 674 891 292 493 510 653 842 723 380 153 199 665 632 74 738 97 507 226 676 627 444 534 120 882 147 572 809 98 647
672 787 51 53 372 97 649 653 918 819 370 351 269 819 231 500 400 873 441 961 775 686 797 990 986 418 866 410 662 194 566 246 899 323 487 781 681 995 732 540 206 963 292 984 566 193 378 343 940 692 184 494 188 509 746 266 632 936 72 433 878 661 957 146 940 928 872 705 136 407 220 386 615 917 496 920 13 753 317 488 576 415 140 836 743 695 525 945 673 366 495 392 42 428 815 849 659 514 791 647
959 200 551 739 484 550 31 152 832 60 448 501 412 683 684 275 736 263 468 682 551 364 694 836 648 127 271 947 949 209 467 452 243 187 403 671 746 129 415 220 441 223 773 356 601 280 277 49 703 800 272 524 731 243 558 21 562 983 760 863 182 388 194 277 847 983 206 69 271 307 329 630 63 803 910 67 880 847 398 855 792 562 957 228 655 340 556 256 276 543 811 805 561 914 90 891 257 650 345 616
863 732 277 766 952 800 500 158 814 808 350 696 930 276 643 910 459 744 572 501 507 73 275 673 946 443 993 779 256 876 170 590 973 572 342 622 795 611 895 858 302 544 906 415 849 543 930 827 632 714 145 726 679 439 730 283 353 954 157 207 578 421 794 808 839 175 102 755 229 122 534 594 780 53 806 961 995 419 0 564 964 878 843 216 603 388 81 967 343 770 677 647 145 102 806 986 863 246 985 228
601 100 765 549 530 767 348 230 734 918 200 874 880 507 545 220 687 710 996 208 103 279 601 712 460 550 181 894 838 583 751 442 666 446 835 290 44 929 181 223 323 842 65 813 103 403 870 375 197 898 293 425 48 762 200 786 286 246 276 70 954 534 995 190 122 19 275 229 80 386 687 907 819 131 372 121 784 916 117 562 463 590 100 420 533 74 458 568 865 861 498 998 628 736 355 205 568 398 245 891
660 665 947 362 642 915 868 236 726 331 451 362 160 783 932 235 147 199 37 835 17 111 426 243 619 663 484 799 641 180 859 267 359 152 994 655 673 460 340 456 142 158 406 924 74 705 189 752 37 153 845 564 623 65 945 973 263 135 235 21 805 257 938 579 697 666 471 989 336 185 598 884 363 6 876 500 555 977 771 646 266 476 709 489 915 833 868 36 205 424 876 343 576 678 2 18 129 344 762 706
780 467 640 584 751 907 391 300 917 630 895 685 146 604 325 639 106 238 720 971 745 111 959 673 516 759 875 922 963 119 718 175 908 85 81 184 852 991 533 144 742 809 866 28 863 224 804 214 438 483 991 232 786 864 834 861 88 783 110 322 252 440 896 32 381 984 151 279 235 131 132 683 277 128 153 597 681 898 449 883 664 219 633 909 677 517 525 509 644 677 487 786 758 273 455 318 16 522 750 796
300 958 439 857 15 341 3 170 239 571 61 602 353 299 949 597 558 592 799 684 727 443 333 941 148 983 61 255 22 426 469 400 188 402 861 654 240 800 889 892 966 630 277 516 720 756 63 189 415 222 69 376 172 202 276 546 400 466 118 507 108 394 757 127 425 590 474 59 915 860 716 293 569 950 723 472 315 55 210 350 173 779 946 53 100 468 237 106 574 444 229 326 520 38 212 58 560 289 614 147
419 228 588 860 684 613 97 987 86 858 148 756 549 211 784 963 998 913 698 409 620 4 163 766 204 623 250 406 374 606 372 809 223 526 177 390 922 2 267 643 892 208 402 117 867 686 611 230 128 953 416 909 773 852 640 55 530 76 782 111 25 156 16 186 759 962 413 869 323 627 499 229 57 447 143 132 778 178 189 641 428 598 41 713 361 109 675 206 72 865 940 641 288 658 202 220 726 246 861 708
577 365 818 232 621 608 171 112 594 241 118 158 792 16 106 877 615 939 113 655 686 490 130 39 608 282 589 973 664 563 273 925 588 320 918 937 278 8 702 687 531 925 372 467 179 579 636 623 487 783 446 134 81 226 376 430 838 399 753 218 943 727 220 623 979 589 758 869 775 152 515 720 635 136 986 377 64 134 720 154 617 831 853 206 568 580 115 671 138 747 649 767 541 749 9 129 420 114 661 725
899 491 168 812 634 170 575 272 677 152 30 494 433 213 332 750 474 964 962 82 889 530 506 168 572 931 115 744 173 392 92 134 473 896 865 46 692 756 243 457 733 895 701 987 179 857 750 49 233 332 741 206 53 879 627 704 1000 322 650 87 4 662 233 120 63 670 19 988 869 973 809 375 694 538 267 523 883 903 696 431 101 274 882 137 832 282 240 874 390 599 521 939 386 246 367 337 730 644 69 72
714 636 279 816 477 553 123 158 253 638 513 300 345 178 281 834 289 436 553 178 595 574 0 510 862 487 85 958 42 496 750 67 78 666 895 879 155 690 144 445 418 917 611 140 641 75 262 893 380 347 776 718 370 912 576 651 949 708 735 344 833 487 679 48 289 930 6 12 825 241 794 684 147 859 318 229 293 730 701 126 480 58 592 909 592 135 925 809 550 858 585 828 214 17 775 447 399 254 836 402
904 225 474 798 143 846 445 496 457 542 90 318 570 478 313 460 132 661 351 572 606 350 161 409 115 401 604 666 780 710 488 567 522 287 625 236 933 415 727 316 831 113 543 787 347 904 914 906 309 597 217 172 591 421 513 319 382 636 901 653 528 946 287 310 506 288 444 264 506 615 263 597 665 706 863 550 828 886 388 686 489 812 807 910 763 490 97 343 586 136 467 479 667 823 249 309 326 989 956 895
185 970 649 305 473 611 769 492 803 805 851 727 759 908 811 940 621 103 783 828 695 92 639 913 205 790 765 255 55 782 458 629 835 190 47 585 191 709 877 369 167 372 736 247 735 451 47 799 102 672 962 691 482 864 764 649 169 364 500 387 104 956 670 137 570 412 137 625 489 538 315 181 381 425 170 679 676 248 757 271 774 170 475 334 96 624 343 322 930 40 328 128 207 424 68 898 181 146 790 325
120 594 298 72 876 793 892 836 624 55 277 697 455 966 555 702 684 7 881 794 64 125 866 542 809 695 986 903 328 587 667 582 788 349 641 468 896 284 790 112 288 651 843 20 794 355 423 91 763 112 55 74 774 156 775 73 627 418 809 304 533 634 198 417 649 642 13 277 193 781 407 543 1 876 870 48 638 780 194 49 49 331 387 217 228 178 370 710 904 684 72 584 606 169 139 658 163 181 399 923
502 77 332 675 548 641 610 715 371 908 269 790 15 31 546 303 704 125 139 469 451 823 379 829 359 718 785 983 597 153 708 424 44 355 791 649 690 707 357 815 621 179 602 455 704 871 640 260 355 771 530 658 385 89 376 694 867 939 22 513 634 226 480 12 788 609 717 984 792 290 43 300 280 532 397 616 906 708 246 685 820 381 38 304 66 165 992 735 727 697 790 828 294 927 870 159 399 438 109 880
986 228 810 854 415 327 148 487 8 424 249 92 96 229 979 944 133 324 539 734 454 23 116 489 922 177 373 207 98 512 161 308 690 907 254 998 392 358 896 74 59 67 924 941 351 657 677 47 371 640 237 315 414 274 355 851 87 610 963 277 749 983 335 596 56 513 267 515 431 545 159 300 296 310 363 274 23 352 959 508 903 448 315 434 435 740 525 457 55 726 137 70 697 449 886 772 542 875 97 87
730 42 722 464 27 877 483 10 871 625 703 148 547 228 306 225 608 994 175 457 13 800 935 219 876 37 160 411 198 430 585 237 816 333 764 818 727 687 579 291 324 982 461 124 155 342 653 88 876 831 496 435 77 393 703 328 183 423 751 833 499 307 197 957 272 71 347 325 848 298 692 253 84 793 380 549 503 173 504 927 202 238 981 75 874 951 888 670 685 893 588 459 577 591 548 211 124 605 207 261
328 312 819 517 123 162 946 194 181 466 215 725 769 83 833 830 395 465 556 895 195 916 67 449 34 118 887 212 292 719 805 39 818 984 831 649 141 279 589 721 281 966 183 535 488 359 732 529 712 849 924 827 597 976 861 399 926 9 962 218 944 313 70 644 255 906 53 398 706 688 245 107 506 325 582 426 60 714 834 422 365 995 484 318 791 580 533 823 982 689 182 777 59 115 353 842 249 486 978 112
616 521 91 178 54 579 328 955 201 732 4 128 423 222 371 989 908 859 703 604 398 34 832 11 945 366 93 484 267 384 766 163 756 694 838 576 260 103 634 546 838 880 512 766 857 886 259 45 83 25 261 821 378 447 291 506 366 334 614 671 171 283 554 968 69 712 141 605 272 778 537 304 231 519 359 162 802 371 7 55 398 793 134 418 482 381 265 89 632 873 246 896 786 964 39 790 949 246 288 819
846 345 452 415 50 751 626 379 625 663 757 36 765 134 66 315 789 97 35 736 185 666 190 847 905 923 238 579 726 458 504 742 290 214 854 533 581 365 837 365 914 897 255 471 945 447 151 403 224 587 721 382 546 146 606 193 403 784 643 255 2 1 660 819 531 143 117 283 103 543 72 812 318 248 361 57 274 274 20 258 46 653 129 674 646 966 386 156 964 492 109 7 753 986 376 567 768 645 232 259
833 762 948 708 150 876 473 480 65 478 821 154 804 798 223 627 807 443 281 648 303 480 814 348 418 58 636 17 258 674 168 109 751 129 728 891 790 271 552 220 466 498 758 157 611 821 752 256 792 553 568 155 76 328 372 990 243 268 504 939 974 613 238 20 394 139 991 479 28 383 896 589 413 714 895 216 379 841 630 216 670 463 611 446 85 318 940 763 765 974 248 825 841 18 965 460 452 582 991 345
647 319 501 290 665 778 336 261 485 919 975 753 228 632 659 880 993 733 598 203 87 742 360 945 767 646 114 285 769 958 1000 397 161 532 944 935 276 9 571 983 992 295 364 974 704 174 302 499 978 666 706 886 63 877 387 170 396 147 943 347 784 966 301 175 501 213 936 668 232 666 374 238 176 181 757 556 43 952 450 40 794 975 117 488 424 228 837 81 695 497 318 914 174 357 353 853 640 374 93 179
805 655 704 994 663 649 384 126 88 947 909 247 933 337 610 658 562 546 171 848 204 956 810 523 819 753 56 242 395 48 759 442 991 1000 742 221 915 5 359 963 77 241 223 933 224 970 827 133 288 110 942 890 938 454 336 100 107 451 527 289 688 861 423 752 96 530 859 930 120 546 567 77 995 102 61 564 782 498 893 953 98 824 646 134 434 304 79 879 697 881 761 321 82 625 370 80 100 784 230 159
545 294 356 186 226 273 537 89 626 816 343 473 442 751 954 459 319 345 384 402 774 573 860 576 0 6 316 406 509 377 637 769 571 126 369 620 241 519 414 282 549 205 526 332 81 279 788 759 352 333 457 750 145 152 953 607 656 898 517 941 564 409 406 66 275 678 217 895 290 139 643 419 949 898 2 873 199 85 193 635 667 446 943 137 248 144 599 997 187 240 859 800 654 184 587 618 459 705 915 878
439 127 384 201 203 575 715 853 998 86 896 193 814 806 732 623 895 37 444 948 614 744 791 161 685 302 505 76 302 101 322 95 377 264 732 971 175 533 449 939 198 357 517 167 938 112 329 748 124 542 74 784 124 707 701 804 272 929 797 968 119 738 306 951 608 886 682 372 56 622 27 427 902 903 82 570 344 940 402 992 781 688 129 264 763 283 273 257 388 24 90 687 522 700 479 971 961 485 429 720
258 236 886 898 67 346 586 670 242 695 968 528 627 148 464 470 758 670 549 276 450 115 211 258 938 647 236 83 440 361 206 312 136 4 371 700 687 885 847 487 798 706 225 495 163 958 808 931 331 902 639 19 522 948 160 983 478 329 77 501 235 211 644 0 215 843 659 195 637 8 70 17 548 653 915 869 792 238 183 444 771 58 685 386 71 976 816 599 446 88 304 296 584 193 14 924 147 229 132 361
535 488 902 583 246 203 226 778 583 337 821 192 770 536 433 746 11 655 142 935 286 893 183 927 305 789 372 629 417 9 110 331 207 514 937 949 391 886 729 911 947 493 220 292 38 447 818 908 456 830 897 856 592 603 543 758 942 446 554 820 914 540 165 1000 256 343 934 224 84 873 501 241 649 344 735 235 718 558 975 563 931 494 1 324 553 781 265 106 492 288 989 807 75 588 506 332 599 652 437 746
863 215 788 798 682 607 406 548 649 82 653 92 932 70 87 884 719 242 989 734 732 520 432 451 543 125 365 20 229 874 555 229 713 884 776 907 531 435 420 916 540 484 498 369 115 96 544 32 262 908 812 975 708 408 873 831 174 229 251 720 60 606 14 874 869 228 169 614 831 571 827 950 620 332 926 913 9 473 461 121 874 954 132 946 93 657 577 886 436 418 491 980 173 967 831 543 386 714 709 251
471 470 69 995 519 839 556 625 792 802 461 37 111 276 90 385 138 768 596 665 939 350 772 417 749 112 876 320 597 523 193 871 247 107 343 335 651 880 356 162 626 108 516 448 281 200 230 891 864 390 587 107 118 918 592 998 71 124 526 435 788 920 749 179 478 224 339 207 56 842 942 515 938 877 11 376 206 819 616 501 635 857 149 120 199 671 189 633 254 161 538 793 440 407 699 729 443 360 20 324
70 786 877 273 557 331 532 398 881 263 817 28 514 12 148 128 345 982 759 351 189 87 507 951 428 834 826 858 518 882 879 106 41 475 877 859 893 872 686 712 208 339 538 607 894 451 642 449 962 314 253 991 900 508 163 518 7 339 384 946 933 370 224 208 5 497 752 895 857 647 133 367 296 727 599 196 377 560 585 552 310 473 435 310 381 959 137 26 771 421 133 427 294 431 907 459 193 931 318 227
826 803 365 721 47 114 39 265 743 102 208 514 485 573 733 749 388 198 320 61 154 238 211 226 421 110 817 920 47 638 65 704 21 206 898 968 89 26 283 914 654 143 824 788 968 600 555 30 937 296 396 610 220 996 335 109 451 310 111 899 533 450 677 271 98 472 151 534 177 690 975 696 116 817 656 34 705 122 341 513 438 532 433 452 554 162 68 690 179 445 342 339 775 785 72 976 678 497 471 977
682 838 527 833 448 756 219 173 883 998 179 871 192 523 437 637 602 97 844 989 62 212 724 897 553 731 488 846 112 514 893 921 353 930 488 674 134 562 129 468 239 920 381 109 281 813 940 82 117 810 361 380 844 177 619 82 65 902 459 834 735 711 669 968 120 458 474 167 24 414 528 479 824 732 254 544 92 41 303 274 424 463 836 410 432 762 58 427 368 508 841 54 193 56 219 920 948 381 910 65
795 91 505 915 380 29 788 479 293 663 458 705 138 334 304 615 323 221 42 362 285 658 211 699 933 82 876 745 433 727 400 461 566 984 745 728 539 579 35 287 743 648 35 926 68 400 533 630 578 909 617 78 630 747 112 376 583 794 415 898 268 795 896 407 720 26 789 75 16 543 585 588 686 829 683 602 649 977 962 981 816 30 580 238 800 538 715 991 868 543 583 974 52 156 671 601 687 643 652 380
660 809 331 342 630 170 252 823 38 545 276 828 472 877 647 572 674 156 975 269 693 809 587 799 283 850 433 889 346 132 3 275 911 860 517 336 593 559 708 285 750 859 141 711 359 265 863 771 967 580 758 576 359 176 601 197 996 969 559 797 317 82 629 59 377 667 415 735 713 80 687 128 485 572 257 845 525 777 848 804 324 479 703 9 128 215 608 25 403 844 590 974 144 296 892 88 511 727 992 130
572 82 712 131 525 472 723 153 544 597 898 319 299 14 126 461 127 320 59 72 159 18 149 853 356 105 668 913 468 1 685 502 303 514 822 675 346 957 714 761 706 922 48 680 69 84 868 876 927 446 451 3 557 688 434 615 697 195 741 771 374 580 582 563 383 408 608 900 657 746 276 63 836 584 758 547 342 133 865 215 511 442 862 607 227 213 545 390 122 994 896 753 686 527 979 18 497 382 345 131
419 375 419 237 881 740 771 376 514 279 973 515 879 52 685 587 662 875 234 637 236 511 455 480 870 802 515 703 940 626 128 438 516 705 295 376 859 68 833 701 320 694 750 355 966 827 900 965 657 185 214 292 558 550 168 368 485 838 306 922 224 115 944 207 582 728 588 775 20 605 179 880 203 202 605 749 169 503 362 651 163 746 223 961 20 26 744 85 795 368 111 409 469 577 504 32 956 860 290 65
760 455 771 672 485 222 5 70 24 858 802 798 638 888 742 525 574 63 903 660 662 779 760 497 110 41 548 75 582 554 37 818 653 330 103 983 292 334 685 712 145 659 887 384 945 799 877 479 815 358 450 238 443 756 680 202 300 275 325 102 731 460 630 688 380 367 119 249 931 855 293 485 45 126 979 518 277 39 491 997 620 131 513 915 764 210 27 715 512 146 322 781 313 202 251 553 838 561 527 66
936 20 906 11 957 487 624 543 285 652 752 565 634 483 566 474 290 30 940 691 709 380 189 40 541 631 782 131 208 632 395 127 662 669 889 355 197 846 486 182 934 17 983 999 787 432 868 720 280 278 513 35 698 307 57 628 269 798 318 192 794 449 755 44 432 568 780 437 695 360 117 37 528 165 682 142 170 70 300 82 93 416 421 8 767 824 910 472 827 100 176 440 972 961 226 548 337 839 38 771
207 920 857 813 635 141 515 598 950 238 942 105 784 271 288 956 773 302 590 738 41 327 397 591 682 475 69 919 229 157 95 571 732 224 832 877 71 925 176 877 964 892 754 314 452 965 597 203 128 709 779 394 865 668 110 262 761 823 310 40 613 533 160 693 779 398 646 862 457 652 224 979 612 656 623 96 40 451 81 813 370 942 535 699 39 830 806 594 858 301 339 528 856 674 936 400 362 510 817 6
691 53 321 895 633 223 6 109 57 738 633 620 421 933 378 785 535 351 196 514 472 521 311 156 609 93 661 980 338 432 857 462 500 173 959 885 488 497 497 418 217 15 916 231 477 859 577 347 93 621 512 723 582 640 416 251 922 135 335 350 472 437 631 798 635 565 935 157 827 48 749 905 285 194 946 505 850 437 917 179 304 605 639 467 567 908 93 244 112 297 164 363 933 598 34 676 736 905 977 860
377 740 390 136 198 18 522 174 491 584 71 184 19 613 732 350 416 327 224 558 104 720 593 357 123 360 857 892 28 368 144 681 456 673 660 141 931 833 460 873 969 166 727 347 576 361 654 802 413 540 997 20 585 88 358 140 470 904 833 211 613 528 489 547 770 801 737 798 959 987 1 895 558 717 692 766 76 923 199 438 320 926 671 512 761 520 212 191 239 611 90 923 237 730 379 368 321 128 179 517
463 281 610 71 209 286 369 390 554 251 106 1 90 787 859 98 268 763 716 827 252 212 518 761 258 480 622 52 135 346 791 818 970 4 589 953 80 339 947 604 37 414 385 511 598 967 608 15 688 38 476 647 622 412 752 274 429 772 171 239 210 690 584 553 715 771 452 984 192 39 855 411 900 871 905 615 39 132 704 276 636 615 404 175 927 940 759 824 530 846 758 85 839 699 983 859 24 272 684 649
724 119 616 836 665 938 231 938 157 880 173 544 986 893 375 788 387 298 337 502 990 814 102 948 315 321 225 659 683 4 298 631 945 752 467 178 646 107 488 409 845 816 933 155 965 602 189 915 186 924 474 889 668 179 274 793 434 401 807 17 924 788 165 314 249 591 130 520 690 353 601 621 696 804 465 514 364 809 154 994 12 513 865 323 440 783 790 248 289 81 273 72 389 259 256 309 242 312 399 283
903 289 812 69 971 170 657 785 980 884 70 946 935 273 825 572 441 966 717 572 796 161 11 613 184 415 880 82 86 203 714 931 538 53 631 514 829 853 194 437 628 423 442 829 29 301 338 872 899 405 175 0 388 122 270 104 857 711 712 605 576 519 934 150 21 440 833 24 574 500 713 757 713 863 61 477 411 780 114 209 819 483 358 231 959 232 251 334 602 749 733 745 556 860 44 191 661 62 100 831
618 26 976 376 2 984 313 467 445 600 681 686 519 199 168 505 918 690 708 261 948 76 759 43 66 743 403 55 474 963 374 800 20 677 155 173 493 89 961 594 645 83 150 668 104 250 423 373 559 588 298 148 10 446 64 358 805 170 162 862 58 157 237 311 638 152 310 190 891 681 287 184 879 618 141 751 917 701 53 389 0 364 606 750 200 903 36 83 636 716 570 832 450 5 714 443 853 414 421 634
736 392 529 0 204 593 481 576 925 192 632 466 273 110 983 928 264 479 809 578 77 770 270 92 918 361 107 641 127 218 742 532 67 787 63 641 758 332 758 155 168 503 516 158 946 881 682 30 950 178 505 719 172 780 209 114 986 291 774 188 192 77 659 222 212 466 293 425 152 222 223 775 387 598 281 924 808 709 431 361 640 920 997 415 568 442 592 681 775 571 932 650 941 185 797 95 701 391 352 65
189 557 835 201 734 642 936 406 516 735 272 640 18 641 238 585 299 569 975 800 677 661 57 121 434 751 985 745 594 313 279 340 823 194 935 823 429 822 815 984 959 791 528 555 654 76 253 544 98 721 970 605 231 315 173 973 170 673 154 33 314 952 257 7 161 77 537 857 502 695 0 726 990 773 808 561 942 565 600 91 539 968 494 976 976 854 844 407 942 423 894 486 930 207 31 775 102 626 50 237
655 161 145 139 185 850 716 70 62 113 95 147 393 323 407 298 94 377 891 950 290 227 519 693 697 5 164 794 70 942 418 223 892 619 962 410 300 765 286 191 961 349 195 293 337 583 578 259 193 266 362 854 540 262 758 757 464 214 189 312 477 651 200 365 523 195 625 959 802 181 334 68 420 916 777 852 696 89 404 175 286 439 799 295 743 54 831 445 672 972 721 836 212 618 346 248 734 747 577 266
494 29 543 341 737 888 210 216 533 346 843 462 643 870 165 761 210 134 536 459 667 525 85 177 632 630 752 437 937 325 367 854 317 755 617 784 419 136 443 741 318 629 341 482 67 278 17 716 527 74 199 712 944 763 880 572 999 341 978 957 722 716 12 81 608 111 737 921 34 774 900 432 321 390 776 209 278 424 809 187 418 665 185 440 288 800 144 428 592 517 478 697 552 774 436 263 100 488 5 845
525 174 993 939 120 752 101 589 52 36 819 484 983 833 355 749 802 650 736 720 90 992 135 159 468 421 302 372 892 812 989 921 218 361 737 649 755 543 792 73 836 77 350 699 201 806 618 693 281 564 360 984 910 518 625 617 608 844 415 934 692 458 221 636 752 727 420 0 545 788 71 204 679 809 745 632 257 279 567 411 78 93 33 460 896 632 758 552 802 657 996 208 413 460 601 476 198 143 975 455
860 522 310 525 291 873 719 993 22 900 123 761 916 16 868 341 1000 905 66 62 798 786 746 950 698 595 615 625 245 650 738 604 127 134 329 248 111 373 630 266 286 135 183 395 955 717 354 844 694 495 220 953 202 744 901 229 441 476 15 562 816 357 821 823 573 271 117 254 376 690 952 450 17 305 970 191 663 140 571 322 534 935 181 952 566 414 96 351 712 915 197 497 752 611 13 606 461 63 801 496
993 14 295 203 902 380 340 505 598 998 478 658 357 182 805 167 924 333 179 534 897 733 979 449 251 763 287 147 820 880 998 12 359 906 303 944 733 438 675 789 82 904 952 960 215 486 809 308 393 925 31 501 489 473 156 881 320 266 346 23 811 629 806 864 355 620 15 850 987 635 191 751 386 816 432 502 399 628 525 140 331 711 728 903 498 392 378 139 61 88 617 938 608 754 302 628 175 781 531 833
463 147 716 999 241 860 931 316 379 696 659 575 600 676 886 171 291 27 809 284 730 50 159 510 559 345 397 746 472 614 747 120 950 862 959 138 315 100 710 870 765 251 628 677 703 669 676 484 121 587 637 564 899 298 563 533 748 506 31 798 697 506 841 636 132 183 244 926 699 730 31 630 56 913 856 186 86 970 402 692 194 218 317 877 107 161 642 733 70 310 168 240 712 690 449 390 715 185 281 570
796 507 484 718 661 839 560 16 146 22 468 813 852 534 6 734 412 600 591 658 132 199 201 622 779 28 340 534 7 501 18 904 885 117 901 713 321 507 607 856 566 213 838 325 818 694 576 224 818 742 48 550 822 942 224 208 301 639 147 909 278 782 913 93 591 958 196 839 518 616 950 455 315 633 838 276 294 272 376 200 401 796 301 195 863 871 252 298 505 702 671 984 875 18 520 148 298 392 876 178
276 937 697 130 635 763 701 462 330 554 346 568 350 57 61 225 162 646 446 457 619 423 18 293 22 910 196 586 498 366 194 338 442 376 568 674 566 548 40 12 421 203 372 414 248 652 936 892 988 34 854 18 556 743 766 445 239 257 164 464 721 794 526 0 851 326 870 663 79 518 20 92 419 392 241 173 536 409 740 958 513 957 493 474 867 55 9 449 755 665 902 903 47 773 155 385 735 621 534 786
29 743 400 862 603 697 883 561 48 457 574 237 567 235 980 844 999 960 958 710 204 716 751 490 559 973 395 393 163 946 475 122 666 538 107 164 750 186 253 319 710 871 853 91 792 341 82 779 0 508 503 877 336 223 698 288 521 46 566 560 557 368 640 423 719 408 112 426 268 19 969 360 238 796 554 621 973 126 195 523 593 238 304 51 408 129 708 364 288 825 606 842 815 909 539 618 210 510 899 664
94 279 685 727 688 305 336 184 848 252 829 759 475 631 519 22 16 898 70 948 546 657 170 770 980 492 403 843 396 707 27 445 861 288 818 663 278 425 617 926 797 221 150 52 815 199 736 766 586 463 527 601 550 863 885 372 510 606 171 86 849 589 949 219 828 570 735 748 646 116 656 839 96 164 305 970 36 577 4 178 679 307 525 652 811 369 694 151 993 345 131 400 673 596 675 267 921 259 47 884
991 530 158 639 412 603 702 510 928 765 141 277 550 720 82 852 27 939 901 641 180 495 356 998 630 541 230 740 694 139 600 970 282 786 495 176 3 614 847 243 246 699 121 642 335 673 759 546 939 667 544 999 446 307 332 514 643 764 525 368 878 401 416 515 66 828 275 374 88 604 160 767 344 238 911 508 464 633 855 155 305 824 311 381 507 847 433 360 282 277 353 474 585 433 445 71 438 443 442 12
607 500 423 664 274 897 397 306 605 63 220 673 403 315 525 682 199 675 2 663 891 664 129 937 531 581 856 279 847 79 5 535 373 569 672 11 254 596 837 155 447 876 708 195 234 360 735 113 681 452 943 371 693 558 589 440 709 267 893 777 766 505 396 179 869 701 193 15 123 569 529 274 356 73 285 345 300 585 511 522 855 835 335 604 74 716 52 481 830 2 624 519 316 732 673 954 699 28 198 972
928 398 389 560 783 346 767 594 542 905 732 616 516 615 252 955 848 827 123 264 400 914 59 984 416 229 606 3 238 360 421 317 14 501 625 928 703 411 33 927 801 807 262 579 280 749 694 336 692 363 447 707 932 980 161 371 559 588 269 143 703 950 732 143 174 531 617 763 970 156 114 109 427 870 889 987 620 532 675 326 247 2 621 199 607 562 362 877 350 482 161 478 284 24 401 591 956 421 979 512
502 301 701 663 391 152 109 581 508 721 903 473 6 675 769 758 685 736 893 774 320 498 589 321 579 351 541 209 812 495 178 607 479 331 351 930 944 821 800 422 150 77 733 758 758 856 821 14 491 466 42 517 120 642 949 421 439 609 337 467 440 301 373 801 0 878 493 792 197 413 891 149 843 542 580 475 734 674 144 263 656 724 155 700 322 262 74 303 426 753 926 244 263 600 573 843 555 36 702 505
102 750 7 107 252 541 638 141 533 404 335 490 693 865 157 916 104 930 489 824 532 574 501 516 898 811 475 425 962 537 896 693 809 687 699 276 216 189 39 29 698 826 858 885 133 57 797 748 578 409 308 631 492 391 645 200 7 106 643 318 794 815 401 794 471 138 366 375 330 493 896 764 669 131 593 790 449 260 458 327 474 2 10 827 458 904 563 687 258 849 307 522 628 949 331 480 995 933 709 1000
183 929 819 87 821 281 542 365 604 596 779 142 503 25 953 285 549 800 71 101 949 19 976 217 38 906 125 562 709 132 227 763 708 558 719 283 230 339 355 727 375 292 675 196 384 955 692 270 679 29 384 275 828 184 710 721 11 540 380 645 645 567 966 191 265 51 195 286 856 247 64 655 339 565 212 33 340 893 26 468 977 425 483 131 130 761 667 340 698 247 498 161 746 124 395 760 545 455 991 418
733 245 264 234 489 366 418 505 248 342 198 249 563 165 934 234 780 619 570 613 923 824 184 76 664 334 179 215 287 0 822 155 282 368 243 277 504 287 990 76 210 745 452 650 846 570 785 718 465 397 13 727 322 225 480 447 793 609 437 767 370 158 484 172 232 762 220 834 940 537 881 454 76 622 756 114 345 485 437 471 966 461 803 86 561 716 506 617 54 869 259 789 944 672 309 886 914 488 99 335
279 614 75 31 412 465 959 14 661 490 925 197 668 83 571 707 728 455 709 98 499 794 543 744 128 568 282 6 445 407 919 10 127 307 174 641 560 256 964 240 572 173 93 827 60 725 275 129 461 972 122 491 639 839 113 967 461 670 369 841 549 552 330 850 638 542 624 608 628 69 221 904 436 286 868 866 586 383 514 53 104 519 32 421 500 274 7 398 135 11 721 665 956 145 219 844 421 604 770 733
588 117 144 75 177 484 455 671 214 499 868 738 334 432 323 648 661 644 701 195 8 315 197 540 149 686 371 897 882 465 368 658 162 309 238 379 867 443 584 331 580 132 435 556 750 254 369 571 643 673 302 215 122 919 155 664 725 665 583 473 934 102 918 459 125 536 618 576 883 347 453 287 847 920 28 784 662 399 316 820 149 81 416 64 951 561 952 515 329 6 772 276 477 771 713 535 673 320 579 327
83 979 720 157 234 525 340 655 617 772 102 896 800 527 871 736 985 143 804 267 148 499 338 28 967 444 419 953 495 753 372 45 726 237 429 440 666 750 473 192 405 303 734 9 862 936 921 455 41 667 721 736 932 931 662 294 616 46 254 813 142 144 448 196 96 108 257 877 663 704 249 441 600 720 796 654 847 197 404 648 489 645 364 545 635 190 739 392 717 320 845 832 485 869 988 833 181 108 822 467
846 290 273 962 559 171 588 32 129 370 24 744 443 113 571 606 977 377 965 972 768 244 705 27 126 124 606 713 419 886 896 202 665 706 484 507 83 903 739 599 364 57 884 812 385 98 463 364 909 411 776 718 412 873 777 785 863 960 85 399 36 826 450 120 788 294 791 840 33 630 147 217 772 667 492 200 890 548 29 336 234 732 613 983 48 320 257 620 813 951 720 92 885 256 542 919 920 791 414 326
981 392 221 238 808 798 540 308 312 594 454 460 394 187 444 833 991 13 133 628 463 94 595 853 195 913 376 452 212 342 38 595 819 297 868 189 347 348 652 810 101 534 238 391 721 328 132 869 640 612 169 35 493 724 692 725 102 634 585 285 705 953 342 41 693 774 199 858 471 909 496 413 777 984 550 590 393 643 987 662 41 419 32 775 889 358 684 712 224 270 705 300 216 497 177 663 497 649 853 925
7 638 724 754 585 1000 895 183 945 539 819 977 908 720 830 909 246 301 439 252 355 466 384 805 81 28 235 169 635 7 571 196 990 623 962 906 62 787 466 33 786 940 703 546 846 400 631 30 915 626 155 345 313 751 195 252 609 675 418 316 860 176 345 717 101 458 436 357 387 183 17 363 921 207 80 53 679 520 112 399 191 658 576 348 376 957 582 53 430 587 162 703 179 590 42 188 113 262 710 464
958 935 427 145 599 908 542 213 88 878 555 744 725 213 629 279 788 598 619 527 174 665 853 137 280 326 969 780 36 133 286 808 974 222 488 489 820 372 691 282 854 400 269 613 168 549 170 210 776 284 868 147 87 264 537 485 532 188 382 656 695 962 763 824 258 840 878 146 409 110 647 906 568 863 575 627 457 471 93 617 342 451 829 272 736 345 373 364 762 661 720 129 598 249 437 396 101 461 57 344
350 35 933 433 144 651 550 999 99 513 817 415 360 637 371 310 362 869 679 599 272 54 36 915 443 395 494 199 631 221 369 808 242 697 900 532 916 557 720 249 526 332 470 868 341 922 909 873 691 737 132 428 923 472 480 694 253 37 963 194 244 401 499 706 962 192 426 959 411 143 509 873 320 390 451 828 885 786 8 654 803 354 702 576 938 217 390 546 53 644 454 860 522 215 419 585 333 114 906 285
303 753 988 913 645 251 356 187 555 638 616 631 837 99 13 13 789 998 937 395 77 56 73 352 564 484 357 758 509 267 473 712 686 779 598 957 245 496 464 234 748 310 674 203 595 423 598 371 170 887 501 498 742 202 120 395 342 769 312 797 606 257 829 914 3 176 397 185 865 103 718 733 664 504 1 979 302 937 127 95 746 239 106 760 971 769 937 631 271 518 690 501 259 658 295 15 968 945 5 338
771 832 595 3 972 482 716 200 468 54 750 161 267 302 550 57 758 534 818 622 69 446 989 947 135 887 975 358 503 853 883 297 137 977 666 638 777 935 726 936 526 394 311 446 932 845 966 515 214 576 278 325 792 395 116 780 452 660 586 17 765 392 83 212 624 867 831 103 48 418 771 428 593 507 103 980 327 751 662 751 541 615 113 232 241 824 162 796 760 944 915 394 847 45 949 434 973 432 819 993
831 33 869 832 668 738 298 374 743 438 165 219 59 907 216 350 972 807 233 604 527 551 882 748 200 211 835 859 855 936 678 942 908 542 330 249 641 843 112 837 856 690 273 953 776 258 944 478 576 502 835 215 324 718 502 449 270 427 115 853 804 71 750 536 512 115 634 827 644 188 836 41 362 474 435 867 390 878 272 679 12 527 358 184 976 532 723 787 264 35 125 927 643 395 92 450 481 490 0 661
929 866 652 121 764 209 362 287 691 397 106 262 946 74 8 682 5 500 274 117 448 538 285 246 810 188 200 323 243 11 229 146 492 942 639 922 75 358 50 329 179 477 465 78 491 736 52 6 912 664 784 748 264 869 616 78 770 330 501 37 344 691 229 454 317 321 842 825 392 425 770 587 669 648 273 440 942 161 61 801 781 550 487 13 311 226 820 826 620 823 147 731 894 826 628 685 928 957 317 680
38 952 553 865 527 834 44 262 304 917 293 456 840 437 11 548 522 616 405 285 946 34 6 556 739 91 8 339 159 706 170 47 294 742 995 617 833 344 38 55 752 686 136 165 446 211 628 939 228 152 256 265 843 929 784 663 356 731 28 238 76 443 867 192 35 155 819 470 800 920 529 251 916 372 567 349 167 257 888 520 174 682 589 517 66 923 519 448 904 101 7 307 982 353 24 451 861 750 641 978
770 858 148 769 76 715 290 880 107 673 22 417 95 21 980 492 162 937 966 432 417 159 896 841 948 107 370 246 229 946 576 554 170 666 535 554 162 188 253 843 241 205 628 92 659 573 985 498 848 763 264 460 526 795 151 218 648 261 85 578 168 605 225 394 377 983 201 540 919 402 609 284 388 837 236 151 855 901 83 205 472 90 281 705 138 475 448 28 404 844 388 788 676 153 591 789 248 190 668 704
288 184 306 717 755 89 639 423 680 770 315 740 661 727 67 145 869 151 929 640 495 942 106 552 868 687 111 580 123 519 964 867 231 933 234 958 624 722 82 985 918 879 322 642 65 239 346 281 35 956 951 847 515 362 387 145 829 350 70 331 950 683 693 245 397 895 183 403 115 381 768 521 410 309 308 988 696 388 328 122 676 256 312 614 740 259 662 62 274 715 157 276 24 356 218 588 85 16 206 346
403 45 280 472 316 737 734 214 305 98 402 49 975 73 465 732 422 801 857 140 381 855 463 454 83 731 373 186 93 764 134 67 173 373 978 57 12 644 479 89 672 710 350 14 161 108 57 814 806 20 409 217 623 315 963 726 993 488 896 220 540 954 669 662 965 670 726 608 671 766 635 843 477 350 902 419 702 500 843 878 420 683 950 507 603 105 257 791 868 434 517 648 239 524 231 707 900 116 235 471
603 243 177 898 154 651 888 66 342 982 916 113 165 306 132 179 184 719 712 694 277 233 484 95 904 961 770 421 519 627 700 96 452 669 221 988 93 474 185 120 162 562 511 556 563 258 906 918 756 549 51 248 871 179 906 324 772 928 624 197 76 904 868 58 991 768 138 524 93 354 198 293 57 234 754 448 912 193 625 108 262 179 850 50 878 720 590 524 974 658 244 839 788 328 434 277 278 400 713 670
534 264 730 543 701 447 247 452 714 469 898 676 985 669 164 267 420 308 754 363 232 912 898 586 555 97 158 179 331 580 188 714 132 616 28 531 585 811 423 78 62 81 80 105 43 471 566 932 715 97 642 810 59 288 230 495 246 860 343 634 890 1000 151 904 358 143 441 812 492 676 702 269 266 996 407 944 614 385 637 75 367 275 381 949 830 481 34 986 28 428 242 454 581 164 118 352 360 389 800 524
31 479 281 600 823 776 46 533 863 574 279 3 54 517 694 343 749 384 884 72 961 44 128 705 202 1 324 343 315 676 566 294 646 21 150 104 537 695 534 179 657 355 724 868 923 2 175 103 911 933 992 395 75 280 927 872 534 918 395 619 413 96 17 935 840 565 410 406 313 374 333 307 779 122 379 261 489 420 643 245 91 765 221 539 243 619 754 682 47 24 477 626 949 483 667 951 681 156 817 523
885 108 949 302 844 823 368 696 369 20 637 46 319 810 671 619 548 985 349 640 528 692 48 897 774 950 884 483 99 339 697 611 685 698 697 729 559 273 786 495 574 966 470 951 112 36 215 522 921 913 368 221 647 684 475 841 499 637 477 46 350 549 864 185 626 41 912 668 959 945 904 621 727 729 299 530 956 122 555 73 652 536 230 750 490 925 446 491 370 877 387 518 163 128 321 511 789 713 242 91
524 553 786 162 276 481 654 465 2 244 7 451 473 776 840 42 723 8 234 670 145 879 848 589 20 217 816 620 203 433 394 561 302 626 226 290 371 608 869 872 218 527 553 147 396 136 693 264 288 494 338 592 287 323 261 692 953 393 699 185 133 744 652 857 262 141 258 427 776 805 462 640 175 369 764 505 460 595 672 198 394 626 670 199 926 91 531 543 567 783 774 78 916 813 197 698 597 831 973 73
257 169 619 270 354 752 7 134 469 472 436 818 615 651 681 869 538 182 28 123 258 686 208 488 444 855 517 117 444 290 139 782 210 891 767 584 852 579 756 93 967 386 519 47 808 501 87 766 266 118 326 81 821 376 47 498 764 848 334 57 923 686 339 463 597 153 984 333 199 862 545 826 225 309 306 422 666 832 997 246 517 290 808 6 772 228 259 439 162 707 44 618 899 951 274 409 996 39 23 100
50 25 121 627 277 751 220 211 65 456 884 337 206 669 183 199 183 534 453 687 569 74 475 95 452 162 708 479 830 546 271 275 183 666 671 421 603 467 582 432 418 82 413 703 370 252 647 147 82 718 59 821 531 873 459 415 934 748 642 921 349 833 280 270 482 524 252 505 374 908 531 426 435 85 621 986 632 775 600 608 8 41 230 795 345 903 671 275 303 806 880 775 217 256 903 297 343 999 602 221
97 838 39 541 358 186 410 478 741 887 65 767 580 218 518 756 201 97 351 4 876 714 330 136 239 475 706 290 229 500 671 790 610 112 247 491 216 799 905 371 617 479 353 364 467 526 270 620 826 258 593 843 522 530 627 301 761 484 844 464 134 215 382 87 318 965 283 87 54 18 775 140 999 897 602 439 510 948 993 828 120 781 907 182 76 969 104 715 103 386 387 477 131 946 362 291 662 300 838 359
503 521 963 760 777 880 370 575 828 792 605 252 926 855 316 204 618 407 961 806 72 718 291 388 761 117 226 990 741 459 258 828 428 999 187 606 343 602 385 908 9 347 61 784 679 631 29 215 470 599 577 762 991 709 582 761 54 626 679 49 858 417 509 912 271 920 605 766 117 928 204 769 330 762 47 554 925 568 436 22 794 376 891 680 83 9 390 210 48 439 8 411 227 815 558 681 658 846 249 340
40 734 265 881 58 220 98 778 599 95 107 550 875 385 832 936 880 526 190 612 572 896 269 11 339 251 188 730 633 932 704 195 147 307 157 0 930 739 650 676 133 140 1000 889 207 66 479 165 543 491 127 708 640 497 39 683 200 26 681 773 393 362 484 144 98 128 93 710 159 718 334 820 310 590 18 444 111 839 92 651 139 728 951 479 148 893 661 20 891 794 238 629 385 97 906 405 482 652 835 805
83 704 844 777 646 869 406 633 88 582 825 851 946 920 178 985 682 15 467 772 625 521 185 648 493 259 431 429 326 175 754 693 415 478 793 476 682 402 24 223 102 611 880 344 960 993 514 434 563 670 663 975 917 472 364 81 514 273 322 231 557 945 229 237 765 885 643 860 244 765 744 588 232 95 607 977 916 237 578 254 797 411 844 507 477 537 434 120 106 407 473 628 185 606 513 27 164 648 544 206
828 15 646 124 193 243 464 919 518 993 425 243 639 535 613 422 983 79 489 320 277 249 614 722 715 941 363 105 894 798 366 914 847 770 548 955 660 952 376 1000 852 867 223 277 544 906 54 909 117 195 442 874 446 250 869 932 198 331 266 921 916 232 465 686 480 550 670 362 486 450 684 1000 277 257 483 441 48 667 597 489 857 245 618 863 214 291 849 928 90 233 73 11 133 721 811 38 797 342 552 596
208 288 935 457 965 198 63 531 512 582 688 6 590 867 829 155 293 453 54 834 669 312 338 735 506 286 862 113 23 189 482 213 932 987 252 704 761 846 0 595 16 271 317 889 731 906 325 270 28 656 996 99 327 837 474 673 774 901 438 333 797 816 704 344 298 788 32 558 188 27 202 736 442 931 725 419 324 692 323 288 683 609 918 646 43 681 187 923 672 233 222 100 33 441 995 760 47 371 346 694
449 207 590 75 179 298 274 298 157 826 791 415 67 315 369 636 237 473 8 259 533 933 713 843 885 341 690 544 746 245 606 876 494 599 608 896 925 968 491 581 741 864 475 783 429 119 211 7 44 249 731 847 821 668 388 281 479 384 489 817 516 532 615 514 933 508 295 748 371 536 848 261 246 510 849 408 459 538 298 693 580 672 187 449 115 796 401 8 803 529 921 949 476 613 68 289 359 225 451 836
649 155 102 775 651 551 176 565 275 650 481 940 337 780 874 221 235 146 897 259 85 82 94 642 756 539 244 740 933 287 7 443 243 335 420 496 903 615 517 330 168 662 73 835 989 635 842 69 935 789 463 426 664 911 401 540 705 368 438 161 672 701 137 29 377 179 577 786 648 11 233 169 267 81 990 586 96 183 695 176 924 943 75 587 137 106 382 56 221 772 194 941 106 788 125 800 395 742 320 419
137 131 421 210 981 472 509 66 803 872 494 116 849 360 205 832 289 250 154 314 770 805 448 105 311 483 377 680 498 90 182 251 796 323 513 20 897 532 224 416 35 535 845 592 407 956 819 585 375 714 219 824 523 59 967 227 256 147 561 737 481 329 943 723 583 878 107 842 103 624 847 406 405 197 194 669 780 608 129 133 189 566 591 200 412 348 157 211 813 692 205 82 879 6 696 565 171 875 279 543
481 483 922 298 404 233 892 110 267 8 597 247 854 719 186 704 907 431 513 311 401 131 942 354 857 597 994 787 955 10 998 736 743 801 728 85 907 429 103 170 359 525 443 67 42 736 823 644 374 532 144 895 554 356 995 777 278 916 85 793 462 921 801 710 643 491 732 696 132 633 841 52 793 972 381 156 265 356 637 789 159 482 999 690 634 819 129 199 483 248 450 648 329 898 55 821 313 327 747 997
629 924 815 378 46 28 103 195 27 699 785 236 141 419 556 709 29 672 469 804 639 882 149 290 814 467 434 639 950 565 205 985 417 3 217 135 976 987 629 225 105 36 88 320 600 361 740 115 868 583 923 432 375 240 961 526 72 860 807 340 497 115 741 173 645 626 520 70 267 541 570 931 74 219 842 155 477 887 256 512 282 164 645 791 630 161 582 653 937 176 910 403 502 80 921 755 331 698 248 353
581 463 55 267 922 732 861 616 172 885 150 460 397 372 843 899 83 77 14 763 766 703 169 651 327 545 930 314 794 774 262 840 881 928 883 64 697 497 972 106 440 867 207 691 659 386 558 360 693 112 368 580 578 133 233 166 821 54 363 64 372 777 132 552 814 351 53 0 157 307 326 107 347 458 311 257 127 547 192 537 873 333 906 609 648 361 17 619 53 349 898 434 744 650 328 711 446 436 365 699
564 817 537 366 780 319 221 436 888 439 289 752 343 631 243 718 545 595 703 76 437 926 641 482 446 912 703 368 519 517 30 448 596 371 425 644 780 288 866 258 658 930 670 816 109 429 8 286 395 928 7 60 785 177 0 375 335 48 452 120 945 768 795 317 948 737 965 79 690 90 139 809 724 834 354 320 285 957 21 464 45 249 706 381 885 312 578 920 120 467 27 185 125 570 284 815 402 865 68 842
638 593 733 570 732 154 318 315 214 475 41 599 834 136 654 97 554 158 947 504 629 692 236 759 852 620 659 79 440 817 29 916 311 11 962 678 400 294 259 479 957 592 366 156 867 341 236 65 512 543 693 317 282 96 678 167 473 642 154 156 488 3 959 418 961 899 646 602 102 832 115 319 657 879 71 867 77 705 277 865 807 116 755 502 51 164 825 166 550 44 56 183 159 807 774 573 131 368 313 652
920 95 950 74 768 919 690 78 893 907 536 883 336 538 174 534 740 550 822 25 644 713 790 841 728 451 140 749 602 495 30 63 294 287 485 83 177 949 368 146 788 614 686 378 999 478 338 482 380 898 709 557 993 199 127 637 256 166 850 954 100 764 783 960 34 355 881 40 400 751 252 452 873 954 987 761 480 606 963 95 908 900 139 639 186 763 254 187 262 976 211 791 346 570 918 119 490 692 45 862
725 299 922 45 521 654 650 286 140 341 741 287 456 21 485 931 903 307 710 431 136 670 812 629 700 199 663 290 88 343 652 646 200 503 767 973 738 895 354 408 271 482 755 375 801 894 696 229 89 881 787 530 356 520 892 400 185 928 512 527 310 798 226 150 271 121 583 117 822 462 800 490 196 661 591 258 267 322 615 403 731 215 306 709 593 254 299 344 837 203 835 162 132 355 825 100 714 728 533 732
970 441 423 798 216 463 159 849 801 146 57 134 316 489 379 499 428 588 142 80 28 880 556 910 847 838 840 768 744 711 682 560 777 28 294 827 110 853 315 608 465 490 604 971 957 705 423 539 224 27 571 611 199 197 114 953 702 136 289 922 143 619 520 258 789 481 111 746 111 613 454 635 970 984 679 58 117 686 638 528 254 637 847 286 48 740 581 6 931 869 23 839 62 953 286 765 674 668 802 580
187 309 427 757 739 315 646 488 200 609 363 796 611 562 192 356 436 246 101 86 947 6 363 761 832 542 237 70 885 129 511 100 591 413 785 295 979 306 723 931 713 184 857 414 714 193 134 634 597 433 528 270 331 198 286 817 731 143 682 477 984 321 603 890 547 748 250 289 221 342 16 480 417 113 674 879 410 445 683 533 281 862 156 373 839 744 679 78 665 578 888 472 570 1 575 169 340 829 845 809
433 973 955 242 491 984 883 660 181 286 297 126 585 582 521 499 889 997 375 736 801 315 398 236 250 661 391 391 582 575 455 93 542 187 839 616 864 758 965 340 369 369 828 582 474 744 880 583 520 122 573 633 980 877 277 961 206 757 972 896 506 528 660 743 182 707 552 776 686 658 880 783 89 323 182 692 764 821 405 410 364 43 138 197 799 856 552 786 721 344 860 828 514 821 28 45 283 933 29 915
735 310 75 397 833 67 764 361 560 694 478 851 659 233 870 85 421 713 634 541 867 145 733 641 517 321 702 669 136 859 133 172 290 915 603 192 275 919 928 942 493 337 576 341 908 730 867 16 402 105 633 436 587 635 180 525 24 92 650 594 976 5 977 259 684 51 93 853 451 304 811 315 0 11 116 741 111 859 187 442 131 430 161 138 991 943 486 188 905 370 87 405 462 61 121 469 205 967 895 186
443 849 841 579 137 296 440 177 376 424 28 30 165 186 400 218 824 783 650 229 364 230 78 927 120 722 83 898 20 745 371 513 745 667 75 970 751 931 727 522 882 179 714 875 99 802 998 397 420 432 636 903 941 528 372 46 480 846 976 977 996 964 762 808 824 878 102 6 960 833 149 957 706 889 764 6 997 392 524 845 340 458 158 834 914 989 575 585 585 829 408 70 73 123 554 574 687 917 327 256
786 995 490 135 293 342 873 557 725 663 847 560 454 163 430 671 864 237 683 913 753 283 186 206 363 397 950 48 182 87 874 74 546 957 798 288 139 945 598 952 90 813 368 866 920 693 138 336 372 955 204 252 955 159 806 363 419 528 199 387 947 281 960 49 455 532 935 958 520 889 249 252 445 450 405 344 626 499 747 734 905 148 467 222 498 325 675 848 403 470 4 340 64 757 663 333 290 607 472 379
115 312 94 323 319 11 897 216 1 238 214 613 16 173 533 589 225 967 635 481 12 776 352 23 620 516 626 458 595 3 622 306 437 971 50 334 86 314 774 544 497 664 384 768 890 147 28 576 579 363 360 794 920 75 681 144 231 300 548 828 659 559 490 223 324 878 57 652 874 735 887 104 665 727 265 903 873 693 561 768 304 506 402 168 469 554 288 721 805 967 222 421 251 898 250 869 839 85 161 11
520 580 585 471 410 311 593 953 544 50 463 223 376 639 185 419 699 492 178 997 742 601 176 456 484 228 941 598 341 636 268 59 753 740 861 549 575 316 563 90 992 211 440 950 436 764 201 683 567 458 411 192 427 307 139 358 617 888 442 306 628 693 248 563 930 596 877 334 381 307 518 657 643 730 245 285 228 513 853 892 9 827 592 141 372 678 229 677 451 422 530 754 121 422 278 27 38 629 771 310
656 928 769 839 641 499 853 149 284 370 50 648 298 166 188 446 219 875 431 296 7 155 307 155 659 274 18 598 33 666 491 114 253 71 432 437 673 730 873 158 899 98 214 22 721 698 797 655 892 488 59 597 123 798 919 276 160 500 271 216 213 34 803 304 331 96 84 20 466 392 489 831 420 333 981 104 586 669 539 813 514 864 784 879 389 163 594 330 660 535 21 753 457 575 621 45 100 817 479 821
755 42 134 495 998 104 203 135 398 168 441 28 735 678 320 2 723 371 211 112 542 543 616 265 860 130 544 460 171 687 626 822 154 850 520 338 284 710 990 463 220 70 65 842 305 202 976 169 502 777 44 743 823 280 529 739 966 519 800 880 639 316 578 583 917 73 261 345 306 793 269 205 391 865 749 324 125 324 248 442 202 256 835 868 31 720 436 977 452 94 475 171 775 846 178 619 40 757 274 248
628 992 423 682 794 382 526 158 912 99 572 567 438 457 367 245 590 353 17 899 723 512 246 793 104 601 99 704 991 409 754 419 44 926 662 143 789 321 266 15 677 242 653 627 437 725 154 46 170 859 795 699 235 652 858 49 102 762 214 744 460 798 685 393 126 503 699 850 347 577 392 950 458 820 535 9 67 746 64 984 319 225 127 286 878 166 591 700 8 816 443 418 14 568 911 552 757 612 45 158
255 376 923 598 359 359 165 515 674 179 700 711 129 28 687 70 246 68 220 47 653 519 190 873 286 424 786 213 477 629 680 266 793 826 559 275 671 465 801 925 373 141 922 193 866 377 157 233 650 62 866 407 449 519 82 818 743 303 59 966 469 940 356 957 518 937 223 376 758 841 676 989 544 135 652 453 74 281 843 13 413 583 380 886 172 862 834 588 873 182 882 980 926 10 12 624 322 759 410 266
114 512 939 806 913 498 29 633 441 80 458 893 722 317 536 611 454 828 959 348 625 51 886 497 493 562 919 497 513 894 266 205 769 0 797 906 118 400 905 142 188 473 303 454 8 504 985 749 266 568 482 200 974 818 403 926 936 738 65 467 473 542 631 253 31 373 986 925 177 843 753 473 807 681 147 928 496 607 658 122 186 682 577 351 465 170 754 12 622 237 93 929 930 641 60 749 750 512 814 844
602 17 823 332 227 26 73 306 159 174 506 802 599 410 380 687 964 590 435 680 440 109 708 920 807 802 568 466 380 504 432 339 88 758 834 980 972 210 71 594 895 103 163 364 97 441 238 416 25 74 136 189 902 647 711 655 529 949 556 802 678 807 344 273 201 368 291 622 598 772 837 69 572 236 910 98 936 851 306 249 400 354 623 457 174 129 438 921 623 984 711 595 940 242 543 490 531 930 714 183
802 220 73 310 177 925 185 449 305 814 879 162 23 850 648 742 943 323 70 365 926 689 244 643 322 852 113 716 258 241 440 344 693 405 521 347 281 49 701 226 110 908 23 410 50 802 867 322 51 609 56 865 976 966 778 814 629 427 932 649 643 319 894 454 324 268 875 206 740 54 858 966 74 141 817 756 680 825 526 228 215 174 322 247 380 342 524 854 756 118 586 305 750 284 855 989 843 824 200 45
418 226 608 967 304 853 402 391 839 277 105 360 843 505 307 128 74 922 639 535 113 374 485 326 570 850 720 697 726 892 280 68 708 559 748 980 19 702 241 106 489 623 959 996 207 637 616 723 258 347 732 686 760 963 607 449 470 212 905 903 554 949 932 974 638 751 944 851 904 743 232 44 796 690 115 950 523 201 82 771 821 57 1000 182 428 48 822 854 744 497 628 129 357 846 243 990 372 152 856 158
970 546 950 646 236 582 701 839 927 784 733 560 224 500 727 117 279 289 291 718 43 778 960 260 551 212 238 331 40 720 192 482 344 430 841 295 297 140 893 819 19 153 722 346 631 502 651 199 759 419 858 576 286 148 118 759 651 959 511 673 431 792 734 403 214 892 844 472 373 632 229 991 340 160 974 979 174 5 800 291 135 207 71 425 722 451 114 638 338 980 83 777 909 950 293 887 569 816 87 67
28 78 632 905 994 381 350 470 75 575 423 937 721 163 275 829 972 477 15 921 444 56 893 548 456 477 45 164 364 537 732 141 723 252 128 452 723 897 358 864 37 478 723 422 274 476 615 906 717 276 437 471 737 988 840 243 777 970 979 192 786 466 797 638 966 777 701 258 765 564 971 994 483 689 132 883 140 847 313 556 188 645 725 773 570 244 504 135 702 164 834 793 455 374 537 684 209 158 219 78
353 744 818 202 566 557 378 87 575 419 137 16 750 466 970 681 451 563 459 683 782 748 838 829 83 757 800 19 834 339 722 843 371 270 228 797 435 416 284 961 508 523 601 789 674 527 81 871 245 68 239 856 551 569 915 517 857 96 206 674 123 846 516 437 949 584 583 493 985 376 737 145 704 667 719 436 159 326 54 910 53 188 625 646 208 497 324 185 599 453 134 683 702 381 170 736 496 817 912 560
942 342 224 330 310 485 681 987 121 580 99 942 472 909 659 934 99 114 778 847 594 782 66 198 982 733 738 97 4 974 112 54 353 268 564 116 592 115 735 437 91 376 844 41 13 4 936 14 495 458 49 364 610 398 614 614 691 58 340 100 829 872 313 563 810 514 228 447 601 231 282 757 383 489 881 415 140 384 282 741 797 233 183 283 712 90 346 387 612 220 415 168 339 392 932 527 937 921 169 858
548 703 510 78 329 759 395 617 536 943 213 666 823 910 329 941 383 869 703 569 578 103 376 683 550 408 865 113 410 402 9 847 366 375 490 221 691 340 854 903 447 790 670 153 246 460 380 907 214 799 670 746 253 707 428 158 30 714 107 181 394 776 586 668 363 962 834 950 877 463 332 61 633 403 885 926 12 884 531 7 817 840 541 452 416 764 659 845 480 818 41 920 646 139 99 451 325 9 849 219
213 453 965 110 609 768 439 12 99 722 364 599 233 957 153 951 891 281 188 122 994 782 378 552 214 833 975 348 131 251 684 609 192 97 38 26 262 864 567 942 415 387 641 355 758 343 808 745 223 722 647 372 943 287 345 173 461 891 93 575 553 20 899 401 877 207 426 989 486 106 458 743 196 798 191 661 648 657 621 462 313 668 759 799 200 617 629 508 4 453 814 713 763 90 717 970 452 831 667 849
910 358 307 735 561 932 835 148 426 66 575 677 454 533 287 10 297 59 47 629 317 86 244 222 76 779 577 976 942 419 48 838 431 430 313 718 276 596 400 833 111 32 888 440 259 261 685 533 569 724 430 808 121 589 848 744 325 935 468 985 383 973 302 221 329 590 2 874 164 806 636 972 198 762 612 449 783 858 847 120 97 709 83 877 246 299 431 276 501 601 997 172 619 900 739 67 347 467 206 266
21 558 132 588 523 190 734 314 594 822 540 450 758 890 792 782 220 77 18 26 806 80 206 907 790 788 70 654 813 35 294 164 490 250 340 468 975 575 268 89 443 941 991 664 713 588 293 15 975 145 295 699 406 561 963 340 641 836 772 109 577 797 586 604 336 960 699 827 466 849 501 98 192 714 637 962 102 755 907 70 277 453 22 282 560 283 552 175 646 499 21 915 417 475 64 974 547 804 146 298
523 965 120 797 189 364 838 901 331 450 171 738 815 141 15 702 803 938 622 354 960 360 364 57 870 849 590 979 42 630 541 939 344 760 868 40 719 314 270 504 453 399 788 866 386 682 35 61 659 499 439 400 347 186 926 516 395 750 500 397 576 238 745 410 796 524 537 825 309 722 434 874 800 709 787 959 488 194 683 922 242 400 356 206 474 512 98 163 324 336 931 512 185 963 232 376 929 754 488 861
280 570 962 554 186 217 881 828 430 354 946 908 942 783 610 322 592 307 591 638 851 782 408 952 611 123 646 723 982 812 725 378 690 344 462 480 795 132 702 329 154 202 805 707 545 270 358 885 453 11 386 962 192 842 935 500 748 220 973 632 889 383 866 440 929 834 948 307 780 827 101 866 733 258 471 230 36 983 48 255 631 387 805 872 540 286 771 430 973 863 763 127 975 755 825 945 181 345 341 220
539 16 17 715 933 817 974 911 478 213 5 199 354 548 307 219 331 590 434 356 987 611 528 301 268 883 397 609 153 398 193 823 460 853 15 371 903 876 383 499 402 719 197 868 294 84 812 467 928 296 992 821 154 103 918 792 134 832 615 241 783 893 845 670 872 850 193 697 559 642 603 134 687 18 207 315 139 246 994 376 415 27 213 516 15 238 651 388 66 834 508 180 452 713 277 56 299 795 355 707
340 986 715 434 368 999 269 591 231 380 318 756 276 198 584 181 605 409 322 723 858 396 447 485 110 118 216 231 200 581 600 362 769 337 223 963 909 357 1000 715 410 129 43 901 494 270 498 946 296 789 458 699 793 281 924 146 443 961 460 27 570 162 197 897 37 839 37 423 459 118 411 372 28 953 237 512 275 119 428 508 508 452 970 857 0 138 883 737 447 664 479 742 642 257 776 226 797 333 601 70
836 924 236 373 870 415 498 765 272 376 325 495 754 150 9 630 598 70 448 65 932 813 248 321 944 483 647 172 958 38 883 646 468 141 208 439 382 184 652 109 734 679 280 477 779 126 891 600 535 306 429 169 75 436 891 143 55 487 184 587 112 604 941 167 619 373 10 364 784 598 349 507 803 368 277 234 16 679 599 282 261 4 666 37 507 90 166 906 762 617 214 54 155 282 758 859 86 679 643 751
4 438 987 424 388 817 304 586 705 876 317 27 187 178 535 230 400 862 867 170 108 308 817 90 901 73 104 341 554 211 97 241 773 681 923 930 610 40 877 6 851 313 214 794 756 495 882 606 228 582 591 640 923 685 228 534 743 438 679 954 695 857 35 294 89 475 545 633 69 811 554 196 869 786 948 953 668 905 862 996 930 242 680 276 423 941 472 381 660 702 432 394 24 386 552 249 74 534 892 306
876 283 315 522 678 600 587 940 29 146 481 505 541 653 595 470 562 890 813 311 22 969 900 639 608 533 912 386 156 254 376 686 179 411 798 793 681 776 78 281 105 923 793 900 858 775 256 638 106 457 311 139 615 575 234 22 701 513 114 47 738 979 392 261 1000 938 323 852 144 748 19 410 661 299 84 471 815 790 456 748 688 128 927 829 237 724 760 671 861 435 542 533 867 702 145 326 675 493 887 137
141 587 726 84 417 552 508 41 43 838 272 996 678 367 35 613 859 689 746 526 89 697 576 923 912 426 460 604 360 903 351 626 985 85 888 125 132 252 360 21 138 862 256 275 692 634 171 959 936 258 958 610 421 741 982 237 376 811 727 122 399 923 636 189 633 310 218 706 226 373 320 154 882 939 806 450 267 64 359 18 915 710 102 260 304 121 467 469 978 917 564 817 197 988 479 484 811 182 291 114
425 356 500 277 992 789 635 376 991 196 132 110 245 869 482 736 955 855 694 445 489 540 46 483 710 886 718 216 387 326 83 744 855 923 422 537 649 820 405 281 100 751 123 744 20 670 613 56 915 206 843 620 765 146 523 418 255 711 348 615 260 924 505 417 204 644 244 565 425 479 338 544 745 394 603 865 859 823 547 400 222 505 986 148 553 467 523 343 503 854 796 462 969 31 105 305 716 99 219 338
70 18 237 433 125 923 469 140 150 690 429 745 539 175 123 279 23 187 913 244 467 673 783 729 59 427 820 500 292 375 24 230 849 37 522 907 518 466 400 378 615 31 824 583 539 931 850 276 595 628 941 168 806 25 289 133 719 184 276 205 428 527 388 185 158 267 636 551 876 292 837 684 282 141 495 221 585 754 825 620 780 149 894 49 807 90 128 29 984 196 785 870 907 620 46 810 817 117 728 856
351 141 71 73 988 449 386 702 41 681 978 354 757 412 468 785 705 713 840 437 598 303 573 131 393 672 575 41 1 392 819 541 284 684 403 225 108 706 794 43 198 914 886 963 147 350 656 159 782 989 231 874 121 937 836 805 834 201 577 641 514 667 480 564 853 686 338 26 840 746 135 192 647 942 678 452 889 169 137 313 360 61 671 693 811 905 326 625 802 147 283 985 587 481 323 296 129 211 355 66
655 194 210 41 403 75 620 764 275 231 472 614 815 856 715 764 198 521 871 713 638 360 162 817 860 615 798 205 132 862 524 778 57 106 435 459 848 477 934 909 922 371 776 390 215 185 844 293 934 575 440 113 992 935 507 476 84 588 208 184 417 38 579 736 565 587 261 734 815 315 225 946 440 143 26 76 529 414 411 387 696 857 111 18 296 419 313 887 945 927 220 825 853 378 345 668 67 236 507 863
962 443 871 471 931 703 22 629 156 733 473 232 216 409 854 204 184 658 702 460 349 48 528 717 973 811 839 961 472 880 358 267 432 20 899 263 75 338 168 222 693 147 666 916 972 374 69 451 308 113 268 208 371 860 377 629 441 473 923 503 738 691 177 615 672 631 115 156 2 147 357 842 788 879 421 676 280 138 549 465 453 480 620 429 444 996 244 700 341 983 273 526 318 829 933 530 100 856 537 328
946 474 31 309 554 495 993 802 177 747 41 972 432 276 939 361 33 665 351 112 791 567 122 485 407 449 574 612 890 222 671 438 381 307 855 941 186 628 550 755 844 358 949 401 975 876 312 368 305 730 176 388 277 466 765 908 625 566 187 517 810 790 101 238 172 822 758 65 953 180 273 337 928 247 575 255 673 2 589 865 831 800 953 174 836 286 131 739 407 578 727 615 423 338 603 232 237 635 373 382
597 339 480 826 619 386 480 872 677 163 123 631 457 170 854 44 467 764 95 369 497 187 742 97 704 101 623 460 333 182 29 182 628 882 788 704 540 6 181 974 511 619 378 233 83 665 624 871 801 824 351 629 635 377 941 470 868 258 987 559 609 920 522 457 836 862 993 440 46 913 772 30 0 747 831 338 840 578 126 151 47 137 288 529 1 973 79 585 442 791 360 493 784 588 777 509 34 340 705 390
694 188 134 643 463 634 440 484 862 491 623 422 998 252 766 230 680 209 534 389 640 218 792 348 828 154 1 391 413 997 610 411 28 629 108 175 259 84 505 518 784 616 884 754 801 537 189 498 174 807 854 381 548 738 949 21 834 79 655 366 1000 86 812 89 147 62 890 796 9 151 128 894 851 523 556 664 253 660 331 529 918 465 617 890 804 508 561 484 156 224 873 543 73 186 319 391 916 635 579 568
218 146 805 861 22 341 49 615 93 367 228 634 91 348 865 522 222 351 601 289 738 689 499 80 500 997 666 119 887 220 10 343 287 591 426 593 581 546 133 813 419 222 990 575 378 935 682 511 975 108 147 204 929 925 667 94 819 269 528 194 43 958 906 859 918 734 239 504 412 659 583 472 422 581 844 995 951 96 123 12 634 17 419 694 349 258 754 397 394 166 671 281 642 887 219 161 110 773 108 430
828 377 155 992 410 506 194 743 109 87 894 763 813 266 919 67 379 533 164 179 244 729 316 228 528 204 379 746 949 47 968 653 745 340 634 765 667 131 901 126 730 639 191 756 576 471 418 645 854 1000 846 938 601 304 330 214 813 612 772 814 216 647 951 797 261 242 669 275 224 444 234 939 65 100 730 729 326 155 189 671 208 219 410 374 522 492 753 326 159 438 225 427 117 185 962 720 273 713 299 671
609 452 515 366 230 860 289 933 503 231 900 286 428 17 257 890 76 545 916 339 76 519 469 556 452 690 286 705 498 520 578 776 722 8 216 849 305 538 909 975 293 813 244 499 460 326 14 546 834 100 676 655 36 301 80 479 649 126 998 828 188 630 110 912 135 171 387 421 448 545 558 944 893 273 338 214 636 572 464 641 409 68 218 387 764 75 552 95 720 658 546 860 263 356 673 660 799 400 757 759
826 138 66 312 903 886 152 951 251 199 474 932 784 261 559 84 123 773 0 322 177 325 259 561 252 877 481 226 425 229 307 547 568 445 177 136 575 748 154 891 780 344 933 719 259 789 208 350 926 907 139 686 911 833 233 21 942 740 566 422 968 741 814 72 701 396 602 856 30 506 582 302 993 633 134 189 408 251 475 295 838 995 557 976 269 357 236 139 166 588 831 13 374 938 362 886 691 342 243 108
412 724 476 985 536 616 35 659 398 460 990 890 744 324 452 20 985 165 506 290 105 565 42 784 427 423 440 802 439 493 805 641 235 575 397 200 431 782 674 845 782 601 35 131 136 164 289 483 116 657 813 595 1000 44 394 894 553 642 244 198 43 309 871 775 389 934 734 783 149 301 798 979 341 224 275 689 23 350 426 902 605 3 57 856 446 42 671 367 961 210 224 615 88 262 710 784 255 765 72 929
968 489 622 250 623 932 147 339 552 133 635 464 170 264 429 991 768 30 361 149 39 740 451 416 245 529 442 390 142 202 741 913 154 552 335 395 720 260 587 997 639 590 841 224 921 367 287 74 774 303 548 661 215 574 742 79 177 576 560 616 94 392 794 303 211 269 612 532 184 164 327 395 806 231 445 344 713 650 35 100 432 902 57 348 484 871 412 747 707 522 968 784 862 727 906 681 638 690 279 676
967 868 145 478 391 140 154 598 301 830 859 302 406 779 267 404 719 317 401 689 486 606 155 613 901 888 89 384 824 542 366 110 783 703 47 928 494 826 272 209 260 356 38 445 310 317 933 287 593 286 233 227 58 720 537 303 239 621 64 598 69 549 420 789 673 870 68 11 600 534 931 394 247 45 69 180 394 290 549 698 760 403 177 481 458 983 696 775 77 441 783 739 418 805 826 216 409 560 233 946
187 672 801 3 199 746 760 98 247 804 857 442 144 978 186 105 642 477 429 833 717 595 382 302 956 334 507 226 903 558 890 729 506 706 563 594 592 624 305 30 648 293 271 707 853 676 398 162 727 828 61 202 171 231 179 576 216 964 31 443 403 605 863 423 127 531 767 176 779 826 745 581 823 782 692 733 628 884 260 620 453 923 366 804 633 288 192 683 276 651 302 535 79 14 825 653 94 199 527 389
819 804 580 539 905 920 229 611 276 450 98 732 966 113 745 742 602 490 547 753 554 374 950 983 603 968 30 196 481 809 989 762 704 176 513 252 735 509 720 26 380 269 73 427 332 280 18 251 23 877 585 272 608 429 984 997 55 484 493 814 306 965 956 906 315 26 493 593 897 910 660 4 503 876 869 178 256 908 337 513 372 379 331 933 745 967 495 837 457 558 551 974 228 325 362 648 670 516 380 985
661 849 33 816 377 581 243 771 251 235 484 967 624 755 780 724 264 191 369 929 612 975 494 123 575 961 295 175 32 148 932 680 785 463 800 241 267 1 761 384 689 888 226 374 554 123 348 951 266 569 270 422 689 523 274 348 485 366 876 287 150 560 579 580 665 625 963 470 59 36 576 253 451 966 862 394 9 239 215 27 853 232 244 781 708 912 166 517 367 864 677 695 891 200 994 543 172 78 404 450
445 796 834 636 401 400 536 657 334 191 688 490 458 385 661 710 481 476 817 176 959 160 385 862 704 84 856 403 901 981 152 711 723 343 463 435 450 674 862 29 395 693 48 80 351 905 880 97 467 910 920 598 55 709 574 932 725 402 318 567 339 620 508 858 481 776 49 146 651 963 3 170 708 650 180 41 92 841 573 338 218 932 883 900 585 322 239 468 423 569 494 159 728 856 125 739 653 718 922 22
171 443 836 524 970 888 544 770 680 826 80 82 997 324 198 761 381 112 127 900 6 470 556 492 763 401 657 825 264 483 681 158 543 7 387 669 364 495 209 986 36 91 359 419 133 360 318 803 441 941 901 823 644 800 337 905 484 884 122 617 210 357 127 41 844 324 332 30 438 568 256 593 442 377 37 344 170 105 949 55 489 161 204 382 45 322 136 772 207 824 432 690 601 234 27 229 948 473 390 421
218 426 876 426 410 306 434 314 437 327 953 998 293 70 12 444 521 655 948 372 820 489 249 956 944 562 887 394 771 676 783 429 969 516 433 205 247 792 710 130 210 533 254 473 524 923 153 29 5 497 586 821 333 301 29 401 211 534 43 634 934 178 640 63 848 690 635 32 270 549 168 429 970 752 287 58 199 759 594 176 70 553 163 474 413 580 772 307 761 749 408 463 116 329 743 700 429 40 271 532
46 954 76 337 553 84 346 38 669 704 361 523 277 836 652 341 401 712 559 140 841 999 848 404 962 6 783 636 844 587 4 439 719 230 632 851 488 833 129 165 706 427 863 854 799 858 279 35 927 373 173 893 982 0 627 518 635 160 837 517 617 291 490 679 712 335 199 813 740 330 900 481 38 825 387 480 830 818 225 507 503 252 679 481 145 169 411 332 343 751 690 33 739 673 199 206 410 612 805 647
609 91 37 652 17 250 677 46 31 577 835 390 395 299 357 729 735 406 539 26 167 192 715 988 618 991 499 551 352 301 351 326 157 537 665 503 800 810 629 235 820 29 797 517 220 392 820 891 184 981 596 313 123 971 238 676 334 81 831 45 251 969 323 252 41 74 531 816 70 192 284 963 623 743 749 11 15 536 565 760 677 124 120 665 641 806 723 315 670 66 243 502 751 293 734 52 158 637 543 226
31 996 405 885 149 639 629 930 391 395 373 818 547 14 129 339 62 194 968 658 389 123 363 587 90 664 463 836 900 910 970 385 500 424 824 493 872 966 246 298 804 791 634 519 899 474 539 735 782 184 375 530 85 433 165 724 57 56 662 687 208 989 394 223 144 453 635 892 972 895 712 956 690 686 699 809 221 260 479 358 615 320 441 137 168 705 0 365 54 369 431 778 729 134 449 875 893 590 905 737
132 617 918 222 959 258 682 288 574 762 595 561 348 990 586 798 414 661 259 582 65 464 701 415 775 640 158 516 459 718 951 837 60 205 686 512 639 993 604 599 65 686 873 583 698 26 932 817 621 109 283 201 805 155 748 695 589 652 251 165 552 359 449 665 584 187 493 272 563 74 404 609 998 276 360 38 872 694 316 232 763 18 633 620 536 121 236 693 683 779 701 640 598 950 811 493 271 668 286 797
834 11 777 578 206 384 344 199 711 808 408 789 377 486 196 651 793 18 400 933 714 716 392 407 858 37 660 765 447 773 679 428 482 870 421 633 428 234 303 564 715 984 649 67 305 690 242 11 233 237 438 161 989 901 169 665 886 742 619 133 709 488 561 586 94 919 86 578 543 90 308 293 969 494 753 348 371 391 849 175 979 746 703 641 507 643 236 212 165 253 795 997 556 790 595 504 177 72 272 335
812 186 234 580 962 691 646 222 983 588 123 965 314 838 789 278 499 386 960 846 710 275 278 660 907 784 371 130 115 931 72 927 690 809 469 239 826 807 656 594 384 205 593 153 13 80 911 84 196 197 634 751 425 281 262 286 99 651 80 963 123 603 13 495 208 513 779 694 599 28 824 362 396 700 875 86 221 881 696 403 23 23 140 514 425 532 232 30 940 179 4 605 635 954 850 480 934 440 637 380
932 505 369 331 891 881 163 310 303 830 173 410 870 71 738 810 274 148 631 565 900 139 403 958 943 550 959 292 189 79 619 301 103 646 818 313 702 904 530 841 694 762 789 257 473 235 642 354 70 659 78 607 689 538 855 291 401 868 560 218 741 518 714 325 52 277 675 584 637 12 657 839 25 733 473 865 290 2 43 197 185 323 333 905 87 380 660 656 874 650 626 534 515 828 767 129 925 980 12 967
980 770 651 284 20 631 863 306 48 274 106 926 684 473 91 48 258 588 791 182 827 540 432 397 9 926 269 520 515 391 394 646 172 980 16 742 318 886 24 824 33 995 252 616 298 905 133 468 264 641 528 912 234 350 547 118 702 229 515 777 730 237 506 830 795 689 194 849 816 574 928 360 451 661 965 119 753 442 24 751 587 837 87 75 549 160 937 239 821 850 619 997 675 679 534 589 288 740 373 378
200 105 831 981 560 521 574 246 223 63 335 772 250 234 481 452 500 358 580 133 884 281 46 454 745 466 832 373 842 300 838 663 620 555 120 84 178 768 882 142 785 277 395 111 241 622 349 968 62 193 402 464 762 57 521 851 542 477 410 206 652 606 969 326 677 90 915 633 816 759 817 236 316 146 597 74 395 346 709 191 132 114 938 87 452 659 395 472 36 39 390 940 473 297 991 338 932 952 501 194
428 963 430 481 707 235 264 468 581 380 337 507 455 808 125 334 606 101 348 887 647 547 746 847 512 584 294 909 955 164 153 296 129 12 850 357 524 5 392 470 213 522 775 242 356 254 121 866 206 727 409 925 515 703 229 2 314 924 954 280 833 771 262 260 177 530 160 106 939 494 514 206 549 888 177 430 812 563 631 608 151 777 331 637 559 210 331 573 70 800 2 280 123 213 763 730 955 840 562 390
154 637 29 197 61 77 622 304 293 562 14 121 114 816 960 787 938 303 969 979 145 33 133 648 802 513 898 613 199 412 225 328 954 320 485 122 396 18 563 517 745 762 537 116 704 406 534 642 746 186 442 917 61 197 644 287 452 138 773 910 492 864 917 814 865 762 969 404 98 901 572 278 783 193 835 522 782 125 973 880 562 996 460 505 601 559 582 675 405 833 841 765 25 430 857 303 65 635 337 485
302 140 254 245 896 427 530 830 999 740 763 449 560 733 591 35 49 6 182 50 442 586 411 916 296 327 999 425 888 542 978 1000 546 130 158 970 867 872 382 855 427 167 386 534 613 309 482 786 689 446 463 354 157 246 846 941 620 198 340 172 14 782 828 213 523 953 126 350 777 297 140 31 964 446 94 617 595 189 300 75 729 941 92 184 432 687 631 238 806 204 321 919 874 523 485 1 828 560 194 568
452 226 710 998 290 305 161 325 804 895 289 246 140 302 556 553 678 343 360 635 20 304 980 822 846 490 65 262 558 375 192 109 406 306 208 765 796 956 466 370 194 374 964 591 79 229 921 692 171 699 371 165 933 955 619 883 71 53 580 75 666 837 310 504 516 899 322 559 492 153 509 36 881 117 573 766 993 247 740 487 554 904 716 264 718 502 388 195 213 496 704 310 309 741 836 200 594 435 364 735
832 791 53 129 535 580 617 962 540 486 228 233 387 109 664 183 473 394 950 457 563 772 324 16 604 428 278 786 406 903 658 291 151 520 945 174 793 197 433 712 634 791 85 351 253 322 339 699 379 637 871 713 194 818 452 665 180 912 793 771 154 25 713 765 628 305 964 457 932 238 815 732 570 537 492 320 158 155 567 835 46 222 285 95 895 77 49 138 601 914 591 296 7 449 120 14 824 89 923 841
42 94 644 697 240 457 355 266 537 994 782 786 830 20 503 975 916 43 544 180 234 1000 991 377 927 34 339 722 440 885 94 22 632 436 446 692 364 542 371 808 986 214 912 651 819 999 606 222 717 21 351 696 231 51 988 934 523 598 812 195 719 36 624 257 839 751 569 736 492 377 838 565 792 851 301 237 496 486 772 558 505 344 754 597 122 339 909 911 548 736 434 52 701 202 276 271 515 879 408 584
526 726 28 653 542 290 310 818 886 870 779 64 573 479 496 345 10 814 743 479 436 377 115 570 946 413 542 955 594 208 159 593 274 854 52 187 369 81 606 466 152 127 806 645 745 904 869 991 32 334 922 444 538 538 112 540 504 823 612 653 166 302 189 892 285 496 696 470 950 462 271 153 739 959 111 429 851 44 89 244 848 332 293 719 375 408 830 818 285 56 584 571 726 175 411 84 561 569 209 515
994 583 496 240 239 891 84 378 790 848 114 231 491 701 450 136 206 928 716 920 425 634 644 554 362 437 314 902 505 119 86 526 771 411 826 718 406 584 203 212 784 198 561 380 956 198 286 592 834 999 438 1000 71 316 238 804 159 918 818 714 427 188 50 614 36 139 443 322 738 44 165 161 700 932 248 364 39 780 619 740 624 817 172 465 762 740 7 731 198 498 96 200 682 2 102 332 32 573 176 692
823 995 174 633 522 786 586 192 45 49 73 687 522 264 234 868 93 113 581 3 985 694 512 152 429 877 736 532 254 279 233 789 243 784 244 585 741 295 732 177 148 620 722 563 698 321 399 247 724 950 595 446 455 213 630 988 892 571 255 125 421 920 433 328 720 327 894 537 0 402 241 903 614 22 942 866 28 471 908 457 380 241 996 161 407 974 533 474 882 501 280 753 316 132 363 64 678 343 995 395
443 498 322 433 338 501 222 891 296 9 951 857 899 970 384 413 840 169 232 499 257 797 445 788 492 717 413 733 139 121 311 895 535 737 279 89 756 898 76 317 427 640 668 453 109 186 708 150 727 785 769 767 887 645 582 787 332 740 773 960 624 758 926 329 527 663 707 863 158 86 921 941 212 258 556 744 913 141 706 803 6 151 880 674 445 585 933 638 164 341 988 411 7 153 579 604 255 364 433 926
184 275 347 751 313 503 974 283 369 322 743 828 220 778 768 519 478 826 88 183 670 776 794 135 412 275 595 556 795 629 210 406 513 291 389 230 494 654 337 286 912 696 497 0 80 729 759 840 986 886 31 936 155 14 307 305 636 667 147 531 271 757 724 702 873 734 830 718 486 249 833 469 537 927 267 443 350 914 313 478 54 186 202 135 648 875 901 568 677 557 141 701 76 639 497 279 772 196 605 476
793 635 781 934 311 599 316 266 437 537 372 23 395 726 975 967 16 924 909 4 451 108 300 484 18 195 298 845 962 379 484 459 107 900 443 872 561 495 121 270 378 381 213 105 141 631 947 338 549 602 719 879 54 877 354 288 411 101 222 246 242 573 575 518 862 755 642 103 327 676 261 463 687 186 496 742 653 606 659 263 644 548 406 333 293 37 426 563 288 15 982 565 714 756 282 769 265 343 985 12
113 33 45 270 906 796 476 324 852 606 624 130 32 426 671 72 967 845 627 892 610 872 745 959 190 544 579 235 729 694 728 311 758 641 401 103 584 406 789 349 138 432 910 550 244 266 994 627 648 396 102 399 62 119 244 399 980 537 656 355 113 959 289 981 659 672 954 54 926 251 877 256 834 693 500 480 858 53 860 512 207 134 717 178 131 131 955 109 825 227 777 496 882 93 985 850 507 423 891 862
606 326 633 441 749 642 76 813 659 475 136 121 294 697 557 601 287 297 661 70 754 630 209 615 604 313 869 328 521 466 888 33 912 704 604 95 866 16 952 418 385 796 341 404 565 653 585 689 640 249 384 208 683 657 499 619 804 661 85 550 757 571 613 204 519 351 984 607 730 789 287 488 340 10 425 601 297 832 775 735 809 549 424 251 628 748 771 353 707 396 937 64 668 117 393 9 97 398 932 836
721 275 946 454 130 293 354 647 933 367 108 487 275 392 843 234 861 243 453 404 680 283 601 718 166 720 239 175 622 127 946 756 403 397 822 102 615 231 120 69 764 969 668 199 804 221 126 530 494 346 581 219 791 571 434 183 455 137 734 600 946 166 573 736 111 580 980 852 787 912 176 869 331 337 836 797 296 674 497 865 768 953 69 107 225 383 295 715 77 754 902 422 615 119 937 943 463 461 783 496
785 389 3 657 360 760 36 283 310 521 753 805 275 609 606 746 201 872 749 262 764 235 926 424 599 424 298 349 850 602 28 742 724 858 421 798 594 550 69 175 131 252 831 105 663 640 426 660 685 508 125 891 455 443 571 335 883 397 372 117 92 331 668 715 941 832 235 961 539 669 90 420 682 172 830 988 426 47 159 579 984 523 739 764 836 204 1 491 432 144 621 526 475 817 919 531 260 218 197 61
477 470 104 641 196 289 782 613 127 182 822 776 994 737 655 867 313 664 560 245 205 701 202 128 156 744 240 750 84 202 597 378 598 334 352 977 145 404 915 8 533 898 189 22 743 766 597 139 939 853 721 582 545 15 236 181 195 307 925 476 585 886 663 850 563 908 819 923 571 233 387 226 794 376 771 976 197 538 81 587 901 417 12 978 713 165 418 367 232 864 871 715 771 89 374 698 889 942 791 483
1 345 464 846 483 192 172 906 313 387 520 721 855 95 795 663 233 188 75 141 93 759 398 153 294 298 589 731 975 77 545 639 149 38 883 140 702 202 623 339 621 90 542 592 649 755 76 524 284 566 65 962 730 692 318 667 747 778 606 191 264 205 763 712 153 520 861 353 834 99 369 93 343 469 94 104 302 91 397 897 225 529 942 946 8 944 462 256 403 945 302 802 916 919 474 447 873 174 316 11
407 462 380 290 377 777 318 584 53 514 435 427 405 72 957 727 327 241 850 392 664 628 977 805 632 705 827 937 790 321 583 834 697 697 939 229 927 928 792 287 887 495 855 825 73 192 688 696 33 567 255 119 33 847 863 107 749 606 927 903 892 808 952 287 823 558 526 187 734 903 362 376 901 547 184 894 48 868 257 134 53 497 127 744 484 362 941 53 469 415 798 664 141 391 157 159 387 80 38 874
940 540 55 740 4 751 487 194 644 216 926 445 528 977 862 91 38 31 336 851 847 896 979 910 112 905 602 970 500 985 955 370 248 580 957 177 224 586 781 708 925 719 267 966 188 270 493 358 468 306 210 638 305 621 847 235 465 436 359 662 859 540 468 662 891 332 867 809 782 163 927 297 650 594 351 429 631 745 400 54 800 184 857 202 318 659 556 13 44 669 702 105 451 349 246 732 857 534 256 140
19 42 390 378 757 111 595 245 629 657 481 585 619 729 165 344 767 1000 180 463 200 72 882 163 0 445 798 601 28 465 20 219 154 889 295 30 705 471 232 594 677 986 345 536 685 802 189 430 548 146 683 965 87 983 617 812 864 216 493 66 854 973 608 884 333 743 316 733 805 756 374 189 573 79 485 115 344 575 952 751 476 821 370 854 699 230 543 123 669 239 128 350 150 930 939 273 220 270 203 130
12 195 96 475 829 558 164 880 290 253 714 475 142 570 13 209 643 799 612 247 237 769 744 842 196 172 574 602 824 778 353 106 853 673 518 622 644 60 421 199 208 403 976 490 529 54 699 962 643 85 897 189 963 179 996 873 108 514 59 570 934 14 607 503 996 777 955 397 330 475 187 681 63 236 404 74 83 736 566 645 940 117 0 893 619 105 572 219 853 993 400 122 307 260 437 347 98 784 287 854
74 786 579 225 551 788 824 241 511 674 467 745 58 802 20 495 582 578 480 406 533 88 566 383 492 544 270 817 137 339 881 708 219 257 274 194 228 713 615 449 708 244 726 224 678 671 680 506 243 531 483 900 43 437 33 127 671 227 190 60 567 174 41 14 813 789 223 620 220 830 135 881 430 973 156 51 227 116 982 789 833 187 126 907 524 824 197 233 909 629 154 690 283 503 691 376 585 407 135 143
790 109 988 85 36 76 349 426 17 606 873 319 357 554 881 330 239 204 381 763 680 170 327 214 823 602 53 281 405 740 182 737 986 219 661 238 493 568 484 172 617 701 113 879 854 678 583 71 38 953 578 204 845 656 224 753 523 387 446 463 25 597 325 982 499 83 868 216 815 675 625 924 853 30 915 998 334 529 679 414 98 351 785 65 482 614 625 834 802 351 509 1 611 25 282 599 132 0 172 265
294 825 327 553 111 380 656 267 712 983 983 921 593 498 180 757 348 500 284 722 342 557 975 47 734 133 338 788 472 913 630 260 35 264 740 689 373 958 779 860 337 131 721 840 694 803 413 415 733 828 845 962 628 746 294 244 751 780 721 356 537 650 469 633 247 75 313 588 451 168 370 605 949 130 568 70 589 353 58 273 813 181 75 252 887 306 267 848 818 250 40 651 182 150 870 464 811 442 602 8
438 62 571 918 534 226 140 481 458 690 702 581 504 398 329 723 328 707 229 28 255 227 751 33 666 232 274 220 623 18 856 144 453 895 555 747 370 580 509 870 155 433 258 991 414 82 601 883 69 816 560 258 235 709 803 946 462 408 607 217 66 606 541 263 231 702 864 992 976 204 317 760 79 542 754 568 672 143 56 429 160 938 45 149 681 222 121 301 536 432 473 748 894 944 466 191 307 373 502 552
273 650 485 377 346 903 637 601 656 572 31 748 82 828 808 811 808 567 592 563 907 392 441 294 693 434 441 277 282 965 582 931 554 162 737 481 877 984 993 153 668 248 27 952 80 949 371 762 349 91 465 832 497 676 422 154 430 290 772 323 383 377 371 251 530 424 34 453 296 948 498 72 789 504 275 850 458 300 325 700 60 555 426 289 978 546 436 153 337 159 307 471 238 957 668 98 749 799 989 223
177 835 665 323 535 840 201 735 567 821 607 99 853 484 15 684 628 130 807 672 782 962 440 381 754 41 235 354 10 942 433 281 637 325 773 263 366 318 422 311 190 230 168 639 221 199 413 801 232 932 946 484 900 283 418 881 642 751 162 2 27 758 697 11 324 741 844 968 664 22 416 162 126 257 827 579 169 733 664 570 147 552 537 398 30 579 642 260 864 843 550 261 790 56 198 507 365 341 186 1
834 627 956 867 105 407 115 214 854 185 914 150 200 962 221 922 120 864 601 364 695 721 280 801 889 286 632 173 598 381 990 318 826 117 172 165 233 778 898 653 97 657 949 45 750 504 611 122 810 454 714 869 131 192 976 486 39 859 793 610 547 454 153 305 415 282 216 464 49 242 412 482 394 770 263 981 903 455 414 353 639 778 428 302 817 697 514 894 237 256 170 23 468 924 18 461 891 385 284 282
254 823 640 429 765 758 295 151 278 436 223 78 865 951 870 606 416 772 712 800 733 695 760 308 599 597 913 977 834 937 42 55 856 637 687 704 771 784 817 254 967 564 599 300 820 402 323 45 409 884 106 257 769 473 715 377 430 977 842 278 272 547 811 120 65 11 658 915 835 167 295 266 537 830 317 311 9 771 236 31 824 258 234 64 658 721 422 326 376 814 452 545 847 788 332 468 601 886 749 677
248 938 892 291 509 371 762 973 542 396 623 395 861 463 446 574 394 474 242 869 833 827 524 596 327 466 464 38 499 397 83 240 335 5 918 616 719 415 281 480 154 205 194 917 753 377 832 491 995 637 853 107 936 514 347 105 544 3 559 342 91 53 301 296 549 915 190 867 104 227 235 370 922 876 238 188 348 812 609 139 497 897 47 861 594 219 129 138 66 855 935 176 925 255 366 424 361 504 933 324
89 441 336 271 743 659 354 696 58 734 629 261 38 842 215 48 842 772 353 171 391 364 71 989 466 178 102 876 871 988 619 434 983 329 820 655 210 851 933 365 522 423 304 683 992 570 76 516 551 585 658 659 909 4 913 253 508 33 276 299 534 833 6 338 534 331 218 827 17 136 534 749 222 301 272 40 277 998 969 111 761 908 14 412 509 521 474 672 454 860 111 269 920 472 781 563 5 409 779 665
754 844 792 428 665 595 16 553 705 172 553 441 254 254 606 15 540 515 816 851 798 624 609 342 322 582 828 820 943 848 200 291 107 326 919 10 648 53 984 750 239 864 449 860 809 85 826 858 834 653 31 457 804 346 587 121 122 957 757 132 188 459 674 998 888 405 70 612 812 54 964 607 983 894 742 202 361 516 346 738 863 744 312 708 328 252 7 586 137 201 879 554 728 983 448 170 461 158 664 54
371 234 760 889 150 667 458 269 612 741 47 148 763 649 171 949 51 387 630 210 73 987 152 639 815 299 296 110 119 357 648 232 668 155 956 261 999 682 726 438 471 251 516 67 191 757 309 694 408 903 200 562 771 555 324 645 349 538 799 896 475 638 597 858 886 309 873 29 332 368 620 426 598 749 579 32 328 916 258 321 230 634 571 564 947 951 172 207 303 952 4 722 570 532 725 740 723 574 30 8
940 634 586 97 880 256 177 433 742 926 91 507 7 999 535 782 139 349 538 602 303 475 333 840 169 647 440 841 183 210 94 163 369 37 88 321 293 113 696 491 478 38 471 216 450 788 796 990 816 900 155 357 854 379 26 272 306 893 181 797 185 511 803 533 19 187 352 612 296 490 273 285 217 338 462 386 647 994 573 36 362 760 466 61 861 941 761 794 988 957 633 221 125 311 30 495 416 116 372 841
888 694 381 534 605 872 247 147 787 485 982 663 510 833 131 540 517 302 67 255 966 281 987 521 707 921 287 247 605 509 842 323 296 333 432 739 862 152 350 376 836 125 811 681 702 190 498 766 408 362 795 801 976 913 335 671 608 853 376 2 748 64 630 327 865 851 436 852 315 316 206 292 33 498 881 992 306 90 357 74 155 554 863 108 554 725 362 185 278 90 76 683 323 929 293 372 201 523 489 260
719 133 906 327 159 544 829 705 196 426 306 618 940 84 745 846 614 337 821 137 22 318 211 710 827 206 92 326 570 309 852 875 391 403 136 213 58 920 530 223 952 551 981 845 420 936 79 432 951 554 796 23 690 384 592 418 542 423 222 79 296 190 178 950 202 647 44 353 963 325 663 186 458 173 219 801 526 820 871 863 947 428 973 612 711 650 287 494 921 825 129 358 496 389 106 254 366 840 753 661
491 963 623 469 845 193 888 746 943 201 816 157 456 931 516 966 170 553 737 447 388 540 368 477 514 755 828 989 183 462 749 924 208 237 541 403 616 958 751 595 398 582 480 354 518 729 23 360 493 122 583 22 811 386 935 873 903 805 757 66 711 671 412 286 207 846 681 509 892 537 258 588 619 952 426 81 964 697 339 223 688 893 662 640 346 867 955 809 180 840 406 952 482 100 323 564 628 663 357 648
312 368 160 153 917 955 410 548 292 226 791 709 716 17 470 368 83 403 242 926 398 467 218 8 737 13 305 369 956 15 892 523 244 283 876 902 573 661 613 71 919 198 30 538 343 897 246 874 636 920 434 117 290 386 915 111 46 750 560 722 761 659 727 672 477 589 188 498 469 433 14 130 360 124 972 868 583 303 720 867 152 232 569 851 253 292 930 387 621 159 688 675 415 980 113 129 964 447 179 156
795 141 989 526 120 826 804 649 719 618 260 962 508 35 714 161 345 222 641 726 981 379 302 869 365 329 868 747 805 284 743 92 801 75 551 645 932 229 11 908 874 281 162 266 265 421 453 301 728 755 783 896 587 382 398 603 245 503 834 839 922 776 43 865 928 800 627 267 369 696 88 818 710 223 731 210 29 495 843 111 957 365 27 798 357 540 238 507 720 655 330 461 370 539 471 73 325 164 356 663
404 508 163 12 149 521 722 487 728 499 552 402 142 851 656 982 399 340 258 28 851 67 445 811 84 389 103 72 583 356 599 985 658 326 170 960 785 495 294 653 579 708 958 16 135 16 475 462 59 216 83 87 559 798 758 977 337 591 635 727 411 308 367 103 867 668 157 367 995 320 932 21 841 638 223 251 777 46 776 539 100 591 304 571 651 111 938 471 969 486 627 199 700 204 714 210 768 85 493 482
587 622 501 887 69 125 210 403 489 793 462 380 537 129 878 136 247 783 875 893 157 499 881 731 102 687 405 831 20 47 973 491 110 561 972 701 292 549 438 985 813 443 272 398 221 215 884 831 73 714 471 316 225 208 149 330 923 775 228 897 430 312 435 585 255 1 621 605 387 713 379 732 783 660 799 362 537 672 987 723 148 157 149 537 391 671 498 190 806 824 260 477 983 339 710 859 120 184 27 267
479 57 105 229 346 548 705 962 564 840 692 538 922 115 895 855 288 311 59 209 860 956 225 355 459 355 214 558 376 551 287 640 654 562 815 425 507 876 306 669 540 368 979 427 784 976 466 588 386 57 826 15 401 618 135 532 137 305 257 841 774 853 769 347 936 585 249 832 797 677 73 272 265 307 619 778 106 343 409 170 195 487 565 25 615 469 105 720 887 529 625 162 721 777 520 621 138 920 150 581
743 33 405 823 273 591 415 475 994 967 435 865 515 757 672 993 901 208 362 848 427 154 136 349 936 544 216 486 751 708 605 62 511 736 224 349 214 286 194 231 321 449 528 454 220 437 876 509 216 585 122 239 546 947 739 96 722 141 48 340 482 905 98 29 488 758 820 524 862 503 701 350 468 672 588 503 231 56 149 168 374 738 316 983 141 385 855 677 727 632 800 513 902 873 507 478 557 228 672 258
273 692 707 465 931 664 66 440 127 751 404 405 467 492 108 665 192 384 525 407 135 501 620 423 784 327 129 466 40 295 742 928 485 932 474 211 606 454 128 387 114 72 991 685 253 779 322 104 577 362 434 208 290 534 196 785 861 942 610 44 650 861 532 384 97 880 128 442 505 947 22 481 238 900 671 75 71 360 916 471 120 917 500 397 317 457 741 728 700 787 334 238 898 408 829 830 359 996 849 969
182 609 475 831 779 875 247 627 433 447 883 313 904 837 365 599 560 608 458 582 789 625 956 787 693 147 176 439 331 19 748 424 695 3 416 537 868 701 602 365 589 82 848 215 590 56 487 213 252 846 587 884 62 895 518 836 887 991 587 747 222 569 19 425 255 610 127 547 827 899 299 423 795 171 810 655 648 376 27 428 843 339 634 271 954 194 424 731 32 932 652 656 606 431 976 980 820 686 279 130
913 214 778 170 115 470 289 197 450 192 231 483 380 811 444 683 169 248 931 546 706 791 909 102 797 457 133 815 301 164 745 312 638 815 756 491 829 315 971 187 991 250 866 61 772 626 647 602 200 153 131 561 754 833 459 874 51 1000 141 91 1 110 880 140 418 92 300 870 600 292 97 240 141 506 69 366 599 198 583 916 153 795 382 60 365 372 56 737 201 619 254 674 449 852 516 114 924 748 297 501
645 707 790 257 234 626 63 866 317 621 947 517 652 336 887 970 387 230 796 283 490 227 871 449 337 945 32 805 628 735 757 334 949 155 230 580 224 992 984 931 252 335 824 186 195 985 363 314 756 111 899 128 360 583 77 68 215 447 782 772 406 134 17 41 802 703 366 685 301 493 760 647 488 874 357 204 864 222 912 15 408 193 249 74 473 144 551 952 105 279 212 784 500 447 420 952 975 210 154 852
645 948 777 777 931 232 932 944 434 938 849 506 604 352 183 376 813 65 532 464 614 975 560 987 623 334 137 810 773 414 427 638 881 498 301 182 922 74 682 860 141 76 941 818 306 808 492 846 917 728 340 217 422 332 234 235 812 854 910 530 563 348 649 293 141 408 316 538 401 924 682 483 183 640 582 832 945 689 101 559 780 642 929 943 946 518 541 579 829 724 780 367 791 48 723 565 623 436 377 331
307 179 236 927 104 337 747 548 321 201 111 659 486 835 248 251 885 826 222 277 825 752 63 453 47 858 477 279 996 737 879 386 672 942 373 553 67 874 970 219 351 917 356 479 669 217 923 617 835 293 344 470 744 974 517 954 29 432 434 991 770 47 907 933 765 694 775 681 721 210 821 625 838 531 58 587 371 387 637 424 859 764 748 253 531 357 463 962 744 327 93 646 856 705 840 677 713 329 861 857
100 650 417 7 886 283 419 725 369 28 671 766 610 597 71 688 804 392 306 226 590 81 562 169 542 332 751 184 525 338 968 44 593 418 590 630 258 524 134 45 981 34 686 709 673 435 974 964 566 101 298 400 59 888 626 32 400 236 992 865 680 296 304 223 322 517 494 550 275 738 947 385 104 288 171 377 814 298 572 113 680 785 245 745 501 668 884 244 54 379 728 141 686 856 177 350 600 398 24 819
680 247 352 20 980 618 530 458 185 690 491 603 190 984 912 803 586 2 208 720 616 721 456 918 517 61 390 504 717 947 285 612 993 689 579 860 174 817 249 794 766 852 145 21 389 483 474 357 547 88 825 207 202 607 623 178 796 957 948 154 186 524 443 381 391 548 643 789 241 270 4 215 764 444 921 543 70 623 353 537 870 251 611 751 441 331 746 407 258 207 466 198 986 584 714 842 733 982 865 654
158 705 227 426 555 577 601 588 2 733 831 296 460 787 581 898 198 829 812 25 610 204 110 438 708 929 625 246 82 756 557 593 856 124 290 610 832 586 460 770 374 499 973 375 48 538 557 881 202 662 923 121 476 120 483 994 870 720 849 828 278 482 171 719 398 74 736 331 359 183 851 998 660 751 422 951 686 911 679 255 540 712 611 601 296 819 214 411 16 509 403 635 389 490 420 979 950 626 341 614
674 289 645 537 167 335 616 49 700 773 113 569 491 534 167 542 356 235 918 74 270 917 227 554 975 716 770 649 246 393 930 201 949 515 273 256 11 290 283 514 311 944 363 72 694 571 630 375 204 890 899 27 397 184 654 309 909 45 802 169 521 754 794 670 69 947 207 605 583 475 612 24 561 546 350 643 617 193 748 360 479 660 135 460 362 135 247 721 385 733 844 296 314 615 678 108 271 85 382 267
843 681 94 882 242 878 871 137 65 752 275 581 211 619 111 516 343 624 9 675 661 371 671 279 735 764 480 932 643 869 768 615 287 529 745 744 430 869 574 159 688 392 735 789 693 426 872 133 740 681 930 849 166 80 559 301 167 767 258 786 464 712 44 217 665 324 156 158 241 485 311 61 630 636 980 563 443 732 857 488 272 345 614 153 955 975 368 706 319 190 470 907 999 28 36 548 355 738 687 256
216 152 584 87 959 22 256 529 990 722 47 890 688 33 282 180 376 801 502 524 315 890 287 650 740 946 787 37 717 491 632 836 599 291 988 937 94 894 282 345 800 713 325 895 219 186 49 39 739 257 62 413 26 493 842 670 739 615 258 700 124 270 502 453 435 81 957 457 584 82 285 944 751 374 553 638 868 577 640 490 699 379 502 138 165 698 653 732 811 276 229 299 489 812 215 265 525 611 256 731
337 264 167 901 658 250 510 354 275 358 355 810 178 250 871 430 97 578 906 793 119 916 912 646 36 52 316 420 262 159 681 333 585 54 566 931 959 429 80 673 531 35 961 434 350 40 353 664 530 409 268 832 6 833 206 545 106 780 618 359 939 776 115 279 826 561 565 935 601 202 37 450 182 630 425 725 112 253 165 669 80 223 862 931 202 251 133 312 275 591 569 517 398 566 632 675 505 570 215 655
125 783 649 998 853 11 833 936 306 594 618 289 94 245 171 444 372 525 183 803 560 758 695 395 318 296 197 331 323 651 566 713 225 898 492 939 337 513 115 451 801 303 323 451 988 602 145 630 211 806 92 673 424 852 695 179 247 321 521 41 399 378 546 697 135 84 368 567 306 152 430 645 713 134 702 263 349 245 282 700 43 638 758 412 60 416 681 395 917 656 612 190 656 871 469 852 770 758 232 361
297 365 586 336 302 671 594 630 893 955 542 805 486 611 450 344 955 704 93 408 9 408 570 441 267 77 910 84 702 899 438 586 976 648 360 115 753 235 334 397 671 802 503 483 311 114 713 278 207 149 669 855 868 386 49 202 497 148 405 880 955 402 509 355 892 686 984 60 172 955 83 291 683 570 769 267 905 820 441 303 341 104 287 978 769 353 786 279 406 310 906 307 868 162 292 775 263 138 545 881
740 704 825 198 921 278 669 979 406 431 657 133 460 794 171 216 764 953 505 977 840 347 597 664 34 760 491 873 115 141 350 98 10 561 822 419 990 97 620 648 594 965 338 683 167 850 290 33 413 77 252 436 93 416 378 407 759 212 947 268 634 76 593 891 810 403 625 827 275 688 181 702 57 805 17 274 277 349 77 956 29 635 671 394 510 432 868 54 535 448 276 516 561 211 867 80 41 758 0 915
46 392 606 541 64 66 148 707 172 804 320 27 946 752 558 809 79 520 644 545 442 340 695 493 754 907 849 872 948 30 460 455 599 333 214 25 765 763 252 398 61 922 355 910 389 68 183 751 347 356 548 548 546 245 784 671 939 452 276 51 650 233 427 826 864 679 31 380 151 499 669 59 209 469 251 359 28 40 210 150 128 41 883 539 244 578 211 993 735 167 809 882 932 419 228 307 257 435 942 398
669 196 121 871 887 432 128 588 739 593 878 50 19 913 852 528 265 159 749 786 235 599 108 77 586 743 334 964 570 676 328 784 865 819 723 621 694 143 315 338 845 714 309 734 632 109 780 970 677 813 613 931 696 999 920 680 49 12 34 39 36 819 622 300 95 296 734 401 583 751 893 435 874 878 576 562 812 976 770 610 538 512 597 900 837 497 824 332 837 307 394 230 415 705 907 913 256 320 807 526
361 677 668 314 225 1000 851 254 592 302 380 332 912 334 284 607 456 803 853 839 415 297 706 544 13 898 470 288 437 864 448 500 346 551 484 685 592 824 589 702 374 626 567 869 392 521 815 79 844 25 458 490 430 524 442 706 571 797 168 431 883 26 655 121 919 0 830 171 464 288 228 692 649 88 65 401 240 748 296 195 253 159 238 342 741 420 723 970 446 792 172 761 539 327 907 524 83 789 548 61
352 346 43 517 883 645 781 245 862 928 803 173 216 129 910 949 962 865 440 121 929 44 341 903 493 496 951 222 732 627 157 154 115 168 983 204 174 952 394 212 212 950 912 883 196 99 762 33 206 995 979 898 511 470 437 772 172 798 43 124 205 867 336 977 129 387 536 138 3 170 690 834 992 862 930 245 217 974 788 684 5 694 880 483 520 693 942 979 267 534 285 433 245 712 862 182 979 253 969 318
205 261 709 411 436 115 725 664 294 172 438 848 774 866 949 552 652 207 779 465 210 169 814 494 999 837 761 576 484 998 172 796 133 963 245 710 293 282 189 136 894 262 529 168 427 261 672 469 624 507 369 891 182 137 673 632 713 785 216 453 973 667 361 924 466 993 650 297 948 767 699 579 534 419 142 543 755 911 368 749 71 27 739 39 370 613 473 340 281 119 333 945 55 442 343 361 378 911 509 976
394 83 472 55 249 560 742 1000 734 551 976 761 141 359 512 633 973 531 498 790 155 365 855 834 65 47 397 218 254 960 106 535 191 686 2 850 290 244 809 112 501 991 66 138 426 111 655 920 190 531 570 566 18 47 147 303 697 114 418 377 154 418 546 981 587 837 488 550 113 96 553 391 738 737 773 308 251 887 285 276 454 823 316 213 722 924 825 922 425 625 792 819 357 512 219 221 741 932 432 959
924 227 878 677 672 443 337 610 633 209 198 280 814 149 1000 328 893 418 556 610 316 408 374 173 185 174 30 406 122 946 559 829 335 991 907 236 366 284 555 269 468 499 517 724 763 62 731 675 226 955 247 125 508 738 492 845 210 235 35 931 393 383 289 779 879 704 8 591 765 248 426 993 443 864 211 421 611 570 824 994 39 754 987 709 288 757 754 937 108 564 4 761 232 561 192 381 167 502 934 858
644 692 995 330 935 123 461 394 293 133 124 813 1000 138 44 128 797 994 245 22 581 629 722 64 382 477 262 553 357 784 217 712 449 675 750 380 499 307 470 911 864 470 563 486 36 943 730 704 270 159 360 443 275 823 663 257 905 45 431 945 786 787 819 201 515 29 430 959 804 947 713 472 102 35 502 390 266 173 621 668 513 608 951 966 581 326 840 337 95 468 730 821 864 387 225 533 95 695 857 20
238 221 112 901 503 933 303 642 756 123 522 607 399 657 528 495 988 923 787 234 418 948 20 46 713 631 287 181 713 308 12 872 682 571 440 800 545 426 43 796 484 487 58 783 677 842 19 695 100 241 446 82 961 286 373 825 170 784 94 126 596 246 371 722 910 465 872 572 366 563 556 274 179 134 510 901 47 850 484 148 463 269 160 598 734 899 995 971 243 530 734 729 927 189 656 785 63 452 264 611
364 252 886 930 678 703 581 149 528 747 146 490 85 34 147 580 475 23 437 353 969 760 539 665 617 745 998 810 425 105 260 31 194 586 642 107 164 482 807 830 384 68 894 613 871 95 866 224 20 626 284 415 700 682 444 877 717 426 195 257 951 166 672 83 321 672 330 882 181 929 781 944 309 728 874 853 769 668 13 459 676 437 443 790 91 993 937 429 296 892 217 225 727 723 946 670 804 424 522 75
727 445 741 11 276 560 815 812 380 619 745 473 183 923 225 217 404 446 365 822 360 701 310 639 768 863 436 413 694 633 899 357 482 102 65 476 68 283 59 397 319 273 530 289 177 365 35 722 734 183 285 904 792 908 63 712 22 691 979 802 370 191 15 301 794 94 349 87 997 10 151 637 211 955 234 404 89 766 573 193 791 479 437 951 508 563 257 399 611 32 723 48 505 243 863 135 533 238 117 23
271 372 650 265 952 827 25 283 735 975 811 838 57 396 902 909 259 839 690 638 833 490 887 275 647 229 636 988 87 845 845 260 498 374 706 61 472 940 724 78 26 551 273 373 525 407 775 295 171 645 891 670 716 847 552 405 930 926 957 740 336 600 628 857 617 42 896 224 708 248 316 371 675 546 120 847 416 810 239 854 390 72 9 254 374 960 110 449 224 527 282 307 797 961 657 58 506 247 924 659
123 497 851 478 160 22 992 481 419 846 837 170 235 322 285 891 708 862 670 947 320 785 23 143 751 348 24 64 319 580 360 423 896 525 632 163 138 11 511 396 44 47 448 957 805 642 49 441 220 291 908 45 253 306 683 840 485 235 1000 21 309 973 242 342 473 935 502 479 924 245 636 217 891 786 362 705 620 395 634 822 112 170 52 53 277 532 31 191 638 271 785 675 663 799 689 987 437 566 167 16
217 838 236 630 360 933 353 256 140 617 285 708 87 558 820 821 852 124 17 906 838 366 842 939 362 361 244 372 506 462 421 231 258 300 416 792 333 522 513 338 451 740 31 649 807 989 279 591 456 929 413 781 696 136 567 422 328 618 241 772 525 48 451 52 605 106 373 254 482 710 801 99 868 583 873 363 594 861 347 137 75 803 361 643 937 419 166 681 60 22 329 189 36 481 161 645 118 991 182 266
138 680 301 202 930 256 371 557 23 409 918 971 989 36 827 235 597 900 660 686 915 108 805 893 658 964 125 854 114 255 327 116 995 654 968 293 559 293 568 928 104 206 771 203 151 442 559 436 312 922 259 322 162 375 378 973 151 879 1000 641 397 159 886 322 330 88 98 423 862 552 387 361 308 678 2 639 917 433 712 156 438 872 199 795 533 981 355 448 0 644 736 65 472 445 564 524 630 932 763 960
166 291 403 677 230 894 15 500 427 283 379 589 442 31 922 102 203 39 471 556 566 865 690 409 938 558 892 798 538 206 427 167 44 923 309 618 839 491 225 284 665 422 686 692 739 594 697 297 892 63 108 115 309 379 470 316 270 210 267 441 725 707 545 41 562 477 17 552 914 488 577 545 893 642 296 640 154 794 847 769 533 392 119 199 639 475 519 327 805 765 836 789 680 720 391 253 961 790 992 486
879 792 258 224 279 434 132 264 163 678 328 840 952 749 6 874 562 370 473 453 213 472 779 982 877 351 885 761 705 311 310 110 398 888 969 260 209 473 991 119 507 238 808 626 190 133 347 366 113 743 596 168 842 572 208 942 501 848 897 202 425 459 824 61 137 650 673 634 155 479 708 106 91 497 622 438 614 926 150 461 841 890 430 317 512 810 363 80 372 537 19 411 923 694 258 926 71 172 697 52
790 346 340 943 844 528 253 950 456 521 20 323 387 836 104 730 736 994 230 70 897 311 281 609 86 984 228 442 787 411 115 800 779 860 846 687 12 473 587 55 861 572 955 430 325 736 473 103 594 622 156 443 550 997 981 120 825 310 681 544 143 120 154 688 592 546 633 627 907 685 511 448 539 531 304 991 70 97 4 319 205 962 115 118 373 109 673 300 997 365 695 728 777 48 169 257 669 832 325 822
993 661 809 206 460 551 319 411 857 96 541 360 789 1 186 624 42 736 922 845 255 57 529 105 585 986 631 205 305 507 973 13 573 494 734 604 107 633 934 622 250 161 610 914 277 551 207 202 170 275 663 881 727 689 942 634 86 155 197 421 797 483 630 32 531 42 180 177 676 809 152 449 61 77 892 385 814 326 293 92 391 975 705 558 333 628 746 7 531 750 982 371 850 193 294 56 667 945 853 994
126 670 883 574 340 874 868 229 787 577 568 522 635 377 546 455 359 262 915 473 161 174 209 902 25 916 215 532 116 545 396 533 149 664 242 22 932 882 455 106 144 872 808 527 158 25 833 875 722 239 742 477 110 984 995 735 806 155 272 639 352 350 6 453 565 762 706 471 248 456 621 441 700 184 752 636 473 536 162 856 553 893 140 502 840 897 337 513 586 284 324 694 396 865 190 564 201 711 493 808
204 570 934 927 115 560 725 720 140 435 609 56 268 287 170 747 350 543 253 523 349 520 516 230 137 799 566 987 410 166 219 117 396 134 570 841 487 493 704 834 657 412 29 712 53 498 184 81 560 406 664 190 72 137 741 572 248 699 496 168 750 147 959 923 235 528 848 520 435 750 668 510 292 783 653 168 263 141 395 653 427 165 159 344 605 80 706 909 967 673 530 307 937 428 240 154 768 437 229 123
781 303 102 55 518 136 530 854 77 911 653 566 58 404 150 205 462 983 284 572 72 14 864 944 59 961 271 259 181 701 766 624 187 862 881 21 319 519 139 694 96 812 13 535 696 433 474 927 674 431 665 525 655 614 578 207 814 159 928 192 247 644 723 837 164 854 934 915 571 287 285 402 405 511 898 508 174 14 666 342 218 942 516 595 576 694 348 924 382 807 460 967 133 6 451 379 318 684 914 656
271 350 665 399 806 750 445 42 668 753 914 750 7 842 711 868 807 298 662 647 918 788 775 415 387 408 901 480 215 153 98 196 424 164 692 794 707 30 847 667 640 865 671 876 674 962 458 793 375 340 475 266 623 834 662 111 236 977 83 865 466 713 627 903 886 633 314 937 922 19 660 21 818 719 254 747 474 650 340 483 3 411 773 782 897 699 706 140 757 978 785 445 29 330 246 83 500 38 215 688
861 654 656 986 708 476 298 699 360 325 528 473 29 327 247 228 405 703 568 950 568 108 497 549 106 400 45 406 557 573 968 882 703 747 326 962 879 964 894 254 188 676 504 628 373 5 506 100 386 932 37 652 675 94 307 861 157 502 660 894 654 576 601 512 75 916 794 719 539 55 578 451 473 20 771 906 239 869 153 997 137 578 441 845 695 391 448 54 780 189 357 752 83 265 746 360 33 548 214 880
159 537 835 643 519 170 975 817 249 116 138 493 953 427 530 976 604 949 241 152 856 427 317 384 643 720 143 545 264 603 204 526 479 915 953 47 900 949 943 849 247 324 115 732 743 101 51 817 289 44 95 353 391 185 771 838 820 65 999 731 170 336 28 851 951 861 69 232 958 241 392 724 394 590 767 912 851 96 736 245 818 643 940 800 759 376 404 92 485 834 784 587 184 539 177 914 476 168 602 470
265 693 160 340 625 458 443 601 9 19 222 306 631 500 916 536 761 115 545 473 322 633 493 761 940 342 517 717 853 494 389 90 435 795 479 797 525 373 176 137 863 265 964 650 876 948 307 991 718 836 134 192 863 836 285 481 275 520 177 48 387 791 895 463 692 76 163 200 330 266 746 237 577 420 618 890 193 925 763 228 140 757 557 511 297 959 545 79 362 462 409 667 974 639 849 444 895 90 376 1
767 683 328 515 470 498 669 349 279 338 293 476 858 329 519 340 328 661 150 591 600 987 623 369 659 439 352 54 629 935 91 25 700 105 38 711 902 482 866 76 132 551 816 154 505 722 65 103 833 207 737 764 184 423 593 639 654 845 944 412 299 114 466 768 848 270 278 716 689 8 275 780 309 438 95 448 940 190 625 283 947 290 351 17 146 378 829 200 538 956 149 254 201 697 277 873 515 304 792 390
549 43 729 861 633 735 196 828 768 501 692 353 495 282 241 646 935 480 10 217 792 840 472 857 360 776 991 565 501 625 228 854 285 409 255 115 952 84 223 933 401 850 597 860 943 293 862 312 63 98 927 951 883 356 941 281 379 305 221 563 214 959 610 737 572 218 107 436 69 736 494 927 280 258 793 188 978 794 335 904 411 771 82 685 883 333 548 334 710 832 836 117 465 179 736 93 149 765 643 651
621 102 633 108 769 387 982 506 853 175 158 231 85 273 871 54 250 772 128 166 798 324 679 526 1000 148 275 601 660 846 71 158 612 612 177 546 102 350 868 688 518 670 692 632 53 710 480 283 270 422 870 751 476 879 885 220 129 101 629 646 35 664 616 401 504 316 443 851 472 439 707 245 845 640 587 398 662 833 211 718 822 994 140 240 634 283 842 380 409 479 211 831 659 680 981 931 612 184 126 511
504 902 290 218 133 507 748 836 928 48 703 756 646 13 746 219 74 167 958 552 301 957 276 571 261 894 306 648 745 541 235 380 670 669 990 575 213 652 120 118 838 848 30 253 384 48 2 776 759 703 560 565 839 228 753 688 73 849 865 404 908 207 259 303 531 757 952 945 796 875 293 85 633 953 506 927 219 459 361 828 855 569 440 305 837 625 613 242 696 422 93 664 602 863 669 824 623 590 332 214
540 881 744 73 350 349 764 470 297 177 948 240 604 483 71 364 901 809 475 1 47 502 545 150 247 613 844 703 127 328 389 813 467 196 989 971 883 583 812 254 311 374 260 239 416 9 159 567 998 935 121 830 855 288 181 560 932 179 895 237 413 209 440 52 242 503 152 212 535 290 637 472 822 909 227 257 509 652 882 625 31 45 38 411 444 143 7 766 383 365 163 581 140 0 474 41 554 765 971 841
216 64 98 19 740 360 425 64 211 755 952 655 689 29 628 232 132 872 692 657 197 183 563 345 27 45 882 758 880 280 948 790 401 891 701 186 330 387 549 892 819 935 64 198 839 591 576 658 876 536 806 305 442 371 214 214 251 850 625 909 347 84 703 418 83 310 911 921 964 305 67 715 284 774 24 215 494 211 926 158 640 920 764 777 884 135 916 948 588 872 312 482 480 208 155 991 643 80 623 561
20 419 162 694 239 966 989 10 83 141 708 627 553 695 871 805 140 505 651 243 243 897 347 685 830 232 987 563 269 320 747 202 68 997 169 997 419 17 650 172 525 746 684 172 924 4 313 814 775 869 879 916 757 555 432 982 78 982 486 9 389 182 2 74 552 719 812 383 802 82 141 318 264 804 796 472 819 343 17 349 425 363 403 584 531 364 970 620 709 808 193 997 212 413 469 713 987 43 716 870
284 832 228 289 994 60 288 863 557 381 650 127 504 988 624 436 136 880 954 254 843 675 434 216 634 175 850 834 255 128 918 966 900 380 155 781 434 851 756 48 377 606 867 344 381 606 11 73 214 915 380 74 456 390 621 680 253 26 187 953 480 855 519 690 715 440 161 721 254 839 253 755 4 458 219 526 278 10 444 243 956 643 162 132 817 169 841 287 681 219 365 301 438 964 904 759 547 798 86 324
497 499 933 841 221 960 376 349 79 234 55 712 561 918 165 974 300 973 109 640 592 484 322 350 31 555 205 521 794 537 724 583 622 65 265 488 739 33 187 752 646 744 485 215 500 291 855 789 850 60 731 559 64 913 225 398 451 253 814 22 428 250 530 996 143 92 606 349 517 672 149 6 654 104 368 68 90 605 739 545 522 903 389 960 846 352 357 32 135 607 796 641 578 838 600 464 286 433 302 986
932 921 197 367 914 161 36 466 684 609 63 244 223 366 466 346 855 984 996 455 381 64 865 111 7 335 997 589 30 188 591 498 159 697 203 925 474 91 687 267 526 634 220 285 171 589 794 412 206 704 58 722 651 665 588 224 937 594 443 895 731 174 438 296 661 667 438 516 58 271 43 621 454 646 375 33 688 512 844 271 518 488 508 553 178 142 356 716 602 219 198 558 235 348 380 85 164 72 516 535
288 798 538 546 939 888 367 870 892 322 750 615 343 570 463 238 500 202 170 787 683 371 835 55 251 526 534 717 966 464 105 913 375 853 333 866 554 40 674 190 270 136 186 71 434 210 932 498 525 882 107 897 645 451 514 66 339 336 721 409 432 564 815 962 591 816 502 189 605 993 949 551 448 345 715 939 706 783 468 879 509 821 34 488 485 584 400 300 957 190 301 819 421 68 622 9 507 75 826 756
457 290 743 45 763 219 790 285 672 733 343 411 927 692 701 542 277 347 370 540 830 155 734 814 546 930 614 96 868 544 421 675 756 18 563 860 683 684 216 205 418 347 504 759 378 800 899 646 485 340 302 431 790 129 837 232 686 490 831 164 195 928 402 849 521 958 298 770 306 504 989 524 27 807 759 105 655 694 801 991 270 49 244 296 485 49 154 150 920 836 654 940 449 289 592 844 253 724 452 315
749 459 894 18 637 709 808 111 77 0 929 355 257 412 984 133 859 334 358 406 364 803 312 765 80 453 398 790 461 369 391 253 324 119 829 832 699 717 297 517 599 753 217 739 704 756 689 351 951 502 395 93 834 459 962 640 811 584 471 507 775 658 534 116 860 888 276 30 778 315 815 45 515 842 512 995 33 893 722 289 88 126 140 893 984 418 250 261 11 439 556 587 558 287 231 142 841 206 872 300
224 210 36 881 594 97 845 375 894 333 814 461 1 8 737 192 657 991 772 198 252 367 215 668 90 194 680 120 347 32 798 286 82 402 516 997 2 906 986 169 698 347 111 434 879 395 803 265 232 495 224 402 143 474 43 206 652 416 633 714 958 717 376 842 68 576 906 797 454 583 426 600 550 542 856 792 82 884 287 979 778 356 856 973 592 230 289 257 461 816 841 3 87 530 932 529 899 963 554 72
121 627 174 591 93 647 95 874 626 666 148 437 660 390 808 868 164 431 864 618 563 981 158 873 783 221 667 497 339 111 689 60 479 127 279 975 707 652 94 579 515 698 264 220 794 802 901 363 891 951 714 586 417 247 773 868 341 431 143 659 280 396 802 277 222 764 292 626 453 138 793 340 437 400 875 141 600 967 94 321 943 543 281 174 826 744 931 889 488 940 933 294 929 128 737 612 768 842 753 227
822 782 506 770 626 886 34 914 132 672 348 76 628 458 709 512 713 980 664 284 238 265 562 674 952 688 356 607 650 79 500 511 555 82 799 196 153 468 821 721 122 481 536 974 168 182 388 349 413 811 689 721 690 756 959 311 134 628 795 141 850 826 784 333 905 175 539 74 527 366 345 232 803 533 177 232 283 886 834 480 839 472 837 895 25 261 182 802 205 862 445 403 874 17 255 688 252 563 470 431
469 190 361 960 597 570 380 110 309 302 767 743 301 988 779 209 53 298 716 796 787 988 796 667 720 182 961 619 225 475 955 45 636 420 142 453 497 765 644 202 548 20 457 301 81 729 556 887 647 33 183 367 790 556 109 598 681 161 702 842 972 633 860 705 537 231 225 189 360 262 664 869 447 405 647 623 198 866 0 523 436 759 327 168 314 755 900 71 230 817 590 595 651 379 854 19 555 179 882 539
691 803 988 531 47 69 914 975 178 82 104 957 944 279 187 135 229 496 551 213 860 964 978 39 680 137 513 966 848 753 39 97 591 608 531 428 895 541 358 640 957 761 171 740 243 666 659 910 342 94 816 171 628 207 3 741 386 806 522 5 758 802 797 1000 49 613 583 962 6 594 790 938 896 732 702 602 606 146 918 297 580 356 777 398 989 774 139 155 100 220 830 361 912 60 803 576 594 731 138 910
646 460 394 534 155 322 121 67 194 622 588 902 584 236 316 290 924 473 500 792 363 552 794 353 91 959 687 920 422 57 998 125 748 946 17 632 804 228 833 984 823 187 383 565 283 625 726 436 176 706 452 638 375 55 215 785 781 114 539 661 641 749 315 14 898 39 422 612 78 400 180 443 241 759 389 279 977 478 151 477 762 150 795 282 724 989 905 995 749 587 63 521 910 423 910 675 239 90 160 572
496 884 309 106 263 795 209 18 24 884 240 959 994 275 166 693 18 333 659 332 804 471 648 631 215 348 364 569 819 778 504 576 467 616 149 682 191 68 173 871 202 683 7 793 745 11 172 540 134 402 934 790 873 981 217 329 542 537 87 956 877 116 149 855 816 341 993 672 349 71 850 91 761 980 275 511 663 436 313 12 666 974 448 723 143 658 354 912 412 66 933 873 445 122 545 312 513 370 620 381
849 902 784 129 285 465 42 675 634 645 641 7 23 883 799 15 428 211 355 348 880 535 420 217 328 609 339 816 433 109 433 669 473 92 4 877 484 647 876 145 79 71 509 964 695 825 155 715 898 497 527 893 298 755 326 956 593 997 222 860 845 277 33 249 408 174 579 879 621 583 759 1 402 372 998 279 167 999 706 760 253 142 94 458 989 865 882 782 796 665 931 317 548 928 871 950 612 173 973 619
560 562 496 221 582 811 139 4 528 285 768 950 127 844 210 276 623 512 376 31 854 609 940 804 692 671 411 669 841 612 721 91 947 353 857 283 19 880 997 277 232 476 899 979 993 507 408 487 920 12 24 651 794 508 219 754 246 157 747 30 489 158 354 518 610 990 482 45 970 961 712 787 646 988 173 792 324 919 558 594 506 34 858 42 376 506 313 451 793 193 765 34 545 697 299 777 905 16 972 893
157 691 265 652 173 907 244 507 957 494 882 169 851 145 817 25 814 348 261 295 398 191 518 42 206 692 912 124 158 412 269 82 689 916 155 255 518 688 884 273 436 444 803 637 397 226 767 854 469 722 952 936 144 995 544 32 27 833 216 264 754 766 469 413 972 850 301 321 557 511 498 719 66 566 931 217 941 502 882 444 627 822 285 192 313 83 908 764 187 705 962 746 691 220 702 530 114 757 819 646
298 621 446 249 649 803 596 672 993 317 984 303 958 443 617 517 352 218 500 768 336 152 455 192 979 489 905 945 895 722 484 36 703 329 488 272 557 420 180 793 530 738 332 89 72 28 694 126 134 59 785 934 585 956 995 255 296 827 264 851 400 40 790 351 942 469 820 84 384 482 310 620 793 341 682 550 573 954 416 184 31 522 442 801 642 777 430 867 650 117 533 498 131 580 423 752 891 775 899 319
14 100 616 736 169 127 686 919 730 773 316 669 160 506 771 389 814 455 848 160 541 127 429 618 485 183 562 756 800 570 806 371 782 583 259 548 865 994 121 408 950 508 154 409 475 455 615 327 382 970 619 298 102 948 418 847 321 112 331 146 302 492 573 472 342 333 744 736 871 396 978 6 56 711 621 600 588 649 479 850 775 385 996 252 601 845 757 416 229 899 688 522 812 237 212 582 854 606 356 375
875 799 213 845 858 261 863 435 261 918 978 253 96 372 12 665 474 869 415 353 548 828 824 913 343 630 247 559 614 321 635 26 649 683 958 707 104 118 789 890 475 338 353 838 541 82 782 558 330 536 551 481 207 792 205 123 783 784 767 247 236 675 973 551 327 306 10 537 925 631 622 286 618 281 755 161 177 467 277 282 837 993 48 398 850 877 680 401 65 775 845 753 922 300 937 952 384 587 562 433
375 117 583 283 263 911 285 195 984 871 470 309 853 691 728 115 518 847 75 175 182 596 336 351 878 977 165 605 581 17 129 931 969 644 910 930 304 28 711 411 645 780 459 667 990 859 14 845 223 709 662 741 576 512 586 503 746 714 463 402 64 917 178 686 106 98 609 100 548 568 969 582 634 961 433 129 34 238 265 14 719 208 824 132 50 149 871 540 305 183 591 736 484 364 104 719 834 731 865 373
426 200 710 361 123 398 819 465 469 532 83 857 536 376 35 801 519 599 843 815 79 577 379 89 903 329 663 201 781 956 632 525 421 844 200 29 592 900 805 888 554 203 913 221 876 396 237 800 178 927 27 564 140 199 867 137 679 103 27 337 776 920 806 679 920 526 348 203 244 428 755 790 214 430 902 730 833 320 887 199 458 355 124 579 589 877 857 45 4 917 858 11 728 796 741 420 772 5 720 677
348 424 773 956 129 82 322 12 91 938 365 377 522 169 520 580 966 740 704 366 497 97 800 291 409 942 355 749 604 987 948 275 100 852 322 910 985 991 251 173 938 392 725 321 643 156 421 462 954 339 627 835 419 730 197 980 888 872 415 544 65 897 256 249 48 127 451 844 992 997 348 871 765 311 970 378 407 90 82 335 519 760 51 660 242 1000 784 108 734 903 730 725 460 462 826 65 672 121 591 4
844 656 597 797 872 922 512 819 545 296 685 698 129 746 534 301 933 711 132 422 683 183 392 593 393 691 967 79 622 80 881 712 945 34 644 993 576 84 917 921 146 333 878 879 692 999 332 892 102 164 292 785 570 894 642 753 360 407 386 542 298 228 357 827 506 729 500 914 871 387 803 548 257 697 18 337 235 879 616 957 566 122 606 264 572 614 845 638 216 252 666 712 925 190 145 16 676 83 674 819
317 502 91 414 93 432 272 469 319 902 678 185 410 601 720 525 964 429 267 89 689 929 299 143 257 18 788 525 599 66 764 658 918 228 989 517 77 613 63 411 414 933 479 443 572 690 479 40 220 221 417 631 701 356 40 157 859 736 619 637 665 668 962 3 820 611 9 419 219 853 507 454 217 679 493 190 434 318 430 486 530 653 8 408 128 910 730 589 203 702 241 468 861 735 191 533 88 680 255 75
288 150 6 660 365 18 179 938 588 535 185 51 764 54 15 55 566 506 368 16 231 941 67 358 765 165 844 501 176 618 148 260 873 869 872 110 275 186 996 559 70 42 96 498 10 276 21 701 69 374 974 131 12 314 117 522 477 932 676 538 97 552 254 851 455 79 701 370 900 533 871 13 742 48 492 523 962 546 518 941 730 964 576 355 520 118 111 767 181 587 874 129 941 113 132 125 460 548 640 12
498 731 210 624 105 191 596 689 990 836 652 112 604 165 595 228 984 180 423 50 742 815 122 777 728 739 60 562 597 179 30 513 566 207 141 653 211 666 657 797 823 139 134 29 403 69 230 208 535 92 800 707 607 103 541 375 306 89 252 658 494 126 892 124 779 589 784 49 198 911 805 92 280 269 606 475 762 177 213 973 830 732 181 3 294 966 460 739 842 857 528 928 820 989 561 498 504 715 229 108
466 599 114 445 548 787 69 660 413 480 911 169 508 465 251 326 508 711 984 534 296 745 982 249 698 62 476 919 507 891 867 724 33 241 672 199 470 816 915 786 572 812 786 684 68 193 990 168 77 452 745 180 796 173 994 237 354 540 46 528 574 392 59 606 258 435 138 852 100 831 146 677 445 601 328 580 712 316 755 137 656 755 728 735 222 177 995 968 338 132 839 642 354 689 717 993 380 946 279 937
229 434 103 980 915 640 820 564 625 139 794 210 93 159 46 608 547 465 203 194 852 808 950 478 936 158 360 806 635 502 939 741 945 463 359 359 406 211 451 546 721 946 156 38 192 43 496 386 445 229 125 778 570 867 206 287 267 241 518 402 129 533 42 167 871 71 713 262 903 127 971 286 247 328 441 25 605 261 475 341 532 302 431 738 384 356 470 855 903 417 494 827 799 752 356 538 729 876 658 399
637 303 853 523 600 619 605 763 81 616 555 425 37 650 606 424 791 139 32 124 304 551 485 770 81 22 821 848 464 888 154 151 354 91 380 222 899 714 272 664 93 678 661 636 411 939 805 125 21 195 482 272 428 732 258 759 676 616 352 229 35 871 844 101 978 732 866 833 505 329 204 74 349 901 661 54 477 315 645 282 599 480 303 333 222 118 603 235 891 31 887 625 655 53 904 101 935 455 292 486
728 533 359 982 754 499 483 578 421 264 731 364 568 655 716 474 70 419 327 591 404 850 770 889 631 982 969 184 40 597 952 320 925 11 307 842 949 611 641 886 683 126 823 128 882 230 818 175 718 508 653 16 941 367 26 831 707 457 270 49 995 139 996 535 294 156 168 12 783 676 702 181 789 374 404 948 270 501 603 87 763 361 963 433 236 430 895 921 637 765 446 468 657 892 159 388 660 745 398 266
613 750 932 45 619 934 222 786 955 496 840 714 296 508 112 846 872 542 889 994 631 781 631 525 8 828 240 74 703 306 38 403 697 935 640 882 42 956 54 299 332 125 945 163 913 737 976 458 318 782 98 131 390 283 585 250 244 328 975 520 37 938 429 953 762 568 706 194 637 810 616 319 600 615 669 28 74 454 189 628 546 393 365 697 8 701 257 516 816 127 277 101 773 225 260 795 801 732 552 915
436 318 237 19 954 119 110 134 334 748 122 996 770 291 951 845 920 699 197 657 818 837 849 625 693 52 873 999 959 658 666 199 114 368 321 185 37 483 122 143 803 141 431 223 54 117 548 633 552 851 185 679 623 408 714 390 569 220 309 754 295 616 950 130 347 470 405 124 537 205 111 768 503 495 947 326 932 18 500 866 255 122 593 345 101 672 598 759 390 563 937 932 491 537 632 96 855 770 173 321
370 698 444 357 600 248 27 983 783 268 504 839 444 448 20 316 935 982 995 725 208 482 582 245 187 221 427 448 82 389 385 35 729 491 872 66 650 847 196 807 240 38 53 683 993 954 669 1 760 123 276 665 215 68 651 685 393 98 691 619 537 678 226 914 891 88 92 650 416 889 237 891 861 48 739 981 951 588 429 729 617 947 250 556 118 897 665 520 519 581 843 120 904 162 297 764 789 591 834 978
964 375 937 593 228 816 468 415 280 428 968 754 316 669 473 647 991 358 441 56 770 459 905 53 71 19 600 208 440 331 473 860 734 404 143 342 992 679 616 30 429 878 658 348 203 297 230 352 535 860 347 15 40 885 247 430 918 631 963 474 405 562 187 304 668 217 879 738 206 343 709 853 947 473 425 172 245 115 474 114 682 927 173 140 966 270 353 114 275 409 298 594 154 869 74 683 527 457 263 208
392 39 120 721 102 330 137 299 195 169 817 796 79 462 596 209 4 929 930 819 515 909 848 156 178 932 396 587 771 344 588 287 645 227 901 547 962 978 606 962 910 512 912 314 564 984 876 370 26 350 772 793 796 568 99 111 118 75 49 954 690 953 669 636 159 852 781 607 347 998 82 771 748 558 507 528 907 963 731 727 812 158 945 642 686 393 783 360 862 244 343 685 652 598 282 962 566 769 727 115
931 570 557 168 38 347 237 443 467 296 456 838 516 388 645 798 629 415 87 229 303 68 912 470 298 32 377 457 573 262 470 49 437 877 451 899 630 31 574 932 55 577 578 340 58 537 481 59 50 297 35 161 706 424 156 587 42 635 388 203 911 982 550 54 498 665 898 854 209 389 27 812 933 291 175 223 695 85 830 177 623 273 774 74 66 769 45 50 562 547 764 947 413 347 863 422 473 825 289 700
232 657 89 294 43 22 274 199 901 196 332 346 297 820 523 449 641 753 957 645 829 518 695 143 62 907 607 715 415 888 58 280 304 435 599 153 426 693 222 709 31 525 721 67 167 506 926 789 178 478 864 901 188 189 504 930 84 0 930 76 450 538 468 109 448 503 337 338 802 94 883 787 341 629 635 514 712 509 133 548 785 318 839 788 972 421 650 827 491 306 44 584 330 277 342 324 682 851 676 332
639 728 516 802 942 262 221 514 573 941 560 834 496 934 773 717 751 625 127 19 880 37 738 459 230 993 735 729 79 644 399 466 871 844 182 232 317 427 963 767 29 657 309 22 826 943 147 552 330 849 762 911 573 790 459 949 952 594 122 503 459 674 599 789 701 74 349 232 909 244 975 919 420 905 284 384 803 79 163 963 849 832 849 638 444 752 662 24 859 256 533 87 943 127 813 367 537 573 757 444
928 698 509 353 706 517 759 106 240 851 831 401 135 46 396 671 26 772 790 171 55 927 139 25 825 132 997 261 686 246 355 173 695 145 893 294 296 161 207 936 656 958 627 242 823 495 151 938 410 634 991 707 450 957 417 111 809 539 740 88 248 834 278 719 748 806 517 585 636 128 778 598 134 229 685 702 191 680 800 247 294 712 816 495 933 706 310 296 992 973 297 824 314 166 122 853 298 238 326 710
241 23 867 22 695 845 86 799 183 681 755 28 209 782 340 572 829 616 678 220 396 283 462 179 508 345 817 443 981 307 977 295 524 804 742 610 955 925 385 130 834 129 189 821 112 251 222 363 143 546 719 657 801 887 398 482 306 643 11 148 699 144 304 419 708 822 778 375 760 984 267 805 722 710 823 376 6 938 264 997 119 432 277 543 309 371 51 505 98 883 347 490 385 0 562 203 441 490 247 444
172 738 337 625 115 541 231 172 353 554 63 909 56 668 411 70 942 270 652 679 91 103 195 407 441 734 627 268 340 449 45 367 501 345 163 273 69 145 10 364 987 237 24 574 478 37 550 272 688 97 194 53 571 85 495 62 573 9 761 888 705 86 162 245 704 493 651 230 190 512 986 447 546 606 556 512 63 613 17 544 333 975 475 27 439 184 884 349 194 864 96 646 204 654 987 26 901 963 198 306
920 409 701 15 367 712 820 218 299 917 255 453 366 854 660 933 179 87 683 620 684 952 327 603 344 706 808 300 903 661 212 387 825 927 704 58 403 394 331 546 765 720 457 246 240 274 390 195 833 119 887 546 238 103 914 471 795 100 255 586 76 613 835 259 201 939 995 863 381 803 999 707 606 699 862 821 854 54 43 341 973 891 572 167 175 809 313 476 589 287 195 972 864 741 609 181 433 483 669 311
288 644 128 756 18 361 781 859 469 704 475 889 897 616 109 921 322 174 339 123 611 65 137 946 545 388 752 867 532 605 12 821 162 861 168 709 996 964 825 919 220 674 234 940 487 887 987 659 558 289 392 631 732 260 246 451 856 662 762 328 805 491 49 634 655 274 845 677 719 5 631 732 451 914 785 507 529 807 974 580 967 141 338 787 571 394 807 723 320 162 239 731 5 343 986 319 958 738 341 192
752 282 163 119 355 778 394 383 214 402 704 548 337 834 51 170 945 461 73 245 186 673 583 570 611 876 786 59 545 661 123 866 922 507 160 144 674 565 675 327 337 94 167 454 649 803 25 85 996 622 995 879 971 520 384 420 547 308 369 456 973 981 55 714 684 644 725 675 29 184 956 392 253 936 205 318 775 794 324 373 531 820 97 682 358 511 907 96 291 342 22 309 949 983 707 558 634 201 826 288
957 46 62 598 195 668 453 351 782 781 857 386 890 304 825 643 5 192 164 715 222 404 914 136 22 406 778 417 292 884 329 532 388 863 765 959 480 425 424 307 551 597 217 895 251 906 798 450 116 404 300 665 575 236 551 499 793 153 190 32 235 437 317 218 790 20 358 163 868 179 159 405 873 610 115 962 610 88 720 984 621 514 901 817 183 845 574 240 106 228 754 997 602 658 564 461 360 486 584 180
628 19 278 763 585 659 938 831 651 144 220 0 315 437 834 782 62 61 20 406 578 838 947 895 326 729 264 804 7 97 352 767 204 405 787 806 928 385 548 515 885 638 858 25 793 429 903 884 937 415 732 529 10 157 279 752 290 695 552 132 346 994 429 328 304 452 586 493 898 492 927 360 396 835 154 711 931 898 41 708 509 97 881 968 32 923 998 26 812 973 330 41 803 404 395 697 827 971 680 815
204 573 425 143 287 134 73 25 56 834 932 623 505 81 777 686 716 935 70 477 407 573 644 317 39 15 164 738 0 578 37 998 132 83 388 102 319 602 25 603 121 438 501 129 378 702 949 752 809 684 977 999 478 147 466 268 731 451 519 575 152 337 642 715 698 43 831 505 743 116 193 627 755 49 127 405 371 524 775 296 466 713 919 198 53 656 444 483 478 683 879 554 259 102 384 283 907 830 390 699
310 928 925 600 856 922 213 87 515 691 213 605 353 372 164 162 495 606 804 578 428 30 880 90 900 237 52 820 661 796 265 970 221 927 389 6 913 341 829 593 438 310 670 3 367 450 177 283 417 219 802 837 443 879 889 699 183 400 557 739 240 867 548 513 398 602 178 435 812 842 901 46 322 127 854 190 936 369 470 111 444 614 617 81 432 298 994 36 856 485 566 802 608 697 486 92 543 73 626 406
934 938 309 567 99 885 361 269 706 577 631 531 289 301 575 762 553 872 228 87 71 623 691 126 489 190 933 518 547 993 145 34 10 310 954 341 240 341 392 261 406 31 442 569 992 481 426 71 745 18 56 337 930 859 917 185 427 137 91 44 843 105 118 471 432 60 939 152 527 319 601 486 442 838 440 339 174 352 344 557 445 292 265 996 616 737 166 497 24 222 14 902 624 484 167 407 433 367 18 127
620 371 258 774 74 492 608 4 793 194 979 243 518 162 945 689 39 871 694 60 619 616 420 558 574 942 725 445 951 532 188 38 491 206 405 923 96 169 88 784 551 802 251 291 440 555 918 35 288 790 351 937 406 236 745 75 577 478 583 434 243 436 689 188 909 875 654 438 801 367 407 382 325 960 606 254 82 892 430 244 897 348 62 358 112 312 785 149 174 823 96 958 267 1 779 460 315 42 91 572
64 186 863 725 675 655 665 498 450 682 170 300 815 315 318 492 98 242 457 253 224 124 400 581 881 809 272 313 281 581 501 705 917 968 403 814 184 205 992 466 562 845 136 105 0 979 758 566 170 639 849 845 485 710 701 881 496 495 316 157 353 329 563 740 538 915 240 396 337 424 552 71 414 166 847 640 403 771 942 64 442 686 856 524 247 350 401 226 415 133 521 192 120 783 29 857 592 507 269 750
269 315 463 413 596 766 267 873 295 695 860 33 371 718 211 767 11 672 938 149 15 224 735 713 896 716 350 117 923 383 234 47 761 681 758 713 59 363 970 744 648 135 84 716 232 582 696 852 542 394 992 131 535 334 414 934 566 269 755 461 728 275 563 899 461 4 168 369 914 83 593 721 229 180 467 658 623 673 239 466 960 899 545 950 724 200 793 201 669 187 613 758 772 54 952 324 601 382 238 788
859 380 298 981 507 817 890 506 504 485 796 562 88 196 106 47 949 995 314 50 953 686 918 643 541 526 614 986 509 194 973 165 746 381 456 182 62 943 477 320 873 237 8 842 143 715 779 100 740 48 311 465 949 487 786 880 938 338 809 730 302 767 324 560 140 830 268 666 949 382 825 709 783 774 623 523 208 655 331 47 908 356 877 808 521 237 604 229 808 50 218 531 717 465 58 454 446 172 189 267
782 526 983 515 569 789 432 66 691 265 920 885 771 987 13 262 13 912 806 186 232 368 198 978 141 822 670 396 268 186 839 894 399 993 300 823 687 842 49 333 119 99 421 534 589 301 218 943 460 677 799 116 936 730 854 282 204 518 487 578 446 514 230 304 870 948 798 766 505 935 364 140 745 625 723 214 268 421 436 569 990 176 431 775 566 305 189 892 510 556 509 138 53 519 434 433 559 423 622 827
388 259 980 946 697 720 254 18 251 934 1 155 509 915 284 272 777 953 897 43 299 222 209 331 636 948 760 766 477 219 153 915 172 105 594 541 56 932 453 724 74 390 308 701 371 246 298 775 683 754 657 383 307 718 221 915 363 971 880 952 566 99 607 383 207 416 694 805 966 714 516 666 997 510 681 69 419 899 31 158 666 405 707 607 650 457 226 784 261 519 72 360 541 406 997 401 188 691 550 802
148 530 100 809 705 521 966 306 836 73 698 643 293 726 962 434 121 991 142 146 174 976 998 452 853 9 416 772 751 262 733 172 198 945 359 322 10 241 885 12 323 115 981 73 680 664 246 60 95 861 753 319 823 170 703 943 575 224 704 889 638 675 49 923 38 945 161 48 444 532 942 686 874 100 928 810 758 331 313 653 467 108 768 116 292 325 365 77 838 468 97 926 758 809 317 910 306 643 264 61
451 594 13 634 633 990 287 40 227 100 639 1 394 183 155 727 807 808 530 708 983 606 940 608 838 985 662 685 185 97 363 996 539 762 777 592 123 112 371 513 94 614 551 528 113 931 411 811 236 248 986 600 491 507 250 502 43 649 792 290 767 264 67 770 846 771 467 162 985 661 759 569 287 458 625 607 124 959 487 895 524 861 913 93 924 919 62 290 402 840 523 218 199 925 946 577 229 109 652 321
603 792 719 153 885 523 828 311 460 252 388 455 255 443 96 245 641 837 762 765 914 632 614 78 633 165 643 180 127 542 990 426 271 280 60 701 430 470 415 60 893 495 395 279 628 35 62 515 621 346 699 807 317 434 219 832 111 993 363 415 744 945 789 552 619 291 380 773 788 245 363 259 960 55 337 717 857 913 885 425 352 184 99 474 652 755 302 497 609 563 630 619 204 399 361 440 538 88 497 530
847 700 554 441 583 554 402 855 897 245 156 349 436 597 859 870 396 2 54 299 438 54 602 945 759 808 933 446 14 279 515 924 473 494 411 174 973 828 694 929 170 733 121 61 958 144 537 199 503 252 816 591 539 380 694 210 26 456 941 883 867 43 541 349 416 41 627 494 763 62 925 59 913 490 313 806 438 392 406 73 626 612 199 212 230 992 459 937 542 76 142 161 848 330 210 324 266 949 284 109
189 510 635 373 892 807 142 145 684 85 752 932 930 111 560 22 557 934 896 937 333 928 105 314 862 894 813 270 600 492 668 156 281 30 908 466 986 446 33 485 92 833 694 15 169 977 278 102 57 336 87 978 928 621 774 31 157 0 53 581 596 583 876 374 956 696 834 601 557 579 625 517 75 596 364 480 432 823 135 213 568 553 916 896 678 853 421 451 775 594 651 674 927 9 648 639 687 733 875 843
388 881 860 436 546 232 910 875 549 898 840 47 787 629 1000 709 652 240 669 94 270 85 478 278 265 245 122 910 462 253 475 795 385 636 532 175 853 502 424 323 605 784 508 144 600 393 494 114 396 833 918 402 272 674 812 272 234 147 627 192 729 134 793 64 692 562 689 875 871 522 682 961 285 843 886 346 943 602 439 256 769 417 758 766 684 348 438 427 502 624 513 21 135 184 312 341 948 17 31 637
863 318 123 13 692 531 480 145 667 56 402 842 565 910 678 951 393 759 53 425 419 832 202 192 296 739 651 809 834 562 238 775 617 926 618 534 578 997 907 215 590 31 958 997 425 994 81 36 29 477 623 30 924 76 522 354 57 39 473 447 1000 519 957 833 530 752 294 326 643 387 310 495 7 855 237 864 88 910 975 756 28 573 562 547 675 902 838 172 845 90 851 419 607 909 160 243 406 925 624 760
811 954 194 581 552 22 805 640 55 415 875 664 73 123 390 359 749 505 573 501 195 741 656 652 183 600 605 409 148 430 329 220 700 248 661 850 331 803 424 886 756 461 170 993 913 896 29 379 484 796 657 652 584 337 314 624 733 855 413 726 852 971 168 40 856 462 217 651 416 252 673 342 745 655 414 223 68 256 828 996 528 632 631 206 432 268 188 490 561 2 465 66 65 970 103 759 281 890 402 144
39 835 126 364 552 756 183 170 552 449 938 575 623 470 219 920 132 388 792 80 189 233 33 372 604 949 570 22 410 146 247 997 619 782 514 242 364 74 924 662 925 395 649 552 251 654 420 995 451 775 947 451 477 819 805 363 867 229 942 725 606 717 347 489 529 47 281 610 50 521 734 511 216 642 438 353 978 389 971 234 163 155 440 166 543 459 125 728 311 548 927 95 678 63 562 914 692 557 66 859
142 228 740 818 127 876 953 399 128 947 722 805 273 996 210 106 155 291 725 636 308 544 87 136 510 602 222 697 845 317 990 26 790 230 70 821 653 690 576 895 81 605 975 741 996 368 354 381 559 326 958 650 901 204 704 326 723 135 294 734 225 208 150 761 643 381 102 843 401 763 667 39 76 899 124 557 765 553 736 143 16 596 16 77 629 205 421 424 462 633 177 777 146 421 714 352 492 168 336 597
287 186 675 745 488 769 518 61 922 803 62 134 248 126 854 279 351 288 848 143 96 935 771 345 411 31 378 174 789 800 763 677 472 571 456 927 869 657 241 285 798 512 827 221 709 95 161 378 635 519 31 368 613 763 312 219 463 559 149 25 725 727 759 376 861 263 848 233 819 904 451 755 218 353 141 353 307 411 893 666 554 771 418 669 643 363 640 448 236 406 935 201 679 413 533 993 999 826 538 444
611 319 654 94 287 295 126 328 815 291 243 325 941 123 589 699 751 772 337 75 387 695 47 685 134 200 963 404 752 945 526 787 568 708 765 680 91 217 492 299 724 967 688 530 745 182 895 473 273 815 560 588 248 668 134 348 808 173 982 34 308 123 285 167 606 161 526 995 346 570 322 134 405 515 515 195 443 717 849 401 696 829 919 181 420 200 624 596 50 714 194 183 722 88 626 115 888 907 610 777
523 572 347 470 650 805 885 949 527 167 820 315 913 873 769 778 342 852 610 643 647 202 43 767 455 553 463 249 336 684 778 210 290 551 534 959 350 993 165 857 353 61 653 455 261 301 119 306 480 173 482 42 420 78 197 327 771 425 739 910 399 324 614 516 256 904 660 395 906 434 578 328 991 256 612 338 36 921 478 855 840 434 528 402 1 631 279 793 293 340 880 927 185 998 13 351 703 49 899 657
403 295 263 4 759 389 156 191 801 296 99 815 746 220 430 542 21 677 966 983 638 1000 299 612 568 508 916 663 163 881 558 122 828 654 104 981 50 975 540 97 39 511 765 893 693 653 423 264 554 212 346 259 124 945 501 851 226 566 423 973 47 162 368 806 462 736 855 784 587 670 127 634 173 252 50 342 542 208 115 478 233 434 347 808 413 304 486 630 460 862 415 641 540 894 360 776 735 159 409 305
618 494 940 640 721 381 256 868 609 111 217 527 78 178 861 16 168 651 623 302 701 950 774 552 625 829 202 776 399 805 801 993 525 316 30 739 898 876 419 116 980 745 687 445 952 671 88 736 952 586 507 504 922 49 965 4 371 585 355 992 945 948 516 260 318 915 70 886 18 259 82 843 271 758 486 708 31 239 621 767 2 524 949 872 785 362 158 631 954 749 220 459 161 108 288 429 467 201 124 387
660 46 714 493 473 610 877 454 641 418 916 635 592 111 766 358 115 98 146 263 774 425 358 134 779 944 297 835 999 114 347 590 943 705 116 192 493 187 352 313 864 479 137 991 788 514 418 112 990 749 202 742 445 280 355 681 671 96 360 564 364 890 442 612 652 188 12 522 690 445 513 904 658 121 374 623 763 750 869 554 272 385 611 488 752 521 571 447 117 174 396 973 3 607 945 432 864 71 487 821
101 552 433 890 407 667 3 312 171 201 920 90 6 58 499 788 971 181 402 497 375 650 272 744 463 769 529 797 703 254 642 188 710 467 352 20 0 70 490 520 940 629 878 457 125 14 394 828 536 446 318 609 883 959 983 668 650 476 847 314 893 653 282 180 714 761 440 419 634 233 823 157 320 412 266 277 653 118 755 716 879 404 222 963 610 936 991 762 234 920 863 851 691 386 317 583 973 628 777 827
383 765 746 150 911 44 170 989 750 155 457 444 514 61 319 981 262 314 649 56 833 840 35 875 88 181 785 211 770 812 942 556 803 681 878 614 988 601 45 440 104 598 227 924 968 294 457 502 394 309 253 115 683 415 681 475 446 493 220 433 411 443 360 568 401 335 8 512 761 680 571 431 182 73 941 71 243 490 454 903 833 672 52 109 369 620 432 497 279 528 450 212 920 352 570 212 514 920 83 984
868 642 450 344 361 719 337 369 909 355 365 396 644 667 736 896 682 705 402 100 519 653 269 263 917 920 773 796 422 259 267 499 368 153 717 640 368 951 744 670 132 726 705 555 932 431 165 642 305 760 44 824 868 115 27 976 691 235 708 932 866 655 311 739 968 658 584 310 262 443 497 760 941 855 553 603 467 234 911 257 250 986 26 629 986 956 885 505 521 675 760 357 295 828 337 213 876 659 236 793
715 446 291 738 667 449 646 932 22 461 806 80 730 992 44 878 988 848 78 57 994 583 745 533 921 649 404 85 313 366 48 246 770 21 575 635 425 225 678 167 51 551 723 309 103 240 226 635 716 613 425 960 943 90 904 752 747 345 478 652 677 420 111 821 332 554 530 2 521 783 112 669 798 677 682 735 21 700 209 276 147 465 824 905 827 553 575 959 497 707 714 81 7 29 492 110 872 375 136 971
705 344 290 568 13 297 577 561 246 874 729 218 216 838 46 527 986 342 494 226 312 216 693 326 910 263 833 106 956 735 664 440 940 301 177 939 226 220 368 959 128 281 265 384 680 724 31 152 876 336 261 304 697 601 282 342 182 57 121 892 918 468 671 839 462 867 346 190 792 647 386 884 100 166 105 323 144 124 33 89 770 178 495 647 431 964 353 853 43 534 324 132 458 172 347 119 215 621 329 528
497 845 596 286 473 572 947 39 482 697 717 731 357 731 635 429 567 528 660 75 15 125 649 852 34 250 789 789 796 533 692 941 672 150 28 444 910 194 205 848 236 629 677 873 31 552 178 268 417 352 706 17 670 46 56 965 964 863 937 915 410 179 709 835 299 858 830 258 592 0 471 556 611 477 891 253 437 282 898 802 322 567 683 316 868 804 739 585 488 121 762 980 525 438 285 509 967 610 815 755
233 482 584 78 935 75 634 811 299 860 885 830 318 668 349 847 852 342 356 793 448 352 383 140 106 943 483 147 117 283 223 914 558 243 98 569 994 898 507 732 669 123 162 795 788 423 541 838 692 887 755 56 702 466 971 333 658 805 649 680 472 674 176 392 740 509 400 318 960 761 861 431 882 976 359 191 100 651 630 898 109 26 957 254 746 140 348 324 842 202 583 417 438 978 787 527 818 298 172 312
493 727 634 253 348 250 84 22 825 439 703 663 281 27 183 767 462 317 553 765 512 682 830 32 941 965 432 418 346 382 913 675 700 318 2 828 866 314 589 68 455 335 10 755 818 955 967 900 279 98 898 497 114 242 538 880 609 32 70 479 96 57 597 848 952 227 107 219 54 154 666 122 279 491 907 366 997 817 229 887 812 214 283 1 368 226 177 82 642 72 945 182 287 888 388 896 245 540 113 349
686 907 914 13 906 156 829 88 616 719 879 992 414 730 113 377 148 485 852 668 334 351 656 266 68 49 84 231 864 458 240 472 942 73 918 275 291 106 115 185 759 322 336 651 236 756 56 235 15 729 655 118 31 828 801 709 483 285 893 567 236 705 247 240 978 58 372 603 766 963 764 843 619 20 556 483 73 727 780 936 232 78 182 10 616 465 876 3 836 686 390 57 155 642 637 968 320 390 506 614
983 811 12 915 905 354 506 926 474 303 705 452 270 396 239 920 978 674 600 755 138 627 697 173 639 783 269 535 706 457 841 947 192 429 922 273 850 682 852 918 948 325 998 591 619 991 991 305 184 390 722 601 954 159 872 204 632 180 177 670 401 376 148 979 770 165 198 292 488 241 92 507 412 359 277 573 27 341 488 86 268 798 783 861 658 558 859 784 420 537 691 272 398 185 476 745 32 493 824 804
407 642 107 620 21 501 440 706 657 198 366 429 71 611 695 904 445 226 994 226 40 750 985 267 959 580 403 585 920 264 938 848 367 487 724 278 55 115 812 365 73 840 388 713 449 106 423 131 348 562 790 427 19 47 683 981 321 880 715 621 49 415 176 961 470 857 40 342 935 337 896 949 705 94 464 913 784 758 643 250 796 364 757 883 227 599 942 296 813 940 142 581 564 586 950 595 564 356 473 915
839 139 837 23 476 440 1000 922 54 264 873 529 536 882 721 334 375 810 152 578 858 436 119 324 160 179 447 292 674 642 161 728 283 922 206 552 210 30 642 413 532 214 907 360 221 650 53 326 235 464 929 371 204 457 764 236 504 336 704 142 677 423 640 892 622 403 981 730 577 257 646 977 765 414 619 748 359 617 221 44 916 654 631 559 83 468 948 378 711 550 187 96 843 476 749 425 432 209 491 412
432 986 115 630 79 957 386 414 746 302 774 797 14 191 904 937 36 800 421 667 460 629 913 649 387 654 320 48 369 500 268 92 425 506 391 472 611 136 623 171 872 737 595 676 783 414 186 580 737 704 928 895 753 938 168 893 861 839 688 442 527 756 229 497 176 766 115 454 660 54 276 776 512 240 52 160 705 585 540 886 987 610 138 130 162 652 453 706 785 546 502 886 2 710 63 944 535 214 507 680
299 620 849 564 663 132 414 833 38 73 49 760 639 745 640 57 138 241 997 602 462 691 790 368 594 745 651 475 399 75 110 956 89 625 149 273 473 326 107 799 114 981 693 813 947 512 587 286 666 366 245 433 530 880 936 297 591 272 539 492 38 695 485 513 142 429 782 724 363 703 181 346 466 786 994 272 446 431 201 504 777 98 548 192 214 511 317 440 723 610 870 401 875 403 336 783 623 610 437 463
341 176 939 765 8 735 808 407 854 709 457 112 748 725 505 931 680 820 69 162 341 264 743 833 402 452 689 598 903 247 935 720 301 178 405 318 166 30 312 122 669 652 762 920 891 533 465 368 925 790 449 824 685 402 516 751 929 917 277 717 411 128 731 44 317 139 491 508 562 615 769 280 295 668 123 482 452 70 695 574 690 395 789 352 189 105 35 956 347 449 526 909 99 705 772 659 716 601 692 401
798 194 788 777 22 838 459 806 490 182 120 562 831 17 151 247 924 628 630 193 544 379 671 182 747 401 633 397 349 722 721 273 135 986 55 121 172 801 321 574 818 452 37 402 306 100 783 539 437 576 44 706 187 799 857 790 60 751 342 415 39 446 65 456 895 852 326 923 55 252 266 897 962 385 594 922 199 111 61 667 506 765 271 130 215 341 229 290 948 297 367 110 857 555 329 142 218 613 801 486
923 181 756 861 613 106 207 749 786 797 822 453 665 275 636 69 15 322 829 935 475 819 258 842 347 693 261 111 197 878 704 101 375 380 133 530 997 739 190 681 323 729 0 672 379 143 867 941 734 397 945 139 955 106 506 178 968 195 728 943 645 843 277 177 951 358 15 528 337 20 426 266 547 714 877 62 355 82 60 271 261 645 220 300 0 438 758 565 224 665 75 243 873 374 935 750 685 946 754 910
992 939 288 552 294 913 389 907 710 75 643 648 537 871 800 271 827 610 789 486 271 781 529 237 478 208 387 774 463 954 162 111 104 949 76 273 148 697 193 473 974 394 768 113 557 18 975 952 171 907 245 455 204 399 463 195 181 707 585 685 406 499 529 508 592 919 15 593 813 304 608 1000 314 586 462 537 168 536 2 989 55 148 154 292 843 862 7 985 261 629 958 869 370 398 108 319 192 352 592 284
628 810 171 148 11 910 58 42 988 310 125 104 392 932 904 734 609 753 626 979 272 339 857 435 467 286 317 75 772 91 763 972 391 439 82 83 417 190 860 895 920 608 339 938 212 509 232 529 965 445 436 531 717 565 761 679 463 353 173 530 600 418 278 30 25 786 129 869 737 784 651 504 605 349 471 185 380 157 265 329 906 175 29 758 880 216 856 162 345 657 588 454 166 341 497 171 870 529 284 627
890 963 598 723 104 967 350 803 340 284 457 363 950 840 102 962 193 681 393 554 424 496 32 655 939 215 348 961 558 417 78 720 110 426 664 508 950 583 880 62 412 656 863 618 38 906 103 804 971 370 75 162 394 459 510 961 31 169 682 650 167 521 844 136 443 823 479 238 933 287 236 527 736 21 519 915 486 104 860 630 893 638 186 84 360 865 403 189 657 139 474 56 252 862 42 152 633 342 980 939
89 523 574 641 223 360 51 167 552 113 910 64 540 394 268 328 42 439 765 127 374 673 845 755 391 972 904 668 762 537 236 508 535 486 889 615 160 352 1 854 49 447 515 93 954 384 86 248 974 414 854 145 736 240 173 653 855 697 605 109 157 13 65 952 929 622 671 301 385 874 466 373 595 266 575 276 701 118 709 680 579 469 959 176 926 194 342 651 978 579 266 243 959 963 131 17 262 102 181 830
293 502 495 688 981 539 465 885 327 154 839 534 123 429 395 981 476 631 893 197 939 650 415 227 832 826 980 682 165 703 760 411 18 880 9 233 605 516 705 660 70 225 527 140 92 364 825 712 968 786 32 853 326 48 276 809 435 797 129 212 538 369 141 788 762 13 731 835 58 264 117 81 384 489 248 778 116 400 882 446 43 933 294 408 389 935 191 87 560 128 246 337 637 331 740 207 252 876 601 516
599 390 108 178 540 125 895 390 223 63 605 461 788 757 577 519 166 76 831 80 797 423 336 105 213 332 732 971 92 994 697 51 81 104 603 260 425 482 16 479 294 119 642 866 477 988 366 399 869 673 156 135 394 728 606 58 818 303 686 729 353 763 786 90 394 439 974 644 144 395 306 662 770 178 872 518 573 144 270 822 857 199 908 810 841 24 759 648 457 216 466 526 31 240 817 131 453 417 35 279
357 600 336 584 911 576 416 24 424 303 998 873 207 834 855 963 251 493 385 686 961 501 294 371 938 856 968 278 153 40 446 19 145 636 826 147 446 343 817 3 588 96 49 91 543 214 656 798 857 59 24 913 288 333 915 556 374 665 348 953 26 899 645 611 913 310 318 940 283 319 365 683 743 237 499 32 247 577 318 640 236 539 524 111 749 486 712 620 385 28 140 239 169 94 291 388 591 622 940 922
709 193 658 377 109 431 856 217 435 99 243 49 947 471 989 629 850 381 894 316 550 216 224 800 499 646 887 153 899 50 314 151 286 209 583 105 361 491 561 824 216 173 865 18 697 351 135 389 412 614 8 106 350 235 161 928 241 31 801 656 977 990 600 639 22 476 257 245 806 157 906 498 690 802 599 805 832 211 539 89 4 814 939 196 314 824 787 183 778 592 969 214 675 209 833 800 837 913 694 825
319 996 280 98 12 742 915 324 479 505 673 585 869 268 554 188 727 379 131 898 245 71 351 270 950 43 832 328 492 334 703 886 963 808 897 259 70 375 991 558 642 14 189 901 95 541 542 128 359 345 888 443 565 746 632 724 86 770 68 101 911 525 712 220 5 424 948 59 77 695 687 467 832 518 583 452 527 871 442 730 578 306 883 109 825 831 844 427 926 9 257 973 531 673 592 622 454 65 554 351
525 631 386 877 580 487 157 325 443 475 737 923 980 363 937 111 302 365 986 441 394 562 115 433 940 542 4 174 185 834 453 53 994 486 884 292 842 382 705 116 591 106 269 257 91 984 409 673 897 89 4 816 782 928 311 806 94 874 907 896 959 668 600 82 292 548 827 855 716 795 10 723 182 931 772 934 731 528 586 641 102 185 222 671 155 815 890 590 629 102 926 376 61 593 688 874 547 605 79 519
364 643 501 832 564 867 323 132 399 295 373 878 17 76 439 632 865 894 144 675 626 223 97 789 938 565 481 7 377 497 438 435 538 623 109 294 204 882 942 190 458 738 36 303 691 83 579 244 908 143 213 853 205 202 912 231 72 988 476 487 852 722 566 8 725 646 89 476 418 405 697 634 663 614 844 22 53 259 772 46 866 7 369 970 27 963 261 953 237 407 65 780 316 175 738 525 826 800 550 897
585 408 232 646 454 25 27 911 116 940 64 353 690 649 1 593 973 138 647 314 163 181 383 831 108 560 807 235 141 256 728 407 531 621 81 862 788 415 853 354 754 428 624 863 413 254 583 205 748 187 58 906 989 706 440 685 527 57 913 623 505 756 319 55 269 423 361 933 402 109 922 960 474 771 806 430 984 859 364 804 503 799 683 293 461 169 398 341 46 318 221 10 834 771 474 745 250 424 439 987
520 372 800 59 2 759 802 581 954 376 638 894 310 966 998 615 156 553 809 241 683 299 664 106 176 737 563 931 160 918 527 235 518 545 424 594 34 741 563 228 458 549 236 21 375 664 208 344 419 299 384 494 429 544 373 576 59 762 140 691 93 758 971 656 306 442 237 289 297 998 208 244 547 786 969 161 215 319 606 941 727 240 351 864 395 344 520 914 442 909 387 676 318 621 151 715 354 723 859 578
901 828 386 787 734 511 538 234 289 454 582 879 262 948 877 74 709 310 820 770 494 166 595 974 214 995 174 835 721 50 510 222 213 342 38 44 135 267 521 360 242 155 532 428 396 339 129 526 916 168 152 909 777 763 389 501 626 134 940 367 875 585 706 342 245 574 381 674 678 768 575 665 13 671 281 905 360 385 121 117 498 831 386 468 453 771 473 952 167 592 85 954 544 244 307 653 887 132 158 232
578 775 291 254 570 926 550 64 384 830 426 743 718 828 895 179 796 443 291 143 339 169 5 520 535 184 573 588 475 786 549 422 274 162 680 401 589 289 539 340 548 643 794 475 991 827 635 930 532 741 225 493 596 206 100 56 822 70 823 95 714 115 737 641 966 798 8 42 662 617 705 203 563 686 642 995 950 267 199 647 722 54 682 300 387 490 671 463 558 187 964 836 388 712 810 233 398 802 957 887
253 610 40 432 316 747 757 432 544 446 936 282 922 648 272 191 646 86 968 456 25 191 765 819 899 523 335 265 287 917 456 372 977 607 102 49 238 709 623 955 627 323 234 361 330 210 686 368 162 432 88 549 39 974 629 372 684 601 727 458 457 780 481 3 996 711 290 710 676 829 504 824 841 808 185 20 317 588 838 587 598 295 30 693 844 453 98 413 37 381 858 576 37 282 958 527 894 57 898 883
751 908 709 290 948 773 921 593 516 792 790 298 87 833 324 433 411 387 975 787 166 308 529 32 733 372 338 69 850 84 454 513 716 570 692 476 645 300 345 112 732 335 945 34 472 367 870 62 985 194 606 198 483 974 415 191 538 456 485 685 269 472 846 998 384 188 783 228 350 851 291 49 785 691 856 266 3 525 993 6 39 370 90 644 720 115 162 268 217 792 368 292 738 636 300 851 321 864 881 948
979 305 507 511 853 395 375 497 46 649 63 378 45 639 515 45 318 511 103 255 293 442 167 628 411 554 377 953 758 643 55 304 231 282 447 502 182 264 100 514 409 277 337 851 144 697 939 177 207 936 937 544 716 348 847 872 471 788 306 532 637 652 550 778 118 458 372 971 950 655 980 817 754 828 906 351 835 732 690 466 696 3 26 191 25 661 100 634 696 938 454 523 740 581 835 272 16 386 575 783
771 913 90 560 64 797 435 147 268 272 118 413 207 418 571 96 835 209 37 799 127 560 573 548 983 453 255 774 15 32 449 59 419 536 931 996 813 747 872 460 354 89 635 809 679 769 527 440 647 173 652 573 995 222 788 866 532 704 633 660 834 568 879 225 262 81 445 528 332 708 480 162 268 98 132 953 313 353 187 474 773 824 364 192 322 789 805 108 345 278 610 668 16 407 641 272 467 672 316 7
971 861 888 659 62 16 963 927 86 127 882 763 338 245 49 227 326 645 500 568 582 842 970 563 736 36 820 141 259 612 371 918 131 419 47 538 71 584 616 342 761 909 9 3 258 384 937 826 912 419 586 635 489 213 677 194 702 868 707 996 542 383 82 381 529 834 211 692 981 362 144 788 750 448 343 414 61 643 578 470 755 936 21 450 576 292 420 364 64 720 294 967 34 413 607 230 86 113 761 896
528 610 910 962 822 169 379 945 316 132 811 146 741 155 349 467 299 187 26 3 113 974 229 551 412 274 934 762 508 455 807 446 851 897 809 886 313 766 894 855 18 61 915 417 98 762 907 92 714 48 578 692 316 797 192 282 507 795 207 893 129 560 962 228 751 390 210 76 55 364 198 156 907 369 96 749 185 49 303 747 210 914 16 982 598 409 434 77 896 473 617 296 696 505 372 203 286 503 403 883
546 726 83 214 216 10 190 432 926 713 607 836 267 366 757 806 293 264 231 811 848 273 114 608 305 118 952 169 124 207 717 278 508 795 99 48 866 916 162 411 399 745 986 90 789 259 889 307 66 751 21 159 446 493 248 919 470 471 212 420 662 811 627 125 501 290 933 968 641 795 782 700 599 269 407 137 862 266 546 346 31 820 670 210 179 418 691 543 515 515 798 722 799 974 281 67 235 885 516 435
926 144 882 711 477 93 844 63 562 976 781 53 670 109 884 422 911 827 281 38 689 577 236 1000 123 140 128 981 611 108 521 348 909 269 158 274 796 252 308 667 651 242 216 997 121 744 323 169 563 842 574 903 706 873 887 750 332 937 165 997 519 634 972 662 294 950 517 167 681 990 816 786 496 10 133 96 208 88 475 123 353 118 373 36 188 757 939 790 407 559 975 639 221 176 746 864 164 172 130 739
243 597 498 289 568 993 625 857 561 786 140 901 364 901 229 652 472 363 1 593 422 202 673 242 301 406 529 543 602 835 467 76 738 433 822 178 320 118 432 376 849 266 964 176 502 744 618 452 117 759 385 585 11 112 124 295 113 904 231 954 77 844 853 624 28 277 497 286 764 976 731 820 395 9 781 884 551 73 121 67 718 809 530 869 436 564 546 890 341 139 174 493 966 751 890 807 629 960 60 981
596 459 65 85 465 992 309 88 732 955 968 86 962 287 579 833 767 494 202 662 701 189 961 867 846 276 784 204 962 726 886 89 379 410 74 665 110 725 669 428 953 124 806 94 947 796 383 367 781 850 336 189 987 819 677 817 177 5 484 111 902 350 558 343 811 601 194 59 229 526 516 940 79 203 572 675 139 630 879 920 385 717 268 970 882 189 30 769 541 144 829 231 924 580 549 588 416 182 337 180
248 756 515 583 942 772 703 391 978 360 781 659 843 310 361 609 466 662 197 272 545 952 986 766 573 168 811 540 147 51 860 203 727 692 695 695 644 221 205 2 536 454 785 340 21 236 371 132 687 391 748 761 20 378 115 151 651 865 560 745 579 333 157 730 728 99 151 535 98 210 986 204 220 231 693 393 843 223 698 33 198 954 948 879 516 517 541 735 476 726 879 361 985 820 982 269 121 450 158 809
644 744 671 201 131 423 886 591 774 754 711 907 901 722 595 759 700 955 361 866 121 789 868 240 288 214 212 968 365 480 91 639 367 269 737 422 513 635 438 978 433 612 980 784 35 429 367 231 470 661 407 822 888 781 833 691 764 754 115 885 61 15 651 342 346 645 638 702 816 258 840 244 92 252 302 912 976 724 164 305 620 860 55 703 49 71 969 101 597 734 744 129 864 547 64 264 62 648 802 8
563 891 196 31 716 80 155 2 61 832 980 672 248 355 574 476 300 75 66 126 212 237 721 33 997 659 522 368 696 413 133 471 508 46 666 983 764 985 374 983 410 486 599 906 869 403 146 90 396 860 625 889 128 809 976 121 230 762 742 370 715 270 46 525 445 698 248 563 607 445 323 502 433 257 660 960 726 488 78 71 305 155 712 717 58 772 326 302 83 418 238 432 222 985 506 418 226 633 325 961
611 490 415 441 300 528 909 866 304 200 189 325 704 46 160 218 314 685 209 789 999 261 728 527 109 605 441 605 234 288 329 389 833 855 994 93 347 83 644 497 192 732 650 405 854 757 979 855 516 844 225 378 922 958 834 330 840 325 595 827 47 788 359 718 284 221 88 953 521 585 50 354 42 508 165 671 777 671 503 759 384 547 565 50 703 265 684 332 888 962 566 673 57 514 175 464 932 591 374 64
765 681 669 801 563 360 912 878 718 613 249 459 186 923 829 393 750 742 292 749 887 377 946 896 280 142 950 727 982 586 602 590 798 390 489 48 104 550 532 543 97 850 637 560 444 100 446 268 97 946 916 673 943 183 234 823 529 36 150 746 673 942 832 976 176 744 598 289 94 222 115 3 543 160 163 258 687 537 194 892 505 257 955 34 967 304 482 321 497 319 582 833 810 465 817 716 760 137 343 548
899 197 742 460 601 991 862 418 893 573 404 349 476 106 26 782 231 193 293 635 111 317 581 948 153 546 730 469 398 37 128 788 543 475 692 498 625 567 775 953 741 715 549 959 684 161 253 698 538 511 453 250 440 43 17 150 909 728 629 208 1000 440 54 309 970 376 149 560 262 187 386 578 587 409 246 263 772 415 167 443 491 671 800 186 940 787 535 773 931 417 947 971 652 52 758 981 32 89 302 81
620 639 95 54 585 317 87 682 478 526 539 796 235 714 654 776 465 902 404 460 477 352 597 634 146 898 95 881 842 335 647 930 512 140 367 447 146 210 771 124 13 218 943 214 947 464 201 656 487 904 560 632 501 177 989 114 980 395 244 854 354 165 555 626 661 967 13 716 393 694 222 719 285 563 229 251 348 252 221 964 79 415 917 493 394 797 840 422 230 350 144 513 75 879 618 482 849 254 296 607
749 411 47 203 573 89 283 983 929 787 212 346 691 457 367 943 355 550 418 463 778 106 663 43 972 566 962 386 195 391 402 939 205 658 14 573 457 450 515 395 304 255 505 385 138 312 919 916 608 771 1000 240 722 588 226 421 992 842 741 825 161 484 312 416 265 86 910 609 630 679 604 488 493 282 217 485 533 403 100 378 589 865 768 246 849 114 581 221 474 911 152 731 74 993 630 440 231 157 519 425
194 850 632 711 219 328 282 196 215 570 740 25 875 540 245 710 857 332 513 623 828 259 857 854 289 510 576 830 983 232 28 802 679 413 416 184 646 561 183 605 622 19 539 912 48 203 953 308 841 77 818 57 760 462 498 608 511 546 238 635 539 330 975 466 802 383 327 265 425 757 43 966 177 496 287 517 272 515 799 918 958 864 853 730 308 762 744 259 790 22 510 472 146 952 953 824 62 765 374 1000
4 271 383 292 876 646 565 19 258 787 305 308 994 608 141 640 85 340 131 522 561 869 636 69 264 72 441 703 924 135 34 598 282 505 466 640 458 560 54 757 414 411 179 274 757 806 148 384 41 558 429 121 272 442 616 515 446 411 914 173 202 294 689 838 376 547 262 592 1000 289 185 922 506 521 362 221 151 25 268 644 638 62 993 103 501 408 684 478 84 206 798 763 247 250 73 686 566 616 75 740
117 10 21 942 777 869 42 762 288 728 105 344 370 839 636 769 989 389 362 922 436 594 502 377 10 708 267 242 86 600 300 42 214 608 363 551 904 868 24 75 107 188 71 491 400 897 630 917 200 618 72 754 992 962 54 807 628 307 273 191 947 301 277 584 60 34 717 580 630 879 346 702 231 818 99 585 503 643 44 62 678 761 168 445 381 223 857 543 334 729 161 884 321 441 636 819 863 384 724 371
454 526 717 218 201 958 541 454 782 393 4 668 245 473 118 759 314 83 484 804 948 922 569 469 126 937 846 51 629 860 961 52 190 393 888 433 5 356 588 385 242 113 165 96 428 966 182 839 910 835 319 992 265 805 216 84 134 71 164 825 647 837 266 531 962 129 320 776 502 653 401 65 139 70 980 296 54 248 37 603 189 653 870 792 79 341 146 112 499 408 528 189 919 703 248 892 175 975 726 725
814 983 293 592 792 94 830 476 305 587 609 893 848 603 667 195 191 932 41 312 943 885 595 721 155 324 764 676 755 923 415 869 624 860 804 332 85 356 885 63 8 79 29 734 397 332 498 178 152 310 654 429 607 979 624 771 420 995 78 713 511 630 145 950 271 513 238 876 907 496 186 612 113 407 985 827 976 107 1 907 796 799 32 865 919 987 982 325 749 701 81 211 451 691 288 910 552 250 139 98
92 819 513 669 316 924 788 501 55 527 680 530 576 896 135 741 105 517 738 229 265 696 875 48 388 930 709 849 80 3 414 993 485 968 390 472 893 23 512 598 962 495 200 694 759 106 626 357 257 376 67 605 79 523 333 30 275 424 505 276 954 39 665 680 349 760 183 85 152 59 721 638 267 184 129 439 274 845 939 419 697 735 134 16 246 379 916 541 783 938 984 191 431 972 992 250 355 805 570 14
744 266 445 424 100 402 840 97 696 154 582 0 285 321 727 991 717 848 453 217 693 69 509 372 401 234 759 573 167 539 592 199 927 662 675 676 836 789 227 798 278 974 870 542 161 538 776 484 885 644 652 796 380 956 311 458 100 213 829 122 328 676 600 354 426 1 724 317 989 164 820 74 528 387 474 822 645 519 256 307 169 750 822 424 392 302 549 765 133 679 28 188 757 560 438 100 4 838 426 919
777 699 611 924 553 752 863 453 618 66 523 901 485 416 169 545 504 617 211 811 752 567 680 7 848 530 635 450 375 879 770 96 148 400 968 56 450 983 893 618 660 627 819 183 975 297 174 978 607 73 109 522 725 479 399 376 344 928 342 500 863 287 446 411 662 535 43 464 487 23 384 824 67 474 812 646 839 747 285 632 818 620 96 819 297 422 984 106 267 251 946 268 575 35 297 660 99 19 615 204
319 432 868 609 889 694 104 873 981 208 111 746 920 428 907 391 933 931 350 301 877 767 538 152 305 609 359 554 453 54 662 365 445 668 898 587 14 631 844 875 565 29 945 306 378 252 601 925 696 834 451 883 392 228 535 880 5 815 4 932 261 791 712 935 893 242 746 321 349 742 752 816 816 118 474 29 302 277 1000 9 307 248 260 153 225 141 224 510 387 691 952 949 486 300 967 298 599 627 83 765
328 177 750 594 594 526 227 399 566 935 969 845 671 640 826 673 8 839 840 50 119 531 653 938 106 316 639 139 547 546 180 13 285 881 919 270 976 993 871 233 206 38 813 87 248 948 375 88 792 873 178 337 403 210 850 281 572 733 125 310 839 459 502 748 949 918 735 162 346 73 275 963 16 467 717 816 715 833 197 371 734 942 5 262 695 690 303 357 142 753 969 298 747 882 337 294 342 895 123 512
51 56 443 52 40 354 1 164 784 315 273 883 405 547 247 703 716 476 877 372 690 771 651 676 290 937 440 775 595 667 850 842 624 13 290 855 590 499 141 849 665 805 724 29 627 107 125 132 503 981 59 440 698 461 552 12 937 937 784 986 812 978 532 38 325 218 56 857 700 300 390 70 926 1 658 160 816 411 26 433 38 553 23 45 373 422 148 481 840 0 591 463 350 732 269 735 615 843 269 27
976 909 733 221 252 288 199 88 769 959 61 994 625 860 472 551 386 548 158 889 531 843 594 198 430 562 306 23 911 687 711 447 699 619 842 222 533 110 939 444 234 365 849 420 564 28 760 870 352 238 508 140 777 312 164 133 223 741 541 856 988 18 74 558 260 435 842 590 741 685 124 273 973 620 62 273 889 9 496 2 18 776 716 458 23 755 101 567 906 180 545 25 98 701 426 889 359 215 705 271
346 810 857 350 333 345 981 528 762 343 499 196 215 406 289 639 288 318 711 624 363 873 675 180 167 768 209 141 650 175 173 597 380 207 678 675 546 73 461 806 60 565 643 908 275 345 348 697 785 933 584 755 520 149 448 294 277 652 834 724 8 817 693 472 716 558 248 709 333 548 184 340 163 143 326 813 626 466 682 561 785 509 983 632 257 973 702 671 59 555 511 236 788 47 613 455 357 302 760 889
750 912 325 638 540 421 656 185 437 423 929 347 142 71 352 196 668 323 226 356 410 520 311 202 868 220 951 518 40 199 352 611 140 461 496 406 92 885 301 18 413 490 763 803 15 793 717 30 713 716 828 347 42 758 422 796 35 487 963 666 968 230 692 35 485 121 279 60 766 611 335 687 357 337 709 887 292 580 350 809 279 684 275 825 449 714 968 604 545 808 103 67 841 463 919 917 24 508 217 198
637 364 79 78 579 831 38 184 605 56 169 946 837 757 283 611 6 894 645 249 691 306 624 604 414 878 346 379 167 912 603 167 236 612 204 538 748 330 949 931 104 614 453 594 886 106 977 409 21 420 729 125 433 602 405 776 84 38 435 649 729 468 411 660 72 112 766 106 635 739 713 432 20 977 903 930 394 229 215 477 836 588 940 256 678 915 400 800 285 248 247 100 382 94 67 250 896 308 469 329
242 807 361 199 522 707 213 383 925 578 886 151 967 742 929 825 518 197 584 989 876 709 722 635 619 238 865 332 353 376 751 284 638 219 507 79 118 265 757 161 101 892 819 522 694 401 448 177 954 107 356 172 592 75 875 368 87 438 627 941 156 165 467 180 228 724 638 203 261 475 402 520 831 587 120 190 26 597 804 40 589 651 32 136 682 934 169 446 437 158 468 564 834 566 252 166 628 537 771 601
7 577 231 208 415 394 133 514 868 635 820 819 173 598 28 373 225 331 384 258 237 165 830 288 436 139 788 88 588 431 137 565 593 879 736 971 307 437 775 0 388 483 408 74 446 408 355 703 886 468 771 988 800 137 746 546 210 489 415 762 793 455 765 955 338 455 733 864 877 962 121 26 126 552 124 109 777 440 778 592 276 758 637 636 416 630 979 62 857 443 18 673 545 688 867 230 177 195 61 975
996 721 522 489 410 449 450 796 951 469 213 978 338 895 821 675 883 588 733 919 448 910 975 137 585 707 130 689 456 605 301 704 283 528 445 682 283 960 766 175 278 811 832 925 77 701 716 429 393 490 247 615 571 746 210 937 988 846 509 154 23 898 355 59 316 23 178 248 720 390 64 125 663 712 668 486 281 625 541 497 667 767 910 773 733 977 482 880 599 436 854 911 43 3 323 435 930 602 663 2
9 311 208 848 20 181 780 622 640 213 990 579 556 601 635 524 296 659 929 135 853 437 26 247 509 875 480 595 376 680 4 823 145 759 639 614 634 771 361 206 171 184 897 962 530 109 919 784 561 675 164 975 27 719 485 790 119 813 495 349 668 548 536 957 426 37 273 560 210 868 921 478 668 590 943 198 412 609 205 592 39 679 34 464 10 234 16 925 804 426 374 220 815 698 138 486 54 704 434 382
389 797 31 238 228 504 421 501 231 574 96 701 413 286 586 94 806 631 87 396 505 174 895 177 574 804 233 115 430 944 669 561 427 197 63 176 756 447 865 901 431 997 785 234 825 4 625 711 56 491 760 874 38 486 354 919 697 974 920 324 190 105 870 142 249 536 253 829 620 379 18 98 251 67 810 592 274 949 498 562 974 240 519 517 381 89 465 684 354 702 596 586 191 58 706 0 65 904 684 413
128 900 603 797 436 929 731 256 254 292 31 928 18 227 670 639 404 839 25 585 47 562 244 52 200 64 782 107 483 380 450 202 754 880 75 926 252 943 929 512 33 139 404 518 959 789 306 188 837 205 934 733 845 159 844 540 725 726 706 993 968 732 673 509 147 634 701 805 453 414 688 586 135 804 737 641 354 818 46 596 649 895 258 450 45 113 205 898 274 214 323 447 808 173 734 689 566 523 884 525
485 926 591 340 288 272 625 656 744 115 377 585 302 427 576 543 349 314 662 801 535 577 985 459 523 389 585 96 833 183 843 930 605 337 988 835 43 552 6 908 498 807 410 743 906 261 110 14 951 516 16 995 976 201 686 294 580 843 225 306 850 50 867 225 64 332 561 207 420 865 51 77 284 678 455 225 215 870 222 481 193 929 376 445 25 633 552 475 938 597 652 922 738 828 785 600 387 792 897 818
531 48 716 554 207 233 675 1 250 410 773 21 2 804 236 802 294 111 776 781 4 904 69 839 164 241 165 616 966 794 959 37 352 926 774 493 277 32 688 238 205 495 903 973 236 203 70 692 907 505 6 933 865 197 558 650 713 582 376 760 46 433 485 895 419 492 606 883 376 196 785 487 408 756 555 626 514 286 146 674 252 430 376 761 910 232 645 15 510 674 256 935 289 477 780 419 140 499 277 159
247 161 846 978 335 699 511 34 578 311 23 400 738 281 59 80 244 486 321 13 44 436 567 813 424 738 561 893 785 432 29 634 989 715 206 841 89 911 54 14 173 888 836 905 297 188 563 527 26 747 688 842 626 887 391 196 187 22 81 293 805 189 504 906 911 226 458 173 691 923 801 992 531 863 192 656 337 754 484 998 853 839 921 825 506 722 355 841 406 248 876 565 223 276 776 334 675 52 863 149
792 666 894 913 22 723 374 345 832 975 876 526 705 607 968 783 982 822 727 311 652 605 807 567 1000 315 138 27 326 51 78 26 283 176 289 616 545 116 224 152 185 688 341 832 632 758 285 55 820 157 291 329 18 139 672 964 431 753 46 50 26 162 252 600 278 486 387 875 293 514 636 552 551 41 316 284 127 481 297 21 495 959 198 613 167 449 151 7 187 574 414 948 738 909 124 886 296 549 462 484
96 447 323 913 345 718 821 378 779 913 146 773 874 630 838 68 488 180 143 405 865 564 159 389 269 124 401 203 209 967 646 538 326 565 847 543 921 387 725 56 549 631 740 151 510 221 62 950 509 776 588 933 534 692 308 403 181 493 32 615 636 764 39 520 478 116 900 924 476 999 495 335 155 562 789 883 789 632 389 190 412 852 177 121 357 790 983 920 807 360 981 837 110 886 451 379 954 351 349 860
302 464 367 881 845 25 852 294 183 983 195 530 406 520 13 95 618 154 133 47 803 383 208 2 105 785 518 717 577 266 509 116 949 107 793 256 927 688 704 222 705 264 33 491 819 737 440 303 724 449 869 94 867 631 213 298 4 26 3 484 123 730 512 309 490 285 547 179 216 209 829 190 933 281 978 43 936 934 154 995 526 759 465 324 895 965 795 503 940 567 67 595 68 614 682 182 275 538 548 414
232 671 268 182 675 272 867 984 868 24 523 320 683 363 739 617 981 305 908 470 861 757 936 905 296 33 356 371 29 986 545 367 993 75 39 682 824 751 892 610 898 883 794 593 528 744 817 493 647 69 408 160 440 226 359 646 738 183 39 924 959 744 855 879 577 813 704 345 448 531 889 505 337 29 240 225 929 626 740 645 3 291 532 888 686 83 930 754 723 9 842 595 473 432 686 878 555 880 345 961
887 185 19 606 833 269 165 140 994 561 806 367 580 757 152 676 441 799 457 64 740 270 402 874 6 273 479 314 920 289 153 756 871 274 228 440 279 606 594 812 193 873 657 564 453 135 908 278 704 632 466 334 533 265 883 100 218 136 167 721 37 295 363 521 510 242 570 437 95 695 1000 156 283 555 899 356 669 225 160 533 20 628 791 328 709 299 851 260 289 752 997 659 832 894 240 245 670 54 386 748
820 323 304 547 169 701 933 352 181 390 351 840 600 1 115 342 590 251 5 529 281 731 526 837 113 352 920 665 482 631 408 791 583 132 478 307 171 391 36 352 516 437 837 109 235 135 490 573 971 566 727 637 926 750 879 797 588 796 324 545 44 326 717 945 12 661 789 962 240 748 89 919 886 98 958 723 688 501 527 668 923 71 824 976 675 657 427 840 532 471 603 843 306 754 364 155 719 423 843 596
390 161 93 307 116 970 3 912 796 282 576 10 220 471 302 84 594 143 12 443 76 539 798 232 200 41 526 482 839 717 613 840 3 571 210 162 175 755 307 2 157 767 677 547 169 641 204 480 769 244 645 581 440 782 321 456 223 400 483 561 252 33 23 460 134 215 178 671 294 729 114 931 888 33 424 455 798 818 304 689 618 687 488 298 153 639 610 658 673 612 635 910 238 727 566 493 385 663 433 664
200 681 679 487 49 491 746 415 9 712 863 290 156 492 857 932 976 761 46 707 571 82 881 229 30 549 383 980 393 596 537 757 668 86 517 331 759 911 835 503 387 968 558 902 359 53 540 560 93 516 115 222 857 545 445 30 695 586 799 305 518 680 754 349 186 872 397 955 305 222 161 656 240 736 615 780 217 538 761 574 893 564 405 667 466 251 345 573 748 252 69 296 285 677 177 461 71 561 381 720
638 864 31 132 708 937 494 197 104 940 796 253 886 401 341 962 97 882 178 858 941 909 804 79 816 768 815 903 943 173 789 124 253 669 51 692 240 766 701 988 98 476 531 267 575 440 503 499 310 569 806 869 42 211 242 64 136 318 440 697 371 208 807 398 113 566 498 82 613 803 716 681 567 273 727 532 528 754 212 841 830 649 902 696 373 824 556 730 819 594 20 246 969 630 368 652 870 414 485 835
958 841 663 311 564 538 409 2 814 658 674 819 152 271 521 138 679 145 129 111 370 359 693 312 744 0 613 712 499 147 365 294 547 201 155 333 686 582 787 494 443 435 159 883 657 418 831 330 161 881 168 478 639 51 238 979 457 577 881 874 957 465 276 426 348 596 555 24 471 488 571 90 396 505 734 945 813 391 375 544 843 36 723 440 288 874 887 79 418 516 493 225 318 492 425 935 214 285 301 788
787 14 312 13 163 911 54 477 761 938 67 292 405 777 804 534 884 231 428 926 936 350 752 2 58 603 884 464 551 560 372 22 321 270 370 170 288 455 378 921 525 643 67 360 638 962 107 312 708 265 848 547 754 473 422 706 6 118 380 240 434 870 288 705 303 696 768 638 844 15 863 385 170 927 870 848 622 978 519 49 369 328 540 406 156 857 319 648 59 185 630 729 217 604 695 510 427 957 384 201
76 379 407 542 582 482 925 747 804 401 864 583 589 541 163 27 254 131 616 749 163 55 798 15 603 148 152 781 725 162 844 427 276 745 831 302 768 662 500 392 785 349 547 225 126 513 93 309 831 616 382 843 372 183 456 905 737 69 936 813 916 140 371 655 178 825 767 619 101 747 31 81 481 614 727 41 856 659 990 429 854 783 371 202 988 162 896 368 138 419 973 969 911 333 573 545 135 221 656 124
403 550 927 75 694 955 694 864 621 464 68 954 444 966 709 956 788 785 88 532 234 478 451 706 409 759 163 537 402 554 515 779 712 60 104 123 67 302 886 664 294 195 318 503 111 253 326 365 424 631 176 332 427 174 87 599 177 670 793 523 662 762 344 887 923 362 253 40 946 845 55 359 226 574 858 222 690 439 906 873 80 864 494 302 947 720 880 444 648 763 345 682 739 362 105 753 240 671 220 58
13 976 538 257 870 115 42 622 363 400 56 510 558 321 6 643 471 826 153 883 915 262 686 151 444 80 555 750 320 920 47 956 650 121 181 777 594 220 954 543 394 907 569 86 503 336 911 303 262 608 420 849 515 187 558 380 795 692 307 215 81 152 226 816 488 972 499 807 224 720 277 80 634 12 14 1 569 495 476 591 436 847 66 100 674 64 648 94 563 620 694 984 464 667 419 93 361 646 334 321
65 268 808 516 798 210 779 214 680 454 547 662 639 964 696 667 559 32 291 478 189 925 45 94 755 759 901 114 955 26 773 922 375 400 972 711 765 456 938 487 91 690 281 357 981 503 663 44 386 158 572 301 76 698 709 515 138 109 148 727 312 778 910 685 258 497 823 36 677 838 261 548 141 411 443 465 135 47 515 211 177 534 158 981 52 620 612 212 986 947 923 548 560 128 473 717 566 178 893 676
485 862 966 253 500 663 33 411 914 274 67 204 997 747 929 887 968 34 159 807 690 513 965 57 629 252 376 336 726 673 226 603 45 815 399 239 447 19 265 277 579 868 502 347 706 812 37 566 378 735 709 275 703 124 137 644 397 538 78 46 869 945 919 666 467 335 532 276 426 778 477 857 306 587 645 635 792 660 913 78 747 175 930 373 873 385 279 175 174 670 73 485 227 487 790 41 869 298 306 798
417 465 824 700 388 67 433 28 700 193 291 610 874 644 672 135 303 464 115 366 161 131 860 430 816 942 607 37 275 500 42 337 300 834 783 309 258 184 680 758 71 242 348 278 177 164 490 843 790 970 115 993 457 397 694 706 925 243 643 572 342 0 345 45 714 607 20 354 363 515 503 295 745 13 709 176 288 361 761 436 936 125 857 457 571 29 656 559 871 747 740 131 618 453 638 961 856 108 181 396
468 842 373 609 70 424 892 938 969 830 940 980 244 240 182 163 165 385 974 399 640 462 647 716 835 206 712 985 110 348 387 968 613 54 818 361 154 249 265 239 81 601 49 833 714 572 173 477 943 26 929 643 16 855 918 751 336 505 666 460 857 852 948 398 687 148 194 219 514 651 531 494 111 743 613 594 500 957 832 166 334 161 444 705 136 420 285 50 286 680 203 329 888 544 624 425 447 484 256 681
649 730 211 293 364 283 902 459 117 465 976 781 732 882 440 131 688 825 173 312 725 22 669 377 166 973 128 989 846 925 282 466 934 624 132 166 368 334 541 324 455 913 229 74 166 892 20 651 495 783 660 157 747 553 367 599 59 91 401 840 782 62 362 793 917 104 281 459 160 241 636 928 702 198 259 591 90 884 209 933 704 656 32 722 361 132 474 485 822 994 427 979 172 171 919 429 570 641 615 107
873 83 931 149 732 747 534 443 187 935 135 413 474 286 448 941 68 565 340 556 169 136 755 626 189 321 527 617 135 724 87 932 737 749 562 563 663 47 664 284 359 924 947 756 410 445 226 765 809 866 150 88 667 872 935 229 400 267 690 429 533 519 111 995 237 202 502 547 749 563 692 559 789 287 771 137 848 818 912 473 130 139 939 684 403 64 196 567 885 356 288 328 876 668 682 825 692 283 887 416
1000 894 233 751 723 142 847 309 55 345 370 256 933 774 708 892 686 871 328 806 519 241 366 768 812 372 431 210 237 979 801 970 598 145 128 148 278 877 767 717 405 393 194 311 763 671 201 577 899 478 258 111 754 350 340 252 545 991 794 431 539 971 255 136 108 594 655 444 792 736 663 619 501 329 372 343 218 376 667 935 238 4 883 181 157 459 773 207 119 809 208 296 960 93 886 128 237 998 488 86
369 30 115 593 268 547 316 501 203 744 502 842 111 205 674 569 969 468 774 921 277 586 948 650 985 10 360 166 52 564 441 546 64 862 398 667 941 16 287 354 141 671 943 503 540 646 414 452 467 473 140 985 118 537 261 530 315 256 993 461 192 714 156 276 809 837 18 19 776 379 391 577 749 318 399 650 584 90 16 592 895 892 622 83 306 433 444 601 745 157 2 479 68 37 808 935 906 215 648 973
164 375 333 163 490 45 950 873 139 459 336 810 242 390 700 871 403 201 31 452 838 826 565 703 520 196 246 753 532 788 960 859 318 471 339 943 108 460 269 945 974 549 403 393 44 688 292 807 959 209 953 844 801 18 133 561 971 435 946 249 799 852 223 238 73 526 221 378 11 382 870 285 73 811 964 925 665 714 672 496 83 151 146 916 848 12 30 66 227 379 411 746 191 593 313 867 675 404 601 653
646 600 985 1000 158 976 827 720 262 10 88 177 997 67 887 904 206 645 701 46 21 984 948 537 310 214 251 316 637 332 569 600 407 74 785 882 249 86 438 256 519 147 92 350 928 102 42 974 262 931 921 178 665 784 353 304 343 828 687 520 540 442 703 558 738 224 523 64 22 328 782 77 491 822 707 536 952 125 550 24 959 32 145 506 799 71 326 524 516 180 664 322 553 549 410 75 209 117 799 128
597 63 508 418 422 729 270 280 989 735 289 108 370 706 208 495 809 934 20 191 797 46 638 373 37 290 336 966 606 639 480 458 847 110 271 918 13 504 516 451 587 784 338 966 202 183 492 262 98 508 6 165 185 600 527 472 189 298 264 326 948 777 819 619 930 119 66 51 380 223 315 868 112 255 580 348 593 4 926 258 361 613 756 545 672 933 422 848 81 368 749 31 40 147 693 446 241 393 319 386
605 1 845 940 544 440 921 57 620 57 12 162 416 436 486 413 125 970 725 881 981 971 664 442 933 574 978 481 458 912 55 102 598 655 528 419 97 976 808 353 296 978 854 251 93 120 205 361 713 184 328 544 542 565 637 724 899 945 354 105 663 368 734 205 492 416 208 96 303 334 869 453 172 731 989 930 742 963 328 676 375 257 862 213 666 858 409 454 649 1 949 838 472 838 57 667 209 583 486 435
294 526 744 398 219 772 974 994 613 968 721 294 599 15 483 224 924 84 822 190 661 584 83 133 607 483 352 768 493 227 388 806 793 410 950 917 401 47 381 981 814 308 866 301 790 478 526 960 153 168 177 782 914 384 139 954 168 832 357 402 16 58 536 557 267 910 630 485 814 777 664 187 186 466 422 825 584 305 710 584 402 280 717 229 137 442 908 17 749 966 438 19 813 51 423 854 452 686 140 993
846 568 57 218 657 516 476 614 347 143 406 162 923 571 940 921 491 913 573 558 551 268 167 828 101 20 108 744 259 899 253 272 678 218 119 435 532 154 857 581 472 306 406 431 522 328 925 10 389 823 472 976 460 195 768 675 122 482 490 594 598 827 735 487 427 71 86 193 59 278 212 204 820 817 706 94 340 663 187 377 634 220 339 905 352 892 313 670 867 239 854 873 31 101 146 439 818 596 687 669
157 652 448 847 744 411 611 840 753 799 289 718 196 165 589 254 290 312 710 671 613 989 845 788 971 10 98 132 731 432 124 12 672 409 429 498 587 99 514 947 556 865 856 145 399 48 714 14 828 597 193 537 34 988 855 571 59 507 488 544 215 419 468 354 1000 189 817 444 946 577 814 459 256 912 980 549 583 114 143 196 118 108 824 147 850 464 50 750 67 542 56 55 829 890 603 621 387 178 108 630
299 617 877 725 139 131 845 225 601 911 247 201 227 198 112 273 430 407 371 120 455 465 27 352 549 389 829 987 147 49 725 208 376 2 550 348 417 107 377 918 422 717 951 959 968 628 548 376 174 206 981 628 188 277 754 537 666 671 593 25 604 469 570 288 494 88 77 622 193 229 619 330 151 430 426 354 511 524 541 917 170 936 936 362 68 475 878 453 678 386 807 28 249 598 712 263 674 355 499 263
701 111 741 329 728 3 994 209 221 70 953 133 833 799 97 482 393 235 36 608 846 911 104 334 659 770 4 968 891 908 408 357 567 901 274 71 920 192 599 852 744 991 341 151 459 23 866 971 766 19 871 108 129 370 333 407 684 511 579 524 177 131 262 724 844 367 596 70 509 975 526 275 887 435 403 171 242 817 256 270 160 242 168 613 476 183 361 207 187 855 32 742 22 818 810 850 525 798 827 485
979 920 213 570 546 381 377 771 473 990 388 431 361 323 191 329 968 329 609 434 397 162 605 139 528 577 308 44 782 388 831 312 826 723 319 228 369 197 961 508 297 774 999 386 556 521 779 126 165 798 884 847 782 872 681 752 761 741 248 636 600 623 668 598 499 437 594 345 98 226 785 854 841 543 934 13 139 418 578 736 875 688 334 417 64 431 976 124 573 556 503 338 767 536 320 396 937 518 577 91
602 384 529 583 198 140 612 915 661 947 419 80 475 152 911 725 385 97 290 572 315 274 265 889 888 79 486 785 889 401 415 267 600 879 360 911 768 354 944 512 160 817 750 337 962 693 108 279 345 818 18 431 546 671 794 426 275 29 611 784 394 857 4 525 381 477 609 846 972 140 597 263 888 830 749 940 488 464 171 919 583 586 367 585 41 283 328 483 273 138 333 854 810 97 690 953 624 78 699 304
557 287 104 490 187 843 110 524 506 875 887 107 813 727 459 811 359 127 651 249 47 719 642 909 251 21 131 996 453 828 911 322 755 453 310 884 193 912 47 93 917 6 903 566 801 977 356 198 634 699 463 360 192 870 881 139 675 173 450 340 423 603 986 894 325 639 539 501 539 822 869 795 187 633 920 598 939 511 386 318 464 625 220 750 973 113 8 978 154 839 558 617 280 638 232 979 556 860 690 909
315 575 21 469 553 355 579 698 254 289 87 464 112 484 378 911 953 493 794 354 685 282 228 987 545 686 226 397 194 716 434 523 53 275 232 602 236 593 447 81 586 878 14 602 714 978 928 770 520 998 84 738 790 328 619 552 259 831 406 824 847 664 54 662 316 709 658 695 574 563 78 62 998 88 35 331 285 963 832 19 303 279 511 210 962 222 298 31 793 642 288 113 223 77 300 510 577 875 729 810
620 802 208 150 510 396 298 486 657 56 230 464 701 418 31 889 887 482 229 609 714 120 167 677 815 509 96 760 52 257 977 842 133 864 636 12 822 969 231 416 270 797 195 729 445 696 391 578 779 914 172 767 444 251 249 908 150 363 978 440 492 201 290 226 692 460 590 868 922 112 513 702 466 640 476 770 229 274 498 708 858 315 644 884 62 593 876 669 909 153 644 255 736 16 911 197 975 71 948 477
638 154 82 321 736 628 376 380 238 960 818 341 624 785 98 233 166 121 273 415 470 717 543 508 744 835 344 117 78 21 407 94 344 381 318 825 538 905 289 140 749 643 510 984 47 959 416 7 851 761 494 251 270 83 354 678 898 275 131 282 146 151 586 57 671 776 57 512 855 883 995 751 637 358 858 499 429 434 818 849 836 122 798 495 119 553 142 524 337 503 385 759 644 432 979 107 129 535 358 310
834 552 761 10 495 544 647 536 125 364 830 56 684 685 447 188 219 855 237 107 92 258 993 364 160 159 864 286 119 188 930 218 49 461 945 207 220 477 136 475 400 26 132 193 598 561 431 292 886 760 463 337 974 285 808 790 247 275 474 540 683 375 769 386 320 933 188 471 812 555 497 533 77 731 405 312 944 415 547 186 823 75 750 502 488 47 301 428 935 813 261 641 248 998 454 969 484 152 542 356
886 545 98 107 835 689 317 38 847 517 383 185 542 580 608 185 896 468 667 377 123 732 667 918 858 776 600 76 330 536 471 111 752 642 300 446 379 747 198 194 45 183 810 294 667 899 589 814 472 380 375 980 853 72 435 859 252 504 239 129 957 734 1 706 563 590 218 398 221 938 75 434 983 455 850 196 813 964 775 469 547 727 410 760 176 17 443 41 545 508 154 997 673 487 455 395 535 548 695 680
841 210 306 57 854 423 449 952 572 92 893 884 885 575 551 805 106 296 932 945 316 821 633 747 236 755 970 194 985 894 896 50 100 302 898 318 566 37 549 812 473 1 110 836 549 803 156 644 416 975 720 614 874 824 445 798 509 790 604 940 493 524 518 472 776 22 112 433 726 731 71 645 204 18 102 320 854 345 265 973 568 14 588 662 590 919 975 966 199 747 257 286 296 333 310 154 434 567 785 255
5 435 757 778 555 804 46 507 973 951 783 621 921 137 428 159 533 666 752 273 963 249 22 625 846 599 759 510 838 63 26 597 654 964 513 379 701 233 408 652 172 774 595 582 809 950 425 701 170 201 193 461 191 46 672 10 643 126 68 161 133 876 449 864 115 587 90 956 31 147 964 308 40 482 503 85 795 693 204 580 603 488 843 308 366 869 551 908 682 346 297 501 329 767 549 89 45 658 354 916
351 495 243 953 109 901 401 107 134 16 541 951 360 525 278 429 385 691 844 347 530 343 851 525 876 963 833 906 1000 801 129 647 423 919 645 469 216 349 886 199 802 909 639 786 796 383 559 950 226 772 651 692 400 343 501 429 757 954 200 563 814 877 430 367 730 770 102 227 127 114 937 393 215 145 626 665 135 413 556 320 999 989 127 139 453 478 764 479 154 723 610 886 381 783 816 704 896 764 377 690
391 74 728 371 820 648 645 125 64 629 895 6 77 708 95 272 711 14 435 686 319 704 205 685 711 207 752 290 852 200 164 963 401 543 414 880 1000 649 836 457 4 366 8 23 876 931 931 839 451 151 45 608 940 279 31 454 361 249 12 136 39 22 266 829 497 362 426 833 402 982 744 374 609 235 863 167 892 969 162 889 704 445 794 636 168 849 177 385 918 505 405 654 138 640 813 171 112 397 706 102
253 326 672 821 704 585 364 619 744 491 1 772 464 826 210 116 738 299 981 627 663 180 844 892 38 527 855 2 487 340 832 204 224 415 132 405 854 269 792 69 313 895 255 580 909 712 283 101 142 325 355 229 148 594 258 63 821 483 28 833 323 650 453 641 679 704 495 504 857 716 5 76 754 172 71 858 741 439 238 949 545 517 65 487 409 21 952 429 97 167 211 245 970 822 160 478 996 191 667 345
907 608 861 621 563 538 979 329 831 283 36 381 862 533 789 609 878 196 980 634 151 207 128 267 756 566 874 48 31 411 731 205 540 418 633 314 756 602 597 489 643 439 416 770 345 443 601 106 232 446 588 801 917 76 425 1000 257 822 643 128 218 898 398 376 875 589 436 642 378 11 866 196 935 652 959 748 642 992 685 500 53 201 984 30 43 831 992 650 414 454 861 708 248 900 897 501 581 102 560 858
767 515 854 757 93 550 683 9 469 867 271 270 779 990 784 44 214 138 599 188 613 598 260 106 28 282 376 102 78 74 340 110 76 132 697 5 533 5 289 383 894 554 793 628 44 339 503 167 590 240 712 901 132 591 606 368 231 407 41 381 23 224 275 477 545 323 246 75 499 851 81 211 315 843 74 922 551 390 649 552 342 560 856 197 156 89 526 599 21 221 282 40 888 11 384 704 965 970 94 693
404 368 489 518 424 213 83 376 838 333 68 541 322 289 394 725 441 635 323 596 187 222 917 971 566 528 453 244 612 724 697 557 517 232 474 433 659 15 813 831 185 362 641 9 601 336 161 969 916 770 577 746 250 534 113 550 664 425 652 776 811 188 656 740 138 823 792 90 416 927 90 451 218 985 472 897 459 994 446 930 800 372 635 335 465 715 390 543 904 847 560 892 858 437 521 291 142 641 425 842
296 390 160 563 929 491 806 28 748 87 827 248 191 800 140 212 430 461 10 15 976 852 930 264 385 325 233 270 628 672 22 383 551 183 110 918 966 370 0 561 146 778 421 431 621 427 495 892 318 541 516 618 388 27 37 468 27 122 122 443 710 531 30 605 362 605 579 463 570 320 123 132 1000 813 910 59 836 363 762 504 569 855 346 594 738 979 866 114 521 262 231 7 243 116 680 360 382 234 714 991
832 0 967 545 933 34 398 708 669 506 756 955 325 343 156 100 79 653 613 869 169 212 871 904 62 471 150 208 281 497 213 66 157 211 149 570 591 775 229 879 173 60 504 120 207 523 39 866 98 928 782 646 349 64 461 884 950 371 374 852 376 371 44 710 393 28 602 327 664 433 79 892 161 502 872 257 39 558 875 142 555 337 394 755 588 709 516 510 132 218 912 858 548 78 76 138 91 649 125 851
543 37 748 556 240 408 248 919 295 683 344 26 574 708 414 205 652 1000 20 838 806 682 743 900 369 746 955 747 238 769 728 607 380 869 98 393 523 682 707 425 11 483 948 684 678 929 37 850 673 277 615 526 914 687 643 668 100 466 940 653 57 849 752 998 15 60 452 127 648 80 689 615 562 114 758 492 72 322 973 883 185 923 707 202 496 320 232 322 160 407 449 368 180 483 938 635 763 246 837 889
723 923 109 612 121 618 283 279 60 800 941 882 355 17 260 719 296 448 192 595 895 726 619 663 962 994 666 662 735 787 366 938 809 744 368 61 340 352 263 859 149 27 579 844 521 623 685 351 4 674 311 683 774 83 155 651 400 368 270 854 583 537 970 432 217 111 853 695 289 204 833 929 528 207 266 373 378 893 113 402 961 22 794 701 797 42 439 463 484 185 24 285 252 26 299 471 48 525 722 993
53 236 900 192 676 949 870 507 718 658 804 265 548 850 181 54 295 293 965 133 921 972 93 891 352 719 25 39 495 191 30 117 377 381 218 424 283 49 959 856 548 206 543 839 761 697 435 666 575 344 139 426 693 437 364 339 134 259 532 499 747 350 988 905 136 414 648 668 767 712 977 345 603 555 888 531 450 564 607 812 441 221 258 816 281 501 664 196 12 187 803 708 712 852 409 767 226 20 815 777
881 564 506 74 116 726 452 983 394 703 791 449 15 555 551 781 593 2 753 487 480 3 770 474 499 821 954 488 540 518 228 615 649 40 816 710 493 487 69 730 744 449 13 139 512 372 90 586 402 597 33 289 33 335 620 918 63 349 60 756 43 331 983 491 777 544 713 927 888 136 435 755 127 483 271 659 953 232 524 272 207 293 34 812 910 909 335 612 350 589 245 307 106 146 74 904 480 911 818 825
157 107 354 292 201 240 293 317 622 229 268 535 543 705 594 40 494 653 441 738 406 900 758 364 882 608 237 371 195 565 907 20 458 706 173 250 29 368 444 13 394 305 754 151 865 126 751 853 10 135 422 726 743 334 400 583 697 469 767 526 419 285 332 995 394 749 448 814 816 1 643 278 643 189 479 452 497 426 26 500 830 948 563 854 598 449 490 957 660 328 494 634 999 982 429 558 941 936 814 981
244 661 240 193 194 404 30 673 571 289 546 615 614 40 314 970 908 382 949 865 537 749 937 203 403 15 433 754 410 800 787 499 967 400 113 349 776 469 706 561 796 92 922 350 763 974 193 747 819 114 977 746 417 540 897 344 915 184 191 502 233 303 368 761 85 954 711 92 125 910 508 67 375 580 951 641 795 77 859 994 182 944 114 112 406 110 371 420 820 115 560 82 758 515 295 154 190 686 205 973
167 144 468 579 346 348 79 125 455 974 326 976 691 48 52 54 187 783 624 106 308 944 848 683 238 532 636 140 106 550 873 683 185 510 788 774 46 928 421 883 644 2 349 144 397 165 235 293 262 728 764 108 659 67 490 613 764 194 63 528 182 307 792 94 719 338 940 303 802 75 201 537 803 874 117 64 494 284 338 458 111 571 283 811 840 746 228 138 92 487 330 191 632 830 338 765 975 852 69 948
892 717 243 863 268 61 318 901 20 999 246 910 895 953 489 191 89 68 34 115 349 868 713 849 135 686 797 422 605 228 944 469 469 38 713 844 337 351 257 879 178 701 766 230 591 330 552 209 649 251 792 869 257 424 557 165 458 328 348 717 694 449 489 141 40 558 917 590 221 367 616 693 755 655 196 977 677 439 159 481 649 734 606 993 898 340 554 976 101 223 948 834 569 462 770 189 422 329 341 365
678 758 754 229 723 288 371 377 607 218 223 173 225 633 896 767 308 198 389 501 708 221 183 612 1000 656 800 801 592 769 1 519 736 308 885 868 252 120 874 407 501 228 556 192 131 782 569 525 792 586 321 67 567 180 561 860 274 141 916 441 148 391 881 489 990 19 114 327 169 236 806 518 542 508 62 767 744 115 767 924 708 743 913 807 464 889 447 788 583 621 913 830 386 917 918 908 139 848 810 763
723 823 910 763 453 699 506 828 940 94 901 930 717 736 80 993 784 85 55 912 652 771 761 936 319 208 230 160 906 258 247 57 420 417 75 733 805 295 951 556 144 539 449 696 964 250 876 213 186 26 372 202 325 125 389 755 964 259 141 317 142 56 764 627 731 550 449 434 268 41 254 936 93 25 309 692 476 176 484 60 474 537 358 36 763 54 740 865 704 720 220 470 690 727 546 166 712 46 451 572
441 531 470 456 825 176 718 931 368 53 172 501 177 610 661 369 543 337 35 454 554 861 466 886 313 633 149 114 957 892 785 778 974 927 597 49 293 163 636 257 709 149 388 55 475 403 481 463 538 2 244 715 793 748 621 528 778 432 724 60 204 579 800 456 393 382 242 985 413 522 885 960 185 199 441 796 989 522 333 459 192 780 209 292 807 571 52 360 206 815 436 677 242 121 275 457 168 131 214 518
264 257 681 853 242 390 517 453 361 5 977 52 37 560 620 856 366 710 55 403 530 63 763 949 896 626 565 547 106 826 460 931 824 650 117 612 793 723 797 312 158 300 535 221 678 120 845 348 45 861 381 698 761 42 172 574 209 233 664 36 989 318 364 373 535 108 17 614 106 455 98 473 559 315 189 552 361 126 301 1000 920 588 19 68 707 778 501 591 923 799 270 746 469 111 270 782 361 806 809 92
706 1 234 746 653 806 944 490 577 679 72 81 210 723 471 935 176 585 425 283 174 563 711 167 236 476 985 240 476 491 925 724 51 379 385 380 987 817 72 300 900 310 938 784 180 265 705 674 312 624 858 706 534 476 889 213 139 909 320 350 235 145 220 700 847 111 911 926 475 828 554 21 320 572 937 930 435 913 985 653 27 504 751 369 377 387 167 446 531 466 614 117 539 328 482 468 937 240 743 340
215 195 48 49 827 423 979 181 694 969 96 478 461 532 555 963 144 423 567 655 198 945 125 151 192 901 757 654 136 382 582 450 465 285 991 68 663 666 204 199 884 818 71 306 669 222 261 324 777 770 991 5 865 290 95 479 288 565 935 738 417 244 421 172 799 963 774 320 333 421 838 97 536 503 672 466 455 668 195 442 94 988 799 381 33 567 461 511 824 950 341 149 415 317 547 180 711 105 429 305
625 763 778 122 718 683 516 536 302 628 991 911 650 1 41 897 431 751 354 598 333 602 256 163 253 813 374 59 724 361 418 704 452 108 421 65 847 724 481 792 659 99 867 689 990 711 904 976 562 192 156 635 645 984 954 936 986 615 367 884 852 823 980 286 12 723 197 435 945 488 963 923 335 807 985 553 652 284 451 512 157 139 267 209 902 304 105 651 323 81 986 804 217 547 341 771 424 710 165 505
921 816 668 224 1 486 957 631 749 634 756 546 149 502 550 611 178 126 518 901 83 92 770 651 751 90 138 822 901 89 321 794 193 241 797 620 901 452 582 31 169 54 568 155 927 894 918 434 727 924 733 256 158 894 953 19 782 432 909 404 808 554 792 144 887 594 905 774 774 512 59 225 561 512 95 741 591 570 439 67 4 132 394 107 406 77 228 123 990 23 799 486 957 588 583 160 21 477 833 78
716 312 529 452 332 151 923 102 542 328 512 620 852 853 714 104 276 230 783 481 802 203 619 60 13 866 911 765 107 613 20 255 725 326 180 265 357 86 489 640 498 737 310 251 728 92 521 207 533 252 126 706 43 188 793 279 466 646 693 319 883 522 613 760 135 232 758 628 568 914 248 572 530 428 305 25 105 344 357 551 200 957 852 429 829 332 446 540 837 661 543 829 360 464 846 689 263 89 365 165
222 212 833 460 120 665 215 178 617 18 78 473 211 495 321 264 238 97 243 73 94 828 672 956 788 604 136 751 900 547 589 165 739 442 936 163 903 661 551 415 168 108 252 290 592 430 431 544 509 400 408 823 433 489 406 353 589 794 2 379 161 343 149 672 981 435 228 593 637 725 868 66 662 496 615 585 438 13 927 176 79 40 977 544 282 193 11 657 22 779 165 926 682 545 300 874 881 366 283 372
31 458 729 846 379 394 545 213 418 405 77 408 608 537 736 612 84 140 291 407 448 655 697 616 548 76 862 384 885 693 316 624 873 167 965 457 204 143 358 17 522 561 830 466 568 556 550 763 438 550 70 579 202 178 615 56 439 510 319 835 121 886 511 997 289 991 704 433 21 2 167 317 838 302 460 807 225 885 1000 873 857 119 37 633 842 34 312 562 878 769 579 41 427 514 892 34 612 333 252 405
857 46 506 821 926 18 378 128 217 785 331 474 311 442 804 353 281 947 231 886 93 679 926 65 526 437 721 176 260 592 877 976 154 723 974 768 811 178 182 656 245 581 366 755 877 407 878 989 474 108 672 128 975 823 99 584 218 319 635 261 265 708 868 970 435 910 387 32 65 994 183 341 84 992 989 988 882 321 959 289 353 283 781 356 773 113 5 780 566 383 30 654 661 382 953 163 512 44 788 939
563 271 116 399 274 813 180 344 436 903 831 564 112 869 733 580 504 578 252 796 707 724 29 599 113 607 583 373 288 310 341 852 439 879 895 145 827 68 45 670 298 611 93 61 769 149 6 624 8 163 722 865 783 786 818 532 764 161 803 429 961 212 383 470 190 449 299 894 413 836 136 924 397 713 608 30 784 924 558 980 408 474 139 171 746 492 510 632 276 48 866 930 170 319 942 49 478 407 988 358
622 904 718 51 9 122 431 990 835 2 22 162 572 850 875 784 176 692 94 357 104 112 999 857 186 92 987 291 518 547 785 222 71 422 17 277 218 212 332 693 174 270 597 477 133 481 653 772 862 442 488 73 778 191 382 385 847 942 753 898 9 839 339 487 907 139 850 379 837 748 836 143 12 804 710 823 808 276 203 775 933 680 829 742 451 518 415 361 313 888 905 350 466 548 538 211 3 618 210 585
878 83 301 150 944 389 817 378 967 937 449 286 811 442 678 410 670 181 811 712 136 427 388 141 542 980 643 786 350 915 679 127 259 202 174 401 29 979 248 161 241 55 103 953 490 443 133 295 198 477 551 560 618 359 344 98 282 260 188 127 988 146 594 464 144 881 224 626 828 610 430 871 422 802 37 611 987 854 504 816 312 837 539 53 597 889 208 373 62 524 348 116 931 940 188 29 782 865 845 85
946 923 269 130 243 675 460 383 297 72 274 243 87 351 807 454 418 312 341 538 118 888 856 134 536 948 349 258 30 244 15 401 693 330 209 839 944 435 882 610 744 592 122 948 119 867 191 62 986 160 95 417 853 211 539 559 634 308 597 687 361 284 9 133 97 424 427 356 323 426 585 4 751 755 633 61 716 685 76 916 907 805 543 773 355 554 307 493 156 332 87 889 76 414 282 165 660 546 902 459
790 272 170 181 758 111 450 631 965 115 80 139 701 570 358 291 939 156 850 749 464 842 308 891 236 815 625 498 616 261 940 782 745 107 306 676 520 579 763 717 742 198 395 163 670 649 412 447 969 537 209 644 483 524 315 379 97 315 682 191 683 161 279 610 839 517 851 943 64 382 888 750 154 734 106 715 784 86 391 819 143 670 952 662 655 676 466 814 454 135 692 4 531 824 605 988 657 885 291 293
632 675 899 362 523 5 441 311 486 931 889 843 85 156 544 226 229 773 293 812 599 456 741 303 850 730 79 276 295 37 994 540 666 987 124 482 379 337 799 946 324 718 7 41 787 294 930 920 736 780 408 909 962 726 798 498 357 86 12 397 615 825 902 13 312 833 704 744 362 85 356 126 439 400 114 418 520 981 94 297 791 133 274 290 654 335 495 679 433 25 588 789 210 72 104 111 549 725 348 693
610 356 852 105 859 476 544 879 98 358 417 680 242 307 943 938 616 259 716 968 297 850 486 1000 959 972 528 508 584 576 384 105 660 526 813 487 347 43 216 261 266 243 608 820 432 984 529 436 820 630 580 358 398 583 1 317 113 229 512 408 422 64 776 680 468 837 650 196 427 416 197 119 694 168 240 690 306 74 352 451 353 96 867 236 436 221 935 806 580 606 420 218 172 669 291 987 16 816 561 228
880 574 270 374 827 422 271 97 45 617 354 880 831 986 731 209 187 302 662 43 171 230 78 627 742 920 913 32 911 258 512 815 905 864 977 411 130 223 54 604 60 185 342 902 448 566 203 295 424 270 922 529 417 74 824 801 988 473 345 953 57 118 485 417 902 108 391 869 544 434 298 22 723 104 514 466 64 748 913 192 556 980 921 912 863 216 714 105 921 349 229 724 163 469 169 231 935 87 136 818
890 268 705 31 874 275 680 265 203 247 521 252 400 536 660 777 165 848 527 478 463 900 498 22 323 802 589 314 836 416 923 962 132 680 149 714 109 270 351 492 759 224 823 897 563 408 93 382 640 747 0 295 42 76 261 505 92 238 357 899 333 517 326 2 920 352 694 41 666 410 571 718 481 727 347 444 172 646 720 68 636 133 166 706 772 332 152 288 719 31 587 609 404 590 876 655 704 802 132 12
305 379 708 135 559 328 577 382 352 650 86 293 915 522 613 327 185 969 856 438 124 786 736 34 437 868 620 968 423 994 231 282 695 997 409 57 615 615 432 432 148 240 569 616 829 101 999 916 500 938 502 623 666 264 761 769 56 343 448 904 178 820 497 219 913 96 241 903 177 78 202 309 664 141 285 729 589 434 484 659 396 626 744 901 269 73 988 36 144 720 382 75 323 404 126 307 693 637 283 432
278 461 273 603 803 692 730 11 876 816 135 228 302 400 182 57 517 525 756 712 739 837 65 365 777 148 788 76 241 633 149 916 164 274 154 982 926 184 434 504 637 354 222 795 79 273 803 822 725 758 750 527 666 686 752 731 570 820 707 551 262 667 466 972 587 285 915 472 77 494 581 644 847 797 40 727 46 788 255 345 243 984 381 218 941 795 186 693 809 502 358 524 470 808 627 424 334 799 239 916
174 830 141 339 488 637 675 934 299 761 223 484 480 457 864 673 20 775 90 363 635 933 660 660 301 948 806 841 991 736 516 539 261 525 10 241 979 127 51 771 332 750 43 444 793 888 122 413 817 951 103 160 319 690 793 63 40 997 104 818 795 793 829 62 844 268 77 376 830 436 678 408 618 360 896 320 540 475 842 932 705 826 944 408 230 291 456 369 680 702 464 116 126 559 270 328 813 63 263 694
993 924 87 982 925 531 513 395 525 533 199 795 643 152 892 782 884 358 944 498 806 197 86 467 122 214 618 186 967 700 146 870 293 596 720 970 963 849 277 782 755 157 987 354 92 119 993 699 931 151 782 147 152 822 200 911 668 711 284 320 447 689 48 663 642 223 864 713 569 706 856 419 722 935 355 536 463 365 833 405 702 997 719 827 921 863 844 916 101 96 546 41 552 417 399 583 127 636 17 669
195 983 471 959 90 203 630 206 691 527 500 703 140 47 575 339 393 152 4 205 267 851 22 7 123 895 268 643 412 182 928 931 430 574 983 836 642 977 757 965 125 484 218 267 375 871 458 450 456 102 450 945 831 399 469 645 926 623 601 29 510 433 798 843 592 917 263 720 324 252 991 50 420 496 939 518 843 439 971 530 70 287 409 758 904 234 942 0 529 735 827 993 485 12 34 610 380 403 65 181
329 966 430 973 168 486 384 778 55 884 182 452 76 87 932 452 176 660 385 872 681 807 751 438 19 916 295 171 574 628 787 805 908 957 868 158 210 851 231 742 461 344 829 698 188 130 6 432 403 755 991 990 931 734 856 15 980 886 404 775 958 923 988 933 495 881 130 965 96 464 568 99 55 273 61 620 866 948 447 846 910 619 845 109 793 603 361 515 898 789 633 230 332 416 626 98 893 0 789 235
67 30 0 135 646 951 28 594 183 761 245 928 650 198 847 492 667 110 426 632 214 431 837 92 803 371 216 727 903 161 646 238 757 225 68 188 714 535 611 907 297 761 223 906 931 676 583 836 70 442 906 815 619 260 962 759 496 487 243 282 763 824 898 521 84 939 3 0 997 658 923 761 571 893 714 600 805 866 596 410 587 882 821 84 746 719 765 712 272 231 317 18 438 323 59 995 856 565 985 992
67 80 350 493 296 310 802 649 963 78 552 381 377 889 272 822 426 384 413 746 104 268 276 389 839 456 862 418 621 675 5 843 108 742 210 160 854 455 878 997 742 77 320 852 207 465 266 141 953 866 5 355 739 510 152 899 651 682 693 633 137 477 922 835 695 287 623 875 693 487 472 901 496 37 708 549 436 15 337 720 843 183 555 407 519 700 877 570 58 738 743 174 888 759 160 939 189 524 107 803
357 532 201 335 207 994 465 919 653 668 517 36 796 399 312 666 391 274 254 325 561 236 124 949 497 658 948 419 604 733 597 466 393 392 937 17 953 452 123 942 410 929 677 155 549 229 948 585 640 185 211 323 103 922 254 18 28 198 202 710 469 967 555 356 59 443 782 620 307 253 319 933 911 688 109 804 802 650 194 264 55 402 281 135 632 482 419 530 550 397 811 754 7 968 311 557 970 162 922 5
556 981 721 455 336 357 951 82 427 99 223 923 576 470 424 352 331 894 503 19 568 186 778 806 245 53 434 6 488 417 745 724 846 788 982 478 389 239 290 730 834 116 472 592 543 432 817 824 833 732 262 870 271 392 608 960 436 461 63 715 662 439 682 788 655 911 193 818 594 279 914 671 69 489 778 558 217 778 202 105 261 520 574 699 913 29 82 738 254 520 813 346 417 450 624 368 646 267 844 114
556 70 254 149 777 744 758 525 366 548 631 932 847 514 76 129 475 872 417 873 572 818 94 294 606 22 840 512 975 150 83 569 872 941 3 381 784 232 653 609 745 998 987 968 894 419 699 725 646 699 335 790 370 296 330 733 500 523 624 760 613 93 605 126 885 984 111 411 162 826 145 267 117 428 294 156 974 284 841 590 156 258 187 614 341 74 282 714 41 367 377 980 58 732 948 529 21 502 796 434
682 332 700 174 244 861 186 630 326 776 23 112 286 50 272 596 41 63 22 200 103 416 962 192 326 617 758 670 853 453 335 34 577 235 510 765 757 685 216 212 173 709 590 625 544 929 884 957 63 929 37 754 305 593 944 196 782 40 527 724 360 649 797 689 748 603 225 568 94 617 865 836 390 393 342 439 603 518 997 911 995 706 922 683 205 183 8 305 483 918 625 933 152 888 808 765 39 398 814 10
777 320 350 894 163 4 863 69 169 1000 335 858 567 904 900 856 509 277 975 203 704 195 856 689 386 322 320 840 377 785 834 564 832 497 495 468 153 832 996 653 438 685 899 422 217 747 526 738 411 338 767 281 159 387 439 541 602 723 767 627 651 862 43 279 106 249 153 186 642 562 581 655 910 754 765 594 568 15 252 345 612 25 85 151 56 590 149 89 329 94 596 152 185 814 876 731 51 210 836 501
60 706 603 155 476 76 162 762 189 8 725 498 560 629 42 970 283 680 770 528 641 720 394 652 227 656 882 829 457 304 242 555 436 906 387 335 874 93 639 799 202 951 694 734 866 594 457 324 470 857 157 560 859 986 100 134 485 371 468 317 251 957 895 41 876 573 164 301 27 214 532 293 517 531 736 36 426 523 936 871 622 747 820 929 903 977 389 660 347 702 183 3 162 347 608 66 416 775 650 933
652 595 415 621 968 861 914 249 396 20 44 965 113 479 659 586 810 618 916 692 341 713 290 193 461 118 49 64 576 76 148 74 753 222 289 32 442 205 259 770 998 237 736 372 322 50 646 437 714 365 617 146 590 455 104 827 588 861 139 318 890 641 349 431 230 689 28 863 205 157 459 606 349 857 221 942 106 431 982 234 395 799 90 552 669 763 69 910 453 904 485 224 29 895 322 676 57 580 819 172
154 904 846 164 530 393 359 93 375 182 172 971 681 284 275 152 600 88 561 703 413 792 824 384 163 603 856 455 733 472 826 533 734 883 781 254 964 635 472 881 498 286 147 245 127 602 258 943 878 816 644 921 742 380 555 439 374 305 397 228 219 33 140 656 442 280 960 642 943 208 680 817 776 481 347 478 921 70 296 452 398 872 664 419 464 748 274 950 3 13 35 156 916 574 370 884 89 814 741 310
820 525 720 343 820 212 752 142 116 568 875 135 742 542 604 877 734 64 901 678 173 448 643 513 602 121 778 410 525 98 289 741 173 768 946 116 712 324 54 422 816 125 132 377 751 62 244 721 780 114 129 174 680 42 133 884 932 754 987 585 987 769 949 888 413 637 637 368 256 772 687 252 438 168 278 238 640 337 48 969 512 760 815 997 953 717 633 183 973 495 67 954 693 375 487 5 490 48 677 382
304 486 521 874 512 316 270 511 843 230 81 543 396 58 161 718 340 230 786 199 931 841 531 403 95 604 939 111 126 709 439 22 704 629 694 462 519 475 553 140 42 296 902 919 701 455 93 231 383 493 7 351 282 846 366 554 407 666 684 93 849 832 698 0 968 434 638 405 674 376 278 310 46 570 14 51 239 687 619 316 672 359 263 986 44 464 380 237 121 89 614 173 574 661 630 566 908 694 520 40
519 489 39 468 958 904 730 565 816 130 329 892 703 547 833 802 145 170 933 120 653 928 818 328 445 262 426 105 515 916 224 328 620 480 138 703 807 904 494 99 374 839 880 148 350 908 24 320 501 52 476 645 785 126 459 641 223 14 475 966 78 396 43 467 768 774 324 514 409 176 629 924 16 21 32 734 970 896 353 897 566 723 211 87 828 886 374 271 477 86 124 378 640 269 113 181 465 241 283 515
366 506 717 106 715 465 762 689 915 788 270 837 29 215 210 526 534 934 199 241 986 377 664 90 301 627 979 474 427 654 331 982 71 806 744 832 957 411 89 25 537 147 312 424 479 709 351 711 432 159 458 482 63 181 739 321 214 740 579 987 305 133 1 829 8 300 655 722 34 893 843 197 832 647 4 288 368 122 419 211 418 148 776 51 379 833 222 866 816 843 871 408 612 580 714 800 851 976 607 748
722 673 869 687 728 953 409 175 82 659 444 640 656 608 755 719 183 735 861 421 586 564 420 818 921 216 53 156 815 739 651 883 718 255 453 360 386 755 871 488 128 825 133 96 602 380 517 700 165 253 391 880 800 537 323 671 379 67 731 978 229 83 410 464 617 879 213 994 66 459 689 269 773 279 632 787 556 511 307 114 177 863 367 607 799 26 456 100 807 319 786 855 870 623 691 942 209 742 247 665
670 627 478 966 847 698 194 485 438 981 238 795 233 925 378 259 652 674 149 150 700 141 109 204 252 374 606 913 251 275 28 27 972 184 373 947 506 557 541 24 78 957 665 248 667 193 7 916 100 842 817 254 861 634 842 269 143 947 616 280 353 240 65 457 828 428 455 686 517 406 162 969 43 617 19 90 409 670 537 533 326 564 764 599 118 165 655 453 635 398 404 791 287 611 30 585 510 784 208 356
46 865 564 656 81 8 59 828 760 882 364 421 90 551 583 365 468 558 712 72 186 691 631 544 512 128 354 758 140 628 758 27 169 934 176 693 748 693 164 938 384 75 444 820 368 40 876 796 403 608 84 342 39 956 884 706 116 472 649 268 19 762 234 871 345 136 287 988 44 810 988 711 816 713 982 904 343 364 33 519 567 9 732 249 107 690 895 517 966 31 427 853 501 204 340 212 794 375 635 227
487 718 452 662 366 952 442 912 993 974 9 927 984 108 264 589 331 723 714 879 628 241 386 5 366 515 353 762 466 539 518 792 866 122 804 240 340 401 175 401 491 877 895 353 42 935 720 306 314 910 761 824 586 28 757 504 115 898 538 972 292 385 572 675 805 944 407 120 431 683 481 695 708 931 605 796 339 383 707 474 416 901 326 935 356 35 205 950 40 807 728 576 171 748 288 346 414 873 175 976
425 445 757 767 111 289 481 466 21 366 804 877 529 241 448 859 253 866 23 998 604 702 286 856 737 908 368 245 533 998 780 451 704 96 603 750 974 506 812 24 743 333 19 311 952 754 985 206 50 780 94 97 220 889 258 871 33 568 280 503 456 296 976 311 180 663 780 300 198 743 437 808 34 694 637 603 243 944 815 144 338 778 555 175 241 366 931 119 381 122 364 956 964 921 260 300 271 552 363 378
713 899 809 360 568 613 394 206 851 752 814 463 194 455 523 231 257 942 318 631 979 56 459 200 372 935 33 112 5 726 333 799 223 470 246 775 15 233 240 295 339 331 720 696 529 741 959 934 707 748 871 888 97 984 234 363 391 189 957 868 929 35 462 633 504 48 493 337 590 530 694 765 122 162 479 34 985 766 634 953 491 582 624 20 787 917 287 792 263 952 284 360 909 995 306 110 708 524 193 219
644 509 996 177 502 394 148 453 72 55 870 700 245 992 788 395 639 973 526 572 652 404 578 784 421 910 683 432 420 299 898 35 518 247 446 918 639 204 250 583 930 396 981 79 131 286 61 405 491 26 673 250 926 1 590 244 725 715 148 912 976 549 81 882 633 477 144 897 482 458 574 911 50 939 944 764 374 447 367 730 121 738 275 971 493 373 837 374 446 859 421 256 673 218 896 909 504 253 995 384
491 916 730 242 544 133 334 290 571 606 731 244 911 314 29 217 983 992 591 985 625 677 432 992 904 692 788 51 274 553 182 681 626 294 0 255 259 887 331 250 954 862 820 354 76 542 836 522 917 852 419 673 320 414 899 490 857 550 652 709 661 191 987 970 10 94 375 749 707 208 45 20 766 757 78 372 367 507 26 579 948 849 321 980 819 318 487 928 414 303 250 470 389 842 457 607 809 120 311 620
381 650 331 483 81 723 200 425 430 939 866 544 998 175 1000 293 35 164 132 667 936 909 938 748 26 341 608 2 798 31 487 125 266 120 537 662 198 753 347 792 97 82 769 960 844 594 85 34 646 636 364 384 659 68 769 431 877 27 449 94 668 212 668 755 713 715 774 945 448 385 705 494 857 433 521 754 530 347 763 492 238 549 657 26 512 186 904 789 12 869 543 72 275 143 839 492 341 562 572 798
703 439 422 560 22 868 652 511 472 426 53 981 343 574 786 799 533 164 226 784 33 870 38 435 373 48 950 744 5 80 763 915 708 564 955 493 187 846 905 464 556 645 553 287 593 184 502 47 771 179 14 59 930 559 579 459 773 939 258 737 334 928 623 464 588 786 195 375 477 157 334 525 219 410 264 565 104 269 655 856 706 142 875 894 979 955 828 195 342 934 926 740 957 365 179 466 612 572 287 762
652 347 177 545 270 412 291 571 190 357 86 224 469 128 901 959 612 539 1000 538 587 330 872 508 565 245 813 116 699 170 987 748 731 171 909 902 462 294 861 705 587 80 742 581 778 271 248 495 921 700 169 505 580 250 812 288 446 903 279 76 504 922 235 101 300 857 411 511 9 265 271 204 851 840 34 973 497 462 392 692 725 499 426 894 600 534 627 345 976 86 56 919 701 6 739 480 959 376 12 762
760 41 41 87 907 451 439 444 757 641 73 66 951 30 337 543 384 561 312 954 36 144 978 110 774 626 345 174 532 734 621 450 674 167 159 672 238 989 725 124 46 569 570 870 805 173 168 449 258 162 812 279 781 207 458 183 881 890 563 59 229 785 476 901 712 981 566 317 385 742 759 616 684 941 467 740 243 306 858 711 850 254 968 315 207 39 126 881 568 855 845 752 777 170 57 363 959 911 822 211
185 374 721 992 541 631 74 232 333 259 24 350 489 907 542 526 265 996 895 234 45 171 865 165 529 878 411 268 951 359 341 124 180 445 18 275 944 806 642 30 342 671 976 743 203 945 266 65 348 283 511 93 532 720 663 544 746 704 746 218 700 358 568 234 714 174 482 104 768 564 24 816 34 893 135 374 95 894 289 933 412 606 860 32 93 554 537 869 250 4 443 918 105 93 395 183 323 759 661 890
557 344 715 520 234 669 306 127 997 161 564 15 578 315 6 454 306 775 52 258 330 179 264 79 328 164 965 268 956 730 515 29 610 876 296 821 14 201 659 585 330 123 799 336 896 625 42 914 474 945 427 526 671 726 610 515 976 626 899 188 544 267 76 46 328 125 409 79 517 314 636 432 124 757 260 948 866 366 32 165 81 375 836 638 147 30 529 340 787 89 954 742 695 614 308 103 496 458 89 875
890 925 244 314 500 702 38 480 590 827 870 916 731 69 711 414 923 326 382 965 371 838 245 136 591 182 765 693 37 395 595 703 504 964 360 788 870 87 971 312 260 208 798 410 362 324 529 756 835 930 310 896 918 785 631 327 942 679 836 227 696 341 234 568 198 115 328 548 705 292 799 911 698 526 544 736 727 62 130 232 470 537 453 826 268 917 325 329 597 724 12 469 201 996 114 734 365 255 573 21
378 498 969 123 382 690 557 570 584 748 981 985 901 423 744 686 111 571 152 109 733 383 509 818 443 468 963 453 287 239 10 647 645 739 42 875 540 790 810 490 245 845 570 720 805 236 864 401 683 306 61 447 643 174 120 793 566 118 141 752 920 532 456 993 946 47 126 594 522 841 659 28 645 800 824 518 778 205 281 277 510 268 156 15 358 164 672 127 589 659 54 166 963 217 83 407 236 913 459 860
555 760 99 948 259 286 879 58 645 202 199 334 700 477 317 998 857 795 912 871 677 787 351 761 380 711 216 660 451 104 239 663 526 463 494 919 645 106 200 331 159 155 331 90 129 936 991 129 504 543 218 803 296 566 754 796 758 458 1000 793 510 865 124 509 490 868 631 144 889 435 441 352 919 348 337 384 919 56 369 453 531 374 327 461 483 403 436 802 919 967 491 271 324 10 245 772 727 920 286 957
23 163 706 424 19 974 856 613 0 249 317 915 479 646 717 672 35 104 667 156 758 676 532 805 631 169 697 502 142 441 969 141 868 917 10 342 969 567 583 71 631 313 658 948 230 682 312 531 647 728 646 326 155 165 119 20 984 328 762 474 982 746 214 47 310 498 191 346 999 108 899 260 831 606 201 402 265 439 115 203 230 61 995 97 460 426 654 697 528 242 219 751 263 672 982 851 361 878 947 81
839 356 743 974 668 242 375 823 748 755 738 293 930 841 764 186 265 303 55 605 497 705 635 382 418 499 216 883 549 720 935 645 747 665 705 556 804 377 755 177 699 489 6 836 6 798 490 671 692 462 314 642 544 78 851 308 595 833 400 890 247 40 190 129 683 415 804 730 834 657 459 371 504 786 186 620 800 371 63 941 466 14 842 248 964 723 942 487 224 484 993 97 486 684 827 699 346 100 935 941
173 310 646 528 10 569 384 304 275 46 638 555 770 680 647 124 152 186 489 100 995 851 433 472 26 374 711 13 645 110 16 962 385 265 376 734 201 246 377 929 562 472 159 369 47 252 890 533 587 600 819 469 133 921 890 924 726 358 134 714 320 598 919 563 472 257 509 519 8 328 343 394 618 660 729 716 342 88 994 695 406 353 194 551 265 369 141 65 643 465 832 895 370 122 251 644 111 132 326 493
745 861 645 938 21 972 681 653 903 681 396 524 383 993 603 167 833 36 603 383 189 354 899 648 586 223 499 76 294 815 73 722 40 563 409 316 415 469 855 684 190 190 648 982 979 517 67 147 795 966 559 911 270 32 615 875 980 622 167 385 235 239 369 409 419 971 318 66 430 136 726 866 543 222 98 292 859 863 140 234 371 155 528 109 870 3 523 70 644 134 661 95 711 112 352 245 700 243 746 119
618 447 135 840 578 227 6 183 479 522 204 943 374 263 412 475 179 161 412 760 941 76 387 301 692 261 356 178 316 999 186 92 911 684 982 492 915 407 305 191 702 193 27 77 377 681 0 163 788 560 652 340 524 32 618 798 172 503 549 792 890 518 960 629 478 880 185 586 490 809 103 973 897 228 689 533 289 429 496 45 318 863 270 833 323 906 871 956 822 271 631 566 3 634 908 21 43 28 246 614
131 819 100 917 227 885 204 476 44 426 962 177 347 816 215 323 106 692 944 998 771 622 92 30 136 287 423 148 917 164 176 616 230 89 51 658 881 895 91 891 946 236 349 63 658 432 699 662 299 279 662 636 336 942 169 249 711 77 245 709 541 201 118 295 734 858 207 276 824 520 569 420 766 901 178 702 827 144 672 107 407 968 864 886 361 669 856 900 858 24 302 717 545 271 427 852 33 165 895 264
378 800 1 480 865 287 254 957 670 647 596 543 340 962 599 559 379 273 356 47 13 761 929 742 927 657 710 417 453 447 93 741 366 320 108 430 612 451 807 414 213 419 725 971 272 183 8 520 413 21 751 964 991 308 837 604 743 310 295 214 443 881 868 922 312 977 70 509 447 210 253 990 694 6 988 858 694 243 132 665 846 459 513 715 989 717 42 635 393 841 91 405 419 205 532 543 186 175 762 267
565 676 453 603 267 775 122 444 121 627 387 509 224 132 93 826 326 300 640 470 481 73 919 53 135 835 867 682 622 130 271 821 587 54 691 657 744 659 855 977 429 290 971 332 928 342 56 225 716 666 126 792 668 1 741 163 952 455 229 531 814 61 772 533 279 563 678 452 899 830 856 799 518 89 405 67 383 398 11 422 47 702 449 379 505 367 203 944 379 454 953 439 339 937 795 991 511 593 237 239
633 514 213 254 132 11 379 425 395 865 380 280 399 757 740 841 519 393 576 589 390 536 612 204 844 385 176 315 111 487 845 909 939 796 176 274 383 147 779 959 635 236 805 411 725 692 962 872 611 96 417 537 893 528 217 7 639 487 944 816 951 370 302 956 803 83 29 139 491 414 130 468 810 491 97 403 274 914 788 401 474 259 976 875 552 805 65 616 897 977 699 245 480 799 658 529 349 625 58 829
206 567 379 390 114 450 641 226 392 151 593 332 380 542 639 268 686 55 574 441 798 271 364 136 840 653 668 622 134 68 275 408 157 289 422 41 507 920 477 801 713 936 765 98 979 369 585 119 207 573 952 37 181 479 860 117 202 616 165 336 539 549 672 788 456 549 793 269 532 218 139 531 351 941 685 658 818 790 889 809 502 387 746 544 604 851 743 600 773 458 401 397 943 905 211 952 767 622 290 525
0 810 563 65 528 325 590 143 496 615 858 387 608 937 409 695 598 397 453 343 180 292 688 21 456 392 748 11 62 299 433 639 42 153 173 698 408 878 219 328 946 793 885 841 304 979 641 293 705 717 96 508 237 208 494 615 28 267 639 326 350 88 396 683 282 681 416 499 957 581 608 235 470 75 398 13 43 11 189 949 383 513 727 639 130 885 45 819 157 108 324 567 426 701 363 590 331 857 242 295
140 322 816 850 361 310 603 502 567 193 488 871 129 796 190 418 707 443 550 217 570 793 903 670 360 268 936 921 220 359 352 14 109 711 210 685 998 133 296 262 60 285 235 502 516 765 596 103 840 871 340 539 363 86 292 908 47 597 405 514 380 508 804 654 878 837 828 941 945 733 160 112 952 950 476 766 629 672 910 323 114 107 156 543 493 758 287 140 219 680 325 660 756 129 949 965 277 244 571 964
671 864 648 75 139 144 544 714 753 230 182 855 915 648 230 128 769 303 466 893 339 94 164 196 47 968 686 768 64 75 622 42 108 248 101 47 326 6 604 178 215 956 139 206 363 5 436 586 763 546 251 749 117 530 826 908 405 976 836 741 927 233 389 378 720 664 181 692 201 183 827 890 694 747 677 778 76 842 924 387 765 653 332 21 14 776 580 572 816 594 764 729 156 987 227 873 551 855 282 281
949 780 546 690 473 376 522 768 78 261 401 132 750 817 815 39 349 581 887 439 417 471 40 234 177 440 755 354 490 624 948 497 561 475 526 577 757 298 432 518 995 196 265 453 721 8 211 275 798 770 867 673 105 593 100 699 59 877 261 433 584 408 565 594 645 890 497 533 268 878 733 974 899 520 459 224 329 420 244 336 628 793 919 639 389 187 297 308 662 114 441 574 774 146 230 118 830 521 88 573
789 383 49 910 424 309 146 161 178 292 329 174 742 62 877 267 141 446 512 173 464 199 163 353 192 173 447 306 366 45 899 27 106 201 766 21 22 824 438 850 242 215 782 958 356 819 541 6 437 449 4 334 126 839 662 13 839 495 684 786 604 302 973 506 0 946 958 56 104 762 646 894 924 883 494 190 593 330 891 275 504 36 720 242 962 324 905 290 992 880 343 937 477 263 642 741 374 51 1 449
952 297 531 169 346 47 728 768 915 824 510 332 933 149 42 574 374 198 759 291 571 934 435 707 824 616 813 373 419 623 557 992 499 678 350 441 406 461 518 234 129 815 580 129 542 327 947 773 909 145 813 717 397 130 646 27 48 287 882 897 341 278 385 13 895 230 916 352 258 621 676 863 462 314 400 85 909 622 171 189 725 964 489 675 608 974 558 978 670 430 437 302 666 270 546 729 873 484 501 56
515 253 554 846 447 230 312 619 4 83 729 340 551 218 44 357 533 988 640 753 986 853 721 902 648 277 644 737 560 377 426 616 501 249 748 569 679 913 69 972 389 971 277 904 983 977 969 409 419 276 886 773 687 945 771 543 732 158 644 785 825 176 315 999 215 888 90 935 439 671 403 863 552 943 819 957 140 544 490 574 102 331 290 305 755 529 690 677 215 278 389 395 735 88 180 56 682 431 212 150
305 305 602 930 484 352 964 30 94 95 731 725 454 939 44 133 127 296 767 880 557 737 145 849 71 833 907 48 474 551 421 669 880 83 477 563 671 10 132 221 954 132 313 980 403 494 325 885 301 648 357 924 676 216 907 530 730 630 57 575 411 40 317 940 817 974 693 805 533 165 898 14 428 763 629 803 382 483 864 792 642 837 829 568 965 356 300 388 898 405 749 218 570 701 696 948 565 44 710 260
416 672 643 13 184 921 790 343 217 785 494 441 584 356 785 237 240 597 863 567 593 92 116 541 927 528 430 225 459 471 53 511 591 402 566 878 884 340 408 862 230 511 593 962 546 172 508 499 346 99 702 749 142 42 994 762 814 235 598 266 534 756 335 861 581 976 823 915 996 533 887 561 889 581 116 506 872 549 632 690 321 703 44 780 387 489 39 972 129 944 907 690 342 853 295 764 30 237 631 65
85 95 319 967 818 658 796 480 348 569 510 912 846 38 194 213 388 957 143 294 631 330 170 380 332 324 45 867 449 815 956 411 564 855 216 912 605 115 636 661 259 104 775 28 189 408 213 705 728 108 330 570 355 370 994 32 515 24 827 947 971 625 595 825 159 556 864 370 801 704 232 106 770 579 148 650 51 895 195 202 43 484 143 311 13 84 173 135 892 67 77 110 831 903 106 271 533 276 563 854
851 70 615 149 98 200 138 208 146 613 888 193 678 490 1 360 586 558 764 301 417 546 143 501 854 77 344 579 6 585 187 129 987 371 462 690 760 383 386 84 600 311 108 445 882 991 209 135 520 421 187 781 195 3 221 778 241 483 687 367 974 280 610 929 582 265 873 482 527 132 709 83 879 631 950 504 931 95 812 612 809 790 509 831 288 342 578 884 382 254 878 638 121 159 708 283 155 993 844 727
211 984 386 421 456 341 474 324 952 361 171 806 659 402 159 890 816 197 239 945 917 801 681 728 905 720 147 904 993 755 987 63 377 717 285 584 474 560 143 343 939 964 511 356 740 810 651 277 851 364 100 763 859 580 626 169 880 976 81 680 904 149 304 807 158 701 319 214 226 14 272 309 354 401 811 383 883 429 181 728 806 552 402 425 765 247 277 17 319 55 717 16 385 751 318 467 820 174 586 774
617 328 606 717 768 320 615 789 673 339 859 415 290 330 550 38 102 301 348 632 847 812 380 957 676 439 274 43 312 423 529 239 536 965 503 132 984 433 208 986 303 603 486 787 961 419 350 992 540 575 826 995 529 113 765 563 167 687 688 799 498 937 530 310 294 441 130 236 889 572 863 601 876 537 928 798 2 572 173 748 16 561 346 37 201 749 535 920 922 945 981 411 64 716 176 145 487 958 643 548
878 470 1 777 21 48 26 644 767 114 439 431 136 209 765 140 281 558 485 103 311 980 735 415 791 917 815 382 783 665 773 522 554 935 654 464 184 571 785 746 34 466 755 630 374 792 707 834 705 87 674 148 374 789 631 186 779 577 725 438 853 786 280 890 677 85 226 870 135 541 871 654 627 874 463 717 624 340 623 904 433 789 984 224 950 696 649 315 615 73 741 455 878 76 234 807 710 115 867 177
309 613 171 599 418 629 915 427 369 835 355 261 994 206 172 765 69 997 690 242 559 919 167 328 244 731 881 505 444 623 580 190 722 836 791 263 730 902 304 964 330 67 962 822 824 844 464 719 199 684 226 842 535 709 974 925 237 771 604 330 133 492 962 166 667 966 883 652 902 418 952 844 186 94 296 590 237 767 230 91 211 583 428 971 679 55 88 476 331 206 419 814 377 790 27 517 701 594 257 6
915 353 661 168 301 260 136 995 587 445 272 730 41 984 842 356 978 242 758 239 413 959 705 650 606 885 807 629 152 948 661 619 755 254 668 899 192 690 566 234 869 198 943 165 817 27 731 325 555 135 386 281 979 477 654 753 276 784 952 550 709 714 42 381 785 674 454 92 589 503 568 917 367 25 872 790 242 155 245 709 466 369 962 177 543 257 910 280 502 884 186 625 871 400 543 975 886 522 805 132
874 251 87 525 656 34 415 592 842 79 473 424 250 900 378 622 826 787 191 107 701 295 295 288 62 995 828 127 321 399 702 390 60 391 335 426 97 74 385 109 709 703 709 893 505 343 827 22 371 106 458 648 690 166 221 948 63 700 644 808 726 385 570 347 656 910 461 66 295 179 474 229 779 863 917 600 586 898 968 271 818 856 959 849 49 87 114 418 890 548 175 756 230 1000 102 386 607 676 922 262
205 205 477 916 257 15 843 804 362 352 88 854 244 918 791 43 856 902 278 380 633 817 830 937 753 787 106 131 429 19 182 930 863 69 106 722 765 291 903 418 195 260 1 91 906 605 686 895 537 791 277 124 733 54 520 989 150 344 765 875 134 731 645 705 354 448 106 735 103 322 431 614 898 524 279 963 165 515 777 809 608 690 858 970 268 894 852 489 469 559 816 416 934 584 100 967 587 42 423 319
451 495 520 929 363 193 201 982 102 239 151 703 910 685 562 294 183 309 708 857 895 532 196 794 499 718 517 930 819 496 26 379 659 875 510 7 812 849 548 224 415 317 903 18 929 433 142 365 142 997 272 324 607 816 998 753 79 463 551 135 633 442 535 557 260 356 722 320 945 574 76 661 429 509 977 969 195 979 543 808 399 961 756 623 569 160 903 867 918 851 447 51 893 140 26 906 758 29 933 856
