1000 100 100
784 418 891 370 23 75 955 414 606 68 863 469 482 602 961 798 33 548 783 131 205 252 468 413 496 97 971 441 40 195 314 571 875 34 816 371 862 880 892 590 299 555 324 317 779 35 272 443 11 157 597 466 430 196 902 38 252 794 109 743 643 829 847 771 892 101 427 74 82 223 328 485 499 478 993 256 953 985 997 500 660 256 113 284 394 862 320 803 747 110 911 152 180 215 634 678 786 398 908 191
649 547 926 818 187 766 459 502 876 496 98 693 388 905 638 108 96 342 385 766 237 774 56 906 228 116 667 53 348 263 704 807 284 740 309 703 557 623 485 976 176 449 631 460 763 667 417 818 999 216 589 561 609 360 243 839 236 193 435 40 191 559 462 343 991 553 732 910 606 693 304 301 40 562 423 27 980 75 251 662 603 211 82 24 256 742 956 117 732 364 839 428 171 314 487 394 363 730 229 973
513 855 334 804 513 973 120 402 478 795 714 166 641 22 997 75 151 897 424 982 212 161 894 321 722 780 534 108 19 125 497 688 509 371 206 130 389 4 843 558 65 871 406 628 282 797 645 630 330 789 252 737 522 268 330 325 601 78 492 380 33 445 414 598 587 390 488 748 276 384 818 663 820 117 194 545 618 7 113 806 421 139 407 391 852 110 154 972 626 606 952 838 500 519 84 382 707 981 987 948
961 226 914 686 323 848 83 459 5 458 437 484 53 360 967 81 283 460 968 77 672 864 93 309 342 30 998 392 231 789 755 22 640 113 84 12 519 401 181 570 880 250 363 201 815 563 549 365 52 62 981 567 271 549 495 653 850 590 403 150 407 583 767 60 340 475 553 787 15 3 717 147 836 442 402 201 423 163 772 190 158 858 707 544 161 737 63 283 794 746 266 434 53 732 314 379 31 202 88 904
692 366 366 858 60 926 280 575 252 896 649 907 24 210 899 467 236 460 906 912 898 187 777 779 769 790 613 998 994 757 524 646 433 482 939 145 674 107 800 784 913 898 620 238 195 1000 827 794 716 393 202 531 599 470 321 152 887 860 584 111 569 264 733 453 499 10 367 441 194 827 667 31 259 754 626 169 767 478 91 782 854 239 974 851 671 291 673 943 916 192 306 484 293 654 464 968 541 185 893 680
690 508 326 775 847 194 121 844 808 852 877 496 505 89 821 991 447 150 179 662 262 234 15 645 16 750 452 393 423 295 412 856 110 20 125 700 576 908 866 451 449 402 975 798 125 28 624 956 743 792 39 4 869 534 769 368 607 456 279 201 412 395 792 795 140 450 935 659 614 741 528 414 872 450 787 238 56 560 254 674 336 745 908 907 436 457 564 889 802 633 82 727 898 872 205 252 21 305 995 482
608 285 927 345 729 396 589 740 301 588 232 668 306 996 382 962 898 576 831 201 446 486 115 474 212 587 314 638 675 497 534 638 825 647 124 505 954 542 29 155 710 826 155 612 547 83 310 988 575 101 40 737 531 674 334 676 846 616 701 146 784 271 213 190 658 848 659 734 801 954 284 970 567 943 719 636 217 672 199 137 240 8 540 314 941 180 548 860 438 267 385 717 310 968 290 813 332 977 343 502
905 729 677 49 88 502 396 951 789 975 30 43 372 170 343 242 509 628 865 367 64 114 277 572 159 246 902 508 126 933 270 376 554 385 190 769 14 194 740 190 16 130 550 692 336 446 990 748 361 408 808 363 24 154 683 547 996 240 695 389 730 338 946 258 514 701 472 479 565 389 208 306 312 782 741 133 652 320 169 839 433 898 304 242 320 664 842 26 87 204 711 745 750 75 465 575 211 762 62 969
850 778 910 386 179 464 681 132 522 412 347 432 180 102 867 167 806 780 980 976 610 735 821 360 73 896 613 117 513 643 818 394 279 250 313 25 302 832 323 49 919 721 235 228 640 26 908 668 433 251 294 814 517 803 467 510 812 76 715 529 941 612 561 419 189 924 127 859 873 256 88 123 362 243 822 999 69 83 416 551 32 886 781 456 136 154 914 916 926 966 579 472 429 339 583 437 18 750 26 555
987 310 49 861 65 399 977 841 767 340 520 417 659 87 548 868 222 829 343 414 996 222 347 241 783 519 797 704 81 999 791 67 733 611 247 365 991 265 196 879 552 179 510 55 779 867 425 539 351 241 197 706 952 234 662 283 946 233 767 391 111 293 448 70 79 615 219 24 509 843 865 12 686 104 234 857 171 594 262 947 529 797 555 204 765 305 757 741 484 593 770 397 108 874 356 691 905 235 425 396
448 781 578 857 715 550 961 311 341 705 50 126 123 555 519 958 913 10 21 519 1000 558 842 96 813 689 695 830 976 576 991 474 291 98 693 366 180 137 484 33 109 922 484 605 649 680 656 308 636 791 123 570 841 571 1000 24 97 756 91 783 360 603 657 447 357 324 239 832 468 47 511 648 563 74 683 118 218 584 365 245 639 82 328 84 573 695 765 186 695 697 818 304 915 686 399 256 904 705 968 438
164 45 402 846 205 520 828 999 729 746 336 91 528 519 920 825 838 765 42 410 715 870 90 764 121 207 513 527 301 726 826 511 590 130 796 876 877 93 92 710 797 66 869 716 988 794 436 601 22 271 873 147 851 578 314 460 474 987 998 163 545 749 136 583 444 382 236 187 134 355 952 703 750 977 746 273 922 641 786 881 471 229 735 654 921 299 528 639 877 839 974 633 821 351 17 629 396 201 23 677
56 624 956 890 736 901 285 435 166 699 37 651 655 2 347 315 895 34 725 461 525 533 659 795 325 805 936 622 167 713 287 686 768 585 589 493 437 286 20 80 584 881 253 983 446 463 496 830 681 172 996 907 775 681 95 993 215 668 351 749 297 112 884 732 748 974 332 326 737 987 598 479 154 514 615 650 83 396 984 912 925 149 696 917 207 527 687 38 369 496 556 992 941 84 209 758 49 458 487 28
625 829 472 141 742 249 192 225 867 696 528 479 541 585 53 392 114 786 123 650 927 402 524 289 464 997 893 325 559 559 827 523 693 137 106 540 987 723 252 257 366 253 355 292 900 295 764 707 773 168 276 877 573 176 413 475 211 647 828 590 907 148 782 981 800 177 62 259 692 279 164 203 452 603 511 480 887 644 161 225 364 756 62 977 512 512 828 393 573 551 297 571 229 822 998 256 810 514 839 490
340 392 605 880 948 49 390 631 335 158 482 646 502 649 786 672 438 147 531 347 395 736 814 886 126 691 735 116 891 803 283 231 185 159 497 434 361 834 923 252 418 512 262 150 53 558 445 113 140 425 884 118 551 757 155 201 377 160 984 489 515 429 955 192 310 528 652 541 547 242 822 676 855 355 889 977 1000 180 807 126 406 862 94 37 449 816 410 753 623 256 380 510 851 525 498 833 864 784 233 825
999 62 752 148 889 898 629 389 547 662 785 892 523 36 919 744 586 339 493 760 149 802 180 955 616 528 737 346 740 941 481 773 97 866 904 297 292 379 800 422 606 110 434 346 561 459 758 260 645 176 236 933 483 225 883 566 741 926 369 228 854 405 734 273 38 442 702 972 378 502 5 175 324 468 44 300 396 482 894 158 556 493 908 756 261 684 8 993 196 206 877 95 399 359 195 538 909 368 278 266
350 515 808 979 928 173 906 999 450 5 502 661 596 526 320 728 501 913 775 203 680 621 263 629 506 59 446 480 11 243 731 189 453 55 737 972 373 320 925 499 851 582 858 654 952 923 248 768 499 802 223 615 987 410 686 160 652 253 990 504 557 313 467 96 648 491 347 776 751 573 443 465 843 950 797 193 463 519 705 312 105 614 407 84 511 36 790 449 418 162 137 539 85 964 954 644 708 626 340 146
598 973 885 431 247 417 974 751 693 551 405 270 611 10 910 589 315 592 98 280 148 423 704 87 182 906 395 54 300 893 218 500 822 558 535 975 97 11 580 899 676 55 674 881 146 45 608 13 932 849 182 430 369 633 2 553 896 957 513 229 680 628 655 687 294 385 696 491 367 767 821 742 65 476 897 872 680 60 906 575 612 292 847 809 174 444 393 501 104 284 968 805 116 406 443 192 575 926 915 550
123 74 914 355 81 346 202 583 902 231 261 961 925 421 313 442 238 347 333 215 316 739 244 289 962 678 986 282 225 310 524 448 429 139 779 888 112 864 870 383 568 56 273 475 869 26 58 181 23 30 937 108 587 772 128 180 452 339 38 342 35 780 536 193 19 115 312 161 525 339 458 572 758 128 807 960 595 781 119 544 574 369 447 299 842 678 51 257 45 874 79 47 691 341 432 841 581 2 980 774
634 667 923 342 415 516 139 982 891 643 256 378 776 820 154 168 123 10 909 166 396 457 629 69 326 649 167 266 190 263 396 66 701 560 241 991 941 588 970 639 880 639 419 313 676 384 819 602 825 541 281 295 122 296 118 18 244 624 24 475 308 489 670 495 652 811 576 709 944 816 503 271 811 112 610 522 524 560 913 40 819 83 225 381 418 827 857 352 636 734 148 769 585 44 506 692 61 616 791 250
605 785 860 916 741 226 317 572 937 405 756 133 41 663 1 669 237 961 652 729 180 228 877 936 320 616 535 606 206 933 309 107 637 662 968 3 306 478 323 404 468 294 763 947 931 241 647 636 813 106 598 228 958 284 59 247 815 743 651 773 911 793 532 163 221 706 140 721 489 531 54 99 772 174 232 440 561 967 419 104 944 515 992 806 506 716 388 859 46 530 388 335 36 741 404 737 750 29 910 592
747 58 958 770 281 108 682 540 99 495 614 889 989 367 162 926 376 667 415 35 828 499 252 58 217 504 734 668 323 167 446 875 459 504 6 605 965 487 700 351 715 722 826 70 647 372 582 690 286 143 361 787 546 96 49 934 819 87 983 202 63 267 833 36 943 903 276 406 150 252 262 390 409 473 560 77 18 893 813 400 392 692 56 54 110 873 98 568 437 272 431 120 822 267 739 281 686 2 148 102
663 408 489 592 432 359 236 772 341 667 482 91 42 824 161 718 975 283 564 658 556 184 652 155 748 879 870 711 815 227 108 171 120 862 282 988 523 626 697 276 761 763 79 848 227 926 558 163 213 837 20 916 206 531 4 641 83 321 127 498 376 292 431 335 134 80 756 31 988 744 626 872 908 875 727 860 80 758 278 134 799 940 864 625 22 347 477 154 862 402 218 494 48 493 617 282 225 599 662 55
143 148 359 282 391 532 304 803 732 540 270 160 408 227 156 293 691 271 284 373 482 598 603 987 503 28 798 111 162 528 140 20 720 670 115 58 182 90 278 233 568 449 4 87 978 996 69 802 174 316 35 835 769 798 362 825 626 798 385 105 399 473 108 495 902 875 768 684 403 575 218 785 32 971 293 430 269 356 154 369 739 869 604 799 175 192 15 150 678 157 98 824 50 256 40 545 643 109 726 686
181 911 553 180 542 800 795 99 434 26 116 422 530 283 664 539 143 223 399 805 61 519 976 826 97 101 755 718 571 471 53 31 446 653 615 47 178 958 605 264 306 250 918 750 630 668 450 37 459 91 75 650 483 182 137 842 21 620 409 204 843 992 501 454 558 428 606 614 207 355 842 696 125 618 585 623 721 177 238 331 611 591 899 671 572 277 89 131 540 676 711 435 10 419 83 58 45 27 726 339
43 610 377 424 502 338 751 344 708 627 79 669 503 659 930 229 580 433 663 227 264 500 228 723 818 395 736 643 729 479 726 82 651 603 937 291 537 721 167 172 776 525 848 394 586 158 655 438 63 126 621 699 617 390 644 544 374 528 974 795 632 829 668 626 921 830 768 8 858 801 785 622 808 669 397 685 414 308 642 223 82 209 121 188 301 765 313 620 29 836 443 705 593 349 245 702 283 971 782 361
795 877 369 0 177 869 450 120 97 153 757 134 254 762 295 701 742 638 304 767 717 15 417 992 590 183 510 242 999 816 767 678 611 939 614 472 722 118 478 128 832 349 71 585 252 633 84 474 283 315 961 527 813 703 174 71 959 226 64 598 617 237 176 444 969 376 1000 704 725 67 952 981 345 509 51 358 924 745 880 152 630 940 502 24 849 824 905 544 180 793 173 380 614 764 860 809 348 567 68 767
788 555 731 939 287 359 93 201 865 624 714 568 652 887 628 575 945 218 525 988 94 748 446 181 763 966 786 10 767 622 883 970 602 896 496 199 987 201 305 116 462 364 528 923 699 680 25 779 915 193 830 997 127 471 904 632 630 382 700 1000 270 858 694 340 604 619 885 578 640 174 47 712 906 449 550 394 767 262 300 528 514 208 376 885 676 946 484 708 736 681 699 407 547 203 995 114 677 353 177 403
428 910 717 330 40 65 251 372 962 521 24 232 925 290 919 57 738 352 68 784 226 431 980 743 617 895 311 231 764 931 504 558 57 183 515 675 164 913 173 121 902 710 2 736 68 427 785 52 712 560 669 133 943 280 101 333 875 127 925 982 344 704 918 616 738 373 531 221 260 921 125 414 560 786 735 949 838 662 563 493 992 50 260 91 83 298 252 373 533 355 557 36 936 177 87 364 77 377 549 432
59 496 997 201 415 683 875 743 280 821 193 896 636 545 663 989 424 219 815 300 578 457 49 800 164 536 999 303 506 169 579 693 422 498 965 746 343 122 304 153 841 144 728 939 390 904 838 189 771 185 388 843 186 371 410 582 87 964 948 794 710 418 246 202 290 427 378 412 81 366 713 763 76 468 115 98 87 629 433 424 265 217 211 942 148 571 558 657 683 1 88 759 496 879 170 596 440 178 59 459
767 581 395 438 323 777 233 372 158 888 597 947 520 526 44 810 860 657 404 40 977 382 557 931 193 10 192 875 853 607 96 620 632 59 79 393 680 762 428 239 143 366 541 149 435 100 691 974 967 590 865 60 377 975 693 538 602 324 861 667 457 467 165 488 901 713 843 571 50 767 381 114 835 691 761 625 451 899 148 714 6 806 621 235 935 802 776 490 265 375 279 654 253 24 58 873 94 612 346 503
346 911 934 888 736 981 64 514 563 265 580 374 152 549 115 959 417 884 599 538 669 39 46 459 514 398 765 664 773 447 662 523 414 333 295 716 915 742 984 487 996 575 298 318 547 333 427 41 618 627 26 961 485 381 781 176 429 23 671 554 911 227 279 640 768 414 574 392 866 518 843 913 46 627 688 88 429 496 166 761 123 418 62 370 701 603 147 213 699 456 959 730 689 630 172 446 730 358 184 737
644 283 894 253 411 373 808 242 51 594 175 824 587 415 795 313 5 514 267 313 273 710 940 11 410 77 732 773 706 188 210 60 130 661 919 583 273 150 910 206 907 303 630 141 906 929 403 44 18 226 367 111 138 569 860 457 814 106 942 665 354 218 491 514 126 7 336 605 207 343 464 540 967 131 731 329 0 530 829 33 611 108 93 714 582 753 830 568 230 810 164 891 744 182 269 527 644 77 704 592
238 395 145 309 672 760 255 51 719 7 781 826 131 199 774 16 252 76 93 550 995 639 564 860 923 772 860 466 434 726 634 915 326 820 387 684 826 943 95 541 749 910 274 247 926 552 495 96 573 543 956 447 156 375 46 311 892 727 960 903 25 679 409 912 188 847 791 894 133 414 481 396 152 553 54 981 799 889 197 373 319 564 413 93 423 14 111 835 12 219 531 41 479 704 136 578 356 625 183 417
849 351 993 493 117 223 201 406 428 136 621 546 942 28 145 461 967 606 802 828 748 432 265 869 856 560 804 587 772 681 774 290 995 327 499 952 931 816 802 497 71 7 935 429 565 56 844 910 998 480 916 858 198 493 915 907 564 326 316 505 863 251 160 733 274 116 391 113 550 85 634 171 483 664 318 660 589 161 216 478 682 193 993 353 199 991 920 214 678 755 372 784 688 629 0 379 393 829 32 219
557 483 193 7 835 687 298 266 652 903 397 284 894 24 527 549 684 3 905 265 516 150 62 584 33 289 504 907 320 915 440 404 859 541 44 15 999 452 735 28 604 703 644 4 556 112 378 542 379 681 492 680 947 194 553 6 333 671 554 510 311 365 523 630 135 498 386 977 668 502 648 270 42 462 775 119 712 463 743 330 818 34 883 608 185 442 926 716 14 601 257 580 540 999 471 504 139 14 884 289
531 674 89 900 358 313 406 442 926 459 777 821 72 352 797 557 225 846 769 144 506 504 23 965 561 11 426 553 9 398 744 276 857 866 68 742 665 330 498 890 725 715 817 434 557 445 890 454 297 831 180 123 306 428 924 805 137 35 974 621 595 239 131 53 278 43 789 750 392 0 948 42 426 110 593 284 512 878 260 166 256 552 200 513 563 474 319 151 414 970 471 401 233 198 636 260 463 59 771 360
330 78 781 830 148 195 789 593 132 993 750 350 384 45 981 459 67 824 143 649 614 251 75 85 392 327 434 644 480 737 883 686 889 96 803 302 824 844 764 512 488 689 96 566 377 806 219 81 547 854 907 586 209 568 464 658 367 14 933 432 666 65 229 642 823 576 332 981 162 687 300 32 187 870 818 517 582 410 231 839 696 821 397 42 167 41 621 744 428 554 295 198 816 994 541 501 124 653 862 481
233 987 373 868 917 417 589 796 419 634 2 555 587 126 980 480 696 721 139 832 802 820 332 562 870 340 822 459 657 117 516 466 56 53 420 847 278 532 668 827 579 721 732 554 592 880 978 720 68 352 840 316 36 81 603 58 921 20 263 225 191 651 938 92 188 716 347 335 870 923 928 220 96 860 401 936 211 756 288 454 301 488 366 159 590 855 393 744 443 482 886 665 482 990 757 87 192 882 635 850
961 765 525 483 894 387 567 810 566 835 480 870 432 171 888 424 924 6 883 875 414 686 290 126 726 819 707 541 879 86 185 371 328 88 677 632 569 917 625 433 433 593 332 677 769 907 909 615 164 433 1000 493 217 327 829 653 247 893 350 872 162 265 939 519 79 459 708 713 103 835 349 729 957 256 511 580 229 45 211 437 548 197 993 733 363 40 132 808 424 933 73 296 897 437 170 957 292 46 700 361
35 472 217 473 680 73 253 756 547 83 682 9 503 661 95 612 555 621 170 540 873 745 670 739 985 289 238 625 787 683 160 635 664 522 471 20 108 887 566 66 553 358 789 425 813 769 39 524 915 466 322 766 580 711 692 376 225 713 311 982 751 262 781 300 143 726 377 645 696 782 477 351 359 103 290 102 240 932 681 419 304 470 523 591 276 405 878 489 132 210 221 840 45 321 422 693 208 367 560 836
958 777 368 289 818 987 334 936 806 14 6 81 857 311 415 38 237 507 220 218 560 755 572 414 193 499 177 944 245 993 507 512 776 557 390 466 794 955 257 961 232 730 860 858 395 41 72 422 383 496 10 665 896 288 150 199 1000 110 472 745 47 298 78 945 480 336 424 536 952 624 513 725 942 470 284 362 633 609 388 299 986 279 745 511 236 875 849 646 53 964 639 404 115 689 54 68 883 601 299 957
245 497 719 728 187 780 215 87 859 800 635 781 908 492 420 112 966 726 58 198 755 755 650 438 933 732 489 22 942 312 121 189 806 576 416 495 399 560 135 392 578 212 936 982 521 250 242 803 129 117 377 417 97 744 113 658 577 777 319 55 736 914 449 407 472 65 927 832 465 658 245 737 478 557 47 580 61 102 956 725 458 254 384 489 764 632 332 419 915 988 16 539 546 187 449 151 568 705 262 984
28 407 653 381 52 136 669 225 794 48 972 127 509 73 679 617 585 480 14 253 444 679 492 554 409 306 670 842 661 76 600 513 515 394 473 90 584 369 365 204 663 187 474 91 400 480 581 695 527 430 796 791 267 124 64 156 629 971 643 73 464 841 279 258 171 832 456 595 379 84 383 160 395 522 579 453 538 483 908 630 851 963 750 870 184 546 202 961 73 364 44 306 75 279 381 16 22 266 822 743
1000 669 349 341 727 226 734 848 626 210 108 165 895 779 404 378 11 71 618 898 926 15 770 223 406 886 843 181 230 843 976 116 375 996 40 547 484 557 3 592 271 285 344 200 575 939 825 465 701 801 796 477 579 438 888 242 975 777 383 604 609 215 185 912 721 88 569 632 622 278 367 803 28 974 765 505 61 713 827 966 907 461 353 441 437 236 540 274 669 625 752 386 958 758 203 183 995 856 305 422
172 946 690 128 941 86 666 588 374 612 259 278 299 844 702 360 807 191 738 550 540 225 61 969 137 341 515 165 330 595 3 287 925 252 761 548 355 210 399 661 331 701 432 737 581 21 97 473 415 389 460 845 398 487 979 938 519 660 625 411 271 73 845 384 835 578 7 992 400 958 424 571 39 385 85 939 369 695 652 469 511 222 609 742 61 249 456 494 507 39 799 441 373 848 598 562 727 171 417 600
38 505 543 359 665 459 269 432 391 775 721 289 544 581 351 419 934 410 415 185 154 187 901 90 387 57 446 168 791 299 451 643 788 572 136 100 360 205 893 647 132 979 66 970 546 783 797 235 352 601 654 318 168 816 914 534 229 71 430 274 366 125 125 685 58 170 366 882 904 221 361 279 485 362 706 182 7 611 573 985 407 266 205 499 858 635 429 145 541 972 770 597 485 602 743 796 453 511 289 842
590 747 735 861 680 250 374 62 284 487 476 13 54 247 568 235 177 699 268 200 793 565 828 891 523 224 311 838 461 124 84 595 771 121 896 774 857 636 545 200 711 809 577 487 733 419 453 88 971 460 594 162 692 30 929 777 733 902 533 567 715 284 467 274 41 62 215 613 683 22 884 652 525 871 19 277 508 638 244 816 974 169 598 778 252 649 259 482 781 933 105 139 62 601 523 402 70 80 321 686
955 925 57 426 390 673 812 813 17 151 487 549 632 367 898 669 547 846 833 971 190 608 852 960 26 926 386 945 854 167 647 317 724 770 677 211 451 95 798 139 38 384 881 571 887 280 81 816 489 39 387 716 514 178 164 445 247 684 641 370 21 310 640 168 851 498 57 485 956 609 645 849 421 644 526 674 289 498 447 339 478 400 523 571 885 543 396 644 194 252 871 531 353 750 209 589 500 136 157 933
421 65 931 919 942 515 235 451 183 22 289 888 258 507 716 719 505 173 434 538 439 303 522 868 974 3 900 695 397 995 2 730 67 486 640 230 991 715 238 893 995 522 699 228 553 132 78 877 408 676 998 413 30 711 939 776 393 369 380 427 589 337 650 226 78 512 984 588 291 333 276 560 776 366 794 108 540 348 114 665 184 20 864 848 370 676 380 362 262 513 153 242 165 770 197 444 604 497 800 381
228 761 190 209 9 956 620 668 957 331 570 411 557 670 393 802 649 688 802 578 492 372 685 532 415 579 543 174 146 629 328 788 798 636 729 5 664 836 745 232 839 29 322 428 494 536 66 588 200 576 136 114 231 164 850 700 524 76 633 383 314 968 94 221 547 624 105 360 390 172 318 842 854 77 507 985 253 565 628 850 164 586 340 598 984 333 867 258 389 732 875 376 666 639 188 966 102 744 791 505
997 63 281 542 981 641 250 212 289 96 325 653 443 522 897 255 929 420 739 251 549 539 115 607 779 577 531 928 882 721 439 212 89 72 125 868 117 99 849 294 626 860 344 993 389 329 354 138 17 968 641 935 920 504 799 697 682 335 6 880 603 348 701 566 480 326 747 92 729 96 34 814 142 594 223 835 798 794 298 91 34 115 471 687 856 680 692 564 473 372 866 537 485 93 517 574 458 413 171 394
665 402 353 732 368 190 916 786 839 340 514 161 635 204 332 551 975 693 550 70 588 216 394 100 263 601 836 5 573 589 731 689 315 288 543 754 799 720 664 604 758 617 149 69 739 677 236 267 700 387 455 314 379 932 952 468 221 116 802 182 523 315 102 265 572 537 525 424 90 188 697 531 672 704 562 635 183 136 762 498 410 849 911 621 350 595 252 416 792 998 464 820 836 848 972 48 26 614 988 713
306 390 7 359 677 427 589 236 441 968 438 965 456 181 941 408 850 956 848 41 670 776 188 88 453 120 507 506 628 290 705 645 39 338 337 138 480 66 247 435 266 416 761 569 53 648 292 497 268 397 336 386 526 134 514 690 204 620 438 607 873 50 217 279 391 777 340 491 483 255 295 710 217 827 167 891 234 409 38 394 857 629 61 636 532 417 398 386 102 463 982 883 748 587 769 402 16 384 647 471
410 552 727 639 781 631 518 239 89 803 539 225 602 33 841 431 703 925 821 701 531 1 156 367 356 642 654 692 881 625 802 916 456 385 651 546 289 738 728 196 144 605 181 139 846 361 152 758 927 32 516 987 353 376 285 693 145 793 809 754 650 224 80 501 819 437 971 697 546 538 699 247 686 165 196 577 511 533 154 823 799 939 485 314 198 795 709 338 635 504 843 127 373 388 699 340 973 826 499 127
876 207 986 160 254 172 213 280 404 174 633 916 252 700 402 236 108 497 295 85 994 788 648 361 355 141 270 481 840 712 627 937 508 511 308 234 172 292 871 567 512 351 969 243 16 159 720 20 216 112 351 924 911 798 654 368 651 815 857 429 649 431 243 136 994 317 545 757 972 537 703 468 580 633 478 425 431 149 506 176 861 156 857 773 89 583 95 744 487 1000 131 500 682 491 710 344 421 979 29 299
742 675 781 930 289 579 529 653 286 913 691 4 699 430 144 273 43 176 401 301 907 840 740 443 546 170 5 418 771 931 160 494 188 496 242 194 814 177 875 512 750 982 705 982 665 985 204 803 935 155 138 490 268 589 456 99 478 514 237 809 410 338 804 473 52 746 224 400 985 971 694 738 924 271 445 853 344 71 618 731 385 254 187 134 366 680 183 5 850 459 386 41 137 851 76 340 844 848 160 931
28 653 505 781 32 410 545 396 285 88 177 977 143 913 603 876 758 923 134 433 642 448 362 957 148 342 351 42 727 917 558 613 533 945 502 128 950 270 619 698 89 287 509 841 537 434 929 415 215 701 271 452 986 754 391 353 729 900 607 953 522 1 413 748 265 782 974 427 128 185 55 483 497 453 172 721 166 834 719 928 553 232 653 227 432 711 694 473 125 762 188 647 624 440 667 32 671 94 630 146
7 996 510 600 141 629 338 763 731 542 826 74 839 46 102 274 39 339 8 353 168 41 334 616 314 334 876 165 801 135 885 99 129 617 660 554 757 550 550 597 705 847 999 939 583 896 72 385 89 36 530 157 781 386 107 980 772 491 423 802 454 136 64 905 715 699 622 1000 613 498 96 388 104 881 891 2 123 351 594 761 540 312 563 208 623 750 526 876 18 426 803 913 184 114 227 98 415 850 119 51
170 902 463 277 502 327 712 33 252 339 277 907 824 32 532 269 229 603 325 522 48 81 60 278 443 258 405 977 967 535 941 764 157 938 228 97 982 641 689 62 166 473 702 527 922 328 897 417 125 761 170 299 529 243 703 318 876 759 647 495 164 260 301 757 729 907 822 510 705 928 828 743 531 338 218 767 161 849 69 4 81 538 837 473 413 882 64 628 921 889 839 950 352 594 395 726 875 681 365 589
249 874 914 444 228 155 884 448 399 977 233 43 684 479 360 942 278 195 952 556 570 88 227 918 210 432 179 133 678 376 718 724 289 564 959 300 479 879 472 619 138 88 503 927 803 146 801 952 709 532 403 928 14 142 181 284 167 942 238 399 540 396 757 931 285 703 565 227 411 833 924 152 354 777 473 997 743 633 663 359 844 885 685 256 284 125 376 756 472 584 449 641 247 155 777 353 641 561 656 597
437 564 8 301 421 397 21 954 211 673 300 520 120 229 474 21 234 707 843 109 675 806 365 646 613 711 994 768 372 424 618 187 390 840 365 612 154 241 506 403 530 194 926 44 7 675 266 64 58 852 162 560 252 875 892 149 939 309 339 97 544 634 53 67 933 633 334 653 350 104 559 597 120 869 352 975 554 262 472 68 568 282 910 968 415 902 152 176 745 132 509 904 232 31 834 38 319 455 653 868
57 274 460 28 257 345 910 45 303 869 139 145 285 832 435 616 496 57 153 538 578 576 126 159 198 82 590 64 762 22 195 727 733 214 932 979 351 948 990 665 789 539 943 358 92 67 901 247 136 730 600 856 308 22 943 346 129 551 630 79 594 128 216 516 805 136 343 469 171 359 672 220 619 179 184 332 673 722 328 43 932 627 267 25 766 8 876 138 2 163 564 16 863 189 438 999 258 954 580 1000
556 893 895 987 918 148 194 406 737 865 578 679 286 627 286 623 84 190 146 378 492 790 228 457 991 219 53 508 682 458 285 751 780 63 667 18 372 768 242 10 938 756 586 532 301 645 930 252 983 382 911 542 663 254 127 978 589 262 521 892 16 437 802 492 323 588 921 642 117 127 264 584 952 714 634 228 939 324 239 691 329 843 838 564 203 195 107 92 660 196 376 977 189 690 781 841 639 898 810 841
709 36 396 35 980 477 199 681 287 938 470 168 943 915 498 164 445 329 710 564 750 234 931 511 11 537 585 586 807 879 778 201 218 879 480 945 923 447 754 801 641 765 953 576 444 101 925 296 112 859 376 536 661 862 550 759 563 748 469 883 674 906 302 405 496 807 740 159 947 488 349 754 793 686 128 680 241 742 460 811 751 553 752 681 327 479 483 950 607 741 314 38 290 10 967 987 90 706 862 944
452 448 230 397 106 669 455 758 484 436 176 105 234 169 563 418 738 445 950 770 685 776 934 566 751 931 116 30 392 315 359 724 301 876 12 692 651 554 816 543 152 781 117 611 477 850 281 106 838 732 601 3 70 624 607 698 750 616 988 777 135 949 758 993 555 152 393 809 263 538 647 317 829 389 430 827 919 847 971 183 937 729 453 586 419 527 147 844 801 206 192 588 117 927 81 702 735 103 478 398
798 521 969 166 613 145 556 301 883 952 579 804 284 204 371 787 98 727 450 601 702 383 310 91 805 524 577 733 442 560 183 911 194 65 835 347 400 358 956 354 987 621 777 999 176 643 388 655 289 657 661 266 582 185 716 15 676 974 188 870 74 755 409 264 104 625 332 485 925 217 379 661 248 344 817 965 378 902 352 621 234 515 970 234 760 487 574 869 919 542 388 758 173 868 281 285 812 672 877 487
4 670 128 654 883 402 633 416 15 114 451 50 89 263 972 92 984 727 945 11 512 906 550 540 506 42 367 69 702 620 853 637 592 999 676 393 389 367 556 675 588 243 906 222 170 458 336 374 763 778 77 693 548 331 106 900 465 264 965 109 737 514 922 705 993 876 256 497 268 689 182 606 199 2 802 897 165 627 989 330 951 391 660 29 795 8 47 23 572 550 349 960 418 891 485 767 837 968 47 463
44 436 122 230 472 129 744 147 65 406 964 413 259 479 716 36 411 575 9 57 787 624 206 63 545 791 934 509 594 346 411 461 104 669 862 326 811 346 527 726 390 476 858 13 75 921 549 10 720 79 782 421 78 57 23 67 3 373 224 161 290 790 396 482 347 785 534 20 791 687 250 845 39 368 226 776 530 47 374 854 28 545 86 107 527 142 211 444 194 870 959 744 998 256 240 404 565 653 737 474
405 428 987 970 173 612 257 9 379 228 439 247 357 678 898 759 455 997 479 308 863 732 493 475 933 7 169 296 847 990 998 674 916 300 717 34 185 985 935 703 293 823 81 289 981 577 86 824 613 619 541 777 555 197 42 115 203 193 101 463 117 474 549 247 333 769 205 214 491 220 296 219 396 334 372 158 568 735 573 7 480 283 347 532 253 549 602 105 958 101 727 224 242 131 823 172 671 138 153 121
216 466 581 591 481 104 16 49 160 633 105 651 828 696 128 542 90 693 769 364 219 533 788 169 255 416 765 99 920 502 7 116 131 363 752 170 55 967 289 230 428 47 286 334 560 902 837 955 161 503 11 664 921 971 876 714 613 117 607 802 58 348 370 434 208 229 297 807 486 798 249 467 754 595 9 346 264 194 576 871 382 79 762 726 770 658 449 477 764 638 499 349 470 921 457 19 740 652 312 72
49 898 372 731 974 335 112 346 369 927 983 710 277 417 969 255 646 794 393 670 953 509 978 476 912 819 573 297 983 208 921 336 447 160 812 735 744 60 933 675 314 409 609 513 727 386 988 155 57 728 893 117 255 164 947 477 672 17 647 41 695 560 183 778 79 196 370 333 210 406 585 333 81 949 838 641 747 675 230 259 924 130 669 202 303 770 45 649 510 202 765 992 17 155 304 73 954 887 637 303
701 760 886 701 891 447 246 293 7 347 903 727 488 8 975 316 259 45 505 192 568 932 902 422 566 821 542 850 896 552 605 854 666 490 638 876 882 434 863 837 629 994 969 167 871 62 887 148 308 669 641 565 66 519 578 471 434 98 997 421 846 464 20 741 547 528 273 474 740 84 486 144 474 392 236 261 670 945 840 234 391 468 911 286 629 711 889 790 268 564 19 596 815 731 309 510 788 29 352 716
777 385 567 400 214 561 314 773 65 216 281 746 271 12 660 346 162 610 534 567 884 178 652 642 524 266 102 719 438 245 730 406 917 729 227 972 449 639 679 891 243 425 434 253 474 142 884 408 364 42 485 455 985 274 767 775 655 743 983 82 239 121 978 178 661 341 700 493 325 16 581 766 690 311 528 432 620 64 310 934 828 552 869 962 912 232 16 692 929 879 645 561 379 695 179 631 203 947 383 928
128 616 414 360 374 383 194 765 90 243 4 599 389 723 458 525 981 575 845 378 580 463 161 500 80 601 579 461 972 558 701 815 727 998 153 727 400 74 502 527 636 934 636 474 845 619 571 321 789 614 171 20 531 890 991 867 785 861 207 894 767 284 81 448 163 826 91 303 527 253 540 579 780 782 335 759 286 191 603 619 61 587 621 735 84 222 739 319 488 649 12 35 948 51 250 96 788 312 219 539
146 92 841 417 294 470 724 33 743 452 344 867 298 459 52 609 903 485 754 180 688 535 724 678 509 869 949 318 954 346 328 629 18 97 427 134 711 683 244 626 527 394 78 824 692 737 585 236 679 790 407 798 104 593 970 130 171 713 788 798 155 800 761 514 643 13 420 965 63 49 695 138 442 458 541 67 75 170 795 6 487 719 273 103 12 912 413 167 338 387 794 216 655 758 857 847 130 657 270 426
678 668 299 3 295 601 133 630 463 377 488 844 67 429 519 886 333 681 545 718 787 700 743 119 41 482 380 598 421 716 845 401 342 777 108 830 278 464 739 142 228 511 164 505 685 869 997 248 99 381 819 746 82 613 684 280 460 668 82 578 903 99 178 37 938 224 785 417 286 44 356 335 704 33 889 177 366 471 958 165 367 358 638 128 38 964 143 760 424 608 61 698 123 80 214 537 349 308 967 393
555 156 355 137 981 135 73 593 25 879 783 96 640 889 605 360 627 881 739 655 82 757 988 132 373 76 227 285 117 185 589 692 152 498 156 498 238 411 661 983 210 573 261 181 818 33 67 98 589 178 929 755 126 558 496 1000 679 340 152 201 901 411 849 894 880 243 299 332 427 740 760 857 902 504 81 868 380 484 634 216 677 356 310 991 410 88 89 501 861 813 207 308 413 74 210 966 21 44 351 687
232 937 604 424 377 147 719 789 920 299 982 979 17 971 697 759 578 465 864 298 921 171 50 757 231 530 902 81 991 420 894 230 591 249 505 435 932 170 495 739 114 800 80 281 446 415 820 64 963 520 348 604 333 514 454 458 765 104 416 929 422 737 681 271 236 101 418 869 37 289 205 498 393 693 60 927 132 567 343 934 373 374 972 793 428 72 863 432 157 529 245 897 826 388 728 888 682 160 539 182
367 610 375 78 574 300 961 905 742 659 916 632 218 723 767 867 316 599 32 164 610 738 51 748 913 553 386 683 75 676 645 255 314 377 484 12 679 471 133 752 696 853 373 111 714 630 13 252 654 542 404 357 989 322 407 522 413 477 712 674 19 178 591 239 970 885 665 930 276 587 909 309 446 37 358 145 371 900 612 533 619 695 712 17 2 424 57 661 987 545 45 900 968 399 591 200 223 137 385 698
104 325 244 661 349 696 752 231 369 497 896 443 44 861 380 957 886 187 828 565 317 760 494 362 66 71 767 570 144 859 356 391 386 62 291 174 129 84 141 20 618 676 104 49 986 267 930 668 439 178 240 340 688 253 582 510 536 149 449 932 88 128 209 902 954 229 587 594 509 650 717 733 871 224 32 60 322 440 626 693 688 670 793 967 727 579 344 519 342 505 708 896 769 461 686 622 986 128 838 251
383 863 70 1000 214 717 257 449 282 220 485 634 561 137 560 673 743 371 998 714 150 899 67 114 693 192 400 853 846 81 125 310 870 904 402 184 501 583 58 476 351 467 506 202 779 275 521 111 525 137 565 138 375 387 629 852 415 240 642 943 894 940 318 650 991 437 796 664 275 935 22 57 65 329 472 407 319 761 11 111 250 780 709 428 842 840 809 858 992 645 947 959 85 75 754 328 224 592 854 516
382 78 96 163 610 493 751 147 497 14 355 859 356 719 885 866 572 534 853 260 247 780 63 569 996 99 794 679 785 309 927 365 476 289 893 153 484 142 578 958 181 906 788 710 952 627 430 569 395 256 657 642 763 861 213 489 91 256 349 232 388 592 775 18 840 620 980 198 121 173 466 543 742 39 696 727 121 792 4 44 897 304 400 861 148 555 8 775 843 892 4 949 674 693 205 487 407 592 778 40
892 873 860 696 96 994 387 572 544 799 826 104 385 11 695 350 214 775 421 63 179 267 509 604 654 170 437 608 979 736 683 322 381 520 727 719 226 276 829 351 46 20 70 450 727 480 301 108 885 692 356 667 756 835 985 400 978 574 630 971 456 262 142 200 8 353 493 474 966 612 838 918 586 209 493 996 396 807 810 479 856 361 625 272 497 204 630 657 896 522 542 409 176 394 495 58 932 223 623 455
132 208 821 449 572 511 915 774 920 430 793 145 315 979 144 71 726 405 363 361 873 865 644 723 132 79 869 593 486 887 766 906 896 345 839 140 386 652 213 666 592 212 394 78 875 218 489 738 30 642 645 248 842 126 202 724 392 167 780 673 499 537 178 379 862 400 26 769 48 211 813 555 840 943 860 351 281 650 92 916 648 939 721 693 497 663 513 35 553 537 320 263 335 963 249 155 332 471 700 488
38 625 239 531 212 357 389 634 312 84 35 10 629 550 208 548 903 215 55 929 816 98 250 777 942 954 925 503 71 67 74 527 166 462 97 177 461 169 125 37 310 595 763 743 606 936 989 593 861 990 738 781 280 535 856 405 36 597 908 574 783 864 143 511 187 498 614 73 192 520 627 583 828 957 499 697 1 63 743 191 238 852 901 392 803 854 294 172 343 391 44 187 991 565 727 649 979 54 379 367
188 506 523 140 266 671 7 729 461 571 686 482 343 73 586 13 758 189 21 66 364 778 739 570 460 633 626 508 689 697 835 541 959 5 126 200 811 250 941 565 737 574 137 810 655 409 9 224 344 512 21 841 811 230 997 144 80 171 425 446 129 63 601 833 945 51 994 14 508 935 262 226 214 81 200 16 623 171 414 291 483 796 729 632 393 853 322 557 24 349 475 911 69 791 637 733 540 669 932 66
345 632 649 141 615 612 510 38 604 379 410 285 438 984 192 234 331 680 955 763 265 42 112 499 740 673 812 625 567 31 391 67 238 252 812 88 938 123 482 66 387 752 789 644 439 313 24 780 958 385 313 979 640 204 474 504 58 361 153 138 14 583 779 634 761 965 168 704 966 839 346 887 26 977 443 333 777 935 786 338 93 347 165 822 329 273 366 800 962 941 418 712 351 101 393 181 656 16 39 726
783 602 238 389 878 944 566 221 46 800 842 376 295 217 521 415 733 841 218 617 216 757 372 614 421 250 426 414 332 970 889 345 207 902 368 131 756 906 608 583 607 326 240 205 18 239 219 352 931 411 416 261 971 799 514 493 813 245 174 155 187 137 355 472 44 756 918 224 860 108 674 350 303 660 543 43 754 560 844 514 569 674 336 821 146 816 218 519 446 984 617 63 18 683 597 642 802 44 819 10
727 845 393 483 342 956 751 158 83 263 567 454 455 299 954 598 783 722 616 684 854 559 416 365 241 346 837 725 725 785 868 181 652 770 716 375 645 161 986 539 844 616 65 127 13 204 409 766 830 602 475 539 475 996 755 598 840 615 67 496 731 505 811 156 138 339 142 606 800 432 140 119 80 657 586 79 879 816 103 25 141 321 203 256 820 191 122 116 3 73 532 864 407 720 682 506 645 799 42 304
781 53 115 854 591 599 659 137 169 235 399 555 409 485 163 170 74 342 33 749 774 669 598 353 780 762 452 313 946 194 745 102 472 605 628 89 27 981 88 169 288 49 648 6 194 195 866 990 274 681 517 482 627 85 902 869 807 826 98 930 981 866 664 21 182 492 338 533 914 27 616 997 792 765 168 439 661 541 178 102 579 712 518 601 604 400 150 936 159 235 101 413 837 795 323 557 668 251 885 254
915 923 960 559 523 907 889 400 94 843 133 556 794 869 40 608 383 468 598 531 897 972 693 10 722 746 805 669 409 238 79 332 812 117 971 240 855 522 297 380 753 424 991 551 72 310 770 183 840 166 260 878 592 655 250 882 23 856 283 327 313 73 863 841 536 505 605 409 547 514 814 111 480 27 526 82 615 288 259 250 866 146 152 916 989 291 485 984 477 73 253 626 566 195 181 918 672 255 148 986
374 606 866 753 549 876 984 510 107 146 246 302 550 229 231 666 565 806 474 582 968 673 227 656 766 31 414 907 869 363 882 608 812 363 557 712 288 31 725 402 663 338 123 249 20 918 376 140 544 627 169 839 821 939 507 492 87 219 816 881 528 53 328 389 255 218 812 292 832 538 30 855 652 204 570 189 203 17 638 151 680 117 262 91 649 400 361 56 114 804 555 636 856 157 940 617 907 953 928 746
877 622 485 584 870 167 831 403 900 734 606 235 450 883 983 961 920 429 438 114 410 220 322 979 427 970 73 810 603 923 540 525 104 307 392 735 339 900 872 929 866 412 116 447 425 250 376 23 715 516 583 576 932 927 756 373 780 828 740 997 553 504 938 783 497 152 709 666 942 9 484 371 132 501 435 106 859 401 35 835 773 191 853 854 702 77 650 562 9 876 158 867 759 674 921 370 188 593 803 830
370 799 140 232 7 799 50 617 261 930 787 61 835 106 777 908 289 296 641 997 455 584 972 992 176 819 325 391 330 358 975 32 9 114 619 82 864 615 172 857 129 476 953 773 753 300 357 803 720 411 393 546 65 796 810 173 403 118 429 192 854 425 243 614 620 229 895 549 826 872 944 63 830 918 198 539 320 968 725 968 705 473 455 436 583 48 323 300 359 668 121 62 144 225 434 246 764 388 579 747
426 564 28 480 730 12 928 626 482 513 168 59 274 933 430 477 12 593 537 329 550 324 351 489 965 357 569 753 216 333 717 824 482 299 952 898 930 248 683 396 668 152 930 286 268 714 872 856 821 0 744 89 663 53 279 86 203 940 893 656 805 808 866 106 83 72 912 143 969 797 84 441 693 477 890 43 210 519 197 634 181 889 975 396 9 1 365 439 240 575 825 315 987 841 172 584 262 881 871 833
840 688 816 839 233 637 651 480 590 743 468 306 700 623 611 114 783 518 862 348 482 569 520 908 553 135 510 146 518 220 256 748 45 756 827 551 820 654 706 558 909 374 112 325 411 80 714 751 98 318 29 489 550 358 163 734 16 815 756 934 191 465 316 460 559 378 375 916 357 890 296 14 526 315 915 414 318 350 174 569 902 889 35 973 502 71 607 484 633 698 933 591 873 194 47 400 446 698 888 253
306 678 758 11 364 296 117 230 85 697 28 505 490 40 255 237 664 344 444 220 241 798 618 969 298 835 79 65 124 489 603 320 224 992 892 824 40 722 598 440 155 785 979 703 297 659 282 635 407 647 947 532 151 893 388 126 688 373 348 156 426 569 628 1000 568 707 489 245 351 824 567 143 157 492 524 506 300 748 295 765 515 107 393 666 38 118 551 991 77 433 413 538 425 454 165 279 980 333 60 904
806 965 77 42 911 714 341 322 965 855 185 510 879 990 39 479 694 218 656 345 908 746 583 303 795 550 470 963 604 32 249 72 553 945 247 245 21 372 194 10 936 32 545 125 281 65 348 702 158 73 566 912 329 283 942 245 500 778 4 698 189 228 64 387 640 189 23 456 297 859 498 632 325 449 734 665 252 344 681 547 939 595 994 478 6 451 909 406 370 248 484 297 408 585 2 56 444 825 1000 598
240 523 579 854 88 717 699 299 780 830 66 705 930 748 242 753 526 604 106 396 990 403 923 111 657 923 667 364 80 157 641 122 236 695 953 209 613 313 141 879 822 914 85 856 564 312 185 302 786 112 778 808 600 14 28 962 867 125 933 306 855 875 406 2 960 240 48 566 756 697 380 310 104 841 826 478 836 936 649 929 140 601 264 901 800 876 724 493 380 10 837 37 801 807 363 805 109 324 219 400
363 777 559 773 405 187 148 779 29 770 528 454 372 78 713 52 722 420 649 604 794 262 736 773 262 891 426 283 946 315 635 861 293 855 211 16 999 877 332 93 506 27 19 225 230 399 848 974 119 631 894 826 460 54 882 321 826 779 969 499 267 162 960 100 401 118 346 853 809 761 281 63 718 917 617 628 984 697 418 257 781 541 924 6 988 282 445 739 342 592 688 820 503 957 437 13 433 1 956 223
783 934 424 1000 327 927 15 543 660 453 648 281 856 852 491 306 577 622 254 582 785 490 885 198 868 119 358 736 932 368 234 676 244 535 91 630 824 863 733 673 689 86 976 158 137 534 395 217 817 854 834 6 276 919 397 788 579 769 254 436 243 527 606 824 816 195 111 339 834 719 66 730 664 501 220 277 291 566 418 723 814 524 922 384 381 824 674 417 426 708 393 153 143 545 601 780 864 608 312 859
58 625 651 123 627 779 948 396 660 930 551 488 147 786 231 458 490 294 249 301 542 652 309 539 294 105 776 746 801 495 818 287 601 458 200 799 182 852 239 63 347 437 383 173 629 9 748 663 322 376 68 839 581 2 759 555 606 105 489 881 562 586 367 627 773 701 446 696 101 439 601 45 866 141 545 533 567 788 177 597 725 765 274 992 609 637 984 748 659 32 372 268 141 358 384 865 473 832 754 69
484 668 812 144 568 604 127 942 59 2 516 516 786 807 647 878 245 625 184 527 226 407 336 284 611 147 597 536 643 946 570 126 6 104 122 519 968 649 79 941 700 805 487 636 666 355 41 346 567 68 144 718 329 378 853 568 955 47 110 573 406 29 734 748 794 833 923 401 675 6 625 310 308 222 120 457 450 791 928 72 829 766 600 135 110 975 992 902 381 9 469 980 77 951 226 67 91 695 329 513
825 195 388 281 701 159 659 534 5 812 131 843 2 49 629 255 352 957 177 790 282 144 145 65 482 347 846 158 490 829 739 382 154 245 415 454 731 383 371 742 551 314 183 189 938 765 137 584 582 92 111 846 186 40 320 606 917 776 412 459 997 823 162 315 559 879 678 781 903 611 186 537 588 710 66 687 749 128 841 339 414 186 884 404 178 244 341 593 43 704 568 767 326 666 890 653 726 114 318 40
155 546 605 182 765 270 990 896 394 601 810 255 611 246 753 792 329 206 294 622 799 843 271 684 670 845 478 0 518 610 383 362 429 335 987 539 255 633 426 423 345 800 528 581 170 933 257 348 232 658 891 344 413 302 59 259 715 797 772 913 527 59 68 468 334 904 952 359 737 591 951 599 946 861 145 995 82 997 107 459 874 256 987 761 990 34 923 64 517 371 52 908 302 553 235 157 390 670 810 799
41 55 379 721 127 887 985 139 98 964 254 678 223 536 110 981 856 648 470 556 661 760 200 896 852 669 749 28 577 723 280 611 0 829 152 157 857 923 335 217 524 629 349 723 549 508 73 1 945 660 737 329 827 526 667 247 63 517 427 395 994 17 351 637 837 49 254 678 760 563 430 727 637 4 778 887 894 150 823 565 151 114 658 885 369 899 655 383 298 310 683 580 141 369 834 844 549 122 948 718
144 73 932 500 872 773 843 543 577 700 270 657 490 26 171 303 411 668 954 756 419 268 495 744 524 16 214 447 354 55 902 972 82 25 801 455 756 250 663 905 485 699 265 543 299 27 591 763 307 938 866 307 795 679 832 823 720 322 871 606 742 616 972 873 595 435 377 351 15 876 951 788 809 205 244 871 744 204 903 567 807 443 843 348 483 623 129 567 420 13 429 201 204 585 326 605 45 643 495 73
999 358 458 667 264 779 773 619 610 575 281 222 501 384 798 282 600 766 293 770 520 646 725 80 589 150 377 352 260 849 385 0 439 1 541 24 93 619 345 269 576 102 727 557 553 23 142 454 626 484 989 687 489 213 634 731 533 874 661 416 979 552 810 919 980 557 317 487 359 726 376 290 277 404 668 834 575 831 47 897 840 168 702 18 155 763 783 516 614 538 867 327 313 959 89 203 18 657 856 674
405 905 734 438 631 900 207 151 867 415 159 945 982 816 193 302 17 89 998 911 331 875 522 639 412 754 491 673 227 742 120 439 182 675 332 483 641 377 55 447 366 67 740 125 784 103 340 195 719 874 535 397 51 589 579 444 817 961 324 205 202 259 263 482 857 397 681 706 108 686 475 742 865 635 162 691 867 562 106 88 934 677 941 482 958 558 525 861 346 313 382 348 226 710 639 528 793 646 452 799
792 135 26 542 522 220 939 29 668 146 965 111 67 445 58 663 695 967 699 244 790 919 120 470 794 917 518 954 50 790 631 245 240 585 211 154 162 803 831 101 701 555 394 330 101 24 484 55 225 287 641 890 408 861 482 578 235 113 25 761 734 164 748 493 892 103 341 969 54 377 162 77 817 258 892 0 5 44 333 833 102 729 350 209 277 282 650 497 501 473 379 56 17 359 359 368 761 414 720 135
889 80 119 325 903 795 470 583 418 565 237 883 844 706 887 330 231 578 245 721 838 366 959 193 80 562 394 642 833 935 367 40 536 493 818 811 707 52 24 852 875 891 970 723 584 355 388 830 338 251 211 919 178 37 117 51 528 167 998 802 895 700 589 120 640 688 585 484 170 333 879 107 878 564 354 408 961 721 104 319 320 299 347 723 578 784 189 156 36 9 273 829 877 330 669 434 667 270 494 970
306 430 465 250 591 974 419 968 704 649 42 761 54 836 946 221 153 251 856 264 560 891 626 498 32 777 703 828 245 718 456 304 619 141 515 876 543 419 902 741 533 114 821 527 516 172 807 368 831 760 373 175 280 298 488 820 257 55 446 733 773 219 537 308 92 234 54 86 349 135 866 604 951 416 58 19 309 87 84 404 808 675 325 366 363 174 870 975 358 985 118 947 505 354 222 387 626 544 479 712
974 565 818 593 403 325 856 57 416 220 182 295 777 91 910 938 654 688 283 1000 814 38 941 199 438 219 812 381 803 604 623 211 912 77 631 262 564 227 162 218 467 281 456 198 783 538 234 4 974 57 407 24 932 940 378 550 748 459 306 985 67 611 54 465 88 592 622 66 328 783 623 95 914 844 80 740 538 805 498 897 92 867 312 552 570 491 767 557 859 18 839 632 300 254 214 825 678 426 880 489
888 183 209 235 788 151 402 693 610 173 546 972 592 91 271 247 546 267 930 909 539 42 570 482 427 578 804 460 858 798 716 543 77 276 231 765 382 673 781 935 461 533 19 834 633 950 699 773 910 760 717 692 302 772 57 129 723 19 138 761 270 950 935 866 402 661 413 813 18 4 272 652 763 820 575 278 23 297 619 288 77 960 795 846 803 884 655 230 522 747 767 879 59 930 998 619 549 592 164 375
556 433 936 92 907 75 619 10 910 281 799 469 188 706 797 3 212 779 106 441 607 590 134 110 619 423 402 177 452 850 403 283 450 617 469 243 925 129 845 517 279 91 967 812 178 336 621 329 883 646 532 241 461 27 758 277 155 9 192 939 923 674 446 712 557 460 107 530 472 318 272 23 183 696 884 941 384 132 463 157 939 131 107 235 64 338 636 941 683 502 584 552 716 637 138 334 922 908 823 143
729 855 180 298 194 954 245 406 978 214 956 746 755 220 152 339 227 946 629 494 210 970 224 52 782 903 653 186 147 659 821 532 189 810 16 900 346 780 336 951 521 71 518 291 285 401 413 972 509 36 126 919 770 927 807 901 320 957 13 296 747 492 614 681 179 286 50 100 746 705 689 239 911 471 21 710 692 629 889 967 127 958 138 46 507 426 436 354 349 515 384 305 737 278 286 908 648 221 563 922
716 596 221 47 614 445 339 453 794 864 632 789 741 19 537 816 211 197 847 156 148 886 793 170 513 782 784 981 874 779 98 648 321 840 684 590 217 171 71 383 743 750 974 845 233 992 768 880 44 851 754 66 725 448 851 57 50 299 350 73 788 646 159 557 163 187 501 985 202 473 916 603 500 90 899 637 730 44 120 242 242 411 231 41 120 885 996 21 705 753 56 318 210 795 750 926 553 647 880 369
164 421 159 696 490 144 640 809 473 260 532 429 973 815 658 111 641 666 647 588 184 261 499 798 733 999 979 294 534 633 405 425 464 356 318 999 614 867 731 181 747 502 461 914 292 185 617 355 963 616 494 398 301 200 461 372 185 226 786 195 471 542 797 88 364 633 815 821 713 797 142 528 569 63 830 222 506 233 166 15 157 182 753 475 322 538 616 503 194 222 854 589 393 448 30 761 957 869 529 392
954 806 607 591 190 529 101 130 306 727 37 933 179 95 897 185 788 861 920 969 256 479 628 403 279 100 93 158 258 980 140 857 811 866 777 746 508 319 248 307 287 943 948 448 599 538 906 265 182 231 253 327 550 198 225 339 210 105 952 480 186 195 612 211 969 730 429 287 454 519 967 71 86 990 354 56 626 542 549 546 246 434 237 633 691 180 593 969 731 830 124 101 560 185 728 26 885 52 25 506
219 0 18 958 372 287 470 844 705 698 129 608 0 283 375 679 171 723 803 124 766 856 511 577 873 434 112 59 235 761 970 666 422 339 698 30 618 11 884 104 974 716 130 853 1000 944 124 892 450 889 291 936 822 472 333 12 86 482 28 408 488 118 882 386 381 714 442 203 837 668 490 586 657 549 908 401 557 362 549 734 575 214 462 192 851 219 407 28 736 760 420 735 919 839 763 686 782 406 598 139
618 75 90 696 246 716 810 778 843 22 274 322 278 122 469 937 875 776 937 268 87 773 387 714 830 625 362 60 718 495 916 354 80 797 571 970 786 135 748 364 689 513 4 546 193 426 978 810 602 610 513 737 388 965 279 26 824 247 572 767 514 530 702 246 201 515 621 166 992 426 804 645 199 848 495 735 759 252 911 738 835 95 716 364 294 831 644 197 272 656 368 105 939 452 459 114 335 723 688 339
581 763 917 831 270 737 982 353 712 521 837 981 91 936 153 797 245 20 841 47 294 811 354 576 951 729 217 966 135 955 603 438 146 276 253 398 901 593 64 711 156 591 868 427 670 806 166 782 337 409 33 665 130 881 888 288 428 685 157 875 232 347 452 153 872 382 563 660 629 52 515 360 86 881 65 39 225 293 111 574 121 548 238 334 434 567 546 771 979 355 142 99 680 719 501 78 359 365 578 176
136 625 6 385 153 911 787 853 886 244 88 675 650 758 676 613 521 158 786 635 156 485 123 205 528 775 59 781 581 582 389 325 308 741 519 789 542 44 985 839 637 382 618 444 629 797 967 197 664 543 122 546 72 53 787 390 630 162 274 164 373 405 502 469 281 386 33 803 786 467 702 739 756 308 151 131 554 537 390 652 990 275 519 42 713 866 49 133 107 631 819 508 467 712 476 643 429 186 881 108
769 658 501 356 470 33 192 997 903 778 133 730 392 819 910 397 374 675 387 689 74 180 950 387 781 456 212 673 212 171 459 207 226 558 766 879 177 518 681 653 158 541 579 483 311 710 754 58 74 340 541 113 657 315 864 644 802 106 443 937 547 117 293 912 572 37 577 173 671 683 576 771 636 719 54 67 689 11 347 144 954 391 918 780 449 656 760 643 828 978 315 612 878 20 585 97 338 91 322 428
8 565 755 359 540 152 284 488 194 860 495 737 150 809 446 201 880 26 314 13 40 213 81 825 645 61 258 88 829 857 643 319 736 297 33 783 735 113 78 609 599 802 85 69 151 768 686 96 264 873 360 765 684 212 75 432 446 263 564 766 554 622 966 764 843 261 474 726 316 268 803 558 670 763 674 159 461 561 399 534 958 12 207 369 632 90 201 708 432 372 520 362 615 383 184 86 18 479 831 699
258 955 418 629 48 15 233 554 323 105 439 209 903 486 700 824 988 179 627 720 693 657 354 367 257 172 192 227 45 212 781 124 882 927 389 260 746 678 807 168 447 128 173 13 999 891 396 205 654 398 793 46 596 409 56 51 978 667 148 844 207 803 603 354 634 229 27 607 626 538 150 678 893 877 304 102 400 892 465 716 850 605 661 112 29 698 959 528 759 999 654 387 634 455 833 797 393 543 149 330
621 4 786 996 728 955 536 276 655 662 961 306 126 853 513 207 833 529 407 682 517 688 184 406 93 550 4 169 307 876 139 409 929 314 740 659 461 835 857 880 43 589 792 728 501 491 67 108 528 870 926 813 673 92 752 395 147 829 622 709 573 463 751 543 691 840 121 205 466 223 815 435 163 184 821 213 634 270 243 689 563 612 758 486 960 853 602 690 418 721 771 122 174 195 253 505 202 603 685 405
841 667 279 794 282 809 780 287 701 875 412 870 463 714 335 855 263 655 707 428 162 322 428 433 903 411 153 28 574 881 286 936 508 416 72 863 445 128 428 642 51 955 342 661 347 161 429 525 253 62 520 723 160 92 662 232 927 378 121 798 678 652 806 850 857 924 686 263 55 458 532 349 946 525 233 958 417 935 673 872 425 445 562 162 401 608 316 631 620 386 501 546 666 906 372 659 418 393 431 884
276 776 796 987 722 262 509 68 443 371 532 713 438 797 301 281 60 397 387 585 178 197 82 576 156 287 265 305 784 943 76 800 15 378 670 89 560 528 235 912 949 677 255 355 811 196 603 344 428 617 903 481 42 788 584 941 520 180 515 20 390 188 760 665 613 14 685 31 489 148 441 369 888 693 794 761 929 916 239 172 725 308 386 325 519 908 895 486 987 547 42 123 673 824 408 926 127 403 729 972
8 151 458 206 865 507 290 626 447 278 454 989 679 371 942 526 885 536 289 652 338 879 264 108 164 434 374 905 325 419 213 465 291 803 273 321 833 42 307 611 917 818 982 167 224 277 275 872 209 45 336 579 839 603 51 976 49 638 652 438 892 476 920 860 200 611 601 946 389 373 355 792 320 446 85 887 501 165 757 390 379 12 219 911 932 604 656 691 180 319 108 561 460 958 443 433 229 996 877 286
501 369 126 815 364 248 374 797 508 449 117 22 941 136 393 61 569 573 126 517 366 916 121 513 291 827 343 676 751 140 354 905 457 104 922 406 850 332 262 618 172 504 934 971 535 833 27 188 881 488 892 130 135 780 75 211 164 912 371 52 893 946 68 147 474 84 38 335 136 157 712 341 867 485 475 628 649 574 211 810 787 9 943 738 850 702 418 125 828 897 298 538 730 202 632 704 847 230 806 833
341 947 3 36 713 800 815 915 288 726 966 371 499 939 559 602 370 239 474 425 28 814 9 780 503 914 803 5 531 475 583 371 487 249 60 988 107 678 453 132 996 476 301 492 446 615 343 159 370 298 265 392 761 960 51 612 53 150 156 247 375 107 148 788 816 524 796 998 222 676 38 445 753 702 251 42 779 754 285 995 668 362 388 860 96 175 619 986 489 989 840 355 251 354 329 658 516 184 367 553
382 790 103 705 930 738 764 677 284 413 402 686 982 274 876 440 24 376 611 44 73 67 515 739 450 722 478 230 875 435 807 465 803 721 116 511 516 852 531 1000 658 448 544 596 757 677 60 935 735 604 79 337 599 979 583 583 460 262 908 255 146 448 80 884 633 886 306 94 629 847 132 391 745 668 655 609 535 992 976 394 696 182 156 933 794 516 511 937 466 150 959 717 25 899 371 779 2 399 281 929
269 953 573 214 158 542 657 98 884 698 975 344 898 398 604 720 829 511 288 570 742 750 329 208 633 562 885 796 314 470 734 502 793 329 854 452 435 260 563 314 579 21 60 432 168 19 458 153 385 764 670 543 132 563 978 197 881 213 11 413 708 699 292 645 894 558 689 329 489 635 584 269 747 908 468 417 604 958 329 632 64 466 53 888 931 873 857 631 623 161 576 503 396 209 461 160 94 446 66 699
523 812 744 538 889 449 131 6 50 358 547 419 495 477 862 60 869 83 323 783 726 653 865 608 850 437 412 342 546 416 972 993 20 74 477 860 842 278 356 868 783 517 489 340 222 231 113 147 708 153 195 512 504 415 172 366 203 11 24 591 308 262 882 936 527 9 769 354 503 201 277 436 538 967 426 970 619 268 174 361 378 257 919 846 30 876 788 126 622 488 647 505 939 956 689 167 925 183 934 784
394 89 301 272 361 647 610 960 618 366 548 559 470 269 393 683 116 519 78 895 792 244 122 89 846 703 404 235 871 314 409 8 925 4 145 501 181 399 911 566 857 341 874 98 14 105 321 456 792 302 286 924 532 709 189 990 707 996 844 234 116 371 504 512 741 946 533 670 935 966 574 251 286 437 412 528 570 339 757 17 664 5 369 878 74 971 397 346 622 434 55 148 888 179 611 395 689 852 103 305
942 753 50 659 768 603 286 137 773 384 577 75 818 883 281 520 539 391 1000 596 214 419 122 356 808 464 598 897 288 435 959 708 481 238 234 227 503 814 383 117 823 82 779 903 34 222 190 484 997 251 773 279 619 116 335 143 576 334 534 591 263 357 763 469 205 768 506 288 371 632 779 987 540 90 652 212 87 184 780 920 487 668 760 301 510 551 421 633 744 264 687 417 104 485 221 815 692 334 551 631
726 727 623 362 158 33 550 312 119 130 539 251 629 719 253 523 610 602 316 513 756 314 884 297 359 618 460 678 606 913 962 395 715 556 207 918 975 909 591 116 366 696 736 753 108 575 534 943 672 388 891 164 859 549 904 311 104 58 153 14 99 178 476 14 778 788 16 162 406 603 72 277 397 676 114 384 979 489 269 413 9 461 921 701 444 211 877 466 663 559 205 430 108 202 902 569 984 992 610 919
745 713 861 543 95 249 913 760 756 928 207 715 292 707 384 2 963 24 328 709 937 471 483 711 132 694 842 617 196 638 147 199 17 46 56 30 812 102 386 48 823 382 954 180 31 777 947 538 759 245 681 86 958 643 376 600 475 27 633 839 611 952 432 322 57 461 772 355 701 694 805 433 55 688 698 560 624 415 724 681 864 936 987 755 652 973 15 780 625 722 178 413 18 550 702 261 601 96 574 935
383 631 79 346 208 210 456 469 538 353 970 894 666 389 151 565 395 965 804 489 277 929 323 916 537 193 976 394 428 814 619 139 105 47 277 28 936 332 363 432 492 599 38 761 921 937 487 799 844 131 180 553 50 639 486 883 397 970 95 518 512 123 27 157 332 835 18 355 540 724 72 300 235 940 538 763 252 883 697 818 354 977 8 267 945 34 94 830 165 288 540 912 375 916 724 5 179 410 145 14
778 321 692 910 825 502 572 631 830 823 933 505 696 438 152 371 944 317 214 83 640 773 26 844 614 487 221 917 884 507 339 845 82 912 953 720 315 280 412 142 495 32 676 647 500 258 340 616 948 853 647 471 807 875 13 756 957 960 298 217 693 560 677 31 960 672 811 348 290 632 679 822 380 985 208 294 717 217 855 665 741 147 919 37 37 713 434 808 759 509 524 99 593 888 258 944 918 716 968 109
578 692 891 120 846 623 515 409 660 110 718 942 352 186 169 991 823 605 450 649 233 87 763 489 280 852 316 790 459 267 97 759 656 850 126 594 851 781 220 550 854 2 32 494 202 509 202 798 954 969 111 877 704 161 950 659 647 615 803 867 460 100 60 216 662 495 520 436 614 205 276 550 313 513 979 576 791 999 99 191 782 457 786 859 265 170 514 128 427 467 247 947 54 151 787 438 400 910 50 77
54 277 57 511 226 254 503 750 518 562 823 493 847 434 682 491 5 135 635 332 672 741 779 449 427 862 609 121 705 883 284 357 51 564 914 738 78 19 955 702 926 682 702 993 239 536 420 117 641 753 639 459 669 557 965 588 762 415 316 126 62 118 135 908 463 887 142 618 780 980 757 209 682 703 140 348 278 552 333 947 208 719 842 704 64 48 430 718 784 341 813 59 694 249 395 754 663 42 600 973
1 176 215 601 373 851 740 833 606 828 482 953 993 128 205 156 22 243 8 362 766 530 434 320 746 591 353 676 448 539 813 962 876 805 631 407 296 718 102 695 351 838 902 38 0 80 433 100 163 167 898 768 137 519 101 370 622 468 298 413 519 486 263 638 968 585 632 889 364 762 235 577 934 98 242 411 320 330 8 982 520 753 15 428 681 896 613 667 200 726 562 807 644 302 716 429 987 377 396 891
624 417 177 979 247 720 272 304 513 347 263 927 925 527 185 250 684 853 552 971 257 793 620 685 702 634 586 338 773 147 168 739 498 167 246 675 718 71 118 905 644 90 855 114 549 389 2 486 622 197 884 797 670 974 946 178 121 336 700 890 343 89 11 749 722 780 230 849 934 243 171 525 400 374 896 169 169 766 805 992 75 333 523 627 54 669 859 638 570 349 314 475 325 150 48 259 975 957 329 335
194 214 116 295 923 923 816 680 979 654 462 116 924 230 7 947 775 543 18 448 73 341 75 410 201 574 871 516 800 3 950 297 556 972 140 189 685 987 351 847 338 832 979 236 557 91 526 920 751 803 237 915 266 657 736 567 637 995 622 756 597 252 576 665 679 817 283 863 547 791 77 833 965 90 160 456 828 972 760 566 457 413 551 456 227 722 288 753 518 564 4 875 545 58 886 316 814 427 117 989
462 651 276 695 239 671 484 742 954 942 20 301 831 174 534 258 465 905 434 662 410 227 852 418 838 706 279 15 956 78 609 394 411 878 731 796 457 781 614 11 5 661 937 428 40 336 0 955 329 613 138 598 127 454 469 185 177 86 936 371 56 81 934 43 940 467 597 153 216 949 932 831 749 571 852 957 730 569 149 632 771 892 371 592 708 294 617 547 884 94 947 982 175 654 16 887 34 169 678 49
268 710 323 817 727 784 88 74 847 766 831 454 589 173 141 968 926 797 968 622 350 620 672 474 682 807 945 338 653 596 283 449 965 980 183 562 931 89 483 374 790 646 936 236 470 397 211 137 263 553 626 369 16 751 950 640 782 600 273 225 580 217 118 90 167 92 161 130 313 495 316 448 840 146 873 219 22 624 42 19 622 402 903 569 590 982 847 35 786 200 968 113 755 580 973 486 973 34 288 816
168 667 302 919 613 369 308 275 360 19 486 428 563 269 874 922 73 125 12 92 296 224 667 674 484 83 261 875 808 675 814 323 488 338 152 805 273 831 264 124 143 471 310 661 448 788 664 250 987 879 485 676 663 463 997 727 816 323 730 148 871 926 791 645 194 426 648 163 361 979 955 474 923 27 442 495 65 331 765 554 628 235 170 905 612 525 48 923 704 705 532 443 468 720 53 455 146 226 573 469
472 454 110 430 560 959 714 396 922 408 355 750 634 844 87 136 879 363 204 251 2 927 970 868 900 807 98 651 995 491 21 50 701 484 506 979 471 611 49 342 31 105 652 593 949 950 241 45 634 713 177 527 219 223 779 605 350 591 441 365 416 17 641 225 549 651 206 763 914 563 960 451 804 374 882 812 702 965 669 663 335 295 667 756 195 890 599 317 550 1 942 45 90 796 691 767 86 835 515 867
357 483 701 379 838 846 976 997 620 772 368 635 805 649 420 957 129 595 842 749 141 66 135 939 556 418 2 368 731 991 363 334 441 851 326 662 29 821 896 428 724 78 379 921 971 325 414 122 129 330 890 974 314 969 225 288 230 831 399 514 931 251 334 149 17 628 944 838 890 793 657 270 487 396 892 365 494 948 797 262 532 657 107 690 910 942 225 17 251 841 220 71 994 829 131 614 868 250 280 270
617 869 737 177 384 906 632 829 511 646 43 182 313 426 423 928 758 367 286 397 281 33 923 440 334 608 150 330 449 908 884 745 441 48 1000 903 213 410 756 603 446 388 954 715 596 11 799 830 418 483 11 699 75 232 500 977 17 370 114 655 818 425 183 418 506 784 966 880 767 430 510 746 946 373 777 335 166 840 803 399 102 890 911 15 765 270 92 149 523 561 339 859 192 262 751 685 499 768 992 186
614 990 394 826 936 11 64 632 152 511 19 463 612 188 887 917 940 985 177 652 14 944 449 353 874 256 434 587 101 658 264 574 105 901 190 369 982 165 967 310 737 626 238 444 774 735 126 70 745 951 97 376 798 339 485 460 561 166 876 132 411 157 316 96 997 649 644 937 307 442 769 38 818 335 925 191 669 230 175 298 765 762 428 125 460 507 707 936 342 343 544 954 337 686 369 713 789 785 88 503
134 207 691 632 319 67 124 370 425 718 600 70 752 259 717 588 724 377 237 932 774 295 42 605 774 35 919 877 503 293 659 92 310 183 892 144 800 315 74 158 970 156 229 854 977 169 151 937 969 125 902 917 715 770 287 409 881 553 682 505 935 360 855 766 776 315 331 295 392 686 748 599 488 955 215 753 438 234 966 14 405 600 338 990 618 899 197 755 567 378 299 698 156 837 919 497 249 774 741 959
757 336 79 982 609 238 177 206 920 732 200 886 587 410 660 109 217 42 468 484 708 643 495 67 686 41 824 341 610 567 313 129 100 318 999 523 425 464 986 646 965 457 404 573 564 415 496 574 255 910 323 785 446 969 994 302 432 150 156 1000 71 967 555 769 997 916 259 96 612 418 786 545 521 689 188 418 844 310 281 21 654 332 928 263 589 82 144 96 645 53 307 174 313 545 645 159 233 106 748 391
42 78 102 826 492 909 907 783 698 254 774 737 537 989 817 580 303 68 575 218 811 846 388 666 562 335 250 685 949 12 528 169 503 796 311 549 468 454 67 514 479 210 827 65 892 781 583 947 563 174 263 648 873 60 510 845 990 883 100 504 774 455 537 381 292 996 809 827 721 819 162 727 989 294 53 892 96 636 125 268 866 476 602 391 902 856 591 231 274 116 499 577 671 510 306 912 29 195 93 478
109 227 931 503 308 693 631 790 757 154 274 127 529 768 859 4 180 750 293 41 175 752 128 780 292 228 208 292 341 511 715 826 444 951 132 12 555 679 58 273 966 266 276 553 966 501 706 124 695 668 440 281 72 561 921 280 746 90 746 584 749 583 644 885 968 322 877 56 691 591 875 194 371 253 725 738 891 981 213 398 344 56 765 556 178 133 505 599 981 662 31 520 903 796 339 194 569 556 498 309
992 839 546 913 489 699 732 531 553 847 638 809 776 811 23 954 140 613 210 464 218 417 718 720 924 813 259 67 858 53 96 221 168 533 588 637 398 419 518 839 759 283 501 997 356 898 630 2 578 206 850 460 971 520 640 289 359 276 446 7 429 722 395 839 948 173 1000 985 622 982 879 923 268 541 904 615 226 108 842 475 373 382 424 731 8 166 652 616 420 29 91 375 439 739 424 754 830 685 132 713
802 569 818 724 474 575 735 372 509 632 885 350 599 381 119 983 75 401 203 310 560 701 167 12 394 661 955 151 959 618 319 954 949 115 996 412 991 167 432 370 666 599 260 979 199 21 6 275 176 869 96 773 872 367 917 286 871 406 849 776 930 817 389 923 312 451 700 235 255 43 346 450 151 206 944 125 902 198 555 978 336 845 234 662 142 304 578 22 679 856 145 485 316 593 352 727 807 939 970 540
356 260 567 850 75 202 125 1 620 19 360 146 944 918 75 312 247 925 493 181 647 569 110 664 226 617 119 357 437 175 417 268 649 100 908 587 231 435 741 268 297 508 984 640 452 858 215 250 361 112 916 221 476 491 132 845 535 185 946 210 302 281 187 485 877 814 486 864 532 528 85 752 191 474 906 764 676 589 199 65 685 871 350 583 988 976 822 675 485 59 109 865 773 380 726 734 465 484 776 138
754 26 834 25 173 298 303 831 819 333 705 967 710 685 238 512 569 858 528 934 101 232 731 188 437 42 326 209 507 993 131 344 964 884 848 337 248 237 348 76 697 145 454 590 92 8 722 534 124 995 761 768 655 235 41 768 248 30 988 965 226 852 144 902 244 999 439 151 400 793 475 176 286 966 780 394 694 256 232 945 189 468 77 48 321 617 27 697 245 475 641 745 955 68 128 797 513 325 748 933
86 475 525 254 818 602 887 113 117 821 715 101 485 990 662 680 651 374 651 22 477 895 560 612 285 736 476 456 257 543 955 220 641 656 530 975 148 967 711 402 415 355 784 185 112 348 238 61 649 498 905 737 271 50 454 995 622 288 531 260 912 706 357 142 160 123 511 863 98 56 632 141 438 597 699 970 95 751 148 811 234 410 429 454 70 571 879 767 893 100 354 273 386 253 891 95 185 404 571 893
784 703 104 883 664 374 90 164 369 920 90 941 319 982 126 736 909 10 145 996 695 481 19 323 160 599 745 119 616 762 836 403 213 485 97 199 437 679 221 253 610 522 636 162 700 536 567 243 999 513 1000 663 386 55 891 801 160 146 838 223 509 1000 614 341 914 883 633 135 309 5 886 998 221 596 153 718 1000 488 904 891 845 644 590 39 883 15 372 949 282 491 664 872 850 254 245 954 670 224 528 855
198 15 843 967 12 105 244 0 925 393 274 464 337 386 0 595 374 3 400 150 1 802 441 800 657 137 83 408 906 433 468 809 911 754 770 355 252 919 429 871 748 967 645 89 773 273 453 471 933 453 979 569 598 763 850 536 108 318 5 805 645 399 244 905 516 479 423 98 321 14 344 745 399 380 660 745 863 571 729 165 301 630 521 367 139 302 390 482 63 532 862 73 154 48 2 131 320 747 487 172
495 111 811 552 873 298 28 769 180 200 421 458 509 344 818 947 313 624 747 327 386 148 786 353 4 380 455 600 609 615 783 507 773 946 995 289 450 599 239 640 995 312 61 860 213 719 104 825 614 93 951 635 11 229 287 266 550 310 297 908 858 252 86 26 443 422 539 347 485 489 706 471 955 53 590 66 797 280 403 862 111 917 528 242 299 486 14 381 457 266 45 928 957 214 77 76 448 425 752 741
770 618 723 225 951 44 499 53 938 298 44 950 676 110 360 327 962 602 42 616 65 945 424 903 293 311 806 243 985 456 129 280 104 64 872 372 811 163 967 696 595 543 718 273 199 883 237 957 92 685 921 960 343 579 75 140 819 873 228 582 851 784 210 940 479 840 83 30 700 11 657 652 919 293 798 197 902 460 67 992 338 281 449 674 751 602 418 116 436 359 527 886 507 888 849 117 70 256 367 998
853 279 395 893 424 121 720 442 692 321 297 15 874 442 405 97 953 407 21 417 204 939 424 694 359 450 487 919 291 825 535 958 530 594 516 435 469 867 591 886 105 990 770 751 996 17 433 928 461 298 829 737 607 883 909 847 229 230 254 30 257 216 281 755 565 5 896 756 312 443 898 712 882 928 682 45 844 726 601 798 599 833 108 782 989 413 0 502 435 128 147 890 149 43 608 566 407 377 171 391
865 165 774 376 570 72 494 406 547 983 223 265 85 982 325 657 339 33 609 862 387 185 108 300 572 24 926 109 179 156 347 905 458 756 390 741 218 155 533 729 961 201 199 14 981 448 30 833 113 124 182 632 882 731 895 937 18 826 652 329 637 202 647 288 1000 940 650 125 977 16 489 365 355 790 173 346 884 342 896 522 208 671 862 63 725 867 366 439 567 98 323 179 761 825 470 119 180 516 173 756
849 129 377 650 454 286 594 482 208 706 172 852 590 851 821 68 576 666 950 939 329 975 314 892 304 350 370 555 611 416 340 951 927 497 583 717 178 281 990 593 632 993 361 528 197 327 247 425 255 191 773 847 791 338 17 586 84 189 230 75 877 553 544 713 582 877 859 167 571 892 599 270 391 491 852 960 845 452 319 772 596 690 262 426 354 779 801 735 136 340 551 994 383 372 781 829 932 521 325 987
454 519 97 635 915 421 19 180 648 474 983 786 148 351 737 622 118 528 819 170 125 842 818 25 809 213 563 879 80 748 735 306 179 614 683 303 680 665 754 244 359 94 279 7 800 258 6 95 731 81 911 308 30 963 412 477 296 343 752 985 951 861 589 867 295 753 988 967 536 324 480 665 11 221 595 869 551 893 266 273 821 232 432 653 214 256 136 712 891 527 514 392 880 274 221 735 744 767 101 469
464 685 768 995 356 817 927 308 307 904 935 147 830 328 280 364 939 528 819 632 983 522 567 409 974 287 540 692 962 914 274 824 18 46 892 773 30 495 204 974 937 28 452 512 361 229 338 978 731 278 779 569 591 405 781 362 126 330 623 581 444 639 411 549 522 895 777 763 376 810 978 361 419 804 807 189 673 846 760 525 869 342 299 284 633 991 19 498 330 613 68 488 272 53 150 298 165 71 435 979
975 239 273 224 584 19 171 930 631 694 380 98 286 934 973 126 349 941 331 186 400 582 296 735 611 463 458 253 464 499 928 839 856 469 793 243 555 817 341 907 359 134 750 911 13 566 500 80 647 38 24 821 159 148 215 575 144 588 675 673 545 380 433 382 353 703 463 727 840 284 922 695 320 380 880 249 337 352 971 721 531 882 372 799 353 874 996 838 786 269 659 165 846 156 141 400 40 499 355 274
561 888 973 561 964 208 909 788 836 421 441 752 902 504 824 104 778 784 672 363 658 879 407 910 367 404 484 657 295 737 623 865 879 307 44 302 962 752 340 406 932 396 920 145 48 535 387 271 25 587 351 31 186 728 374 315 704 384 903 529 186 466 760 707 333 83 604 305 572 964 840 526 471 648 282 570 391 460 885 944 335 465 78 445 391 115 664 318 42 691 505 527 697 370 880 779 348 388 813 55
791 574 580 18 90 777 515 408 542 182 835 206 715 33 852 565 618 975 243 12 948 856 596 365 318 268 67 103 801 332 372 397 121 915 118 881 967 164 555 999 98 457 262 508 524 7 992 835 964 475 177 235 813 742 150 502 171 122 468 729 661 591 440 47 650 354 389 488 548 110 913 95 623 87 951 636 791 689 427 145 655 318 722 975 380 354 156 192 978 74 855 701 689 58 383 15 753 721 923 823
315 849 749 616 441 475 166 880 307 933 75 104 242 340 803 437 4 32 201 278 425 455 537 176 415 447 170 728 45 237 619 923 528 633 536 126 909 876 826 188 888 211 511 982 766 879 73 203 947 344 319 98 385 216 127 713 382 909 22 774 889 721 764 359 489 703 861 270 454 503 264 166 888 515 83 788 648 946 573 355 186 698 87 362 229 588 8 925 183 874 824 396 678 699 802 488 285 950 879 227
608 499 120 836 285 39 488 3 953 511 230 450 667 389 810 186 702 177 974 937 18 863 355 241 607 595 731 342 523 899 85 675 671 762 13 366 148 729 666 378 111 990 34 209 479 22 209 267 668 476 786 692 273 936 42 493 991 95 312 927 195 812 372 330 805 455 498 715 851 905 482 130 689 703 284 489 602 141 555 769 406 13 849 553 498 980 486 573 989 249 533 442 143 264 691 822 902 728 68 523
592 815 445 631 172 848 583 343 308 478 174 826 689 630 556 671 10 310 607 343 653 648 518 471 87 633 772 709 95 622 796 794 387 775 913 114 352 50 500 808 329 337 95 77 982 397 346 495 965 497 528 637 742 542 464 598 545 801 653 905 815 56 832 923 974 945 361 959 574 481 262 700 469 107 341 586 925 605 32 188 656 444 370 125 893 199 707 548 181 40 656 531 22 48 221 361 646 736 955 95
523 35 235 728 40 889 344 289 372 305 257 788 394 350 657 266 555 127 204 4 959 934 104 911 14 492 523 234 363 230 58 387 703 303 57 282 360 270 468 981 400 863 460 276 752 67 433 810 676 398 602 672 953 589 976 36 589 351 548 651 151 771 979 464 136 247 469 725 880 364 567 816 396 316 788 737 610 705 547 791 205 793 935 436 941 448 917 678 977 361 491 595 825 620 863 765 951 124 698 646
271 441 512 525 459 745 917 363 861 893 934 834 270 255 331 794 394 642 788 543 402 590 840 877 882 621 432 871 141 550 780 973 732 649 89 224 652 102 572 114 229 18 774 639 126 207 633 886 456 167 609 568 119 657 489 197 314 224 862 675 723 428 534 381 168 715 644 982 336 953 958 22 722 928 30 721 125 74 850 384 733 380 13 142 972 73 365 193 30 353 213 459 8 13 24 630 689 629 195 483
718 524 152 395 620 997 666 299 72 330 11 742 958 953 761 247 409 135 290 974 212 495 859 542 538 412 622 849 18 585 961 570 734 940 157 22 839 726 416 671 603 13 515 829 835 403 855 701 181 64 115 114 817 134 784 13 76 164 418 773 489 243 100 223 868 520 144 522 266 89 508 926 892 32 994 509 83 868 859 730 563 519 89 49 319 445 813 769 608 992 590 482 973 203 360 659 852 766 357 640
92 356 901 184 221 287 67 410 658 676 817 250 488 330 578 638 923 286 864 622 316 719 966 769 220 525 713 167 912 306 26 708 23 263 878 147 255 612 519 351 211 766 412 740 128 646 157 788 647 985 755 826 1 821 14 835 612 764 872 688 431 683 567 106 699 763 773 30 911 835 88 137 628 766 136 613 212 13 584 460 79 604 633 417 579 86 403 942 331 380 34 925 313 224 479 708 220 711 100 978
223 720 699 756 877 117 971 685 722 41 517 97 546 933 688 651 797 921 610 361 462 972 494 791 696 826 409 764 247 589 597 639 366 496 820 796 952 631 470 813 354 931 564 920 173 649 434 222 16 266 828 933 49 627 522 386 704 313 819 404 258 430 125 885 47 649 242 360 711 829 239 686 213 943 160 819 205 684 322 853 697 89 767 631 332 466 395 709 91 681 730 738 800 84 397 497 706 188 118 19
324 655 171 552 174 629 135 361 651 335 808 860 167 495 102 807 544 522 385 325 552 693 286 704 430 192 952 47 874 977 752 192 128 166 170 259 799 316 759 407 524 992 884 110 200 687 185 731 530 895 366 56 42 371 589 103 702 251 978 550 534 802 843 962 122 643 347 747 366 321 867 378 674 917 574 5 389 170 883 309 853 69 584 81 634 123 941 85 884 242 860 710 170 705 677 914 984 418 237 291
288 558 837 169 810 467 354 733 413 834 829 412 836 409 718 579 133 638 915 567 74 76 436 410 298 159 39 328 883 47 1 240 488 313 513 463 445 519 221 557 361 770 13 603 347 545 38 559 354 11 765 813 805 712 406 640 670 933 332 454 917 45 789 417 50 570 873 504 973 196 153 961 975 865 224 719 905 346 193 849 177 883 61 828 238 644 330 309 47 137 826 599 582 27 220 108 871 465 26 816
741 894 31 632 857 606 934 231 969 196 71 511 753 191 108 456 256 906 688 603 979 815 107 289 700 534 95 366 143 936 800 467 892 168 440 942 681 490 381 836 793 3 397 457 725 870 326 795 904 777 371 469 150 417 248 731 345 763 565 718 899 249 530 485 449 893 208 287 876 353 277 956 491 822 455 612 677 261 19 925 487 821 962 204 874 501 625 40 82 710 156 914 39 30 127 755 97 541 789 122
433 137 639 219 397 937 532 385 862 67 616 508 611 825 468 134 471 264 408 469 980 762 125 445 292 160 792 836 354 417 757 587 390 851 105 173 372 112 66 691 73 257 840 757 6 761 956 64 350 650 822 337 96 213 554 436 976 506 917 916 432 676 252 221 489 730 678 326 91 852 816 620 595 195 429 425 575 449 304 843 66 94 962 810 934 573 554 186 77 223 564 747 553 46 239 229 782 493 450 611
781 192 157 433 532 579 496 971 980 133 833 795 179 768 974 434 765 837 121 900 678 526 930 602 30 107 486 417 489 580 27 286 572 488 998 363 562 780 903 350 579 14 839 108 565 81 381 811 121 46 399 400 190 623 662 629 716 282 283 684 242 708 27 491 287 805 178 919 389 86 272 618 989 923 820 267 983 873 666 677 387 766 533 461 524 551 226 725 492 61 501 505 411 422 49 356 764 716 922 954
347 310 960 853 294 152 679 329 50 463 642 792 361 375 987 389 936 396 631 381 579 886 529 519 243 682 34 766 36 332 412 408 899 607 248 126 816 815 392 149 381 516 24 247 711 375 699 428 650 242 219 422 149 904 626 320 68 69 757 100 718 621 66 776 639 708 901 86 30 891 231 386 73 689 796 273 203 488 863 361 235 211 815 922 962 623 80 43 395 585 416 558 296 24 581 770 678 590 600 99
804 515 517 654 165 780 866 613 78 227 604 534 728 986 155 120 926 493 292 993 786 834 660 220 243 739 115 474 816 568 136 81 401 733 999 301 586 983 331 351 271 414 109 307 980 321 440 287 418 367 991 433 359 26 48 867 776 34 57 211 152 615 62 143 36 827 351 588 989 580 325 922 931 893 956 90 299 67 731 244 470 275 387 802 827 16 218 34 367 880 581 937 646 983 16 21 785 843 183 897
302 905 104 930 977 820 197 731 916 598 65 347 534 876 960 813 212 742 902 519 6 171 456 318 138 981 163 535 324 460 56 135 76 304 75 428 13 588 760 785 249 597 80 234 597 407 578 902 516 902 439 443 198 562 656 676 947 303 81 686 287 418 688 736 80 67 901 747 801 160 357 21 634 622 230 319 249 289 566 716 969 206 568 828 739 826 274 844 777 308 800 83 107 367 32 146 129 473 785 49
659 178 155 510 330 906 167 854 318 19 209 865 812 970 41 260 686 75 576 205 496 217 908 650 237 145 486 124 795 533 968 717 278 250 407 713 215 260 337 760 425 175 549 306 92 27 226 838 678 884 395 738 315 757 145 409 782 656 643 207 815 730 24 678 978 465 745 608 395 417 821 584 780 413 576 326 166 864 936 186 41 305 253 859 451 789 937 190 494 509 940 646 922 601 179 523 499 939 990 997
415 209 417 883 770 146 378 798 431 996 730 144 855 353 129 398 494 473 384 823 375 34 308 542 63 121 450 466 461 358 503 128 135 160 112 145 907 503 901 474 742 799 866 721 126 204 341 985 938 173 954 839 651 264 939 413 425 174 500 206 631 823 937 195 13 713 782 884 115 551 688 294 728 212 121 135 540 92 111 349 683 963 489 257 445 110 248 750 815 851 952 883 809 75 542 513 787 565 23 934
10 493 437 78 938 805 314 520 689 919 463 402 587 678 883 308 112 889 48 262 557 884 890 957 41 146 357 855 221 158 464 710 76 526 304 738 923 232 167 330 987 106 151 491 781 626 1 139 445 751 81 941 856 6 925 64 382 907 379 595 209 676 751 641 688 945 491 428 386 289 664 96 232 266 765 831 877 162 87 218 684 318 109 1 597 866 462 998 631 70 685 729 209 63 374 528 769 77 408 571
851 541 341 559 489 421 212 4 457 803 120 129 425 176 809 98 804 929 93 298 205 426 616 719 552 317 282 769 325 156 729 55 425 870 989 878 38 796 718 607 706 318 17 279 493 291 660 957 467 265 654 713 784 571 532 223 290 286 174 114 546 405 573 605 453 263 447 147 80 533 539 884 517 938 579 867 897 531 390 991 714 25 342 623 244 274 148 132 21 263 908 525 593 770 848 42 777 36 12 390
90 25 480 809 465 606 140 476 127 497 228 736 489 654 917 911 1 195 366 908 452 919 642 726 332 74 637 671 475 456 809 935 925 639 307 49 507 582 265 993 783 119 741 312 556 318 874 918 924 684 677 673 347 808 431 907 703 899 24 393 980 889 749 237 113 136 601 420 911 808 66 890 113 747 894 11 13 715 591 504 591 887 156 745 925 452 534 836 763 539 105 320 384 841 928 862 690 998 120 981
866 296 975 442 224 818 595 567 400 908 297 843 298 624 125 735 963 861 701 1 621 283 23 192 770 538 626 657 262 783 439 9 357 826 468 280 733 319 615 554 625 614 988 773 103 279 243 152 94 795 524 892 313 675 333 212 887 22 5 242 734 372 167 753 464 577 545 170 863 613 396 915 491 566 796 532 5 314 62 104 817 682 705 257 793 248 690 851 275 802 710 622 29 840 661 406 995 256 417 803
975 887 609 100 448 597 53 960 950 650 52 436 20 544 904 665 793 89 55 30 691 881 645 639 363 301 85 834 568 179 709 797 947 67 825 220 585 709 262 191 265 160 382 342 749 82 124 272 314 355 50 207 563 855 488 513 171 801 455 155 355 919 861 303 793 529 940 479 601 987 574 211 139 739 678 683 175 134 56 863 198 275 189 800 540 173 949 413 247 311 994 489 556 649 747 420 424 313 930 78
366 319 512 595 247 359 942 699 961 940 193 189 27 241 953 401 40 971 455 585 546 29 60 976 410 91 851 783 450 468 971 608 745 255 71 507 523 788 314 446 507 957 280 824 956 102 92 364 861 249 954 653 133 977 899 715 419 803 984 400 652 445 451 576 767 487 376 802 360 103 474 621 385 476 460 201 585 807 855 601 419 694 782 779 251 601 793 814 463 777 243 727 663 840 628 280 410 47 920 32
472 570 490 167 727 634 984 561 201 719 61 788 981 846 165 835 805 210 263 471 884 203 565 264 618 208 768 80 213 895 292 540 138 7 375 79 504 748 562 913 95 0 962 127 350 384 684 35 889 268 228 564 665 713 260 4 379 378 502 796 904 897 141 82 667 958 876 284 322 110 179 604 196 907 831 962 542 566 798 105 953 112 779 541 458 159 180 759 19 288 257 830 498 392 500 312 875 452 666 359
122 442 374 146 81 205 556 701 28 207 361 128 994 316 827 941 897 457 590 782 652 157 990 93 933 291 494 599 496 376 794 149 387 658 141 837 753 227 593 874 349 949 727 740 909 816 99 526 631 658 869 86 601 938 708 694 488 99 501 987 597 962 387 170 585 178 182 230 331 331 91 515 442 869 617 206 690 741 139 742 829 261 213 634 292 358 909 252 703 862 349 814 141 417 402 383 789 177 991 87
203 721 17 196 600 277 333 398 280 915 256 334 540 373 238 505 848 729 324 660 7 886 505 908 270 961 103 281 487 897 189 458 363 105 507 806 808 514 729 580 121 697 474 780 763 642 412 951 281 254 980 697 127 723 410 579 304 49 200 441 299 926 357 697 442 443 533 856 526 589 737 252 768 99 440 15 129 774 458 696 288 612 273 959 14 686 400 102 620 741 172 597 663 19 670 611 137 119 756 440
431 504 262 864 524 749 30 646 645 74 779 204 393 866 170 727 256 308 567 226 667 864 372 556 212 269 681 338 205 46 552 475 174 575 894 383 896 410 176 591 637 822 790 873 579 827 562 369 299 532 48 591 267 683 484 770 253 216 458 320 447 58 737 428 297 213 942 160 919 113 807 381 256 605 555 184 586 937 239 441 286 545 526 383 317 275 446 348 681 864 206 469 202 155 832 496 88 97 876 671
304 372 375 214 183 725 179 644 945 158 630 426 286 304 327 616 716 108 784 615 925 726 660 611 643 273 775 246 474 889 192 379 771 557 346 734 746 606 109 266 446 631 938 583 834 733 743 65 184 911 846 866 290 212 496 173 240 985 417 324 271 859 857 886 404 513 581 459 296 477 436 593 26 66 175 659 134 111 658 635 392 512 508 360 74 430 608 726 462 710 207 917 136 427 214 274 167 702 513 237
862 788 961 660 887 411 368 714 498 217 93 784 479 388 532 820 165 524 57 945 118 173 338 351 791 546 946 415 907 796 944 640 282 69 164 315 42 79 14 917 761 99 63 759 766 461 376 921 402 815 695 315 347 722 61 539 792 566 796 866 767 504 789 716 39 372 166 810 772 249 583 222 962 428 977 425 783 100 862 337 149 285 849 381 992 993 65 743 700 441 669 954 835 4 133 162 163 220 838 643
998 594 687 838 512 421 890 278 922 286 666 974 761 680 804 334 456 218 770 427 990 667 625 347 624 420 506 43 819 772 478 372 726 186 837 805 248 586 492 445 768 261 749 664 184 335 887 594 33 898 755 689 595 737 128 855 861 3 636 417 977 857 115 778 940 20 69 565 816 493 514 410 910 96 329 173 760 740 81 856 103 911 885 372 339 925 546 312 326 908 804 137 509 521 203 953 584 618 440 200
230 65 197 583 880 456 307 334 51 517 816 362 496 751 654 706 824 304 572 276 137 130 556 613 751 50 20 169 637 37 693 525 338 120 599 552 139 88 550 917 497 724 58 234 332 581 408 458 754 443 705 869 558 971 222 603 187 890 954 268 618 995 257 559 946 837 763 703 210 844 550 452 773 34 395 36 508 277 586 603 830 146 153 889 832 724 771 481 987 837 812 492 46 589 951 945 603 145 9 602
323 731 699 200 270 978 968 954 746 804 680 959 2 888 101 126 684 735 83 348 677 68 375 196 183 451 912 138 88 796 765 206 32 695 127 621 793 455 43 621 231 23 628 934 141 986 420 825 786 500 635 880 475 57 209 18 636 353 674 158 171 852 365 631 985 502 85 918 345 28 833 904 43 796 183 276 674 431 862 883 752 49 759 2 344 43 476 124 728 795 86 298 408 656 986 389 528 829 532 237
333 217 24 439 411 672 291 161 375 676 307 587 696 808 263 668 803 690 953 544 809 963 987 476 759 196 893 218 566 772 116 171 78 796 270 523 257 8 599 600 70 926 711 234 537 104 106 943 547 957 152 8 102 957 98 106 726 764 351 282 785 49 214 334 315 378 384 817 912 985 429 65 293 438 478 932 919 311 225 772 971 461 820 445 367 949 603 841 930 870 612 705 158 977 769 247 237 575 864 801
57 40 713 653 144 175 978 941 992 363 317 177 658 4 969 354 230 699 969 840 855 11 312 866 887 554 844 204 209 191 807 88 514 697 271 448 60 393 564 244 766 783 281 206 184 50 420 550 278 189 299 803 419 838 818 83 205 315 593 516 448 710 579 56 874 219 257 311 836 149 577 538 299 76 34 453 456 35 103 963 356 453 146 477 410 536 422 175 283 552 890 81 861 861 961 160 671 699 396 460
995 785 871 49 570 703 695 333 23 715 611 900 192 529 425 913 164 595 423 513 751 930 653 700 821 751 570 399 668 346 437 493 30 961 702 190 194 834 997 998 599 107 532 634 308 229 723 511 168 421 878 645 225 790 313 687 441 999 733 431 780 757 706 186 235 383 965 380 209 134 86 453 940 513 537 407 2 272 82 173 54 593 621 187 6 263 692 36 523 400 708 446 741 49 135 936 456 859 738 327
1000 113 800 856 146 732 109 156 442 672 591 103 56 572 133 607 75 870 908 285 240 865 756 213 756 922 146 928 593 119 256 442 163 566 829 392 982 82 145 266 972 421 451 480 16 99 98 110 860 201 281 355 635 278 378 612 727 50 469 498 591 861 944 861 447 451 931 617 646 545 117 871 677 341 615 979 293 626 114 268 728 60 761 305 694 756 380 904 831 672 1 70 59 624 670 45 921 38 386 497
679 541 680 376 914 894 966 28 183 877 448 883 291 921 794 832 928 203 557 772 387 995 237 916 15 154 351 11 566 195 605 186 558 527 554 491 299 173 928 827 881 409 388 847 217 840 168 538 671 247 958 873 608 940 831 978 804 283 755 859 993 472 729 304 171 138 504 156 509 867 471 633 572 138 986 763 653 982 309 295 821 578 200 846 751 205 558 501 862 375 947 887 273 449 626 754 194 864 222 20
199 253 197 694 83 802 111 737 962 626 27 851 416 965 650 358 496 410 978 909 307 853 67 849 666 790 204 901 994 227 471 826 860 188 991 953 26 485 34 379 488 710 904 723 629 327 875 733 279 209 224 389 987 263 667 19 698 662 959 845 864 118 126 710 285 385 825 453 740 559 880 943 778 804 818 237 109 260 443 756 490 190 513 616 554 789 662 868 995 769 927 221 121 272 687 920 42 364 221 587
771 995 366 148 282 458 71 943 608 529 233 457 247 978 234 791 680 400 489 57 850 248 902 977 834 907 35 884 35 242 149 543 201 882 743 182 665 470 346 14 342 736 494 996 506 491 699 539 905 683 245 546 314 941 761 965 663 598 398 513 521 714 821 443 32 354 316 872 21 336 248 605 581 815 344 631 750 537 419 197 6 565 507 474 326 867 547 829 943 290 608 216 279 800 74 811 840 378 318 578
226 507 871 481 161 517 794 611 438 471 659 320 820 134 128 436 29 146 233 135 577 957 258 998 608 891 61 651 59 42 497 182 478 566 458 337 141 700 889 73 413 64 739 125 836 227 999 760 705 183 206 79 179 739 586 873 741 879 337 468 204 570 129 77 377 410 372 296 268 830 851 790 722 150 373 268 182 447 654 336 229 948 760 803 424 632 512 952 523 707 212 520 314 527 389 711 557 796 730 342
291 218 564 674 266 213 141 883 965 844 761 256 534 379 424 9 832 856 837 455 152 506 611 810 432 776 650 312 653 524 364 602 758 265 713 890 205 412 173 565 964 73 419 521 471 384 949 557 440 620 38 987 977 35 363 821 657 350 199 871 801 199 955 581 837 820 630 552 451 467 618 282 35 460 46 339 895 981 119 276 930 905 703 329 135 412 31 968 353 660 376 291 783 555 457 415 682 434 44 530
977 143 67 844 828 539 29 63 427 821 857 224 892 773 455 926 550 751 622 424 929 388 606 611 646 202 897 939 860 696 43 489 902 79 234 836 296 724 978 912 292 498 480 484 963 388 397 507 821 30 745 847 953 882 567 185 892 734 621 916 75 14 181 783 732 387 602 215 579 285 821 333 925 946 453 143 403 173 438 848 36 662 64 182 239 133 14 271 462 324 29 407 725 739 695 816 968 592 320 491
0 954 39 983 278 982 940 77 49 671 992 115 905 736 820 196 93 636 277 498 160 481 354 163 244 594 622 274 759 533 811 931 868 445 160 396 635 209 153 666 943 295 992 195 64 333 692 682 356 584 198 13 112 426 20 640 467 397 71 789 940 565 695 499 566 951 375 809 9 998 281 941 496 607 419 190 350 18 546 370 143 63 502 361 49 653 977 902 886 415 209 495 38 214 423 162 961 536 203 678
878 119 524 545 881 64 488 334 577 638 206 227 997 444 199 319 207 180 986 160 544 2 697 459 471 147 58 990 648 143 851 144 809 725 725 771 704 770 448 548 517 779 482 727 375 724 547 46 135 951 607 55 69 263 748 564 991 263 511 454 913 344 904 596 398 281 717 532 272 22 748 577 58 279 318 462 172 24 823 17 692 800 994 262 89 791 69 451 39 911 966 493 394 22 703 252 151 707 569 794
387 77 697 487 966 769 465 375 160 640 824 491 992 918 472 135 939 367 269 28 363 168 357 50 746 594 934 510 964 930 881 860 867 595 207 856 236 312 481 294 910 141 677 587 673 559 10 671 918 496 938 137 308 114 90 784 714 857 608 969 820 402 274 150 81 961 38 263 98 536 955 853 351 779 974 949 995 284 508 770 866 726 171 41 994 849 536 119 714 240 799 238 700 803 515 241 720 613 304 288
9 296 278 76 619 990 177 34 244 128 45 94 474 926 441 990 761 546 812 506 741 567 122 584 66 261 742 50 12 943 894 525 720 703 668 642 859 60 940 496 368 680 399 143 982 997 386 131 402 92 45 922 372 557 983 37 101 324 916 98 122 160 123 836 91 242 978 111 866 411 771 207 310 911 316 492 869 706 505 144 638 984 36 123 385 206 92 412 292 78 434 554 97 23 574 575 156 885 946 664
826 859 718 595 565 14 513 388 892 95 254 908 571 62 351 421 637 193 572 180 1 85 280 798 144 485 583 36 541 207 741 142 16 226 441 747 749 447 220 437 266 216 318 640 100 505 877 815 180 367 916 633 343 691 143 658 222 453 616 734 396 614 741 91 392 988 733 269 661 683 495 380 780 8 744 68 512 688 749 431 628 170 743 394 333 352 496 910 156 380 350 32 849 762 57 169 178 254 673 732
206 131 735 776 368 571 290 252 714 449 574 347 924 122 793 990 860 19 969 459 86 918 512 917 664 10 245 944 951 225 666 884 705 440 283 272 856 145 935 611 347 965 452 757 501 837 411 932 402 458 322 26 670 884 503 727 923 776 939 931 310 743 266 555 942 266 265 173 644 67 551 116 788 925 122 338 708 338 675 561 406 908 418 87 780 544 425 45 660 834 535 288 68 395 632 548 623 804 148 906
653 210 726 48 445 804 926 324 955 708 61 565 914 572 648 318 450 349 449 368 365 360 82 283 684 629 941 514 202 597 83 951 225 288 520 892 557 878 468 130 992 605 750 171 988 125 460 226 371 159 962 9 61 875 619 261 38 134 345 202 874 731 141 17 672 627 582 639 241 558 414 526 110 928 456 340 20 920 261 992 672 382 549 193 233 571 816 99 243 898 447 828 548 537 76 364 600 225 144 381
847 999 161 318 527 807 640 142 669 553 769 105 409 674 937 482 830 110 567 236 339 475 675 89 867 219 641 379 731 910 505 412 640 192 527 410 39 837 918 593 927 995 478 362 397 557 572 838 149 161 113 649 138 179 349 163 709 59 873 303 253 896 391 937 465 116 28 216 120 1000 976 286 318 373 260 329 281 599 70 425 143 465 534 788 976 490 32 280 591 283 560 632 245 502 299 405 610 224 371 816
976 162 389 811 482 816 618 553 580 455 21 401 668 264 116 942 450 251 890 35 808 207 580 620 442 691 803 607 350 658 322 283 435 294 86 666 495 497 451 588 744 42 823 574 365 83 437 550 87 928 468 265 170 91 476 16 629 430 391 971 258 798 425 194 833 394 961 124 914 857 659 29 840 323 302 725 416 214 726 651 919 173 181 16 806 645 855 394 910 574 880 281 819 34 907 922 99 540 227 511
923 681 550 731 113 637 627 583 319 734 557 866 470 211 646 104 556 677 749 230 652 937 114 966 845 613 845 141 677 451 723 184 769 708 859 197 854 120 999 974 424 331 166 216 847 944 130 98 543 112 9 868 64 624 966 674 951 829 761 112 19 445 984 667 724 356 486 344 849 717 775 989 882 531 516 655 50 665 764 974 563 765 546 341 554 581 927 796 193 761 117 819 751 420 577 696 731 485 455 641
486 85 772 145 826 351 723 336 696 170 546 343 661 466 274 686 321 227 504 504 640 967 412 982 236 695 731 323 445 984 290 281 631 519 16 374 734 792 949 190 357 619 881 275 643 810 216 182 620 635 908 407 809 266 800 119 538 843 100 806 242 766 717 906 310 469 248 763 1000 315 978 761 616 751 694 345 792 32 99 725 562 964 167 845 104 577 760 448 441 172 879 731 262 582 755 378 172 768 721 758
826 471 47 995 780 432 594 995 967 130 238 812 451 893 561 909 787 228 463 353 840 379 271 886 214 966 578 875 178 885 272 536 885 812 444 671 287 330 820 167 651 764 457 712 628 423 628 821 961 784 551 529 525 976 598 478 708 582 537 268 922 502 699 810 554 782 538 942 659 238 750 137 626 891 574 20 887 828 508 950 558 212 896 874 822 78 401 193 698 221 90 961 377 601 89 523 995 254 142 100
902 396 612 292 677 443 138 27 491 548 479 675 759 156 716 250 58 413 438 861 473 869 700 343 586 938 98 750 415 930 954 308 449 699 812 326 339 433 194 120 767 736 919 223 323 966 344 227 779 37 548 819 487 569 5 428 694 906 588 325 219 565 66 63 119 778 547 904 694 927 513 563 785 593 838 953 923 158 786 187 65 369 23 175 586 78 376 127 524 588 946 338 675 876 543 803 587 425 368 342
330 661 581 715 869 708 585 469 97 493 93 889 820 498 922 573 102 0 35 760 280 986 655 645 103 141 131 922 431 554 869 377 254 723 725 215 891 864 762 394 530 989 977 666 285 949 576 920 88 538 868 840 472 645 79 868 578 700 262 498 791 403 459 388 538 204 475 73 947 344 148 321 158 993 122 80 775 377 541 847 477 496 935 363 924 541 925 408 230 944 881 738 476 91 434 471 130 730 186 884
510 49 778 249 459 774 814 649 868 728 528 551 427 354 392 467 68 672 100 983 575 840 953 783 707 869 202 274 222 99 257 188 110 412 863 741 959 309 951 457 545 22 199 432 224 739 830 327 202 766 256 418 559 155 759 922 155 991 957 919 317 394 949 96 186 979 867 189 380 838 975 932 975 413 210 333 186 460 901 46 803 340 829 953 490 872 361 548 385 501 538 125 614 28 752 226 445 952 353 665
749 59 373 967 654 760 108 729 286 462 614 412 242 393 155 232 87 342 288 223 543 3 579 711 868 676 783 722 747 880 209 854 712 494 610 157 763 925 871 266 556 239 135 845 566 403 168 544 471 302 561 53 535 866 46 773 794 566 327 59 891 16 706 31 212 160 843 25 369 54 412 846 721 386 838 997 788 929 294 587 848 59 944 591 570 90 879 367 414 801 109 609 152 72 470 382 354 480 461 135
514 682 937 295 79 786 169 104 697 587 824 48 891 944 849 681 966 606 87 394 294 375 736 9 624 199 66 250 574 748 507 788 202 560 380 559 88 557 350 584 52 498 709 769 905 603 415 714 338 507 193 247 678 367 825 288 927 64 266 81 590 475 818 704 517 908 951 445 511 496 389 353 719 568 858 277 892 968 891 745 772 606 638 61 743 144 437 204 905 650 478 949 868 116 67 72 19 391 503 891
215 987 115 333 26 443 649 759 717 608 208 470 769 787 834 531 577 628 319 648 320 386 256 214 289 279 741 101 7 270 979 74 327 398 50 226 893 292 702 630 611 645 159 26 349 218 467 645 913 471 19 499 730 571 217 937 529 593 715 409 121 638 285 399 900 954 568 722 568 651 100 966 545 638 806 791 62 8 796 991 130 881 227 126 143 250 472 96 239 295 369 737 186 485 798 754 204 260 401 726
761 820 974 112 236 349 886 363 485 719 682 119 507 603 270 664 346 729 157 8 520 794 550 328 686 656 721 836 20 289 938 457 20 605 283 166 789 514 636 676 945 304 970 572 377 416 658 102 170 801 135 682 986 199 516 559 536 93 979 184 421 739 386 518 728 156 500 129 875 645 277 411 711 398 966 586 120 178 146 588 916 296 605 974 540 150 156 570 303 363 787 548 522 37 561 261 132 772 155 676
933 272 885 661 425 427 400 576 259 380 380 9 432 135 55 218 515 140 608 753 871 397 702 164 23 978 636 800 161 244 13 899 928 698 454 877 120 804 958 759 3 631 908 93 1000 758 587 728 427 806 382 808 20 804 476 630 406 307 294 838 647 231 276 644 822 87 508 474 227 973 89 505 3 362 393 339 862 31 282 996 188 146 584 781 914 495 399 734 827 992 993 798 437 205 328 819 3 809 114 567
49 946 109 761 926 923 384 648 78 748 556 710 421 664 203 285 395 519 276 305 269 420 583 355 145 520 777 702 603 631 225 901 746 335 503 774 813 465 189 870 657 791 944 297 737 769 490 737 176 538 399 227 608 730 586 390 930 338 228 286 852 198 322 279 669 869 127 824 587 704 177 640 593 825 20 232 240 460 998 430 722 204 105 723 162 637 4 5 401 350 99 494 319 75 780 962 164 423 431 578
817 689 298 762 545 533 520 878 374 988 689 739 92 513 787 364 576 212 131 133 466 384 394 91 54 250 547 656 315 314 749 889 165 616 566 108 814 936 99 346 384 399 739 67 158 404 203 543 638 439 608 564 12 594 225 807 539 999 855 401 144 666 988 842 269 972 288 328 895 209 725 72 34 378 475 650 124 66 149 334 510 633 425 859 877 903 654 243 945 587 53 545 880 205 117 703 971 390 716 79
393 448 144 630 82 528 479 189 554 140 726 359 786 481 575 790 174 211 615 338 638 105 345 362 312 266 730 546 793 845 653 905 106 147 175 1 571 59 538 485 108 121 145 44 855 698 610 113 726 659 574 477 795 279 357 495 813 120 139 751 170 955 497 288 346 538 363 161 830 701 139 298 606 51 589 559 660 488 489 995 503 218 310 575 52 936 716 428 743 52 814 850 743 476 777 651 360 168 973 351
491 950 744 856 627 20 653 77 153 229 173 426 422 10 368 344 533 423 1 586 342 569 325 883 837 458 346 731 940 622 8 851 892 384 219 393 189 186 830 867 346 824 587 679 928 901 200 836 114 176 970 71 642 857 105 763 369 712 616 264 484 128 420 199 643 756 515 540 857 851 265 161 463 570 120 118 681 123 593 278 549 608 59 813 619 493 417 207 336 456 957 738 254 744 550 986 864 623 268 494
958 98 726 968 765 934 598 104 958 421 568 16 549 173 308 78 59 293 395 949 188 499 725 846 112 116 241 702 265 620 24 324 493 243 729 779 150 582 839 424 430 169 839 169 129 299 962 769 212 191 224 933 555 311 432 729 778 544 667 47 945 402 435 540 113 260 213 657 35 742 866 898 474 531 491 259 788 792 700 512 620 361 786 300 969 597 547 639 975 166 522 32 348 902 511 466 399 752 101 535
975 809 506 268 904 393 332 414 146 326 974 77 430 597 922 216 538 691 560 58 648 190 402 418 791 917 891 229 762 924 62 879 183 18 361 878 718 961 19 882 172 507 224 821 622 549 332 161 945 184 836 278 165 396 479 440 543 883 966 315 9 349 306 422 133 496 341 811 787 311 396 993 343 812 699 305 555 790 746 383 16 994 271 638 443 675 873 566 791 980 280 960 91 440 408 856 211 294 15 540
780 630 711 49 449 277 69 523 557 522 734 876 754 127 144 664 546 477 187 315 87 541 817 844 129 282 765 402 60 430 145 58 681 778 414 870 558 324 484 69 822 589 297 285 133 982 943 250 330 678 253 938 830 286 680 247 463 535 78 533 741 845 884 457 598 117 658 345 688 640 307 846 940 57 338 107 668 853 839 572 290 902 77 998 191 9 671 857 544 93 581 888 988 356 789 110 605 495 289 282
904 536 100 655 785 16 834 96 274 379 51 662 526 224 194 245 311 233 818 227 368 207 401 596 719 993 279 542 213 850 401 717 871 875 428 764 569 630 9 812 215 300 597 579 90 961 629 825 610 407 595 173 400 860 406 287 438 591 202 291 915 949 191 861 768 565 956 671 372 748 4 334 680 781 481 44 87 284 727 302 839 634 656 213 206 526 826 466 837 687 799 927 783 559 499 574 184 367 951 143
140 466 603 424 134 589 360 907 573 737 595 766 80 378 831 513 964 229 841 345 365 813 867 2 578 570 371 378 213 337 582 751 219 736 423 55 641 249 0 299 845 999 846 286 403 478 143 808 582 644 45 80 0 130 416 637 78 303 27 280 426 850 15 532 821 648 259 604 370 395 753 473 80 559 862 200 245 487 276 393 151 437 796 386 388 538 154 756 678 483 172 924 632 980 938 850 241 509 503 475
114 857 47 53 403 385 390 746 492 748 931 998 954 992 919 691 914 542 693 644 192 153 845 295 857 745 417 804 917 893 351 907 818 367 296 592 212 586 879 66 913 7 26 150 457 594 132 157 605 924 522 970 589 482 897 972 80 218 794 637 433 390 839 58 379 990 743 564 492 363 658 775 374 336 520 436 630 514 451 946 66 240 781 504 504 777 313 915 694 200 266 784 683 390 99 119 820 165 634 827
986 872 754 298 380 708 147 639 897 153 631 522 725 28 922 704 239 116 92 747 766 529 765 776 709 901 644 75 690 754 391 951 164 518 261 773 69 395 710 920 739 714 346 143 430 732 333 3 586 787 168 173 3 320 153 460 447 115 420 844 69 205 127 171 19 642 239 394 223 598 248 368 421 6 648 312 599 54 134 168 389 291 21 621 53 308 360 396 645 17 630 31 379 427 15 92 702 194 913 371
134 176 309 699 682 353 918 463 797 825 15 887 497 716 935 521 734 261 776 784 662 888 492 980 947 641 50 266 900 122 356 537 965 265 357 93 836 65 589 697 66 358 810 39 608 672 176 400 835 249 2 659 205 317 341 339 57 42 144 699 987 839 264 421 478 368 6 246 635 953 499 399 643 84 914 400 972 75 703 904 598 338 678 564 913 684 736 452 692 840 527 232 571 863 274 14 569 854 8 683
14 300 698 826 757 310 322 829 785 129 658 376 69 388 308 50 214 568 629 411 716 795 366 186 350 736 331 996 632 129 685 625 151 111 826 238 464 499 827 697 540 848 656 628 894 216 492 906 878 709 227 682 709 972 908 566 881 832 390 614 311 786 159 443 965 392 825 116 960 360 866 957 916 215 401 779 200 33 298 721 983 737 143 625 197 447 488 272 786 56 599 774 366 185 578 690 842 752 70 670
137 991 13 616 685 609 309 82 16 585 478 418 995 199 817 798 904 681 901 813 862 689 989 194 14 723 462 662 902 380 256 71 538 10 269 352 413 982 581 825 232 744 566 596 203 137 925 476 356 878 486 127 281 815 280 838 699 82 177 832 373 591 611 692 416 490 577 612 79 506 629 351 52 39 500 956 992 446 635 605 182 209 975 858 842 266 479 102 996 626 517 755 625 992 602 470 499 484 62 549
375 278 937 944 446 989 165 726 662 322 660 403 423 307 638 522 68 992 26 498 408 905 868 526 469 439 111 374 608 299 8 96 814 25 944 686 269 302 205 330 495 69 148 936 41 903 180 938 966 740 174 166 837 673 7 885 562 868 772 159 28 61 302 247 827 711 898 424 349 525 317 40 967 607 689 791 694 764 901 869 917 267 571 414 950 684 828 250 650 168 729 177 703 112 779 541 585 588 644 668
238 825 9 42 235 619 481 956 546 447 509 522 414 511 292 979 491 622 249 105 972 44 733 607 116 512 314 653 712 260 809 553 610 55 355 738 373 540 25 321 683 297 842 334 182 509 631 671 598 517 178 439 933 289 788 480 55 214 821 588 654 258 863 916 895 643 999 78 137 232 99 641 928 542 307 860 715 83 933 803 200 456 253 538 879 199 135 265 996 126 446 722 817 197 659 342 744 912 198 123
555 739 498 865 900 944 875 426 826 691 241 426 117 299 744 636 251 4 162 978 326 166 854 21 695 248 304 997 369 388 657 617 73 273 890 222 661 224 357 880 302 382 156 175 483 751 396 615 441 524 937 989 169 825 100 99 175 194 299 450 17 873 966 754 20 893 504 739 1 408 470 314 541 806 400 702 520 295 418 823 115 799 50 364 739 51 951 244 286 640 361 278 297 715 1000 397 175 540 45 52
967 479 1 678 549 923 789 620 351 514 547 485 373 782 369 987 90 782 11 899 978 694 208 514 382 214 491 847 375 720 675 258 184 965 490 234 632 242 846 132 122 52 759 417 73 140 287 592 371 709 664 717 164 883 99 667 982 998 704 368 544 990 537 536 986 46 318 310 194 284 312 784 833 171 866 594 471 80 36 568 860 859 255 43 941 121 10 71 138 61 594 987 223 605 901 792 856 186 116 290
718 219 334 313 270 672 976 586 224 681 124 382 667 114 323 880 69 845 255 517 823 108 444 70 926 445 688 293 622 704 653 817 850 128 481 852 586 902 613 433 146 142 148 658 893 768 434 406 684 765 508 873 655 252 112 418 457 172 107 317 330 694 45 405 899 651 545 524 501 868 914 693 515 653 879 856 834 546 264 602 325 301 983 740 860 386 604 371 558 251 418 328 729 6 229 958 973 873 335 545
71 454 855 628 393 772 37 781 710 480 65 809 263 212 401 417 661 821 733 469 625 812 376 428 433 505 407 666 766 634 840 613 546 516 239 8 615 48 856 326 847 988 218 910 278 923 275 104 10 158 166 312 759 212 786 93 405 971 807 993 41 304 490 715 867 742 660 128 476 993 584 886 931 533 586 720 822 815 227 0 861 48 684 546 254 534 886 961 545 276 956 54 568 839 956 254 338 26 156 353
770 808 143 413 401 722 849 824 247 230 334 446 614 224 663 769 82 233 172 93 8 575 442 92 589 293 137 682 421 419 838 171 892 5 697 530 546 388 877 3 226 299 465 482 564 630 417 46 75 163 213 203 95 885 109 736 960 642 907 930 241 337 454 954 609 700 662 930 615 623 451 517 531 418 855 443 126 858 271 706 329 29 97 918 88 148 239 468 269 137 447 576 640 741 282 476 367 74 523 554
16 544 765 843 542 711 931 312 189 675 688 537 159 404 161 277 172 975 363 216 246 978 316 313 25 864 488 698 348 350 820 872 769 360 803 226 687 208 133 865 115 878 459 60 79 483 371 371 961 241 796 537 980 151 521 210 21 91 900 375 652 298 386 536 81 491 458 948 697 616 919 179 51 375 937 166 426 327 960 267 10 494 761 564 178 790 86 326 93 32 619 670 897 190 392 886 26 532 594 548
153 878 473 455 751 802 611 93 147 255 73 73 10 481 58 264 988 973 405 956 356 916 745 283 97 837 842 490 615 997 718 642 577 446 379 464 532 316 664 652 135 572 125 728 484 547 207 725 571 779 986 477 214 234 83 720 839 72 394 809 593 225 976 979 946 862 104 815 988 494 320 141 720 186 20 796 300 531 453 305 564 702 584 617 796 625 30 244 569 750 601 344 758 118 696 513 17 14 781 214
925 639 848 942 189 2 25 157 971 326 113 152 556 318 361 64 502 790 514 805 799 875 731 831 953 926 295 756 429 535 761 628 289 604 412 163 245 314 26 483 7 207 430 687 432 433 348 340 364 888 802 467 986 607 201 850 28 948 98 86 862 252 195 456 801 916 944 466 684 419 544 716 397 549 108 324 314 620 575 200 261 666 744 799 66 345 981 618 121 657 559 865 382 33 299 982 407 438 981 616
911 993 494 614 112 795 107 647 964 576 677 962 878 311 859 350 373 849 702 763 26 605 473 257 226 71 482 644 898 871 832 884 7 88 864 916 832 297 52 896 449 533 298 704 342 997 529 4 773 880 645 515 207 762 830 93 251 404 526 903 249 755 490 689 822 591 507 211 600 160 849 747 574 880 685 168 472 773 204 766 141 331 592 26 320 125 50 804 998 717 787 531 288 46 690 178 112 526 820 96
962 951 717 888 85 326 757 479 100 102 438 329 639 702 961 71 719 29 860 815 426 812 535 489 684 869 748 618 14 271 454 984 680 868 743 348 352 929 581 818 842 603 248 350 928 559 85 98 312 95 502 62 872 990 575 543 933 10 356 91 627 546 282 542 325 264 989 803 416 162 333 214 410 999 662 743 71 148 592 837 838 912 703 460 857 548 354 779 108 109 924 783 119 494 364 20 78 4 179 981
914 783 217 679 546 156 240 944 627 985 762 389 30 321 895 870 450 628 105 574 757 547 56 595 442 248 870 551 617 572 168 607 941 85 290 250 612 248 447 936 58 522 221 672 466 74 431 369 194 286 850 898 958 682 71 829 193 947 932 678 796 754 755 887 317 894 637 320 244 674 880 152 198 66 274 8 6 58 475 891 888 348 679 874 909 547 305 332 231 972 396 898 178 435 278 50 849 44 432 18
840 39 562 18 663 591 882 421 474 995 138 506 80 330 540 971 685 437 605 133 129 937 41 81 436 190 477 327 17 958 270 501 867 538 651 993 96 8 692 28 708 391 140 260 207 7 329 856 178 345 513 594 610 537 484 134 704 271 176 446 51 992 289 549 401 701 824 284 256 420 408 92 381 459 251 154 105 86 519 798 128 641 151 485 238 907 241 633 548 919 746 135 942 76 598 791 277 792 165 309
528 133 505 531 423 485 907 423 538 723 342 223 225 492 219 183 281 723 563 797 20 72 899 743 830 264 601 369 165 559 971 783 962 936 185 201 259 85 950 492 710 491 99 919 379 672 368 727 54 960 175 142 347 341 286 787 388 170 169 421 242 31 236 512 849 424 528 907 545 490 547 276 952 730 747 355 122 489 216 175 587 11 943 906 988 492 492 629 88 776 433 905 310 538 257 522 714 841 236 147
656 738 60 755 837 443 447 707 395 717 485 993 531 90 476 234 946 306 241 607 974 981 219 30 24 403 1000 378 475 523 835 115 70 5 410 39 121 76 447 388 721 583 876 849 166 394 864 830 568 137 805 507 740 624 542 352 318 66 138 257 736 258 496 997 279 496 264 412 909 196 932 626 340 798 891 633 901 422 972 139 248 480 654 459 969 950 194 94 8 1000 416 104 153 841 426 778 280 734 336 662
440 391 249 696 299 144 410 723 897 485 858 929 53 894 312 654 537 680 341 454 238 935 16 926 213 183 537 267 772 769 13 888 315 646 357 403 71 874 598 521 875 506 247 955 694 226 92 876 143 840 225 446 451 983 317 26 864 116 472 294 144 488 844 928 429 730 535 826 609 586 968 763 530 771 412 342 80 193 731 834 578 159 111 557 808 909 758 253 553 486 609 426 585 685 726 36 103 162 188 848
720 567 148 822 875 397 111 207 546 467 694 577 321 174 829 325 732 356 641 440 685 970 26 67 401 919 541 409 90 950 145 134 747 227 904 448 89 128 750 693 236 473 113 833 646 762 949 372 88 599 0 205 93 417 52 426 735 765 930 820 12 253 674 286 720 819 86 191 274 123 296 41 318 193 63 427 930 403 910 312 319 354 421 397 620 284 670 679 973 441 1000 337 81 530 35 310 550 72 563 582
444 732 206 826 997 790 598 114 733 309 9 815 895 389 396 445 914 873 301 270 951 254 184 208 297 520 277 269 247 240 682 340 803 764 775 527 234 708 536 462 824 674 445 926 172 90 47 752 398 432 293 616 576 965 640 39 442 322 72 283 590 120 654 895 487 347 20 608 851 804 160 340 791 264 203 106 735 720 874 376 45 594 540 224 803 614 864 883 897 446 827 313 34 936 911 610 100 507 397 805
172 704 23 511 633 957 772 424 149 377 196 252 745 118 439 487 408 968 732 244 391 310 882 410 269 697 197 614 40 212 98 360 404 172 352 725 225 645 672 342 495 994 602 535 881 393 256 854 239 519 357 241 577 138 49 274 168 357 853 775 206 48 76 880 298 388 680 433 269 497 929 32 379 442 529 705 272 212 618 14 835 592 861 928 472 49 642 536 314 126 827 893 152 385 38 373 50 866 395 621
486 291 841 636 285 719 762 521 214 408 722 424 125 806 969 310 357 336 918 37 308 268 24 902 917 416 888 329 908 710 991 815 165 191 288 697 133 572 616 826 460 962 184 629 73 117 413 922 878 217 360 999 261 965 735 529 785 743 161 868 376 543 518 829 630 662 263 454 3 108 104 354 785 526 932 750 701 562 741 614 419 64 518 485 310 679 940 475 961 253 446 784 662 263 109 140 64 308 101 277
501 332 644 775 913 316 209 26 507 1000 54 72 233 855 575 428 232 612 697 516 279 984 948 247 838 305 509 770 665 13 854 368 293 56 500 273 961 216 182 932 716 895 460 593 175 861 137 37 872 384 716 502 687 537 174 642 51 932 187 433 561 18 318 46 167 534 642 577 174 901 311 961 663 84 591 797 714 63 200 54 775 923 219 425 839 401 949 327 40 500 909 811 36 817 992 810 853 910 549 334
469 549 941 559 294 64 539 404 470 121 589 633 305 355 829 932 55 511 126 168 689 225 634 720 466 325 882 305 219 340 875 338 967 899 941 725 470 646 362 548 340 49 343 14 725 896 741 256 594 546 66 539 931 218 230 828 497 228 32 126 68 729 434 94 36 700 260 847 119 282 149 177 508 470 699 636 134 256 57 426 92 787 293 219 413 896 465 663 796 270 624 847 496 797 493 516 731 848 486 721
102 505 327 582 254 187 259 341 618 659 570 655 617 668 947 79 526 743 849 860 405 489 686 528 476 298 728 188 680 8 45 957 161 697 320 826 838 591 576 567 682 804 52 417 991 163 558 649 534 399 935 562 680 282 848 275 713 384 765 316 409 864 579 643 703 896 210 757 928 669 615 55 634 946 568 123 816 733 229 418 735 548 714 109 983 2 612 639 356 822 614 676 469 833 250 183 296 718 601 707
590 695 567 618 118 911 422 857 846 5 368 89 44 234 333 443 409 123 379 845 188 506 42 216 519 441 833 143 116 985 591 131 80 783 82 413 923 500 908 762 203 873 266 35 229 424 114 831 569 102 568 253 661 885 547 461 300 597 187 608 424 629 212 839 63 867 993 303 685 136 26 144 150 706 607 528 281 915 545 756 992 210 5 936 735 462 52 512 343 139 752 137 254 162 922 213 270 648 659 585
67 99 370 537 767 40 898 579 185 314 752 788 196 914 937 230 532 441 431 479 560 667 849 142 114 626 821 128 525 82 878 636 832 274 20 798 77 49 359 461 762 266 144 747 433 232 481 936 145 978 219 511 515 626 66 776 639 850 632 726 595 778 462 171 236 36 456 251 607 670 110 681 126 988 986 250 809 45 297 898 554 967 767 369 341 417 519 13 969 712 850 306 921 127 335 97 985 596 704 163
285 347 797 810 336 25 940 175 415 493 70 348 301 358 374 914 983 999 507 381 409 948 192 524 993 849 769 741 376 772 341 605 263 791 53 304 905 625 955 528 465 261 160 123 662 954 254 314 114 143 370 266 596 738 515 413 47 865 956 219 7 726 838 365 342 221 337 825 911 494 158 529 461 266 345 838 992 844 574 628 908 64 857 665 688 992 7 733 998 111 679 1000 91 837 636 707 883 367 649 190
252 211 614 653 874 318 996 686 921 69 313 86 868 253 380 784 69 46 350 67 311 453 417 337 918 971 791 586 322 314 595 497 934 758 744 96 6 332 508 760 840 87 479 277 456 280 510 597 702 481 581 623 905 467 203 789 182 305 398 985 9 869 871 631 122 82 310 334 714 93 919 245 411 762 789 138 353 814 110 266 545 906 528 873 554 15 823 752 244 924 251 879 574 585 521 115 856 947 880 406
729 656 634 74 62 313 635 420 848 33 104 12 371 755 960 236 732 687 216 201 379 187 393 371 392 492 292 100 293 57 89 246 376 522 339 127 671 481 648 168 42 180 892 389 224 847 155 388 36 525 434 312 356 104 992 587 506 513 238 459 509 213 524 969 966 283 649 30 929 248 904 667 171 502 544 426 258 113 850 298 833 975 972 70 303 293 900 420 556 240 102 104 557 983 552 531 129 160 437 349
497 729 929 582 260 418 443 783 697 488 833 167 48 778 830 358 315 413 106 148 508 160 43 94 435 991 642 135 79 992 904 534 811 529 594 345 72 675 892 701 394 107 122 933 569 841 294 371 802 374 731 347 48 158 814 911 988 609 789 765 388 618 997 65 317 999 213 152 632 210 242 849 247 531 336 84 299 409 470 430 175 61 521 933 692 608 945 566 664 726 131 494 419 605 454 622 626 107 558 728
278 701 23 362 666 742 590 973 627 660 842 941 791 225 481 811 614 566 990 38 957 990 247 185 146 490 16 740 721 602 522 981 26 807 533 178 394 719 493 114 259 887 528 284 924 743 41 241 909 609 986 224 776 69 391 766 353 640 636 372 384 728 561 864 423 743 146 62 70 309 913 903 261 601 158 737 973 920 344 940 211 689 311 57 431 618 122 784 590 849 620 459 866 989 952 332 478 804 743 287
263 776 924 719 568 839 149 262 260 542 866 239 155 131 982 826 344 705 626 693 250 972 685 330 467 575 161 363 290 156 925 843 80 981 450 263 938 167 205 902 136 194 124 429 29 16 11 236 3 830 292 677 589 630 18 192 32 145 816 807 899 870 769 40 463 529 970 487 832 419 883 381 53 375 676 497 636 489 782 343 63 202 958 701 460 286 974 425 969 605 17 999 175 32 858 411 985 198 816 812
219 791 319 635 988 648 770 92 968 834 358 874 642 966 93 12 315 588 495 99 939 438 458 664 246 792 211 734 482 726 706 767 468 359 551 883 921 152 68 683 951 813 470 972 663 400 680 600 302 340 252 52 4 556 564 345 389 499 697 795 471 757 104 891 268 23 86 544 896 618 910 119 339 703 480 400 397 945 531 830 431 477 279 394 658 502 748 982 174 134 935 974 215 306 346 248 343 168 210 960
208 569 524 814 981 884 859 441 299 211 371 531 59 162 55 406 286 635 24 833 956 166 738 609 878 698 91 659 563 780 932 103 384 812 496 900 291 473 37 231 889 902 94 651 913 56 578 981 299 795 379 618 196 692 106 42 536 451 588 189 833 862 15 875 152 655 560 94 647 524 497 988 359 101 133 799 688 16 349 258 621 588 609 345 741 86 757 251 370 402 557 560 82 430 662 355 998 647 503 699
939 352 935 438 322 646 62 483 364 316 844 839 539 697 785 602 739 214 373 367 447 247 574 113 802 671 806 621 947 832 459 100 992 524 754 949 242 84 111 904 824 174 574 335 528 527 957 469 612 455 922 447 148 933 181 165 306 773 513 738 325 16 338 123 457 964 290 747 621 771 246 355 142 204 178 608 42 681 428 151 279 518 705 722 807 803 931 432 743 246 454 975 265 356 134 876 50 854 970 694
136 733 471 371 810 777 984 800 820 971 627 256 694 675 502 144 198 463 22 653 637 548 799 833 779 45 609 920 33 563 289 80 942 803 143 496 671 213 72 937 59 380 291 738 421 735 762 100 766 401 810 213 550 472 313 746 302 65 350 872 142 256 202 345 366 929 200 239 732 33 596 795 641 629 815 962 737 320 265 506 343 107 853 817 798 860 207 321 210 352 953 887 703 187 721 242 518 228 8 976
618 50 525 89 295 68 88 293 230 382 153 153 217 941 548 137 859 771 238 392 508 281 969 419 269 207 105 119 872 223 773 380 335 682 7 637 724 393 817 691 686 862 597 108 105 911 211 245 897 295 766 671 978 545 703 730 729 349 643 444 197 722 819 441 452 435 66 377 30 449 772 2 81 538 782 833 54 707 38 246 820 186 45 172 966 972 134 13 718 622 756 764 751 843 360 51 575 303 80 935
239 976 694 682 633 246 615 523 774 429 599 767 665 958 501 649 923 320 254 657 512 299 584 478 545 756 277 719 694 897 980 460 645 640 624 227 353 65 296 790 869 287 721 230 771 174 48 370 592 65 910 686 893 280 373 633 677 257 919 122 448 11 811 572 617 65 76 289 800 909 962 27 628 230 844 253 770 681 506 627 268 609 914 758 459 378 175 543 623 659 861 284 391 92 436 861 556 911 832 217
482 962 533 389 957 122 568 782 214 214 208 420 355 576 262 602 971 414 262 567 531 73 330 623 339 16 305 130 730 480 31 841 98 578 806 443 321 286 225 165 17 728 42 614 373 190 786 530 304 268 382 52 257 173 393 36 754 539 659 634 967 402 132 697 915 759 23 322 120 960 35 957 393 695 372 655 543 564 635 384 10 327 43 884 94 273 319 21 588 768 991 213 683 30 107 382 870 305 148 432
639 87 885 944 360 886 444 78 488 981 385 69 572 138 97 817 266 282 665 753 858 428 272 928 505 273 972 387 467 806 702 714 50 408 12 225 299 713 818 136 152 135 670 807 387 527 333 695 727 223 979 664 684 639 183 604 884 377 528 138 832 175 549 743 599 987 638 524 280 0 101 978 744 37 747 941 115 650 231 523 332 905 310 135 949 269 984 821 573 710 687 646 758 206 909 862 342 909 128 351
710 236 760 994 36 685 873 9 982 702 987 635 959 880 755 303 393 468 425 493 103 614 775 203 652 132 364 80 869 875 599 683 24 547 641 57 114 108 957 291 361 484 729 114 848 396 556 231 854 151 140 998 958 755 16 52 270 345 785 843 442 209 805 266 937 269 545 254 72 318 144 531 556 343 300 202 997 564 934 566 47 712 266 226 644 799 369 741 591 903 257 672 72 821 909 737 998 135 841 111
210 469 292 2 390 517 793 537 798 882 852 387 280 598 922 466 281 575 997 182 750 699 124 666 874 985 190 297 313 256 644 401 979 615 603 683 469 460 655 988 851 258 701 258 605 620 65 745 411 38 631 386 514 85 546 636 250 26 946 143 418 853 601 924 445 981 146 579 97 407 572 986 653 665 295 831 350 806 682 35 524 399 231 18 362 385 458 607 942 824 912 284 68 570 450 172 136 170 624 170
291 269 751 179 247 813 877 932 197 487 446 106 145 327 439 625 650 793 444 511 821 225 206 836 221 679 799 821 313 514 950 865 281 30 974 222 667 212 973 566 515 338 411 51 455 633 338 996 333 103 937 97 759 590 507 289 226 953 823 111 500 812 900 824 607 213 442 226 928 359 663 180 868 667 894 304 362 574 593 418 697 993 295 651 612 782 305 98 454 510 406 440 559 527 848 63 143 756 326 32
903 662 86 433 599 349 267 10 83 37 629 220 503 922 681 197 453 365 461 156 511 158 188 935 159 33 396 470 488 262 433 803 347 938 228 85 37 928 166 425 392 305 47 119 870 695 453 261 484 932 225 370 152 430 68 910 624 887 970 128 682 915 820 31 398 835 434 694 427 427 36 311 672 793 335 308 454 57 827 476 932 517 668 93 9 756 149 864 208 802 913 238 817 783 496 1000 839 791 832 709
45 889 830 689 421 571 768 490 359 489 909 546 735 103 664 584 534 148 423 205 803 400 211 914 142 974 580 148 908 736 906 367 605 862 271 386 594 81 201 464 773 488 916 686 304 893 713 674 314 84 821 284 697 518 559 940 652 794 642 498 763 648 841 453 386 46 100 900 421 695 19 602 864 95 917 293 681 397 618 229 495 594 491 574 735 252 28 314 282 169 321 513 965 924 885 103 340 802 398 852
36 866 26 501 229 259 698 682 494 111 443 26 604 543 426 859 371 71 995 285 172 716 891 597 987 963 156 558 37 655 430 545 165 142 191 872 286 799 336 441 444 882 919 570 458 583 655 558 183 583 645 674 842 117 691 550 797 778 211 321 394 362 125 373 968 472 666 99 40 525 471 702 342 970 505 633 673 732 847 528 450 814 94 583 279 434 454 567 800 368 982 950 868 211 625 662 56 304 676 605
996 746 431 299 153 600 55 71 858 153 728 696 368 935 319 50 782 72 997 482 913 124 323 479 120 772 265 582 227 191 903 301 731 816 662 456 644 380 917 673 806 401 255 716 160 215 739 323 43 468 450 89 245 611 772 654 65 186 806 902 331 620 729 105 91 739 546 73 604 347 438 256 300 278 756 293 89 135 339 808 786 196 239 268 294 683 322 623 976 479 243 804 994 696 877 269 837 797 997 925
509 815 435 35 101 775 174 700 654 704 181 523 130 421 345 767 873 780 856 64 909 250 446 469 93 830 853 373 863 6 405 835 530 554 483 109 501 967 315 704 129 548 135 57 89 580 442 512 528 202 647 807 458 306 847 896 880 644 638 526 82 879 670 709 416 587 789 479 840 6 768 296 339 238 486 208 354 149 195 539 29 165 558 30 872 361 309 298 827 507 77 498 483 944 692 824 953 804 324 399
652 303 286 130 331 894 629 820 630 400 918 40 300 946 326 736 233 667 926 61 648 435 602 778 914 243 517 965 355 762 268 204 603 412 605 523 12 983 708 344 408 584 563 511 291 128 820 722 874 161 538 183 320 67 113 377 377 399 9 951 895 390 177 117 963 953 763 393 605 865 615 178 635 527 751 491 992 752 651 830 161 509 139 547 79 52 306 70 671 976 628 899 393 309 389 452 631 62 619 443
272 886 596 740 472 28 166 189 278 59 442 749 912 550 131 452 194 523 731 910 510 636 939 13 96 651 739 705 68 417 431 820 64 880 22 108 607 467 568 855 915 676 721 785 709 342 525 102 993 700 528 444 318 741 871 574 662 560 566 576 847 120 924 779 477 300 576 630 496 549 463 937 662 848 557 661 448 942 116 321 653 715 285 846 801 309 10 641 22 959 564 70 228 716 188 851 992 729 412 53
64 206 685 47 625 726 9 600 776 436 906 898 410 651 142 199 242 69 185 88 669 474 510 450 444 519 85 653 871 125 505 354 674 24 984 33 271 165 706 725 684 117 731 183 61 642 632 957 378 772 928 472 850 371 608 594 867 407 253 652 791 349 671 772 222 390 765 181 767 185 869 223 381 397 286 466 857 315 421 875 809 707 671 328 946 227 647 108 865 360 658 546 948 938 24 41 987 718 447 423
625 494 503 871 457 625 190 764 368 472 589 339 713 534 810 399 115 611 634 497 147 753 185 79 27 765 135 135 44 934 835 302 82 293 781 780 17 938 563 445 584 351 178 850 24 385 514 873 874 361 209 798 937 564 349 761 504 442 918 677 872 180 550 293 602 33 94 100 291 995 999 641 37 370 880 913 573 546 871 446 428 652 229 158 540 762 399 158 1000 373 689 819 988 322 656 166 959 237 739 358
608 189 766 285 233 826 93 905 767 842 322 994 273 560 977 944 884 874 74 762 668 859 726 643 825 100 412 611 478 493 342 781 914 475 715 568 779 61 184 558 744 450 865 599 380 910 929 217 613 621 30 908 30 857 956 204 127 839 800 500 529 764 781 122 372 448 997 684 23 786 962 535 992 830 575 409 445 163 482 783 645 592 582 209 800 713 16 994 834 249 105 692 205 215 126 62 828 426 114 761
53 916 154 216 896 493 338 484 461 711 526 209 52 446 930 666 371 294 941 918 825 410 603 609 14 867 831 844 204 785 85 981 41 631 138 721 48 532 716 553 281 808 214 196 624 509 573 405 684 346 576 640 876 167 84 343 541 278 407 921 825 470 853 399 151 708 425 957 826 414 889 305 440 722 798 944 507 962 969 546 700 376 54 757 189 553 107 870 624 260 231 791 345 871 639 765 36 857 950 826
426 353 167 706 343 583 860 147 175 625 271 675 25 166 63 618 695 905 48 379 936 473 746 41 711 978 306 618 86 119 162 647 583 966 277 290 188 952 985 810 207 25 951 794 486 930 821 369 210 145 822 522 856 531 814 401 726 487 387 329 554 431 926 900 68 673 328 70 111 290 226 175 731 689 128 991 691 824 845 862 137 302 237 453 893 577 537 557 265 299 66 765 127 143 748 663 951 748 934 250
965 919 933 873 329 421 995 790 592 698 581 298 974 735 301 24 980 792 633 56 445 597 974 399 879 946 246 560 521 847 69 624 314 354 783 419 977 435 201 747 37 55 230 845 372 500 102 985 723 867 665 627 783 731 257 225 692 727 164 228 259 332 941 406 250 63 285 913 93 233 365 878 252 620 935 981 321 642 336 817 450 272 887 582 995 510 387 121 717 338 608 207 722 280 965 997 149 887 60 761
379 677 123 257 94 777 587 242 583 695 111 675 90 134 868 526 827 196 751 220 518 266 278 842 887 834 237 956 6 606 61 835 65 202 887 296 843 120 166 812 939 636 284 636 221 526 942 376 153 316 692 173 720 934 908 51 177 896 592 756 0 281 591 236 426 459 646 677 811 848 357 35 561 102 202 656 891 843 804 460 797 404 544 485 946 751 420 234 357 432 170 110 532 604 486 239 340 101 272 294
765 44 864 438 478 875 333 761 186 775 559 586 579 71 324 557 268 752 950 822 440 44 825 465 846 964 637 704 212 201 515 611 334 530 814 606 114 242 519 267 427 844 300 861 531 213 936 343 47 874 305 392 447 207 346 928 533 400 919 659 887 471 95 394 490 783 528 908 609 845 354 604 45 625 96 991 71 744 471 968 432 57 304 119 852 541 366 720 835 415 553 126 549 157 202 747 647 176 922 444
192 657 881 966 880 199 680 54 154 608 416 458 457 565 466 830 242 551 441 12 875 229 775 131 460 15 739 815 405 827 73 981 269 50 181 470 360 800 496 416 463 607 159 405 54 505 848 66 985 490 389 131 183 914 74 885 92 267 274 64 480 562 605 316 136 649 810 146 656 941 333 820 708 545 833 133 10 516 379 43 955 1 394 563 570 985 318 952 235 972 691 59 553 223 306 15 114 667 917 294
137 23 52 373 914 549 324 507 775 89 691 385 350 287 445 342 107 673 413 107 744 821 480 460 679 297 344 339 49 403 900 247 771 317 983 362 499 542 259 631 634 984 883 14 895 709 676 873 901 688 894 782 355 30 220 555 407 356 29 206 370 456 455 333 138 235 948 628 324 781 349 514 947 83 842 577 687 612 848 844 644 345 209 193 449 603 59 755 406 532 75 22 977 519 8 72 653 24 874 531
597 321 851 329 129 810 327 713 834 186 697 967 55 362 585 527 471 20 489 784 602 444 889 351 536 487 964 282 301 356 37 945 506 54 894 596 909 887 449 652 95 98 835 211 946 886 903 889 7 550 140 230 6 352 168 18 145 198 803 219 908 101 152 865 831 719 802 151 439 348 252 28 622 543 333 456 883 990 221 679 945 723 600 521 328 813 195 456 125 467 418 866 384 737 950 31 456 62 347 41
218 781 954 370 549 1000 689 890 744 627 1 508 838 77 120 997 916 773 367 426 625 827 284 571 280 632 700 759 380 573 204 141 501 111 727 428 302 492 841 273 822 605 947 173 981 715 564 86 253 550 798 629 213 630 970 387 809 650 269 590 207 363 539 910 865 861 1000 150 96 448 537 271 430 278 607 388 240 97 603 106 652 129 968 590 123 935 927 636 482 170 891 644 470 876 327 972 35 181 931 767
530 662 247 464 431 509 260 67 264 877 758 697 231 749 246 672 653 114 681 885 803 551 971 908 333 105 60 369 409 554 591 773 361 518 90 668 422 489 774 581 577 871 832 5 591 623 654 348 152 390 269 287 753 882 222 0 868 94 619 478 536 423 681 138 728 337 599 892 145 790 506 232 621 410 388 498 774 685 394 464 451 28 815 595 609 855 795 86 1 424 314 908 135 955 690 976 310 632 617 354
749 305 231 253 157 585 971 765 902 249 594 493 932 126 822 84 412 456 549 894 214 582 558 40 771 271 692 486 891 504 324 723 616 668 993 335 532 162 941 67 298 979 125 18 716 107 846 960 387 313 511 978 558 813 134 769 841 198 834 116 255 917 430 912 547 257 232 633 439 421 990 905 271 553 663 285 626 747 479 791 315 733 493 218 972 3 973 444 753 804 978 960 487 87 923 882 136 606 253 437
30 428 991 109 311 979 261 510 143 138 790 841 226 879 167 532 511 283 617 455 649 498 213 15 983 587 168 155 170 789 367 823 551 617 599 463 105 343 272 551 139 445 145 565 445 344 375 620 139 389 805 735 939 669 848 477 448 657 158 926 108 713 868 921 715 313 773 23 409 650 672 832 230 549 333 314 447 823 435 83 819 386 226 226 866 856 116 367 73 9 324 579 960 540 118 701 183 691 511 461
528 779 669 740 605 390 283 847 992 34 551 800 749 553 812 230 731 112 40 755 341 793 369 535 454 752 952 905 144 356 177 291 137 334 900 380 898 507 677 204 551 328 410 288 42 54 24 380 601 591 199 728 658 241 99 443 779 322 94 503 410 976 98 154 125 772 367 30 574 778 27 645 401 891 705 9 251 863 947 474 647 346 64 546 95 846 850 993 582 772 4 340 904 846 350 768 890 323 580 620
596 177 521 122 925 671 295 275 123 95 616 335 497 320 129 238 925 828 458 777 355 129 578 781 291 209 727 828 518 731 544 23 39 866 914 51 888 169 261 30 515 877 461 723 852 724 67 915 623 593 642 836 760 4 76 413 353 298 732 234 888 477 325 487 161 252 408 174 721 36 812 212 325 191 798 547 746 543 846 84 964 72 521 812 562 291 941 51 568 585 24 787 918 959 744 745 250 403 779 183
332 605 252 82 926 620 417 265 608 734 511 806 253 612 483 789 477 992 717 586 915 473 611 781 676 364 914 938 388 764 450 685 640 527 853 561 86 83 25 684 325 54 458 512 371 687 675 310 514 538 646 240 0 986 17 605 769 278 385 515 398 34 331 5 610 471 894 467 920 689 684 47 614 105 667 251 577 897 687 252 616 515 979 369 96 96 289 659 363 31 276 169 901 77 695 90 53 148 769 987
468 369 831 464 897 158 667 577 541 645 74 783 10 807 118 363 215 848 131 721 675 807 892 187 796 961 357 87 907 512 927 417 356 323 212 153 745 293 822 912 996 417 17 516 664 534 231 520 235 122 474 269 31 444 463 561 348 732 649 128 8 640 925 192 535 640 378 937 694 527 289 492 183 913 764 685 887 248 520 913 75 740 312 128 770 11 741 60 985 132 376 689 557 633 640 571 357 668 391 719
814 428 400 231 790 325 231 137 932 707 381 578 968 968 750 631 943 447 22 270 658 246 408 90 20 95 639 488 28 636 506 943 507 607 872 177 677 436 66 206 705 288 358 675 316 412 836 779 229 605 722 899 568 639 597 273 489 628 610 319 774 904 313 990 450 509 863 916 857 100 671 714 220 47 732 18 639 291 228 105 479 646 247 688 298 551 18 974 918 128 203 496 144 555 994 310 440 821 292 424
596 691 120 999 797 533 783 936 658 338 941 424 788 644 641 526 997 558 124 296 695 12 534 752 603 276 146 151 939 867 416 932 775 603 11 791 900 676 403 320 213 354 767 796 900 14 685 575 579 42 206 717 314 768 830 765 346 914 922 523 498 19 879 113 286 97 985 98 569 484 955 927 634 2 689 636 989 802 140 129 940 960 526 561 874 886 392 209 612 898 518 603 757 248 800 415 906 574 516 639
930 315 442 140 684 93 608 586 526 293 422 115 796 893 89 565 191 645 626 115 688 963 124 189 755 612 769 932 953 894 554 583 973 21 658 653 36 314 848 896 921 507 776 666 685 899 941 135 863 388 303 735 864 230 110 682 563 552 926 558 173 459 675 832 745 88 249 664 496 783 955 365 687 874 800 596 672 181 520 266 724 138 293 197 363 636 674 230 4 874 454 473 369 945 236 713 994 135 241 918
974 889 309 246 819 509 476 962 203 231 34 873 861 786 277 416 597 767 628 520 457 57 695 950 121 33 6 672 261 673 699 892 735 720 490 618 541 627 26 709 991 836 285 383 826 506 665 513 392 323 990 647 803 716 408 180 444 768 264 316 358 637 116 151 734 793 359 520 762 356 29 28 458 888 92 647 820 348 279 687 326 886 556 543 154 195 460 944 397 503 156 832 364 807 725 697 608 819 797 782
382 65 578 133 376 880 561 624 188 460 415 995 921 82 656 200 978 716 440 263 9 403 312 958 147 975 520 750 920 213 800 262 719 324 859 920 41 970 205 912 243 580 346 495 0 60 571 905 77 69 297 139 904 729 245 520 237 733 40 501 948 713 565 191 34 586 726 498 183 599 265 599 852 993 709 556 302 630 112 502 317 56 372 718 122 718 774 905 453 294 321 781 601 360 692 56 957 358 813 89
302 836 508 226 764 608 650 223 825 437 806 442 305 194 197 383 548 456 394 684 659 5 670 894 567 395 309 158 830 190 783 11 614 291 212 270 623 713 928 163 443 124 476 808 171 83 204 276 446 255 312 324 656 895 963 54 54 252 836 845 521 473 854 418 17 821 360 582 322 201 365 564 502 139 483 856 108 515 408 34 26 148 863 465 606 479 806 340 675 45 859 357 719 903 5 129 792 308 12 606
247 150 509 634 833 385 797 533 946 515 517 199 833 883 449 383 607 779 199 590 358 675 7 820 307 86 189 855 146 837 290 335 187 227 172 136 434 198 843 432 640 158 850 311 40 732 72 863 314 758 324 285 11 229 733 836 310 480 419 877 739 94 572 606 44 192 382 750 923 971 818 477 759 595 360 161 5 678 173 633 443 427 339 156 473 820 293 93 932 562 68 691 465 197 948 197 395 107 87 614
536 11 979 332 84 757 814 81 21 189 547 806 707 551 71 338 385 767 258 830 179 619 273 2 617 190 118 866 492 114 636 389 300 938 128 239 999 855 350 863 799 900 202 841 653 990 110 274 818 253 598 146 201 855 251 57 162 11 791 29 88 822 612 52 984 466 596 97 907 436 815 467 993 899 674 521 10 814 619 110 683 83 446 279 625 319 487 174 868 204 994 964 844 100 909 516 411 144 781 933
814 857 326 689 824 544 279 805 359 83 463 937 947 916 755 15 652 521 329 127 335 634 320 452 159 403 571 862 484 430 944 239 458 938 517 459 165 805 42 709 632 816 719 857 75 746 772 612 429 557 371 53 750 209 408 890 462 370 64 539 923 685 107 235 90 488 849 862 513 597 896 124 706 677 716 870 748 25 453 194 160 411 26 315 759 75 766 938 385 256 728 681 412 990 191 849 384 202 154 240
465 129 851 998 13 675 614 604 446 578 849 179 401 240 375 214 238 227 832 376 888 281 919 444 997 320 839 362 53 387 699 317 427 616 825 286 101 580 498 810 933 524 635 716 274 2 540 895 749 810 165 458 667 878 112 799 710 715 570 37 549 107 284 329 248 847 76 626 972 730 91 74 898 515 379 9 442 138 627 784 99 794 658 526 975 93 473 382 936 410 945 640 367 213 430 568 339 770 617 168
698 87 126 742 286 312 643 172 155 379 571 671 856 844 131 595 992 667 728 693 584 590 920 377 336 489 694 334 125 434 928 908 206 244 658 410 990 447 375 234 863 775 763 430 557 986 874 23 943 241 910 452 165 696 891 707 921 660 280 950 912 196 33 882 684 294 972 491 490 878 830 651 474 552 181 882 446 404 312 495 286 51 998 676 168 161 184 918 133 167 656 123 538 466 966 407 517 965 557 435
478 170 818 61 237 804 245 951 629 629 914 592 283 177 297 689 435 178 137 22 190 818 723 911 2 311 612 507 424 656 27 478 0 869 11 744 648 906 640 779 533 809 178 711 742 728 614 500 640 811 141 628 558 911 636 98 765 366 49 351 220 135 680 137 574 662 413 883 363 278 898 910 347 762 343 232 60 403 987 256 205 894 894 851 572 355 506 557 434 665 862 370 405 889 378 235 966 774 476 851
595 452 67 240 206 66 909 251 318 702 965 243 734 781 74 448 674 626 177 160 564 79 833 866 837 254 509 312 295 0 893 642 784 952 90 78 336 465 87 368 890 311 16 888 663 53 422 411 887 607 82 270 982 108 780 941 822 680 231 86 964 417 489 220 210 810 572 117 772 205 669 519 490 294 717 783 717 556 892 795 304 255 44 917 593 474 179 577 295 641 501 598 339 129 126 557 854 557 77 926
27 612 677 11 990 282 688 684 982 134 775 758 329 921 312 532 603 686 416 435 685 861 207 931 841 978 651 571 865 915 1 566 578 301 229 501 996 55 991 690 453 412 34 606 841 717 710 124 128 972 178 46 284 78 432 44 661 137 171 5 381 622 545 190 950 86 276 5 358 362 987 781 840 359 511 202 518 130 898 713 768 808 21 914 155 365 10 877 68 99 549 287 869 238 45 609 772 564 800 814
215 226 809 323 152 331 317 893 910 965 127 890 890 767 288 994 958 35 283 338 882 692 915 32 937 512 164 906 110 754 470 4 772 843 366 290 759 838 447 221 708 840 341 93 524 749 392 107 111 674 893 242 456 531 382 317 922 962 699 381 987 727 93 637 64 289 925 419 218 194 294 923 519 396 549 601 960 18 978 645 78 225 408 899 139 202 661 702 630 373 42 761 83 842 868 943 513 630 562 289
826 433 23 949 150 912 11 953 142 24 257 815 536 103 468 230 536 460 738 932 163 989 837 200 412 400 985 652 671 236 109 122 396 708 243 613 419 119 957 876 142 200 740 72 115 92 289 915 876 929 196 470 304 36 371 837 861 357 786 639 997 158 998 946 232 604 91 789 786 728 707 628 355 11 525 88 654 913 858 290 666 926 416 138 873 787 536 403 366 653 187 713 90 61 734 906 274 756 149 592
558 838 407 519 446 953 80 316 75 884 198 578 519 25 480 888 671 649 66 10 843 39 933 746 191 260 447 550 932 16 614 514 69 319 581 393 499 140 304 972 922 120 237 551 702 236 402 7 415 156 457 44 62 71 998 449 837 854 207 511 468 485 933 470 219 756 610 247 151 413 80 529 573 218 745 275 716 110 979 969 488 42 832 804 142 102 464 225 461 323 941 335 982 197 954 462 312 987 475 719
734 11 688 465 6 741 583 189 452 466 154 340 482 207 870 639 82 197 616 329 556 581 962 691 955 236 533 988 127 231 715 289 494 339 625 62 143 874 98 537 25 724 750 654 429 186 464 193 263 566 473 425 54 831 689 328 755 202 833 985 468 142 189 78 362 583 936 939 991 147 983 753 955 188 210 21 914 243 463 735 536 848 329 748 788 522 391 58 76 944 938 954 884 58 910 572 935 622 854 910
521 574 109 907 892 458 160 98 602 923 183 634 553 281 480 156 602 581 43 834 691 480 208 569 842 880 48 447 967 492 243 408 103 228 10 856 198 72 931 48 301 855 149 768 598 380 92 629 588 685 1000 330 967 856 988 95 999 112 999 5 205 982 910 677 925 528 9 817 125 653 821 763 734 634 764 698 295 924 905 122 558 802 291 174 501 611 917 300 533 562 49 74 415 269 356 650 953 177 638 585
75 183 779 766 383 74 107 356 118 685 575 194 307 486 601 660 895 581 106 443 941 541 369 110 241 523 81 307 583 225 819 259 842 250 23 261 640 774 627 275 147 296 291 15 417 300 753 748 54 511 249 694 622 838 486 141 502 249 391 659 987 781 660 330 101 53 750 182 311 723 139 502 216 351 87 481 900 515 808 323 78 366 691 170 266 452 54 903 574 162 363 511 806 1 638 614 360 211 8 463
587 590 346 493 393 285 447 769 646 294 761 903 607 349 173 882 638 115 980 850 732 455 4 16 461 885 309 680 480 718 252 850 503 414 442 661 573 483 686 658 736 282 547 979 291 319 446 739 352 37 794 701 957 407 101 940 659 420 240 803 922 184 128 262 504 434 348 205 454 602 705 997 431 442 655 994 272 660 695 719 489 695 224 418 940 470 930 534 920 321 90 650 921 187 885 465 452 750 571 112
635 196 806 745 14 731 86 942 775 677 666 120 761 705 876 242 964 272 341 159 322 855 471 484 746 213 645 452 218 430 161 212 673 257 626 131 704 270 760 241 717 59 838 62 862 602 391 762 973 503 712 431 312 652 632 326 165 698 331 583 932 541 132 12 904 930 514 353 872 213 559 650 49 957 939 674 894 183 524 113 984 489 845 719 824 772 96 765 430 947 465 711 230 926 638 305 296 230 190 403
396 579 547 107 890 929 772 333 286 357 220 402 363 200 2 176 969 686 190 255 993 244 917 730 713 700 732 301 313 839 753 30 407 762 845 17 454 24 444 308 81 585 624 888 799 957 733 697 97 422 375 838 918 938 126 536 148 635 464 77 410 18 982 560 556 490 552 430 47 526 879 360 491 389 820 386 436 960 917 238 341 789 892 520 970 687 767 904 840 159 364 637 440 23 338 464 813 492 396 832
873 805 310 391 967 888 205 870 80 379 574 860 938 231 75 551 729 432 496 456 318 813 269 590 788 88 438 910 930 81 143 729 582 42 403 45 475 91 519 742 568 521 246 469 593 1 171 673 501 742 685 593 529 297 376 793 670 62 280 128 633 652 976 792 295 255 60 427 509 787 133 562 316 569 492 950 73 876 852 321 529 725 270 487 383 55 319 56 459 375 798 539 105 141 606 692 352 671 716 362
339 571 704 373 712 561 536 228 96 569 289 21 157 27 482 980 696 760 417 668 127 712 281 507 668 404 438 369 467 843 795 226 547 579 342 635 422 732 737 700 549 391 283 598 227 167 177 95 772 224 69 9 540 98 601 24 89 537 152 638 753 352 398 698 381 350 876 494 767 730 353 346 682 190 823 677 667 776 930 241 401 137 465 390 0 486 73 811 268 541 681 144 31 270 701 712 676 188 410 16
541 922 572 723 800 280 415 571 836 946 267 654 217 12 189 776 22 885 379 694 466 709 988 295 2 278 829 779 368 185 499 620 450 664 394 668 235 46 486 332 369 810 315 268 548 279 492 96 282 978 250 595 320 287 543 295 457 949 247 303 704 361 740 391 697 418 993 432 851 581 188 107 131 640 326 22 772 280 831 581 642 852 85 712 656 425 165 361 484 619 873 665 340 528 836 786 822 201 672 991
322 280 550 328 149 299 834 366 575 292 309 709 490 969 689 646 82 534 976 97 109 785 882 872 685 391 942 221 456 311 195 327 285 446 701 869 825 266 419 712 655 472 730 147 646 183 490 242 585 867 530 496 237 435 287 119 260 2 180 246 232 454 125 210 825 533 44 725 504 185 472 137 966 993 943 15 474 570 374 695 555 336 136 419 268 823 486 846 427 921 424 114 157 771 581 640 24 163 903 695
162 815 256 564 232 364 519 920 461 835 702 639 144 488 494 134 566 391 812 34 548 939 43 714 89 925 275 667 700 76 554 315 741 865 387 414 921 448 291 583 81 961 478 455 714 486 918 204 26 990 51 416 873 101 952 621 798 765 76 507 271 313 13 877 858 449 598 759 882 451 714 648 888 707 536 710 658 696 92 877 374 352 186 358 348 658 845 667 934 68 506 232 335 685 799 356 183 518 187 369
663 574 319 324 6 442 114 924 662 500 38 753 233 884 796 465 888 572 557 81 910 96 717 659 944 896 613 468 162 401 681 600 34 387 655 113 724 307 787 726 710 736 551 346 277 731 537 834 764 844 720 647 453 30 711 447 224 971 535 261 693 565 12 954 246 940 741 606 44 514 496 334 438 926 109 749 497 679 391 523 635 645 883 588 882 590 80 119 33 177 885 157 608 503 634 278 888 535 869 29
349 945 596 669 488 595 43 914 447 39 78 550 14 627 56 668 762 968 941 896 565 104 769 432 582 518 223 338 115 574 740 358 886 410 320 383 620 910 632 99 209 547 953 569 480 485 174 610 902 311 265 741 451 938 936 371 0 463 441 529 191 944 730 654 704 503 187 385 526 729 546 974 647 362 74 897 190 676 712 851 415 533 527 317 241 584 29 618 986 425 639 429 575 166 386 977 851 728 493 103
856 877 765 24 821 724 516 638 984 889 189 623 232 667 494 467 726 193 327 762 38 34 152 170 938 859 862 740 515 270 571 268 878 802 679 879 414 816 537 720 120 678 407 647 650 167 383 765 523 708 535 627 220 233 542 393 746 234 11 561 171 528 148 220 460 45 333 778 446 331 845 432 236 174 872 642 658 43 850 706 853 78 741 162 45 435 278 753 202 122 554 951 979 172 579 979 249 884 340 61
97 460 741 897 624 936 79 6 773 93 571 744 947 442 159 260 319 666 503 829 717 497 811 337 883 178 425 575 78 557 55 283 45 105 98 176 944 976 706 155 418 787 956 963 265 90 390 236 545 846 623 493 28 525 184 378 929 958 348 273 58 700 829 630 323 586 509 997 845 173 254 176 28 606 998 255 562 796 955 982 241 904 984 618 721 738 975 427 85 465 354 260 121 360 60 670 526 823 137 358
498 44 495 71 88 793 734 174 297 359 53 824 575 554 241 667 284 373 88 716 404 814 274 292 698 339 951 532 358 584 706 89 192 633 522 22 42 598 895 929 177 848 560 896 833 715 574 10 52 85 578 538 441 963 464 393 86 322 664 602 63 353 835 910 656 821 400 616 313 645 268 407 298 414 932 219 959 379 571 887 605 575 25 599 480 149 220 205 317 226 137 743 886 274 158 995 808 144 636 170
251 962 310 897 717 629 262 234 830 91 120 221 216 501 366 376 995 735 789 136 879 923 154 877 13 288 951 394 926 761 70 773 599 379 658 553 403 58 99 290 520 204 838 374 277 536 125 525 469 401 597 693 247 57 773 85 769 835 694 554 13 331 94 376 704 814 511 872 565 545 571 330 433 343 523 483 665 301 291 178 390 382 432 997 242 772 437 620 518 755 167 71 571 787 586 333 690 775 462 840
944 204 321 65 462 604 2 368 248 170 312 436 696 722 949 723 255 489 511 143 862 160 56 453 808 163 283 819 661 560 430 391 92 749 969 384 661 325 633 756 533 766 589 597 310 979 904 749 802 26 751 35 744 459 984 771 211 521 940 707 958 888 414 870 526 786 425 500 357 840 935 96 73 101 601 5 165 872 123 584 390 574 741 50 171 31 807 249 388 342 479 756 744 298 672 379 184 434 684 498
739 717 849 161 895 315 1000 885 750 867 192 67 777 755 101 865 197 148 835 17 239 413 961 671 521 500 995 984 590 808 255 56 127 40 291 793 599 516 67 744 282 358 96 869 40 193 411 382 251 895 314 156 653 51 809 384 572 353 866 734 459 693 482 173 777 987 345 263 652 983 121 80 405 358 362 440 623 276 523 475 963 886 24 811 586 938 363 252 727 342 850 766 357 368 722 808 739 517 142 877
495 292 132 415 257 304 637 335 554 250 939 862 839 692 134 66 665 91 867 497 900 420 496 901 339 862 915 504 144 244 735 587 706 528 413 562 234 368 298 605 128 945 736 221 812 796 576 211 311 513 931 201 628 31 722 243 355 671 940 239 927 671 762 939 579 361 562 228 703 793 448 392 866 719 938 806 243 434 195 823 21 718 898 355 969 90 282 251 53 341 952 3 243 67 656 798 670 91 585 868
479 230 123 719 478 294 781 837 0 609 964 907 396 740 853 701 128 322 49 53 193 50 514 863 653 75 181 367 301 721 859 237 77 638 817 79 170 421 907 128 909 898 808 526 629 862 104 510 192 365 239 689 219 418 167 425 620 391 629 882 769 621 716 829 867 891 87 663 242 1000 284 722 868 198 498 414 111 150 625 60 996 922 47 499 688 931 781 825 781 764 970 520 183 48 213 361 875 936 738 292
431 346 349 402 422 148 715 191 509 846 419 772 294 704 394 746 331 923 154 406 517 828 220 971 388 0 373 348 652 911 897 353 715 926 482 252 312 34 651 471 259 343 249 656 34 911 260 631 625 851 588 0 208 559 800 575 765 657 720 953 333 619 787 754 327 729 600 212 715 456 32 39 962 94 697 144 461 781 252 506 361 211 306 172 440 907 695 909 418 377 789 891 677 763 658 386 212 87 645 885
924 340 308 983 495 600 838 729 764 530 609 997 126 712 366 55 264 269 58 756 736 596 10 676 673 389 824 741 418 55 207 533 728 781 812 993 863 809 765 311 845 929 124 937 473 632 755 185 240 143 3 656 10 361 205 399 766 186 799 390 559 397 498 993 520 904 351 233 795 743 429 321 583 73 248 833 952 679 620 190 973 43 693 415 997 247 601 593 354 514 606 699 463 878 184 606 358 870 788 363
839 815 253 442 504 562 709 337 95 597 508 229 288 924 964 509 648 679 412 526 138 696 706 892 176 421 129 244 664 54 907 686 550 961 570 752 881 457 10 646 706 516 321 641 163 550 327 356 970 746 389 928 947 388 986 52 416 812 615 654 337 798 66 929 308 401 497 998 153 121 461 460 818 796 772 83 66 561 845 444 761 690 668 337 500 832 43 414 231 30 247 957 331 906 76 469 588 462 905 675
140 861 338 262 926 801 825 870 723 837 208 845 956 583 352 934 508 798 627 126 119 498 680 2 966 978 997 220 109 508 577 153 464 262 442 991 571 531 243 85 862 492 827 698 667 820 240 147 213 25 203 282 20 78 966 972 822 802 620 906 122 539 520 371 285 755 676 60 762 513 166 78 118 265 264 530 248 658 879 760 475 206 943 39 61 944 602 160 312 526 782 689 642 431 984 502 776 423 637 337
425 159 806 334 595 718 252 605 205 636 303 482 830 304 378 904 194 490 47 889 159 837 1 486 630 939 40 2 954 389 166 743 629 509 583 327 15 686 783 126 931 779 382 63 265 472 331 960 847 692 694 295 369 7 281 960 260 792 968 768 618 874 963 215 690 900 39 686 893 20 437 887 667 1000 428 685 406 874 224 127 898 113 136 411 167 355 105 211 512 569 917 186 729 100 501 34 104 263 244 551
7 348 4 930 434 54 755 619 417 259 353 937 896 786 279 276 626 536 251 330 775 242 600 473 864 921 958 330 601 624 546 659 726 217 401 573 458 96 853 986 636 929 821 258 257 687 87 354 328 453 418 172 407 736 790 437 680 535 339 774 685 13 825 311 813 569 769 251 511 526 379 25 211 453 363 614 777 350 60 552 633 261 638 663 968 547 343 832 559 846 950 941 980 987 395 84 148 386 970 868
956 148 466 149 484 734 178 856 786 729 329 312 553 428 328 318 380 448 938 455 832 761 967 223 683 979 224 807 197 140 196 815 371 822 882 994 893 849 911 323 866 676 900 947 323 294 143 542 927 538 635 727 881 213 421 391 488 271 350 921 954 91 30 587 958 194 19 182 849 279 203 462 361 306 355 282 32 361 788 653 557 11 843 753 764 429 14 346 854 130 580 587 815 591 837 327 983 850 40 319
318 325 728 703 89 863 499 994 275 650 804 484 799 279 180 79 799 379 312 109 139 224 146 682 842 891 564 491 485 274 875 576 589 198 632 953 34 373 220 352 43 279 783 821 570 179 326 66 890 765 840 325 870 968 953 514 799 642 176 290 368 312 281 950 955 485 942 941 487 842 783 335 456 595 900 688 618 22 648 851 606 564 881 801 446 368 472 771 251 58 36 714 742 407 719 752 529 434 567 330
341 480 281 542 557 129 45 855 647 523 321 889 140 253 666 816 119 489 760 842 667 508 892 674 275 69 944 444 593 548 837 166 428 527 251 210 613 775 829 930 395 174 62 533 919 501 326 112 68 650 52 109 950 33 617 470 953 425 742 305 518 509 25 13 281 821 192 330 236 27 498 661 72 855 164 189 537 511 752 184 908 654 152 74 588 261 691 526 269 742 183 977 163 605 80 415 404 896 810 183
911 446 224 758 986 105 919 685 820 332 101 455 952 179 443 668 451 82 811 574 236 41 849 192 999 35 283 396 124 845 546 898 763 232 872 721 499 685 421 132 717 913 549 651 314 867 511 459 837 775 592 327 741 904 592 723 78 579 976 179 196 49 458 699 197 69 6 664 883 70 419 112 730 494 739 247 714 401 636 984 427 95 800 953 979 705 556 359 819 868 658 189 221 120 577 533 882 82 993 899
218 264 754 57 688 336 454 656 166 200 825 186 444 494 631 380 623 612 719 589 336 125 96 89 701 861 524 834 287 440 787 173 909 448 688 170 940 806 799 673 812 460 466 176 517 543 199 936 992 69 439 674 238 649 844 168 852 947 827 926 202 423 888 221 77 713 78 308 623 840 182 267 920 711 178 917 391 921 482 994 947 518 219 267 815 352 982 605 3 61 849 740 314 255 852 152 164 315 28 989
867 4 219 284 573 222 378 425 789 393 966 25 465 961 912 469 453 719 398 629 624 554 176 4 145 17 542 570 110 688 585 952 373 983 170 791 252 247 751 360 396 298 746 508 837 47 278 512 458 356 204 291 587 966 93 432 274 720 715 239 209 37 262 822 530 208 548 186 376 185 532 620 871 312 996 53 775 368 48 911 68 695 346 962 392 358 388 617 349 473 866 608 758 433 519 341 186 186 642 148
318 460 309 897 685 337 203 256 248 777 335 117 913 928 384 179 454 331 128 277 331 338 558 236 409 326 89 223 459 531 359 125 371 415 805 300 39 398 237 349 331 139 479 415 617 306 688 865 40 838 585 492 161 329 168 302 182 971 672 53 271 560 550 7 584 522 207 460 205 593 81 498 306 597 442 238 958 614 589 530 669 657 837 785 407 838 440 508 322 585 128 223 637 23 92 715 252 884 900 29
769 690 193 342 744 307 602 287 619 932 634 262 868 407 215 666 18 764 258 332 676 879 855 139 100 302 665 253 307 513 751 417 669 692 929 68 344 450 76 462 430 338 879 922 403 770 48 196 544 721 63 325 189 257 871 308 439 185 183 220 463 432 487 677 286 742 710 664 818 640 909 601 736 109 342 272 144 231 904 614 326 131 499 817 842 529 323 290 655 97 903 698 120 333 910 728 903 485 828 806
462 814 312 888 318 318 876 565 659 136 266 250 107 307 307 235 917 784 11 912 698 668 910 104 994 778 636 984 219 772 10 88 377 139 474 886 308 347 237 783 393 865 127 733 373 316 990 116 270 389 618 586 471 565 653 450 33 595 730 581 183 578 590 8 382 985 453 363 164 66 108 27 792 134 929 866 502 991 673 182 415 645 836 58 972 224 806 135 918 22 526 458 784 971 608 467 675 290 138 756
545 550 898 84 955 192 998 582 687 225 227 82 606 377 398 850 615 699 24 917 145 750 553 452 433 837 983 870 604 710 910 642 964 130 286 726 122 439 525 720 487 599 825 85 221 733 566 823 941 378 298 454 508 293 322 590 884 75 692 730 882 572 153 77 705 6 657 659 65 657 128 799 687 49 732 185 429 144 408 504 756 990 1000 71 557 605 554 171 309 326 51 273 893 572 889 331 40 555 376 931
407 249 899 319 200 252 569 713 436 675 483 741 887 327 366 561 714 430 208 747 147 355 765 992 458 84 255 336 630 536 643 20 215 685 134 384 364 565 236 676 746 824 892 589 166 501 31 307 758 838 976 191 606 499 226 112 69 447 269 266 382 476 26 586 314 106 173 211 83 893 535 806 324 915 649 658 417 917 460 108 244 222 549 982 343 491 691 115 761 179 575 918 282 704 831 163 437 924 692 348
623 738 859 153 94 793 235 736 652 890 234 207 821 518 600 890 194 428 252 507 869 463 631 478 345 398 230 21 936 758 199 74 594 156 898 108 949 386 33 966 176 309 570 328 768 633 512 247 637 683 853 374 117 990 119 173 807 798 385 154 150 709 717 90 30 52 942 265 865 880 984 207 328 601 635 132 2 766 966 111 411 717 623 824 819 678 545 952 102 997 512 310 736 995 10 542 196 599 992 828
69 82 102 396 985 233 871 462 224 690 220 79 877 577 612 283 460 660 233 583 436 706 960 202 830 823 394 47 446 218 568 408 265 744 778 325 470 271 822 437 411 500 889 977 503 879 182 398 149 175 543 97 794 228 110 634 756 791 182 312 674 755 475 827 126 17 142 730 445 840 158 797 104 422 206 606 96 681 878 228 222 707 51 277 259 640 166 536 858 689 133 167 887 773 408 48 83 637 472 548
123 163 935 69 427 933 578 938 943 461 238 459 684 468 619 350 526 869 449 897 208 885 976 141 559 253 900 839 172 416 439 257 853 760 725 117 333 863 480 385 997 912 729 28 986 253 284 923 21 523 20 922 901 503 361 55 176 261 328 904 448 625 274 950 384 661 628 393 371 605 896 512 345 708 776 81 650 516 115 62 564 796 408 955 159 50 197 89 835 483 619 534 124 521 29 680 266 809 848 891
36 518 856 163 851 380 324 83 109 481 320 710 19 70 748 612 35 664 411 329 458 644 446 263 420 159 548 374 735 22 673 905 166 774 384 27 773 476 393 793 72 744 687 828 312 454 766 723 927 144 868 282 292 767 493 617 70 964 721 134 732 18 105 461 698 207 466 844 961 686 157 983 175 213 174 507 757 15 980 268 206 359 667 880 333 997 587 582 794 974 370 991 181 962 958 756 672 821 980 129
851 726 922 336 980 661 409 123 401 700 878 175 600 241 649 231 410 857 687 127 736 90 159 188 463 975 362 939 353 312 102 814 895 696 761 655 406 400 684 440 740 514 459 740 182 824 104 589 828 135 569 533 721 665 345 603 66 202 146 286 937 368 802 419 348 598 248 557 15 206 998 161 256 771 381 754 623 158 339 551 388 829 685 845 869 662 320 202 118 137 754 702 576 163 372 643 59 516 390 335
482 821 626 831 358 199 295 969 383 131 439 319 798 343 951 903 263 131 360 940 36 540 290 602 839 276 155 225 634 637 38 190 557 118 535 12 534 850 976 16 1 309 886 230 849 278 109 674 355 510 384 22 708 498 253 225 489 373 767 102 685 166 91 565 308 260 783 926 704 572 588 286 713 613 375 987 631 633 793 520 299 366 320 639 548 181 588 270 247 920 752 140 674 237 847 595 645 709 764 516
648 94 489 197 676 618 178 147 543 305 77 6 39 222 357 128 208 686 228 736 515 316 79 484 125 884 975 435 607 129 41 344 44 162 144 274 77 440 41 416 88 861 248 566 121 801 748 448 386 849 753 300 994 921 860 70 21 138 953 587 25 679 598 441 547 380 730 765 263 795 955 310 826 643 766 351 181 92 311 842 377 422 415 993 313 10 537 114 834 489 965 907 788 703 486 153 170 693 872 53
482 744 656 18 198 849 747 716 587 615 223 631 247 679 225 316 180 332 282 711 113 635 449 371 491 862 102 215 504 77 722 719 917 604 849 425 715 318 250 315 156 163 676 545 885 975 34 592 680 670 638 337 111 550 394 670 662 272 317 35 174 837 797 654 306 177 815 624 232 803 893 559 269 816 964 526 874 778 680 292 786 45 833 524 932 627 342 441 982 162 292 147 275 754 346 423 383 930 212 149
846 781 950 312 941 102 2 424 460 10 708 411 972 413 59 424 974 340 68 981 667 490 518 994 395 507 366 569 517 966 261 895 113 588 435 61 642 728 911 38 899 337 940 739 831 63 634 647 346 836 189 876 592 729 198 793 918 370 862 630 666 971 920 23 609 917 81 835 881 946 834 582 396 201 493 833 639 483 532 777 552 226 15 637 546 555 467 415 132 326 544 54 398 900 49 557 202 66 371 594
122 60 259 617 27 352 398 170 189 347 799 814 33 431 321 923 282 206 921 1 931 745 283 777 494 830 914 417 828 679 710 645 554 713 321 332 391 776 158 427 696 699 214 271 979 781 977 262 296 686 15 629 954 564 666 341 638 531 696 510 773 767 958 723 129 972 590 829 993 164 894 850 406 653 558 642 74 262 966 263 793 778 472 926 601 742 58 743 917 53 426 754 641 714 323 335 31 634 471 658
322 249 385 238 701 96 683 373 516 726 485 44 434 286 932 965 717 351 421 702 557 381 542 92 293 368 278 943 41 418 148 237 400 471 272 178 179 352 921 286 62 712 33 542 217 630 290 704 852 835 104 994 771 944 160 218 970 826 808 6 129 215 775 196 524 441 607 357 321 586 743 827 698 113 92 406 876 12 410 533 459 604 321 416 411 915 509 746 379 478 140 997 488 292 570 862 437 67 132 693
872 194 928 621 645 88 980 969 791 1 396 812 923 462 888 257 879 122 641 149 520 693 815 418 648 936 332 189 942 854 261 715 720 760 655 961 362 383 725 335 80 748 358 870 504 141 883 267 154 937 427 159 551 906 351 286 491 200 422 930 702 176 158 280 526 216 352 718 384 409 514 253 703 952 522 43 896 913 590 842 994 568 277 187 850 668 147 905 865 237 402 727 775 478 285 645 323 57 639 804
238 476 666 931 447 406 496 156 573 525 2 795 697 154 201 249 97 968 713 375 101 501 663 563 932 76 735 916 350 32 63 77 889 679 688 55 176 699 521 17 673 621 614 869 284 867 433 566 450 622 732 635 63 836 51 91 219 104 696 633 993 741 136 105 495 411 802 610 562 163 832 487 620 956 474 19 631 476 697 701 530 586 534 106 863 632 846 22 516 939 672 194 131 284 821 24 463 693 581 43
535 698 676 714 705 602 991 441 336 802 405 738 392 819 714 133 861 556 813 223 368 933 790 234 422 726 13 302 355 334 161 617 224 205 850 94 911 401 750 759 303 344 685 820 410 238 110 533 459 653 6 831 460 241 602 505 649 579 466 506 955 333 806 17 498 189 927 802 125 902 607 34 919 780 791 486 29 184 144 832 443 809 35 897 618 512 755 632 382 200 154 377 607 155 507 3 961 466 189 551
835 444 344 362 808 327 341 208 440 967 211 898 36 513 173 783 911 402 55 658 349 627 823 179 364 41 959 213 484 569 172 973 725 292 225 784 975 934 98 127 112 268 829 789 54 814 456 732 381 503 231 469 838 212 524 531 432 839 595 522 391 410 794 351 833 742 977 564 121 376 860 799 360 899 527 950 428 772 240 532 780 350 897 656 71 532 49 844 940 873 304 262 64 592 779 792 963 946 520 657
668 876 535 459 468 123 461 478 355 596 291 129 351 748 211 460 456 484 885 55 997 544 342 880 989 285 863 818 723 111 458 314 186 610 694 302 946 317 521 162 577 100 954 311 497 916 649 49 829 106 16 157 140 942 859 865 285 521 112 918 736 653 854 620 207 466 675 899 958 382 981 762 367 250 596 557 273 2 130 103 169 278 281 367 26 437 868 918 461 976 218 429 223 52 218 504 954 396 940 757
246 229 131 977 884 169 307 605 991 838 93 131 668 44 433 928 798 552 402 282 228 162 785 126 173 481 128 619 330 865 786 718 31 141 13 987 718 60 925 450 881 683 213 991 473 204 754 886 919 173 557 873 30 501 685 704 355 575 113 139 170 857 108 222 948 639 782 93 854 463 296 214 255 583 110 404 841 688 849 259 720 107 953 2 461 868 835 39 440 179 220 344 47 994 131 898 950 173 540 906
278 623 308 1 49 745 524 881 331 128 406 227 191 22 586 178 713 853 122 222 591 877 523 954 779 844 740 513 639 92 345 629 280 266 158 583 331 581 944 870 195 697 6 605 463 481 627 912 67 628 1000 458 456 97 617 966 431 807 353 904 740 214 792 296 506 848 870 260 680 198 737 79 879 745 781 309 600 9 345 990 420 461 369 657 42 238 717 440 891 282 123 911 584 864 296 330 666 549 804 155
835 344 805 661 150 606 478 737 410 160 121 243 130 267 182 916 562 701 978 821 671 958 352 396 202 436 216 663 405 696 823 916 578 231 510 520 383 861 781 95 455 144 368 881 225 449 610 32 856 333 552 731 759 552 415 167 53 116 848 143 436 487 571 619 903 138 23 144 734 84 143 930 715 516 656 277 801 786 374 820 67 541 715 224 781 947 126 898 575 31 286 630 781 774 841 77 985 891 273 726
359 199 394 213 429 792 537 174 190 904 259 317 218 380 569 993 980 159 732 714 886 782 454 547 226 742 360 38 886 840 743 303 636 815 308 85 527 429 345 257 810 693 342 486 488 186 65 6 111 676 42 885 26 257 63 406 532 622 946 889 109 470 319 185 396 102 972 302 469 536 241 584 214 397 329 336 949 224 201 404 18 379 740 848 81 402 957 505 112 144 260 584 905 386 356 115 414 823 384 882
556 29 71 96 929 480 759 316 682 13 341 459 277 694 744 667 276 598 725 106 552 124 887 575 772 698 588 617 840 268 713 489 779 553 682 923 896 899 808 559 321 77 146 0 672 18 777 241 131 699 951 557 373 423 618 966 786 915 19 163 438 922 657 888 915 769 537 724 94 658 936 190 110 324 603 23 376 250 443 17 715 290 362 880 626 933 31 771 185 296 891 45 543 281 228 818 808 980 111 130
75 752 329 509 544 307 620 404 910 219 677 816 49 974 892 131 693 953 600 455 824 886 648 878 469 444 300 707 584 194 901 319 228 483 75 18 519 860 238 581 360 536 674 663 273 661 986 619 116 216 400 994 255 902 496 727 749 312 365 573 898 302 30 615 217 808 722 383 901 937 442 198 929 840 840 144 680 1 387 40 831 867 955 787 90 324 556 90 697 715 610 920 170 561 879 564 137 406 458 933
586 517 614 553 438 462 39 492 171 652 896 208 640 954 15 209 291 58 181 782 751 277 230 187 22 413 28 534 349 938 945 128 327 126 23 674 386 970 160 807 154 236 882 413 199 808 441 271 278 572 795 908 486 249 628 791 715 133 734 759 590 222 494 564 357 585 446 643 497 716 917 422 681 312 407 875 478 55 739 295 383 250 914 718 230 39 391 35 605 535 151 963 468 851 729 160 330 886 638 533
831 25 3 487 213 566 999 476 165 191 835 668 522 820 619 33 503 91 789 371 373 631 285 873 445 50 300 914 8 456 956 794 268 702 518 926 393 781 550 610 598 82 837 707 870 995 674 651 76 682 571 263 24 205 245 735 192 341 900 501 976 15 992 782 582 335 510 243 358 286 19 67 731 377 545 749 193 293 351 397 489 96 299 947 152 747 433 364 565 865 198 712 435 933 306 175 124 740 893 771
658 623 23 808 402 218 771 17 358 281 143 843 483 248 835 278 229 35 536 886 484 56 931 174 116 110 704 220 835 348 460 503 117 322 255 83 234 802 819 119 175 581 829 209 70 371 112 147 40 405 394 449 516 588 777 694 482 522 472 906 451 230 822 163 338 19 221 931 880 249 851 633 890 12 927 136 228 327 337 906 244 104 416 976 283 928 509 93 618 400 551 864 551 291 538 942 334 222 793 371
691 310 294 387 308 586 620 27 516 662 247 882 24 759 852 732 268 133 553 46 731 39 277 939 959 499 915 979 19 634 830 496 978 5 74 85 871 918 959 357 740 285 717 64 342 341 775 872 50 113 980 199 899 190 724 369 215 342 551 184 469 212 488 728 877 684 700 511 920 477 541 724 247 541 293 555 798 149 140 809 441 719 180 593 522 372 925 888 568 100 460 170 602 92 864 937 962 770 66 297
444 691 133 776 730 851 371 114 986 817 544 292 7 456 668 886 944 271 194 184 848 644 189 320 358 86 789 564 177 931 634 215 82 1000 821 663 336 620 705 302 349 768 639 429 557 784 182 819 56 549 263 292 594 678 52 180 112 195 956 240 465 886 752 942 303 194 168 335 648 169 437 354 557 750 668 540 129 219 218 375 578 288 127 88 288 626 63 961 324 732 82 187 246 995 948 824 692 436 704 745
252 309 536 104 622 131 268 740 823 623 47 756 170 503 117 887 395 405 928 970 187 55 533 997 246 621 662 350 980 188 188 684 398 179 467 215 1 553 867 705 269 895 356 627 421 109 848 867 419 981 916 858 642 352 881 146 583 5 526 954 303 543 987 500 634 728 908 306 588 752 115 659 143 338 632 198 299 759 627 903 375 355 110 81 47 895 40 739 766 301 182 393 75 416 569 730 628 573 333 761
498 616 902 424 773 365 231 147 38 245 834 418 336 454 687 625 240 99 179 474 804 791 508 959 134 16 196 727 143 633 60 985 799 598 25 956 303 195 86 547 829 133 419 818 910 507 379 870 401 652 946 316 825 538 320 626 242 771 687 911 592 920 939 236 214 354 849 253 188 645 834 296 632 771 339 650 401 122 476 235 415 219 828 602 46 988 793 509 522 651 771 744 107 884 851 986 120 341 280 490
272 297 157 92 247 982 294 563 877 205 595 521 873 408 983 497 143 873 958 805 718 893 346 421 811 739 70 624 676 850 254 302 300 115 518 0 363 25 829 902 622 82 210 493 656 669 414 840 254 741 533 480 732 85 977 343 279 837 931 749 955 59 290 544 346 936 393 509 230 162 691 633 619 206 929 929 477 279 697 150 269 887 720 549 561 837 873 732 793 746 626 897 987 5 617 15 900 560 625 811
986 847 207 828 127 953 906 139 114 747 163 719 229 374 891 659 761 507 87 800 840 208 187 778 573 270 21 935 872 379 843 11 906 35 982 276 502 247 132 31 937 457 97 291 214 89 321 987 459 758 912 587 888 33 981 673 793 810 248 163 310 672 499 734 99 208 882 989 731 116 330 667 770 721 333 24 180 559 538 998 70 214 542 283 181 823 512 483 892 653 969 856 813 400 479 344 805 202 182 345
430 452 302 876 732 237 283 223 547 494 889 428 484 490 698 96 584 460 67 112 608 291 362 836 604 604 527 816 556 820 757 76 444 798 865 10 734 780 259 597 575 661 919 747 333 458 863 890 28 903 398 118 89 225 99 517 561 180 740 960 541 609 562 254 942 488 978 679 165 774 92 254 598 207 361 179 109 753 551 270 905 444 541 796 7 286 827 304 956 420 365 107 10 783 600 916 332 962 477 198
840 686 416 845 145 646 246 754 849 3 597 805 658 984 742 373 857 647 94 4 35 572 55 316 717 120 454 30 13 282 665 781 91 794 286 93 359 28 900 923 10 70 812 87 215 323 585 209 755 8 245 257 770 732 684 952 56 15 287 815 477 908 7 297 779 546 386 527 525 395 291 902 230 777 36 105 836 115 714 214 758 243 456 255 825 279 790 786 270 782 707 965 446 552 314 416 286 614 766 626
608 419 865 608 673 890 288 487 899 244 1 252 650 218 817 93 305 386 948 973 695 329 954 559 794 696 992 127 126 809 429 214 440 996 776 496 272 894 469 24 398 229 450 248 431 364 301 684 508 991 651 32 720 31 249 972 579 529 64 560 767 240 87 494 217 754 370 797 507 495 188 63 298 701 381 761 892 760 584 510 556 148 124 663 581 434 309 539 819 218 246 689 322 653 639 977 841 659 595 536
262 973 425 443 750 937 898 491 129 724 26 420 4 3 708 942 41 524 1 840 997 602 627 550 14 771 454 462 138 207 669 826 141 42 773 797 858 326 359 186 213 250 395 477 746 122 177 257 754 0 413 546 761 357 992 111 125 50 283 365 101 765 683 190 777 775 122 917 185 40 395 800 364 430 945 305 779 912 157 450 190 233 124 135 174 888 28 292 923 13 200 840 75 649 107 71 274 713 832 202
162 811 531 132 684 4 895 744 262 424 919 254 375 299 842 813 296 393 397 269 639 670 586 847 209 703 123 875 802 619 776 246 317 128 141 829 609 127 79 653 586 918 637 395 36 338 919 592 344 483 222 521 716 399 435 204 545 349 90 209 394 974 699 175 880 114 537 600 915 989 568 737 367 253 551 697 244 945 411 905 147 715 825 481 98 611 313 709 484 520 319 681 339 301 580 308 721 14 409 324
203 829 855 942 853 827 644 972 321 856 411 926 114 760 962 133 492 90 87 63 504 668 940 108 857 255 87 344 510 523 810 70 290 417 530 116 396 835 573 581 959 472 839 264 365 78 340 262 566 659 228 711 100 398 391 508 1 826 232 40 416 16 606 336 368 461 467 286 283 188 214 766 821 356 263 908 614 559 789 829 482 506 601 24 314 913 580 121 506 119 86 228 138 869 198 358 977 298 453 322
279 388 168 967 930 454 662 380 115 769 406 393 560 979 182 737 311 432 691 281 250 440 617 415 860 654 119 520 517 554 611 146 343 3 123 94 576 699 568 210 289 16 238 130 305 242 950 773 831 442 902 954 657 883 604 174 855 276 573 959 714 526 101 894 96 707 940 142 846 245 559 140 997 682 831 387 321 966 449 229 377 16 960 837 262 672 528 428 932 229 206 593 179 840 222 728 347 732 974 778
448 587 105 288 359 54 93 995 446 181 116 873 30 289 146 379 218 204 928 962 940 619 925 504 802 500 33 755 549 592 677 127 509 249 111 275 277 894 166 979 176 219 644 297 321 596 625 433 646 910 758 555 993 793 147 211 846 849 541 524 328 196 989 601 587 470 638 507 109 46 287 767 869 612 259 600 663 796 237 896 683 708 856 175 93 496 28 369 331 955 346 207 751 350 658 1 0 751 683 506
81 69 740 488 15 26 992 202 988 512 232 141 866 114 925 929 276 693 976 201 3 142 273 329 832 618 592 947 199 873 918 686 3 529 125 578 871 984 865 92 167 436 884 822 962 295 356 686 793 442 121 164 827 967 207 483 637 161 857 646 631 949 596 572 102 756 459 533 679 827 52 275 778 142 69 251 635 554 53 213 768 19 463 501 212 723 347 217 388 477 7 924 845 765 746 614 434 705 197 154
129 565 691 522 88 616 207 525 465 152 594 24 906 675 347 596 205 9 134 738 128 930 110 524 866 259 367 13 682 411 796 702 303 452 85 681 893 477 734 126 343 10 600 92 930 38 729 378 549 274 34 671 203 988 692 976 832 211 790 204 589 400 197 176 604 665 121 475 479 373 955 525 662 323 678 762 374 44 740 945 580 263 320 966 375 584 151 708 581 935 746 109 768 651 958 984 901 281 503 86
843 660 76 904 980 939 448 937 92 376 290 703 775 296 899 18 505 471 568 123 446 885 610 155 460 966 280 422 523 555 495 908 454 529 256 724 250 296 235 201 151 743 928 38 344 811 963 992 783 826 68 42 987 414 228 166 48 648 443 104 223 436 947 608 848 231 802 994 717 903 525 965 228 423 435 342 650 259 380 844 359 935 314 570 718 284 875 528 920 180 163 676 422 961 748 592 930 688 546 535
620 114 791 273 922 492 748 212 338 673 749 295 34 306 822 522 266 347 146 448 794 184 935 785 738 960 402 796 29 865 357 7 601 818 798 680 426 99 256 118 425 295 963 741 584 981 565 331 384 411 998 773 816 755 984 651 94 489 298 263 594 385 765 307 623 746 196 585 883 874 386 186 31 582 381 408 283 930 518 876 698 744 535 986 901 639 973 741 894 92 705 81 33 915 279 159 561 502 536 558
743 440 276 14 849 530 905 239 587 752 522 960 860 609 617 166 659 990 746 641 763 375 478 41 294 659 523 785 315 523 795 825 778 493 540 572 958 378 327 267 368 635 983 380 953 320 114 38 678 648 222 400 992 511 734 371 400 309 775 260 42 674 338 21 893 17 286 48 743 969 64 311 334 852 274 444 736 663 414 114 211 561 7 787 705 846 772 998 169 289 910 884 442 845 860 338 671 413 643 412
685 933 841 0 415 713 393 879 613 775 879 146 891 188 606 577 710 895 237 623 174 284 693 145 368 301 586 14 938 61 853 295 851 314 527 102 83 771 971 590 685 924 724 349 590 365 70 942 398 166 437 643 313 782 206 91 258 974 15 862 50 430 516 924 599 33 134 668 134 361 734 993 545 175 151 96 490 354 42 293 744 926 472 138 714 150 254 617 299 256 673 249 953 560 342 270 583 549 692 935
515 328 186 405 207 131 566 543 818 926 518 493 137 905 720 776 531 153 728 713 830 482 801 674 97 995 148 204 304 757 650 303 781 75 940 110 280 353 479 776 19 326 250 120 965 647 746 429 219 269 449 273 843 124 302 677 95 605 933 915 955 588 526 156 472 854 963 103 244 710 195 682 121 967 356 607 60 553 182 701 290 853 154 372 884 12 436 229 884 431 311 313 227 244 625 925 249 910 353 546
770 791 448 728 227 638 882 386 64 91 984 808 470 897 634 414 60 775 683 664 492 656 366 245 49 386 1 759 635 909 212 722 240 241 545 255 317 644 642 907 839 146 41 112 102 243 723 60 273 783 63 299 539 755 984 506 434 223 873 313 994 187 286 756 155 255 789 204 763 997 419 643 774 608 433 784 337 472 706 748 196 816 431 790 118 758 93 651 610 333 948 737 494 691 537 965 191 65 84 283
480 754 382 980 625 554 339 290 358 895 889 261 451 31 185 820 966 342 193 725 194 49 693 770 474 612 982 678 737 528 471 222 809 385 319 589 807 878 8 674 706 1 476 55 238 527 153 493 495 449 547 459 605 320 904 119 367 280 675 89 937 17 823 856 151 733 852 404 53 886 717 848 987 681 904 672 299 653 46 671 452 919 896 162 641 414 556 633 796 796 70 250 678 532 53 719 615 258 571 480
981 490 783 502 861 833 323 361 709 909 596 312 894 770 9 213 816 689 734 519 537 593 664 585 528 11 944 744 333 384 609 77 703 303 978 853 445 675 380 65 993 515 375 478 115 739 929 788 323 875 347 187 530 472 310 983 451 557 29 910 613 601 350 206 59 202 74 545 185 177 889 516 471 919 684 873 598 707 614 399 999 671 934 69 780 824 6 650 16 803 46 939 624 376 349 387 608 374 27 599
937 57 368 757 550 414 430 885 427 643 913 379 210 9 986 758 46 286 33 374 578 100 417 516 537 651 181 811 501 850 426 336 92 970 812 123 474 20 567 858 199 325 337 126 95 393 88 444 518 306 861 259 920 258 227 30 242 928 790 761 378 153 903 761 309 369 350 258 587 27 731 779 975 960 277 380 485 235 979 127 364 99 334 4 818 660 409 44 284 786 199 28 652 230 546 142 633 647 149 383
611 964 83 698 821 577 889 627 495 886 74 920 801 490 878 511 472 787 978 562 804 797 957 211 47 576 897 479 901 593 575 865 701 116 3 531 152 539 85 996 547 533 967 207 628 171 126 2 98 697 340 865 813 866 49 415 145 392 106 232 68 723 573 680 361 273 543 457 81 210 856 924 699 85 650 424 889 813 580 169 439 247 384 817 980 44 347 369 488 4 598 682 94 620 252 384 348 798 694 325
123 261 100 964 570 84 275 515 810 487 676 473 793 608 584 809 503 533 72 769 389 405 734 484 366 843 173 721 909 338 787 295 569 117 432 496 725 933 461 742 612 614 551 165 467 691 445 279 247 943 773 409 156 90 217 99 944 192 639 979 843 706 37 242 775 691 949 909 941 693 904 769 568 810 734 435 741 863 309 695 239 568 957 667 380 381 835 554 93 569 369 561 483 64 122 316 96 562 193 744
751 667 923 771 893 740 416 654 485 653 127 82 792 67 32 584 557 516 100 554 435 341 147 599 460 136 633 160 0 35 583 845 129 679 594 703 678 559 30 76 451 46 36 421 210 214 71 765 879 447 93 343 522 13 797 486 205 536 31 951 903 180 809 227 256 216 206 458 151 949 761 105 447 395 450 148 291 698 300 767 761 185 745 16 663 339 215 748 125 813 3 631 94 873 675 623 814 436 166 497
956 217 536 778 111 164 691 457 449 139 446 521 583 98 982 294 960 272 226 227 286 578 249 252 442 289 686 722 372 366 894 958 489 32 286 558 540 516 489 490 685 411 89 772 21 319 855 105 466 608 932 306 331 33 53 171 521 5 238 476 931 727 30 149 495 215 301 156 978 445 171 480 266 84 293 682 349 101 471 537 771 373 800 901 637 876 932 38 610 974 63 79 57 685 321 477 954 927 692 448
646 458 381 229 935 796 666 836 69 728 379 197 357 668 840 307 713 891 294 396 677 855 694 818 181 766 279 908 563 113 551 813 387 277 44 822 835 48 135 128 103 851 630 358 382 937 216 361 579 233 521 417 926 139 354 703 24 428 981 911 15 37 301 986 345 855 311 139 830 945 102 250 59 5 848 222 147 918 72 809 852 722 322 246 996 203 960 121 681 606 125 100 480 604 632 32 176 207 257 444
274 62 434 814 446 904 679 806 52 143 606 35 861 569 584 683 434 940 746 777 588 496 885 447 872 287 32 954 721 462 839 565 119 2 340 824 298 426 321 426 892 793 548 717 340 567 786 277 132 140 659 965 513 693 439 817 781 338 164 279 906 925 314 768 447 191 129 375 368 164 742 106 351 440 937 394 359 230 443 653 950 269 953 490 528 952 42 861 909 100 895 820 580 879 721 622 705 334 102 790
750 660 58 966 403 981 69 729 715 566 87 284 391 284 815 867 472 390 45 926 117 252 780 300 634 892 330 395 288 793 752 495 977 967 841 375 33 694 573 613 888 199 411 937 33 353 833 955 53 605 484 728 424 893 24 84 862 563 864 341 651 904 153 681 862 544 716 161 269 788 396 549 613 230 364 405 707 89 528 28 572 616 729 448 551 27 310 149 319 317 298 162 518 481 103 55 501 456 47 71
404 330 937 520 332 32 992 241 877 205 349 981 847 795 37 579 584 485 643 62 195 841 678 234 779 936 993 542 984 792 383 752 841 44 781 983 512 815 623 666 157 176 786 807 91 99 733 930 184 257 827 231 580 656 638 420 617 191 142 417 346 893 677 421 668 263 675 971 540 321 9 96 675 428 447 492 535 507 690 539 989 753 575 384 305 369 649 814 356 570 119 903 964 738 104 385 926 452 584 560
391 407 145 651 666 493 616 421 308 33 735 88 472 842 713 2 104 9 981 20 902 507 21 158 348 523 78 767 740 854 179 427 569 360 123 242 799 510 223 561 714 923 548 69 549 284 516 292 9 910 495 951 647 165 215 158 952 788 380 406 287 324 563 513 710 994 509 751 364 63 278 527 313 326 667 233 800 695 831 486 322 659 859 583 573 885 992 184 246 720 575 905 828 168 154 189 543 140 611 118
384 767 922 88 866 496 778 684 526 281 879 479 697 773 853 859 138 862 921 993 430 259 410 618 633 809 854 870 801 74 186 685 535 108 421 329 230 579 958 539 524 963 988 689 360 405 753 448 418 823 613 572 881 935 374 74 23 278 252 220 564 489 883 997 518 789 262 897 992 252 57 517 836 188 691 31 807 41 177 299 45 830 712 755 661 95 31 481 337 424 623 472 217 677 866 126 557 268 98 705
57 548 183 267 55 437 805 958 80 808 473 893 346 913 818 914 61 472 874 662 369 583 711 907 775 53 458 507 252 577 612 852 488 269 194 141 786 507 133 810 257 643 844 581 950 654 80 754 671 289 724 396 177 266 888 91 75 935 881 600 92 559 136 14 887 634 477 292 1 116 892 65 218 941 311 609 341 351 527 761 866 375 557 990 323 669 773 222 884 585 553 345 813 446 824 596 390 34 577 606
353 888 1 374 585 841 37 739 12 492 950 570 797 136 621 465 75 484 907 533 747 525 902 676 840 878 739 845 132 275 490 582 707 952 132 866 967 382 407 522 348 762 749 44 310 990 968 4 98 675 646 787 899 787 314 1 0 684 283 981 650 697 51 581 242 879 608 845 400 429 549 696 651 749 764 450 645 803 765 823 770 809 638 852 642 424 488 274 634 340 513 501 121 184 775 917 267 188 640 848
179 77 610 763 220 182 948 474 750 495 951 563 73 859 114 593 163 835 65 896 753 686 337 779 846 733 269 201 616 36 980 16 548 667 29 805 84 420 397 356 876 612 563 564 98 285 485 292 926 784 869 601 824 866 561 406 959 494 568 587 876 0 454 39 581 549 76 137 124 504 706 741 792 76 767 225 248 425 341 895 507 417 287 232 700 390 936 87 113 865 489 425 878 523 899 579 700 295 835 502
736 342 826 353 694 284 216 914 248 699 610 437 373 339 543 886 1000 190 469 487 952 872 619 526 105 823 459 852 691 153 170 131 513 882 565 285 532 94 78 484 872 80 818 374 901 466 586 948 617 601 275 320 22 671 169 861 122 86 208 77 610 411 913 746 229 471 684 159 420 855 179 780 332 456 827 350 14 167 15 270 429 584 252 598 163 417 956 35 956 939 169 333 609 580 642 122 122 762 380 785
302 335 582 744 830 735 572 828 228 69 281 403 60 423 647 52 302 316 999 575 3 472 993 321 704 915 236 220 461 887 782 549 649 746 78 957 975 687 464 237 214 239 432 220 786 104 739 473 935 595 319 624 965 918 238 772 582 922 177 863 124 115 339 727 352 394 726 276 77 190 272 542 926 267 369 666 327 733 567 276 461 105 325 474 899 77 209 760 111 153 231 292 778 966 557 24 60 839 260 407
151 634 166 883 494 666 202 654 668 703 365 108 655 64 546 23 709 732 806 510 904 722 375 940 44 38 224 372 95 863 110 235 380 99 399 532 993 295 610 308 530 132 144 573 282 381 198 982 212 910 803 986 860 189 75 9 636 838 649 694 95 226 606 393 240 214 982 301 40 354 60 222 394 488 659 678 216 191 270 998 372 126 623 60 670 128 904 682 648 279 798 737 248 918 815 449 232 596 736 68
741 526 388 158 830 754 300 894 437 738 741 610 606 694 404 659 114 27 772 723 69 516 204 318 127 486 848 196 685 795 202 877 155 927 524 268 884 359 924 358 806 328 807 637 895 970 822 591 354 139 424 302 426 728 40 37 691 266 13 629 5 613 260 627 22 782 165 900 791 543 371 418 372 787 931 505 492 699 417 90 243 670 954 35 708 335 128 701 218 13 858 104 661 866 739 257 840 455 606 805
62 541 37 367 860 168 326 829 472 985 648 890 418 781 616 106 245 338 803 100 950 871 652 829 1000 847 22 430 721 225 175 234 685 588 763 700 69 131 878 710 345 284 457 786 508 17 66 368 200 615 352 419 777 433 625 753 52 199 333 466 152 900 902 984 304 526 276 84 499 465 646 352 265 756 60 764 288 425 213 105 472 765 833 481 384 983 635 617 654 708 176 544 12 66 329 98 900 677 696 966
723 516 604 533 479 351 181 97 263 506 90 176 41 465 407 282 368 536 946 752 303 946 801 189 994 410 321 835 157 488 722 223 342 663 679 234 281 123 775 770 671 99 402 815 637 843 30 724 90 731 349 275 752 186 711 197 965 754 866 925 942 484 754 440 882 146 310 605 725 336 578 286 878 442 238 502 659 916 121 800 642 521 860 195 344 711 864 384 450 798 283 661 614 547 962 617 307 914 464 11
685 936 433 70 420 317 808 324 933 551 436 724 351 643 475 536 802 154 886 908 835 36 360 961 428 920 641 963 100 997 56 851 667 192 198 803 792 209 77 805 461 999 755 27 909 241 33 78 939 513 395 741 422 626 188 744 505 748 607 187 355 791 568 440 147 886 611 204 415 645 127 836 443 134 491 142 311 426 48 876 692 789 97 837 378 636 440 39 491 260 152 382 610 40 477 870 92 802 906 187
687 723 944 486 107 368 272 691 893 733 764 237 898 997 60 587 641 886 916 249 539 390 439 494 419 110 89 439 678 365 35 563 971 395 874 85 950 859 552 375 73 935 79 559 965 638 456 545 100 478 709 466 242 993 36 331 750 234 153 766 563 724 87 108 592 827 469 725 873 546 650 351 274 284 825 984 471 264 338 363 453 303 629 271 695 207 984 326 276 986 604 771 888 868 39 639 36 663 503 567
802 988 330 424 613 733 457 57 915 153 438 655 601 245 917 136 333 62 909 388 354 555 752 520 296 98 828 695 849 366 259 472 904 718 516 365 224 533 393 592 617 426 683 372 55 534 146 939 266 866 249 886 563 702 568 423 147 443 549 41 244 403 131 720 146 502 40 401 514 587 714 314 840 927 563 510 256 635 895 340 800 12 824 925 745 919 810 459 397 738 543 678 450 940 400 232 859 251 236 952
459 591 349 491 802 801 640 270 89 379 826 193 860 222 585 801 103 801 475 834 955 681 850 592 728 734 48 301 566 541 474 447 349 462 616 344 320 260 743 965 210 554 281 985 228 532 567 720 293 429 223 631 872 726 251 816 747 463 767 545 778 650 978 225 193 198 365 494 611 872 454 180 428 772 127 451 670 202 402 470 394 32 989 358 906 330 519 131 950 42 26 899 832 990 958 164 408 392 119 296
513 483 125 20 866 410 840 761 516 192 481 144 107 997 150 268 706 516 84 560 614 887 890 268 970 423 140 563 607 789 887 952 815 345 278 216 999 794 720 785 318 119 253 805 728 862 250 477 903 253 797 724 68 720 659 560 297 258 617 572 950 403 427 670 132 273 433 164 413 15 225 609 532 210 624 213 890 260 733 519 163 477 859 143 940 182 84 550 518 666 157 987 670 997 689 972 561 109 362 681
442 7 222 572 33 576 119 12 295 834 832 897 253 803 584 617 768 40 391 524 416 559 917 40 803 262 880 748 806 361 818 507 846 275 842 533 802 207 510 245 797 286 624 632 728 624 982 621 204 908 148 399 820 860 443 375 27 73 32 433 601 84 764 306 316 931 585 18 641 610 136 49 596 149 244 642 575 977 380 388 911 469 845 880 765 163 514 481 407 441 72 52 593 937 126 723 630 222 513 759
346 953 658 172 406 23 625 346 914 738 428 209 274 683 141 240 254 354 601 373 336 108 9 345 852 109 193 505 324 288 951 889 501 252 192 131 33 958 372 257 242 489 621 163 655 594 350 897 332 40 453 401 623 648 272 221 30 399 118 143 735 444 148 319 943 252 704 52 202 568 496 978 649 703 799 181 365 998 792 299 750 227 855 447 536 935 802 721 608 893 319 832 322 806 163 292 559 630 392 640
878 830 162 398 528 117 717 301 822 565 928 9 10 52 458 237 374 737 243 39 276 849 882 649 243 889 332 43 230 637 24 35 638 838 377 119 432 811 609 699 491 687 716 557 152 410 734 965 102 204 186 407 791 792 276 795 144 454 676 531 120 393 484 554 172 844 740 185 462 365 866 670 649 46 106 474 777 215 857 563 505 809 670 936 180 327 237 84 17 738 821 751 8 780 583 704 543 702 259 838
590 611 354 833 107 173 63 790 113 601 599 519 898 491 660 807 878 179 21 947 982 556 175 177 178 741 624 589 93 48 851 889 280 970 793 287 917 496 818 507 498 482 343 803 95 409 548 983 122 909 25 932 778 786 571 617 364 853 926 80 174 708 477 904 450 277 61 14 199 910 637 928 866 33 435 623 354 370 857 8 349 677 999 507 999 495 319 171 167 543 700 848 143 754 650 678 49 936 138 710
862 992 780 503 388 953 366 853 663 255 89 706 921 932 103 381 99 54 107 982 39 904 171 688 514 237 633 614 661 528 5 192 483 786 53 661 677 74 981 996 28 683 250 968 280 51 414 21 238 350 323 201 290 783 489 295 854 706 388 964 56 345 375 688 217 18 516 476 595 116 848 32 160 435 515 432 644 211 391 289 692 651 946 268 736 589 858 888 481 66 126 957 156 843 260 954 335 890 954 394
212 852 221 676 283 686 769 23 432 3 465 344 321 320 986 530 331 205 905 593 975 136 612 472 212 411 365 335 512 949 207 630 932 205 862 534 85 302 589 260 368 196 644 627 280 812 390 625 692 867 104 591 480 724 928 594 630 871 471 384 797 818 251 509 571 978 865 58 490 470 499 213 187 301 128 394 767 469 679 1 849 871 737 393 278 259 818 203 998 210 544 142 803 517 240 427 977 553 897 326
972 789 234 320 20 644 495 165 635 126 393 848 947 762 126 179 289 583 556 165 972 800 967 728 914 186 583 38 118 247 717 710 676 981 814 453 985 816 755 578 917 955 368 262 449 462 68 203 791 123 819 243 532 299 829 754 270 429 149 120 751 772 403 129 306 67 141 77 924 145 402 236 239 81 910 8 486 848 315 69 478 299 429 274 536 511 302 714 803 660 636 913 321 365 216 124 294 64 713 466
581 253 666 392 63 680 557 421 365 524 926 688 650 349 598 605 585 583 696 890 183 921 20 493 718 557 874 25 171 299 883 366 108 468 463 354 795 714 669 788 772 73 180 184 959 385 54 177 403 589 733 302 432 412 388 919 242 602 437 572 961 802 226 523 439 445 223 727 858 112 567 342 387 116 226 140 507 395 341 913 358 121 426 326 43 188 368 844 418 168 303 149 732 456 76 343 357 104 128 34
3 535 61 786 131 811 211 962 836 648 312 232 175 572 855 107 711 997 293 430 916 197 72 983 119 922 0 809 239 685 763 897 276 991 772 910 133 783 339 803 86 857 703 355 52 63 126 388 822 867 832 324 88 246 882 510 743 734 619 716 80 657 634 794 748 571 360 244 786 614 499 494 477 848 96 298 614 458 423 913 922 665 797 128 50 354 951 861 854 82 37 460 669 165 693 909 452 251 31 162
893 879 991 110 881 970 37 410 544 707 326 21 903 780 83 30 334 664 837 200 26 687 835 496 576 93 660 840 717 882 323 500 339 697 254 940 753 302 498 5 662 8 859 181 736 440 249 97 816 405 419 953 615 339 984 98 226 182 676 944 941 319 472 29 723 778 99 605 137 668 609 687 724 674 292 36 829 294 990 385 667 437 198 534 341 248 829 293 764 930 46 195 977 159 595 13 324 370 446 906
493 217 150 150 311 973 682 569 315 766 384 778 672 781 308 860 710 670 687 679 551 246 334 92 213 987 165 566 663 282 1000 696 657 15 441 729 911 869 797 481 68 673 481 146 280 80 405 399 354 491 419 231 492 323 910 321 956 466 581 325 820 457 499 85 410 600 317 717 579 911 71 341 462 457 837 383 868 820 325 924 467 170 314 601 871 37 830 107 898 933 254 709 823 524 842 676 359 440 17 967
696 971 755 558 901 98 770 883 621 384 372 746 100 514 69 681 89 156 408 313 921 735 402 971 354 648 278 495 364 140 173 973 855 92 835 472 427 65 553 642 692 714 312 895 247 565 161 864 298 157 708 405 907 488 207 714 664 479 824 550 368 839 203 890 346 90 471 336 472 700 979 354 993 214 597 824 493 982 457 217 223 625 797 343 913 374 386 130 103 666 835 780 613 73 36 281 595 882 257 124
529 734 596 470 702 568 294 569 231 68 1 830 655 389 675 415 401 193 190 113 866 981 583 432 677 524 339 372 294 922 274 91 471 467 197 727 539 885 610 451 349 969 84 988 589 319 484 405 946 954 374 523 106 194 992 270 588 208 603 510 118 612 520 284 418 502 254 151 928 526 958 881 422 530 25 782 283 546 132 274 331 73 880 922 289 687 558 66 404 773 993 263 848 734 98 446 736 86 341 185
330 276 41 278 1000 114 279 397 46 792 901 702 443 924 903 205 370 258 253 971 531 76 400 912 531 189 39 49 311 376 513 536 33 669 318 727 206 878 489 823 506 543 11 296 30 976 907 430 264 802 200 932 739 658 933 999 66 449 747 692 994 592 785 613 697 530 268 854 412 123 274 882 834 113 604 435 973 165 587 613 915 30 631 727 720 111 317 715 383 280 17 343 88 814 246 355 794 686 592 950
912 567 27 649 959 858 249 438 365 123 187 447 803 335 296 657 72 830 208 88 793 277 685 342 441 331 13 459 466 687 713 383 789 618 313 166 723 870 550 662 923 313 700 46 952 605 909 946 175 984 568 93 425 754 37 625 446 482 464 296 298 865 650 223 887 777 605 617 130 33 140 567 826 835 511 134 438 184 92 919 960 360 612 349 969 661 723 124 386 321 401 61 524 136 524 605 29 535 433 485
298 526 919 641 896 326 134 921 371 383 449 30 455 814 599 170 667 763 156 659 309 687 89 459 281 987 793 519 329 12 284 568 318 430 881 207 576 100 83 971 830 184 529 927 68 187 178 901 769 840 739 843 686 483 121 438 996 383 647 953 1000 620 706 74 850 977 290 399 515 872 250 589 928 109 866 789 970 757 17 498 346 724 751 651 795 479 867 114 632 163 118 470 532 659 741 416 618 228 197 726
371 443 934 307 12 643 559 638 50 676 901 908 962 443 836 318 692 610 869 931 554 725 992 999 698 449 876 789 299 814 194 211 427 113 680 795 904 312 700 234 878 930 846 604 197 620 26 428 375 887 194 97 49 505 632 306 150 375 481 997 546 651 379 788 40 416 220 126 797 933 972 295 86 790 720 84 591 71 900 238 55 588 546 848 768 197 709 434 818 423 737 559 573 72 722 28 195 928 235 542
382 310 876 393 464 429 802 464 874 476 223 147 165 758 780 450 161 271 14 469 856 55 757 610 503 529 818 642 763 946 416 631 362 564 819 171 826 651 269 698 558 981 556 705 172 184 500 878 944 502 316 478 545 196 0 562 709 233 482 137 227 302 32 516 271 745 172 295 707 126 471 637 388 203 852 63 816 657 230 346 450 374 635 289 114 928 528 125 96 603 441 516 392 461 603 969 661 972 820 535
272 299 469 243 985 746 666 267 318 221 430 881 460 978 873 137 206 581 720 209 138 399 719 251 675 804 259 260 363 111 831 283 584 865 996 405 279 752 686 508 315 384 117 773 935 519 642 611 473 777 699 232 448 440 774 98 481 999 300 919 371 773 691 712 98 380 417 564 818 311 544 719 116 41 952 891 937 260 141 710 493 867 175 357 396 889 821 156 743 532 409 687 74 628 383 626 484 372 679 945
584 406 621 470 673 732 128 577 7 264 127 455 409 875 205 700 261 7 52 914 463 872 779 569 638 815 634 369 951 696 288 293 892 260 583 340 174 270 754 1 550 550 112 697 966 245 413 402 117 50 331 464 454 686 517 824 960 103 623 303 184 412 342 21 667 734 589 361 874 571 232 319 323 698 600 925 173 9 925 18 914 493 274 454 906 436 924 825 598 486 648 360 617 942 386 532 112 757 25 974
307 189 923 604 861 892 575 258 612 49 418 447 153 822 390 700 395 404 110 955 253 839 250 656 116 809 520 644 774 190 410 245 713 726 401 1 126 508 917 396 914 194 405 350 66 243 470 898 683 109 13 261 790 220 688 320 374 116 692 449 74 932 61 864 341 337 870 390 122 745 634 521 748 646 19 134 277 101 785 531 467 423 450 931 178 708 55 686 237 415 952 58 853 35 548 261 730 972 995 106
435 221 142 952 311 513 926 759 815 881 866 361 940 79 939 775 688 436 727 602 470 539 182 290 202 849 635 679 727 882 602 146 765 555 910 266 691 771 89 592 302 332 686 564 212 532 690 132 812 706 99 817 128 41 627 370 532 472 947 412 426 168 895 640 578 87 808 192 871 727 886 718 141 405 619 391 771 462 578 607 632 96 191 976 222 669 989 966 710 623 832 993 841 938 945 259 862 543 251 598
154 496 493 949 412 271 329 744 164 978 206 714 576 65 936 540 560 808 197 858 647 291 952 360 892 0 83 739 625 946 225 35 288 414 860 841 831 804 936 582 423 491 753 854 117 574 940 508 194 830 932 188 199 927 122 335 395 963 136 569 612 546 466 450 850 5 12 462 300 931 615 956 899 866 337 213 388 613 650 180 885 432 977 505 450 3 551 214 683 453 515 658 152 969 604 57 735 949 504 169
391 111 240 656 157 137 126 512 285 612 14 667 700 283 5 829 593 994 937 805 953 367 31 232 759 289 739 843 582 848 107 854 65 442 654 508 413 487 65 508 439 930 498 717 893 402 83 609 714 457 135 219 212 230 860 877 316 735 972 550 520 458 85 711 562 890 474 476 220 818 275 758 272 1 910 490 917 669 724 163 798 433 364 959 480 28 576 530 757 551 380 729 843 178 248 578 162 123 594 718
88 912 120 536 51 821 17 62 84 891 522 49 86 672 890 205 309 775 1 393 665 166 281 346 924 505 102 199 198 549 737 987 835 243 850 423 951 757 268 759 329 376 50 798 324 263 144 373 980 596 641 32 857 945 181 152 53 76 783 589 672 758 88 645 286 847 52 263 567 434 985 112 672 193 914 611 260 289 297 631 790 583 424 597 398 359 947 956 606 403 420 5 869 575 941 271 261 633 96 437
485 749 715 436 729 180 58 191 868 426 872 743 824 56 361 860 242 706 860 270 552 930 976 965 486 458 576 637 970 121 58 991 838 938 263 778 726 481 474 152 574 63 386 864 618 656 523 310 347 841 63 819 376 123 851 26 884 9 362 937 178 865 962 23 978 108 252 791 721 594 221 136 175 395 381 471 255 346 144 488 789 462 530 467 851 506 226 604 89 696 345 949 704 52 74 861 775 221 232 242
669 214 680 941 424 915 704 360 8 532 859 762 635 793 638 237 896 883 696 401 85 925 61 498 939 399 482 90 688 624 841 50 751 636 415 166 854 920 639 145 742 928 207 979 854 474 396 595 455 872 37 91 429 697 908 452 514 641 594 247 656 262 807 635 15 724 693 702 634 594 356 135 926 980 564 91 733 278 193 169 180 578 588 358 237 507 507 545 110 981 822 432 930 539 116 338 349 78 583 720
610 571 109 711 609 533 255 915 872 903 114 737 989 551 778 451 964 62 205 479 398 51 817 907 504 347 155 97 431 785 335 466 384 836 422 710 853 643 540 613 931 732 238 254 191 602 17 91 116 401 376 803 567 537 477 109 538 895 994 557 471 996 913 449 122 49 927 205 264 949 502 239 877 869 824 607 121 2 312 190 422 638 970 729 375 533 677 97 411 203 528 395 778 852 284 822 962 304 997 255
582 948 633 907 748 155 401 130 618 636 473 796 99 666 617 850 613 536 35 633 6 526 101 759 225 931 749 30 387 483 836 444 134 512 319 976 603 738 385 970 635 285 176 103 618 246 415 178 7 453 999 110 157 676 181 40 76 141 273 387 574 841 877 579 444 814 449 341 290 426 298 824 949 490 675 281 908 148 944 361 165 624 93 855 685 951 327 353 953 744 385 479 252 909 315 991 273 751 526 729
843 755 462 49 721 106 413 345 313 82 366 287 577 360 57 448 448 635 429 615 394 953 696 213 94 628 428 284 567 778 809 321 960 816 501 948 352 253 312 965 380 397 918 24 445 820 104 817 591 508 495 398 106 86 597 703 985 83 274 697 903 737 883 239 489 864 713 549 863 691 246 833 821 292 729 366 127 658 885 634 987 143 726 342 678 154 288 291 825 782 680 693 201 909 326 392 821 476 757 38
319 317 136 908 343 266 759 625 71 475 710 937 320 378 518 614 761 878 142 594 320 627 716 277 855 42 461 190 631 143 349 449 556 237 118 727 820 225 161 436 28 431 410 791 860 628 612 387 881 140 987 634 554 742 745 808 366 226 484 147 540 228 402 863 345 905 292 860 410 474 833 128 472 238 902 689 494 678 867 402 354 773 1000 961 407 936 990 469 183 916 654 689 496 346 625 733 340 797 797 252
255 183 905 796 359 172 183 862 95 271 347 317 701 543 62 810 984 177 134 773 414 325 722 994 417 301 208 646 251 278 7 389 888 471 981 120 719 906 106 72 438 390 309 893 654 770 916 98 802 146 217 618 315 973 288 633 312 287 804 649 69 133 79 710 472 132 95 378 141 48 434 476 269 786 331 398 673 850 545 845 199 1000 99 968 301 951 459 448 631 316 219 625 940 785 296 894 678 853 142 647
482 834 908 591 244 685 666 218 278 39 269 941 862 387 79 597 330 325 282 356 330 890 949 294 700 92 229 689 209 604 859 580 250 102 519 6 762 354 686 869 429 17 40 558 446 243 624 894 453 909 888 314 249 969 642 120 592 682 324 497 857 681 318 153 33 70 746 439 519 429 399 553 785 803 583 420 261 526 281 215 525 191 414 82 536 542 838 32 665 766 487 227 966 757 865 29 808 990 509 77
154 221 866 954 231 784 503 734 864 683 855 90 985 638 290 460 696 61 152 574 157 694 114 39 780 359 422 918 5 259 410 185 199 736 361 380 126 316 66 141 664 39 701 799 12 422 628 103 746 832 893 144 563 680 606 186 582 213 296 872 724 515 736 516 590 255 769 57 593 40 435 513 178 247 620 978 367 977 476 766 814 860 986 537 13 407 704 437 782 588 517 907 786 660 514 711 41 427 340 253
351 231 692 519 61 723 443 483 421 321 623 188 167 145 776 939 323 423 119 745 227 65 62 216 453 694 936 594 345 160 837 671 477 784 969 268 6 56 799 903 185 850 541 629 448 597 425 869 950 156 532 679 738 649 775 154 940 55 146 781 360 66 195 36 473 95 505 956 993 23 818 815 620 293 806 701 969 936 585 18 639 700 490 792 124 332 835 21 10 291 862 371 914 65 606 999 528 349 584 938
366 975 704 514 253 83 238 442 565 149 85 460 730 166 747 915 30 1 745 445 958 404 468 875 728 902 23 571 777 247 459 272 697 415 969 816 649 696 72 385 119 362 98 522 516 636 414 219 439 722 422 191 920 897 183 421 898 892 887 245 638 585 431 24 0 709 42 973 593 444 19 304 578 468 728 761 160 947 416 145 790 302 911 827 132 390 753 313 552 22 927 194 329 80 471 803 895 289 610 693
545 937 663 813 753 113 202 423 310 416 422 664 483 74 777 125 60 833 740 570 577 56 88 691 169 951 266 539 599 965 618 563 431 991 483 890 738 114 193 711 914 587 126 233 889 46 699 33 73 253 262 647 266 345 746 161 44 973 996 706 678 876 473 847 617 495 363 722 87 917 67 21 732 693 226 743 427 560 633 471 858 931 672 526 662 590 894 879 751 375 810 297 304 886 441 15 392 318 173 265
511 211 86 119 219 410 558 872 895 543 655 751 612 175 199 563 445 810 778 914 74 819 769 682 846 660 950 647 387 197 649 956 594 438 597 2 908 224 935 33 323 292 944 139 557 709 494 642 419 285 667 6 982 297 287 331 888 28 888 659 78 741 226 782 384 169 807 90 649 420 747 824 284 891 520 623 618 884 753 742 325 743 375 428 613 571 349 872 872 543 498 751 839 293 140 474 610 663 785 210
482 443 254 981 570 699 327 179 202 997 623 62 993 644 693 175 684 388 334 237 896 395 745 451 404 759 486 623 628 136 76 189 176 801 280 412 609 51 95 861 153 898 665 858 349 950 637 25 596 209 408 304 965 742 349 440 120 368 13 212 977 8 770 353 399 377 157 247 978 92 618 96 852 675 127 417 735 702 39 285 456 797 189 403 136 32 640 600 361 138 422 434 684 662 209 299 852 384 854 120
293 441 499 646 66 191 390 748 52 506 187 726 164 803 814 456 357 350 371 164 259 255 968 156 930 822 748 219 206 971 748 770 556 262 71 129 604 452 201 424 878 259 196 783 801 337 913 386 474 983 412 689 316 27 549 63 303 714 107 214 51 271 87 196 431 693 258 982 340 692 208 656 311 297 66 246 585 834 264 104 211 748 738 200 624 175 143 927 468 315 778 62 548 665 102 525 295 51 270 843
190 851 301 208 660 272 745 578 364 832 200 328 972 632 651 511 329 265 943 576 115 600 367 365 947 17 919 307 536 365 40 552 41 824 748 944 951 409 358 747 623 329 974 883 913 674 216 582 122 653 732 536 332 490 10 910 85 751 16 621 42 350 386 57 239 993 755 190 842 179 487 980 12 374 463 50 820 637 153 603 654 914 811 398 602 99 858 884 131 931 663 959 417 849 738 172 210 847 759 885
519 574 801 805 421 998 954 79 146 708 313 603 276 779 482 509 54 350 722 982 187 724 761 52 256 668 984 846 61 113 291 703 713 163 367 747 23 2 678 789 596 35 788 885 144 38 609 974 494 985 452 172 385 848 640 539 135 970 176 172 716 941 686 906 114 278 21 662 673 134 282 372 723 834 745 190 764 394 673 325 826 23 25 54 401 528 723 889 380 39 314 558 686 35 769 476 872 90 839 51
827 106 769 89 145 448 11 868 149 474 805 764 717 150 85 633 143 567 180 792 979 311 552 52 564 142 226 948 886 53 878 719 80 0 974 908 357 355 730 998 970 122 799 774 291 101 331 532 263 151 32 204 726 276 774 771 916 614 523 441 683 393 363 166 628 656 805 325 582 592 43 682 887 499 442 243 327 496 79 504 789 844 92 4 761 718 287 710 553 29 867 278 957 666 417 807 517 925 687 245
484 738 183 553 454 353 88 177 604 802 444 69 429 580 120 395 908 733 814 553 382 153 503 400 210 381 415 131 557 341 364 265 472 711 91 595 249 276 165 779 754 775 327 845 525 249 338 222 524 51 736 359 853 961 503 416 759 90 873 778 382 346 456 31 448 780 788 513 133 313 426 763 777 372 965 177 19 776 550 464 110 616 886 697 783 539 719 70 488 192 737 120 871 135 672 107 216 233 20 941
489 546 752 652 401 437 940 971 888 645 723 721 174 587 447 811 434 867 634 250 306 779 490 58 32 738 958 550 671 3 456 399 359 993 496 988 871 64 423 623 849 589 146 962 304 181 891 240 755 587 992 650 681 292 197 314 981 855 158 481 442 372 48 192 10 135 350 975 89 621 554 469 482 431 478 186 85 348 441 676 398 290 163 165 460 94 898 718 228 858 690 443 293 88 394 733 549 999 214 268
137 210 544 928 476 64 759 640 420 188 723 97 300 364 511 602 427 853 439 378 665 254 469 402 394 349 991 277 570 15 273 111 157 255 356 803 333 199 658 20 32 217 322 714 489 999 403 642 891 35 492 154 76 740 603 919 23 178 612 886 127 492 29 983 810 599 762 246 317 399 622 652 369 873 720 151 220 772 66 598 215 122 607 411 128 793 304 563 539 337 384 536 476 10 38 773 665 109 592 355
272 415 520 44 177 447 440 823 112 627 891 170 354 825 835 926 839 825 446 214 319 168 429 302 709 22 734 832 65 877 807 185 21 71 945 982 272 734 937 532 729 280 256 679 557 768 620 280 323 652 604 298 126 172 323 950 296 521 717 177 761 773 401 346 415 103 704 819 265 895 503 299 506 657 596 100 99 880 138 832 491 417 681 767 515 682 405 944 896 876 594 865 138 278 909 35 908 814 311 713
710 710 170 329 41 872 529 740 865 211 719 236 516 64 293 971 422 469 460 474 587 541 20 814 251 904 87 319 955 55 450 619 69 163 952 806 711 123 62 166 58 810 181 776 598 297 680 627 634 106 562 601 597 997 73 882 139 912 948 167 16 909 630 932 428 838 621 311 928 280 727 98 998 289 290 188 424 9 614 661 969 144 687 528 214 253 612 121 895 924 563 877 380 376 502 406 730 259 102 221
55 140 660 478 598 860 162 193 613 146 884 926 657 993 239 111 913 159 410 351 478 681 762 628 643 80 370 534 419 337 197 767 739 864 551 977 455 797 349 572 342 995 916 49 116 613 486 337 226 594 399 754 879 452 123 362 611 218 234 915 225 967 104 769 366 333 512 868 123 368 817 570 892 887 771 160 53 332 757 916 635 859 912 41 355 895 710 123 406 744 122 639 228 218 849 836 662 320 449 874
57 397 514 675 573 815 347 926 202 397 490 244 124 387 429 356 893 811 26 261 412 175 397 657 790 998 943 583 793 156 534 290 250 505 344 583 262 400 579 142 568 968 811 394 973 238 402 543 229 53 466 626 445 219 861 576 999 896 638 816 366 207 2 114 267 437 931 825 855 469 702 823 363 804 637 639 891 15 393 830 16 541 235 729 344 463 569 523 808 862 47 220 535 341 972 850 892 38 377 938
292 139 487 898 897 43 352 87 636 180 288 489 793 294 259 478 548 512 513 1 441 519 738 753 449 550 629 279 122 308 903 674 118 582 632 767 681 614 728 209 855 380 779 768 501 965 704 315 545 948 775 272 972 955 759 189 824 905 212 22 247 329 852 576 944 265 5 753 911 2 182 933 825 451 590 233 992 940 217 596 234 201 18 659 787 62 875 921 723 641 573 845 267 996 311 829 535 228 461 453
903 744 271 558 218 498 450 663 641 266 782 726 848 990 195 691 316 159 686 888 137 917 679 368 600 541 175 671 902 690 545 80 274 701 732 369 294 958 823 909 374 191 477 243 799 51 683 277 985 413 633 81 302 309 734 675 874 314 849 46 480 816 976 955 806 896 168 762 307 298 998 662 436 597 309 754 280 200 254 859 687 394 289 988 558 877 960 689 727 930 708 23 857 507 824 366 47 841 996 236
295 240 864 621 361 181 665 496 236 189 80 537 33 265 121 255 686 510 266 798 773 599 411 218 32 334 129 397 536 666 881 267 386 7 184 371 857 831 28 690 910 979 482 439 859 201 524 731 947 763 950 720 59 542 31 694 268 921 851 591 757 907 589 985 946 829 812 128 536 362 249 980 191 214 338 998 435 466 655 769 416 421 297 823 831 521 96 198 574 154 324 277 635 605 15 543 669 761 490 932
862 382 830 939 239 134 803 243 844 556 87 670 168 694 319 719 482 685 452 284 413 652 657 535 622 477 822 956 555 849 941 645 135 123 847 559 612 299 764 534 223 672 962 180 352 104 434 647 932 812 241 748 258 601 262 736 100 760 716 423 93 944 318 78 872 5 288 4 598 730 893 803 24 56 386 96 847 988 677 62 386 715 14 892 466 755 464 609 749 279 188 204 563 760 910 598 325 931 90 290
336 934 644 538 552 774 695 242 929 409 57 68 797 551 677 596 282 488 255 616 515 189 357 721 815 391 642 256 447 792 82 574 415 24 968 406 131 103 929 330 442 922 385 20 318 684 98 10 664 154 299 96 114 780 203 883 480 843 866 475 987 263 800 110 22 581 77 324 974 952 373 38 156 933 430 530 517 956 212 84 808 646 680 548 279 126 621 12 590 886 908 537 614 139 148 171 470 589 970 198
660 442 9 62 659 301 664 629 145 61 938 170 850 662 371 442 787 273 669 31 277 417 238 847 940 801 753 589 889 190 878 550 967 248 933 874 422 909 894 535 608 37 504 563 431 422 568 541 969 216 246 949 177 90 564 262 126 109 89 979 477 733 878 908 476 348 926 743 385 603 296 293 235 8 365 567 499 473 50 161 445 565 968 93 48 846 600 198 466 14 290 736 484 980 851 323 699 271 785 545
43 61 381 963 869 523 279 334 248 142 791 621 998 518 566 668 38 838 620 994 207 501 863 557 645 457 783 946 434 670 64 828 379 584 755 678 20 867 540 182 148 631 836 42 860 430 929 356 874 250 968 893 207 263 833 272 133 632 329 515 610 153 172 591 529 15 476 821 767 586 233 262 291 258 250 319 658 351 973 884 52 96 480 276 801 827 187 709 682 794 425 694 753 855 525 571 501 909 95 593
483 344 64 67 807 455 746 910 362 65 129 946 84 378 868 998 230 452 307 765 242 825 519 455 341 267 29 704 465 412 996 391 880 214 609 158 766 580 788 663 988 132 498 289 752 344 182 56 628 463 995 878 148 825 903 575 833 111 321 867 516 600 373 421 59 990 756 748 995 763 131 364 270 921 742 146 103 924 364 48 775 354 623 596 165 93 306 142 529 443 28 301 431 540 405 710 185 698 552 917
908 846 142 537 902 176 453 379 737 193 552 749 693 503 910 668 380 159 628 22 656 453 331 831 428 241 565 755 48 684 178 892 727 922 48 616 128 500 283 147 394 686 791 50 221 156 518 838 227 183 528 730 654 701 530 607 921 595 713 966 150 664 924 366 541 778 826 394 23 725 346 733 878 270 363 863 837 789 618 39 108 599 684 17 129 197 492 614 982 244 908 304 790 36 905 511 274 888 161 982
509 15 237 694 278 348 223 182 942 875 494 629 44 515 547 781 259 238 630 527 557 480 536 296 454 999 410 325 27 691 446 836 598 289 254 35 743 864 429 228 958 288 354 56 120 624 652 282 520 582 282 115 337 875 610 682 654 584 712 819 682 164 479 629 171 614 450 115 38 592 185 627 916 302 289 628 189 464 814 554 916 665 922 751 635 764 87 128 840 790 319 429 109 935 809 304 946 416 6 359
681 67 756 30 377 109 369 752 808 374 480 917 69 458 936 746 157 903 993 426 126 315 987 187 803 414 174 755 495 486 69 79 600 617 517 924 490 329 275 127 681 843 135 671 436 71 771 728 556 440 483 597 677 230 915 947 784 642 647 331 540 789 151 667 459 689 673 923 707 752 842 519 84 839 646 667 150 774 689 854 784 16 278 585 902 74 34 686 326 139 806 527 342 470 972 108 6 530 879 135
442 820 615 160 119 385 442 459 78 284 870 511 607 123 373 923 250 616 369 756 711 396 37 293 149 140 208 990 717 703 840 239 746 331 809 484 176 334 458 750 92 570 45 816 636 541 744 830 874 471 999 817 506 902 641 581 292 395 882 262 749 442 794 980 94 53 568 537 692 236 519 851 213 768 279 470 769 803 824 206 649 245 455 222 759 675 696 795 733 51 910 516 65 127 845 260 556 592 625 969
683 232 498 507 553 832 299 275 490 484 909 566 878 724 704 966 5 448 243 221 105 262 623 309 771 489 393 119 953 445 238 911 44 908 442 853 265 747 136 153 559 989 804 667 341 968 892 871 358 892 502 837 804 75 361 616 399 854 813 644 598 512 819 379 371 609 481 260 731 196 96 659 409 351 255 23 898 808 524 372 571 244 930 361 409 813 78 143 225 108 531 271 402 42 89 326 21 873 13 141
981 370 319 856 690 766 792 997 679 183 486 284 242 509 602 400 604 457 988 147 766 575 204 463 706 935 28 382 704 304 669 49 625 535 961 397 538 181 660 659 174 260 323 607 983 635 89 539 119 561 19 482 89 78 996 268 25 184 414 59 325 85 597 887 716 789 144 440 87 132 736 685 817 208 969 128 32 552 399 962 987 41 668 785 235 777 800 943 913 377 23 220 730 554 141 169 687 19 380 497
42 296 378 147 46 78 517 438 649 977 938 560 353 483 795 248 745 794 934 795 126 771 756 204 607 988 698 150 948 950 138 841 557 35 946 530 616 170 783 2 471 440 851 453 322 928 797 984 771 609 655 28 388 533 661 817 522 455 750 732 40 723 20 698 418 540 32 193 973 758 68 880 389 360 955 952 837 389 663 732 720 196 37 888 998 718 562 201 476 284 33 398 433 11 34 659 721 586 108 571
208 577 104 364 531 762 930 458 983 888 800 509 299 571 225 100 388 787 729 519 442 611 341 634 894 706 816 598 4 492 822 89 306 90 556 254 173 814 16 121 466 754 423 503 468 449 443 576 409 713 386 446 217 976 426 345 253 673 575 811 490 811 688 578 719 490 367 401 647 372 571 91 416 681 946 961 3 364 105 18 775 5 973 217 556 965 73 877 305 95 380 583 286 889 758 349 522 488 820 595
517 585 941 417 973 822 918 720 647 361 429 59 289 114 490 340 977 599 134 519 347 153 109 275 894 758 785 603 985 716 291 41 401 78 235 691 687 718 65 210 586 461 727 502 289 738 324 715 557 110 638 641 869 256 309 804 822 499 345 183 340 910 749 508 330 359 702 470 343 944 745 236 112 729 810 681 10 848 440 929 549 92 278 227 336 822 330 764 333 602 114 747 527 954 453 247 767 100 718 802
557 195 403 832 951 801 348 895 730 159 331 606 930 116 58 678 706 98 328 767 951 188 389 271 142 31 640 444 815 737 510 100 323 625 738 307 131 851 554 256 102 28 228 888 809 242 105 994 807 159 147 29 392 581 573 876 498 970 323 62 759 859 603 117 206 393 10 28 623 805 233 19 350 493 291 500 911 591 697 664 199 638 835 599 451 927 176 339 736 516 969 439 368 252 223 294 361 629 208 50
17 839 961 257 231 758 639 948 360 984 688 190 355 293 61 808 792 408 658 187 2 785 31 633 692 705 626 429 772 860 81 39 272 26 390 21 423 345 667 443 806 358 518 527 495 786 389 198 298 401 346 991 908 230 660 240 710 616 138 789 950 484 64 671 603 6 79 568 133 518 14 995 750 452 689 87 263 624 255 926 301 1000 701 468 65 593 74 865 28 205 737 822 107 266 184 799 672 77 801 206
84 129 2 376 678 454 629 497 662 267 745 953 643 594 516 784 252 692 54 742 861 597 489 326 47 350 386 448 457 361 124 858 495 889 262 921 368 902 645 351 988 661 682 582 893 559 284 310 530 187 843 467 94 945 146 383 924 691 805 441 505 87 457 242 142 421 279 53 634 554 221 251 755 472 399 55 458 766 388 949 749 267 821 298 711 342 726 192 978 399 710 79 798 632 731 506 561 862 806 928
140 361 309 181 715 48 36 667 654 632 828 916 226 748 127 206 282 675 32 99 410 835 468 375 148 204 20 724 698 31 263 500 548 606 566 6 681 456 9 243 43 465 923 180 951 778 314 297 542 530 501 316 42 634 989 340 722 540 859 542 408 653 128 702 599 445 163 407 407 326 934 433 723 512 791 760 922 892 334 991 268 802 296 999 667 586 55 334 362 611 231 255 780 547 869 865 111 558 927 635
450 48 103 616 379 896 155 12 756 105 34 3 173 252 901 94 981 495 368 972 472 391 607 820 851 241 783 854 301 666 810 796 644 747 154 567 197 225 303 393 823 410 86 724 469 754 455 674 894 469 906 50 17 35 331 601 70 821 319 841 80 129 703 28 920 356 491 988 173 595 144 925 548 785 628 459 827 386 606 166 27 701 47 2 778 598 549 528 317 753 623 644 118 386 714 280 658 382 661 684
415 66 970 584 807 110 393 10 52 922 534 548 331 517 101 99 252 546 898 383 103 27 994 980 891 255 762 260 752 3 767 81 778 893 11 558 543 222 530 40 269 435 148 202 780 205 29 991 444 459 628 878 626 15 612 742 956 490 60 667 908 867 62 142 996 501 719 897 388 923 310 809 347 984 789 427 942 607 917 774 236 563 815 989 418 733 772 462 114 51 912 860 578 612 953 927 253 686 298 958
27 164 179 744 903 608 513 199 358 95 137 663 284 978 300 376 216 561 68 886 540 534 20 6 715 91 901 704 215 125 598 298 673 0 161 545 516 936 462 572 949 921 116 793 617 766 76 231 447 939 349 878 285 624 968 433 372 613 681 348 481 244 5 550 63 721 601 728 855 263 703 208 192 245 373 264 755 666 642 500 594 930 267 697 121 208 512 872 776 282 334 944 477 540 195 966 388 344 701 246
809 855 485 853 203 488 247 364 122 154 512 919 881 738 184 741 936 516 270 541 188 647 225 909 125 893 787 582 606 165 912 834 774 573 141 256 598 841 256 233 925 676 790 570 632 147 281 422 824 368 29 9 78 623 883 260 785 465 994 840 518 275 766 838 146 813 817 375 543 230 662 964 362 561 543 633 894 792 162 411 407 363 666 693 289 17 547 817 127 44 25 54 385 766 334 824 458 367 381 478
806 882 958 960 2 117 174 218 603 667 580 1 204 726 506 267 131 318 572 299 803 59 148 396 203 447 562 989 340 890 514 817 806 857 233 798 521 83 628 838 318 659 225 902 71 217 532 459 849 422 132 229 919 408 607 306 563 788 909 642 79 554 448 863 83 493 16 574 322 152 459 784 228 915 412 515 278 23 592 236 809 227 176 572 900 377 648 801 69 308 676 459 695 256 715 701 325 517 320 414
387 589 774 273 70 117 342 285 193 270 741 265 833 219 62 332 352 15 752 981 731 999 659 648 607 878 909 248 48 234 4 655 547 888 841 92 225 658 465 628 618 944 163 888 216 89 600 829 68 487 550 128 189 906 869 47 648 23 112 597 169 855 373 836 605 617 977 649 543 910 171 637 561 977 472 67 146 455 745 177 921 974 113 737 791 644 262 447 369 726 272 19 720 749 362 744 194 404 445 92
196 988 194 357 620 534 726 374 546 444 561 549 555 583 555 391 733 630 963 924 285 4 31 536 171 650 476 285 858 696 941 29 384 736 667 799 156 11 470 863 318 745 68 556 743 240 141 550 595 970 967 766 339 115 496 918 692 866 132 38 470 253 98 173 702 127 905 686 650 728 333 871 885 881 493 350 999 8 953 553 878 65 54 653 603 302 22 305 877 682 22 256 23 153 637 803 866 483 393 312
240 248 953 685 515 302 155 595 797 343 697 198 319 582 595 444 301 234 982 803 259 517 266 501 203 247 339 604 412 303 579 293 512 696 211 757 545 961 732 563 76 723 856 300 370 497 217 395 40 424 593 634 444 272 834 911 750 141 699 117 192 192 555 895 919 526 666 287 838 781 810 116 57 218 358 567 838 345 249 294 249 425 859 868 334 342 871 72 154 352 58 350 492 617 472 831 898 74 858 360
739 54 894 605 665 735 23 63 602 880 0 320 294 710 164 620 601 42 417 471 966 690 495 739 509 394 300 103 47 952 641 481 750 551 624 147 495 669 187 496 429 888 238 575 20 694 90 747 593 47 80 829 233 368 336 129 7 727 899 309 723 503 191 467 640 8 608 298 145 834 656 642 288 617 45 884 343 174 604 918 254 677 943 739 437 483 561 130 315 384 164 384 570 694 891 491 612 711 486 192
231 119 247 950 192 919 828 809 988 46 26 608 790 1 637 348 35 768 14 536 590 624 710 562 292 208 944 821 858 714 530 59 649 290 224 66 230 484 911 710 323 80 162 310 267 940 654 518 717 548 847 668 643 37 190 56 626 670 368 180 967 464 534 370 755 533 880 421 652 461 744 422 600 836 222 163 843 551 608 616 63 233 308 222 36 542 551 919 21 954 701 589 260 337 534 218 784 305 402 803
277 948 542 343 622 338 954 426 134 804 155 337 890 770 944 334 291 98 7 511 411 278 459 714 438 12 273 377 587 600 934 456 783 874 88 99 920 324 384 84 701 465 861 475 568 397 575 184 97 201 193 322 919 139 448 592 273 517 209 840 416 848 842 910 283 382 509 980 852 687 958 256 551 670 205 500 539 451 554 635 582 160 24 328 728 515 537 220 653 841 732 545 482 103 237 831 455 704 439 9
743 243 137 824 453 500 510 931 864 125 319 936 705 749 709 273 324 423 164 953 946 575 587 403 17 435 344 74 825 393 147 117 641 353 488 315 35 977 542 716 747 153 995 544 361 595 92 39 0 490 939 624 137 468 108 630 147 880 531 849 703 650 325 261 244 327 788 264 373 639 152 982 204 86 565 869 345 748 203 940 152 688 727 993 93 699 195 761 836 444 977 911 532 458 14 949 184 920 61 492
349 600 178 210 163 285 546 888 452 547 934 744 335 55 431 339 515 727 954 880 853 694 329 65 647 303 245 719 253 124 156 978 145 62 705 856 263 302 691 836 499 305 332 291 85 527 867 716 91 820 111 576 712 69 510 357 418 810 475 366 465 693 947 844 450 286 851 165 151 215 615 297 983 897 139 211 714 861 45 43 666 559 63 622 130 109 857 324 543 968 564 759 91 733 832 438 121 531 80 521
938 463 29 264 691 542 322 548 896 956 454 291 233 32 905 349 366 346 934 463 495 713 133 571 807 855 711 337 950 303 669 631 534 401 60 411 949 959 822 55 623 589 802 511 156 398 148 529 511 433 62 915 175 134 737 307 905 492 105 216 603 261 967 640 317 1000 16 275 116 957 596 957 715 846 35 510 587 479 917 789 986 676 499 976 176 62 804 6 387 429 844 870 412 740 186 911 263 992 756 671
595 790 132 630 243 171 981 239 969 712 152 418 506 159 35 839 425 851 488 442 34 784 398 136 89 737 738 962 345 426 464 454 379 66 1000 61 45 940 660 899 75 921 653 205 829 65 656 376 674 341 771 475 921 232 684 392 205 140 469 637 81 604 466 904 294 934 704 156 724 52 11 509 223 539 947 427 38 900 998 625 395 40 528 38 700 309 675 526 44 168 331 551 434 955 639 907 578 239 732 760
329 905 298 646 985 547 370 413 152 530 989 31 148 10 295 337 317 644 523 896 468 100 577 874 767 377 634 868 809 539 101 35 559 737 970 604 275 166 466 341 183 233 718 348 839 466 516 574 734 890 108 680 2 141 143 499 729 783 947 550 777 418 305 461 350 435 573 909 974 280 783 130 36 600 157 113 29 496 971 95 769 545 393 505 746 647 46 361 244 841 50 563 712 127 641 972 244 795 715 103
656 992 806 278 205 555 696 224 292 575 55 903 999 321 799 177 566 362 3 613 428 351 279 975 840 873 733 917 423 879 771 737 899 502 104 254 692 273 212 313 704 349 203 863 969 606 859 529 760 914 138 73 120 510 932 513 106 719 71 687 700 166 275 834 780 263 263 621 735 804 711 567 502 228 13 215 936 331 161 324 979 546 571 559 113 63 735 411 908 949 173 154 697 136 269 266 632 183 588 864
566 712 231 424 627 413 716 214 818 272 13 664 260 497 834 84 110 681 241 169 728 363 619 661 415 487 277 400 890 371 856 768 398 23 199 41 754 697 918 508 381 239 890 231 187 686 153 388 265 427 819 707 740 694 808 624 375 557 224 68 263 112 18 525 608 971 788 212 125 496 493 462 103 512 304 391 282 131 316 251 477 920 743 45 678 385 225 71 144 619 469 219 6 61 534 546 925 506 289 299
564 385 364 977 951 23 507 399 307 637 634 34 354 432 21 350 780 986 494 409 64 735 589 858 458 556 59 190 341 462 467 215 564 116 642 550 460 23 770 937 804 913 20 54 277 782 15 640 576 235 513 221 566 844 849 100 220 40 144 478 943 947 709 671 966 423 260 951 297 386 443 205 416 630 895 331 296 322 786 154 499 658 458 451 125 948 453 299 890 652 581 310 157 483 224 370 352 329 593 879
344 530 528 371 679 744 679 455 407 426 609 812 995 50 953 775 792 223 732 518 34 290 911 337 213 247 508 891 907 498 813 830 364 162 189 568 367 94 849 538 595 594 467 515 138 99 932 58 352 186 424 478 461 707 299 74 160 612 854 597 936 510 586 981 599 705 985 445 670 382 59 346 236 266 562 462 793 48 714 580 485 311 363 589 189 859 868 766 474 570 678 463 341 762 145 830 931 231 980 37
108 671 289 733 548 338 615 965 399 473 823 24 618 91 902 196 643 952 445 135 720 679 115 920 280 250 466 52 354 977 289 633 924 777 663 660 149 124 898 768 695 464 851 732 563 795 426 541 920 331 547 621 517 412 449 217 386 498 393 396 591 640 756 569 63 37 518 62 26 384 969 726 447 829 0 415 500 295 657 638 160 936 323 425 887 413 817 880 26 465 437 459 317 401 472 358 490 408 843 249
360 284 115 844 177 282 520 974 366 339 971 45 969 535 932 479 304 394 779 516 495 850 551 329 781 96 440 471 944 950 474 295 141 747 753 992 974 258 943 98 234 804 378 442 857 182 409 890 263 772 901 856 433 996 931 611 774 205 265 189 50 580 55 598 332 250 746 694 394 219 672 236 241 164 821 880 661 13 808 1 509 593 453 810 759 652 223 177 712 178 118 755 67 365 521 506 611 779 963 580
142 458 766 976 550 680 875 259 829 140 512 564 464 482 396 620 329 560 633 374 37 478 947 364 32 461 181 631 693 810 824 629 294 512 702 20 770 869 19 926 993 467 611 180 724 912 845 545 908 949 187 537 215 689 147 253 87 414 236 214 830 811 450 809 183 980 660 483 748 872 925 832 845 650 281 662 708 378 594 174 891 914 123 829 959 963 406 182 871 663 620 699 778 21 970 885 437 228 796 180
289 775 365 639 504 412 348 279 806 565 373 218 153 30 746 691 199 129 935 812 121 986 362 894 660 258 618 526 408 833 852 367 332 990 773 787 132 276 504 94 813 933 20 210 451 902 658 209 980 55 657 656 663 391 462 153 985 629 976 455 477 244 939 562 406 117 313 596 304 999 5 424 204 46 698 504 376 331 523 111 206 878 3 849 27 770 82 492 46 142 641 457 3 313 373 810 871 634 351 345
44 84 812 407 89 27 878 151 115 250 519 200 376 307 487 347 637 613 963 662 289 578 36 663 115 75 697 762 494 746 146 173 923 887 640 401 146 930 229 244 304 236 200 759 252 964 607 601 7 649 696 502 537 872 23 647 357 226 606 31 792 378 801 82 651 332 262 591 175 977 351 943 36 264 52 488 209 226 480 793 250 562 647 750 875 61 497 895 846 271 375 274 147 319 620 531 82 649 333 747
104 179 35 950 978 510 354 81 957 508 409 70 42 268 314 271 622 938 743 893 332 288 110 14 988 166 346 388 899 109 988 591 477 148 298 389 695 341 552 411 906 562 359 488 346 605 573 981 309 901 272 769 866 171 244 319 845 87 520 596 157 625 423 139 643 266 181 196 234 851 881 886 257 119 577 986 997 709 426 719 19 809 476 416 502 727 749 298 474 601 580 958 391 827 779 460 217 420 40 640
435 400 691 87 46 300 523 205 368 345 675 449 86 820 893 398 800 19 708 725 811 896 815 72 959 162 414 536 171 416 391 151 989 439 431 415 617 246 742 618 628 954 411 162 640 670 207 106 411 281 451 712 261 208 489 2 319 402 874 730 599 830 327 965 455 931 418 505 843 809 73 998 172 972 369 584 18 651 195 445 643 149 732 164 285 878 976 379 547 423 418 42 925 13 810 459 480 319 201 191
670 611 150 735 170 520 307 198 811 402 396 709 187 75 26 261 879 316 343 242 894 47 786 262 867 625 316 314 326 231 586 392 635 521 491 599 390 778 262 476 635 233 639 24 845 691 234 974 544 351 21 681 559 969 727 464 681 594 370 307 461 100 595 57 192 58 426 307 194 86 367 498 429 252 327 558 493 450 482 463 407 258 703 293 366 541 442 68 181 543 315 339 64 514 176 999 442 782 258 481
586 722 256 494 423 602 17 184 162 575 308 562 950 456 453 761 90 714 536 62 673 774 993 280 700 48 449 783 465 531 187 47 22 158 527 344 990 752 859 304 637 999 710 336 10 477 85 903 636 327 483 96 52 927 158 519 685 384 733 563 545 347 409 431 440 657 413 341 138 247 811 713 945 577 370 816 45 4 609 794 391 399 880 93 73 312 374 800 303 69 506 791 654 76 710 249 675 251 176 851
929 628 418 58 763 646 199 522 445 940 924 649 198 329 432 332 354 670 111 878 174 168 252 331 846 160 967 702 219 862 677 181 606 15 978 459 865 808 648 71 984 22 774 290 592 360 1 71 288 528 796 139 190 205 312 42 22 391 780 871 824 329 878 103 432 306 548 583 508 613 371 710 900 760 625 438 8 955 175 459 12 996 26 629 233 234 905 377 616 569 979 748 518 189 274 934 700 217 385 88
333 607 597 982 516 982 47 931 261 770 139 207 685 819 776 554 112 525 619 463 690 155 354 442 668 422 177 72 362 667 787 283 694 395 776 285 898 823 893 829 737 504 276 407 510 95 891 667 93 515 51 184 637 110 828 531 786 874 420 159 117 956 781 116 967 840 66 683 972 641 637 523 727 255 149 691 896 949 93 116 103 544 651 372 104 561 879 792 381 947 2 802 900 576 33 458 298 784 371 410
720 463 500 956 818 913 764 181 67 658 649 423 110 526 763 619 381 385 927 270 200 896 472 78 670 974 670 58 162 201 695 892 91 482 535 433 555 133 854 165 606 967 560 427 665 264 81 74 274 996 419 94 286 503 129 532 712 844 38 487 859 308 815 133 204 299 223 615 812 478 371 190 89 549 542 435 702 39 185 951 845 791 629 897 753 357 439 52 916 466 831 753 369 174 656 764 232 753 618 745
964 816 153 147 448 671 895 492 334 182 256 760 581 806 414 640 238 260 403 352 353 36 664 103 623 693 763 110 873 804 280 901 423 706 622 307 438 985 146 723 639 460 70 921 444 384 333 820 153 748 620 544 333 199 196 712 832 471 983 124 939 788 742 523 181 957 421 622 928 832 486 469 903 144 21 520 934 717 494 19 968 356 370 566 989 117 381 776 507 340 935 4 316 195 837 903 212 973 962 464
183 801 560 490 435 297 203 970 9 780 241 592 987 853 898 71 120 997 172 734 48 283 357 441 456 278 746 566 589 137 848 199 822 115 307 294 524 728 565 249 230 197 341 509 842 543 547 408 559 365 362 753 180 364 466 3 355 912 225 194 520 902 893 217 936 314 912 597 555 931 640 412 892 830 544 412 687 513 887 803 863 928 785 745 425 637 893 121 532 732 261 13 13 663 653 570 293 561 18 492
623 7 14 581 527 967 633 140 31 204 431 698 199 701 80 912 217 902 554 145 545 977 824 608 616 755 313 979 490 557 694 819 15 301 205 645 749 28 949 20 750 307 686 810 685 141 723 707 795 196 555 808 65 770 194 493 976 140 431 49 572 253 782 955 37 987 927 122 512 923 753 558 144 738 241 164 547 344 844 21 721 243 119 87 204 933 771 596 862 698 572 388 196 550 268 192 73 906 37 608
569 395 449 158 28 252 362 854 685 557 181 270 530 252 972 467 359 508 469 975 697 812 524 913 423 476 367 824 320 176 953 284 308 819 108 483 831 304 949 95 268 311 20 60 444 101 969 468 311 357 996 773 367 629 189 547 410 90 706 30 893 511 749 720 491 52 956 422 886 857 604 6 814 902 327 490 773 985 958 276 617 552 246 534 183 991 338 198 304 728 340 237 612 998 917 523 268 108 272 587
14 471 991 193 158 250 543 867 12 389 893 854 926 927 930 90 275 336 689 312 882 185 374 486 229 58 641 363 671 875 572 958 958 494 970 127 340 833 171 641 40 429 318 752 847 595 18 307 46 521 49 591 879 31 922 411 834 752 517 208 336 197 473 621 516 498 245 76 370 149 712 198 400 249 247 437 340 314 408 598 289 105 185 571 654 975 328 761 532 41 904 810 682 204 243 358 526 11 635 800
560 675 738 145 873 122 233 202 788 726 662 128 141 450 802 580 840 75 918 544 131 778 617 580 854 411 264 307 165 624 930 743 384 760 597 471 148 819 189 394 351 139 565 121 171 381 282 649 797 692 760 98 430 321 220 162 564 660 996 331 862 570 881 864 540 252 212 690 942 963 133 591 568 445 880 553 154 752 343 367 348 103 608 62 197 221 578 807 47 32 182 289 91 155 932 185 783 219 70 719
235 528 318 917 450 68 161 642 362 11 311 887 499 774 328 977 900 766 200 541 24 76 37 179 881 763 621 937 710 628 606 697 987 838 704 80 539 429 320 754 684 338 217 245 492 604 216 114 310 880 943 354 918 954 412 622 366 999 835 811 305 171 169 647 103 737 379 390 560 755 348 897 506 572 606 849 510 664 609 850 549 450 147 297 110 408 572 347 35 371 375 192 89 878 930 855 916 446 845 984
456 261 899 976 29 191 949 371 483 719 267 816 662 789 610 574 703 886 909 507 467 768 372 767 279 400 202 927 316 655 755 999 563 191 95 389 260 530 582 891 597 887 483 735 732 498 245 773 633 193 96 493 959 463 988 566 4 244 200 615 470 391 428 531 766 627 704 623 946 81 641 61 514 317 483 93 314 980 590 654 106 801 987 919 331 276 228 585 779 561 147 908 846 12 564 225 280 612 764 832
818 286 72 691 563 573 682 749 273 978 326 983 460 259 994 485 376 196 437 950 863 667 515 208 858 208 568 226 655 186 625 876 978 48 842 788 248 745 919 131 797 599 71 902 618 834 192 951 390 522 142 86 318 890 297 222 298 778 458 623 436 252 630 133 179 161 601 65 29 591 895 400 328 408 20 204 136 765 838 499 725 815 627 832 686 817 207 546 415 274 819 64 699 269 717 908 614 740 326 178
988 243 146 365 986 834 598 722 872 624 163 516 822 465 371 656 296 706 227 755 204 955 617 657 677 867 164 39 806 693 218 892 974 159 458 330 472 297 43 385 579 765 958 616 394 232 511 841 253 323 951 704 664 340 727 214 993 917 800 219 432 304 828 614 391 811 477 199 412 250 823 215 382 89 21 107 950 991 756 623 852 536 928 592 506 44 502 247 908 214 627 725 940 78 550 639 559 448 810 476
958 355 764 520 893 889 569 908 762 108 162 505 163 622 288 822 454 429 621 35 117 546 418 682 897 824 643 247 769 320 696 311 464 553 844 2 179 95 747 660 344 136 223 3 805 671 915 958 846 828 768 40 902 115 634 34 528 877 920 229 4 626 766 750 662 151 320 358 211 998 471 197 719 827 127 310 766 484 521 666 372 220 676 646 697 232 672 486 644 292 196 914 643 742 111 644 115 282 126 842
872 396 553 367 974 94 664 130 748 555 646 723 585 732 613 163 174 470 190 149 106 764 43 798 720 588 827 706 897 666 751 826 883 667 256 231 334 830 434 395 616 689 991 241 381 930 309 666 979 369 902 301 808 572 619 821 647 643 681 326 299 94 381 76 161 195 279 779 352 274 240 488 475 72 137 309 514 233 237 660 262 954 301 274 40 685 316 324 425 390 182 107 825 834 77 417 404 411 916 100
770 769 422 969 628 968 265 910 161 485 67 27 10 61 471 980 388 494 402 902 709 227 195 969 615 90 802 70 783 355 958 372 389 406 96 445 688 170 769 411 756 628 263 974 739 285 670 30 52 140 748 450 849 864 342 591 991 295 901 542 428 931 430 456 419 194 52 742 527 30 20 847 395 193 337 910 468 504 916 898 755 460 383 539 378 643 331 800 419 72 829 945 594 480 473 324 340 374 795 847
351 723 882 129 597 520 554 281 264 272 916 350 549 498 296 651 754 699 483 588 714 648 494 406 194 566 674 613 693 958 629 361 343 249 313 862 648 228 389 106 520 6 21 34 617 585 667 397 363 30 505 251 561 488 671 221 102 752 238 537 107 542 334 849 188 507 277 478 612 312 817 916 572 523 797 850 936 711 370 773 29 533 831 662 510 864 564 766 903 201 145 921 238 58 456 597 319 446 994 751
596 629 132 885 592 171 660 58 550 580 944 977 730 829 292 57 723 441 24 432 783 119 351 826 941 27 646 61 152 652 475 629 561 264 827 393 602 413 488 676 593 834 576 513 547 415 127 503 248 445 129 624 395 400 466 208 798 386 344 3 49 972 757 697 701 683 259 729 212 889 563 70 494 557 674 272 293 482 504 530 289 133 920 714 192 847 620 940 253 678 740 157 292 833 216 230 545 798 242 490
205 841 963 949 200 410 985 123 42 810 765 213 83 173 341 913 378 18 113 435 374 66 309 168 744 51 932 658 797 907 552 159 541 924 112 359 921 269 962 913 646 743 622 922 832 735 846 735 369 910 312 168 304 324 855 738 208 778 657 256 827 647 665 798 186 312 197 232 650 100 409 158 871 233 950 872 680 69 751 869 396 351 990 37 331 654 46 404 127 935 281 839 173 702 713 307 913 455 717 599
201 881 527 484 546 55 897 795 437 945 159 367 16 503 123 372 677 568 966 130 439 719 663 708 516 14 649 282 334 245 652 696 228 445 209 772 354 294 388 294 868 403 944 409 993 849 614 774 578 107 944 854 516 442 785 338 106 671 988 137 540 648 8 279 841 882 821 631 698 451 95 950 3 613 253 260 354 710 30 987 629 215 486 864 492 819 201 70 500 165 100 198 654 338 233 422 875 868 580 59
141 10 761 84 880 796 101 158 720 456 83 277 515 498 877 583 444 112 189 840 991 589 698 406 35 998 690 835 128 784 674 237 805 114 495 456 711 460 158 262 345 62 753 699 302 296 453 174 237 812 783 102 582 305 435 870 562 20 294 619 994 191 961 857 515 295 184 653 869 672 386 293 113 705 245 956 959 213 840 286 862 447 985 896 396 96 181 487 531 551 46 175 948 359 231 244 988 339 54 488
561 916 556 836 585 198 593 518 725 766 939 443 74 676 661 725 469 930 436 570 538 573 42 498 386 593 834 880 998 552 740 711 871 834 263 496 848 662 6 858 111 911 814 717 814 880 730 370 229 625 731 870 548 176 700 694 338 225 98 618 302 718 0 591 805 307 503 499 419 549 501 30 159 902 421 477 421 899 684 640 130 823 791 346 794 365 812 411 289 506 218 44 22 310 90 920 524 855 673 838
997 190 433 793 326 571 356 857 133 836 737 210 456 111 112 209 393 467 821 832 300 443 424 963 692 262 817 646 456 991 809 94 405 853 254 520 705 575 509 424 780 995 195 36 619 425 927 195 44 520 486 868 630 904 820 0 188 108 878 371 600 144 778 555 798 53 57 868 828 399 393 262 701 809 674 181 838 427 947 122 418 272 847 817 973 673 839 478 315 333 91 901 376 433 204 671 1000 399 468 851
771 225 326 480 243 165 198 84 709 711 926 795 496 260 41 760 230 883 946 180 876 348 323 219 959 791 702 977 759 408 913 522 428 773 718 833 689 722 706 410 52 935 307 613 98 843 657 222 189 425 810 803 873 475 883 542 835 190 574 738 312 322 216 722 631 188 8 483 67 673 499 873 296 739 883 9 105 757 480 48 387 637 247 257 246 72 356 628 915 449 328 703 913 349 352 756 233 898 901 109
462 317 722 631 732 702 447 451 870 284 143 896 188 169 514 152 114 665 8 366 645 747 359 430 12 450 650 0 999 143 695 706 905 848 399 970 948 879 600 537 557 531 988 458 910 231 654 829 459 803 796 520 152 21 712 712 149 760 754 713 37 807 67 199 816 60 345 634 232 885 292 245 988 572 66 584 323 268 334 559 230 383 747 526 971 181 451 684 862 518 840 908 341 984 404 562 483 827 441 888
190 476 573 46 190 216 258 658 474 244 960 679 800 76 181 955 371 207 189 824 957 697 133 275 744 220 885 688 3 72 561 407 930 343 720 515 341 31 595 553 479 506 907 777 807 676 601 569 849 788 965 686 35 124 316 705 30 302 910 722 986 333 543 957 174 545 744 808 757 218 535 417 302 62 435 859 626 279 103 364 841 658 751 984 847 619 623 60 107 415 347 720 897 919 426 232 720 549 476 363
123 367 924 592 818 795 529 799 112 713 216 950 531 421 309 82 654 224 738 325 988 255 338 776 221 382 124 336 848 436 470 536 835 430 431 593 26 523 486 897 683 440 358 180 805 588 166 689 36 601 884 537 994 195 107 214 834 488 202 639 882 163 794 746 549 780 648 533 627 856 824 934 366 125 255 801 26 104 320 10 674 174 499 82 755 612 514 787 404 25 62 654 968 261 469 642 128 729 605 931
939 751 556 71 498 863 430 683 660 411 366 560 498 632 86 660 815 634 751 700 258 65 624 578 343 545 469 558 837 808 802 11 431 6 395 44 550 134 242 262 802 167 124 459 445 835 873 623 175 897 592 398 484 642 14 944 643 339 334 123 617 39 183 660 956 432 782 826 110 664 122 151 228 112 504 612 501 189 846 785 728 944 758 211 272 332 126 433 358 282 180 11 37 359 490 464 272 88 316 457
755 974 619 451 293 850 139 232 369 835 92 267 69 461 130 574 102 512 240 851 726 74 456 584 186 696 245 486 593 828 304 800 758 529 996 937 641 113 117 85 489 944 885 717 7 353 532 544 122 201 876 183 797 178 251 604 398 279 373 584 270 704 289 169 288 959 737 238 908 280 475 847 74 86 108 409 97 518 520 540 509 677 994 354 767 135 348 3 187 833 178 188 185 57 259 346 583 890 426 477
443 680 109 20 477 435 407 924 690 414 938 301 199 760 723 877 607 785 526 572 852 296 48 565 544 944 727 146 912 319 987 782 340 9 672 72 80 670 541 18 600 188 467 571 767 247 744 432 900 396 707 864 18 608 859 999 513 262 811 944 401 578 36 714 21 104 353 160 684 205 45 867 131 647 467 517 306 866 548 486 29 151 475 453 733 565 456 703 491 957 743 825 24 847 589 350 667 410 770 991
188 258 914 199 418 344 409 79 420 105 728 586 434 72 647 869 986 296 747 178 191 388 365 179 34 431 503 749 536 355 343 580 672 152 254 953 179 103 828 322 938 881 394 793 720 553 490 238 440 731 744 729 48 596 205 378 109 121 136 592 67 829 87 35 762 220 798 273 569 61 598 443 63 216 342 944 564 103 334 519 281 174 629 901 673 472 883 468 17 701 436 491 481 220 637 333 640 627 866 10
401 89 778 330 80 499 821 882 837 975 741 957 510 858 898 447 946 712 91 843 25 986 771 815 485 443 709 358 66 785 86 516 103 969 328 349 617 480 551 19 276 163 329 12 184 807 930 263 570 403 535 648 632 224 714 175 989 842 72 679 971 805 87 37 955 641 732 509 829 620 170 506 621 658 754 694 537 284 113 161 936 373 136 865 871 247 159 486 62 651 826 567 439 792 61 517 534 697 981 717
792 281 414 389 992 341 448 686 770 947 566 714 972 131 755 832 636 549 635 965 52 493 213 233 327 57 417 51 462 941 709 525 426 608 760 54 658 194 351 796 974 664 917 234 174 410 816 883 919 608 859 673 532 540 705 635 716 505 291 704 12 940 493 763 20 391 866 523 47 138 991 80 496 134 569 308 316 770 369 59 900 473 546 659 650 685 718 716 741 343 977 435 172 116 855 908 872 830 639 724
433 494 994 781 180 633 674 282 97 174 880 706 856 776 620 713 465 707 326 388 897 263 491 336 681 589 878 465 717 798 98 626 94 283 383 945 893 840 520 867 477 238 561 172 79 736 575 93 888 396 10 749 208 916 912 648 884 107 789 702 914 462 997 690 427 537 402 98 87 866 662 943 932 689 801 781 110 158 846 662 948 576 707 35 261 301 290 936 652 657 448 629 98 234 844 226 668 309 16 644
838 1 789 64 382 224 818 753 274 705 948 435 89 652 333 565 567 471 88 738 858 255 704 820 233 831 584 115 419 585 156 411 882 216 479 119 109 234 700 277 918 260 694 53 725 655 300 950 887 890 718 757 915 788 303 356 202 595 868 377 433 27 514 188 113 994 245 373 378 947 712 32 424 642 543 907 76 588 743 132 457 855 581 814 640 100 282 179 831 87 15 190 733 804 779 7 559 623 763 912
438 612 134 296 821 292 40 180 796 468 139 226 731 768 203 832 990 913 697 438 491 178 564 49 775 788 90 862 530 993 344 696 837 144 849 792 144 754 816 785 419 74 187 877 953 586 242 424 376 556 449 32 483 90 423 500 884 304 514 458 782 280 78 402 809 884 741 878 858 757 97 920 686 201 248 512 806 85 15 30 804 458 750 533 187 258 711 372 805 367 304 429 319 514 436 178 576 533 100 524
576 369 24 171 357 287 440 177 594 524 677 455 896 91 918 478 327 635 150 521 854 576 493 386 876 441 504 244 223 331 730 29 192 877 923 941 576 111 74 409 126 247 987 92 19 953 51 791 910 74 209 882 159 494 788 700 404 60 459 904 452 682 237 705 102 511 57 752 961 829 853 826 219 48 967 924 896 275 806 503 367 596 538 514 957 224 491 49 471 507 716 921 690 837 485 71 151 982 265 878
934 765 635 243 395 277 280 897 421 479 32 338 37 305 788 810 570 309 551 725 183 989 211 953 664 67 841 378 942 769 106 897 454 756 331 589 343 926 579 150 533 794 389 393 828 961 618 759 406 893 437 413 399 684 875 349 579 398 670 16 52 996 101 583 683 916 210 191 886 856 756 885 306 465 662 257 503 532 130 88 26 152 595 502 575 241 461 900 437 24 342 686 975 919 842 544 200 581 9 656
2 913 43 334 330 94 802 558 488 247 620 584 110 703 348 90 45 778 719 648 246 60 608 976 678 58 459 521 227 647 885 67 104 562 932 988 89 882 256 739 267 758 644 454 866 818 231 842 616 397 888 459 707 810 422 466 320 210 126 258 667 785 555 221 972 600 962 72 364 166 21 337 992 235 605 894 61 522 143 72 819 396 879 374 983 295 984 75 249 789 554 923 394 658 967 347 740 890 682 654
782 651 206 929 292 699 94 949 485 391 359 981 200 627 359 211 408 989 788 223 336 177 712 313 784 160 764 466 807 833 338 958 637 178 937 58 90 318 360 139 492 730 299 293 495 848 407 685 893 246 847 888 954 399 680 386 853 906 185 10 335 303 728 580 579 542 706 136 969 515 727 2 708 439 565 794 844 307 773 391 438 649 281 698 856 854 630 237 593 362 912 765 789 635 164 151 161 113 267 304
967 146 726 316 109 508 771 951 336 78 391 830 917 542 270 528 858 577 479 923 746 548 659 833 685 856 100 301 462 883 799 790 864 244 159 946 171 937 983 968 567 222 909 921 118 469 7 877 769 383 105 558 415 63 557 995 116 856 640 995 52 359 669 900 660 521 139 150 986 462 209 214 615 423 485 961 440 997 266 203 785 362 650 979 856 262 373 656 780 76 614 964 879 843 414 170 58 199 219 69
656 320 569 98 987 270 321 407 280 864 960 147 926 399 314 700 130 529 941 624 386 297 60 286 555 515 197 647 535 522 343 782 156 595 471 228 855 242 770 393 250 157 299 526 764 302 254 487 514 350 654 593 713 875 467 668 357 71 363 327 753 205 952 863 0 211 724 264 479 357 373 446 534 613 486 174 780 845 738 522 629 73 258 420 781 916 397 944 820 591 313 381 674 218 605 592 829 378 196 405
822 70 776 933 318 99 37 39 255 684 448 409 185 299 367 695 474 24 28 806 327 474 993 584 228 42 986 152 489 214 100 723 9 202 2 999 639 230 839 53 958 766 459 360 41 471 746 552 568 636 791 409 302 301 213 628 876 97 290 262 212 697 565 676 621 834 258 987 917 405 672 188 530 599 28 975 62 651 518 985 223 953 318 359 367 721 389 164 830 178 446 858 13 751 429 755 138 484 850 986
609 654 927 151 29 957 221 875 362 528 959 172 182 223 471 752 0 141 717 459 441 928 107 500 238 776 188 603 420 79 549 250 728 154 652 780 333 981 463 580 934 455 76 735 886 557 581 720 300 171 957 427 479 264 17 212 998 874 746 115 815 142 826 505 166 969 831 700 110 494 371 661 111 945 36 497 245 915 194 897 255 273 482 770 270 966 736 659 867 685 429 570 136 662 28 742 221 700 588 764
157 394 85 212 512 385 962 720 628 866 246 771 558 312 675 791 376 605 956 436 608 565 93 860 682 421 686 918 518 840 243 879 848 370 391 526 688 778 126 394 752 870 616 878 42 346 449 533 393 768 284 322 744 459 863 970 880 27 680 535 961 921 289 524 564 421 840 471 523 12 261 310 947 183 931 522 948 702 939 449 925 388 215 255 78 307 985 866 771 683 80 592 721 902 714 342 801 513 378 904
827 796 116 199 151 426 774 75 309 642 469 60 848 419 330 992 575 764 968 17 81 958 315 284 861 868 461 392 51 884 758 724 341 225 534 363 492 787 192 860 845 936 605 34 782 411 707 304 563 751 130 201 825 727 237 862 954 120 955 309 839 784 963 962 813 207 644 962 31 396 641 991 492 468 154 439 543 364 769 531 746 548 68 803 32 287 279 804 130 684 2 503 214 991 135 565 302 568 850 1000
216 532 605 641 85 702 757 688 749 238 726 786 597 339 360 129 821 456 544 557 996 11 134 760 974 802 976 305 18 397 993 796 980 112 288 100 693 97 494 10 501 68 319 120 136 403 937 92 91 908 579 873 790 96 996 418 823 601 645 716 853 264 219 315 901 43 437 222 875 696 128 66 416 822 484 868 397 525 229 805 448 939 86 472 756 121 937 414 990 399 257 317 480 687 529 365 195 989 403 782
811 81 684 782 793 170 359 946 90 441 861 443 390 987 892 306 125 102 330 111 976 965 144 724 937 454 665 459 696 611 531 584 433 703 450 639 946 263 535 995 939 527 392 509 831 110 795 962 23 569 548 670 328 103 984 564 245 763 409 316 312 401 650 525 138 757 409 197 61 784 43 32 395 677 293 806 463 996 68 807 934 717 381 209 233 110 752 672 869 487 151 243 108 670 471 866 771 707 745 440
718 185 637 599 22 313 584 602 33 642 958 667 609 700 966 114 241 829 40 648 891 701 124 708 471 143 920 742 735 150 183 169 502 98 556 322 697 630 118 214 77 334 59 515 890 647 276 78 494 732 494 710 839 570 468 439 646 479 469 475 462 607 958 794 848 520 369 616 588 70 510 305 773 897 950 908 809 522 822 15 569 361 62 409 534 402 331 985 788 495 483 956 157 20 31 457 353 225 646 552
725 328 247 343 873 264 380 982 393 209 196 331 200 396 737 432 266 596 21 888 317 382 551 810 861 388 840 49 870 749 379 177 910 195 694 921 393 432 831 170 98 784 805 128 186 688 132 930 371 977 163 749 716 871 447 247 593 840 808 435 270 13 349 643 423 582 158 886 705 932 792 521 170 975 503 548 119 54 375 889 257 892 422 194 638 213 222 309 811 456 641 21 678 500 76 965 979 313 857 237
385 762 913 289 201 850 390 682 477 102 848 583 809 69 497 13 814 350 566 927 406 41 54 639 927 408 617 776 818 820 225 950 700 353 724 954 880 551 773 181 414 913 42 379 904 231 495 228 898 330 355 279 362 587 142 546 62 745 424 279 981 823 711 656 556 661 913 825 260 172 691 433 337 774 885 151 224 991 26 420 809 36 158 86 301 881 813 987 691 540 780 670 32 171 108 791 979 788 802 502
515 653 191 64 71 809 227 114 494 990 7 536 210 998 524 824 619 611 227 991 215 771 199 554 272 635 870 240 922 624 652 512 916 741 255 905 392 622 543 408 735 292 64 533 930 909 425 520 79 500 675 102 524 644 704 582 434 519 252 401 267 734 995 707 572 391 666 493 361 646 230 56 710 622 410 894 365 873 792 93 907 236 521 277 673 727 333 669 285 559 783 342 341 779 919 985 654 157 321 325
453 442 231 302 554 713 270 429 149 290 458 491 514 264 399 708 470 93 895 406 1 937 131 332 724 969 2 772 960 718 908 681 575 104 119 133 815 909 737 48 869 374 420 319 658 55 785 703 681 253 192 972 388 602 272 867 877 826 611 39 40 873 363 894 143 783 666 499 480 349 550 695 239 444 307 92 855 970 226 401 88 719 270 17 749 464 168 149 5 512 389 1000 573 925 464 60 491 732 507 620
834 524 88 989 153 957 735 367 6 335 47 516 648 504 739 712 633 603 767 106 984 306 532 581 201 906 574 428 24 593 513 852 191 392 521 897 252 193 587 161 326 356 29 834 996 499 340 862 233 5 708 768 522 803 166 133 279 266 349 165 107 54 827 151 754 918 177 698 313 218 129 413 360 574 29 876 505 477 638 487 990 707 861 152 705 597 625 691 846 496 436 601 752 180 230 963 269 811 711 51
587 931 742 757 271 211 770 826 822 876 769 202 817 467 901 616 727 259 614 11 230 508 499 465 860 462 427 760 652 559 92 320 445 792 67 388 397 829 272 902 931 50 210 672 555 689 636 334 492 119 302 233 644 151 515 643 186 74 927 546 314 504 322 586 500 997 869 905 286 630 368 407 806 361 301 218 71 238 837 56 259 308 529 433 930 296 558 133 588 763 883 735 179 216 884 576 574 602 899 833
186 907 567 625 619 545 92 11 185 616 932 917 828 529 406 314 676 510 745 16 415 661 393 406 895 760 867 771 882 134 311 864 216 667 287 88 195 339 440 707 549 353 865 635 347 408 581 425 735 751 51 902 520 439 790 533 289 453 46 885 412 136 415 534 137 701 500 527 743 502 143 974 709 153 962 945 296 127 652 51 501 34 657 497 436 901 572 593 643 336 232 725 830 114 448 42 864 993 153 182
107 977 722 72 514 207 748 815 889 308 848 447 610 881 21 33 673 491 899 405 916 899 544 273 200 784 195 642 423 148 1 792 224 127 533 76 765 261 350 647 21 883 904 305 344 82 637 908 490 273 655 696 466 713 126 822 469 945 926 60 400 153 475 180 400 540 616 476 324 84 712 964 816 367 660 928 436 935 629 851 345 319 250 548 876 851 421 389 830 903 380 60 889 650 507 977 976 802 933 682
471 144 966 354 640 601 724 118 735 921 485 232 362 438 109 770 85 762 208 37 325 643 922 265 66 95 332 146 127 93 973 784 817 606 859 462 226 15 173 580 377 727 254 315 482 27 516 558 798 60 936 749 649 249 330 872 483 612 985 646 961 288 79 253 572 13 936 271 531 119 667 603 211 465 501 156 428 4 800 222 468 363 81 810 821 639 488 242 709 603 852 235 894 496 747 244 614 793 538 227
81 717 709 390 543 156 193 953 360 681 767 579 162 996 366 499 79 261 530 463 561 421 982 855 516 812 951 73 386 665 443 136 639 711 972 661 120 458 598 586 48 840 987 253 988 776 793 276 916 117 114 480 905 656 379 228 901 729 576 139 437 320 13 33 998 306 240 811 710 326 689 253 782 892 940 428 539 190 803 872 804 525 241 69 67 868 504 141 446 385 308 428 115 701 97 957 650 383 544 435
313 624 293 570 3 343 494 802 949 284 611 39 605 531 70 20 853 863 921 909 314 29 223 792 454 898 788 643 422 538 33 447 391 361 884 793 670 950 208 365 40 375 342 205 218 893 378 659 733 223 668 921 994 75 813 201 373 719 953 396 598 812 159 493 799 615 682 310 905 361 871 564 423 594 96 537 295 229 884 123 670 329 418 32 351 787 145 789 832 477 469 339 175 567 21 345 907 737 540 531
692 337 866 838 430 58 533 644 872 744 506 246 334 392 391 207 277 826 409 718 534 167 624 534 540 954 160 277 979 49 328 938 89 322 975 831 328 697 196 30 903 237 615 169 444 800 45 951 732 529 647 921 849 163 884 554 260 110 98 340 470 202 912 293 672 448 568 630 887 416 364 916 356 692 833 310 140 703 661 886 242 562 513 725 104 415 95 529 158 455 418 778 216 745 823 950 930 841 391 148
601 358 524 689 823 83 333 77 751 476 134 94 739 965 8 176 493 674 646 373 399 746 397 399 924 166 264 371 915 879 684 231 338 173 945 998 421 625 707 976 720 682 508 857 290 257 62 552 424 68 700 689 236 284 30 42 752 147 62 380 744 408 715 515 683 329 452 735 683 104 838 834 708 383 332 998 202 261 239 497 781 942 5 877 963 362 910 816 293 75 578 242 188 463 389 623 500 577 63 573
687 19 635 38 900 438 654 537 353 63 64 76 944 726 59 495 342 707 764 506 764 798 69 689 957 42 802 358 851 828 831 157 556 552 801 210 237 765 361 674 162 670 616 897 642 625 966 872 189 724 528 217 499 773 994 684 878 37 731 220 365 911 995 163 48 372 188 73 841 811 322 208 136 878 647 399 970 246 822 108 359 794 250 874 584 64 809 725 323 428 451 945 564 291 55 3 2 275 985 919
28 488 498 804 473 531 967 899 123 13 235 407 704 426 694 463 933 161 493 175 649 242 752 429 321 602 467 629 196 601 306 455 206 480 578 908 961 201 560 15 480 586 533 426 867 470 406 346 963 362 270 402 78 982 287 481 881 463 693 875 812 612 941 126 384 292 480 938 240 720 376 593 490 305 791 119 750 898 366 187 16 326 304 298 502 228 6 701 672 19 114 77 39 648 355 257 162 542 699 416
403 156 418 195 430 678 149 563 928 894 550 547 401 137 838 761 367 866 402 995 806 505 96 562 17 230 143 757 203 395 257 29 569 987 982 982 328 868 423 137 314 915 116 140 858 639 729 595 133 138 361 452 823 211 124 388 341 924 911 80 534 771 914 639 514 387 20 987 461 959 143 46 768 73 456 483 429 631 559 991 819 402 799 725 952 476 782 956 8 58 426 72 154 25 240 915 591 300 405 440
540 774 391 320 1 327 233 6 877 404 60 719 988 250 426 51 856 88 561 5 14 886 146 56 673 819 865 43 999 84 521 358 453 559 128 729 635 172 351 817 591 260 683 594 644 674 344 264 188 730 413 442 420 401 849 271 222 87 606 470 846 368 469 894 254 63 522 727 440 541 392 805 184 406 955 314 607 469 159 909 28 989 298 529 65 712 45 551 296 319 452 533 353 381 905 617 256 470 407 854
675 822 631 191 985 216 445 12 297 486 165 622 340 935 786 13 909 495 759 24 181 774 394 808 484 44 70 19 160 409 726 670 601 929 726 927 157 470 537 616 714 793 899 515 520 648 273 923 873 873 837 316 283 244 735 42 712 984 84 428 34 402 272 967 74 320 565 610 912 175 356 163 281 833 329 545 439 4 26 549 126 446 839 413 192 773 487 327 436 247 631 103 424 327 103 872 456 448 940 44
902 818 873 237 261 590 426 979 972 1 820 60 28 475 229 499 691 748 13 857 585 757 867 756 836 683 299 871 710 786 750 81 878 700 899 704 88 864 551 154 638 864 773 64 292 46 667 141 687 510 192 953 32 327 172 942 158 956 479 643 849 294 692 850 178 969 536 577 998 22 687 968 139 83 503 173 253 123 446 686 600 485 507 538 898 445 179 410 729 444 609 813 512 626 888 437 784 867 571 470
141 278 807 548 767 854 950 847 612 704 483 137 300 24 720 560 265 793 551 319 788 308 947 137 153 839 770 17 709 300 277 579 471 719 784 849 16 112 873 883 776 658 968 463 457 487 997 865 589 705 417 755 894 800 725 784 798 314 477 123 61 455 838 289 518 370 647 895 554 342 262 324 842 335 899 715 953 471 660 188 508 513 553 499 603 347 501 240 526 541 195 369 995 908 132 568 593 39 259 591
218 911 389 427 724 484 735 457 743 874 316 129 538 512 743 474 935 773 361 285 945 521 157 301 103 157 250 612 793 485 743 329 989 990 539 769 982 756 566 330 853 513 530 738 740 387 931 884 578 89 48 592 208 126 108 289 954 398 129 1000 369 10 33 343 57 138 248 285 837 447 184 773 894 167 220 73 710 157 959 771 655 164 431 497 212 95 832 615 999 609 86 216 903 407 774 520 482 549 749 600
482 806 134 582 189 743 98 764 921 810 213 388 976 557 933 370 628 277 132 815 260 803 547 483 478 325 905 803 783 587 680 577 499 410 82 875 446 439 954 672 488 188 773 645 136 235 755 191 277 971 387 910 884 940 728 579 115 497 654 717 385 690 823 12 331 357 662 874 245 695 415 833 685 624 240 741 969 206 962 411 185 200 489 841 102 568 176 615 847 991 824 654 314 705 805 586 663 716 36 702
627 473 44 9 168 302 600 330 643 203 717 480 471 78 538 304 45 467 788 248 862 279 298 304 907 42 219 317 121 830 549 780 402 414 433 621 286 294 264 355 62 593 603 893 613 124 900 913 608 554 691 397 157 304 929 138 202 110 953 821 424 984 343 113 10 470 914 635 359 559 629 881 33 635 39 410 732 471 879 922 370 802 632 318 843 810 40 923 608 275 97 772 782 305 889 578 49 921 527 758
536 423 490 769 715 543 964 172 709 440 428 471 703 229 167 47 620 881 613 874 9 292 414 641 677 508 411 678 921 849 859 252 856 21 226 24 419 809 128 568 902 988 961 912 452 730 462 248 872 691 703 418 680 641 916 14 795 514 631 203 14 702 774 398 474 214 677 570 527 620 186 57 973 54 608 620 900 600 743 591 302 999 527 374 4 810 876 701 867 887 960 845 165 517 621 937 393 212 805 162
923 931 139 962 929 292 665 305 170 689 546 605 947 398 133 276 688 341 651 19 608 507 771 774 405 100 621 712 358 160 117 381 368 51 911 187 780 175 137 190 628 497 711 65 364 441 931 573 211 698 809 368 138 192 338 15 192 607 955 140 330 593 85 907 168 678 294 934 962 409 525 254 913 900 144 349 914 729 933 630 792 696 216 926 954 572 550 515 11 740 266 443 608 943 670 438 854 24 525 800
468 95 919 476 970 13 662 778 649 462 136 86 274 824 908 55 401 42 259 348 67 55 231 802 346 559 550 680 282 254 778 373 29 614 378 352 325 696 209 641 264 116 872 627 252 59 558 909 723 743 252 474 971 437 999 30 928 666 817 510 887 861 26 361 950 722 776 562 530 508 649 299 975 922 243 20 990 710 512 362 33 396 239 812 235 433 215 430 60 105 616 360 840 576 122 465 309 468 7 842
571 896 781 758 703 458 210 65 924 347 646 677 803 142 63 355 555 501 40 738 602 626 205 152 381 291 823 772 282 583 332 298 971 368 282 659 365 801 239 694 676 752 308 328 450 890 827 554 486 18 814 259 748 344 63 426 816 321 599 409 19 862 371 962 172 658 460 975 500 764 173 720 3 542 55 268 708 732 683 877 525 198 714 777 753 580 835 562 1000 607 676 53 953 352 449 304 330 900 389 566
264 415 202 247 873 621 796 373 419 560 960 510 135 587 741 203 387 482 757 654 581 342 424 142 185 583 882 921 62 452 10 856 347 980 62 588 577 850 497 838 41 814 521 364 128 453 967 691 974 570 791 89 435 505 147 593 524 771 666 432 595 296 850 892 775 308 85 578 212 572 465 935 810 272 93 918 750 940 952 412 430 236 486 32 266 837 974 30 40 150 297 714 105 442 579 260 719 607 187 663
844 656 983 684 233 615 696 793 734 233 689 156 62 82 567 940 106 729 460 853 994 489 38 598 682 225 105 274 65 262 483 891 188 832 202 447 587 516 86 868 798 779 833 600 48 611 487 218 948 225 241 400 704 471 616 53 992 530 965 714 55 275 216 332 251 948 540 215 707 878 301 115 213 405 573 751 493 133 784 621 995 329 859 356 145 2 730 188 938 677 880 435 117 995 68 169 141 522 719 973
786 274 953 323 777 210 631 544 81 878 83 63 346 56 257 128 626 275 945 109 857 637 503 878 640 450 351 932 493 929 148 797 374 890 930 104 776 385 82 703 603 213 306 792 174 240 840 165 70 893 545 54 738 34 151 272 476 154 271 27 406 47 819 802 263 592 236 896 635 472 637 264 484 245 398 353 767 241 331 191 438 245 997 987 62 817 265 116 955 697 235 993 523 652 651 904 835 979 283 967
220 507 507 542 895 103 495 696 246 786 989 198 565 272 363 644 413 679 689 304 955 982 711 196 815 777 299 64 58 163 555 873 780 694 313 395 695 255 2 419 605 613 404 632 639 835 164 51 392 674 37 671 416 997 852 980 734 763 93 510 193 208 841 250 204 250 706 148 70 714 897 985 949 60 603 389 706 69 764 307 867 793 502 61 275 210 908 642 90 8 538 131 958 891 474 546 709 664 311 773
685 964 41 415 122 486 823 385 508 930 726 970 297 824 864 495 121 869 745 690 22 371 796 366 177 16 279 896 38 963 455 72 488 535 533 190 814 643 809 120 657 49 930 52 190 766 594 148 408 749 882 484 125 185 465 172 309 283 476 7 937 290 336 365 292 648 616 287 972 345 879 570 313 35 449 211 550 860 145 664 854 137 951 922 75 933 834 330 280 714 526 326 223 427 192 140 580 800 259 161
162 79 711 97 188 462 293 142 943 559 211 190 765 192 206 187 787 587 900 207 619 785 398 404 921 414 468 407 104 994 979 933 268 75 690 58 147 42 632 399 271 465 532 371 690 122 790 447 290 995 318 268 803 821 712 71 488 24 194 450 658 727 17 390 127 655 447 745 263 710 780 386 848 584 863 406 842 459 490 97 371 399 395 151 629 547 384 71 2 933 340 453 466 47 26 940 803 105 174 990
110 225 611 292 490 424 534 815 12 601 770 927 441 345 340 80 148 365 319 873 438 75 648 518 684 551 616 279 846 251 635 390 1 534 554 792 701 905 212 704 178 853 882 269 27 217 688 991 559 792 411 832 824 465 641 426 484 889 749 572 524 708 30 641 859 482 852 825 391 408 403 391 351 432 39 79 967 402 812 616 138 178 127 422 580 169 989 960 475 959 555 261 107 687 360 60 38 555 466 358
292 933 819 297 323 398 543 535 546 967 93 655 275 730 985 110 159 700 290 300 937 618 629 163 890 676 700 251 462 740 235 938 187 0 644 777 201 268 124 508 634 495 547 111 858 830 436 575 183 447 754 453 182 969 691 162 8 185 791 895 407 172 565 854 753 486 474 563 881 806 658 364 9 660 963 348 377 805 577 987 13 861 56 604 669 47 636 990 178 755 403 828 996 773 954 535 371 782 893 214
556 312 553 992 772 334 468 503 864 408 443 552 793 985 384 441 144 171 662 679 446 32 253 403 273 471 624 221 181 921 431 560 342 503 546 439 283 977 867 743 823 515 235 893 135 116 826 814 571 423 672 609 13 588 986 359 130 807 533 18 726 557 799 69 626 235 869 792 414 460 470 892 835 59 452 561 369 894 647 924 785 73 74 511 19 271 307 44 554 867 178 809 605 647 554 380 941 347 998 746
882 950 826 5 489 992 185 441 387 638 283 135 316 634 929 129 483 833 301 127 194 374 533 582 685 794 699 993 228 601 758 371 951 983 909 39 144 338 674 888 342 401 187 779 898 866 749 656 4 313 108 607 276 523 408 11 525 909 721 610 553 110 497 659 336 965 25 701 294 788 644 25 349 516 391 268 769 843 760 708 410 666 799 571 753 343 588 98 958 574 3 333 393 758 737 781 77 238 353 185
661 453 265 487 105 883 560 946 480 18 727 290 863 914 982 410 136 190 130 46 43 259 418 899 390 295 995 133 208 526 541 247 689 485 96 787 721 261 627 359 509 163 614 189 795 696 143 342 623 146 299 963 187 734 123 659 822 683 398 653 164 221 349 922 524 17 773 57 768 954 757 533 731 348 17 998 247 410 480 515 1000 554 964 659 990 693 4 713 738 954 198 468 449 652 864 520 850 467 725 371
988 399 66 695 212 886 622 878 635 853 79 716 797 566 58 404 365 642 983 305 256 755 416 764 121 37 122 100 191 758 678 179 610 728 450 443 498 507 658 428 489 786 333 270 990 201 697 324 935 294 392 943 318 905 956 220 114 137 227 386 666 463 274 70 79 108 839 606 836 821 354 784 339 383 95 643 815 168 563 451 210 434 81 139 183 454 44 760 926 110 621 539 231 374 236 808 508 162 971 988
562 885 238 292 60 94 281 704 786 247 571 307 802 416 660 418 165 457 840 617 180 421 984 554 669 525 150 978 140 249 724 92 441 127 316 361 152 753 403 1 787 289 524 277 676 734 615 840 58 740 499 701 784 111 245 73 486 529 725 322 406 655 500 409 677 658 81 169 182 493 838 984 741 391 240 77 767 778 852 184 694 822 567 31 789 312 429 142 580 909 806 20 651 636 878 102 604 590 136 330
394 165 108 713 143 245 115 891 451 893 321 685 770 821 248 774 308 339 64 646 793 44 742 918 122 983 31 994 985 251 936 225 729 87 635 16 397 314 351 277 576 584 376 571 872 168 778 917 706 509 17 538 435 354 752 210 80 801 609 669 994 968 190 833 750 649 164 148 277 90 932 554 916 896 521 331 149 616 934 408 797 403 684 489 145 24 323 991 442 216 60 457 659 248 946 321 996 201 304 706
363 282 562 192 753 581 459 423 114 500 660 724 295 421 147 485 720 759 659 393 116 358 402 556 29 217 386 226 699 784 202 327 508 964 38 538 126 722 235 343 629 718 327 113 915 550 181 755 792 227 188 169 132 583 266 191 479 69 904 387 735 170 510 932 732 810 977 264 734 21 876 780 439 715 765 701 368 519 995 790 779 334 783 609 772 221 9 397 48 319 477 187 225 241 188 828 348 184 272 930
205 349 311 581 658 841 141 39 248 254 536 490 898 98 570 163 956 519 926 11 137 196 109 132 353 667 825 169 419 245 65 984 663 801 47 905 479 562 210 359 762 761 584 480 74 839 154 478 708 775 508 982 487 135 920 903 23 38 67 993 29 944 232 740 87 210 436 511 650 347 218 638 65 371 769 527 462 276 128 353 192 665 804 336 300 5 922 756 488 950 152 576 318 99 758 491 694 149 0 742
587 893 986 148 359 752 231 813 907 863 429 415 250 195 273 419 566 195 508 653 108 200 824 206 523 222 604 606 114 859 900 402 965 915 175 729 747 483 826 69 282 361 643 307 498 256 63 631 77 595 91 304 783 992 991 699 679 70 496 943 249 807 523 280 754 424 397 320 873 517 663 812 309 283 656 308 836 265 341 240 160 55 657 609 758 974 344 186 42 734 858 225 499 115 809 630 283 498 814 745
185 428 948 629 18 276 329 935 473 208 240 512 986 969 628 346 504 186 852 960 277 964 747 188 105 264 910 123 806 478 266 996 117 303 557 825 985 450 269 590 541 897 156 203 873 242 633 164 247 365 627 526 534 959 845 984 900 754 821 232 26 164 18 905 894 39 834 606 401 584 403 724 182 751 828 598 313 871 168 708 406 673 175 368 789 143 312 418 894 381 646 228 553 889 707 112 825 418 223 920
338 806 855 534 569 66 224 346 204 121 252 839 363 429 846 36 774 618 765 954 79 356 314 19 147 330 622 445 165 282 6 153 243 343 8 993 96 414 551 251 531 648 1 213 513 705 821 109 384 314 260 275 838 246 34 510 207 266 255 318 408 18 994 652 838 199 188 280 980 967 53 962 200 642 555 972 650 45 291 593 830 515 529 254 43 811 632 421 472 854 623 939 418 817 365 267 993 179 575 544
55 906 142 233 11 644 8 735 613 833 768 820 262 11 31 248 639 833 500 885 813 563 717 514 350 159 690 0 658 411 636 661 989 722 96 849 819 735 7 102 452 135 280 617 352 808 874 697 885 482 487 897 952 91 982 5 632 299 150 993 171 315 586 753 19 498 269 317 141 282 939 463 490 312 809 854 336 479 614 573 210 989 377 549 798 853 630 708 244 104 846 11 823 753 494 75 665 159 330 844
259 422 888 478 425 665 152 532 793 160 743 274 131 215 326 911 943 701 623 815 582 441 462 24 561 565 791 987 335 733 407 447 281 674 679 929 460 472 464 945 152 325 498 254 883 251 714 878 198 359 344 63 469 95 295 1 784 189 866 708 930 382 258 979 190 740 799 622 848 933 416 418 926 123 715 381 29 30 650 405 352 762 449 236 441 10 505 724 176 827 829 711 615 933 728 344 270 513 232 462
835 922 872 464 611 475 165 631 485 151 382 963 208 221 666 489 633 427 124 458 210 214 670 170 268 39 224 174 39 335 632 563 853 858 497 354 712 85 390 173 917 597 398 327 276 790 545 364 120 382 167 403 386 371 442 397 399 145 389 866 763 923 264 874 862 647 734 561 364 479 995 540 512 839 217 761 701 462 141 361 852 231 341 461 213 695 48 315 878 329 214 419 796 585 643 443 842 992 121 763
204 338 740 433 664 56 725 768 819 823 755 570 188 728 221 727 353 549 499 221 318 940 771 611 550 669 639 424 399 711 194 303 128 61 991 377 437 892 708 117 423 528 563 510 708 47 517 259 565 718 916 484 190 778 34 212 751 317 158 788 972 717 404 907 813 873 928 900 417 65 336 849 496 832 608 157 770 319 339 259 292 734 291 224 162 723 493 290 931 110 489 188 963 851 804 423 823 741 775 392
803 494 610 316 300 183 882 31 533 392 845 703 231 546 869 998 729 940 611 67 99 537 34 901 788 0 351 320 823 65 648 736 630 310 340 592 567 923 870 58 995 4 444 784 397 58 776 704 713 574 4 827 697 839 879 457 516 537 926 532 910 302 848 517 119 156 349 490 476 788 232 724 546 924 737 979 21 716 863 579 312 699 956 326 161 153 243 77 698 144 280 203 30 831 434 430 709 828 26 584
635 208 657 783 331 687 858 799 167 369 675 455 443 419 884 768 760 438 184 663 624 240 933 401 713 529 357 591 760 902 563 600 891 469 468 978 217 311 825 834 970 274 614 363 669 423 949 465 673 418 665 998 115 367 819 121 427 240 203 443 156 237 922 287 426 906 99 449 31 139 818 276 754 878 485 82 747 137 1000 407 154 581 910 22 652 116 971 948 747 83 809 161 793 890 67 118 572 76 857 668
519 366 725 360 824 265 344 65 816 635 22 803 554 371 101 591 628 228 465 516 577 933 778 98 996 20 380 528 448 44 296 655 466 891 938 546 478 259 790 689 441 217 118 485 860 14 57 287 54 861 879 58 402 689 708 373 105 167 704 527 120 201 729 210 322 179 350 976 953 9 749 374 342 605 803 484 101 365 301 571 500 424 876 770 672 569 744 512 499 573 797 790 206 622 984 196 98 261 675 436
803 478 698 213 303 373 5 963 44 403 241 895 44 639 205 699 65 39 45 107 107 955 533 198 775 939 420 634 762 954 691 780 401 457 328 609 949 657 521 31 292 43 361 828 591 784 464 374 494 874 587 771 31 167 4 604 873 758 3 653 709 965 357 5 117 340 206 243 915 300 140 77 760 288 529 165 510 95 721 8 975 249 540 567 841 869 685 98 390 768 719 378 350 216 171 203 282 237 722 883
1 458 377 800 369 253 879 366 49 812 76 864 116 805 97 737 545 139 147 235 413 459 994 324 155 392 280 968 385 5 557 13 305 212 508 337 345 939 19 387 452 199 795 887 603 599 680 981 373 852 410 289 685 421 923 592 388 648 217 657 583 802 835 465 317 724 513 480 245 632 182 239 258 840 847 456 607 161 641 9 303 232 966 105 929 290 960 933 63 986 404 321 927 653 855 875 700 204 589 905
517 388 622 578 676 297 483 49 71 967 853 640 25 317 205 320 975 568 884 832 810 901 846 366 970 702 358 689 383 430 774 354 24 615 101 438 564 855 13 977 400 784 851 33 767 477 22 299 309 412 289 563 869 652 63 474 692 738 660 403 84 589 162 844 389 285 708 923 502 590 854 375 608 784 374 89 342 599 827 471 376 278 702 988 390 860 488 9 618 740 415 829 282 27 768 31 472 377 156 871
598 78 904 161 569 61 759 570 247 409 221 100 722 505 499 995 567 547 640 816 779 781 924 104 777 991 430 432 312 428 347 150 166 155 16 375 810 434 565 188 771 700 803 459 149 697 774 571 255 207 482 681 821 924 676 645 374 786 947 913 206 341 785 207 394 523 776 225 251 373 298 91 291 528 534 852 828 828 400 444 157 647 272 639 943 279 195 746 384 372 39 662 1 663 236 594 107 708 808 173
783 341 727 417 803 657 594 823 696 980 123 937 656 81 917 434 563 239 718 654 265 192 151 586 910 540 868 108 751 503 111 277 900 8 965 32 96 102 54 604 867 296 598 380 634 384 454 522 418 718 410 733 522 155 415 633 339 788 294 810 487 328 585 627 75 288 531 333 598 633 533 271 553 85 206 309 293 871 956 790 647 784 77 15 317 416 243 5 607 812 919 4 323 331 850 97 741 489 307 84
171 977 582 37 184 267 826 615 704 456 198 90 446 123 372 135 964 715 611 786 379 482 298 954 914 782 915 671 482 653 573 462 960 315 398 962 438 865 600 378 793 78 268 293 815 848 343 943 250 64 277 427 808 560 838 558 536 404 746 171 538 815 35 233 667 183 125 175 16 852 942 244 875 494 549 450 353 353 9 798 21 325 105 395 266 988 653 828 715 557 192 186 860 743 463 302 73 523 84 434
995 60 510 207 968 23 225 644 12 681 688 13 503 612 588 350 569 48 194 380 798 215 414 532 878 531 770 165 975 833 430 667 714 368 752 3 458 15 584 539 974 906 558 545 217 297 93 660 265 944 408 337 774 462 622 707 249 112 845 450 64 381 806 525 998 511 822 985 153 973 578 525 979 72 322 304 378 333 669 288 578 913 551 377 587 316 686 478 662 601 73 896 827 9 450 116 127 895 907 343
3 917 175 16 523 359 334 798 85 638 725 199 504 843 664 970 884 68 572 432 754 405 182 70 910 906 158 842 477 8 823 248 75 961 466 79 505 18 811 721 320 471 992 175 617 466 541 950 396 699 229 612 430 910 700 583 370 390 551 831 522 50 387 906 147 467 385 687 625 125 813 296 604 63 307 674 400 265 756 882 262 17 23 730 203 956 465 692 581 311 272 809 314 900 695 367 995 885 232 184
216 323 661 580 923 706 582 442 955 533 947 282 785 622 614 461 642 852 420 898 801 845 92 506 938 733 397 604 802 186 989 860 771 706 551 74 101 856 858 893 126 539 303 797 931 336 936 342 385 838 153 656 344 479 53 205 512 145 249 536 697 832 134 226 276 454 819 69 125 713 928 988 721 683 736 785 172 590 587 464 512 580 488 479 751 969 947 102 177 306 929 66 499 539 764 394 834 732 916 736
210 606 991 11 700 667 71 657 616 501 929 200 252 674 894 335 350 90 933 753 146 375 213 666 767 510 453 141 27 273 151 393 221 40 813 793 866 651 716 413 332 32 237 109 527 491 768 752 31 151 846 36 810 486 5 735 125 376 404 16 770 856 326 340 425 981 32 358 895 677 42 734 625 481 728 539 344 857 310 428 289 455 201 536 743 580 553 570 587 33 689 292 681 734 972 790 576 380 810 414
967 812 149 36 872 213 217 30 628 840 357 571 25 474 665 69 146 719 345 996 538 82 66 965 858 432 183 892 134 320 623 515 728 425 442 443 835 779 874 210 467 340 559 878 321 384 55 699 608 850 462 34 11 676 180 949 694 116 766 759 708 235 737 408 977 808 634 195 503 127 821 772 809 485 833 589 609 449 376 788 752 621 261 50 348 502 924 598 755 144 258 81 171 45 998 299 456 275 421 31
418 773 493 852 758 117 514 633 868 794 990 68 789 764 997 596 926 454 65 129 156 156 647 749 542 493 379 42 73 745 177 698 553 438 269 985 568 740 299 308 279 165 724 271 988 777 240 737 950 599 297 77 974 425 85 383 427 825 139 938 137 920 914 125 57 529 590 613 583 10 247 91 179 426 301 63 610 619 598 533 636 526 496 497 476 391 502 293 314 684 971 428 734 403 700 450 507 698 458 668
903 344 106 441 467 628 565 191 798 289 119 295 572 583 290 926 106 41 712 494 405 414 624 59 473 504 423 967 311 677 836 355 620 632 66 922 995 157 418 332 200 1000 330 229 105 678 528 505 784 766 682 269 63 586 980 369 370 497 979 11 198 299 859 623 901 976 276 928 216 41 797 889 727 678 664 654 279 793 400 881 645 282 313 905 741 848 972 806 30 497 523 160 803 487 512 344 744 902 595 898
5 159 472 605 484 409 203 287 931 10 255 192 590 331 789 569 372 255 410 590 894 319 838 836 62 984 382 300 365 502 302 990 406 342 662 335 743 410 859 952 452 315 626 698 179 655 87 235 755 10 77 123 893 417 944 603 676 550 224 90 463 748 320 652 455 429 984 93 859 863 926 767 750 540 569 730 979 34 623 332 262 390 817 250 683 101 180 568 124 743 768 250 929 575 133 921 374 87 983 757
182 172 720 427 751 695 702 21 105 39 927 73 906 527 905 397 674 162 423 187 522 629 101 502 5 162 265 350 828 363 855 194 667 392 533 92 458 461 858 295 370 235 221 497 969 11 149 753 47 971 369 985 425 473 837 371 4 322 181 972 764 789 473 814 523 871 137 988 910 949 706 253 858 763 159 149 802 790 303 874 840 336 219 935 295 318 780 658 847 320 251 869 32 980 578 866 114 479 214 142
1 435 991 501 649 709 893 2 777 71 733 368 921 594 573 329 775 162 951 186 86 946 674 869 339 828 850 570 336 599 362 272 324 894 200 390 279 993 65 158 394 341 107 952 79 406 403 376 703 328 565 144 982 304 343 455 393 34 877 744 353 990 151 712 829 596 320 713 581 323 710 563 210 32 786 745 281 422 532 70 794 692 779 12 250 544 363 443 386 294 649 836 699 972 532 224 565 204 553 468
358 302 564 623 821 151 500 868 724 686 35 645 451 739 142 442 429 963 113 505 464 903 119 46 272 783 37 18 578 173 182 55 670 185 815 499 649 793 748 610 875 122 873 714 738 541 889 669 459 804 650 647 87 381 649 967 309 80 419 359 950 936 764 560 979 632 27 970 369 582 466 826 740 917 291 33 191 967 794 472 143 167 152 668 425 817 785 642 189 977 724 692 549 946 65 463 696 885 799 453
443 642 423 84 139 340 757 85 609 278 68 594 469 137 329 206 765 948 975 803 341 568 625 187 855 380 195 369 248 361 676 505 321 740 721 724 147 186 328 174 194 416 113 996 214 770 244 989 602 207 504 821 882 533 190 239 493 234 692 957 844 286 462 768 981 725 418 804 425 729 147 176 254 38 722 920 664 188 298 191 688 586 723 491 842 154 421 951 632 149 77 798 900 196 747 753 839 527 797 348
452 425 639 778 564 912 570 293 725 810 552 121 997 811 524 109 977 759 523 785 689 768 513 113 165 905 555 101 332 882 728 800 467 489 718 591 406 1 753 867 459 289 441 516 293 147 574 861 384 342 263 78 688 692 432 222 317 513 592 576 924 699 232 37 467 697 787 269 778 772 785 764 845 2 582 270 575 196 625 907 499 324 871 892 997 278 942 960 117 198 619 764 677 43 580 566 340 372 719 10
977 206 5 868 100 899 181 696 90 827 323 222 457 752 216 257 573 728 119 106 184 724 380 998 312 699 206 242 583 949 170 911 119 842 586 929 94 778 509 954 283 48 228 265 822 470 606 895 399 137 165 313 618 240 89 718 260 37 479 292 181 613 27 351 338 404 20 822 817 640 67 628 871 164 570 342 735 558 451 582 144 968 37 375 810 695 395 764 866 95 950 505 654 955 768 344 296 514 317 922
848 375 414 99 205 70 558 356 161 185 545 421 701 845 245 522 633 283 476 256 663 260 272 271 883 653 641 557 617 371 377 16 388 704 385 512 249 335 569 386 840 364 849 914 659 977 621 945 479 159 164 23 377 373 719 258 951 16 794 900 894 139 395 215 652 329 450 87 838 325 145 784 50 972 768 408 273 959 340 602 267 118 381 660 877 566 319 869 169 104 458 307 894 527 382 601 147 861 208 757
731 743 899 958 854 293 764 129 61 450 242 23 737 414 211 25 597 123 750 920 368 665 557 601 219 556 47 652 253 730 990 477 576 261 956 140 219 442 915 756 452 786 938 390 319 587 322 165 142 118 143 304 506 559 848 125 866 410 975 473 683 799 726 86 149 958 206 946 884 892 685 74 651 641 117 520 178 388 246 716 966 396 804 769 618 983 393 695 707 240 479 131 178 291 591 819 415 881 710 951
696 226 253 454 890 995 72 879 736 676 11 16 693 855 902 779 90 559 922 636 175 94 347 426 582 308 428 542 559 360 300 972 507 384 985 530 95 979 581 424 101 599 812 412 23 881 10 285 776 227 868 513 63 707 16 142 598 512 406 694 723 468 134 144 28 985 79 909 258 824 814 537 220 667 885 409 924 252 572 432 78 665 889 159 814 875 497 217 817 868 701 927 620 920 239 126 433 409 405 991
771 136 524 161 11 505 419 852 366 417 146 51 979 131 333 534 846 126 839 436 672 787 240 80 998 47 452 518 269 688 387 898 201 973 143 171 580 580 639 939 552 667 771 71 719 7 576 731 990 642 444 650 208 351 863 413 99 200 521 92 522 468 985 946 178 811 944 445 22 290 101 652 919 439 581 446 196 901 88 112 944 665 456 284 79 75 949 627 462 640 960 686 782 189 931 343 543 431 962 526
823 388 102 458 618 737 887 767 879 863 243 81 156 895 285 925 918 873 120 177 620 500 320 560 437 929 97 812 403 166 58 240 844 806 480 873 628 396 94 787 583 907 57 283 512 489 923 546 651 896 664 839 611 692 232 166 111 0 26 209 150 230 968 335 44 99 279 896 166 604 995 956 136 282 613 571 596 778 196 684 106 799 90 286 219 186 851 55 588 323 878 64 829 24 637 467 752 776 792 342
553 265 848 835 73 510 247 550 802 25 830 730 361 305 485 565 847 785 25 930 838 400 880 390 754 842 774 256 861 747 399 736 575 816 1000 9 365 460 750 566 878 642 293 263 318 568 986 49 155 489 790 659 580 398 546 656 192 774 485 625 234 806 372 934 216 973 703 644 585 69 226 589 130 577 354 416 426 787 293 630 87 985 257 483 191 556 877 598 547 421 656 288 118 80 193 340 768 343 61 235
211 9 516 741 820 774 251 306 35 630 124 367 547 138 69 442 36 56 662 748 361 98 837 253 383 27 887 972 785 597 695 950 115 746 980 675 11 880 305 576 263 831 508 269 689 524 508 791 82 445 760 752 368 243 857 749 170 811 389 951 709 473 539 744 643 192 233 214 367 729 293 273 868 371 502 461 88 76 371 592 308 409 78 212 254 490 542 368 680 234 107 819 62 309 354 17 97 994 406 138
690 329 554 901 67 923 292 187 32 354 492 985 551 616 618 168 966 145 763 378 528 104 228 783 12 327 932 571 842 235 445 838 522 786 37 991 435 843 464 865 291 236 70 823 879 756 606 882 750 412 313 856 385 92 15 99 44 985 562 495 300 758 734 742 870 676 620 671 24 714 223 600 751 916 737 11 543 502 644 607 603 994 856 843 369 242 383 849 369 809 17 38 59 177 331 621 646 935 265 609
467 860 833 324 405 695 415 153 5 596 783 938 898 325 53 864 306 280 715 978 350 225 533 817 629 538 341 471 560 309 27 251 786 177 85 224 640 472 430 638 330 994 118 30 462 684 914 281 596 147 562 346 202 518 808 456 905 594 519 972 935 165 209 460 838 64 757 897 589 836 22 952 189 688 307 953 927 268 522 287 639 770 314 551 310 735 21 179 633 218 469 719 226 641 648 975 430 867 148 740
131 125 695 468 691 387 925 872 832 944 879 767 104 333 658 88 639 552 593 948 218 341 178 476 0 516 279 138 805 25 888 628 42 278 774 637 113 91 804 578 3 689 916 796 684 563 951 977 206 236 774 107 769 166 347 32 269 86 812 952 866 608 85 187 296 663 908 264 655 784 276 452 895 643 287 908 252 124 419 605 57 418 515 483 203 906 763 763 697 170 334 906 212 422 695 778 109 263 411 259
127 551 323 580 929 814 860 975 934 457 104 273 769 574 269 124 196 274 17 99 936 8 604 323 358 702 76 980 962 981 274 844 777 682 413 86 994 807 716 241 821 28 910 996 375 688 54 205 562 606 184 375 307 740 354 807 787 170 444 295 955 434 325 679 348 745 733 232 842 468 154 692 198 685 376 990 184 886 302 132 890 41 752 914 522 953 279 509 190 151 69 849 253 452 61 770 890 618 184 616
523 88 417 20 496 567 464 687 578 479 880 436 56 35 608 525 859 513 349 663 32 991 668 386 264 564 702 249 351 722 269 464 435 711 275 168 423 858 206 411 872 459 339 242 367 412 657 704 370 63 400 553 730 730 949 775 643 919 714 856 892 267 511 607 972 935 628 429 130 724 804 296 660 189 456 518 617 311 258 329 471 50 127 799 990 818 103 321 512 427 717 148 351 696 298 945 7 811 641 494
579 604 25 811 888 550 758 390 781 138 688 694 256 330 416 2 316 385 11 66 195 252 591 336 905 292 946 445 746 119 284 554 446 359 872 62 904 386 24 744 316 541 991 652 820 694 333 776 700 79 313 824 58 558 825 642 568 170 703 407 623 939 647 416 828 119 374 904 853 3 471 842 783 334 495 584 91 371 977 915 299 376 76 983 188 490 991 532 334 94 199 966 570 14 107 809 28 754 955 292
703 131 546 835 879 168 94 992 99 100 953 271 412 113 635 685 638 567 18 727 295 539 134 107 703 499 973 935 634 819 621 365 226 636 960 828 551 887 939 226 843 392 582 169 24 450 609 23 30 711 76 167 630 811 798 371 582 869 397 755 831 966 503 415 404 29 169 643 834 612 990 775 147 16 271 903 888 691 519 497 969 565 219 875 431 496 971 95 391 411 426 162 792 263 506 229 115 31 542 913
216 617 234 829 352 711 234 269 122 573 440 271 714 238 664 90 267 465 992 52 457 756 832 61 573 564 724 646 801 304 792 832 682 807 236 493 349 774 505 620 684 214 121 622 952 948 566 860 673 334 516 772 143 951 300 344 62 108 973 822 600 489 879 754 172 273 855 57 85 125 107 153 697 978 404 855 635 210 562 850 297 731 897 260 364 480 701 62 54 166 205 973 537 13 16 110 951 26 201 435
854 564 542 949 789 18 67 603 124 545 1000 998 22 414 998 21 521 538 494 702 647 463 239 31 923 467 297 527 23 50 750 948 670 904 146 776 644 193 575 88 338 749 485 166 659 656 571 128 118 389 118 833 276 770 328 114 721 795 496 804 213 108 372 544 208 47 629 339 281 727 51 192 882 677 541 596 446 304 878 788 964 697 216 926 794 911 973 804 787 718 118 434 546 347 264 80 784 600 666 278
69 769 537 133 127 455 651 289 489 521 717 998 756 617 920 445 88 465 345 293 684 261 88 659 106 498 905 302 670 827 716 468 461 62 576 585 934 388 860 576 247 932 559 284 734 0 370 111 36 131 582 626 378 920 56 758 583 671 358 172 661 890 14 921 883 142 317 135 214 434 104 69 230 832 640 658 972 24 349 62 583 492 689 121 631 1 792 991 947 856 272 12 618 957 859 484 609 926 877 755
501 721 416 331 514 23 570 711 144 431 941 925 482 932 455 877 159 605 94 458 363 705 22 563 335 475 755 367 289 984 180 222 686 467 299 339 121 520 498 870 711 680 254 294 809 671 438 719 65 212 205 902 306 707 660 901 578 982 552 688 592 326 358 241 96 864 696 945 579 103 461 716 322 699 14 656 827 382 519 192 96 121 262 836 916 277 572 112 603 965 84 520 29 871 104 224 194 98 310 989
982 486 660 568 462 906 488 475 492 958 181 473 672 197 550 499 612 350 651 623 985 901 188 79 904 638 759 738 518 786 450 981 683 302 992 120 207 227 465 725 355 79 100 758 336 904 481 672 131 822 63 347 504 774 843 404 672 271 613 356 561 50 549 644 172 517 503 288 549 827 19 907 198 927 801 648 9 830 365 719 352 949 724 528 876 211 801 204 839 74 525 492 528 529 268 974 315 812 242 609
895 199 762 639 759 90 988 745 652 291 899 924 319 792 944 922 673 53 65 432 100 664 496 643 862 39 385 536 819 540 917 813 734 844 150 906 242 377 476 893 692 938 823 163 704 173 912 584 861 336 208 632 762 679 306 815 598 439 88 610 385 818 698 276 891 465 267 389 694 850 418 391 153 856 30 331 876 591 105 359 319 607 783 635 349 944 480 587 226 276 952 542 566 567 935 0 6 364 862 801
584 593 868 369 934 735 976 247 126 747 413 643 812 213 731 854 559 396 786 55 310 731 521 938 754 651 688 97 499 458 104 580 444 101 321 260 37 323 292 813 762 628 482 116 342 39 35 711 316 298 688 889 171 617 121 924 275 935 821 652 413 724 221 763 729 369 900 261 43 13 448 322 498 239 859 781 160 561 360 188 958 625 669 903 691 479 134 175 506 386 923 166 935 962 417 721 711 474 928 277
183 830 473 59 38 145 657 506 253 697 11 161 755 311 715 632 617 572 721 782 832 455 613 607 443 689 336 13 605 690 518 125 585 570 245 255 837 263 495 586 453 334 107 349 539 990 487 71 946 336 567 12 531 243 847 65 902 985 769 553 942 933 22 524 958 848 855 925 434 69 448 175 29 794 236 226 658 403 208 737 253 794 588 729 128 45 984 436 795 28 677 90 156 968 964 822 180 936 748 205
103 931 46 913 927 905 407 521 343 705 969 633 470 519 24 717 952 891 698 956 625 652 64 120 599 453 102 468 280 248 316 11 21 884 183 27 346 326 546 340 952 796 646 927 695 593 248 997 206 509 158 965 255 657 840 242 318 712 575 106 552 728 377 373 411 662 740 80 751 349 579 494 923 10 735 509 799 12 242 586 24 110 550 541 925 947 383 688 330 419 437 279 798 529 627 46 180 474 2 229
772 13 415 476 725 193 494 633 894 3 523 108 104 912 412 917 661 352 101 890 828 848 89 349 991 425 367 593 848 503 151 587 881 371 839 682 917 334 442 227 499 589 720 399 188 623 630 146 115 268 230 875 21 503 406 151 451 473 312 174 10 297 42 873 83 536 520 235 429 838 468 30 584 884 183 83 974 515 916 478 153 713 119 360 280 45 502 606 727 342 148 242 335 190 434 272 508 928 813 714
103 102 327 714 211 98 930 236 886 102 169 307 366 818 162 516 675 799 620 432 888 135 740 955 666 688 659 852 604 553 224 375 877 336 990 808 111 236 457 187 632 995 592 559 449 542 673 261 882 10 405 558 338 7 291 907 578 100 749 377 749 805 562 723 741 387 296 653 792 738 610 457 300 974 798 409 677 788 11 916 726 1 175 672 676 847 993 382 891 978 800 995 383 237 172 604 995 895 695 218
127 277 934 467 308 125 525 214 273 745 973 60 495 219 286 435 757 423 259 904 526 161 294 549 44 67 298 176 45 725 782 34 293 435 561 805 290 591 181 702 582 333 287 226 584 185 60 44 180 837 593 148 615 962 857 227 532 760 847 993 629 331 464 227 791 559 529 223 969 873 987 735 581 340 588 3 865 941 358 2 270 432 24 20 70 725 936 217 338 169 312 414 521 492 943 766 317 783 199 221
848 835 185 966 963 889 23 331 214 503 199 379 101 991 898 987 304 985 71 771 317 741 44 151 184 167 414 300 348 523 590 60 176 640 375 914 52 682 537 554 415 734 745 558 3 328 822 433 393 407 660 660 782 261 338 788 531 853 188 643 818 508 752 323 48 312 491 663 387 802 450 994 622 662 786 738 891 393 298 21 734 343 937 376 587 799 256 281 769 777 135 674 77 617 219 563 263 507 851 498
886 94 391 469 572 926 254 606 579 283 629 501 103 103 194 191 870 253 743 864 485 63 770 801 737 446 712 238 275 407 785 773 591 994 786 165 313 590 454 638 21 941 80 471 806 622 828 953 377 214 877 975 248 478 665 388 362 843 983 87 197 623 102 88 795 167 953 43 594 414 603 987 110 122 375 687 595 440 5 502 304 882 14 603 252 129 779 995 560 553 663 404 353 881 154 209 934 434 949 675
423 239 252 919 135 601 1 323 198 785 333 84 953 22 739 818 781 152 356 120 420 804 800 44 807 839 635 530 335 639 249 101 513 190 336 149 331 968 343 172 308 488 940 993 574 420 121 541 483 564 570 534 827 899 17 749 791 442 243 190 369 602 45 981 476 73 16 774 806 830 650 313 583 577 466 101 909 925 950 694 557 703 480 64 320 231 126 411 401 19 722 659 524 241 114 857 958 502 132 896
454 446 375 86 545 19 889 36 901 987 337 237 382 964 209 637 769 284 235 228 368 351 953 994 854 112 314 370 312 217 477 924 512 223 655 616 518 807 539 82 54 616 0 491 455 440 298 70 193 948 89 345 707 558 585 957 689 682 608 803 240 315 77 821 780 130 42 373 204 431 847 102 62 833 487 250 301 254 728 402 979 342 822 297 970 460 884 943 353 897 72 876 31 862 164 381 924 479 546 962
8 471 432 405 949 840 935 41 368 708 968 186 713 936 404 230 398 370 238 607 435 809 64 16 62 819 994 886 866 588 732 933 855 653 793 869 409 21 191 121 931 737 523 289 488 571 271 124 39 856 618 63 544 873 232 530 616 77 932 125 801 573 379 28 486 517 169 501 792 479 545 812 563 718 369 951 400 294 285 385 250 239 974 292 110 831 502 411 419 117 602 377 821 293 515 195 976 796 733 888
203 152 10 251 678 643 101 808 396 533 831 397 8 716 450 772 867 765 400 626 376 913 675 815 888 531 207 948 587 674 281 340 923 593 544 408 644 703 396 325 135 87 973 96 886 377 753 718 388 992 176 75 523 791 510 346 463 835 275 138 711 773 6 192 653 95 302 318 326 113 677 416 566 531 283 74 838 782 354 721 634 554 275 4 138 650 790 879 374 800 396 491 181 966 863 60 471 983 7 474
841 122 253 540 730 546 612 931 802 520 185 112 956 542 864 384 267 65 499 801 851 338 784 572 931 828 909 958 302 823 111 0 778 372 839 339 457 948 934 196 508 844 87 690 13 595 850 327 864 947 231 329 684 669 447 409 183 396 944 34 315 203 887 72 836 325 179 179 953 52 584 248 671 73 700 468 742 772 496 18 438 708 708 563 173 682 340 542 761 132 957 649 114 166 365 534 357 736 932 607
564 329 437 982 166 24 57 201 452 116 869 649 438 397 703 938 65 946 802 885 467 956 406 645 164 11 254 211 858 521 146 256 143 899 506 739 453 352 379 357 223 235 570 712 155 265 117 131 849 867 118 36 413 241 965 81 340 64 40 828 299 848 274 542 745 206 772 980 800 118 408 578 656 230 285 815 853 711 908 206 150 170 263 604 236 426 478 625 321 340 130 484 410 273 815 280 358 993 173 75
828 256 314 238 357 128 641 637 970 933 803 870 228 165 71 290 901 770 883 499 907 245 240 933 594 159 69 559 514 919 684 996 884 854 803 709 930 313 591 706 458 642 157 940 157 139 675 268 872 452 645 736 517 420 247 103 623 787 212 196 829 786 308 13 297 721 88 227 694 123 643 871 10 908 213 431 110 584 953 207 724 746 280 385 180 795 435 988 669 8 926 885 661 331 356 385 105 751 793 583
21 927 959 273 740 173 383 973 641 701 320 604 972 116 981 972 879 985 106 458 853 135 684 176 476 346 479 818 142 855 93 221 566 613 895 773 665 855 634 639 273 931 631 118 852 238 577 51 450 513 749 179 317 313 821 298 293 648 956 589 147 437 852 814 131 811 284 340 191 292 7 309 479 578 210 334 908 570 22 697 762 547 372 850 347 19 842 420 778 297 397 330 419 444 405 429 73 905 425 710
182 306 851 550 488 449 914 251 856 204 106 53 433 379 476 442 487 700 347 242 157 792 855 307 181 865 870 988 500 309 544 728 104 403 926 909 854 68 678 369 868 174 796 518 432 971 451 791 489 716 573 677 938 945 28 256 692 862 428 498 308 82 805 350 71 458 490 922 864 304 93 888 547 894 167 592 608 85 349 464 37 638 606 615 411 336 173 417 130 404 772 848 581 141 68 307 228 488 116 430
574 166 207 598 516 382 884 989 766 734 919 402 543 695 92 222 18 966 821 401 377 103 812 35 614 682 587 277 499 742 833 572 116 442 898 936 566 922 346 732 566 398 341 991 48 803 666 331 933 629 373 201 370 483 542 604 996 344 735 398 810 283 515 643 78 469 606 509 609 992 632 981 138 145 406 42 752 172 946 819 811 262 374 424 866 969 132 937 745 743 286 309 448 612 215 653 137 248 346 932
591 787 519 236 783 859 428 425 834 810 607 684 675 248 345 344 604 566 551 18 643 203 828 115 884 22 356 397 693 277 198 160 639 415 527 854 756 55 158 436 641 798 768 178 34 529 488 815 47 383 872 304 498 550 369 970 776 685 48 163 556 316 310 141 25 871 606 790 751 960 869 928 680 542 975 456 832 486 371 496 465 882 278 763 876 137 853 733 513 587 347 231 114 50 547 119 905 501 135 76
706 521 71 955 865 737 19 636 436 757 49 53 316 779 549 844 99 649 876 214 476 78 278 1 625 470 821 879 552 219 209 547 550 336 335 285 69 905 4 319 967 474 267 182 26 608 124 349 473 769 660 415 326 567 374 739 371 572 591 77 966 902 4 668 974 687 569 75 744 645 551 139 944 754 795 911 535 552 542 594 164 486 947 67 447 768 376 385 802 631 564 366 615 512 10 362 967 454 161 231
988 64 300 544 570 30 166 257 502 191 72 495 294 38 643 287 554 117 493 833 668 701 778 970 992 676 943 460 808 726 390 928 470 47 512 643 926 939 641 733 835 527 318 365 262 530 654 563 638 383 144 328 284 244 229 34 985 678 348 870 741 487 325 541 1 796 831 369 527 191 947 9 678 882 856 278 23 867 779 613 524 578 531 262 562 853 565 214 961 169 938 147 273 694 103 379 171 934 850 806
155 124 586 42 253 681 841 356 781 190 25 760 152 200 980 775 465 331 416 916 752 263 10 721 450 509 530 78 626 104 746 725 832 719 186 246 457 323 663 616 773 758 227 875 408 873 536 358 902 282 69 580 929 676 485 993 326 353 389 360 277 995 84 173 214 559 312 230 275 577 424 256 357 626 650 624 806 779 551 3 282 699 384 627 971 178 594 976 354 398 507 134 971 687 105 999 163 504 351 572
647 816 342 530 979 269 66 859 511 872 696 11 257 872 722 660 569 92 529 168 274 462 822 185 579 313 289 311 328 593 179 41 250 250 822 295 417 229 290 203 596 233 797 839 236 255 488 507 253 22 300 712 155 454 962 539 482 863 562 4 949 201 756 791 910 795 545 862 870 990 619 580 782 270 595 788 921 234 891 426 156 735 11 709 668 293 866 818 821 832 890 35 618 671 862 592 445 11 82 108
273 724 218 199 375 782 272 47 360 321 160 712 745 646 733 587 22 387 396 952 790 455 651 706 723 970 237 627 228 796 249 273 405 711 529 792 663 399 857 742 204 825 340 798 983 119 679 144 895 184 447 853 782 229 317 712 940 652 177 473 666 252 381 641 588 370 352 341 1000 678 159 839 795 108 666 517 936 157 88 145 69 897 694 649 174 262 201 805 200 618 356 162 407 894 205 320 649 730 200 826
368 672 355 658 184 789 424 957 960 552 305 337 163 162 49 432 186 166 12 612 311 213 678 430 788 803 863 49 638 484 963 838 465 801 153 919 738 26 189 500 807 541 796 355 542 237 220 975 767 994 328 426 720 75 988 943 429 4 544 720 310 427 686 254 334 709 494 728 333 527 138 34 969 148 781 156 706 770 408 480 837 798 753 631 238 520 703 476 215 364 206 315 965 833 343 818 767 791 613 469
618 975 362 586 773 335 381 887 728 792 412 859 170 285 992 137 174 696 246 782 15 718 143 8 631 563 531 394 161 581 927 818 556 457 777 209 749 986 726 746 618 670 208 916 679 143 572 259 219 952 491 155 674 789 253 49 609 380 99 354 113 554 866 817 968 317 93 889 238 131 302 880 264 477 226 378 586 254 545 397 767 668 229 227 808 551 311 172 42 403 688 568 167 226 129 45 518 849 134 528
354 919 704 114 826 221 309 592 716 478 665 181 929 775 923 251 141 542 298 749 164 679 512 938 322 876 816 611 330 243 985 5 146 642 843 415 1000 232 267 777 368 126 289 806 865 512 629 456 249 4 296 764 490 219 911 848 765 581 855 683 264 460 890 930 940 488 83 123 537 793 657 665 469 860 863 208 534 338 417 399 182 312 899 155 858 726 602 908 8 696 80 390 185 31 294 202 364 715 727 174
631 140 355 677 493 953 691 769 496 506 568 932 222 856 273 286 762 943 791 809 845 65 586 237 859 213 447 591 499 216 172 67 382 635 750 72 943 50 379 745 671 818 71 931 249 899 940 785 183 12 989 280 354 520 426 870 837 919 308 785 642 923 647 227 420 888 568 294 558 204 636 753 222 970 668 808 680 242 781 772 372 960 701 178 650 544 992 696 436 801 982 825 651 155 564 681 995 974 448 315
808 326 290 522 473 635 839 200 656 980 175 765 378 317 837 244 595 401 572 843 655 151 933 492 591 179 453 496 802 803 539 416 438 350 202 137 772 654 408 812 873 109 507 974 618 305 649 400 195 601 659 448 665 94 549 745 828 412 251 572 51 243 805 235 405 801 203 500 836 961 830 632 963 963 929 235 731 397 935 472 766 789 476 391 101 842 610 951 242 427 906 427 103 76 263 317 0 739 398 267
103 974 531 831 237 552 915 501 557 633 293 509 525 813 77 660 190 896 4 294 490 337 141 731 292 527 520 483 633 770 781 393 71 86 541 304 408 748 943 206 475 336 98 10 805 186 662 637 68 530 476 23 995 986 606 755 182 763 717 53 133 688 341 213 357 639 435 41 925 239 744 157 601 342 826 733 713 594 925 104 765 110 555 830 989 599 397 754 671 924 818 872 315 333 248 155 342 937 377 104
59 970 868 669 531 385 690 420 575 146 78 666 429 939 858 838 90 770 985 159 346 458 574 928 689 653 759 129 946 250 119 568 337 313 887 444 132 420 283 1 46 831 85 567 265 979 832 831 584 788 660 460 453 478 723 592 336 778 231 51 889 88 82 31 111 23 243 949 98 250 7 699 182 702 297 52 727 65 127 25 606 346 881 823 991 944 398 461 296 396 298 873 783 222 470 523 558 261 904 637
163 810 620 253 660 895 414 50 231 991 739 159 116 102 589 282 955 772 320 242 749 252 651 268 73 505 469 243 823 317 528 843 222 391 478 834 512 987 201 608 520 905 806 734 465 157 675 404 176 222 361 768 429 502 421 556 499 651 19 789 253 812 964 733 410 454 770 893 737 932 864 859 275 476 561 128 111 625 172 668 834 365 375 165 317 460 309 12 469 319 334 748 203 351 456 589 656 541 550 76
561 607 110 733 250 655 269 740 982 513 798 847 816 101 188 760 874 307 442 343 719 851 275 558 110 355 61 732 416 941 762 644 973 147 409 501 735 300 686 897 892 594 679 633 771 161 581 67 388 764 402 906 209 185 270 465 755 924 627 724 53 538 594 83 274 387 258 855 276 863 88 150 121 490 973 931 127 695 180 226 696 441 120 919 796 303 95 115 893 750 616 789 454 840 37 490 887 979 366 163
420 523 112 270 73 348 128 893 891 135 596 389 978 575 18 876 735 454 949 625 408 634 497 483 391 213 544 148 301 119 126 244 862 453 739 342 248 707 720 227 31 517 128 528 133 433 281 271 797 705 981 879 872 520 99 420 251 66 400 800 508 513 989 98 896 977 500 212 496 121 373 314 815 299 680 376 142 483 307 993 477 163 25 982 258 771 315 565 571 351 83 588 697 613 670 432 764 959 247 743
628 865 32 996 71 752 290 485 659 11 623 578 413 833 344 919 242 56 925 748 834 754 580 532 429 262 761 515 114 3 522 401 850 426 455 753 278 276 74 716 20 925 781 579 738 891 742 955 342 449 602 617 57 27 196 257 644 497 5 743 829 601 775 775 551 458 184 66 567 395 863 398 256 947 897 820 90 625 473 893 115 0 105 508 533 527 14 433 284 707 546 566 439 890 463 442 663 170 546 383
636 716 115 331 647 148 406 935 885 676 315 269 574 998 653 846 829 792 149 155 977 961 697 967 828 997 904 872 384 261 193 7 867 252 318 106 986 237 759 549 832 799 700 827 542 882 641 844 521 588 850 439 159 774 594 383 763 806 431 784 100 734 256 760 822 5 297 693 664 390 794 43 416 462 43 765 183 730 623 408 912 220 61 83 75 989 331 975 980 20 836 879 317 459 176 691 268 685 217 825
367 366 749 791 526 868 514 58 968 484 629 200 889 609 168 938 151 435 710 707 954 833 979 931 944 98 140 17 75 260 205 228 16 14 393 54 426 263 851 785 438 646 957 874 937 641 22 712 499 944 855 470 492 687 277 894 319 664 949 799 620 456 238 707 203 420 445 736 733 406 484 632 888 536 162 274 964 151 905 578 456 963 791 958 250 432 800 995 795 386 606 205 680 935 199 91 812 324 158 565
661 745 23 471 136 474 754 945 476 207 796 460 987 688 287 618 446 76 217 980 785 191 337 728 308 973 231 247 748 835 85 295 706 474 58 990 871 438 969 682 43 290 117 862 499 554 325 205 953 886 620 99 149 94 315 846 47 841 3 481 363 33 17 588 982 248 598 422 220 303 56 114 278 565 522 212 724 126 764 324 152 519 244 204 424 366 970 221 490 626 800 931 646 763 460 249 445 77 59 768
256 425 217 43 756 388 621 732 988 94 560 555 916 454 351 575 914 855 520 626 630 431 927 227 153 340 546 248 412 683 865 655 658 911 963 411 605 733 489 462 998 781 915 175 360 80 265 551 481 957 650 702 390 194 717 167 382 907 269 965 964 778 567 197 959 629 513 448 889 592 158 935 213 700 720 34 23 945 383 132 412 93 186 8 27 174 976 128 342 670 945 476 99 129 339 558 730 79 522 683
761 71 475 155 107 602 380 770 486 306 430 961 608 605 213 15 184 421 218 840 768 393 911 55 892 610 84 921 733 755 197 861 439 15 345 971 107 188 805 241 436 305 445 375 267 782 880 893 336 538 435 444 395 445 770 554 240 683 715 539 356 659 869 540 739 1 852 524 859 211 496 379 637 851 480 119 978 269 464 199 977 245 792 683 846 141 91 207 198 518 690 857 484 982 615 312 884 332 770 2
319 751 40 678 123 649 243 722 365 645 553 596 265 174 579 69 592 449 665 173 221 774 10 531 210 159 215 139 591 926 870 918 85 70 62 96 737 524 529 693 113 446 247 844 891 7 549 833 841 717 692 830 811 132 984 114 674 692 504 539 949 344 132 794 40 766 84 746 236 383 456 625 808 646 114 828 223 158 786 390 269 913 451 355 366 386 525 495 78 69 110 653 952 275 321 15 76 166 271 418
104 184 519 194 531 314 654 568 91 400 804 372 232 236 576 707 822 460 941 356 562 523 204 732 390 87 257 937 598 304 138 293 920 156 328 264 148 645 474 39 843 301 661 866 822 559 793 368 103 638 421 158 307 233 986 568 673 835 239 756 504 412 998 202 753 332 198 350 377 546 275 90 403 623 607 215 951 208 448 892 904 226 68 202 18 431 30 604 543 439 214 519 651 34 82 719 958 579 474 475
518 611 13 233 916 643 509 927 278 128 817 737 719 246 58 670 348 77 719 5 834 78 411 282 408 631 448 182 27 102 59 285 572 225 330 727 269 149 628 92 216 391 760 545 582 613 157 992 455 492 35 186 162 660 694 428 175 981 398 562 670 494 775 484 499 46 297 792 251 718 36 211 34 713 582 96 755 696 818 673 54 648 755 329 90 358 901 359 635 338 177 141 43 663 614 269 294 937 435 984
547 887 529 640 289 271 530 156 640 485 167 509 298 656 312 450 468 90 471 651 98 526 339 19 778 431 899 806 402 587 115 808 328 842 739 815 615 723 462 819 575 262 326 352 479 760 198 949 110 56 898 135 873 842 549 312 250 605 659 651 463 228 704 718 206 410 925 457 459 211 402 283 69 360 192 883 908 15 959 313 18 95 20 482 116 272 755 615 370 328 913 497 927 984 222 729 926 398 197 931
581 843 481 255 94 204 709 67 324 998 130 147 553 290 506 237 864 655 392 843 674 698 563 271 290 138 269 740 283 219 787 327 7 810 242 153 537 810 194 699 593 213 282 93 262 280 183 853 993 606 15 346 253 524 362 146 234 2 294 169 898 877 783 553 905 908 785 673 436 353 240 224 185 36 970 95 516 87 908 392 270 769 723 156 592 410 956 46 600 471 496 543 857 592 517 619 827 211 233 657
278 69 680 318 513 501 189 786 605 800 385 736 46 363 643 201 612 679 771 409 654 766 749 148 986 96 336 519 130 929 207 739 729 744 547 179 187 351 290 597 50 106 142 962 8 481 816 996 728 997 83 517 126 99 470 684 821 72 11 180 49 187 592 424 709 353 638 258 240 684 924 927 840 281 889 124 463 497 282 863 349 932 734 383 184 279 542 598 376 831 138 208 302 185 611 757 956 920 741 546
856 177 646 73 433 590 729 11 305 898 614 115 583 700 170 658 575 395 667 450 590 747 576 865 239 275 613 236 574 235 707 532 291 837 261 586 693 480 922 594 582 898 8 199 597 732 93 341 418 733 169 626 970 331 961 147 47 599 971 742 77 255 366 991 689 326 476 87 270 315 833 748 447 625 165 434 916 367 988 664 213 575 683 856 787 763 894 24 878 0 637 970 403 569 370 344 874 201 316 299
872 412 687 442 753 451 161 383 133 573 733 971 806 894 538 917 800 847 101 932 65 320 974 849 10 220 368 458 386 574 128 731 329 883 685 783 576 970 977 142 995 898 705 848 320 404 747 621 819 853 971 234 812 470 588 852 346 197 964 762 62 593 895 174 936 172 480 617 517 551 687 148 605 231 729 111 773 870 53 899 685 67 671 110 106 613 101 21 906 814 970 178 954 704 434 794 219 485 391 734
620 456 367 304 994 238 395 76 485 47 354 836 50 762 185 281 292 912 547 495 13 946 157 217 257 245 936 577 621 875 975 272 274 525 470 652 252 103 257 591 313 578 822 403 708 829 480 4 485 526 932 921 471 777 245 656 275 821 963 489 688 815 465 794 165 991 297 89 156 489 994 69 148 15 931 188 78 505 914 438 802 818 518 693 421 558 814 67 761 624 27 641 976 343 593 779 515 963 251 718
104 91 215 561 238 312 847 494 504 324 144 219 889 49 664 98 143 986 465 512 69 579 199 412 420 289 385 653 890 281 724 547 992 262 75 92 767 791 595 121 627 996 773 639 612 545 401 135 466 445 598 277 569 871 883 349 455 640 132 684 709 493 196 336 547 756 107 587 7 768 905 68 818 941 741 36 131 895 246 721 140 220 703 89 138 223 685 811 666 702 6 73 833 742 584 249 721 405 922 671
397 748 719 541 279 282 100 601 179 125 711 833 856 427 78 290 272 260 909 873 508 126 878 558 203 622 251 237 764 514 880 219 616 971 784 849 786 887 149 847 244 454 732 742 640 528 733 274 16 691 417 986 253 326 685 144 221 375 333 36 166 985 576 862 210 989 245 178 388 897 245 877 879 349 178 187 236 71 914 183 290 367 676 798 681 652 236 547 617 590 712 393 11 597 445 871 781 332 111 875
474 685 536 957 770 245 257 310 213 109 960 892 775 70 305 761 266 112 271 233 267 873 757 673 959 63 249 760 249 545 841 673 121 698 310 126 731 815 356 624 299 295 973 773 349 912 965 317 788 286 438 622 215 751 673 793 848 769 740 592 868 453 8 383 496 119 100 268 933 616 765 372 366 843 883 638 145 429 347 968 680 576 895 756 181 985 306 305 141 343 616 719 627 477 540 249 77 92 145 785
550 939 342 658 421 423 131 38 998 794 44 496 556 874 425 921 816 766 890 637 242 926 489 348 919 696 867 666 240 480 1000 991 525 580 764 724 862 366 395 436 81 710 820 989 583 725 624 326 330 238 846 335 348 445 105 890 496 604 743 144 618 463 146 922 185 566 299 348 748 357 373 678 470 391 344 266 62 533 32 705 490 304 633 882 872 943 81 410 942 308 524 937 144 554 622 313 606 452 880 182
967 785 76 450 420 303 793 524 68 869 1000 869 835 124 171 855 624 550 469 323 642 497 907 801 677 777 249 746 417 252 962 723 193 634 215 331 664 734 400 120 813 467 586 546 724 73 606 336 535 975 107 668 587 767 410 81 526 181 726 331 47 966 871 226 228 919 330 885 126 190 894 762 74 60 647 952 955 436 79 225 667 390 131 801 156 717 508 658 563 640 351 532 496 456 207 40 45 992 439 207
798 807 164 361 7 327 922 104 658 411 242 422 414 33 713 158 950 273 717 236 929 379 13 558 550 902 395 984 514 449 573 42 849 168 597 906 134 109 901 16 805 207 455 828 705 236 16 691 374 850 662 18 77 203 941 869 201 557 520 374 679 124 606 454 327 903 596 955 878 556 131 152 650 636 987 757 26 636 342 734 186 47 882 893 731 637 585 441 792 84 776 966 875 446 57 823 742 55 406 289
800 297 807 264 368 332 555 120 803 918 182 459 442 223 40 593 610 759 111 979 213 642 26 100 827 803 251 877 876 267 90 353 505 844 411 669 125 826 503 523 749 494 145 860 310 443 656 527 343 392 489 383 39 160 460 827 269 155 433 351 331 530 79 152 807 587 694 512 194 663 55 221 692 499 432 615 241 664 2 460 605 126 855 425 410 591 154 457 305 882 973 727 560 22 532 219 523 106 987 811
544 950 695 185 657 9 247 2 599 267 799 265 982 424 595 994 914 237 936 669 822 853 61 827 871 449 932 976 158 882 513 820 636 370 437 875 614 954 632 114 11 940 754 707 709 385 544 383 927 744 727 164 204 762 371 188 741 933 524 173 769 703 254 581 78 18 96 72 62 73 408 337 768 403 385 981 25 316 266 747 123 285 719 126 532 823 974 915 520 590 116 708 357 581 959 165 915 109 745 722
780 581 326 347 631 250 721 748 944 281 263 941 315 282 282 171 741 942 672 521 654 956 916 157 476 852 664 216 194 355 763 413 750 6 986 927 910 959 757 140 334 409 853 706 410 697 517 831 851 683 502 850 939 982 608 560 895 90 479 585 231 594 813 249 129 916 185 551 436 514 52 922 391 930 202 23 606 805 159 893 282 875 306 615 923 320 993 272 107 555 724 834 1 372 716 895 255 156 927 339
139 732 394 288 294 654 929 788 182 389 690 775 346 882 804 615 27 879 696 773 503 684 204 625 26 257 358 83 29 160 138 808 307 364 45 438 547 160 374 394 14 120 455 361 87 411 148 929 399 353 59 616 545 338 493 740 360 663 678 218 548 355 624 851 495 662 164 492 556 519 946 139 636 343 131 175 467 208 723 209 837 932 915 950 538 800 271 175 779 454 466 671 942 752 842 701 227 278 206 975
505 562 457 425 728 932 581 763 868 635 132 717 725 159 937 988 195 210 196 115 6 764 528 10 346 250 727 324 355 82 394 60 450 406 925 54 541 280 450 984 798 829 160 289 400 467 269 224 872 644 624 576 903 327 927 639 984 19 491 39 518 888 20 502 283 512 971 236 550 316 949 168 739 801 902 705 465 552 465 739 702 831 899 333 154 118 606 655 538 888 583 171 927 1000 404 585 344 961 105 416
29 379 124 627 843 387 533 522 329 216 991 253 665 564 112 179 737 911 91 293 555 171 841 957 699 522 506 450 599 557 275 28 853 994 138 443 258 14 910 278 713 990 579 509 753 552 703 976 544 525 761 638 954 695 556 444 643 889 221 461 169 580 154 413 883 342 137 440 100 391 118 682 812 58 386 497 371 530 394 550 591 428 610 897 517 551 985 417 105 639 764 579 690 414 670 206 351 219 950 683
439 106 247 798 478 906 642 377 466 549 451 118 829 549 359 701 855 465 57 590 894 813 38 451 691 932 622 827 450 204 415 816 481 977 632 240 961 241 584 956 311 750 811 477 384 34 729 332 493 682 320 52 953 384 117 316 718 387 691 141 257 542 155 511 800 673 85 515 144 808 175 86 476 857 389 151 274 466 417 393 25 739 358 958 309 715 85 836 313 22 783 259 704 84 413 942 204 307 713 831
277 180 751 70 746 753 606 360 477 349 876 645 856 12 351 193 622 212 414 349 362 145 675 273 743 462 998 383 195 204 88 669 558 897 7 915 473 592 166 704 207 197 838 659 883 72 397 746 684 675 667 891 498 285 947 246 909 417 289 650 481 435 959 892 502 111 792 406 798 638 418 743 370 539 944 166 949 963 593 412 362 276 692 687 993 630 550 980 52 1 128 240 215 935 208 357 281 900 2 246
371 783 745 543 793 85 447 698 529 84 655 820 662 963 126 283 319 424 81 145 436 541 520 986 193 501 928 481 635 228 343 871 922 117 835 486 890 529 724 865 290 220 593 537 381 272 35 640 205 625 830 889 664 119 829 617 157 427 658 266 730 210 178 132 836 657 275 115 357 599 988 416 340 116 224 856 650 784 16 464 936 546 792 384 86 209 356 511 745 425 339 393 653 132 738 394 36 938 382 314
114 525 738 710 99 979 442 335 668 667 753 403 125 353 172 56 312 631 78 718 249 63 584 616 2 589 408 391 881 591 845 425 839 546 896 946 870 401 440 43 619 373 238 111 358 328 39 362 549 931 813 667 764 407 580 778 347 380 12 571 867 562 215 171 870 858 0 96 666 694 826 555 328 168 1 61 773 806 123 833 231 956 374 966 519 894 307 707 801 128 176 415 248 212 233 975 35 143 931 642
511 682 914 363 708 163 823 278 583 102 475 886 574 866 829 194 564 793 365 444 919 664 599 916 952 255 75 157 420 567 5 412 801 472 727 937 418 910 775 634 485 398 547 137 441 746 560 761 751 2 962 842 992 609 997 12 23 619 90 733 728 279 249 571 593 413 565 246 652 802 871 565 477 472 571 918 315 586 143 458 818 463 901 164 643 736 661 936 905 521 654 420 408 395 342 431 991 383 33 671
887 72 217 844 797 631 172 864 338 244 319 356 995 587 209 634 701 905 136 123 656 823 326 149 436 343 449 542 514 485 787 724 915 925 979 887 539 574 406 889 277 386 20 779 362 574 348 274 107 766 228 774 925 427 830 918 843 511 16 541 774 212 382 717 97 419 579 496 134 166 558 1 815 518 344 432 215 944 429 827 796 891 701 140 941 413 435 721 510 212 524 826 440 873 666 292 174 102 145 318
294 752 559 325 366 914 643 581 453 245 276 347 73 860 835 992 14 480 805 43 388 218 852 188 216 271 474 766 194 291 149 504 935 2 462 396 547 858 793 257 857 777 156 83 444 728 171 364 490 680 252 829 483 936 939 248 806 126 314 29 218 110 291 988 285 750 950 990 555 62 44 613 20 775 718 683 85 683 860 37 521 823 90 49 784 322 547 849 24 240 383 477 219 957 978 390 247 248 858 528
394 710 882 212 836 492 822 142 137 676 668 65 898 327 122 989 368 250 385 365 590 455 451 395 194 725 796 580 338 883 503 252 733 747 471 962 70 794 829 876 754 677 891 335 651 219 379 197 471 462 242 576 778 183 583 424 880 450 655 619 408 741 29 494 409 901 281 354 218 43 413 825 527 254 809 847 436 147 166 898 370 467 618 47 471 145 249 977 883 746 232 544 642 155 773 400 988 906 683 913
160 222 480 9 582 707 101 668 442 766 355 537 391 786 359 142 982 192 758 191 934 372 365 983 713 693 608 617 84 254 97 978 566 213 614 927 121 232 840 522 655 628 999 720 959 362 3 589 467 567 712 1000 99 77 821 863 316 524 447 897 980 12 536 578 248 708 136 992 906 949 188 654 94 7 804 89 155 532 978 769 643 972 860 450 923 146 411 648 708 595 264 545 570 27 325 126 105 388 754 46
516 354 525 419 21 719 619 141 756 511 535 341 485 55 907 919 134 653 465 544 630 507 414 109 407 570 38 744 453 296 656 875 586 656 59 945 411 634 493 350 510 116 902 558 388 297 642 760 748 439 302 930 290 172 908 504 939 879 316 673 820 233 794 755 392 995 665 377 742 430 194 535 877 134 409 517 971 15 141 656 281 657 35 632 763 6 92 770 415 32 271 743 444 717 140 256 733 403 209 155
388 198 730 625 728 676 846 430 235 675 99 763 19 367 447 911 363 980 997 905 512 490 264 48 997 188 576 744 923 351 837 995 126 663 707 851 578 458 762 834 709 493 992 734 822 222 91 59 863 667 767 541 287 196 249 843 836 892 427 437 374 825 164 654 251 950 387 948 272 842 800 34 0 283 428 816 568 514 249 742 594 287 61 724 745 351 114 768 77 274 36 965 695 638 34 93 661 957 142 436
182 414 362 481 628 230 165 294 488 674 483 434 917 27 294 302 206 708 502 419 127 984 260 949 765 233 26 121 854 437 933 857 248 218 56 554 983 626 62 247 785 179 32 7 129 119 19 514 383 153 554 369 357 956 688 226 254 340 29 265 785 894 398 957 230 393 468 888 768 255 757 985 669 197 49 647 830 967 86 135 417 747 334 292 343 765 339 162 893 326 948 101 947 169 23 999 150 933 276 180
900 884 692 410 236 512 788 878 633 425 737 722 857 109 548 583 463 680 434 879 835 496 51 752 826 779 708 555 466 632 367 723 337 441 122 98 522 197 197 643 89 789 578 680 218 90 382 243 466 450 607 501 602 911 262 210 492 727 650 49 924 390 582 138 824 654 263 740 424 639 114 142 821 886 825 145 968 896 878 867 18 59 863 165 360 964 222 830 118 681 116 267 332 13 364 354 779 153 703 192
341 909 146 343 344 622 562 855 448 814 280 848 930 231 34 754 688 734 69 947 479 663 204 411 215 409 356 560 695 822 302 646 875 626 791 475 198 546 388 548 370 740 721 202 138 148 56 905 627 682 809 929 282 482 596 653 320 491 622 204 364 602 399 870 804 668 342 246 264 973 979 343 976 766 372 935 771 491 186 829 908 95 46 490 373 789 474 824 817 81 327 827 497 890 262 779 629 529 656 13
662 961 571 651 545 811 896 489 919 119 154 588 288 824 296 578 658 27 355 328 159 210 104 75 343 447 537 100 480 330 696 92 652 353 709 483 584 647 314 871 229 288 837 350 358 168 858 770 302 533 132 69 222 632 819 778 151 319 659 315 126 784 684 868 879 23 1 995 674 587 557 31 863 329 379 599 310 790 47 105 876 915 730 746 273 155 805 349 277 766 295 890 378 641 273 614 78 507 658 870
721 886 383 135 547 75 455 935 650 17 335 159 542 947 481 477 419 123 267 582 278 271 487 319 711 318 188 341 159 855 85 798 226 98 642 794 830 193 873 552 89 495 834 595 202 796 223 176 875 371 58 627 701 498 959 810 754 268 352 754 186 838 11 601 799 799 165 495 252 700 841 135 445 326 195 183 682 787 783 364 326 278 828 289 641 656 508 267 901 873 476 250 940 883 506 331 478 101 802 938
961 606 697 522 794 173 529 609 545 433 875 753 269 816 547 51 112 558 17 587 122 519 339 301 752 988 262 892 784 57 104 438 483 737 53 221 991 857 130 545 937 103 251 421 118 492 821 673 653 927 196 884 294 973 644 197 68 227 317 689 616 884 347 948 821 374 813 64 876 95 497 159 51 353 733 872 52 856 35 84 332 918 298 434 178 491 546 812 155 705 819 907 688 191 924 250 134 117 34 591
530 520 28 381 574 750 944 51 663 24 249 479 116 422 594 65 111 13 851 429 6 42 292 163 756 957 215 341 946 261 73 218 565 167 872 354 312 657 203 628 98 610 523 868 543 907 322 349 448 763 568 355 259 240 710 488 752 148 949 581 789 901 538 694 261 116 214 991 733 942 594 113 600 830 354 399 867 944 196 382 564 925 650 855 486 29 542 623 615 744 625 661 364 206 479 89 997 741 17 926
22 121 784 303 54 185 280 801 701 581 570 561 858 689 482 287 190 20 501 671 299 756 553 921 586 790 198 719 284 942 115 1 126 316 441 622 468 148 278 170 904 671 124 516 818 671 547 248 708 723 745 846 982 92 696 354 333 312 890 360 598 380 966 148 357 440 166 598 243 433 184 827 889 981 674 388 257 406 648 19 25 72 814 446 194 121 122 218 437 969 957 934 724 508 310 95 22 3 160 451
270 992 941 732 374 977 227 590 332 884 910 875 742 411 971 70 973 663 556 969 135 478 125 951 238 911 249 320 512 742 501 743 332 328 811 443 420 86 891 221 312 933 207 180 966 613 916 492 461 792 124 618 246 514 867 900 721 645 995 387 345 529 839 896 782 970 125 1 915 91 252 110 336 364 312 995 74 462 851 391 436 551 288 876 443 444 936 570 348 625 389 464 36 981 676 839 366 937 583 52
381 133 947 403 373 550 392 869 368 497 66 802 775 28 910 225 972 675 783 375 821 440 41 53 51 268 389 39 678 713 583 793 137 347 673 399 648 797 630 902 572 86 539 449 729 930 415 892 398 346 581 478 971 16 692 386 276 856 748 354 609 7 617 404 229 445 240 542 33 612 405 217 409 539 710 358 758 727 697 50 828 773 179 618 662 882 342 200 778 301 872 336 816 757 717 518 940 243 52 285
223 638 679 506 395 663 266 538 822 656 791 872 536 78 356 493 119 773 706 257 636 581 446 204 461 692 369 900 599 7 78 410 139 440 215 10 115 710 644 655 296 572 904 548 669 106 391 837 856 488 562 498 961 7 326 433 616 44 284 10 996 393 304 388 349 856 724 751 668 934 621 595 987 455 807 29 112 974 935 225 938 22 12 969 213 375 815 82 105 983 11 856 821 45 60 622 223 806 683 916
812 26 792 506 130 57 903 491 266 644 426 679 438 870 477 815 646 897 473 477 991 563 160 881 6 682 183 290 206 319 566 6 790 643 228 777 159 597 694 560 297 583 958 394 518 527 13 437 906 773 667 838 131 985 89 428 710 741 228 752 517 735 648 262 746 953 337 479 718 0 111 122 144 609 887 354 893 56 695 318 108 625 58 766 115 653 937 529 628 19 683 323 169 989 544 425 548 131 837 215
212 586 844 343 74 137 693 860 824 830 255 910 505 726 61 694 128 772 903 285 700 140 432 344 752 539 128 203 291 826 837 752 694 225 224 904 65 867 826 292 898 677 356 777 64 487 19 290 931 842 21 23 23 852 836 716 369 280 365 433 605 723 707 453 416 815 958 821 25 406 362 713 605 723 339 12 844 755 842 852 278 554 449 314 130 660 651 330 886 234 788 159 688 153 701 968 250 96 417 63
678 130 181 783 736 98 586 415 798 450 156 962 474 538 694 828 833 46 821 881 270 831 938 606 82 841 762 464 230 230 559 576 223 958 353 902 485 159 766 229 267 368 903 138 401 39 252 359 621 970 706 538 379 418 45 334 779 716 100 79 690 418 950 503 589 59 428 83 466 214 602 271 48 669 201 268 506 252 117 703 715 318 813 497 163 749 430 118 989 442 615 566 791 913 907 228 628 414 131 599
624 973 989 284 975 676 107 489 611 552 588 831 950 173 292 290 869 836 997 941 255 622 91 636 636 344 426 548 792 266 805 662 832 412 694 139 802 98 686 935 838 408 164 469 892 682 635 415 668 175 621 438 847 395 740 289 427 556 278 611 19 660 896 581 567 894 685 50 834 279 230 247 48 511 761 411 852 177 627 835 804 819 12 460 870 739 497 400 624 860 174 864 437 603 765 959 846 925 840 211
399 916 38 109 92 358 553 58 907 243 889 15 508 292 312 618 568 723 470 724 862 43 825 96 798 618 413 871 630 232 865 471 603 232 338 200 14 96 486 405 762 669 352 813 830 6 243 80 549 469 280 696 906 364 415 668 378 138 405 886 413 620 746 254 776 977 968 849 145 264 765 241 371 141 291 820 121 597 258 172 184 301 26 393 209 297 60 796 16 867 751 701 702 350 400 39 1 467 872 311
440 537 568 808 552 667 925 641 138 716 806 509 849 667 454 2 244 442 156 104 777 754 360 814 374 341 382 632 535 394 95 160 10 761 124 258 271 548 892 35 127 55 703 207 504 287 749 603 299 78 949 240 239 649 524 592 243 493 928 12 133 547 226 902 626 646 8 838 971 233 961 95 750 708 329 615 664 285 591 559 848 124 542 274 40 185 208 989 770 135 755 930 681 393 791 59 124 805 758 906
137 671 457 607 603 561 674 388 587 949 348 175 590 575 304 330 632 124 694 856 868 719 469 782 367 722 627 215 653 50 46 609 308 157 523 512 568 627 494 118 889 554 795 12 937 39 399 856 31 517 141 689 14 795 780 8 63 432 685 74 249 142 463 204 276 270 937 830 378 376 604 696 101 969 881 996 556 712 673 471 666 821 541 400 74 408 326 617 477 167 864 667 366 959 202 188 393 905 462 367
793 749 487 737 685 216 588 506 608 993 829 10 714 465 374 295 32 736 124 962 477 519 229 796 917 482 90 348 929 821 525 702 667 400 565 875 486 728 446 245 366 162 706 153 597 244 51 207 462 731 485 694 833 911 586 158 566 738 769 737 271 273 537 976 966 652 883 725 402 668 799 55 982 577 378 360 158 286 477 51 755 115 144 403 46 588 486 463 463 150 890 398 955 247 249 930 553 941 117 469
667 484 451 988 710 423 374 791 938 430 832 597 682 131 535 305 180 348 619 411 790 546 951 43 635 837 270 981 253 271 963 117 351 812 8 79 753 209 833 893 411 579 926 497 181 870 222 804 908 522 450 149 179 608 675 891 27 400 18 755 788 83 978 21 300 510 339 933 519 443 449 209 557 905 809 362 322 556 2 281 228 546 14 635 656 574 539 852 152 467 948 779 445 469 380 79 429 713 666 472
190 173 740 802 338 298 80 572 706 458 542 401 890 669 554 697 506 638 831 401 529 992 438 663 864 360 602 488 570 130 564 213 453 735 221 440 107 782 552 445 320 846 256 959 845 605 486 184 392 827 149 283 252 585 717 494 905 812 170 393 626 486 662 415 167 89 644 338 595 759 955 707 610 52 130 917 472 201 203 588 635 119 108 314 706 402 360 795 324 83 645 702 415 366 208 596 364 771 983 994
467 323 748 526 564 956 194 599 217 299 232 954 266 829 221 329 745 902 84 46 110 686 283 581 306 916 571 301 440 943 539 683 220 593 755 719 763 768 341 680 726 602 795 465 494 811 556 483 974 440 965 721 546 685 565 257 632 186 852 31 384 755 456 7 968 83 478 944 337 213 734 28 957 727 538 14 962 681 917 19 974 655 192 127 944 283 683 838 26 296 744 883 790 309 5 630 761 441 421 178
64 213 279 60 536 117 65 516 17 479 218 93 700 123 809 801 152 394 410 622 718 897 735 942 66 405 229 697 452 457 243 642 820 161 285 666 311 867 179 682 546 449 938 771 314 168 90 331 874 971 869 917 55 25 331 169 295 570 486 46 181 925 272 522 989 160 266 409 76 668 737 76 610 542 902 771 240 492 304 752 512 88 109 206 447 398 256 741 554 349 452 674 168 225 753 617 810 381 735 782
591 686 44 104 329 101 188 458 837 998 759 785 530 354 556 402 36 742 810 717 184 571 740 709 309 276 296 109 88 708 818 80 919 126 366 87 539 690 327 766 3 579 149 857 269 242 470 918 643 244 529 654 614 108 831 809 799 37 568 827 311 968 715 163 505 813 617 954 866 517 927 796 921 160 854 465 725 704 756 277 811 647 417 376 160 329 539 165 737 190 34 193 135 797 420 642 256 824 676 526
222 40 140 297 250 36 54 252 325 300 18 492 195 389 44 969 41 197 630 652 483 630 686 149 783 453 89 858 192 514 393 664 698 860 319 8 218 739 780 523 917 711 500 555 841 817 671 287 446 492 105 982 533 819 857 878 713 382 526 164 239 400 443 925 576 567 10 411 659 490 812 623 849 791 775 531 910 880 597 520 724 11 27 320 519 230 4 440 915 885 991 522 270 654 911 584 312 210 880 63
917 865 622 703 216 309 765 644 829 659 791 864 21 351 692 429 906 937 378 943 693 998 849 316 82 712 149 615 709 96 680 940 672 234 29 761 584 551 197 447 98 985 525 932 711 947 746 689 966 741 573 135 646 604 840 145 668 93 577 895 29 289 161 159 349 658 578 964 300 698 692 261 276 14 854 648 321 246 397 954 203 592 587 974 324 504 855 138 356 378 500 656 434 607 657 63 699 142 808 864
750 837 514 253 604 499 590 502 361 960 763 560 836 515 737 8 205 31 489 674 650 718 755 694 36 621 241 896 583 693 831 88 405 91 361 321 691 583 696 380 567 734 58 46 995 822 905 935 231 9 194 675 634 559 495 583 527 403 16 851 373 253 734 182 979 138 616 29 101 800 788 513 516 544 413 559 379 15 138 963 350 250 995 569 163 20 34 654 698 488 986 3 581 20 786 419 822 859 408 295
582 991 868 576 99 170 503 642 37 886 323 143 67 451 314 472 474 718 700 743 297 321 719 552 623 644 365 670 516 884 915 915 921 344 304 732 689 298 620 752 827 737 859 682 775 180 541 58 578 598 635 868 971 583 224 694 610 942 327 228 890 863 317 996 852 204 790 860 247 745 397 414 686 874 416 131 478 514 950 787 603 337 732 966 783 258 475 496 417 207 872 234 357 764 415 611 977 601 536 265
356 936 554 889 630 198 368 4 39 565 695 800 742 819 618 906 556 429 37 824 375 559 232 960 389 475 338 772 495 529 482 367 444 182 267 459 41 297 629 148 477 24 117 9 666 347 72 727 808 216 815 840 908 2 447 989 301 20 687 318 195 806 501 321 367 432 476 56 331 286 589 619 7 588 430 394 637 572 848 305 367 428 173 723 137 667 293 1000 148 245 664 520 158 746 866 156 798 373 146 470
467 568 878 406 529 896 784 518 7 625 128 170 560 860 577 518 846 302 109 951 2 814 593 223 11 590 939 696 190 237 616 945 121 910 346 929 379 758 998 302 32 873 296 309 506 124 679 535 874 318 871 979 759 816 140 347 617 2 551 138 949 100 407 966 82 221 236 873 77 440 226 510 904 173 791 293 962 250 353 501 781 943 913 202 336 809 933 683 252 235 794 993 826 485 111 278 408 580 367 668
865 677 915 102 791 192 867 952 287 761 697 314 136 146 724 578 416 570 387 786 95 811 554 785 93 364 551 171 233 543 520 500 132 462 521 775 280 384 37 265 336 390 150 406 464 672 303 886 658 587 838 396 558 725 750 186 973 471 372 669 832 469 989 535 525 255 414 329 47 835 425 506 239 321 351 753 46 176 714 107 127 103 150 977 926 583 71 642 985 414 559 958 647 549 361 570 339 1000 944 722
518 933 797 360 510 628 253 719 298 455 478 657 911 989 332 318 958 684 760 968 491 266 432 969 753 93 116 305 96 453 728 318 962 59 537 351 208 114 85 950 789 204 730 662 882 207 211 50 514 409 76 712 264 168 626 278 98 754 521 392 706 257 509 537 291 316 292 103 558 795 360 947 651 676 356 84 149 148 639 840 989 880 857 750 784 451 817 818 792 419 819 137 819 33 152 570 508 904 691 120
804 766 501 929 79 215 913 280 502 170 280 611 912 871 876 800 434 811 234 621 504 449 534 434 780 200 946 111 30 57 932 864 167 402 660 383 810 216 18 195 123 897 362 589 763 160 290 874 283 951 135 997 965 755 153 917 626 714 219 469 631 29 902 724 383 861 793 147 658 145 418 891 18 606 837 553 549 192 748 138 878 420 173 312 906 844 845 949 56 341 568 526 0 455 46 153 179 15 613 955
512 825 104 521 752 287 990 147 464 621 670 728 166 94 273 793 963 207 575 687 43 361 923 870 418 191 597 704 225 643 515 75 983 467 701 534 26 128 22 913 418 114 118 507 761 17 776 762 935 803 214 365 578 129 889 283 31 962 16 489 336 737 450 749 244 100 207 692 109 50 971 611 98 29 750 610 222 828 560 356 857 265 449 443 856 559 918 378 438 676 849 691 427 530 806 372 158 310 363 603
551 42 574 409 255 604 4 568 81 295 667 193 135 364 162 652 931 196 890 148 638 928 780 267 506 858 176 944 88 380 275 786 554 69 394 451 60 431 747 768 476 589 597 466 258 419 535 185 569 127 242 582 950 604 137 950 420 620 288 73 894 687 874 697 792 755 724 833 961 123 862 828 282 364 921 641 718 923 190 820 598 489 654 81 832 749 18 745 886 166 172 8 221 431 607 614 149 829 871 266
59 300 971 634 289 781 499 77 831 50 802 481 977 959 374 566 248 123 362 605 114 984 422 558 24 989 194 407 969 857 210 769 114 577 405 634 272 714 486 865 869 930 778 80 710 722 354 732 632 848 162 856 803 62 605 674 991 212 197 669 235 183 774 31 699 2 162 165 325 855 569 370 396 135 397 468 411 603 627 180 770 119 47 332 720 687 505 393 311 272 91 967 977 364 362 81 148 972 313 729
714 970 149 716 233 784 80 65 885 112 440 491 21 88 875 417 747 998 963 962 794 573 628 104 994 338 580 863 949 424 381 190 502 993 119 248 500 392 474 526 684 240 538 453 489 970 188 315 570 202 251 664 476 926 760 580 293 341 423 794 598 34 249 977 950 296 250 968 499 351 776 846 674 113 384 941 879 721 80 605 347 706 500 98 255 165 152 228 614 835 567 946 900 688 712 365 942 743 319 540
312 210 586 106 116 463 682 170 160 303 64 324 539 627 427 233 794 152 390 989 935 193 558 737 50 555 135 513 321 148 397 456 509 540 240 95 880 41 21 702 849 506 44 718 878 649 327 809 174 948 386 606 984 217 882 229 774 290 898 115 115 63 349 981 288 109 177 18 610 903 217 203 264 811 115 777 823 134 142 734 851 970 89 589 987 618 217 699 972 462 130 206 257 972 213 511 665 474 214 779
734 342 383 641 340 518 90 494 496 655 598 936 788 218 897 630 800 890 709 83 291 620 845 731 114 151 538 427 382 67 540 347 912 859 668 264 320 932 966 640 123 581 436 735 304 33 695 832 863 330 666 770 691 911 580 663 684 19 551 56 428 236 999 870 709 934 378 143 162 903 216 989 24 775 663 413 200 191 478 910 290 670 637 764 296 325 658 99 633 682 756 933 593 314 648 817 175 655 353 952
454 157 233 299 197 129 658 274 21 278 176 340 344 39 310 950 983 480 454 867 329 955 211 795 414 68 648 710 995 994 824 184 958 739 245 345 129 197 183 16 485 371 974 605 455 997 802 141 655 568 410 887 883 126 470 132 652 688 952 245 721 978 651 675 408 6 632 614 87 423 45 552 371 786 210 301 594 481 55 211 847 170 876 690 784 417 195 987 611 719 66 476 957 781 734 269 882 377 116 224
465 463 379 82 821 279 143 114 957 247 559 489 153 661 815 201 868 374 302 839 699 938 407 102 546 892 703 740 620 201 927 581 273 931 224 906 363 54 162 961 99 374 4 667 975 562 466 795 904 561 250 259 453 317 515 325 773 664 4 257 672 290 985 323 538 115 196 370 323 115 348 687 76 263 29 336 628 357 550 600 741 320 573 606 291 132 592 768 879 87 570 384 835 553 735 660 648 225 72 744
495 745 22 9 629 879 825 561 785 887 984 906 946 240 417 559 6 33 53 861 646 497 137 395 467 830 995 688 331 591 62 852 746 632 552 689 990 295 720 286 698 437 89 690 939 856 380 1 957 845 715 712 283 60 534 837 28 189 677 222 760 355 602 68 70 985 971 314 194 366 126 159 660 810 181 825 980 740 396 935 55 582 609 563 714 958 130 735 915 131 264 700 398 196 84 472 125 369 190 177
36 69 771 829 321 170 371 574 484 132 217 622 101 116 362 840 973 902 632 567 679 641 819 293 9 397 162 699 666 302 574 844 276 244 248 809 461 948 928 307 691 318 945 799 548 854 137 402 77 162 1 356 178 885 29 516 730 138 705 300 683 214 836 331 341 356 895 904 607 700 989 212 913 318 347 81 932 518 970 777 359 991 872 822 442 732 227 431 669 577 528 680 80 932 796 813 375 971 702 110
759 282 640 461 363 315 711 921 434 270 315 401 301 287 422 220 330 458 164 276 827 826 229 54 75 886 716 850 990 664 457 124 67 941 23 340 184 148 519 9 333 817 162 505 752 996 676 652 902 155 694 715 862 214 150 548 397 683 107 76 877 888 935 656 589 950 143 758 559 550 690 913 29 200 871 154 365 333 406 278 109 349 486 831 346 428 598 121 483 585 446 403 376 664 989 372 710 649 167 337
585 275 130 153 273 570 522 260 249 797 603 687 294 348 194 974 131 944 79 245 554 426 803 130 648 814 313 729 588 740 696 124 890 660 805 52 548 34 512 413 718 341 94 690 18 399 541 352 404 668 678 312 752 744 315 430 795 327 5 602 305 469 296 325 147 836 452 611 736 200 379 127 131 40 585 536 860 530 728 486 247 286 32 797 404 627 305 646 53 633 934 970 61 537 99 449 506 38 815 661
998 683 695 237 135 368 345 658 579 888 303 950 364 918 786 81 870 418 214 417 106 493 407 658 930 843 763 36 413 88 13 204 640 932 945 838 478 483 214 560 905 199 529 59 606 335 870 184 638 62 837 444 331 259 258 559 817 298 376 192 803 115 103 640 491 994 222 230 60 810 181 144 232 265 227 895 511 332 999 122 560 813 349 559 387 36 987 747 82 29 291 937 267 589 9 996 277 924 105 517
783 534 76 738 883 745 725 277 124 604 538 807 669 459 554 183 443 243 302 304 682 809 372 798 238 859 831 593 275 609 93 270 6 45 626 209 11 53 1 723 950 786 398 624 631 849 972 639 851 354 773 1000 723 755 926 354 164 934 596 570 721 404 986 417 752 72 133 188 338 256 679 553 347 822 643 719 207 323 187 953 393 662 380 833 98 11 77 385 816 785 819 196 214 475 897 335 649 159 492 186
588 787 262 271 708 115 714 464 216 821 612 706 250 945 108 963 108 824 843 593 843 360 69 189 266 916 697 2 307 950 372 664 831 443 670 154 923 798 961 246 697 184 515 807 15 23 124 858 558 214 711 597 881 815 320 173 374 375 297 402 831 546 742 181 205 873 196 476 245 202 919 994 860 585 167 612 245 938 860 177 717 649 728 304 337 336 505 825 411 540 800 632 959 199 773 374 633 707 990 302
400 411 953 4 139 567 238 440 561 216 957 809 723 432 553 57 685 638 773 43 936 21 677 613 115 190 149 690 538 825 949 794 860 716 117 702 264 31 358 201 28 7 951 687 868 850 647 514 171 840 121 68 717 876 94 168 194 20 182 210 455 36 191 960 314 228 893 547 736 937 918 613 296 248 410 942 919 481 160 209 221 57 371 467 809 69 685 589 254 79 1000 690 699 12 676 438 460 544 802 222
198 729 903 220 793 755 562 756 533 227 276 518 491 600 248 108 733 422 265 731 496 556 4 402 731 252 661 566 734 947 754 102 752 741 548 724 963 16 56 438 238 815 114 240 113 994 686 65 911 590 68 221 261 559 123 731 185 646 871 64 802 106 574 727 611 556 172 945 390 953 39 129 709 778 687 299 800 426 718 28 415 585 213 891 305 953 435 831 356 943 915 300 518 588 108 733 372 692 742 22
261 330 132 1000 723 733 380 733 89 326 514 144 351 83 269 884 602 426 1 878 853 605 989 313 984 521 475 993 818 515 923 727 119 722 687 943 456 977 526 76 188 819 602 190 132 904 979 519 411 878 304 134 874 637 474 949 360 751 806 287 363 516 374 569 403 668 151 284 87 693 381 304 695 874 170 591 661 922 866 942 120 68 59 741 697 536 252 993 348 621 341 983 74 108 519 528 277 41 831 571
994 304 913 863 791 339 805 855 495 588 350 88 269 41 826 297 207 237 209 124 793 736 805 473 275 728 575 485 388 604 280 301 302 986 539 549 707 714 875 651 369 891 363 5 646 116 660 593 583 684 339 508 741 457 781 650 521 324 44 353 424 691 520 509 198 315 907 404 380 326 16 68 996 248 902 850 61 147 667 76 565 29 936 892 15 598 666 257 770 834 602 878 973 756 759 745 31 869 15 783
8 874 467 476 948 816 462 713 651 615 995 427 392 443 765 973 736 643 666 84 404 650 408 951 460 40 770 297 853 501 373 315 450 118 300 986 546 756 807 23 852 160 829 44 772 580 77 418 944 427 344 576 130 722 486 510 105 985 439 696 188 13 248 980 648 492 601 578 348 554 873 787 182 30 815 418 282 591 864 93 3 873 819 704 190 63 421 692 632 38 682 626 99 258 629 348 518 271 617 144
392 915 909 176 273 250 537 722 379 358 208 216 647 641 308 249 593 867 35 713 235 191 746 742 602 724 546 525 877 643 965 789 729 850 14 75 7 755 967 30 523 518 439 520 525 532 828 107 348 217 206 963 700 249 286 379 376 402 195 728 351 38 795 89 559 476 417 200 319 322 85 623 866 737 570 415 886 102 947 742 665 323 221 135 113 138 788 705 645 987 983 996 573 845 783 139 585 406 866 578
248 239 555 800 209 684 17 747 222 715 663 228 810 160 369 561 308 428 952 155 95 411 47 485 703 782 616 862 127 410 177 706 1 851 57 603 837 438 759 675 606 709 748 571 762 862 864 0 496 214 514 352 905 930 122 592 682 265 717 651 806 73 992 789 623 55 642 421 394 577 496 637 46 713 365 466 169 73 536 703 583 636 207 388 271 369 676 743 142 161 182 142 945 697 640 715 86 802 23 702
159 437 805 718 125 503 500 713 746 561 567 403 798 126 18 90 338 592 188 301 457 541 891 320 388 244 184 567 19 356 237 544 752 939 726 791 50 801 16 384 48 978 387 200 940 566 460 15 893 947 351 813 76 981 697 186 670 84 500 995 615 212 343 309 267 647 112 320 182 783 50 438 640 148 293 180 449 216 69 978 723 509 451 11 501 922 751 739 926 184 223 417 837 292 739 773 720 710 531 557
591 749 987 655 141 582 572 387 594 20 255 997 228 532 612 381 238 167 899 17 981 290 563 304 548 733 90 560 505 317 383 685 494 42 700 772 354 298 548 173 147 821 161 646 733 402 881 819 257 999 779 771 612 204 975 976 599 915 438 620 143 173 170 281 811 314 947 169 777 187 168 39 29 614 847 307 108 694 413 291 51 501 385 796 583 957 297 995 195 257 73 420 183 502 334 802 176 812 51 445
627 423 247 545 800 946 588 790 449 149 637 419 839 255 422 708 392 354 452 664 228 331 918 498 930 748 186 486 246 234 993 560 86 495 888 394 170 701 457 413 199 541 614 393 927 302 445 447 174 546 410 784 636 945 776 307 173 378 404 745 464 221 492 536 356 227 607 258 164 201 104 311 827 356 629 998 981 89 238 928 366 401 814 798 617 960 680 13 631 166 389 377 641 888 848 211 379 527 42 582
600 395 716 642 895 900 111 79 266 724 308 139 700 719 972 245 484 776 451 409 846 222 20 768 554 732 13 937 508 477 527 60 597 802 795 771 186 807 993 271 415 836 870 160 697 728 459 483 376 381 816 174 662 816 921 969 301 639 624 205 692 112 108 243 702 310 220 756 803 550 874 909 126 964 373 723 104 815 786 470 916 285 12 643 619 35 235 44 552 650 643 717 867 25 364 450 415 666 110 232
514 344 252 899 354 411 500 155 253 332 23 939 621 678 172 671 971 149 115 531 760 232 560 665 787 806 506 309 569 218 97 716 916 28 247 616 590 737 313 165 495 891 670 821 988 603 380 393 355 325 610 889 511 493 150 758 582 451 197 149 883 61 849 283 273 390 768 961 500 587 692 950 408 567 411 324 39 882 410 461 870 691 621 662 332 882 156 588 894 207 630 966 429 450 678 201 274 646 217 289
613 117 58 286 123 638 155 191 252 542 67 68 78 62 397 223 712 61 753 559 502 898 284 730 106 911 338 369 792 705 204 43 472 195 500 184 387 571 841 573 953 506 130 566 57 595 1000 763 838 35 194 106 567 848 464 883 228 341 642 655 801 285 769 597 369 923 33 14 702 979 901 10 393 206 649 672 372 118 93 741 843 543 899 611 391 824 959 134 867 696 812 896 686 63 343 148 501 772 988 588
909 601 797 444 302 449 579 41 441 450 236 634 590 713 760 168 805 454 174 20 726 376 766 881 887 888 664 977 229 913 648 77 560 211 965 271 826 173 809 16 907 496 441 494 574 67 81 487 653 413 567 177 549 701 433 58 377 977 346 32 960 211 342 98 705 590 858 932 185 548 161 405 64 265 438 589 561 717 879 491 434 275 363 964 804 522 217 107 483 691 487 337 644 604 700 582 677 467 422 558
652 437 884 915 769 855 484 867 304 767 905 674 817 243 32 113 436 252 35 559 626 501 923 779 868 411 77 825 171 789 379 101 176 311 408 572 784 973 657 671 52 186 731 732 421 580 49 175 623 319 587 553 371 532 548 953 700 542 869 396 341 869 818 705 300 332 752 91 948 552 33 503 799 372 725 472 222 288 199 562 931 239 75 46 16 181 42 988 17 93 543 909 194 662 484 597 748 55 45 127
187 222 810 66 918 221 645 320 369 72 798 558 513 70 783 543 497 157 893 821 653 133 69 303 220 871 1000 189 636 326 516 226 869 21 643 383 499 503 504 647 871 195 724 359 927 69 961 741 811 82 891 583 390 713 637 603 665 214 336 271 576 860 473 778 253 170 331 926 827 446 673 507 939 312 58 199 464 179 261 286 88 920 608 544 67 120 337 769 321 710 179 280 987 438 322 308 295 87 60 228
431 350 825 995 551 625 398 781 755 471 984 308 250 322 413 31 18 399 165 426 307 789 753 461 112 649 273 815 658 797 751 502 557 647 350 613 891 421 693 263 909 542 529 995 32 822 252 232 422 435 272 567 322 301 327 956 715 156 840 237 74 658 593 544 582 581 605 324 256 364 736 649 373 525 287 995 375 931 638 936 817 132 523 110 199 455 506 456 306 723 132 782 537 652 306 430 208 425 730 755
460 339 7 210 298 851 819 659 732 797 630 651 416 804 703 1000 728 328 114 861 539 157 761 592 122 253 929 761 387 816 49 0 833 278 709 911 744 935 792 529 762 300 639 421 741 861 355 44 434 252 586 828 385 995 71 830 552 290 400 548 85 537 267 743 252 737 632 332 818 776 407 638 489 772 206 380 737 13 935 930 296 870 724 310 386 758 914 121 775 800 195 34 737 242 246 990 54 165 597 94
319 512 793 91 340 471 832 842 483 258 388 321 689 516 126 135 272 5 745 124 2 95 372 450 181 265 235 225 767 957 743 550 691 133 69 875 955 460 481 877 183 482 760 22 565 251 894 204 83 102 486 339 106 590 886 868 207 735 919 483 641 568 895 541 764 28 755 720 246 966 815 759 342 783 520 265 601 915 526 742 925 750 679 600 565 938 804 162 805 277 136 1000 484 995 924 438 602 672 316 447
357 153 70 451 427 237 610 936 625 579 2 921 68 941 269 411 280 325 398 466 387 157 353 930 43 726 181 4 391 994 964 761 361 603 276 735 412 630 959 479 626 800 999 203 535 626 215 651 271 445 694 583 656 581 767 664 52 413 218 874 868 612 313 873 503 494 464 264 602 502 51 291 259 92 250 597 938 760 299 436 935 944 798 598 931 998 467 777 312 420 59 932 137 248 966 993 769 462 951 8
230 861 977 920 598 415 751 346 172 411 89 510 680 710 805 580 662 150 838 86 457 382 415 973 285 607 437 296 667 449 790 991 397 186 202 647 639 781 909 90 215 314 133 676 716 870 877 478 28 698 777 311 612 392 712 591 668 912 341 105 26 620 177 367 456 446 918 487 818 189 844 140 625 274 452 815 892 397 825 292 510 905 105 140 113 582 794 941 871 56 86 346 916 454 169 908 506 960 913 504
218 252 85 918 197 793 447 360 40 228 274 574 781 38 492 704 89 815 752 95 282 237 325 381 322 254 755 906 742 622 82 0 535 676 396 747 63 824 761 562 812 976 95 623 97 564 828 303 685 874 901 423 822 883 390 69 396 553 887 102 42 712 411 807 888 933 491 452 977 894 32 482 545 998 904 356 911 60 873 58 682 176 925 31 621 366 691 452 263 541 930 927 360 211 818 397 723 734 849 286
963 270 65 608 226 91 133 417 744 574 508 825 768 961 735 605 537 131 657 137 623 537 511 297 258 407 220 649 986 412 37 574 409 854 930 413 587 613 264 191 833 981 483 203 84 627 775 976 112 549 7 443 843 121 466 79 863 628 732 252 89 142 6 124 164 503 423 850 527 22 544 816 265 176 76 269 96 815 362 136 250 370 785 999 458 518 546 547 357 502 912 216 949 714 619 455 803 224 822 421
844 984 639 977 178 135 762 913 407 938 528 353 828 286 368 564 855 512 908 407 361 245 705 87 273 506 967 275 910 219 57 880 433 598 237 703 1 107 967 760 118 262 170 267 327 472 746 628 525 165 87 162 336 257 70 28 755 818 917 5 482 944 440 211 150 401 318 929 31 970 590 853 291 808 11 535 489 596 555 712 185 93 222 80 630 924 453 230 26 959 729 448 70 18 500 634 204 946 784 492
117 984 532 969 947 889 385 635 377 734 563 627 746 605 511 825 980 948 762 970 761 862 490 121 190 296 114 512 227 796 677 2 845 756 893 850 631 78 487 477 814 13 758 764 356 78 318 363 770 816 167 679 682 956 661 249 152 30 680 720 470 9 848 707 22 161 782 801 793 982 701 724 116 890 502 656 669 447 843 135 768 18 87 272 177 826 898 490 728 234 382 559 700 182 231 653 345 535 223 419
421 554 913 494 870 716 750 182 230 903 981 25 854 43 694 645 922 790 863 505 133 927 952 0 654 692 574 131 391 868 869 444 314 197 376 950 182 440 599 813 160 687 189 576 41 424 46 614 502 272 517 914 362 622 144 974 117 407 793 178 526 830 979 537 438 812 400 450 998 458 622 549 773 557 48 242 497 784 901 980 588 28 307 336 364 813 978 298 786 385 236 532 73 395 220 923 935 316 8 685
502 35 43 467 685 473 606 18 45 251 368 636 704 728 651 940 4 460 618 274 49 36 464 335 709 550 486 784 1000 936 934 253 462 184 728 103 374 186 2 117 146 25 662 15 757 231 828 613 396 227 751 845 60 345 712 676 924 415 702 797 962 979 159 523 295 885 266 466 412 175 810 342 605 992 674 207 983 874 433 222 221 665 862 429 887 346 669 344 695 917 546 577 583 981 560 510 584 838 917 356
76 279 584 552 418 219 916 822 10 534 721 617 504 42 812 287 876 679 321 974 807 711 540 809 214 237 866 507 113 469 716 651 761 39 386 235 879 859 274 49 569 693 356 540 728 611 965 589 507 267 511 320 324 935 336 730 996 393 628 829 418 56 945 43 267 526 876 175 254 807 540 848 645 266 481 52 629 985 311 47 814 496 811 36 712 865 981 766 178 829 756 83 352 509 311 669 726 836 282 250
126 280 487 376 658 69 85 853 375 873 612 964 508 196 922 513 168 487 672 755 467 187 293 551 464 727 790 617 244 812 35 714 410 437 584 590 29 971 61 770 815 603 411 963 108 309 24 413 637 918 427 852 662 209 828 474 525 765 105 793 392 908 269 967 50 685 523 769 524 364 154 803 843 411 786 709 569 364 743 399 51 170 348 796 500 644 169 864 969 925 880 796 268 674 781 351 202 737 681 374
835 748 298 968 522 272 535 475 987 717 896 321 309 301 620 980 931 2 104 378 469 340 642 953 134 350 273 913 759 187 552 464 639 789 907 787 416 107 648 728 275 960 655 662 991 343 751 523 679 863 674 199 894 692 269 992 92 542 946 324 630 106 751 681 594 406 881 430 530 999 360 462 57 779 778 308 46 915 222 427 610 499 46 77 229 780 184 127 952 352 193 906 214 679 512 537 855 11 210 853
588 46 522 142 142 217 963 509 120 953 908 391 726 248 842 943 518 775 516 268 717 771 361 344 949 904 379 562 565 247 784 919 339 363 149 862 29 831 905 705 137 905 835 249 875 456 387 422 651 353 824 262 784 599 902 577 458 277 648 215 217 180 321 415 320 214 25 854 532 973 362 708 529 764 50 468 979 114 820 437 395 160 998 804 617 767 580 449 864 676 103 271 407 574 514 726 315 287 275 939
995 102 258 183 708 274 542 84 409 535 890 125 858 863 230 838 132 795 818 992 745 248 413 200 155 118 658 552 284 161 382 644 394 631 682 70 832 643 931 762 123 182 298 907 56 81 995 299 879 449 72 839 212 830 496 312 779 286 746 837 486 119 148 164 627 409 772 395 279 459 816 664 974 626 409 415 970 16 811 63 639 967 820 108 764 914 525 511 952 762 652 246 550 375 602 189 913 717 372 602
375 388 798 379 1 371 715 550 475 409 792 582 116 584 483 758 367 572 941 475 990 128 138 828 513 879 370 33 787 464 684 906 806 911 946 654 182 184 733 708 3 304 173 847 333 162 394 562 581 755 36 774 899 592 877 597 784 44 871 583 594 546 489 633 172 737 433 752 653 689 734 383 368 10 877 834 907 148 74 821 616 424 883 470 978 306 722 850 346 818 20 900 263 274 240 575 171 406 848 182
725 390 546 640 954 219 996 405 356 159 524 840 658 236 645 166 929 39 174 897 194 67 63 967 193 688 605 714 525 759 343 260 719 609 373 83 347 502 581 646 113 0 167 680 615 514 746 117 723 944 153 845 563 551 992 89 345 286 281 566 194 157 458 437 20 764 327 484 954 715 391 622 851 157 606 726 514 212 545 313 638 124 143 693 662 113 526 164 472 148 609 532 502 281 710 968 722 816 685 596
100 125 882 669 116 195 421 638 429 555 682 547 846 484 849 267 199 910 432 416 239 224 115 685 93 788 473 779 676 548 994 115 138 789 33 575 318 532 281 792 947 468 33 949 151 440 615 370 517 625 855 416 59 981 139 618 181 65 226 583 546 630 649 880 676 30 905 393 427 312 573 717 595 121 994 217 579 128 856 272 596 627 574 633 366 173 378 742 911 611 67 502 574 105 646 756 749 715 123 846
738 594 479 492 399 692 153 817 148 457 403 192 166 298 633 771 425 644 137 898 655 843 984 551 576 134 699 529 669 160 203 130 788 255 438 154 440 858 919 983 112 310 975 591 41 671 42 631 831 245 690 131 236 613 942 828 710 167 207 703 510 262 818 492 35 136 648 208 89 52 37 721 854 414 964 634 729 337 978 826 922 38 702 28 913 167 886 629 907 371 909 396 214 47 399 152 877 268 145 21
459 617 653 980 441 591 617 630 162 499 444 836 496 263 134 336 61 880 19 90 535 766 794 805 327 322 258 186 473 135 634 733 334 368 216 521 386 606 230 705 479 875 748 265 758 820 841 903 48 158 445 351 582 873 936 810 944 376 372 476 975 800 981 433 888 232 284 266 775 952 856 715 568 997 406 972 210 700 103 283 366 340 904 108 315 879 431 444 94 453 75 221 963 208 511 906 368 834 967 791
870 1 846 276 122 607 8 315 934 808 308 614 586 134 276 80 478 398 451 446 634 101 347 928 744 917 117 980 673 153 699 371 439 860 984 45 741 755 924 917 600 756 238 327 320 738 155 518 569 325 65 557 862 956 182 918 327 509 640 39 569 978 235 698 382 361 499 403 473 924 968 623 505 566 787 46 583 717 522 993 446 32 515 900 293 306 880 975 162 21 392 69 980 152 757 612 540 817 234 427
37 733 267 752 150 225 281 246 652 373 579 184 488 458 371 91 288 927 149 833 991 824 75 715 976 3 897 890 431 638 805 878 152 296 370 413 726 571 541 975 544 233 756 223 428 46 291 977 66 27 263 550 862 156 712 65 530 906 695 129 509 393 557 400 982 268 756 6 210 238 491 498 728 782 270 887 227 130 740 982 389 618 201 480 389 579 105 197 911 107 820 987 867 719 373 993 721 337 905 789
716 322 138 270 352 827 963 700 680 371 264 926 785 336 770 262 152 529 1000 519 65 725 946 261 407 251 719 687 230 385 752 350 10 969 189 350 834 962 985 872 329 462 649 239 889 995 342 563 301 331 77 638 667 460 95 629 179 170 406 874 952 332 9 889 662 955 660 26 227 670 589 178 590 925 535 724 806 310 279 149 302 660 132 202 857 335 662 903 736 185 390 930 945 33 794 679 801 954 709 996
409 101 364 188 246 556 499 648 969 247 530 436 851 543 129 468 740 387 741 514 473 707 686 272 247 233 456 930 816 330 449 759 805 653 468 966 352 663 470 552 996 999 875 893 419 88 116 605 289 628 693 94 949 14 417 601 747 1000 701 124 267 240 154 35 181 284 46 483 436 415 724 565 718 35 254 853 209 88 989 406 497 341 544 215 173 799 928 34 62 216 122 893 939 976 727 177 714 863 365 952
499 195 536 398 729 714 404 572 925 97 529 539 904 141 791 5 965 39 259 554 235 46 61 208 144 151 817 600 23 902 564 172 112 443 405 304 539 199 187 478 152 519 607 885 230 487 78 801 564 159 5 922 87 77 519 248 325 426 658 853 440 85 461 649 816 945 806 599 314 34 585 999 540 818 257 739 883 712 971 265 257 648 126 508 11 910 373 103 277 246 106 479 418 611 115 730 735 957 761 69
775 734 147 786 139 522 993 917 255 513 156 847 634 938 506 308 334 712 57 26 613 18 509 996 370 758 156 191 204 461 521 963 779 29 695 898 891 819 121 957 818 461 1 820 762 227 368 294 60 964 493 185 759 962 853 779 270 112 674 74 202 737 543 315 773 28 508 276 24 624 747 831 646 988 134 703 507 411 760 340 536 450 517 925 618 682 624 613 154 46 773 580 167 928 464 562 901 23 934 106
7 906 211 575 602 373 589 483 936 531 637 120 492 913 875 801 827 15 651 41 949 488 446 985 87 362 514 890 609 786 667 804 196 569 842 109 203 81 401 24 809 993 533 648 838 784 428 735 230 421 218 59 458 919 558 963 536 87 114 36 776 648 602 407 145 867 105 647 431 400 954 727 451 895 348 920 923 256 974 485 341 431 200 383 451 742 502 59 265 841 704 693 73 152 578 968 710 176 686 814
855 595 924 725 470 49 739 661 753 414 355 262 79 555 474 226 197 409 482 626 349 856 664 307 152 23 455 368 2 159 551 90 152 196 270 733 667 996 763 932 417 711 679 616 531 556 378 827 104 165 661 617 988 679 265 488 822 907 369 108 591 648 140 251 327 263 393 773 941 736 303 208 285 403 816 484 100 400 2 740 704 775 452 709 193 185 567 98 648 989 681 790 907 909 347 73 945 292 354 853
883 916 884 826 246 131 914 576 928 969 368 672 820 228 478 798 219 498 567 470 394 408 471 628 910 180 6 169 623 397 535 348 613 495 993 794 515 402 248 452 955 893 298 205 700 274 740 83 288 359 294 251 775 658 516 230 186 504 871 469 38 158 936 518 48 554 26 880 648 804 828 528 590 742 430 763 770 874 383 783 220 414 414 32 572 165 959 251 637 630 235 979 752 467 507 568 902 976 354 164
28 204 477 997 93 789 764 287 444 179 79 186 634 748 619 706 715 280 801 168 384 224 895 416 9 507 733 15 432 104 552 396 692 494 927 578 477 697 306 376 457 536 104 718 41 796 946 535 933 622 261 691 668 850 1000 592 276 285 630 35 26 855 575 136 922 333 296 24 502 947 899 631 467 103 305 61 574 591 227 718 212 689 454 248 968 575 831 644 865 596 133 708 157 693 242 769 342 835 632 750
213 659 248 667 532 748 371 165 209 51 60 239 897 163 796 70 526 857 508 420 954 127 635 135 309 233 260 338 324 111 395 637 77 580 759 364 113 164 544 140 281 602 9 11 62 266 179 303 50 150 60 743 199 455 515 69 508 391 219 244 664 749 805 804 284 399 140 601 84 291 390 239 39 724 448 256 592 52 230 307 544 499 232 109 771 124 680 571 341 847 454 706 858 644 939 383 647 656 396 156
222 31 423 818 986 510 49 128 108 174 840 531 994 108 563 325 292 265 89 160 312 524 249 381 743 704 191 263 387 31 43 566 683 651 486 811 469 692 78 509 557 604 552 901 830 124 943 363 316 606 0 444 235 208 622 571 663 336 36 263 198 704 773 540 841 232 952 33 52 808 794 282 755 437 773 737 196 226 736 575 238 238 36 859 880 622 730 367 161 987 367 762 768 722 492 649 950 814 849 352
460 57 575 589 738 289 805 749 606 829 506 535 316 881 266 104 584 732 548 650 664 220 873 834 313 307 498 948 650 250 310 165 889 54 123 715 961 570 926 311 317 691 60 764 633 198 491 780 254 712 768 536 22 119 131 345 279 599 296 259 270 340 38 810 865 692 445 585 66 854 655 497 798 175 112 258 732 224 937 201 749 548 658 579 761 195 421 383 634 204 444 663 609 348 325 342 164 416 67 835
253 383 396 683 535 436 956 51 809 341 137 185 873 550 603 151 825 971 923 583 79 412 166 809 330 981 348 720 231 604 434 538 352 696 640 887 351 642 854 13 842 390 543 101 932 329 586 592 205 713 407 271 218 924 83 851 383 461 861 360 319 524 556 988 961 523 13 303 5 90 850 922 487 611 30 71 763 784 31 298 576 847 682 765 808 193 629 585 84 655 604 47 323 213 903 536 254 19 231 419
636 387 136 116 467 552 847 79 237 570 162 946 520 994 226 605 859 109 262 630 8 688 995 990 355 372 574 489 735 466 393 132 34 442 88 590 584 268 730 766 889 151 5 701 742 532 272 3 236 544 422 937 284 881 745 195 177 621 250 663 543 964 737 607 575 844 735 530 476 574 277 388 809 1 291 753 641 717 425 853 95 893 360 672 33 31 131 510 729 858 868 635 453 301 546 762 304 373 11 67
208 203 283 282 135 532 697 710 788 953 423 746 496 516 716 167 558 831 516 840 484 977 585 781 788 36 113 2 891 748 342 847 85 705 80 928 570 154 884 665 15 807 427 705 635 346 618 218 160 336 212 442 879 257 308 131 928 879 824 885 377 37 286 62 110 975 421 228 954 819 121 419 408 862 270 664 635 470 914 862 885 215 15 735 802 209 683 660 154 631 303 774 898 708 698 338 977 883 802 844
852 699 807 870 430 986 749 498 247 586 950 583 640 839 306 527 707 390 669 378 835 15 445 225 906 219 101 802 915 181 855 541 553 327 504 678 457 47 828 729 614 549 113 456 206 607 200 23 859 793 974 466 46 307 289 193 503 368 953 493 679 995 89 676 840 822 392 894 590 235 622 227 845 470 359 734 860 890 280 959 297 724 728 982 223 67 50 752 449 177 289 989 440 211 821 580 628 505 162 918
110 454 816 334 977 696 753 78 185 96 988 462 427 971 326 642 34 726 30 149 435 92 812 758 956 495 554 520 529 574 264 515 238 382 176 561 421 112 784 521 309 826 302 536 278 680 940 453 373 946 253 158 687 234 429 315 205 633 251 187 356 680 620 996 314 484 929 881 50 208 216 27 929 210 185 217 464 753 575 62 211 477 626 259 749 353 407 414 193 287 977 726 902 115 974 409 115 991 583 952
729 548 386 85 924 22 988 507 533 394 725 197 322 875 216 350 577 245 698 459 543 256 558 295 65 794 681 322 338 485 388 174 345 640 596 128 666 836 223 900 129 851 239 482 289 242 467 486 826 433 30 626 560 276 49 361 577 362 409 675 282 835 803 11 618 534 604 250 219 885 368 419 976 876 289 753 89 890 848 226 740 473 420 45 472 9 668 226 457 912 320 92 852 199 844 888 89 848 818 793
514 528 261 668 50 193 857 963 504 205 683 618 309 598 551 76 403 774 331 491 730 554 243 344 295 625 793 861 818 126 590 763 420 454 836 299 44 390 973 495 860 352 561 496 61 760 392 347 50 21 897 892 936 392 922 111 455 910 363 988 93 993 617 897 688 973 977 173 98 449 532 994 711 442 399 329 58 747 179 5 255 731 82 160 751 868 379 159 830 946 389 805 594 313 609 365 750 997 735 729
459 699 199 685 550 885 516 52 914 146 156 890 698 662 718 272 973 245 590 157 988 598 330 454 116 268 678 311 908 578 747 535 196 270 422 858 105 113 895 201 708 462 818 321 961 51 837 477 767 177 464 196 783 34 146 671 131 78 403 104 781 647 147 901 221 167 158 460 299 338 439 38 173 398 703 151 834 905 580 363 929 491 289 262 170 879 37 599 316 771 137 731 708 232 865 624 58 614 157 338
936 442 529 468 896 309 567 816 622 234 920 51 491 718 257 159 359 256 686 294 265 493 209 230 333 380 742 497 615 586 385 718 940 281 697 742 262 92 568 448 381 607 870 691 361 869 273 775 903 120 5 111 238 683 466 857 530 598 328 467 362 954 566 69 775 843 370 171 756 71 236 789 512 848 713 327 671 210 233 858 188 895 794 256 963 446 169 107 792 981 909 731 506 530 91 168 123 516 216 749
489 679 25 303 160 859 610 929 17 404 523 902 920 763 564 61 191 756 743 765 918 839 734 890 729 202 232 745 637 266 996 367 641 431 946 748 742 747 994 610 187 915 407 187 258 765 403 598 993 449 617 549 540 725 821 101 572 609 140 440 411 172 961 709 882 61 183 292 985 744 982 845 596 49 688 416 794 767 469 881 369 428 574 964 648 724 441 91 449 527 770 775 920 938 368 212 339 63 967 379
642 837 188 590 967 248 398 397 597 699 873 577 394 243 720 288 484 78 23 262 733 468 146 878 796 15 838 697 247 259 429 912 519 357 564 159 516 771 773 656 847 731 216 173 769 91 174 135 968 41 948 875 829 429 847 247 941 438 69 339 765 638 274 6 26 587 510 455 508 910 929 216 166 321 843 52 950 975 939 412 688 142 475 348 500 731 958 718 289 6 961 189 582 690 828 420 840 470 143 232
35 552 961 733 664 569 681 700 432 991 885 330 408 148 489 535 825 965 331 816 499 848 718 440 206 851 973 921 615 21 849 395 160 212 738 444 228 705 95 827 771 834 187 494 310 429 131 689 69 104 578 395 234 575 167 469 578 39 896 92 922 321 478 90 288 864 562 624 330 567 354 970 85 820 201 47 897 110 370 40 751 903 314 260 293 822 366 599 348 336 734 702 292 533 558 281 709 644 862 588
594 634 245 144 236 408 279 346 434 866 101 505 168 305 377 601 473 870 911 38 474 792 368 256 819 183 335 170 670 646 47 644 892 275 715 976 576 961 53 10 936 477 180 245 93 951 116 685 117 725 481 305 821 402 352 522 816 749 877 972 356 691 164 345 41 883 613 849 832 109 352 365 885 14 278 489 383 702 202 222 948 692 417 741 519 407 962 545 593 1 311 416 586 775 816 183 733 562 17 913
952 387 288 72 73 718 614 906 379 563 554 173 876 293 403 162 163 824 87 90 415 893 864 75 495 264 668 858 964 313 935 745 748 394 5 45 362 675 667 298 943 757 492 945 324 580 350 459 249 739 58 10 92 745 205 796 651 546 818 72 372 922 963 664 760 154 796 870 483 456 328 62 559 679 415 41 192 324 278 624 427 551 799 156 749 609 269 449 110 999 853 213 978 14 4 391 815 933 62 447
299 259 564 880 804 454 510 895 858 941 694 159 225 88 825 1000 849 295 771 720 331 757 274 873 60 540 738 621 418 404 787 633 737 961 865 497 423 273 397 598 480 176 351 479 367 213 444 341 168 947 949 470 479 553 408 717 84 932 947 943 110 274 312 847 453 360 858 236 895 120 444 124 360 284 14 580 467 71 56 818 537 331 948 306 63 558 376 898 156 834 60 466 985 505 311 526 731 782 4 731
670 931 42 968 698 50 495 689 611 748 448 988 93 465 984 693 210 835 111 589 379 662 363 856 805 362 331 490 221 893 114 824 56 256 540 79 645 415 174 181 381 829 144 656 598 894 102 263 499 224 711 226 467 995 972 200 946 173 372 1000 307 793 622 53 177 158 945 621 603 892 875 237 460 180 806 612 547 417 497 807 966 269 830 501 507 249 831 907 388 398 714 364 328 79 23 676 959 925 654 595
501 407 291 18 703 803 630 408 157 96 828 269 236 60 296 972 342 750 287 722 453 866 797 634 851 808 612 592 924 346 959 372 701 619 690 271 408 277 340 441 506 144 649 298 411 40 214 263 832 32 843 994 874 739 884 115 571 354 820 176 179 681 181 287 557 832 639 829 164 941 423 123 237 854 684 760 849 660 615 38 982 774 667 195 512 156 329 622 616 471 196 9 50 287 776 940 979 304 926 518
70 33 374 509 802 713 864 463 310 675 878 956 576 904 134 189 371 866 843 274 457 92 762 476 491 118 98 644 289 918 616 228 669 331 108 788 31 182 885 124 926 818 70 788 851 520 744 286 232 565 987 87 865 822 166 58 123 273 129 512 33 229 207 78 122 266 623 189 893 299 250 632 961 159 40 134 299 296 846 906 412 560 668 384 781 733 282 85 215 560 995 269 941 132 67 893 78 660 316 29
584 614 515 846 397 78 47 720 122 309 328 506 938 326 359 687 566 260 470 38 719 500 344 120 572 423 960 19 642 593 341 683 615 794 291 400 733 245 273 685 786 930 794 366 391 774 247 711 816 464 592 307 183 725 635 804 613 428 641 904 128 740 964 136 895 711 601 651 748 349 369 625 801 702 531 569 694 887 258 923 943 157 290 624 140 784 735 532 256 933 980 204 485 154 660 884 791 959 835 632
987 389 356 134 291 289 263 113 526 56 539 360 283 35 377 984 440 428 337 301 30 54 180 256 191 973 615 317 600 692 71 883 337 289 974 390 863 810 20 78 505 201 975 708 403 417 687 914 514 174 269 409 697 769 73 502 302 846 991 893 591 984 529 194 94 958 900 417 627 806 615 585 477 731 77 460 506 373 533 559 655 974 456 210 239 582 329 578 139 990 231 744 839 228 720 991 823 841 104 825
231 874 313 550 323 579 340 515 902 174 805 173 340 384 516 47 0 982 837 6 889 67 664 396 680 341 857 739 23 740 843 550 798 857 228 680 984 346 45 139 775 835 947 287 456 4 704 663 872 422 728 326 539 21 794 835 114 955 809 776 404 128 393 171 695 366 843 784 621 570 308 321 143 23 378 150 681 955 772 819 66 580 100 513 5 360 355 117 641 989 429 380 596 736 28 402 758 607 268 932
770 137 175 881 567 823 143 980 490 66 177 375 991 884 421 847 784 569 451 793 278 166 753 313 324 702 359 906 686 910 641 114 25 170 198 232 675 490 465 176 808 834 82 84 385 95 749 223 96 541 132 532 571 676 839 550 731 29 413 466 298 982 993 87 251 583 883 862 201 308 300 103 770 964 954 929 604 612 477 580 702 965 863 449 230 646 338 777 522 511 861 694 833 785 774 215 149 71 464 689
381 637 82 254 501 861 224 797 701 674 3 218 676 71 575 489 907 242 853 176 516 78 987 891 34 709 507 578 604 714 738 413 929 882 36 923 445 643 792 485 442 790 847 620 706 176 492 340 988 761 565 631 722 203 57 755 400 725 841 614 827 296 540 266 368 533 975 521 869 572 866 611 168 944 34 873 955 971 956 26 540 30 535 9 800 50 470 59 523 833 60 992 661 716 855 426 720 622 659 670
820 387 538 705 792 474 987 297 286 544 48 948 372 132 73 414 383 77 363 169 442 490 822 144 950 130 962 653 300 346 513 741 634 470 752 482 953 918 116 961 191 674 610 450 498 152 413 665 141 438 596 901 262 853 196 393 183 549 539 762 212 727 925 130 790 443 943 414 729 2 998 941 599 61 500 484 60 747 606 498 748 823 781 659 38 840 531 39 326 1000 107 434 426 626 948 844 263 440 378 304
994 783 966 345 775 547 325 736 49 852 161 345 905 882 242 415 465 560 933 917 994 507 752 568 99 62 953 634 58 247 632 428 182 469 713 527 783 313 475 792 660 421 603 543 930 964 337 531 912 478 626 875 970 404 172 669 167 738 294 17 130 512 690 166 270 793 741 399 478 606 651 93 586 628 650 26 563 398 381 855 215 173 478 275 336 585 410 41 825 189 678 771 683 143 362 186 46 72 893 980
387 117 143 51 62 135 414 76 382 518 709 761 903 125 132 369 252 972 771 323 895 780 284 199 314 376 197 12 155 49 418 368 794 733 700 886 980 764 598 818 179 436 998 799 589 814 463 733 208 817 414 706 795 303 421 249 511 295 905 312 807 870 632 462 654 761 419 63 961 890 684 486 516 655 200 753 368 266 206 566 402 652 282 82 78 136 227 790 857 144 511 894 731 957 853 746 20 847 345 750
104 492 160 217 951 220 443 415 263 49 317 351 333 466 877 423 894 197 320 636 255 475 688 673 277 398 965 96 966 961 175 741 19 496 342 918 797 655 195 738 876 566 908 748 758 144 951 849 770 687 166 892 567 805 281 602 903 72 481 124 944 497 645 829 283 459 357 181 996 934 766 119 412 691 481 34 403 582 576 861 290 368 825 499 945 161 587 254 917 68 478 141 397 749 964 497 988 846 1 322
707 500 370 329 380 63 102 832 748 864 16 910 160 513 213 493 95 906 492 866 27 419 862 395 162 288 252 588 704 654 1000 989 603 435 518 331 734 840 220 935 637 417 570 828 727 720 141 349 335 932 619 18 247 16 360 240 694 934 613 668 671 171 129 282 596 615 894 874 465 71 307 167 446 304 507 859 566 942 939 744 823 149 360 245 314 319 947 363 459 440 712 874 563 94 828 605 35 102 608 319
288 903 198 776 464 787 694 161 657 296 228 242 977 729 69 889 805 260 221 961 530 999 931 29 393 434 773 680 247 538 24 314 5 284 109 517 130 758 18 381 794 436 888 377 188 357 282 776 903 534 351 168 192 668 290 339 941 465 735 962 732 824 387 579 54 174 912 285 733 268 907 467 591 942 39 479 260 357 790 186 723 987 658 722 719 593 545 99 28 542 62 33 453 439 940 279 128 115 271 469
600 219 335 980 517 343 553 300 844 194 303 21 185 911 998 172 867 787 983 749 214 846 386 399 544 752 140 540 159 476 332 137 939 757 20 222 660 53 218 991 497 32 780 872 664 691 222 388 612 904 203 588 747 542 756 139 151 763 342 555 104 996 991 100 588 213 792 264 470 420 266 144 225 126 261 47 603 621 845 564 938 317 517 50 265 158 776 861 91 772 560 506 377 726 795 47 303 183 100 372
749 105 302 683 911 604 28 236 855 378 272 740 189 347 277 371 489 281 570 502 374 600 489 991 142 284 655 376 776 82 895 313 250 212 917 811 632 542 392 337 802 996 748 857 718 151 3 609 350 778 366 718 877 212 222 675 191 699 78 978 519 666 697 97 335 854 165 986 812 131 973 928 710 650 314 220 114 226 73 35 902 513 512 673 730 729 120 734 277 584 360 277 455 638 516 370 28 620 326 595
605 302 784 448 543 45 644 917 730 853 846 252 77 614 204 373 972 246 345 752 191 816 59 645 801 179 643 993 712 568 369 700 504 156 464 426 482 666 288 687 115 642 977 7 272 776 966 337 403 834 738 90 755 566 977 69 138 934 322 908 614 471 142 662 562 934 359 9 618 366 867 462 95 650 676 477 240 75 647 782 297 119 561 80 399 600 547 406 663 109 179 880 765 185 330 544 606 819 622 71
87 965 612 440 391 894 12 460 137 401 464 914 792 920 511 849 758 185 723 246 714 744 700 867 768 577 794 295 921 369 234 723 560 79 151 794 634 817 156 475 465 316 746 846 173 980 858 960 520 953 169 52 861 685 527 255 535 728 507 736 282 892 44 691 469 153 169 330 757 211 790 223 218 266 671 948 56 898 115 615 374 825 480 579 111 16 973 548 482 662 115 816 978 622 954 519 639 683 987 191
812 907 640 973 579 869 602 65 541 982 967 117 700 865 360 370 266 653 29 729 773 774 87 765 323 832 107 147 946 346 746 54 567 362 654 402 783 659 338 403 555 85 870 410 921 40 506 624 5 415 112 89 931 667 61 727 653 283 819 726 734 249 82 121 947 529 906 923 51 76 278 151 683 878 455 354 84 559 344 944 501 898 65 536 953 322 691 170 156 272 711 828 204 864 248 512 383 147 891 574
949 454 211 285 755 383 353 722 683 931 1000 257 243 410 338 440 596 308 351 960 203 319 235 938 901 227 914 390 85 19 630 224 765 148 639 679 978 273 141 557 226 390 972 80 780 710 188 429 791 174 1000 399 235 223 217 125 102 452 144 411 568 385 674 359 370 429 11 823 680 743 325 856 776 631 1000 450 770 841 566 581 973 291 427 568 250 132 999 608 809 189 909 951 269 629 4 190 425 764 295 927
926 193 285 4 616 790 77 488 389 258 409 166 487 247 780 847 800 835 637 969 782 282 932 368 2 925 966 430 192 893 826 521 983 965 365 577 761 49 467 363 719 758 967 402 897 735 723 517 872 11 550 248 971 614 982 195 946 807 686 72 912 183 313 917 956 87 398 198 684 316 127 985 473 669 343 249 685 404 865 903 998 859 437 385 420 296 370 742 22 952 956 740 761 477 92 833 839 99 881 361
344 952 303 249 821 292 0 608 43 614 349 784 718 152 559 370 169 572 975 297 754 862 914 352 319 27 435 66 796 888 280 339 73 169 860 471 26 476 215 932 283 84 955 266 818 40 990 932 392 375 210 606 577 520 300 581 335 907 619 861 611 421 483 392 782 764 518 497 29 354 164 850 184 847 328 889 569 157 164 215 536 165 584 310 956 186 709 961 457 669 212 414 491 131 671 322 70 352 11 569
932 55 931 89 386 653 192 458 667 308 714 621 934 313 768 164 113 297 129 43 434 870 629 744 657 295 392 657 557 546 453 791 309 893 469 875 444 284 710 273 498 330 456 721 551 536 170 244 179 221 282 117 750 604 586 859 678 587 497 584 326 215 26 827 774 147 47 125 174 723 960 87 605 549 510 915 133 827 712 357 689 902 192 381 419 760 823 474 75 846 332 171 596 790 997 703 687 640 472 66
139 903 687 15 848 187 53 861 155 613 794 894 463 619 148 10 579 632 144 966 528 904 776 849 59 882 146 675 526 862 688 676 800 325 747 947 677 774 359 756 10 778 348 18 703 213 709 839 646 93 891 626 813 949 447 496 2 59 53 461 126 25 692 830 402 439 533 356 685 437 408 848 391 945 901 871 384 1000 728 628 571 615 208 800 926 227 530 544 454 539 351 740 908 509 653 407 393 336 98 878
504 265 185 199 921 334 868 91 55 913 211 931 415 762 911 408 684 25 289 320 222 87 219 416 688 597 153 274 738 147 888 64 412 859 488 610 776 772 616 598 84 183 762 96 982 950 961 198 565 25 207 359 309 882 940 109 68 626 854 829 11 339 821 523 741 428 841 17 498 355 395 118 797 517 332 416 713 155 35 371 887 259 742 602 709 782 267 165 194 112 226 840 436 655 416 713 906 871 960 417
780 879 9 433 50 284 850 206 271 484 909 965 168 871 494 537 292 684 534 799 135 762 661 879 272 381 983 36 147 431 542 719 163 639 73 558 978 428 985 697 127 552 933 232 965 751 179 345 223 156 359 834 248 213 562 615 310 610 697 916 218 319 276 380 124 337 55 756 358 515 876 77 737 582 340 843 581 857 976 778 89 898 386 283 394 943 674 762 638 125 439 483 945 332 518 867 711 626 230 920
274 633 129 162 186 603 724 192 149 651 493 858 687 77 345 980 951 68 879 949 879 949 596 199 6 301 725 771 108 816 307 65 29 480 470 955 69 643 37 386 981 710 795 855 863 429 5 715 640 283 49 448 765 502 337 241 619 809 434 178 8 21 491 303 949 660 45 899 824 963 376 670 769 740 232 192 506 127 505 577 744 284 488 307 558 687 422 652 490 444 821 872 835 537 121 487 516 382 150 990
5 445 394 38 935 171 230 633 448 571 503 686 752 582 835 47 536 77 4 104 966 444 54 526 474 355 551 671 991 39 25 888 146 855 399 803 1000 211 860 970 942 236 795 244 72 150 647 295 463 912 87 850 967 914 687 566 483 407 434 135 612 448 743 182 70 730 370 492 658 39 458 855 148 146 41 237 940 457 564 730 233 439 294 714 120 969 390 287 774 539 39 133 620 622 313 1 382 597 598 566
427 258 40 32 550 101 342 56 547 254 593 906 240 573 688 959 618 479 768 374 351 343 328 390 898 571 32 755 139 533 989 367 357 399 507 86 351 84 753 163 216 209 814 476 484 200 276 830 481 931 889 753 638 692 366 633 801 609 307 766 271 31 491 672 224 584 496 164 136 317 715 296 436 27 360 289 892 645 46 431 508 811 979 241 641 627 338 319 876 202 536 489 232 221 261 904 611 469 282 592
640 650 70 493 888 433 138 685 530 152 461 537 119 145 642 799 982 83 518 205 74 951 861 22 527 773 459 153 309 57 508 781 25 63 601 261 659 76 933 300 283 382 467 140 776 589 26 991 736 96 644 447 79 79 475 488 13 339 108 311 327 473 100 207 643 841 208 430 821 230 91 78 540 606 537 511 806 201 189 307 633 225 218 160 399 880 737 292 620 825 695 335 7 252 460 812 588 700 512 871
658 770 227 679 261 709 58 954 325 385 355 940 746 271 635 765 212 607 944 34 199 180 487 108 85 609 507 309 297 36 43 929 916 588 609 42 624 952 100 644 585 156 46 799 52 602 624 520 859 815 631 945 925 736 40 672 332 691 961 687 665 411 446 63 819 884 497 502 147 24 976 928 260 463 411 932 877 384 375 415 693 848 822 512 382 991 620 148 593 392 937 875 866 527 849 511 569 261 538 957
869 350 991 713 797 702 737 58 213 134 801 58 452 757 205 361 332 761 944 824 875 207 544 949 217 589 620 543 889 273 177 940 690 623 384 646 606 768 518 358 448 44 352 690 111 858 103 174 403 181 302 149 831 560 987 57 914 912 563 729 696 764 32 328 225 170 728 218 903 919 266 540 460 507 793 973 23 255 361 500 747 460 338 179 461 423 543 993 3 792 831 428 755 43 539 756 840 938 319 285
235 498 951 798 329 28 500 22 903 525 336 388 675 607 155 608 192 431 121 696 506 33 998 550 254 882 312 44 439 234 446 322 633 949 564 748 204 309 832 873 436 320 793 888 383 665 77 571 815 53 106 917 35 992 569 580 66 106 545 520 628 451 57 211 491 767 713 577 900 740 153 913 407 980 841 740 88 294 769 217 148 932 335 184 310 850 560 973 799 584 44 930 962 982 652 893 346 750 940 763
572 870 168 988 454 260 212 362 62 586 889 300 298 339 22 506 630 226 819 603 129 996 342 711 410 615 956 226 365 630 841 117 632 653 331 504 381 816 611 881 966 401 304 355 105 714 173 987 878 661 86 888 794 501 958 716 551 178 566 854 368 230 661 308 7 622 176 19 483 650 368 915 724 746 64 30 590 951 361 204 991 107 880 64 274 972 231 641 791 841 350 866 637 564 95 859 604 901 924 628
962 15 333 691 89 817 332 138 970 352 464 308 712 938 693 200 745 384 223 693 33 838 746 351 152 707 809 12 585 399 87 938 634 262 503 552 520 858 884 923 129 60 387 42 772 60 88 192 911 823 925 15 215 858 393 174 302 683 344 530 789 984 338 59 641 864 68 838 70 363 378 770 691 958 490 472 114 546 324 566 21 470 517 950 334 305 589 67 325 522 726 916 127 454 871 876 688 799 875 928
876 816 976 815 202 326 979 373 76 760 319 805 625 780 508 25 713 283 222 572 449 901 313 138 619 365 485 986 42 345 539 458 549 380 508 699 481 933 783 435 112 737 629 524 964 25 713 245 589 23 936 427 206 772 961 545 865 701 934 231 423 913 621 617 439 455 797 359 541 503 875 511 528 502 97 990 266 264 421 549 33 506 773 335 529 237 364 178 559 33 147 476 83 556 694 422 590 307 621 14
636 603 199 483 522 643 682 107 665 99 344 562 820 581 845 523 655 314 157 420 777 115 541 901 938 277 86 485 985 360 983 179 584 997 504 278 545 90 226 54 908 41 693 24 69 406 310 760 768 338 745 108 829 811 430 377 553 866 1 104 703 441 988 380 70 364 5 442 649 27 233 407 985 630 610 479 65 638 106 714 348 81 14 52 325 642 520 711 2 906 730 763 531 743 818 23 745 522 139 127
264 591 77 745 324 980 122 186 631 66 65 97 385 287 446 534 324 534 543 352 114 347 316 861 493 219 531 485 602 716 209 257 117 552 723 399 580 390 508 354 823 903 134 627 450 799 861 813 686 129 653 735 29 701 605 660 976 188 470 436 9 986 280 701 907 626 854 881 875 296 743 367 430 94 926 256 954 91 914 960 559 918 831 829 88 683 149 91 985 722 612 615 544 627 725 338 336 248 169 789
722 621 651 495 428 351 475 505 182 614 530 508 350 662 4 396 838 349 23 396 698 654 539 29 582 200 553 455 692 101 320 81 151 207 827 139 689 30 457 664 309 698 491 705 253 514 861 801 801 214 386 955 605 473 995 160 999 438 611 314 621 161 481 721 698 233 28 382 696 161 364 433 299 787 821 784 232 871 652 782 346 455 925 191 775 896 263 820 621 878 110 226 278 142 274 944 734 205 532 593
219 761 980 639 390 32 974 322 676 692 579 209 700 336 374 588 630 33 296 419 920 541 983 972 808 943 713 945 690 272 302 175 340 714 545 908 177 757 19 240 561 666 860 438 954 207 560 860 630 367 984 616 994 716 49 644 425 995 986 784 458 933 715 647 753 402 116 604 25 903 618 571 390 613 915 843 818 637 328 158 330 911 649 341 791 665 493 605 595 699 443 257 14 574 221 80 103 895 672 560
446 70 373 277 299 212 700 566 441 533 240 43 554 337 860 999 180 320 17 85 766 246 778 451 733 305 659 363 506 658 904 330 7 334 1 272 245 261 200 718 756 739 22 630 329 495 404 264 213 234 675 322 234 415 649 21 585 382 954 94 311 324 591 8 655 977 888 561 768 196 228 501 216 844 616 752 130 611 618 603 419 169 693 605 905 841 591 393 906 619 560 203 774 717 57 312 12 408 549 879
817 571 135 720 529 340 987 544 545 515 406 909 259 203 387 824 345 226 881 374 879 241 652 1 966 69 635 554 411 753 452 957 143 329 323 938 475 314 963 175 153 145 291 494 628 116 971 266 9 35 157 622 366 745 424 434 701 903 946 781 110 403 50 20 268 262 4 259 271 74 42 906 297 985 715 426 268 506 579 582 78 353 820 730 695 994 979 239 798 375 41 343 585 654 404 212 424 455 239 22
699 698 51 4 372 432 167 644 798 934 646 943 29 646 979 478 768 325 970 4 692 959 985 362 424 474 557 275 250 661 284 510 416 492 21 714 901 165 694 334 902 300 786 634 828 599 622 530 896 699 523 41 401 766 904 646 695 371 756 664 677 668 246 129 557 531 462 33 582 660 30 555 427 385 370 142 82 309 429 902 318 341 204 367 665 414 225 723 472 571 511 213 206 696 578 148 204 534 95 533
804 423 423 774 160 902 470 108 316 458 787 173 324 953 309 850 636 758 397 907 796 607 637 269 858 388 522 137 850 96 144 271 979 405 195 169 404 846 915 465 507 188 916 332 273 507 901 436 715 950 405 114 519 536 901 28 491 276 235 575 229 814 82 985 930 948 73 585 858 311 523 567 56 669 368 662 49 19 992 444 477 119 273 169 653 92 835 775 18 798 612 885 839 20 284 418 474 67 735 61
885 140 423 311 476 312 546 310 30 761 274 612 488 65 841 514 683 810 697 296 360 610 570 533 446 478 867 998 919 813 288 849 667 636 299 331 909 344 755 915 378 750 467 326 756 364 297 958 452 188 920 866 620 391 461 829 191 557 480 447 608 117 930 976 28 126 185 826 697 680 404 991 976 526 235 497 872 411 820 757 605 211 27 660 761 788 266 266 829 269 675 575 494 518 395 232 937 432 324 622
457 619 386 434 598 636 535 438 174 894 178 128 364 804 607 752 286 381 520 242 391 644 26 901 192 681 977 639 302 976 412 814 593 8 786 604 410 370 620 579 623 217 8 477 196 497 752 511 416 890 643 662 812 877 370 146 849 78 148 909 172 716 755 22 405 370 704 531 135 860 868 611 16 979 499 336 503 900 864 756 461 853 329 573 279 61 277 647 42 146 837 246 713 167 337 936 810 395 432 35
404 639 736 602 680 517 83 489 380 314 298 910 107 998 949 413 146 160 792 857 431 837 568 52 308 246 697 47 872 622 887 250 254 716 903 735 721 267 38 599 75 586 232 762 930 35 693 278 891 853 505 214 593 462 316 58 118 558 616 484 926 363 343 782 161 231 153 377 32 147 118 847 926 934 768 290 344 167 877 657 954 166 320 505 446 56 584 395 218 824 992 724 467 948 685 634 571 648 797 257
158 98 50 67 111 450 982 374 78 753 911 497 275 352 176 61 902 517 244 885 628 226 581 746 324 691 455 988 703 226 486 227 49 855 521 322 680 328 751 790 62 964 406 343 227 283 255 639 324 314 731 510 630 610 279 363 113 260 356 737 662 518 214 711 153 385 618 170 979 781 671 778 85 585 320 875 636 120 421 625 642 925 586 362 704 693 51 232 927 619 522 537 629 138 876 321 732 563 798 492
746 619 677 425 261 107 634 711 56 937 845 606 543 289 485 752 182 681 98 475 453 621 118 203 869 830 805 358 169 263 812 106 564 291 856 399 928 766 744 407 149 968 676 737 195 321 562 359 647 801 797 62 842 667 11 158 894 152 884 831 139 333 509 94 393 102 764 392 759 440 145 402 236 398 888 65 866 482 442 789 563 159 186 279 754 170 128 236 281 229 636 634 436 496 673 245 259 778 164 149
944 868 185 280 621 956 384 566 878 957 965 543 604 471 756 75 954 793 361 53 893 148 523 82 803 623 948 943 251 936 710 375 712 935 958 449 477 98 817 394 928 252 565 620 665 430 405 23 966 708 224 97 865 942 474 194 458 163 312 977 996 757 124 598 853 785 651 855 662 23 856 350 209 950 591 233 477 475 778 168 736 816 390 669 193 886 119 883 452 696 273 584 838 237 381 599 260 608 75 410
513 826 371 686 713 297 25 112 439 227 47 528 184 235 379 389 146 34 595 595 472 641 29 633 909 384 9 557 727 190 293 330 509 597 910 483 702 264 838 946 725 148 896 912 232 535 803 539 258 747 48 225 722 445 360 37 724 872 897 673 290 24 503 330 359 810 17 892 910 848 532 839 623 966 343 358 806 94 471 673 801 150 376 753 879 52 602 1 709 478 789 627 555 335 133 768 928 991 608 195
220 501 209 115 459 736 165 699 435 899 650 909 969 114 301 919 163 89 525 430 964 750 526 540 897 419 252 595 449 946 830 681 772 745 220 698 639 33 391 784 178 701 814 8 800 451 912 871 784 42 667 327 809 399 513 825 524 524 107 660 215 198 166 445 589 628 695 938 173 972 742 776 982 818 305 959 741 396 480 87 19 125 919 791 0 960 423 326 657 104 36 373 539 856 292 183 372 670 360 115
537 203 149 451 614 578 37 917 609 83 439 67 30 776 864 770 648 128 929 986 735 888 794 195 712 670 721 255 29 522 624 253 820 962 111 865 152 709 848 212 650 86 448 79 975 499 771 483 789 330 531 36 696 150 505 899 600 57 193 101 956 34 651 492 342 165 583 754 385 72 742 614 147 560 765 777 468 397 172 601 815 6 738 831 868 948 868 617 831 771 895 172 252 19 15 828 159 613 918 144
605 255 363 809 749 344 814 459 517 699 204 744 864 410 999 902 421 295 305 861 907 369 734 85 341 159 51 684 690 483 191 696 693 167 787 63 217 915 976 539 939 338 354 168 317 531 151 851 648 55 997 174 441 459 889 812 108 921 652 63 980 911 467 316 723 888 544 853 692 609 407 891 269 727 258 516 687 260 353 505 386 878 741 634 608 770 177 953 115 225 70 521 568 33 957 318 522 731 33 985
791 447 321 600 281 919 913 306 995 721 190 152 782 487 3 754 120 417 778 290 550 397 100 952 641 140 916 342 48 569 836 782 239 208 401 764 648 406 907 745 186 495 879 116 353 506 933 423 552 220 258 300 946 73 956 523 652 159 253 526 916 330 441 883 292 196 387 927 980 527 566 308 536 697 971 482 63 785 586 261 304 913 237 244 109 308 301 685 46 656 746 531 212 5 160 276 879 878 525 389
505 139 920 353 511 233 310 57 679 220 785 448 753 432 257 427 548 994 704 826 523 90 20 723 523 414 794 224 512 262 129 58 995 132 431 570 883 897 676 298 1 253 75 279 334 257 79 307 576 211 11 584 33 958 726 83 691 250 111 676 719 297 721 58 726 138 267 456 370 541 821 774 98 174 854 779 594 620 357 587 441 676 50 85 119 732 397 692 418 139 805 758 430 545 691 904 405 310 805 631
260 508 341 208 140 850 271 271 503 867 178 180 460 717 525 115 756 45 542 627 45 234 201 750 820 243 480 284 347 630 604 961 413 654 694 175 128 630 983 77 883 518 158 286 213 786 99 328 784 309 386 648 318 260 75 776 227 265 265 74 586 286 668 71 707 541 841 800 776 438 750 409 368 724 573 234 158 66 927 379 288 746 481 175 672 898 500 363 822 278 532 951 23 7 963 215 242 717 509 460
409 615 725 379 333 236 752 859 479 684 654 443 235 753 730 432 843 392 643 966 585 620 968 258 198 589 641 404 332 668 969 783 182 700 207 790 803 583 748 902 944 855 741 46 342 220 96 283 743 972 496 248 716 388 729 334 144 892 145 674 610 345 656 276 602 568 784 657 465 280 697 221 427 732 98 256 979 353 557 327 239 579 59 476 165 337 509 814 950 506 245 333 18 849 17 391 197 757 235 633
481 844 537 365 265 259 815 418 315 701 572 703 345 619 125 840 522 255 727 957 525 787 461 910 145 748 363 244 197 61 153 627 499 762 578 823 957 404 955 576 261 628 302 917 672 493 931 546 940 796 701 8 647 547 760 496 92 999 898 537 348 721 654 849 908 245 806 805 702 784 878 250 637 401 254 587 66 96 207 683 436 148 942 551 801 77 579 471 426 733 277 679 807 585 103 807 966 444 745 752
770 341 649 800 58 846 514 673 450 451 585 241 292 249 349 586 708 536 978 886 168 166 452 964 502 227 679 356 250 165 368 653 947 56 832 242 382 327 1000 629 104 917 338 554 638 189 519 423 665 123 607 421 969 710 726 27 798 463 662 396 251 950 976 320 25 460 393 217 255 978 434 862 919 622 115 422 120 136 908 76 468 242 918 795 973 480 594 81 472 954 259 749 999 100 712 321 280 859 657 421
852 110 861 292 997 599 128 856 48 833 676 792 106 748 558 175 347 903 123 890 559 15 9 594 540 46 464 992 564 468 328 630 784 538 29 598 472 845 245 41 51 781 649 817 324 787 713 453 567 888 13 436 777 408 17 978 468 743 355 392 794 547 609 420 274 141 689 882 317 187 278 666 121 838 434 966 879 878 680 666 544 191 752 227 413 717 268 522 727 207 819 447 796 93 243 430 898 120 197 696
222 730 609 540 992 504 538 87 290 812 413 44 381 299 15 940 964 344 312 369 999 822 519 946 743 943 280 995 14 33 514 455 995 536 901 680 859 571 668 519 467 246 558 771 858 743 469 713 402 592 178 902 746 86 342 354 957 546 524 552 907 856 671 767 409 114 92 486 459 239 455 490 321 758 40 997 791 406 558 172 615 921 665 389 9 270 193 407 923 3 476 100 211 875 945 487 616 737 597 305
575 932 146 938 73 523 679 170 155 715 302 792 345 886 45 887 548 164 65 628 434 925 914 842 367 914 668 555 509 749 287 800 561 517 653 923 839 37 903 130 348 789 586 494 896 279 494 952 73 122 4 262 483 771 85 261 430 160 918 143 61 652 602 496 824 771 669 857 459 812 298 798 540 659 56 770 261 318 414 862 509 759 727 843 241 548 914 720 515 111 994 966 744 889 292 926 433 619 86 641
598 766 83 413 445 4 634 835 30 731 879 895 626 745 711 165 915 478 898 399 876 177 104 158 797 400 342 643 948 141 466 959 345 113 793 874 112 651 70 196 965 139 732 721 130 722 566 262 100 256 157 409 339 938 168 691 584 298 522 27 349 343 561 318 119 967 707 941 581 484 555 234 495 119 445 540 765 686 760 672 972 708 801 378 149 101 314 162 242 811 778 682 46 860 370 656 541 400 963 246
579 742 572 274 106 925 55 675 162 49 538 838 6 43 214 100 908 722 648 917 590 238 982 553 443 862 298 434 874 562 457 791 455 71 62 384 120 730 45 529 163 78 756 983 585 961 379 963 785 15 238 787 361 543 486 905 116 64 263 818 277 550 373 572 72 392 354 759 500 186 532 415 621 96 145 31 787 738 828 805 541 383 301 248 919 790 348 789 733 21 59 566 676 538 466 778 65 245 209 54
681 846 640 380 245 799 72 794 851 104 691 496 1 163 614 836 618 928 552 692 616 173 190 526 321 723 490 39 284 741 388 158 840 252 105 844 495 306 382 557 145 92 465 198 168 928 988 41 359 613 255 17 326 762 271 422 894 164 621 650 818 561 79 296 597 589 621 460 315 416 617 585 580 774 583 190 96 807 94 292 193 443 966 477 657 538 706 530 522 606 764 639 344 431 843 952 492 479 881 55
378 631 219 28 242 21 129 425 669 997 456 860 403 120 296 472 311 542 314 741 327 501 641 240 855 678 370 186 729 588 135 833 252 783 634 939 190 771 260 254 22 386 684 597 578 446 22 149 357 421 414 130 305 356 113 703 259 7 235 960 597 430 986 899 6 63 913 237 277 651 784 638 477 63 476 415 45 24 185 121 701 359 329 729 318 63 562 760 17 135 290 162 400 299 29 541 63 713 724 758
27 984 965 164 452 952 15 840 433 240 158 914 587 937 187 41 932 362 674 628 691 533 351 237 697 850 249 611 604 293 28 534 957 749 429 214 319 974 970 661 152 2 43 371 441 233 677 151 400 572 852 412 429 448 360 233 464 810 209 485 970 821 366 999 831 758 874 107 847 837 473 229 778 1000 560 772 169 141 657 414 867 100 632 42 719 760 676 124 891 818 981 992 610 22 597 531 751 810 200 82
876 65 383 936 38 618 434 206 371 738 330 842 270 303 833 373 299 204 453 855 427 366 183 129 63 954 312 541 39 632 565 98 167 438 345 902 798 923 979 350 290 213 530 115 91 401 6 145 81 750 294 346 781 902 525 695 599 589 275 284 32 863 137 76 98 598 295 747 167 90 363 229 637 452 810 488 635 649 279 339 520 907 249 50 414 840 894 36 288 68 73 521 36 56 755 519 107 778 867 279
288 642 206 705 491 925 879 459 303 915 540 222 678 984 765 458 448 922 169 945 736 402 824 237 374 91 648 845 645 846 662 789 131 133 752 191 657 746 595 933 333 775 314 838 641 475 982 400 550 607 603 791 701 69 615 202 770 210 332 214 44 599 742 706 979 366 939 370 700 594 577 78 453 687 725 548 431 925 984 876 598 23 420 211 727 281 947 389 405 412 559 289 738 736 652 607 563 357 923 848
74 928 989 138 629 498 218 258 297 427 574 506 407 962 290 320 783 220 84 287 171 546 915 709 571 28 359 921 75 576 357 82 28 714 53 629 63 255 918 860 673 192 177 512 259 831 709 301 668 736 964 788 232 480 879 390 23 972 856 662 609 645 23 12 310 784 172 706 458 106 77 207 643 420 620 218 732 795 80 825 637 668 337 99 954 102 559 952 373 402 143 3 20 295 521 239 75 386 352 125
32 342 709 379 458 300 102 233 776 859 183 952 937 876 874 908 217 778 26 537 161 450 592 926 634 147 361 551 236 885 824 932 360 8 59 726 383 404 415 463 851 807 325 689 290 520 39 81 396 432 462 236 952 841 951 412 564 905 554 58 64 872 310 132 52 490 473 743 460 372 131 40 493 608 561 557 227 513 332 593 719 598 681 775 918 56 197 764 24 809 28 439 557 239 859 8 752 155 760 229
9 381 161 896 560 158 260 644 124 956 468 700 789 759 722 478 565 494 108 269 959 778 653 192 558 70 370 777 829 723 887 797 969 17 608 53 569 496 368 83 439 719 903 532 208 852 187 66 598 53 494 262 525 50 948 681 785 492 609 104 472 97 994 89 6 461 828 166 306 254 279 8 732 647 609 692 295 263 267 486 218 276 694 458 454 953 710 631 916 966 480 967 28 356 820 916 76 441 282 672
771 714 348 682 537 984 564 183 395 362 279 976 719 73 853 972 756 627 913 365 682 797 698 148 76 273 415 317 153 52 331 759 740 256 938 16 513 354 952 703 720 869 906 912 949 6 431 597 722 743 826 909 681 456 79 460 753 712 277 245 203 226 412 871 583 574 569 962 356 456 797 107 783 553 954 277 3 876 582 565 764 371 144 684 902 892 16 654 880 700 27 38 722 658 162 767 282 257 93 151
775 534 311 378 433 211 544 225 88 76 930 481 204 895 854 756 809 840 113 235 302 958 969 102 554 730 717 17 424 701 267 539 344 63 495 127 578 760 229 124 216 378 526 609 260 252 518 693 985 915 886 957 697 852 808 961 339 505 820 292 552 957 643 543 579 557 348 802 453 430 61 636 521 985 435 857 607 385 91 714 388 516 453 741 746 572 340 981 829 752 226 5 642 374 183 881 959 967 261 141
399 805 963 761 294 381 363 992 873 494 387 626 192 876 605 372 761 446 550 20 767 48 942 109 955 256 810 78 792 968 551 574 443 929 340 497 678 423 428 891 277 208 144 32 539 428 281 101 70 174 346 765 932 315 637 93 173 822 933 47 798 6 281 337 234 255 712 584 247 606 357 806 351 987 127 399 795 99 81 655 702 262 751 879 70 966 5 703 448 920 528 755 304 673 57 908 193 489 369 777
774 740 186 635 740 912 295 181 704 544 287 151 135 143 705 0 815 756 129 52 186 480 385 600 32 166 635 791 320 242 319 174 884 603 326 631 241 829 225 63 458 120 735 517 368 994 551 301 264 759 120 805 893 267 40 559 302 568 501 759 870 739 611 83 168 795 915 421 54 600 353 871 673 289 215 697 464 515 635 88 551 515 835 237 378 338 136 505 557 216 117 814 351 173 669 990 724 961 216 881
594 726 599 101 810 141 381 975 62 323 768 722 350 389 501 448 33 235 349 501 992 15 809 780 289 683 447 191 854 593 312 492 52 584 46 97 685 796 773 411 956 922 40 113 721 668 753 967 516 727 746 177 398 434 161 750 419 524 603 898 849 429 382 255 681 113 500 967 831 779 20 931 605 296 341 995 68 254 512 502 622 363 585 142 578 952 809 523 408 71 244 263 675 250 576 137 2 907 799 697
672 618 117 573 306 841 164 950 565 334 661 980 864 523 783 763 311 965 956 181 175 157 699 725 109 303 907 236 948 890 63 881 211 553 335 867 270 79 479 813 209 271 771 374 840 568 831 556 70 153 319 472 365 372 652 708 25 477 791 575 519 317 965 8 224 101 118 179 595 849 369 867 416 147 779 719 800 757 193 235 406 144 235 541 770 221 280 52 369 217 650 741 652 727 507 830 324 555 28 354
66 403 97 96 324 660 315 106 986 278 295 791 147 358 866 882 352 587 999 220 929 613 273 107 392 168 626 175 290 413 30 168 73 544 500 288 902 500 712 597 424 109 478 827 793 474 617 575 893 235 683 935 549 599 76 228 677 714 946 732 679 817 709 883 450 693 666 715 72 157 867 218 717 479 400 984 428 115 882 753 81 734 105 402 597 350 85 470 817 402 58 489 478 459 897 770 191 423 729 477
228 286 890 119 915 654 845 398 209 913 73 96 80 822 2 967 92 17 916 970 652 890 572 377 462 203 424 959 797 672 626 193 914 186 593 207 947 288 382 0 917 646 749 604 228 98 694 808 153 429 459 655 947 168 60 314 650 441 292 587 184 654 2 80 339 5 71 393 820 545 594 935 955 589 28 905 64 425 247 289 405 735 984 85 130 611 829 139 869 82 550 179 851 474 216 301 662 257 93 74
997 39 23 42 181 672 551 210 821 182 220 455 342 684 65 293 991 286 960 789 649 748 640 826 852 836 75 849 686 706 784 893 135 103 550 912 998 398 29 889 411 457 265 807 180 270 403 184 150 857 570 708 907 747 140 636 757 997 105 748 354 731 708 991 195 649 459 916 43 648 728 578 467 32 411 768 431 548 505 231 488 839 757 5 545 814 477 6 148 463 281 670 382 424 117 31 217 939 772 28
96 388 344 547 728 299 228 725 867 989 625 381 822 285 872 715 701 439 773 135 865 91 731 774 851 566 851 649 187 272 316 917 848 701 427 392 562 168 35 516 176 325 888 621 211 949 708 393 858 289 322 199 372 192 940 940 79 101 816 892 528 547 217 393 703 505 16 855 80 75 902 75 629 37 39 596 52 501 968 178 581 454 981 570 95 549 671 799 509 689 173 911 464 148 683 303 907 498 958 632
623 887 621 96 460 736 505 494 656 784 214 635 86 805 524 252 335 988 484 502 796 161 90 868 648 669 566 85 342 71 63 972 826 246 585 891 925 919 674 302 965 531 635 549 913 985 682 661 949 83 981 466 234 991 341 283 412 27 672 447 195 308 808 149 229 440 630 260 250 283 139 712 92 513 875 689 359 206 944 244 781 299 601 643 503 797 463 2 281 659 56 159 260 502 817 865 38 119 980 948
564 708 962 507 400 972 787 826 481 759 51 700 766 684 524 629 784 90 690 714 619 91 488 505 151 120 648 790 970 83 757 877 735 139 410 988 648 111 469 453 760 773 403 786 419 298 948 310 462 323 362 605 790 648 604 460 623 757 111 444 831 902 863 825 429 638 665 704 852 259 277 568 933 724 965 20 679 832 488 939 475 12 105 225 437 338 688 440 577 219 239 475 342 164 825 706 973 388 484 315
892 879 924 915 337 736 263 752 540 930 886 943 164 446 46 240 996 212 86 904 541 274 225 548 756 490 674 775 82 172 767 755 597 896 561 61 44 387 554 339 574 41 319 453 297 634 561 496 748 463 409 91 3 300 686 161 781 645 315 662 431 722 212 648 248 194 846 749 60 297 360 558 457 247 600 585 630 792 33 337 809 647 537 747 645 738 297 401 327 232 587 247 958 294 516 486 214 635 686 74
708 729 514 228 821 219 55 199 459 840 39 255 576 757 112 510 140 274 183 974 733 59 866 733 683 754 575 238 987 164 378 931 338 930 215 923 565 972 964 320 475 137 758 425 343 259 604 525 615 314 786 656 302 723 239 743 953 415 80 824 706 686 763 275 314 853 262 132 781 711 747 496 184 404 963 157 490 100 408 534 438 235 709 569 457 160 796 297 535 196 519 683 0 647 683 943 660 562 805 320
919 484 406 600 731 554 131 13 222 646 456 543 673 680 695 688 82 426 138 393 633 34 7 341 47 512 413 972 59 231 243 867 937 876 52 991 179 712 228 550 9 731 28 251 719 649 103 489 162 963 665 122 594 912 872 804 419 511 603 375 941 613 688 940 898 937 643 489 581 190 610 14 921 545 717 235 992 776 933 791 497 997 130 957 599 308 646 322 43 846 410 635 125 405 55 382 799 525 241 434
657 934 248 697 552 893 214 92 493 469 405 920 412 576 269 184 380 108 833 200 586 596 560 547 690 752 253 716 872 132 910 877 420 1 204 871 503 580 875 246 394 538 637 321 770 660 178 347 477 541 332 729 501 84 316 207 608 805 322 900 39 590 72 55 617 3 214 211 736 508 107 941 784 620 718 371 808 363 425 843 580 980 890 261 793 745 782 581 469 205 174 998 478 264 7 314 413 729 550 764
604 682 480 989 607 598 855 509 433 113 466 524 2 750 877 463 970 851 899 813 249 37 513 703 654 10 921 960 513 547 523 267 735 41 395 165 844 230 55 116 973 543 506 861 539 857 453 569 206 313 575 956 122 583 380 475 632 39 218 944 17 53 68 432 456 459 123 89 904 503 104 252 845 269 582 825 396 797 131 116 513 234 317 91 618 149 185 279 288 412 804 335 836 330 834 873 383 601 494 328
652 180 933 656 516 250 687 465 125 385 112 80 317 909 536 8 688 221 477 742 163 699 164 387 781 951 954 782 271 121 725 442 933 876 296 164 660 61 264 932 923 52 485 813 802 580 306 758 174 464 745 2 316 755 903 160 557 242 141 745 312 714 843 189 942 172 365 339 652 467 3 916 576 993 320 698 185 551 24 519 493 842 713 533 349 635 864 729 254 490 137 524 103 184 862 545 195 114 40 435
901 311 457 898 918 592 535 629 979 518 341 768 111 58 59 923 729 686 41 463 636 16 757 708 785 398 312 873 975 628 117 37 160 794 284 610 172 914 108 775 526 922 640 47 680 185 48 613 587 660 152 283 337 535 125 371 206 47 336 560 643 255 739 922 483 533 575 376 374 922 40 21 91 635 72 390 826 460 182 345 928 233 787 751 169 386 928 485 501 120 579 946 482 362 249 501 546 844 606 702
728 696 711 957 466 288 392 668 863 61 32 75 424 232 540 593 417 957 375 636 806 665 692 358 37 830 75 648 478 713 344 649 142 921 662 821 83 225 331 446 593 259 37 549 852 467 263 449 439 606 803 668 216 79 871 128 36 153 986 690 482 138 699 473 580 517 316 872 767 691 197 741 550 157 86 189 816 898 18 908 376 705 155 57 293 454 281 152 708 331 1 155 524 263 889 314 620 468 633 117
938 151 182 806 295 615 225 970 692 249 260 155 195 752 493 547 84 915 954 988 67 981 416 979 727 676 380 117 405 296 499 8 541 692 270 223 161 590 880 571 470 889 484 873 248 768 622 674 714 814 663 721 573 153 797 827 921 965 710 505 691 122 26 783 451 806 89 597 407 876 248 868 677 793 825 940 436 277 727 185 778 433 433 739 360 301 390 641 311 471 463 853 742 203 118 393 178 603 461 525
964 746 672 64 16 823 65 597 279 557 411 250 267 373 475 123 798 878 125 200 714 271 507 853 205 333 739 858 703 71 424 530 769 231 519 315 278 391 269 774 955 701 397 445 341 909 35 253 696 273 388 176 117 424 889 637 70 313 696 983 55 52 807 777 1 537 880 925 575 908 463 112 546 30 429 310 769 602 683 729 865 776 742 414 78 551 826 649 266 66 18 639 468 824 204 734 233 532 354 424
481 105 336 946 567 363 601 794 121 287 334 770 225 725 873 334 671 113 546 299 922 608 527 657 862 342 835 450 153 512 128 777 437 810 738 494 758 917 806 27 893 151 821 422 453 104 271 501 272 956 676 409 188 667 324 646 20 350 247 796 27 628 807 865 735 182 640 110 384 72 109 169 466 216 805 808 488 258 446 352 861 592 236 489 993 226 206 998 744 458 817 584 985 67 301 690 146 750 534 47
878 978 414 250 944 565 349 43 881 378 178 308 647 804 72 666 877 118 24 95 236 574 29 901 136 437 712 267 390 633 182 388 986 437 565 928 856 402 227 249 103 754 136 969 918 396 776 756 781 784 354 549 183 916 606 34 919 674 306 318 1000 896 268 623 716 677 622 537 420 276 604 327 338 534 470 598 844 64 651 984 340 208 44 20 810 250 86 202 32 122 291 384 147 385 1 50 731 561 125 688
573 944 113 382 273 368 490 252 464 878 526 536 285 348 948 936 675 30 88 571 650 249 642 922 160 604 916 149 107 927 281 735 924 737 822 2 833 312 2 251 882 184 957 905 324 366 150 702 229 960 482 956 80 821 349 21 162 106 583 940 450 541 537 786 986 99 182 542 100 696 541 648 829 398 616 605 724 505 787 876 327 248 826 232 266 504 238 245 431 915 949 836 570 428 371 444 753 983 223 649
800 103 627 895 570 273 572 404 386 244 54 922 467 707 44 942 587 105 253 647 214 225 676 559 616 681 972 175 489 279 110 15 166 474 183 418 424 436 462 827 804 725 681 522 312 670 825 122 640 560 759 806 557 726 21 935 215 560 178 898 814 42 183 527 622 108 244 22 294 485 447 14 509 243 645 536 412 449 437 650 679 584 47 896 490 780 343 246 190 491 628 313 83 14 377 170 966 713 965 412
546 852 64 333 118 835 14 422 108 178 246 755 554 922 22 599 354 134 351 582 118 271 227 656 301 913 290 550 845 26 814 258 727 536 126 257 523 972 671 756 590 550 949 398 388 917 653 376 528 103 879 396 623 728 584 39 454 267 438 846 811 960 587 705 655 464 232 976 102 241 416 619 132 681 293 331 0 142 464 698 168 757 836 867 19 955 27 887 644 528 395 946 336 434 988 920 831 152 91 469
850 845 792 880 841 747 304 365 183 953 559 863 821 555 216 802 481 708 854 305 507 51 672 348 630 842 739 116 893 511 174 14 340 551 762 914 214 516 930 155 633 86 256 431 76 432 264 505 403 992 288 758 17 799 480 765 398 182 188 200 567 107 135 489 232 804 271 356 828 224 416 156 728 551 512 436 433 698 335 774 499 1000 414 885 470 925 399 237 574 22 75 682 866 685 953 10 12 277 393 296
372 766 30 352 263 984 751 30 225 874 512 235 97 91 705 505 657 464 166 308 968 237 818 913 946 812 832 381 726 804 813 752 956 976 500 820 644 485 920 742 12 521 934 704 981 550 536 197 368 648 561 189 263 181 325 564 491 864 210 515 771 821 643 885 299 757 132 722 437 796 768 73 620 510 582 870 689 228 705 751 358 718 787 870 552 203 879 658 218 449 938 447 936 845 754 281 892 685 886 561
385 522 42 800 327 104 853 703 201 997 107 158 847 810 831 546 774 26 369 174 176 405 7 693 96 56 832 810 958 106 974 619 783 180 66 717 441 511 884 481 388 73 300 754 195 268 222 214 600 823 962 464 680 367 780 798 283 876 703 716 693 989 332 799 928 451 541 681 148 319 943 505 503 427 421 218 486 786 949 860 731 569 862 157 925 53 571 18 321 710 649 296 576 545 441 672 736 598 946 520
264 361 547 772 517 316 456 50 785 689 589 870 525 575 231 95 940 26 760 507 986 27 18 118 32 602 43 655 321 650 361 911 338 503 129 303 504 831 543 642 782 675 274 266 807 343 127 575 370 168 660 725 700 935 981 586 143 724 644 952 283 549 503 74 626 876 411 828 265 244 936 711 91 129 806 565 805 912 229 40 227 892 866 65 127 558 648 728 915 381 486 894 371 200 712 661 887 553 256 737
940 25 699 982 545 654 858 592 740 98 545 668 329 685 174 480 872 737 980 199 937 642 654 816 412 464 506 372 551 419 901 120 81 726 34 933 771 880 240 404 48 728 423 184 731 56 593 320 876 891 507 936 141 618 344 131 279 393 332 385 791 529 354 151 331 563 476 838 334 700 145 175 401 231 715 845 298 584 735 724 264 508 388 522 540 947 524 467 254 955 345 3 700 929 198 809 601 240 602 287
18 244 403 733 286 851 30 721 384 116 470 442 454 589 605 822 133 168 506 302 505 729 595 622 267 383 873 126 869 326 249 228 308 420 192 83 286 123 764 152 950 674 898 370 470 284 631 166 318 502 781 973 630 138 1000 846 221 883 901 450 714 788 424 172 150 56 185 986 424 448 27 364 210 765 351 823 518 719 982 36 501 759 927 338 871 335 830 163 329 170 860 960 19 632 331 470 773 977 703 177
693 563 747 993 878 500 613 263 665 79 879 192 931 345 851 582 977 130 887 996 302 720 953 429 161 824 919 829 641 510 51 425 367 289 705 654 257 841 594 883 811 818 592 285 640 709 383 543 708 187 931 158 382 741 136 749 403 147 870 350 741 403 993 326 139 471 499 455 869 708 954 436 335 100 898 476 41 92 372 920 144 425 572 973 740 151 587 564 390 947 892 326 78 749 927 809 491 171 39 857
355 166 198 658 816 725 632 175 708 401 422 338 275 471 527 472 932 531 901 54 626 325 382 561 726 458 744 944 760 917 214 101 512 19 632 535 816 618 454 863 819 460 150 356 632 365 239 877 598 410 381 545 409 626 76 563 67 51 935 698 66 127 152 940 107 336 890 791 53 409 579 798 765 267 195 868 565 326 262 494 490 527 829 39 725 852 105 67 944 590 554 823 600 478 632 260 922 212 355 859
264 918 322 147 843 339 928 374 879 971 660 16 200 590 898 720 125 758 926 110 567 707 428 260 246 303 188 264 653 555 982 960 367 765 828 724 117 735 263 620 530 510 362 464 591 112 879 881 868 349 901 271 825 45 951 601 441 158 666 598 177 992 223 653 977 559 188 974 695 831 743 766 393 686 642 808 832 209 432 414 328 914 98 168 969 587 994 281 464 971 210 630 516 883 441 757 88 215 622 654
922 772 892 954 467 733 110 546 72 269 922 796 697 448 365 209 197 174 310 204 80 164 895 126 758 325 264 858 381 205 147 976 92 599 827 217 504 504 550 324 99 905 544 68 1000 166 840 999 488 995 443 427 208 761 981 737 3 622 829 443 964 239 822 124 529 355 555 788 393 636 939 286 251 42 745 72 995 441 145 308 419 972 376 482 993 311 888 258 56 70 259 656 701 625 297 913 967 124 478 951
313 559 325 253 41 546 987 894 405 886 816 693 227 753 50 191 543 561 664 161 401 11 156 331 527 174 254 240 307 417 127 561 510 271 379 150 799 630 43 909 568 153 895 798 980 30 254 363 686 456 311 832 134 364 431 228 473 325 593 565 657 454 761 315 907 754 449 952 787 285 253 17 399 605 716 409 634 416 457 320 126 456 767 973 162 437 486 827 154 125 386 816 568 885 235 998 321 267 451 357
73 902 268 566 508 15 66 586 236 691 85 383 290 929 843 715 708 32 19 742 78 12 690 0 50 556 819 380 762 211 765 408 183 610 626 321 614 109 628 485 205 649 421 32 549 567 861 750 71 299 619 899 286 31 873 81 180 138 503 485 691 908 891 545 436 296 426 709 338 414 309 443 945 100 510 728 802 719 905 754 610 827 719 63 399 282 593 878 590 468 244 489 430 473 358 688 394 807 573 574
76 626 119 214 146 38 485 557 70 245 467 243 725 355 683 53 373 517 576 135 575 604 391 133 828 348 937 710 36 544 838 977 420 467 397 764 647 36 807 101 769 332 32 840 456 26 407 570 478 683 898 956 177 824 649 854 114 144 678 944 379 967 222 702 772 12 546 588 74 295 29 666 199 877 714 892 942 215 586 658 406 493 656 527 850 548 460 884 25 825 526 863 512 638 807 90 433 918 350 195
695 733 989 862 234 357 457 113 306 882 525 406 12 519 910 642 598 645 449 607 193 11 444 353 391 230 733 932 183 64 111 512 622 585 949 477 909 318 974 933 390 919 354 608 448 270 960 287 891 754 889 565 440 199 883 851 57 873 220 482 360 406 549 94 457 777 370 438 308 275 997 877 911 6 147 517 298 264 210 504 705 497 726 970 557 325 833 615 995 125 58 824 367 692 629 39 841 354 500 730
459 220 999 513 79 688 350 627 846 836 660 182 8 687 684 933 840 159 191 824 244 674 504 733 797 742 675 255 131 909 647 49 617 949 701 964 648 638 918 470 171 380 830 694 719 890 809 541 604 8 330 745 695 403 433 706 973 715 508 521 430 269 847 754 634 733 426 600 860 895 971 199 109 654 25 206 983 665 830 223 162 979 265 819 584 603 848 122 109 901 272 834 480 177 903 340 641 728 42 216
23 599 304 232 816 500 614 213 411 893 967 401 85 792 620 595 453 158 227 297 221 939 556 16 632 365 162 186 428 584 165 123 107 199 22 532 797 802 136 250 67 57 191 635 267 352 61 540 50 367 777 674 149 206 569 184 55 848 430 600 506 394 534 540 708 453 814 76 638 702 809 773 955 416 382 12 938 671 413 435 754 348 708 544 759 603 975 29 653 747 880 22 618 299 469 408 970 886 3 564
894 210 916 812 478 414 293 130 55 738 120 234 930 470 765 847 565 105 883 991 35 849 690 531 73 955 377 990 301 711 235 722 569 39 26 416 921 286 966 579 189 822 225 553 118 361 186 788 326 874 291 60 822 116 334 521 611 830 660 376 27 268 22 462 988 213 702 588 849 547 403 602 378 550 553 594 489 695 982 959 219 637 133 481 356 816 30 111 363 253 879 942 897 889 756 893 267 395 545 652
500 679 706 971 944 309 172 646 193 243 678 285 129 717 324 623 146 945 389 127 86 477 687 204 522 965 591 134 775 335 334 643 669 875 450 832 993 133 1000 670 837 342 436 112 171 44 335 871 737 228 385 907 887 920 636 946 275 879 416 515 887 117 89 258 519 78 772 618 603 582 478 508 153 485 443 523 719 619 105 550 864 908 199 407 660 529 718 506 871 969 479 875 238 494 520 66 629 821 483 162
649 20 218 641 225 722 581 98 150 56 108 960 462 75 808 227 67 873 682 601 524 159 49 469 293 360 679 610 826 296 363 579 277 856 83 844 515 902 365 729 998 521 998 252 133 994 432 874 243 812 175 125 929 450 867 492 697 411 305 33 416 891 150 678 637 50 619 283 849 776 695 601 496 70 856 351 457 653 946 849 997 533 865 768 148 76 626 83 914 951 398 927 618 365 728 997 188 196 677 387
402 988 673 701 323 883 130 604 710 538 423 86 527 618 16 946 926 476 130 784 572 399 719 807 281 887 399 796 579 394 608 46 336 411 684 205 926 466 645 813 637 699 25 95 793 181 572 526 993 160 548 210 818 719 100 439 862 428 748 106 637 988 464 786 125 559 757 223 800 496 220 622 458 732 355 166 894 761 677 98 406 856 687 81 793 963 826 360 195 537 673 39 370 287 472 95 766 322 371 821
755 793 124 67 368 686 950 988 901 983 334 60 794 829 392 337 489 704 431 297 487 152 432 789 420 408 699 506 529 770 498 947 877 490 436 486 653 696 583 558 78 178 594 974 731 904 667 583 892 246 858 94 745 457 201 365 159 183 836 725 537 521 996 534 37 324 630 436 73 803 289 1 182 728 482 949 185 780 639 58 30 715 381 221 373 470 94 686 770 14 570 262 279 263 82 51 398 746 562 202
147 570 280 269 333 133 223 863 863 396 599 851 325 465 219 6 519 106 624 69 799 220 272 223 983 111 93 529 612 148 90 373 235 641 744 606 289 713 905 654 725 422 740 41 192 307 30 676 341 394 606 486 883 833 227 107 151 503 966 589 658 513 916 293 676 524 818 350 491 393 707 594 470 786 408 929 711 685 960 943 127 17 443 568 721 608 956 27 742 530 385 817 970 982 141 332 307 388 76 961
885 688 225 790 444 641 895 446 984 442 844 409 967 105 371 707 751 605 546 268 228 449 282 943 932 31 985 784 420 739 659 40 602 597 77 747 193 412 297 693 749 664 953 413 651 164 211 919 48 316 292 390 831 308 487 130 214 863 865 841 1000 786 863 46 353 731 618 812 733 396 375 52 626 665 70 323 731 180 745 924 828 491 244 189 493 176 904 780 809 279 4 131 828 401 725 156 373 944 666 803
788 262 189 348 543 962 300 854 786 717 455 661 314 232 346 468 516 58 47 931 78 274 563 306 231 11 977 760 126 679 482 3 453 536 988 410 327 884 62 909 59 860 993 79 5 684 472 667 185 434 596 968 463 209 856 71 800 856 599 507 458 643 104 871 124 234 528 996 888 773 147 618 321 652 338 392 989 730 251 374 195 238 982 749 711 134 507 227 990 725 98 894 845 959 966 527 203 497 792 238
142 433 533 885 386 671 512 874 641 214 464 196 888 238 568 910 872 758 970 52 96 383 723 387 110 562 532 529 666 627 464 956 335 950 1000 187 316 787 392 233 915 976 731 335 752 699 51 29 465 212 270 707 475 452 562 565 754 343 224 329 553 511 942 867 640 327 523 765 179 364 692 671 338 760 115 588 403 288 43 944 477 508 276 469 741 575 450 460 557 364 120 759 111 818 565 382 443 216 927 975
445 853 642 852 807 849 819 265 686 112 733 290 561 362 38 329 871 993 308 74 340 842 628 640 710 749 860 497 825 546 711 876 490 919 652 708 64 540 66 70 802 806 640 356 933 867 498 389 762 461 614 213 550 408 550 34 442 290 412 386 502 292 3 489 950 433 128 434 300 343 461 839 76 420 856 463 396 286 704 1 341 149 127 553 47 728 767 662 558 675 529 245 215 562 845 231 761 236 117 616
227 181 770 488 585 815 796 421 850 802 384 106 486 278 456 43 748 134 758 821 129 264 770 813 204 645 881 690 26 120 110 445 709 61 230 494 192 465 16 44 865 134 523 926 887 226 51 282 252 70 530 706 173 908 989 467 844 749 579 751 571 768 185 221 302 590 634 676 481 511 86 544 320 41 969 920 179 779 904 71 335 980 102 316 84 13 580 236 780 822 710 988 459 767 811 5 731 453 199 751
785 477 2 476 608 536 362 647 368 480 271 843 148 917 376 126 279 529 179 764 872 247 362 37 231 956 575 774 139 145 615 411 747 843 595 896 947 201 330 217 11 83 662 195 744 844 82 416 979 804 667 315 663 543 17 940 643 413 331 38 193 590 804 306 678 201 660 229 970 331 395 323 842 37 834 378 49 791 623 543 778 483 563 880 893 144 929 956 450 436 572 521 602 851 594 721 624 389 965 462
144 779 465 322 973 809 527 873 978 374 309 222 398 837 929 619 385 439 363 733 670 0 771 877 933 818 293 879 638 105 472 342 53 764 149 188 799 884 319 762 233 924 879 376 798 562 214 31 76 355 132 337 66 859 961 717 271 154 959 431 143 128 702 581 830 446 689 262 119 915 689 626 187 914 866 494 5 179 514 308 765 131 184 578 592 716 687 409 278 316 814 23 837 951 177 924 44 515 854 930
790 116 53 332 644 168 166 240 918 57 73 973 707 911 327 456 698 79 999 922 668 677 135 938 535 513 390 490 362 641 57 422 198 312 158 915 440 568 914 635 80 587 587 965 677 77 447 866 640 89 249 487 920 635 83 318 908 657 582 486 528 285 301 339 507 542 16 801 557 186 174 763 85 583 857 713 821 297 630 108 71 869 192 522 130 742 954 561 842 473 857 706 309 805 591 23 410 823 991 209
796 658 506 669 302 497 688 383 250 682 831 377 320 489 421 339 415 185 159 242 921 415 971 931 717 500 811 897 765 741 569 147 435 923 604 586 214 133 925 168 500 575 793 522 39 92 923 466 618 221 848 649 393 649 77 139 805 502 655 179 793 460 991 949 328 6 808 896 794 50 661 485 417 272 739 887 174 70 317 795 240 258 226 239 100 391 716 219 210 85 564 88 961 558 788 59 802 778 731 462
931 463 256 14 217 364 560 834 454 136 653 314 118 134 433 467 979 343 849 660 508 141 648 462 29 92 61 510 369 454 876 378 296 658 29 617 242 60 265 184 746 516 251 681 73 19 827 720 695 487 512 459 90 608 695 698 936 805 301 987 399 542 461 199 480 372 279 579 468 221 946 273 701 488 232 894 522 306 280 445 82 140 713 479 607 961 773 187 461 757 0 17 815 651 447 367 671 26 861 766
372 502 32 494 297 866 68 100 488 103 439 431 91 361 473 773 384 194 741 215 15 56 51 227 918 385 556 67 964 505 684 310 522 782 85 346 372 660 501 324 849 614 497 688 244 556 295 527 110 35 149 804 643 621 957 873 812 81 975 486 564 804 463 862 654 180 34 304 188 706 109 648 886 232 448 576 231 794 733 853 476 606 694 908 405 441 80 925 548 209 732 50 767 461 197 655 674 468 735 970
660 252 371 399 422 916 708 82 980 307 911 126 740 428 744 185 39 39 440 881 766 666 974 226 860 259 329 274 225 620 452 818 597 974 71 206 829 859 680 506 816 476 21 456 408 735 775 844 876 872 371 404 342 525 575 378 839 472 503 453 278 934 903 432 459 906 11 760 153 726 797 36 551 120 728 849 717 858 815 135 838 955 94 238 141 659 204 458 855 480 767 336 937 654 836 643 793 610 385 117
594 19 286 960 358 908 313 82 506 323 34 772 290 419 358 89 119 594 779 992 467 20 870 976 136 233 926 203 870 30 544 801 145 778 215 892 356 448 108 185 479 294 78 286 913 270 93 575 828 179 666 341 66 288 542 142 439 438 843 44 830 750 698 532 440 523 379 787 468 259 846 899 571 350 131 916 775 564 655 79 991 616 817 249 188 358 749 124 700 486 401 905 866 320 554 60 167 451 196 958
28 847 444 246 8 579 168 307 950 945 911 960 369 368 626 404 246 942 629 353 357 200 784 813 448 825 260 36 287 137 680 977 798 782 806 338 181 503 970 581 890 796 971 861 223 405 56 928 67 236 316 962 512 245 765 210 607 795 619 772 716 10 33 935 229 819 17 670 646 459 26 436 262 4 849 355 958 685 646 753 458 701 400 246 865 920 253 190 935 260 678 685 504 442 974 560 527 192 447 352
965 168 180 857 911 295 660 143 202 903 893 672 406 379 977 229 614 750 637 459 624 637 806 814 146 455 247 730 482 541 173 63 312 122 843 93 160 971 684 388 230 840 243 168 261 3 433 303 757 782 777 964 5 805 325 436 738 261 535 394 288 585 880 975 649 711 914 378 648 551 996 960 182 933 965 903 129 39 401 431 711 355 492 945 936 748 621 429 874 968 85 59 508 994 106 779 392 817 940 136
828 892 827 714 304 55 31 69 329 693 317 608 902 924 645 842 666 108 62 948 984 705 513 852 145 266 69 345 125 442 207 588 736 185 598 501 491 472 142 16 451 259 999 76 46 989 774 466 436 185 923 570 1000 959 648 686 640 350 750 548 304 793 707 427 999 586 285 813 872 88 628 33 907 7 831 457 769 680 64 390 908 246 957 51 522 12 512 564 456 165 785 631 932 772 404 953 136 611 189 879
503 603 654 859 984 757 13 231 872 938 566 122 356 96 939 789 459 322 547 158 652 695 391 35 769 549 470 706 153 414 80 66 269 140 353 908 443 354 402 4 48 933 828 289 964 621 474 870 968 271 707 686 840 972 483 593 618 236 693 371 408 24 894 143 725 526 929 694 505 309 845 485 402 189 634 801 361 982 609 844 761 163 614 994 822 68 953 158 255 877 53 581 589 206 677 800 40 372 460 212
469 781 812 994 764 491 291 609 49 768 294 189 710 134 506 240 239 479 825 713 295 735 835 787 739 654 835 667 371 185 246 857 957 54 150 990 35 787 620 975 191 490 332 251 705 593 506 374 451 295 914 403 876 200 212 592 894 32 866 104 284 872 913 920 642 427 165 940 742 234 543 14 888 355 997 993 392 218 533 721 322 844 390 636 787 515 478 613 975 263 289 816 685 760 326 117 355 947 992 598
508 653 821 395 347 456 331 346 828 497 521 865 641 272 805 53 770 624 882 331 935 359 993 971 317 379 328 876 857 857 233 241 744 768 357 543 320 30 573 423 281 649 453 224 470 265 354 692 100 844 404 115 746 605 850 246 175 941 288 1000 894 244 350 644 54 40 229 866 192 404 134 219 439 460 741 541 615 646 731 473 338 515 885 117 265 195 622 491 564 514 797 831 46 336 728 200 439 677 116 921
37 551 337 236 385 704 364 61 854 261 357 467 328 552 358 150 352 342 45 732 417 70 889 239 304 434 240 908 506 361 377 428 523 742 977 439 955 848 964 588 307 390 305 338 553 842 801 108 833 852 632 799 759 802 879 429 533 734 350 274 747 973 711 647 592 614 224 519 37 741 546 63 784 395 493 995 567 673 744 198 694 507 551 79 781 392 574 907 371 743 844 11 517 863 73 318 427 108 874 836
677 577 938 136 44 27 587 214 649 792 511 857 700 211 434 293 173 882 213 61 645 390 162 926 998 693 591 540 587 607 343 77 681 664 581 186 615 766 950 292 874 779 466 395 335 680 631 591 804 548 776 424 584 9 592 339 544 461 933 479 995 900 91 810 257 107 112 429 569 491 937 823 616 534 671 74 330 630 125 722 691 465 902 356 686 896 677 589 233 354 513 648 931 704 680 150 125 490 186 709
291 430 433 836 288 490 137 719 438 775 758 887 910 505 182 860 596 950 25 56 135 590 797 11 483 296 82 245 528 154 895 39 407 912 593 739 166 427 623 72 98 228 108 928 983 881 6 59 560 520 973 289 238 302 531 235 315 697 895 878 245 704 989 992 218 770 167 987 901 423 524 958 116 505 705 220 112 682 338 328 53 187 996 712 447 367 937 171 467 662 952 266 820 492 722 375 480 82 811 52
587 801 842 311 579 485 0 573 538 655 344 170 648 707 737 459 432 251 691 636 543 640 742 487 141 791 128 159 434 692 182 327 112 121 430 977 667 298 98 542 88 565 66 422 866 231 147 610 154 572 751 665 951 917 684 645 392 43 270 96 0 288 145 1 505 938 37 922 9 991 380 71 797 193 891 881 537 145 882 9 627 109 301 902 720 9 423 187 640 404 924 280 755 773 541 256 945 803 460 255
123 26 69 230 971 739 832 211 666 42 947 147 546 840 537 278 611 124 188 492 165 552 290 241 484 139 516 694 170 46 884 507 559 439 552 211 172 280 374 776 568 258 473 69 421 468 755 229 561 887 48 199 727 456 499 199 825 169 961 833 12 547 635 867 12 450 708 837 544 306 560 369 743 50 295 529 256 881 976 3 320 3 785 58 513 450 171 728 334 871 936 97 329 610 359 45 915 10 761 197
972 903 941 240 415 875 1000 636 491 980 924 389 382 751 724 70 610 490 551 741 784 109 63 820 655 653 148 286 917 352 198 39 779 410 619 288 326 490 554 773 917 762 166 197 923 346 286 212 926 659 704 990 38 516 451 505 871 941 779 186 66 958 461 825 289 213 608 482 377 535 860 503 364 405 576 858 728 478 555 69 783 549 317 640 677 30 161 267 141 439 306 986 107 105 230 470 588 896 970 145
415 422 645 662 271 851 569 991 745 91 292 403 291 131 869 1 872 194 222 516 796 639 100 870 953 465 82 290 96 563 985 252 345 324 695 531 448 524 783 828 415 726 446 505 527 314 113 741 47 592 7 407 967 879 615 446 998 744 528 587 757 93 152 513 386 822 944 50 614 580 339 536 351 504 716 346 179 246 490 698 613 387 366 723 211 538 767 842 415 326 231 512 95 911 678 296 220 682 371 126
765 130 898 253 370 143 653 156 497 184 974 133 41 863 946 572 726 27 948 294 316 741 675 831 381 333 559 879 714 416 612 982 537 686 926 190 284 727 365 135 174 966 238 798 863 183 655 178 280 637 78 915 699 220 439 992 852 933 35 10 337 533 931 846 344 34 141 721 890 426 118 930 207 524 892 726 199 297 906 265 344 747 306 533 70 794 949 320 904 541 658 602 602 279 811 850 875 562 182 419
478 481 451 415 998 98 583 726 805 417 619 199 664 328 174 13 811 229 720 954 68 169 598 188 55 675 275 178 689 518 720 221 397 41 238 164 660 439 728 778 827 906 505 602 745 339 33 976 887 404 908 493 237 258 385 165 698 857 279 832 98 518 565 308 688 617 663 378 141 742 625 455 918 23 674 721 481 87 530 65 315 426 221 736 982 585 478 281 213 169 793 228 499 462 679 829 850 795 461 160
676 296 651 982 302 136 618 800 908 904 781 19 43 140 848 912 124 498 572 69 297 93 946 831 252 487 343 537 517 255 822 201 202 321 457 795 281 708 939 898 707 121 564 275 164 174 631 636 589 203 490 364 463 634 300 397 220 340 217 163 209 301 48 624 23 636 826 855 965 32 728 338 851 861 594 592 193 698 909 852 343 221 299 951 215 649 934 997 802 212 50 505 733 995 875 651 406 320 208 80
474 934 9 157 980 396 553 234 683 855 324 890 662 371 554 483 467 434 715 750 792 924 450 697 519 921 613 646 276 220 754 863 662 39 185 355 519 784 270 72 520 949 486 447 582 867 587 149 466 603 696 97 305 1 304 493 132 586 332 79 294 311 868 159 204 747 518 254 811 856 704 685 948 429 193 128 540 367 718 883 460 465 438 624 802 918 815 845 983 713 841 988 661 850 128 895 161 707 448 237
410 165 60 685 280 147 311 978 26 181 848 904 157 183 343 439 956 281 658 303 188 911 482 21 114 956 223 252 792 284 836 640 668 30 613 194 602 378 45 918 701 953 336 763 338 782 8 122 63 212 974 995 340 799 343 53 904 287 891 334 368 367 444 758 302 365 911 257 815 25 742 514 271 494 739 391 615 516 247 777 14 102 536 937 14 96 452 308 862 295 285 498 89 368 532 981 71 432 204 858
938 329 111 175 354 463 407 905 312 591 748 494 750 283 184 232 533 344 502 658 702 976 183 712 848 755 26 585 944 940 382 237 112 894 680 885 401 700 12 675 4 154 908 64 447 267 294 193 556 648 676 666 795 149 233 219 362 168 365 394 822 828 765 922 415 499 135 248 333 60 372 467 68 518 200 191 306 394 877 463 350 139 330 934 727 587 6 296 261 506 375 490 795 898 316 993 315 913 798 106
408 584 634 300 932 340 621 613 134 947 418 145 482 825 724 767 965 360 395 87 873 682 374 446 366 823 189 855 418 241 796 205 752 112 24 741 82 612 283 865 826 449 541 589 504 619 311 180 255 173 764 684 131 925 280 500 442 178 994 501 236 110 601 396 834 535 593 511 509 967 350 444 502 834 336 469 375 25 546 205 880 871 520 80 32 268 574 444 495 556 316 653 769 653 673 745 421 510 617 291
70 928 402 817 49 760 442 663 187 248 962 377 891 854 753 913 448 178 273 922 766 779 786 978 384 913 73 335 433 644 519 241 689 707 388 184 660 183 386 642 913 656 808 166 533 475 8 580 35 273 851 837 256 428 636 458 992 559 201 820 226 595 680 282 211 535 411 625 855 207 439 422 345 911 695 309 409 196 883 430 157 941 27 843 0 538 672 214 666 500 17 174 695 65 641 242 719 358 926 403
465 614 698 639 871 111 383 58 746 613 39 413 40 688 701 407 232 92 289 87 375 791 775 80 340 974 68 618 476 109 64 293 586 206 37 217 59 638 532 363 806 250 933 61 974 483 797 998 578 885 970 419 314 661 47 385 922 295 885 280 663 964 341 541 718 346 158 40 132 893 857 133 524 599 279 62 942 960 567 375 821 381 892 947 950 346 706 958 577 889 359 835 650 696 212 527 65 580 579 155
977 866 297 883 772 176 563 275 986 777 697 789 733 431 501 158 340 565 486 237 275 542 227 24 406 157 572 478 817 444 669 928 496 775 111 420 424 877 202 960 807 206 253 116 942 755 521 817 708 515 442 415 164 211 757 409 435 964 623 103 491 733 600 836 605 612 839 25 442 763 621 577 521 130 723 256 23 111 34 503 138 846 305 244 403 979 972 534 229 875 28 538 815 573 101 71 818 428 823 727
974 392 552 225 202 145 972 745 888 334 689 492 480 695 279 788 568 680 35 649 443 527 140 686 534 697 490 507 963 722 774 670 597 285 319 189 944 186 264 201 131 627 626 956 6 96 753 532 93 978 486 899 67 633 102 155 791 71 879 753 792 218 822 80 80 100 442 750 264 352 184 781 88 143 405 204 576 373 481 398 93 585 934 185 840 109 772 56 111 707 732 79 264 367 74 322 248 618 394 390
671 909 268 772 394 133 419 538 633 805 926 540 595 768 246 830 562 934 594 770 157 167 630 1000 581 913 138 510 212 900 493 62 263 542 20 749 952 86 730 840 365 776 192 859 308 30 417 987 326 469 793 605 444 6 783 784 805 563 805 590 987 571 622 491 992 479 864 252 980 188 543 956 72 633 743 72 417 727 540 295 13 773 658 660 811 54 200 433 271 905 21 20 108 963 680 75 343 154 846 483
432 14 873 391 204 873 770 49 353 179 578 766 350 885 180 68 132 840 300 236 928 512 718 605 204 569 814 114 563 388 307 236 645 509 405 661 871 181 740 838 904 346 160 46 838 54 362 162 707 870 385 351 230 871 637 716 226 840 976 824 779 92 767 693 635 679 431 52 249 327 229 423 506 513 41 766 67 127 153 361 895 595 950 78 13 607 132 268 581 43 726 778 689 452 24 122 949 987 717 56
145 702 433 779 188 174 298 15 212 92 323 40 853 453 876 51 48 85 740 784 10 563 473 207 693 407 799 656 29 518 897 525 509 652 898 509 831 785 239 862 382 114 708 264 760 575 948 880 80 402 848 569 832 203 332 713 138 901 814 977 553 469 491 75 296 671 407 772 15 566 456 659 74 364 899 627 892 630 266 901 719 443 437 226 585 271 410 812 30 928 390 253 404 359 914 323 319 753 339 457
460 147 112 115 307 514 322 362 484 356 949 72 529 335 718 394 736 767 182 39 490 377 917 50 327 902 304 648 781 935 506 270 216 524 804 898 99 57 497 9 158 748 307 837 436 501 215 131 95 541 155 352 340 29 385 958 752 443 198 115 576 764 422 26 146 279 541 126 462 641 588 364 396 42 363 739 139 308 983 854 981 817 926 214 972 146 810 650 919 718 717 770 53 140 659 414 840 237 352 710
918 390 189 735 661 254 117 852 617 889 348 784 610 534 843 785 913 559 492 671 374 561 428 266 146 622 15 467 854 510 207 133 410 496 96 575 106 761 990 326 743 262 299 394 970 609 626 391 947 630 523 723 568 297 234 567 133 139 604 161 887 159 50 510 87 348 890 778 371 247 7 963 147 658 858 484 665 377 779 806 840 454 725 252 736 519 457 610 414 128 752 638 988 59 705 674 627 750 182 720
60 330 630 730 228 228 934 209 988 971 835 663 262 231 164 552 179 515 733 832 989 446 289 545 968 542 465 333 684 609 154 820 70 682 248 999 310 633 557 375 686 748 20 70 962 560 859 532 568 742 580 954 424 39 310 0 673 654 370 505 56 592 957 524 674 393 199 941 72 742 280 755 362 820 565 717 423 763 63 29 562 529 523 928 287 387 912 371 935 584 735 392 496 129 634 606 142 448 579 129
250 170 386 586 632 636 72 229 113 846 235 905 278 248 814 768 251 424 840 312 541 389 778 449 109 602 62 86 280 924 43 452 57 360 408 33 889 80 936 260 815 772 259 449 494 923 633 438 119 503 397 637 124 547 784 352 56 174 562 110 641 409 691 841 133 405 738 367 19 828 486 909 628 864 378 732 980 278 253 872 958 240 702 318 378 897 221 203 276 507 827 764 966 111 209 127 928 853 985 770
206 825 787 556 33 676 979 259 951 928 931 423 639 485 227 808 671 400 129 576 51 604 722 593 956 308 783 166 882 335 703 515 401 534 920 198 745 372 640 351 655 715 128 914 111 428 278 349 362 35 366 705 426 322 926 41 254 926 687 804 289 766 345 807 137 148 387 257 722 19 192 48 784 734 243 960 924 639 678 103 124 410 749 115 495 671 241 672 165 206 766 774 314 816 936 430 276 264 643 993
116 776 134 479 474 761 59 893 427 620 892 242 523 114 123 463 432 324 171 669 969 786 154 445 559 500 575 477 322 467 135 957 81 530 244 438 512 716 957 344 830 901 967 357 844 627 849 185 825 139 693 186 408 290 158 251 960 379 481 323 164 576 489 860 921 715 772 693 26 499 426 884 848 760 760 72 97 549 674 968 762 320 164 437 539 68 578 16 328 286 744 554 610 910 793 911 926 159 268 548
790 2 25 408 834 603 922 359 13 129 205 386 837 237 346 25 742 279 500 441 337 850 674 499 335 3 408 228 895 429 938 686 490 692 559 700 360 513 587 688 622 564 804 515 513 639 19 276 592 485 502 76 449 55 546 485 598 107 435 612 402 678 171 790 654 535 218 845 303 342 763 74 82 428 886 663 471 584 358 62 932 448 809 151 12 784 22 784 181 375 645 650 57 844 433 414 584 597 484 671
207 488 387 883 464 980 446 112 836 294 659 551 826 964 59 257 76 614 832 683 921 570 681 896 300 770 2 790 194 967 799 664 477 176 747 377 132 716 174 546 661 804 545 543 940 837 271 519 235 883 596 363 550 432 380 663 503 275 525 456 842 586 423 712 492 246 799 292 988 432 809 772 914 937 36 846 955 195 345 613 787 835 631 677 903 897 266 557 197 600 215 711 461 210 31 748 887 447 182 342
318 950 65 628 880 219 143 507 741 491 964 901 691 789 849 683 535 844 220 552 796 437 462 158 292 600 760 714 79 247 461 30 357 537 999 300 415 305 245 288 751 497 99 359 996 4 978 268 595 546 463 800 509 470 690 529 466 690 712 745 57 290 408 902 586 416 498 400 334 324 594 164 440 70 979 576 176 430 245 763 942 880 917 599 76 687 78 773 977 979 502 383 882 408 364 951 261 712 907 537
10 464 697 392 894 194 229 82 201 507 310 385 461 343 638 967 171 558 416 783 82 96 822 483 64 907 676 664 954 463 161 785 14 621 726 196 401 247 855 877 688 743 53 218 602 33 633 277 694 720 115 380 23 754 239 162 593 329 316 314 375 828 308 596 405 143 284 374 242 844 301 657 276 335 602 46 3 942 554 12 612 680 698 560 279 889 774 402 379 525 205 475 230 781 173 611 149 274 30 865
326 479 495 771 64 179 301 194 104 484 631 357 293 17 246 740 723 706 733 316 26 634 171 989 610 690 799 847 564 795 998 455 609 323 927 982 906 865 636 388 476 117 954 650 645 800 729 63 957 356 940 558 701 182 597 766 637 269 38 13 107 82 837 421 111 550 17 177 688 1 524 952 780 899 701 112 326 321 642 706 992 271 816 509 625 497 535 85 754 630 747 240 291 0 945 977 314 813 167 912
890 860 595 812 578 893 342 749 107 107 216 418 561 503 104 787 464 786 736 724 790 777 457 888 281 300 87 422 47 408 974 179 978 735 577 722 173 810 849 810 989 333 270 467 396 715 34 475 883 952 575 572 960 669 415 990 775 942 575 183 11 1000 440 517 447 776 769 829 120 762 353 394 538 155 68 626 106 862 824 368 840 920 21 126 601 64 386 916 700 499 485 445 100 47 236 783 768 936 108 926
109 891 286 269 868 157 632 60 77 943 564 845 53 530 130 171 777 894 688 441 259 68 427 547 398 42 869 513 353 71 667 429 635 109 130 773 608 427 25 325 614 525 502 848 627 841 102 4 109 964 79 986 1000 636 37 862 407 900 213 848 508 582 996 34 511 863 198 830 576 51 623 591 299 816 217 277 585 86 765 686 638 603 482 930 46 996 604 803 769 528 553 896 29 25 306 852 638 720 339 644
651 701 190 0 167 692 41 336 610 535 591 201 652 911 957 939 917 200 311 60 582 520 57 714 223 205 301 159 229 425 144 430 183 760 987 973 498 130 408 645 244 36 878 345 981 849 119 368 801 775 483 122 391 145 68 909 757 568 526 561 850 845 951 154 914 692 738 929 120 81 71 285 714 773 695 100 470 206 927 763 982 633 419 807 829 319 425 911 194 793 775 270 418 563 841 552 466 77 803 324
193 313 547 48 493 260 528 634 20 589 442 192 89 20 320 701 260 808 249 995 989 41 626 306 953 160 196 853 524 980 502 569 686 945 244 728 33 11 496 28 627 913 583 900 787 711 533 770 974 819 428 871 549 562 244 269 838 594 761 662 333 245 96 349 369 617 55 722 660 910 987 665 354 151 365 690 343 254 402 207 749 302 518 18 734 35 808 642 688 389 649 184 834 749 828 637 972 581 217 92
932 495 998 143 852 730 719 98 456 703 419 17 938 454 282 686 157 635 155 711 333 950 216 756 578 23 214 56 605 764 711 721 839 308 466 312 63 820 541 577 827 601 372 93 758 304 324 563 305 245 525 937 251 744 211 341 772 465 858 672 506 484 164 730 350 346 527 609 119 867 677 596 572 173 56 857 785 925 947 330 808 793 236 940 783 611 549 296 311 964 586 727 372 720 586 665 28 419 992 519
996 395 220 574 530 697 121 865 373 424 530 638 524 593 780 190 818 955 989 456 639 567 769 143 468 662 306 878 753 139 178 246 689 776 269 782 315 867 858 662 869 627 851 869 786 689 252 439 677 960 942 246 195 250 612 387 712 700 442 877 867 811 976 657 774 58 92 493 311 374 752 789 427 804 1 170 732 821 610 515 707 645 732 485 524 929 602 477 751 746 35 311 789 404 755 649 188 559 740 170
665 518 62 635 279 750 597 906 869 489 548 521 863 764 856 515 627 793 893 967 447 382 837 5 730 971 634 886 632 969 922 471 247 790 41 104 757 976 609 35 885 561 294 24 120 767 15 778 988 554 875 905 971 126 317 406 134 282 381 947 754 639 663 231 99 958 70 879 728 781 336 509 835 45 457 239 892 0 61 657 660 412 116 290 944 562 316 764 283 480 132 464 327 419 531 614 120 835 44 373
721 776 864 836 699 627 750 754 960 310 484 967 481 364 563 999 304 339 634 393 553 783 661 73 234 618 727 749 489 12 445 762 553 152 374 466 519 55 156 812 323 504 411 322 908 1 361 282 493 94 93 727 785 24 456 769 933 446 214 470 595 128 591 898 80 70 252 668 277 819 450 500 271 545 920 296 43 237 902 644 865 483 231 252 290 369 132 615 756 227 187 287 384 199 791 186 256 606 430 845
657 833 993 278 562 430 772 530 697 999 86 462 837 109 306 230 697 580 57 587 485 947 711 956 881 353 811 962 996 168 360 76 104 81 92 480 846 748 585 293 529 748 788 790 37 341 150 785 65 349 550 747 879 364 84 886 913 264 22 375 569 290 530 479 197 840 887 227 538 710 651 17 64 192 298 246 232 216 976 878 657 457 845 513 801 835 739 678 842 385 253 938 845 26 255 370 766 511 237 767
939 413 623 653 452 755 489 900 962 108 439 97 905 77 552 557 570 368 729 450 125 983 762 842 197 204 725 332 249 371 217 243 198 678 399 781 761 301 744 638 562 503 634 46 688 364 958 164 254 911 981 827 227 76 843 395 430 298 437 795 758 742 103 214 983 638 533 30 980 531 160 980 2 342 393 273 808 221 802 669 88 463 789 993 924 609 996 481 161 131 86 244 806 687 182 693 50 572 514 616
479 886 385 330 112 901 486 517 628 48 549 435 494 838 436 796 911 410 231 3 279 747 97 281 955 150 519 148 294 575 950 606 680 46 823 102 837 102 935 778 625 416 153 244 965 417 39 881 324 920 408 740 779 23 654 791 354 413 285 449 683 402 809 541 606 721 159 75 62 235 684 363 925 791 440 363 732 784 154 926 76 225 722 217 151 652 801 720 489 763 652 531 33 89 692 353 362 381 838 993
4 712 78 732 676 814 803 438 935 478 270 809 941 425 892 996 807 455 761 192 175 162 832 189 312 135 650 159 809 236 736 719 3 425 233 569 185 123 579 322 693 646 322 765 610 525 104 497 142 860 994 172 113 314 786 955 817 636 447 891 845 664 830 871 230 128 604 140 763 640 223 552 57 435 637 509 888 136 121 131 275 715 372 737 632 4 409 729 335 410 36 166 261 136 302 672 518 503 643 885
119 388 975 796 86 541 942 962 780 330 83 477 230 833 916 40 194 670 728 485 662 686 287 284 355 572 926 140 29 165 266 968 47 311 165 232 103 108 171 807 290 668 480 470 228 852 372 249 36 596 441 707 996 596 521 809 591 653 371 930 285 782 543 41 862 570 327 771 65 936 199 628 561 85 911 799 769 632 748 211 469 24 176 895 862 828 154 345 984 836 157 635 370 876 110 87 998 836 312 518
927 838 189 454 537 151 693 882 227 382 924 76 43 809 471 912 328 0 147 818 763 277 98 356 32 77 158 871 765 134 851 355 803 369 413 715 475 630 289 966 545 288 376 122 539 828 246 443 315 992 182 954 836 945 464 247 156 986 807 123 105 750 628 936 546 372 529 311 274 928 813 64 429 162 711 997 823 488 748 279 668 206 367 876 551 348 459 854 522 967 784 448 481 356 963 344 857 612 565 372
809 565 328 154 72 918 907 52 162 512 715 759 660 377 575 53 732 831 109 827 473 91 268 427 840 730 991 991 898 619 941 45 746 496 903 666 389 661 217 148 469 892 588 908 43 689 214 340 346 576 71 761 656 102 933 336 546 18 599 153 276 742 409 839 964 972 869 101 200 94 446 330 446 932 788 500 97 410 229 753 362 935 460 777 484 418 453 436 590 160 466 927 545 822 300 496 424 59 85 127
308 749 947 686 373 563 230 848 505 858 798 138 750 417 669 476 127 304 930 551 896 228 199 41 256 304 953 563 116 823 401 151 392 708 793 796 179 633 265 763 136 814 65 173 869 812 285 802 12 486 723 161 110 370 501 861 182 711 433 143 61 449 437 326 937 215 665 403 930 818 948 972 453 763 76 647 65 133 278 129 988 131 399 704 925 193 1 288 733 743 264 201 800 78 990 475 245 831 62 367
854 924 79 141 6 168 925 473 713 51 654 749 474 606 795 20 63 125 381 376 249 986 113 202 217 130 531 546 808 717 738 614 197 569 548 78 220 990 910 725 23 279 737 650 819 949 436 204 527 500 169 106 442 685 144 567 511 758 419 812 503 277 640 40 239 558 524 107 402 963 685 644 861 202 273 561 556 556 787 789 803 1 814 746 403 110 846 152 558 239 757 770 920 636 105 659 627 248 525 169
905 751 731 576 497 276 657 185 695 617 540 636 355 277 696 47 182 882 280 243 229 407 707 774 377 766 220 291 269 166 631 281 306 710 705 529 36 989 336 475 873 471 202 108 248 511 551 225 234 383 295 224 836 401 982 447 124 337 322 576 848 71 181 72 522 663 507 812 878 612 125 745 530 633 593 349 145 981 890 715 376 778 727 672 373 19 324 561 254 508 835 762 545 645 775 578 349 75 475 705
898 898 951 874 935 815 884 19 182 819 37 584 983 704 685 346 827 132 124 47 517 405 665 908 105 978 181 113 121 90 319 916 359 566 665 937 952 525 158 470 931 165 15 853 760 70 23 190 609 963 474 206 480 587 290 544 870 66 219 408 111 684 408 357 799 688 392 879 427 258 477 249 755 386 141 239 537 386 776 168 295 72 728 128 817 198 200 990 480 556 216 113 306 945 661 532 357 191 803 794
649 316 878 570 505 863 58 948 645 296 129 947 288 657 228 50 321 864 745 297 987 327 943 939 562 325 789 672 150 817 692 224 621 521 293 629 92 261 998 178 895 23 847 471 390 275 590 498 708 620 911 162 501 456 925 720 219 29 26 113 496 818 76 322 437 367 270 472 396 855 347 731 572 439 326 86 252 688 413 0 431 430 323 886 427 495 200 193 489 516 753 480 346 634 916 31 649 678 220 76
923 267 969 173 959 923 299 685 128 172 1 383 96 518 204 348 483 791 2 520 928 238 318 369 872 630 228 888 327 653 942 721 997 669 323 449 382 625 716 343 559 415 537 305 944 308 664 256 827 476 850 509 841 603 564 404 357 563 150 380 818 733 894 159 856 946 109 612 878 689 171 640 180 765 737 344 408 593 234 803 526 897 365 686 570 886 5 862 161 711 989 651 25 277 367 94 616 546 45 286
366 696 803 803 462 666 431 27 424 492 800 24 441 798 992 315 936 859 30 742 302 822 319 266 557 331 931 368 959 16 525 615 951 817 486 911 59 708 208 741 151 779 980 427 357 28 338 300 569 928 667 220 169 244 962 890 663 356 407 293 894 38 161 110 108 144 944 654 914 188 397 798 650 553 434 131 596 452 745 607 143 291 841 333 639 947 144 666 477 316 376 72 474 328 831 967 286 588 818 72
619 83 656 327 494 965 79 309 162 708 370 294 33 161 928 720 389 515 250 263 285 770 774 77 833 880 488 552 607 160 644 187 49 622 279 471 179 114 285 617 985 571 53 4 104 189 976 772 582 61 780 713 318 668 790 959 914 802 980 480 423 48 558 946 128 457 242 494 574 859 932 662 5 807 379 753 381 396 40 941 597 566 895 365 245 324 873 790 252 444 55 322 514 830 51 601 296 824 26 80
429 403 303 130 236 420 921 442 521 92 60 369 387 757 496 630 493 634 892 109 938 186 685 318 459 316 567 553 435 153 145 683 31 826 957 520 793 626 680 132 805 146 674 231 971 495 977 838 266 101 364 871 655 47 187 359 909 169 118 70 467 204 490 3 695 279 69 362 201 704 867 924 538 863 26 912 679 940 219 835 531 255 234 296 655 253 517 321 764 177 972 180 248 446 866 520 994 760 349 648
222 643 827 763 330 192 315 96 636 305 527 59 449 670 194 417 108 587 310 221 850 994 407 961 543 0 791 144 522 982 904 644 574 53 761 833 460 382 854 997 495 973 873 751 77 469 842 938 448 955 177 85 863 353 820 305 206 652 247 435 843 653 155 517 582 830 641 66 982 520 145 573 194 992 316 307 478 802 899 576 810 837 938 277 540 359 659 340 87 954 859 260 218 941 587 219 985 928 511 977
174 973 427 888 921 145 741 525 980 808 7 365 622 292 738 183 805 18 352 75 886 428 901 149 154 992 570 964 543 593 952 901 855 720 421 440 220 486 671 899 182 298 18 56 618 433 963 193 56 727 874 916 840 154 758 181 484 544 263 815 328 69 219 712 289 601 579 74 164 554 933 467 751 358 179 869 50 646 594 558 181 530 381 486 31 26 187 160 332 396 49 544 635 673 790 772 401 11 190 271
188 90 241 142 733 813 703 627 14 773 573 161 509 880 129 887 51 914 568 540 969 58 285 77 464 612 364 571 408 835 826 136 442 572 152 599 250 799 454 88 61 440 141 651 63 643 938 241 14 328 144 782 8 518 737 125 303 752 456 846 704 978 648 620 583 760 370 247 999 417 424 920 806 553 176 228 638 2 913 465 715 60 863 671 143 441 868 3 863 883 265 787 57 190 183 510 647 599 222 142
946 752 869 188 732 533 15 720 893 169 153 733 904 477 644 978 705 163 720 320 771 823 936 242 511 777 471 684 752 97 735 332 496 121 219 913 373 846 263 480 376 665 101 49 216 645 643 17 921 973 891 959 38 561 248 820 522 217 946 464 374 213 823 28 400 630 360 154 670 313 982 933 652 924 806 549 976 437 275 815 880 665 356 155 817 10 682 213 367 387 445 86 747 917 954 460 216 169 767 929
233 765 867 608 625 501 918 30 888 67 545 245 94 932 855 687 184 38 387 680 450 783 410 402 274 454 61 389 546 186 286 832 860 118 388 621 597 697 986 977 536 58 541 8 909 923 54 245 660 863 927 407 565 803 899 795 562 887 160 909 193 240 365 16 384 520 135 266 198 287 472 117 788 336 905 409 40 654 802 199 803 380 721 956 838 201 972 619 294 689 498 13 723 502 37 967 907 892 429 508
294 196 600 130 92 807 517 373 111 131 881 505 473 401 408 488 468 102 915 430 18 273 974 541 769 706 574 878 789 184 332 178 422 979 999 937 851 937 153 375 778 107 275 79 437 605 329 617 88 102 960 290 985 511 597 338 521 902 999 209 393 708 169 451 720 901 622 259 97 725 953 451 513 770 811 762 847 554 419 337 289 907 786 270 590 682 921 96 420 34 489 380 427 102 85 887 701 248 485 389
568 883 281 901 55 369 669 795 799 943 132 416 104 716 375 853 916 651 836 567 572 999 179 442 32 143 426 911 296 931 569 338 417 80 926 233 376 16 195 357 522 476 792 473 338 403 142 374 660 202 74 525 212 330 660 815 701 553 151 572 712 871 957 4 713 638 290 924 431 85 726 219 890 414 313 152 915 398 344 651 540 576 73 662 451 247 172 417 480 828 539 228 961 516 427 330 367 313 535 642
282 519 762 817 364 531 817 4 154 611 777 175 918 756 665 770 956 555 994 467 668 814 352 260 927 648 782 864 743 357 442 385 488 927 955 944 881 633 604 459 23 781 455 201 421 481 326 7 512 172 749 351 620 37 427 439 524 964 481 478 825 485 833 37 441 979 47 461 887 81 671 302 961 459 609 879 594 641 835 273 515 862 121 794 177 581 537 466 166 166 713 707 534 12 567 162 882 266 695 201
433 123 49 816 398 632 688 167 880 757 562 554 871 55 923 496 37 325 358 866 536 336 520 201 246 943 708 412 791 428 403 257 286 863 395 114 529 236 286 144 466 331 499 574 258 980 249 255 92 126 115 191 357 148 215 963 834 992 496 701 833 57 770 851 74 216 342 467 393 44 337 358 840 755 612 558 290 952 234 769 530 964 305 402 601 488 476 957 367 444 774 180 706 959 163 993 763 115 835 945
595 751 840 380 244 733 670 733 651 462 478 821 838 451 879 15 802 866 504 27 432 789 812 510 202 679 48 125 291 46 91 150 572 430 530 51 587 684 244 684 880 374 661 871 936 666 636 309 34 720 545 672 810 600 145 984 142 959 220 124 647 213 801 913 552 770 556 520 868 567 33 21 528 266 50 59 493 697 1000 718 949 370 629 149 810 340 920 707 293 725 915 67 258 485 72 173 89 45 678 711
745 403 794 668 274 389 447 344 535 315 51 695 698 789 478 867 198 702 711 47 220 435 992 654 541 146 117 264 368 746 542 274 100 81 38 48 680 221 530 269 659 209 442 265 827 655 856 627 760 460 452 674 915 364 510 988 416 853 453 254 714 998 760 215 764 553 309 67 52 247 168 796 503 712 494 233 57 56 628 528 695 237 503 203 696 471 353 115 350 719 678 34 997 175 7 822 421 582 292 193
578 68 159 225 66 820 929 433 130 993 561 38 90 420 746 979 175 196 71 829 505 448 848 419 646 371 513 636 550 526 492 579 32 3 265 585 145 889 72 229 110 419 670 729 578 69 151 38 611 914 583 930 860 207 636 156 365 996 519 620 756 223 559 747 455 376 848 14 78 997 440 978 448 801 54 478 464 687 344 891 572 743 858 161 46 229 80 353 970 97 280 588 125 375 640 10 76 853 958 29
18 994 701 929 158 245 127 935 593 97 803 215 809 114 351 695 368 24 152 283 115 871 919 647 566 697 369 659 258 377 306 463 371 537 715 28 390 295 768 32 404 641 433 363 160 988 758 621 760 470 110 503 923 121 190 578 248 395 946 119 283 343 21 634 564 913 204 993 328 589 148 56 44 42 239 858 439 891 693 781 500 940 337 542 485 983 843 319 784 952 728 988 117 23 77 412 262 835 855 477
543 750 940 335 903 246 213 983 290 440 986 415 961 778 309 786 500 391 367 81 214 785 973 493 446 166 112 9 82 847 803 360 664 359 7 295 256 404 510 954 363 518 345 68 729 770 60 705 127 44 489 87 690 853 663 47 422 615 642 137 344 280 310 174 882 80 367 434 1000 737 457 624 800 987 484 389 949 765 122 105 663 150 408 363 342 980 289 22 427 995 888 733 783 160 796 763 903 920 431 889
562 757 596 146 891 158 602 879 811 537 355 111 549 624 207 886 473 796 512 364 692 20 454 418 114 199 581 367 172 229 667 854 365 968 57 419 179 510 189 94 292 706 40 619 868 754 870 663 207 606 553 221 7 764 763 270 34 301 480 444 193 338 508 472 245 663 307 177 434 443 41 582 692 136 185 567 409 262 369 313 813 871 928 549 798 29 927 294 921 106 971 950 580 265 862 64 41 272 534 88
672 616 655 35 658 204 271 411 55 266 153 69 946 610 180 184 943 131 711 765 870 723 754 948 94 375 30 223 827 416 833 21 220 992 601 301 263 826 941 388 249 751 542 364 947 547 23 387 665 93 293 826 898 175 731 146 853 727 739 576 299 587 180 353 414 139 112 678 58 632 137 738 246 865 973 690 438 588 477 746 565 339 87 438 936 5 105 443 914 811 285 103 54 519 987 155 193 81 205 644
69 833 839 677 485 638 283 863 400 363 699 704 954 304 513 802 170 594 889 260 4 552 874 579 495 753 361 189 492 289 617 129 161 941 686 925 330 486 814 806 588 19 96 137 818 189 977 341 449 295 421 993 836 687 1 856 906 950 333 995 924 481 286 124 567 88 345 986 364 343 845 422 941 85 366 644 473 380 49 417 179 638 467 436 51 793 370 301 51 341 735 862 50 243 986 270 209 729 727 401
108 265 338 165 979 825 444 583 585 906 774 205 20 120 491 54 809 779 918 963 221 646 901 31 199 219 962 104 334 844 354 693 284 870 528 618 706 557 242 847 275 324 144 677 546 705 300 129 109 239 239 983 553 480 488 699 658 182 79 908 751 236 238 621 536 327 859 323 531 184 527 98 621 353 109 589 522 984 155 657 95 207 947 884 954 229 218 325 292 399 861 388 892 956 137 315 966 460 462 761
90 761 746 822 1000 200 883 792 44 476 592 181 377 865 739 697 763 768 809 704 448 528 836 805 484 886 650 934 82 151 736 20 679 910 758 854 20 339 28 195 676 269 83 451 59 1 58 657 694 472 154 795 694 512 120 595 366 672 716 734 647 737 719 221 607 447 570 337 626 569 356 187 50 872 399 663 798 351 912 285 160 287 807 941 496 724 273 947 633 831 369 602 493 283 406 922 153 934 491 483
872 491 513 561 657 184 211 613 120 115 225 308 521 703 750 325 55 496 764 598 71 45 91 391 334 716 285 440 738 298 264 219 32 967 574 413 683 731 399 901 225 361 804 474 604 415 33 643 298 429 962 36 584 937 494 249 302 602 839 391 205 428 307 655 141 756 148 826 382 100 211 509 921 920 901 373 79 565 335 763 475 184 342 307 222 283 144 355 501 914 765 249 281 147 633 984 711 950 805 518
126 636 745 18 569 11 185 891 381 48 51 42 633 444 256 92 540 554 549 91 122 940 196 656 234 922 129 4 112 82 129 199 622 785 552 957 62 646 636 276 129 293 751 729 754 67 360 340 373 408 656 687 174 269 455 107 683 891 724 652 205 439 941 626 754 238 162 206 736 848 719 121 840 668 259 185 456 923 629 322 766 325 805 199 8 997 505 636 978 879 674 162 516 51 735 597 928 588 898 925
302 792 501 426 3 627 229 698 433 242 545 128 327 231 291 773 862 438 638 664 945 122 66 60 908 713 855 894 846 568 62 809 964 959 50 716 72 634 702 266 802 28 869 56 708 652 976 678 434 726 716 7 740 157 801 896 938 592 648 292 850 544 823 726 874 990 695 374 234 867 550 330 731 211 247 892 492 198 637 80 992 464 161 498 420 962 381 489 800 711 61 598 487 247 170 488 226 633 586 190
399 156 463 455 199 662 403 609 220 78 321 852 406 161 977 164 836 768 334 708 33 324 689 122 846 466 935 401 518 60 964 239 831 667 623 202 412 341 457 261 174 79 90 132 996 360 599 805 950 500 694 13 252 770 445 934 681 423 231 683 667 889 226 451 934 214 749 49 419 848 484 518 714 348 830 65 89 320 244 963 269 199 680 559 677 980 480 787 668 137 812 1000 199 910 694 658 417 127 676 195
385 849 183 70 610 116 823 738 558 628 618 739 633 399 947 382 616 672 603 137 777 145 778 865 325 163 205 738 488 226 1 954 691 486 921 359 461 951 14 505 890 526 70 595 245 164 940 670 187 746 56 142 787 581 184 915 433 985 74 794 687 293 236 220 966 543 57 335 356 882 669 176 788 559 836 253 295 388 509 198 256 795 76 671 114 491 83 771 698 891 292 393 250 241 247 62 194 611 34 734
324 356 807 734 715 269 798 996 271 755 382 186 531 901 5 884 51 590 715 811 537 551 773 817 293 288 829 489 614 393 301 354 178 15 101 745 731 632 967 148 624 221 161 887 319 665 295 209 62 678 42 986 654 678 819 648 665 900 704 485 748 373 509 145 767 28 513 378 88 3 236 323 880 48 158 589 256 69 742 225 200 823 309 375 66 406 183 129 666 521 370 539 509 377 231 699 321 913 276 731
317 36 689 944 521 160 633 93 415 323 915 697 156 871 603 476 175 132 463 934 119 194 948 249 256 652 908 347 994 652 118 49 588 798 649 59 955 541 864 230 659 50 810 491 916 323 217 605 598 862 131 590 83 227 898 419 691 448 696 990 412 338 230 929 275 432 358 718 967 703 919 962 902 311 11 437 832 27 214 55 534 602 452 294 293 847 430 624 565 341 704 146 765 165 910 325 126 500 121 825
