1000 100 100
16 601 114 554 907 876 334 238 124 76 438 744 948 372 132 682 263 998 716 620 406 887 101 932 717 573 981 391 638 960 665 581 233 481 275 394 352 825 929 385 196 50 201 288 801 393 464 980 986 235 76 829 756 674 185 23 214 113 639 999 788 120 724 327 673 472 40 272 163 481 398 74 551 42 933 928 866 441 947 993 917 884 988 349 595 205 271 188 255 568 880 225 987 355 809 661 639 789 616 834
814 153 486 228 396 380 876 58 494 122 47 509 942 793 131 316 732 239 779 870 749 652 195 353 230 624 780 103 527 591 500 830 369 991 296 663 716 444 238 16 64 869 726 975 469 259 189 315 7 946 733 947 408 412 178 690 360 350 660 721 487 398 332 784 640 610 417 979 942 592 765 365 687 438 872 31 150 589 846 819 256 971 205 315 172 750 964 877 999 482 517 181 236 118 571 675 763 38 845 182
788 555 259 752 493 331 605 104 311 931 331 967 923 323 410 44 191 566 301 752 352 853 509 816 47 964 671 210 419 886 676 108 403 981 192 747 238 755 332 564 302 696 212 111 313 544 106 783 692 684 834 648 715 808 699 760 404 695 284 100 328 609 803 91 603 888 315 84 608 327 49 774 300 857 385 544 229 595 560 83 980 799 549 850 676 97 243 409 40 370 824 458 520 954 15 921 320 759 837 346
546 137 363 131 159 951 949 250 787 194 2 266 618 807 161 469 136 566 754 406 208 343 671 718 861 704 713 882 604 388 511 491 202 676 84 811 729 798 710 708 180 172 502 222 724 119 447 792 545 637 454 511 255 284 456 160 293 564 977 145 388 866 764 801 479 297 745 938 807 591 862 374 309 40 639 681 85 126 925 602 335 835 694 81 687 160 498 847 505 662 264 521 887 152 841 750 396 771 475 407
607 785 232 572 243 81 295 34 212 494 177 14 390 649 19 224 323 623 864 797 848 751 958 695 619 550 44 592 568 542 602 286 987 469 397 379 528 112 554 450 808 321 976 116 526 208 539 527 631 95 528 578 383 369 461 944 728 301 595 866 314 947 973 303 257 831 279 857 16 82 270 81 132 253 810 50 265 27 406 829 520 966 13 587 585 658 5 999 356 1000 487 891 98 138 487 130 516 575 75 756
342 347 615 906 565 529 171 287 164 31 805 980 295 651 934 681 292 498 438 693 993 645 248 280 240 143 363 528 184 371 930 347 393 901 488 613 879 776 240 961 66 793 449 594 289 557 633 622 116 46 23 981 949 144 488 170 892 481 943 17 616 108 128 790 990 140 317 855 853 316 586 68 856 277 472 118 611 330 465 445 97 764 479 245 753 143 174 545 515 745 721 166 749 114 45 955 566 264 862 382
368 586 6 984 549 488 482 235 803 516 376 141 560 835 664 754 619 362 365 629 630 372 220 901 970 280 669 584 776 849 37 898 686 281 67 183 885 151 539 423 768 490 987 990 781 300 582 730 235 586 511 49 837 348 882 682 625 496 879 878 580 793 591 817 754 29 115 353 411 899 513 516 683 922 866 734 487 802 550 888 420 798 798 206 687 990 418 924 838 534 848 277 265 640 798 265 313 880 175 842
293 513 781 725 104 747 208 128 268 794 209 885 92 336 400 167 870 73 516 343 459 448 441 179 893 832 778 189 612 180 426 708 590 404 699 986 645 206 321 731 704 338 364 847 633 94 648 493 244 675 520 791 668 838 340 162 292 401 148 377 416 415 331 999 110 996 594 240 753 249 78 507 626 756 186 961 953 337 97 653 821 206 172 266 112 706 458 919 546 825 217 802 124 586 15 428 88 216 465 983
530 333 156 818 768 617 506 231 324 340 812 546 151 189 601 743 247 192 159 309 380 519 0 306 428 976 916 444 15 94 170 510 88 4 956 193 602 722 971 196 669 544 665 103 590 30 15 198 952 641 159 264 242 849 905 896 592 72 555 989 168 63 445 671 680 186 702 989 957 574 978 356 270 42 24 870 7 691 571 541 284 573 989 662 747 31 714 36 231 489 735 876 186 844 958 569 253 583 964 891
124 125 147 941 980 55 776 293 300 963 304 710 710 930 897 253 576 665 327 615 520 961 594 730 158 589 338 161 677 80 622 21 383 724 423 178 842 878 581 876 348 480 481 233 543 229 403 381 226 447 662 939 691 242 633 704 126 505 618 454 297 190 407 344 616 732 483 194 338 131 217 625 923 553 309 733 608 511 379 455 179 524 789 362 763 816 913 993 363 869 361 647 796 993 336 635 366 330 820 726
183 808 83 654 696 228 930 990 244 983 534 302 176 890 808 368 539 193 249 671 556 178 837 715 6 121 844 453 81 153 495 171 565 645 349 457 219 437 954 836 896 513 961 108 588 933 861 456 790 0 680 708 598 511 490 170 242 426 188 922 516 85 257 207 143 914 972 632 792 153 589 333 113 876 497 448 373 568 932 995 2 987 453 97 58 316 859 372 231 343 912 623 880 652 340 252 250 725 410 673
114 961 105 153 835 920 870 955 602 133 954 298 922 369 732 611 246 482 803 69 36 353 997 491 251 271 875 80 849 776 357 670 429 37 637 375 389 677 642 918 866 101 39 157 402 828 403 439 675 847 247 889 778 820 538 657 578 599 143 12 770 886 49 899 836 737 804 413 753 504 35 235 867 298 600 333 12 195 763 664 482 777 15 0 491 482 95 72 605 955 270 444 671 330 68 232 220 862 234 63
113 260 480 802 524 271 309 891 855 794 703 187 396 682 651 899 730 582 873 494 947 414 79 558 878 986 140 374 163 874 426 337 261 847 611 106 402 529 974 673 410 642 598 302 520 282 727 338 838 271 470 426 423 58 372 247 203 120 343 243 152 746 513 81 17 681 376 377 830 204 76 103 705 354 189 447 623 963 901 903 676 846 258 95 964 823 265 909 508 591 962 110 658 56 668 875 92 338 852 479
331 241 440 24 311 90 474 408 118 67 287 809 470 204 618 915 452 214 462 943 236 198 705 852 843 275 905 956 397 622 73 559 433 174 740 15 475 430 348 711 367 619 51 421 252 499 498 641 311 903 914 256 666 886 306 785 520 426 938 720 101 85 572 0 167 16 968 423 783 969 754 829 346 463 654 116 736 768 336 83 812 270 701 956 322 840 738 947 500 621 9 246 677 94 849 83 206 483 224 130
197 269 192 406 332 247 95 27 653 921 552 435 540 973 890 952 821 484 488 917 159 938 449 691 374 764 476 486 11 781 381 584 331 929 313 257 208 597 887 212 677 63 531 282 23 911 319 273 394 149 93 485 465 561 383 291 517 261 131 547 734 350 95 520 842 770 537 362 702 360 751 124 202 790 235 701 936 912 45 372 491 9 670 765 978 727 119 198 847 316 411 61 844 973 484 596 97 457 643 224
290 110 481 402 999 123 704 239 954 506 742 792 439 608 852 320 323 622 337 21 59 625 688 880 634 21 578 430 496 503 126 501 679 167 843 141 464 944 6 407 123 809 627 50 816 836 753 886 642 21 338 120 689 962 465 198 652 491 322 485 159 669 613 166 426 641 418 184 213 842 622 166 220 815 32 582 274 460 235 887 595 501 911 126 658 393 930 144 872 822 775 547 405 639 669 456 503 427 11 593
725 567 922 188 543 965 788 723 656 289 364 930 55 309 725 738 458 668 41 657 936 421 472 781 457 605 118 97 509 657 506 806 450 163 150 777 326 129 743 928 705 435 290 432 58 621 481 94 126 138 211 468 663 717 986 370 777 322 500 672 172 484 879 379 360 582 692 734 638 493 860 632 266 137 942 516 99 843 607 442 504 395 477 22 251 412 541 189 108 436 120 584 820 626 916 243 833 866 187 611
394 835 668 818 736 657 337 71 785 451 721 817 674 583 595 156 863 566 478 178 470 605 522 55 144 147 516 402 915 477 981 706 597 101 335 253 672 68 483 857 175 589 556 853 494 859 420 359 107 873 726 528 655 585 319 636 31 806 203 883 871 14 36 315 1000 434 338 973 567 985 159 421 885 663 484 690 533 640 862 240 480 763 215 459 741 924 165 695 81 107 439 580 140 641 805 709 751 597 489 28
842 23 495 214 21 537 260 486 315 961 573 946 741 513 212 281 293 450 845 423 551 694 962 769 738 379 397 461 492 743 232 519 260 937 103 416 57 318 801 41 817 139 411 422 285 69 541 857 865 715 992 402 980 42 188 422 971 399 192 476 250 409 332 696 606 753 899 189 143 728 294 265 309 145 274 10 733 450 779 653 643 562 481 484 634 504 970 602 461 395 49 636 993 528 775 121 313 554 440 135
857 994 487 384 533 226 351 654 886 40 545 225 608 56 253 713 672 996 409 703 145 435 520 360 918 626 252 15 986 196 672 188 51 402 379 893 790 516 782 393 914 381 273 391 500 640 939 637 221 429 370 552 749 665 636 978 601 855 610 328 318 599 316 197 839 452 528 748 897 625 735 242 471 159 282 452 778 385 110 247 17 893 570 887 640 883 382 653 124 749 582 418 686 736 358 267 403 71 465 307
809 54 147 563 203 981 217 141 170 88 566 476 2 530 388 934 186 98 619 618 849 240 46 727 837 344 391 972 894 40 769 566 188 185 762 729 821 284 182 553 756 132 237 779 824 261 286 910 926 633 408 330 835 271 817 867 881 141 784 68 435 861 88 323 322 135 834 804 598 76 350 526 563 860 710 569 166 509 943 485 425 473 938 327 388 472 896 105 706 277 654 829 587 956 104 351 702 387 246 426
848 669 45 647 315 293 115 663 405 641 45 427 398 832 659 921 660 339 550 672 573 667 933 324 840 54 199 936 817 691 449 60 853 150 764 28 168 893 294 161 461 602 615 572 422 236 309 757 145 807 187 789 359 58 347 446 860 156 413 814 207 221 775 947 153 726 982 852 643 638 860 142 96 123 891 150 298 216 513 529 407 923 538 223 474 213 201 149 286 543 962 516 24 780 247 414 847 575 441 541
293 32 842 120 731 674 447 868 447 624 615 733 808 35 609 547 472 971 217 260 959 460 719 694 476 981 328 263 536 192 95 295 313 826 33 432 666 48 955 16 361 555 283 212 31 361 124 669 588 853 846 685 344 233 400 891 913 743 2 677 380 392 348 777 10 26 335 412 265 665 925 342 14 636 708 184 596 592 556 36 356 143 733 541 702 727 196 844 444 44 130 774 582 799 271 131 484 986 53 206
85 271 17 758 450 779 335 311 767 682 979 132 110 934 457 117 591 614 2 754 510 915 753 510 877 833 834 616 195 593 395 566 192 196 788 708 476 471 631 621 757 98 285 241 974 263 647 311 653 743 332 603 741 196 581 274 599 749 227 974 987 640 260 298 555 562 367 884 100 450 791 16 5 642 388 433 454 16 950 763 930 986 127 410 279 303 900 3 113 516 383 162 186 180 955 889 804 372 319 624
2 808 28 898 213 975 622 348 892 88 663 688 960 231 760 531 270 805 828 993 693 544 421 209 737 440 581 6 212 426 30 763 151 967 372 189 335 462 356 924 889 942 185 51 803 99 820 603 644 665 370 895 875 298 118 598 937 963 624 645 732 629 924 761 835 950 65 420 355 906 820 151 136 390 933 672 149 166 976 115 923 461 182 708 572 948 470 235 285 644 623 231 290 873 711 59 816 985 17 291
652 494 430 715 610 276 587 914 212 422 193 57 357 689 162 881 409 520 88 355 657 17 498 86 117 275 880 420 794 521 151 675 732 219 391 206 184 675 590 159 824 480 973 104 979 354 16 718 30 883 571 134 727 269 33 929 292 49 454 383 789 204 619 974 159 630 213 84 45 763 918 421 904 334 720 589 607 641 810 307 102 364 406 582 355 951 399 634 407 144 366 973 770 47 876 959 591 372 619 242
298 856 740 965 574 94 388 936 651 983 579 381 268 273 599 316 904 310 192 625 702 349 249 223 748 16 171 207 901 410 726 162 514 950 981 156 173 651 259 39 991 352 104 539 970 936 195 978 732 707 933 437 204 665 154 83 119 974 900 98 754 280 825 703 530 886 26 895 874 738 859 799 174 945 0 63 53 253 442 712 686 957 642 303 256 11 312 476 851 175 307 741 551 252 266 100 834 300 376 149
998 446 432 539 829 59 562 79 796 418 502 8 700 230 167 545 595 952 211 744 411 421 86 763 692 732 138 598 117 35 901 304 217 555 220 52 792 157 999 359 457 923 498 420 40 107 65 325 537 577 526 387 419 569 966 734 559 203 339 389 728 66 542 696 134 613 111 847 511 835 896 426 543 226 875 882 199 333 788 907 896 188 533 319 366 630 749 373 887 272 706 211 463 470 64 138 127 664 214 586
766 626 980 87 473 124 824 587 183 121 140 52 846 508 539 236 978 723 473 358 392 76 430 108 681 949 968 454 506 679 328 991 325 789 96 568 863 95 620 252 438 559 514 310 957 809 171 990 236 116 429 199 926 224 436 2 354 818 749 41 162 575 694 404 281 364 231 512 30 764 68 52 117 989 876 131 329 219 930 962 276 945 862 131 935 833 219 381 469 226 316 737 679 238 169 634 817 12 548 687
76 430 495 233 179 775 368 327 434 63 422 487 179 895 872 320 460 241 5 720 355 858 582 707 911 503 843 184 229 730 337 900 610 859 830 872 516 659 338 818 333 906 718 429 367 612 149 141 22 868 746 774 734 534 865 848 815 943 729 788 409 311 762 404 309 982 823 317 894 148 878 616 6 561 96 657 353 615 600 7 162 83 889 722 369 852 395 970 26 771 638 949 990 370 452 833 168 896 667 234
467 856 465 636 143 951 295 216 8 880 905 842 746 865 314 506 662 522 980 368 370 818 1 804 80 476 334 19 877 159 432 55 98 18 624 285 932 966 783 183 718 886 982 674 183 290 192 176 693 66 816 158 657 586 647 753 560 449 913 213 315 385 137 943 316 414 415 831 329 438 332 932 717 690 123 553 321 851 401 422 621 502 84 333 44 252 168 917 823 753 948 353 148 909 836 830 257 349 591 461
156 738 965 570 99 153 891 934 388 918 797 110 420 915 197 117 398 42 150 976 658 610 350 285 621 0 500 125 887 779 327 933 770 405 72 302 381 392 423 371 465 519 724 712 705 976 690 165 219 342 967 600 568 611 703 924 693 886 911 541 223 917 408 922 247 197 372 913 692 437 96 265 416 573 112 955 747 891 870 800 692 423 631 645 986 921 272 966 271 438 334 474 162 388 510 969 279 757 284 438
380 167 801 692 124 273 198 206 192 332 102 215 383 677 473 313 890 426 739 175 126 180 971 211 557 868 754 784 983 652 122 150 762 318 463 39 901 267 67 112 357 425 588 788 484 205 913 282 832 883 599 190 534 455 91 858 520 533 891 475 11 308 317 316 692 935 757 426 436 68 477 93 954 250 412 245 134 500 650 483 875 343 195 183 727 413 702 185 817 958 622 93 30 647 580 169 32 6 665 610
451 27 653 895 389 209 530 440 845 400 74 809 943 18 164 966 981 871 914 941 415 405 232 900 608 307 564 952 60 655 624 409 209 318 405 561 680 580 136 781 108 659 306 253 83 450 699 788 582 518 379 488 979 357 16 998 228 71 599 4 848 934 634 440 298 219 618 50 489 735 394 119 496 265 968 910 221 533 687 817 635 313 741 262 42 947 514 871 284 97 39 855 5 862 846 213 535 467 870 106
266 318 91 100 784 849 37 804 843 925 276 309 153 442 384 205 818 959 297 661 690 787 67 265 273 673 465 313 311 961 322 230 97 289 657 351 368 870 239 298 245 319 872 693 188 366 213 329 251 129 267 425 56 193 939 742 95 585 674 91 447 203 696 729 167 935 968 106 661 997 743 927 585 524 714 124 512 892 30 483 426 615 99 73 464 635 781 562 930 121 717 186 288 879 48 839 96 175 860 935
121 844 132 287 869 553 509 697 315 184 18 561 38 793 469 622 332 244 234 712 869 941 904 305 68 909 698 853 320 281 447 139 721 752 890 9 657 769 519 48 27 730 857 349 813 658 553 939 927 168 901 849 268 40 715 512 438 264 543 429 472 494 837 187 287 931 90 53 629 941 289 733 48 308 650 850 346 132 230 422 426 41 348 646 140 957 671 94 298 590 885 986 550 194 446 692 709 73 895 52
879 766 209 207 507 679 757 237 682 189 211 609 278 117 698 908 365 73 160 824 266 404 541 792 709 894 56 711 889 686 503 198 987 365 468 288 9 137 267 414 314 682 563 604 21 708 380 695 439 656 47 921 249 714 152 198 105 477 937 975 774 38 109 95 556 917 553 73 422 934 438 20 684 765 665 894 637 506 608 24 984 30 97 281 880 449 552 769 665 643 309 332 417 330 839 648 709 671 75 399
771 867 522 905 552 904 639 163 426 61 484 551 781 798 352 840 769 836 780 332 951 614 771 860 646 417 300 359 316 252 228 46 476 321 550 811 38 874 902 893 919 500 702 53 348 113 484 748 4 588 640 99 564 478 315 475 4 493 760 397 542 467 555 163 415 572 287 259 282 814 647 590 625 477 598 12 370 208 763 652 899 877 21 633 752 140 243 682 597 927 862 704 552 669 991 184 597 804 770 465
971 379 441 350 42 406 964 482 922 498 59 379 456 803 729 366 354 563 925 995 717 196 401 196 303 627 628 884 295 850 437 460 760 570 494 162 424 929 657 17 638 768 497 69 823 558 937 86 787 906 960 972 574 898 336 185 698 588 236 29 34 778 305 43 441 657 772 529 844 796 703 167 163 314 198 733 999 754 325 568 47 758 510 189 316 373 964 769 210 987 612 586 141 998 571 272 739 639 644 83
357 466 232 936 224 738 137 482 450 854 260 619 243 820 630 899 921 343 290 570 507 517 936 357 281 499 133 97 557 986 180 72 369 740 105 451 892 718 996 426 80 504 897 138 915 779 383 383 404 638 929 853 371 980 595 686 559 231 965 667 785 537 561 526 685 810 866 767 461 873 819 538 705 785 800 428 472 402 530 143 694 310 609 429 833 562 74 915 430 903 8 271 904 990 721 694 755 217 514 662
278 673 865 119 849 336 175 276 457 248 740 574 961 484 3 683 397 121 684 126 755 306 483 624 350 93 545 980 353 44 355 94 47 760 241 815 166 85 391 122 973 628 523 286 293 99 259 298 812 611 599 553 930 549 691 654 522 759 254 85 458 588 416 29 666 883 673 609 34 221 463 901 158 0 169 536 54 627 592 181 573 720 472 483 331 11 326 515 217 578 131 435 909 850 125 807 902 892 614 807
138 399 807 767 394 224 731 240 687 880 97 14 736 46 162 794 324 668 944 187 753 338 923 389 700 107 408 560 608 273 850 841 102 661 275 947 566 344 572 783 958 503 183 681 563 294 989 120 676 336 989 667 851 852 512 170 43 861 875 793 130 339 366 769 159 622 799 717 14 183 613 818 292 445 164 906 337 424 643 955 208 43 90 337 297 737 524 426 189 827 243 976 248 432 907 620 688 306 59 785
867 459 957 248 169 411 104 727 396 838 381 515 379 190 713 933 897 409 274 298 423 406 634 666 872 663 167 905 753 766 30 14 203 817 884 184 989 268 13 136 737 37 876 770 672 76 709 901 380 487 380 137 598 127 754 104 15 292 159 963 81 142 882 544 801 503 429 382 150 818 812 7 362 764 548 526 924 781 531 422 998 498 778 561 919 410 846 40 710 975 726 430 791 759 995 768 33 425 495 216
482 108 30 217 948 163 991 623 495 209 869 677 70 302 181 276 983 743 36 917 533 453 271 322 0 675 407 665 834 117 537 357 875 135 294 458 948 683 157 194 76 669 813 397 34 598 775 55 541 478 889 885 260 496 31 329 804 897 109 241 352 31 680 290 913 820 191 177 807 102 884 12 293 128 370 420 351 304 694 469 214 158 82 971 813 821 731 707 27 703 367 341 613 614 588 548 206 282 959 433
243 770 145 341 689 188 897 158 442 1000 438 474 999 802 540 836 751 219 71 962 492 12 800 788 861 522 166 348 170 87 697 583 622 698 410 714 440 953 179 256 18 505 52 272 646 702 402 459 150 437 185 228 430 484 440 168 355 584 939 357 493 0 301 211 419 373 905 145 995 865 992 27 998 160 509 191 486 680 247 900 692 545 334 355 324 590 950 254 744 41 228 181 581 774 833 205 757 260 532 521
422 779 237 873 881 33 357 354 354 546 160 432 672 684 276 361 578 847 176 709 337 14 568 975 728 822 316 126 88 196 954 943 636 979 116 883 757 188 763 379 238 251 557 422 862 230 732 369 310 869 656 796 866 385 369 890 143 798 994 779 242 870 206 476 877 344 624 415 164 533 340 811 844 384 931 75 896 189 842 395 434 322 250 21 702 882 277 957 846 510 966 384 868 504 199 946 172 142 658 640
374 940 69 662 437 484 580 773 181 569 954 418 999 122 146 587 591 453 502 432 546 895 99 199 250 510 350 258 80 442 293 424 388 897 847 362 100 104 119 351 592 379 159 265 601 670 149 584 190 1000 564 170 292 725 714 582 718 355 55 743 434 621 421 73 859 367 698 806 114 409 180 279 500 177 354 197 182 406 242 204 253 191 237 253 717 824 924 901 54 746 819 921 852 489 928 874 873 696 156 557
444 758 204 95 1 119 167 802 18 719 153 726 228 698 486 251 755 577 327 997 127 766 63 259 779 628 322 547 632 386 366 414 1000 553 298 949 822 939 205 54 11 844 702 412 881 931 919 300 693 343 295 962 445 568 357 55 984 825 1 627 641 127 532 228 559 146 973 387 888 0 783 401 895 326 322 42 597 247 621 781 459 535 627 618 191 261 561 936 859 241 44 654 645 583 489 133 955 776 820 505
454 836 89 126 55 49 250 940 586 4 607 208 461 537 258 676 845 280 309 341 154 595 591 836 715 568 219 779 271 207 894 88 112 386 258 398 20 56 570 316 159 959 519 603 112 277 160 543 218 43 548 210 511 245 705 630 432 87 234 996 546 437 101 132 765 42 721 5 290 454 743 571 487 772 800 445 398 997 386 521 745 595 107 419 764 149 192 48 767 189 702 285 368 800 518 594 66 573 886 362
417 968 432 9 841 580 780 183 892 890 214 509 469 711 341 154 433 444 177 136 558 17 328 722 617 396 181 5 471 135 442 878 262 52 791 703 316 695 119 492 505 348 692 832 397 427 718 159 731 756 89 95 666 81 494 773 447 967 447 692 828 373 18 343 826 525 307 891 130 112 253 910 397 898 514 195 567 479 205 235 859 22 606 542 971 321 319 675 711 751 991 490 446 718 555 550 748 482 970 841
900 626 165 630 23 126 547 466 344 924 99 73 982 200 970 561 734 647 265 382 125 315 824 886 896 326 9 32 422 255 835 972 629 155 388 623 115 753 939 932 188 943 563 589 812 397 225 466 470 167 383 318 661 288 82 241 870 512 805 233 228 150 30 157 657 294 847 640 361 509 894 26 444 85 106 913 453 285 712 290 651 839 57 212 644 604 635 631 921 222 352 800 618 83 24 206 924 924 114 836
19 457 73 670 903 772 258 628 359 843 160 782 553 748 104 245 392 132 350 769 84 485 982 596 876 301 840 736 414 239 971 185 906 775 257 568 229 206 916 469 948 802 517 722 895 693 483 429 95 309 860 772 110 763 433 200 468 597 320 821 50 970 807 531 20 55 747 916 433 761 904 391 793 609 557 729 998 576 722 324 38 284 587 153 695 519 633 45 718 42 20 930 486 682 408 430 176 869 196 256
369 464 545 689 273 539 414 311 920 748 661 363 229 250 923 989 542 663 952 619 603 466 632 444 626 609 115 977 540 388 609 754 410 100 447 488 557 712 239 477 388 45 209 997 407 839 710 983 68 256 318 89 224 996 84 669 144 100 294 33 10 608 154 620 777 827 850 304 219 955 648 51 631 563 404 312 288 157 486 762 954 442 630 752 30 588 375 271 727 779 552 33 13 378 823 64 58 153 607 611
445 133 421 451 472 79 555 328 770 320 676 476 580 762 138 21 673 989 216 702 580 10 572 867 273 669 853 762 413 18 39 830 716 854 735 577 633 300 172 65 213 748 112 357 35 946 690 120 697 327 551 979 128 473 651 323 678 48 46 727 949 290 463 689 254 822 187 424 549 684 378 976 441 404 621 564 857 864 24 929 773 484 16 674 167 625 900 555 207 775 537 220 653 964 408 444 678 608 476 587
82 24 103 437 805 311 752 541 325 198 97 835 48 867 909 419 796 413 566 461 823 946 648 620 237 944 703 196 668 372 889 663 474 407 526 266 502 257 767 252 824 214 172 82 700 212 768 952 485 248 617 128 124 966 248 288 224 557 832 478 413 769 94 662 728 668 73 468 664 125 769 863 629 959 602 582 34 889 528 218 487 901 254 835 700 710 545 358 861 319 324 778 651 126 114 328 359 418 806 431
199 953 309 879 13 598 123 134 225 909 191 637 752 665 962 593 341 276 667 544 834 807 627 819 203 577 813 670 189 940 434 356 409 204 862 851 926 20 751 932 707 438 143 510 281 996 248 941 465 552 764 859 396 116 699 774 668 964 507 188 137 19 577 560 34 749 883 900 474 35 131 370 932 21 935 725 492 881 90 579 93 214 251 959 631 207 29 984 136 344 92 168 996 369 514 531 211 333 525 64
626 948 809 68 382 975 58 456 7 356 424 816 380 254 33 608 277 580 137 455 368 680 928 458 157 483 81 409 939 71 90 746 694 440 713 710 296 817 772 87 573 262 984 441 106 719 1000 552 954 360 680 377 452 909 880 803 422 10 691 785 544 800 519 557 552 572 477 60 390 202 352 736 806 721 561 747 381 700 361 569 784 939 199 294 614 800 883 987 924 529 714 786 165 396 978 530 494 75 920 196
547 326 435 750 335 798 297 25 994 537 990 576 776 322 146 491 724 814 174 717 127 905 532 80 682 383 912 761 280 715 664 717 408 580 387 496 980 977 177 618 893 392 580 314 842 374 547 10 947 66 325 70 414 371 648 400 926 836 658 295 634 495 115 18 830 923 867 637 160 183 19 98 750 84 283 810 394 38 502 55 804 82 874 804 194 302 984 668 515 351 241 890 458 935 526 117 142 829 697 436
67 334 504 218 533 472 434 443 998 309 87 543 775 49 562 810 654 529 395 954 476 156 262 788 273 238 642 520 334 413 503 691 601 41 511 833 852 159 16 406 436 156 513 581 437 801 791 970 882 423 226 602 845 455 787 568 265 770 258 779 312 278 198 924 352 677 87 12 396 827 400 736 60 961 355 470 770 703 832 372 76 18 416 792 385 244 691 763 811 128 962 276 450 982 745 686 472 178 838 311
652 620 258 137 497 535 55 328 281 16 195 618 578 51 927 43 205 26 176 681 896 304 335 466 260 840 538 697 961 920 175 723 593 951 236 438 89 430 547 696 342 543 28 549 511 539 641 230 868 295 871 96 134 995 970 273 416 343 952 275 503 253 205 46 847 445 307 979 645 806 377 754 284 57 920 130 420 762 509 671 730 652 673 636 509 254 704 15 984 132 571 772 692 684 889 814 205 621 564 656
194 30 291 131 74 814 155 806 925 19 138 101 780 330 908 914 207 732 990 993 604 73 650 419 922 373 329 615 98 18 302 241 245 563 333 896 0 431 237 950 911 350 771 934 836 194 466 53 720 155 57 604 413 824 227 91 722 515 413 189 63 688 871 266 902 874 583 302 980 896 229 770 831 114 577 887 252 468 241 860 113 79 282 544 565 828 478 216 39 298 374 516 699 33 404 502 968 147 205 385
602 161 526 378 861 144 102 472 297 871 495 477 828 193 707 95 189 193 230 884 530 724 899 49 908 832 812 263 851 199 816 457 271 616 988 591 290 373 335 207 401 509 666 695 649 210 188 205 536 128 31 629 630 136 24 76 762 422 555 615 589 58 676 120 227 569 440 751 932 986 811 247 224 764 778 339 853 963 197 481 953 498 945 400 711 783 887 338 227 461 720 24 697 720 175 775 423 466 645 401
895 919 816 451 362 935 500 71 415 153 111 443 583 325 481 792 948 100 804 694 508 884 93 452 229 624 326 889 796 638 412 946 703 566 148 636 405 797 801 468 429 241 948 694 359 496 626 223 672 159 944 729 612 448 435 975 330 57 607 787 334 970 672 279 819 236 263 252 323 934 523 343 180 373 188 88 600 630 395 990 824 507 799 568 651 403 101 343 373 488 32 538 881 401 813 301 639 752 126 90
457 616 203 257 411 651 463 504 464 86 658 3 192 458 875 835 783 577 498 633 120 939 973 282 838 716 985 949 85 56 679 62 123 273 471 838 81 202 464 553 157 555 644 677 72 822 898 688 243 674 353 561 804 171 58 357 162 922 986 410 941 485 630 750 372 687 751 222 505 37 87 540 126 90 91 705 541 148 310 827 295 136 419 104 154 287 314 569 820 354 565 721 207 60 322 864 911 564 341 555
613 315 178 955 668 986 356 945 953 892 96 712 518 722 256 519 796 325 865 809 766 838 106 884 950 897 472 524 352 516 952 175 459 550 521 634 994 87 117 290 956 293 409 820 748 439 357 419 934 389 906 747 985 330 312 428 579 283 377 657 71 524 177 295 517 327 824 925 705 311 166 861 350 197 210 822 936 859 917 450 82 297 808 470 673 83 418 498 148 62 784 986 945 774 227 603 300 390 386 247
449 36 733 325 287 64 984 978 309 414 190 808 379 181 292 121 124 164 626 70 643 298 648 699 314 841 368 757 107 742 809 61 566 224 897 993 81 758 560 261 199 701 485 896 718 327 547 891 232 582 507 106 794 115 582 930 937 628 949 675 153 984 919 972 993 92 530 820 477 288 651 656 731 347 574 78 374 700 495 804 111 380 212 668 642 158 920 317 715 86 443 195 541 553 738 592 498 330 570 104
417 722 868 662 176 147 182 73 889 713 114 355 511 972 812 892 318 340 369 608 922 931 511 989 1000 82 744 45 275 257 495 915 457 685 230 821 17 180 341 645 782 454 862 739 643 478 458 634 708 884 364 412 400 670 521 463 530 211 6 835 785 530 528 846 986 979 438 200 903 774 66 544 738 801 967 695 299 74 63 465 316 96 944 173 399 297 753 245 878 83 811 147 408 582 29 426 188 264 485 62
744 387 690 555 152 754 100 882 63 383 170 891 18 375 768 268 763 869 569 893 269 588 144 326 280 386 339 874 792 39 343 256 989 966 136 567 791 509 83 40 510 155 530 731 924 716 121 697 687 314 497 870 886 508 496 399 62 314 184 278 424 699 940 452 408 279 718 495 582 590 347 797 119 541 300 874 912 316 166 167 799 256 970 522 344 519 672 475 265 489 99 354 817 903 833 270 713 844 802 70
983 137 407 151 766 355 252 552 367 758 705 105 254 780 532 609 18 592 729 452 753 56 851 237 570 683 950 350 217 925 992 864 435 675 845 862 32 742 530 946 720 454 19 487 563 780 812 279 260 280 285 184 137 594 398 636 353 947 835 728 917 460 318 378 916 914 290 942 352 757 128 529 24 885 101 232 513 192 836 96 354 706 222 714 639 283 353 326 815 522 676 602 939 31 89 628 934 415 731 759
707 638 738 260 298 862 33 495 94 10 85 743 246 112 476 407 620 788 85 982 10 668 130 718 163 596 190 473 618 861 527 124 849 267 996 14 867 188 740 515 400 231 649 396 113 680 963 338 744 20 235 522 155 780 174 874 681 937 445 381 237 917 190 658 852 756 855 385 750 723 368 960 351 135 1 462 190 994 475 910 36 486 632 830 919 760 650 842 430 435 109 287 220 733 623 131 94 855 688 582
937 603 962 143 425 947 175 457 444 800 319 127 72 771 436 952 480 182 827 545 986 105 930 791 794 852 12 434 371 305 440 699 887 881 963 999 100 717 819 803 836 191 373 749 859 110 345 373 922 903 420 320 890 746 926 514 533 297 588 938 486 54 145 986 581 751 854 513 219 749 589 361 246 408 176 242 464 284 389 883 678 150 901 108 211 904 649 104 507 325 84 107 890 201 747 25 770 813 670 643
422 194 444 436 491 543 540 614 647 606 559 21 447 735 663 119 587 784 685 338 662 628 897 854 216 625 732 887 341 583 10 200 483 371 855 759 395 797 682 492 996 999 446 139 646 945 686 472 778 400 876 589 752 56 509 875 659 941 647 856 181 211 214 123 597 704 169 122 735 147 556 856 670 580 972 777 435 945 510 702 868 727 320 891 40 313 415 115 392 166 575 464 559 669 800 603 676 422 716 528
11 456 563 654 781 627 63 546 594 253 226 109 409 916 101 791 127 209 793 153 77 663 645 29 812 963 317 889 312 506 785 528 488 1000 92 249 209 351 359 429 509 713 595 43 475 625 285 255 349 312 664 245 286 940 865 330 515 371 693 144 882 13 244 84 475 331 723 992 66 376 615 396 592 225 600 250 498 833 239 193 789 793 38 813 366 575 824 784 822 139 28 405 167 933 724 774 518 545 106 169
211 60 92 271 604 322 318 139 434 287 778 953 871 947 551 53 568 51 682 883 73 899 767 510 299 584 299 110 797 326 250 976 506 597 209 877 485 118 873 782 362 971 200 385 353 409 312 758 586 810 306 541 595 487 220 392 787 247 144 641 279 3 820 136 548 725 186 459 621 645 175 413 427 507 38 262 757 215 554 172 214 430 978 892 208 518 9 648 874 17 703 591 646 200 396 859 278 239 907 740
215 688 930 474 323 299 298 150 761 838 657 480 17 426 885 28 658 904 982 414 928 339 337 334 558 324 410 215 342 834 158 486 724 109 611 124 426 735 392 81 471 433 474 722 723 633 105 77 882 264 288 78 474 107 993 460 680 192 969 875 614 236 481 247 644 9 273 841 13 103 154 226 40 161 70 158 90 157 462 890 771 622 928 461 936 828 987 223 241 429 879 284 977 307 500 723 201 196 886 677
816 503 271 397 920 235 5 145 895 570 395 175 717 531 702 230 736 819 686 515 449 529 520 442 523 746 376 39 37 831 623 907 749 183 84 956 913 759 628 728 978 932 3 845 422 171 528 485 170 130 869 879 325 903 211 10 875 479 651 863 707 735 713 353 986 698 634 794 598 547 793 867 571 567 972 824 204 799 754 411 877 901 38 543 583 852 495 651 952 221 52 243 105 723 9 401 513 190 169 624
546 421 523 966 633 788 593 903 787 566 719 157 441 802 631 119 263 323 963 755 352 650 624 136 754 314 191 683 569 587 449 38 694 344 235 507 211 773 689 605 889 377 2 388 492 219 230 351 821 347 229 98 672 38 954 8 841 626 912 113 335 79 964 158 101 895 776 732 539 905 730 805 155 843 192 18 250 756 688 916 762 559 226 214 932 976 279 582 924 8 558 771 404 837 25 512 836 347 719 934
469 233 183 987 754 468 455 797 978 365 556 93 323 383 477 665 934 633 185 896 996 23 301 884 95 138 48 948 334 357 276 18 166 575 237 170 64 651 639 72 141 240 860 233 11 962 564 840 457 882 127 147 771 451 16 194 975 857 639 192 685 479 953 480 761 559 627 38 967 704 443 934 641 650 46 303 977 565 982 860 606 845 453 561 964 13 874 154 644 99 164 971 652 463 343 332 429 489 228 542
694 172 891 967 978 314 223 872 885 685 435 508 724 219 251 261 239 595 513 469 103 232 893 493 701 943 978 519 949 2 693 961 812 484 726 149 867 719 96 857 58 234 781 660 188 257 662 990 427 921 222 469 851 802 479 260 31 439 132 289 633 884 410 521 735 639 912 975 661 207 478 271 545 427 204 465 201 572 803 204 648 149 357 244 76 346 37 100 975 85 409 423 443 893 775 756 502 643 697 921
465 289 328 419 802 718 314 28 746 517 999 123 360 180 345 662 347 395 725 440 292 960 254 242 167 937 515 148 895 876 640 571 582 632 297 855 870 960 907 157 296 156 4 559 862 47 665 724 328 882 592 974 612 170 846 996 784 390 802 324 112 272 670 468 689 395 941 823 969 97 892 357 500 279 355 866 895 313 38 103 36 139 351 388 783 629 557 644 271 42 943 333 497 977 888 676 810 90 266 27
579 43 127 865 914 51 851 475 230 60 291 803 832 274 235 97 401 916 470 265 849 325 435 749 495 829 883 75 191 27 887 993 389 76 944 169 928 64 448 746 618 525 69 397 602 384 430 458 35 563 268 359 922 424 291 559 344 857 995 661 715 796 478 610 183 500 851 742 357 498 5 784 969 979 362 348 313 538 375 401 714 876 854 342 930 203 875 952 457 740 347 234 489 131 165 857 982 798 635 936
775 953 57 2 899 356 498 171 573 634 642 113 43 294 5 724 514 473 109 777 749 354 172 627 355 545 518 715 437 732 602 541 528 542 323 443 843 603 817 380 405 970 257 717 821 354 697 945 581 234 469 116 498 514 114 111 926 95 917 974 765 787 376 542 47 13 655 802 308 287 850 143 583 324 690 559 259 721 613 108 343 655 612 691 940 876 628 825 257 542 209 832 964 663 214 124 132 442 32 997
627 66 765 824 83 833 881 404 35 578 890 588 419 968 612 775 941 790 1 309 361 176 294 715 543 946 364 860 564 131 147 503 792 508 48 960 830 169 367 843 634 508 637 625 642 617 683 146 547 410 529 301 161 550 173 729 237 527 380 390 965 511 496 423 988 504 720 360 181 728 737 57 964 443 432 206 264 791 64 94 713 713 149 443 820 821 365 252 24 840 698 402 698 194 8 226 168 594 748 514
508 379 422 573 389 212 650 147 507 289 663 450 880 358 403 352 589 534 213 586 180 955 858 643 13 867 988 318 594 747 564 119 270 701 435 37 428 394 728 757 789 212 125 545 742 830 35 624 598 486 703 180 992 749 463 233 601 490 812 115 246 8 862 872 643 940 513 976 62 248 821 116 718 840 743 707 522 518 952 127 249 959 320 143 562 34 746 761 586 619 922 321 474 651 558 21 883 778 664 965
146 88 458 54 968 928 524 321 181 278 402 315 858 1000 401 931 140 130 212 180 658 621 255 679 433 342 32 190 319 437 345 125 747 302 81 691 316 333 735 974 339 870 722 906 509 880 277 650 45 920 716 851 472 798 787 640 885 356 119 578 454 446 270 602 391 916 617 515 333 46 571 237 695 310 905 40 260 805 812 573 546 238 874 353 668 691 420 756 452 271 772 851 479 773 841 820 689 660 483 164
124 192 273 385 818 208 759 801 256 10 579 418 117 287 182 235 883 76 442 733 122 819 657 732 608 22 356 90 123 94 297 266 962 141 35 776 222 228 518 492 996 347 677 985 989 488 740 554 550 990 476 888 73 330 175 906 383 597 87 488 26 986 266 576 457 304 537 770 364 604 983 670 21 646 863 680 721 309 926 723 607 825 927 231 290 635 800 696 998 778 199 898 154 438 465 136 599 639 385 712
747 381 564 533 545 64 118 999 77 627 663 585 126 410 592 501 424 229 517 725 463 805 897 244 938 113 819 652 549 345 255 86 852 844 138 507 759 557 622 42 7 568 796 854 540 64 140 491 961 56 794 453 288 187 859 498 380 709 372 760 851 323 299 516 708 430 252 202 952 669 550 635 252 811 607 307 852 773 434 230 80 154 434 687 783 356 751 801 351 496 118 777 225 877 370 29 156 78 239 823
648 162 257 592 663 406 621 896 71 196 628 675 346 29 252 410 922 538 815 884 269 931 562 746 239 481 966 711 823 224 352 686 517 299 339 250 930 400 586 261 273 992 405 606 109 396 894 565 510 447 737 63 814 475 800 509 908 695 227 1 560 464 228 607 426 861 900 749 695 512 310 446 93 36 807 755 755 189 685 911 74 947 392 786 539 951 108 315 528 900 146 907 72 141 96 765 361 483 64 163
496 747 785 703 512 78 226 642 351 984 667 435 609 722 416 957 529 971 514 206 803 895 513 411 45 231 299 401 741 676 189 639 273 823 31 858 608 313 121 719 291 324 749 389 951 834 710 955 270 655 187 386 44 192 861 127 926 265 701 989 285 110 977 397 833 955 641 362 45 557 8 784 249 875 148 112 167 844 384 223 428 817 939 324 255 745 685 357 447 420 348 936 274 41 73 606 724 708 560 319
604 820 699 934 673 220 179 145 877 551 381 552 68 491 840 45 520 783 620 69 492 797 315 638 855 41 844 611 99 95 772 181 432 78 561 659 486 995 748 409 610 271 58 173 825 22 979 27 148 286 516 101 895 157 657 301 834 249 686 293 223 88 552 120 181 640 360 976 369 127 646 341 816 518 887 733 648 168 894 124 6 926 91 13 290 400 954 750 899 364 775 805 145 852 87 822 51 747 673 789
900 276 405 871 479 304 72 730 732 506 532 751 917 437 151 546 167 248 94 569 361 342 16 499 930 885 258 562 274 824 716 891 458 941 444 23 994 266 643 835 226 13 833 945 608 766 608 467 434 352 450 453 649 975 676 181 13 598 368 762 528 419 881 337 201 551 716 884 318 456 402 553 128 470 936 95 445 221 520 817 272 614 548 966 757 531 344 849 271 151 171 427 318 66 673 234 126 184 332 175
924 428 820 694 303 113 241 544 414 117 111 492 758 670 294 640 289 622 157 615 601 211 194 590 347 117 614 831 368 438 100 844 434 512 597 254 842 436 145 313 190 586 73 305 567 86 805 680 779 848 856 965 975 824 27 206 800 764 472 620 479 683 586 659 19 99 351 255 857 767 668 640 239 45 756 29 777 965 464 552 566 777 352 659 642 581 641 812 731 194 696 986 563 514 575 816 656 976 146 578
189 823 51 422 290 111 590 77 644 212 359 407 74 98 875 976 320 190 25 332 622 635 155 291 574 592 854 311 251 174 590 149 343 62 446 41 911 809 132 319 132 593 922 690 46 101 68 686 274 946 437 996 209 687 287 975 754 819 845 707 293 283 655 191 328 623 344 645 899 507 674 730 928 49 965 939 717 861 889 728 328 124 576 620 488 62 285 497 939 881 184 267 993 252 144 218 560 416 898 833
839 174 469 762 492 597 48 332 385 839 374 759 267 212 930 930 862 820 719 695 437 561 219 202 507 346 953 400 980 106 542 998 572 41 99 518 51 285 845 911 269 591 610 551 615 446 609 867 243 859 379 808 99 533 717 237 907 618 944 373 667 137 966 726 906 784 195 851 349 352 981 157 632 544 989 699 162 135 899 643 893 62 808 811 725 687 996 153 902 998 965 353 55 535 724 927 854 219 918 125
757 214 512 310 507 190 351 794 315 204 596 976 824 98 307 364 564 273 204 943 320 510 417 589 704 149 809 410 171 483 853 563 62 985 275 357 691 225 403 205 196 289 574 276 39 299 470 694 422 162 723 185 316 484 327 528 480 531 119 208 718 873 997 154 838 20 356 490 100 860 687 669 547 736 769 36 876 278 933 954 333 79 661 838 476 267 308 555 178 322 55 832 401 52 397 446 508 649 951 988
137 621 253 846 322 943 586 605 643 874 779 556 59 13 545 953 360 436 73 77 921 498 841 479 801 579 866 451 283 160 83 303 356 803 534 214 700 449 63 84 948 984 345 340 322 236 163 397 851 740 656 56 864 80 350 534 186 443 562 230 323 30 642 858 958 11 785 367 608 948 498 633 841 971 123 708 217 838 700 664 432 126 935 990 92 759 451 505 335 266 285 182 202 131 490 88 774 686 670 213
627 962 989 721 595 925 917 372 888 767 744 20 456 234 352 912 754 541 555 252 867 122 470 65 805 263 22 958 560 114 22 778 803 235 38 862 545 92 220 76 971 699 956 348 378 125 188 557 510 44 994 932 495 156 742 344 302 862 214 834 875 727 62 273 553 539 386 717 342 232 1000 669 843 438 642 372 868 426 331 394 249 946 252 699 487 777 466 198 615 293 37 869 37 773 578 825 295 609 919 670
733 730 781 990 77 926 511 992 982 51 441 431 78 992 142 344 757 274 912 109 668 927 552 105 484 697 878 594 711 183 837 54 794 574 588 574 32 157 444 338 214 816 690 287 658 470 563 475 465 541 98 351 180 683 172 414 47 395 455 427 524 977 346 792 245 898 24 804 948 57 342 220 707 293 303 12 744 302 395 37 715 169 19 215 293 966 757 0 670 272 672 375 490 91 798 259 52 243 628 625
72 160 572 742 968 169 775 503 427 977 634 362 758 531 319 333 837 801 47 503 871 140 447 706 995 741 408 501 175 581 238 819 508 337 602 850 817 622 456 468 882 899 793 63 488 875 457 395 497 865 930 277 289 582 912 774 642 929 875 468 972 519 415 168 198 705 739 251 809 519 307 121 948 320 428 899 497 108 426 446 12 454 487 429 700 25 31 403 244 426 477 248 816 52 578 306 898 189 962 984
804 938 596 657 311 110 146 438 598 687 481 405 172 514 588 220 961 22 437 610 63 695 566 105 142 530 798 172 105 128 46 155 596 486 875 599 754 251 83 978 689 791 236 241 585 495 328 373 697 208 49 320 466 854 417 64 241 836 725 557 229 945 377 656 6 334 667 891 178 727 736 781 379 894 738 295 752 715 818 1000 862 505 306 44 876 264 764 554 600 672 251 29 367 340 424 620 844 361 622 945
266 52 340 97 736 570 510 933 687 525 508 306 560 506 259 220 240 787 299 496 313 565 948 670 505 682 980 37 764 222 414 194 938 968 653 948 144 993 745 851 972 833 342 738 262 23 682 47 144 542 257 263 414 245 436 120 128 961 766 994 916 316 977 124 645 860 80 752 941 548 76 160 19 976 155 812 494 724 760 302 20 163 765 123 890 679 692 967 490 706 239 284 762 175 802 469 628 833 412 753
942 770 846 608 543 547 521 724 285 351 628 681 246 718 875 962 403 19 954 182 620 147 617 398 136 934 152 487 759 953 274 945 60 479 569 330 451 79 119 662 313 61 434 65 794 30 22 583 818 694 416 38 403 379 655 878 109 965 116 348 358 124 4 442 158 304 581 222 756 239 958 355 445 889 698 452 930 94 87 736 619 467 779 320 245 810 25 59 87 91 504 222 996 485 758 190 365 345 25 683
47 679 380 538 90 18 358 218 83 325 92 380 645 725 966 230 636 37 878 338 515 843 564 894 701 298 749 380 659 486 292 57 977 333 133 551 287 715 229 687 68 303 926 362 568 600 270 65 316 318 500 440 597 49 7 262 541 753 961 323 5 235 64 151 923 637 273 521 385 731 510 124 799 453 793 6 667 550 128 960 24 714 340 780 754 911 342 395 859 113 906 891 969 221 477 830 395 351 846 806
505 203 781 495 305 639 478 526 334 190 171 488 264 241 619 307 259 628 520 522 236 988 630 167 724 672 600 394 681 84 439 193 55 570 874 418 342 473 979 230 527 454 93 14 947 682 502 142 436 212 12 819 644 8 220 583 447 558 937 82 104 98 127 806 498 341 417 454 83 905 155 111 571 154 546 424 454 695 550 850 166 68 617 744 365 981 257 139 506 359 844 613 686 837 890 124 901 527 724 87
860 71 108 196 221 804 717 114 937 227 286 354 320 653 203 112 63 216 283 910 756 316 528 519 536 318 912 417 326 261 132 538 547 21 317 390 106 688 561 994 719 226 609 276 571 214 605 550 660 54 730 126 504 387 653 581 913 211 597 210 884 146 650 656 931 505 168 180 52 367 377 923 842 189 183 311 683 699 792 697 964 955 185 257 986 464 984 926 203 490 955 699 910 727 740 144 347 75 344 420
610 250 430 180 163 524 86 445 138 57 839 92 76 433 872 855 27 459 173 239 899 694 759 859 677 989 277 224 105 370 13 74 109 813 27 48 195 73 216 287 31 502 769 704 243 893 592 876 692 832 301 833 82 990 221 180 764 211 171 285 940 972 374 841 649 956 521 842 251 103 694 256 453 902 893 857 78 906 257 419 876 808 351 382 383 127 264 205 64 319 205 546 578 342 413 124 939 655 840 369
285 608 204 50 939 877 642 67 434 860 850 800 719 897 355 419 544 896 793 193 261 846 969 223 668 726 244 782 448 203 519 875 161 400 203 151 939 799 64 131 937 971 569 495 393 949 104 166 146 875 899 322 869 619 807 401 742 436 321 746 560 368 664 949 759 403 284 323 346 79 82 960 995 505 230 522 269 638 438 297 582 712 180 365 807 299 135 62 7 563 317 386 550 690 74 928 762 62 354 55
351 461 757 24 540 19 319 973 672 930 781 229 366 37 562 91 829 385 846 757 874 785 739 82 572 498 899 121 561 581 103 79 205 713 269 727 926 743 364 641 842 686 493 119 178 870 211 94 486 169 439 234 270 667 76 198 176 767 925 390 218 667 178 263 988 840 738 846 403 974 162 254 197 795 521 148 660 432 609 800 636 909 535 674 934 562 58 525 675 454 261 708 491 517 306 530 235 443 859 602
539 505 986 129 306 865 854 351 927 738 836 211 669 728 93 806 850 400 161 727 556 324 310 531 306 401 878 925 642 578 196 713 470 795 109 969 678 679 900 846 443 488 241 413 908 649 951 627 788 857 415 585 665 110 568 905 952 906 637 897 308 318 785 156 425 810 95 606 546 93 68 202 983 602 599 769 728 642 837 342 587 294 814 689 889 789 126 136 675 814 318 721 670 297 462 568 636 339 859 952
145 931 278 862 789 975 23 240 38 488 431 153 252 672 601 334 853 949 138 259 662 548 21 833 781 294 324 790 979 734 385 872 682 258 80 78 661 216 330 868 15 266 586 955 811 538 437 257 65 587 42 148 772 60 853 989 817 639 147 849 128 91 147 326 222 904 309 70 341 735 855 616 143 292 513 79 115 721 22 809 127 972 391 944 863 160 811 370 788 299 891 37 633 428 139 665 708 783 567 838
616 575 299 555 135 525 474 264 790 242 854 268 228 213 795 752 152 302 490 359 701 566 149 671 670 872 228 348 531 466 2 370 520 229 631 775 780 351 932 18 941 527 486 900 16 406 501 96 148 917 458 260 47 750 946 655 875 303 711 697 631 187 904 325 908 549 752 680 708 377 207 123 635 137 505 880 194 232 329 859 36 40 539 117 455 187 741 909 947 534 530 964 336 619 508 707 703 626 325 597
725 35 411 540 588 546 444 770 225 916 610 248 591 845 153 177 393 131 543 938 231 530 938 608 876 459 555 778 723 571 372 181 253 73 241 473 73 481 961 156 305 100 872 610 236 623 702 512 263 618 595 830 581 743 489 921 365 844 555 636 407 580 25 82 590 551 469 696 476 851 312 384 955 258 57 117 161 648 858 200 946 807 338 887 748 840 127 598 963 862 216 105 441 447 425 813 126 277 159 364
528 622 195 514 884 807 973 974 355 529 179 303 551 136 246 13 571 626 928 852 716 102 160 269 88 680 74 941 725 554 299 516 718 911 646 940 554 925 258 123 173 862 27 156 296 11 599 355 512 259 539 723 347 724 201 711 14 326 512 736 783 497 233 692 947 591 693 195 272 380 641 555 470 211 971 819 515 95 875 338 975 389 688 842 725 215 140 996 776 625 664 777 869 85 533 165 866 889 262 581
301 779 752 185 923 443 948 630 891 654 814 833 639 413 570 293 631 893 432 423 855 12 615 658 643 482 412 23 879 881 771 460 519 708 440 568 808 711 466 305 162 665 323 42 243 256 293 425 861 273 532 317 164 850 308 644 55 571 215 864 831 174 307 787 12 602 798 470 399 626 113 881 161 828 30 283 574 241 25 564 318 95 414 681 965 180 220 17 115 40 735 147 419 575 71 792 712 871 852 900
809 453 618 140 745 148 440 635 33 909 666 242 573 128 791 673 112 526 581 672 383 285 350 812 14 454 384 350 314 514 108 609 242 149 638 57 730 67 905 737 687 549 697 633 803 226 6 171 322 626 110 680 395 303 153 657 760 210 823 199 764 590 926 512 856 173 159 112 880 95 426 409 961 901 982 777 788 558 7 72 213 534 393 845 469 673 602 699 243 838 117 948 11 453 386 769 643 477 990 130
141 504 74 972 655 333 121 165 118 195 659 160 170 896 183 5 711 815 393 282 787 817 717 484 818 813 747 725 759 771 814 95 362 102 126 421 743 147 225 30 632 662 266 931 766 311 305 735 748 263 375 590 407 9 293 993 650 35 461 220 758 789 73 20 330 670 954 471 387 791 583 87 495 829 315 74 23 457 112 968 106 160 341 581 701 283 490 418 987 463 415 854 582 481 985 31 463 294 65 390
123 151 903 545 404 778 200 592 882 762 727 793 811 367 210 444 957 9 682 406 613 414 742 746 863 286 661 118 385 918 136 518 11 46 99 108 988 590 324 688 570 811 463 771 60 841 565 10 175 311 282 74 442 457 330 53 570 666 855 995 162 321 114 196 369 763 206 507 481 688 847 814 934 336 74 243 92 427 418 937 668 71 24 565 762 566 912 627 443 971 558 976 820 565 333 849 250 129 385 382
739 132 990 638 251 799 808 146 849 461 885 384 731 514 837 392 425 373 795 875 270 832 24 761 305 828 625 393 416 210 312 315 855 759 345 820 772 864 445 70 578 63 12 183 905 648 196 477 617 574 586 787 638 475 926 649 96 248 364 725 565 534 25 867 526 118 311 563 824 644 208 787 760 69 129 499 713 516 951 813 236 395 134 81 484 49 556 13 672 914 357 700 420 91 680 680 749 347 944 410
3 71 996 181 834 598 350 921 730 55 460 86 622 945 512 50 933 910 485 700 225 275 675 969 464 691 610 870 51 290 476 280 237 978 470 143 897 768 883 824 86 903 133 497 140 260 470 202 194 320 638 164 579 624 440 791 827 507 185 354 206 460 840 349 781 335 534 57 524 614 644 476 562 438 337 891 603 338 393 717 105 548 288 882 90 431 443 151 716 250 283 275 331 227 471 227 788 265 797 742
296 595 251 442 82 590 674 801 38 16 475 786 624 457 501 336 639 64 339 198 306 585 698 890 688 43 263 699 952 391 592 344 907 780 628 1000 21 791 154 873 9 119 604 665 832 114 970 948 239 372 995 159 233 38 492 302 935 125 490 608 434 374 465 156 752 231 684 637 205 880 692 787 465 480 210 19 44 929 549 718 803 820 916 735 234 893 39 162 239 338 902 680 628 661 854 764 293 175 693 338
625 917 371 177 876 247 800 786 533 327 730 62 845 65 480 635 822 274 243 843 903 898 831 862 91 752 512 960 349 858 207 647 934 134 768 501 415 253 379 873 72 629 269 847 548 339 166 579 919 877 397 303 703 259 66 758 569 331 155 154 302 237 115 713 895 772 765 837 278 729 912 930 217 427 753 202 188 169 24 547 972 568 302 29 359 203 971 800 9 719 771 784 298 285 768 794 334 559 932 64
878 957 603 478 488 246 868 387 380 672 802 46 390 36 547 543 953 889 742 228 476 902 751 232 650 956 640 162 206 99 193 21 448 85 201 459 994 65 94 94 40 586 615 870 205 334 599 227 468 446 32 142 522 78 982 41 431 980 912 0 611 272 288 267 925 207 902 946 449 235 763 126 446 761 421 503 917 841 489 484 535 996 783 540 777 874 311 838 711 868 554 578 813 561 621 211 323 828 24 632
311 924 746 331 160 822 100 246 132 125 663 951 142 678 479 917 437 389 522 954 800 832 968 793 118 434 813 156 85 754 912 93 820 32 7 490 261 771 152 443 913 567 245 29 1000 855 837 158 947 150 979 747 918 542 652 950 82 132 310 69 184 600 777 581 894 705 801 8 636 528 637 699 16 200 169 26 673 508 391 624 657 129 546 386 317 965 509 624 951 134 548 293 954 110 822 348 835 48 482 801
764 2 237 628 856 621 433 175 398 53 762 508 331 742 330 131 914 157 230 739 650 960 433 433 815 241 82 122 795 628 799 358 104 17 375 515 574 395 658 481 96 113 1 543 418 375 438 780 442 468 431 890 467 886 250 60 503 221 880 493 446 394 54 744 329 307 758 655 90 315 810 313 701 688 569 531 792 62 934 485 558 242 3 578 698 819 727 893 310 421 189 93 629 684 756 425 386 306 737 367
383 228 917 283 678 760 800 884 55 39 237 271 767 245 602 573 625 647 534 148 597 807 555 380 225 815 56 778 356 394 910 551 916 116 696 725 904 953 842 969 331 864 60 806 927 968 915 975 153 255 497 348 721 834 564 846 233 983 149 432 166 220 375 187 588 319 753 788 289 885 569 367 440 112 497 621 793 310 685 841 247 979 169 497 224 684 516 508 255 260 114 80 799 20 190 344 41 344 322 258
934 911 104 300 881 536 971 49 904 287 224 882 131 716 366 174 444 150 951 419 235 731 903 277 313 873 24 653 371 629 464 618 510 623 29 225 818 865 382 674 239 800 479 955 664 474 347 354 397 579 725 0 873 426 261 427 346 390 615 905 722 311 971 23 454 989 584 399 608 991 115 80 506 998 786 662 923 863 756 953 112 470 126 620 711 671 381 600 614 528 198 531 657 841 295 639 53 892 718 472
384 473 732 460 665 815 496 839 16 544 405 734 267 59 324 426 617 959 226 473 603 415 805 457 107 666 695 767 980 537 789 170 178 140 110 170 451 914 483 970 444 341 576 290 347 817 635 991 118 575 825 939 753 722 254 480 43 416 194 773 405 161 935 170 772 1 212 744 296 843 422 680 589 162 194 679 548 745 234 409 173 218 652 188 738 859 128 453 915 824 63 147 32 585 525 307 874 281 391 166
88 85 563 713 46 141 308 228 75 265 532 636 680 182 638 281 328 223 333 777 308 959 631 262 126 134 953 428 29 223 599 580 423 476 184 975 91 656 39 980 740 674 810 583 794 284 217 323 991 963 571 822 32 67 950 185 811 744 389 528 740 708 886 230 223 54 716 628 987 398 460 176 835 361 405 794 506 687 806 675 982 961 646 560 573 823 969 164 93 18 693 724 935 769 413 995 306 3 20 863
980 388 701 183 594 793 612 268 1000 33 357 25 32 644 660 544 459 701 321 883 372 654 955 979 206 331 699 353 616 262 98 822 537 197 790 745 702 901 705 334 450 442 434 918 737 174 613 979 1 656 108 923 15 767 31 283 861 79 268 334 712 399 522 743 828 747 897 863 66 992 579 608 7 237 303 445 363 269 588 167 623 521 419 218 151 172 123 760 438 85 602 62 860 503 244 123 751 863 88 874
746 435 539 76 479 789 273 730 324 935 638 272 772 927 60 97 305 907 400 284 539 406 547 569 987 61 626 186 743 634 5 507 947 340 388 931 959 685 669 82 378 534 128 95 713 958 760 661 459 874 658 46 106 702 814 34 975 586 574 978 990 64 960 4 134 95 401 414 60 958 75 18 240 493 860 336 976 82 286 938 175 377 956 638 655 149 338 473 527 725 120 538 114 301 760 684 961 947 970 371
185 158 93 689 40 811 599 160 368 589 296 966 643 951 655 475 745 251 667 315 258 409 148 330 70 266 644 783 104 672 623 551 306 38 934 821 8 708 737 610 396 660 982 191 430 350 917 302 368 194 580 623 917 307 860 602 128 63 436 774 526 491 899 176 674 122 534 617 609 716 599 959 982 968 432 224 718 863 389 445 305 323 547 945 41 282 210 823 403 484 818 556 45 695 179 673 870 827 664 365
262 645 466 58 210 840 989 597 75 898 780 207 873 744 586 788 962 789 72 238 249 29 604 83 61 597 949 264 524 463 559 269 943 175 532 37 22 847 20 360 313 825 811 402 529 110 186 281 402 159 214 188 971 748 408 580 576 992 179 939 605 103 628 480 208 873 622 522 371 941 527 804 456 985 250 21 553 574 518 994 220 202 265 621 410 6 274 920 97 912 303 514 706 27 921 450 5 671 839 720
465 143 724 226 957 40 463 579 658 60 514 229 1 808 302 14 685 359 770 423 469 426 323 377 957 664 365 953 858 83 828 111 120 528 108 98 141 793 505 846 729 381 444 578 208 823 15 549 700 783 382 157 865 295 177 35 140 513 319 914 347 84 429 898 757 956 860 671 199 193 305 102 320 756 711 800 202 615 163 173 646 220 616 351 199 614 874 282 445 852 458 141 471 980 443 550 287 740 613 317
502 687 562 44 98 620 311 665 501 644 725 625 613 676 854 607 847 403 409 200 491 340 57 767 367 394 882 291 620 266 590 710 332 113 701 189 674 834 367 131 554 418 458 985 397 635 417 914 398 445 209 431 988 642 378 645 105 780 287 940 112 113 806 404 49 477 576 44 578 127 307 456 973 772 885 71 514 845 789 346 861 958 1 577 851 436 584 318 492 440 771 259 188 546 333 329 951 684 599 812
302 425 270 964 743 806 787 423 256 47 984 167 700 599 785 625 36 193 809 590 753 234 54 65 291 978 940 292 77 908 788 883 37 679 344 204 898 322 97 652 369 974 342 127 772 397 908 568 504 807 95 301 32 762 739 948 75 965 857 724 342 196 263 524 988 255 517 809 91 519 872 109 980 428 526 96 136 725 947 293 636 526 441 468 479 738 8 332 136 639 367 919 515 963 979 73 973 67 956 75
108 489 32 219 288 153 511 762 381 538 394 481 207 326 189 37 841 721 483 201 315 835 932 745 442 680 196 64 361 770 304 961 408 226 74 861 325 227 463 628 245 68 786 965 606 269 732 231 650 812 548 545 950 338 515 969 934 375 118 529 657 935 898 847 247 807 924 436 849 729 517 258 304 705 832 744 922 664 952 759 625 807 845 895 230 576 705 101 840 723 303 601 375 628 745 922 386 356 414 342
733 712 15 623 363 43 432 688 753 175 158 107 329 160 74 566 367 156 116 828 19 788 426 54 215 151 644 13 379 935 867 422 821 108 308 837 164 610 680 78 911 505 862 971 386 796 858 960 967 132 466 337 992 82 162 887 448 817 124 188 582 353 361 765 720 454 515 40 435 506 235 801 921 166 438 129 850 599 578 276 313 751 517 252 499 691 451 99 37 656 989 884 307 407 40 953 589 642 316 634
353 831 475 412 984 800 585 660 504 330 375 71 592 48 978 513 860 27 353 345 284 990 235 250 193 232 379 472 635 697 898 43 279 630 734 491 563 317 387 191 264 862 248 733 131 968 307 566 526 399 673 795 582 376 126 245 210 395 997 190 45 82 783 860 326 519 750 105 338 100 21 732 215 996 441 108 496 103 406 332 176 694 344 47 583 365 328 169 571 632 724 273 338 584 566 537 65 544 832 578
641 187 502 318 536 459 214 680 868 908 486 139 939 381 259 467 295 585 290 50 82 331 721 843 973 653 464 529 331 539 39 577 89 320 617 456 171 853 46 96 112 5 35 336 385 705 48 630 757 44 354 736 185 59 252 426 132 162 854 882 23 83 368 311 260 227 165 194 987 984 967 51 370 45 483 274 247 364 109 947 185 411 817 294 453 680 954 162 742 809 213 759 829 110 517 184 940 525 841 192
680 960 699 987 777 826 888 495 748 742 122 837 422 248 668 263 411 890 641 167 50 349 47 942 252 611 553 564 445 514 659 521 135 221 162 317 72 540 128 868 61 802 292 407 609 109 380 767 429 436 70 114 91 915 302 440 13 737 522 520 627 18 343 366 862 182 825 296 822 810 790 492 920 454 904 183 206 950 850 351 402 386 852 172 55 607 315 193 89 742 903 469 652 153 416 290 710 995 121 229
471 438 727 852 106 202 525 213 819 462 89 678 527 520 402 222 360 534 395 690 434 363 855 284 645 340 516 736 985 275 883 522 374 383 709 153 278 117 643 302 205 826 615 791 117 218 343 492 974 820 610 95 109 493 850 229 673 167 556 405 449 452 37 93 55 913 318 203 632 98 898 576 139 368 796 922 532 486 380 677 311 714 352 119 173 351 397 162 374 365 61 799 802 110 83 442 500 905 825 787
885 543 940 578 277 417 506 849 370 37 150 245 274 542 214 269 743 936 565 611 523 963 68 202 79 547 920 622 860 375 215 58 138 715 685 701 74 770 533 575 556 196 569 194 539 373 685 248 194 150 116 666 526 247 963 943 588 72 598 69 209 398 529 938 234 380 242 944 776 893 246 384 106 546 949 806 571 949 221 729 72 749 313 493 965 990 547 198 203 427 453 999 387 28 19 636 693 195 121 348
886 150 247 276 295 343 124 382 587 840 348 395 840 880 375 576 365 153 152 555 225 764 385 237 507 307 443 684 693 167 66 247 289 185 580 204 127 935 918 405 143 576 689 91 381 608 734 915 948 294 895 773 20 858 759 712 635 255 930 642 470 360 740 931 103 97 740 120 614 510 67 514 1000 651 985 850 945 30 733 715 508 378 255 413 413 801 424 195 461 666 606 523 137 623 200 850 715 523 58 171
597 36 402 734 434 764 928 128 850 869 338 649 612 942 566 608 333 587 411 162 346 84 371 658 702 993 817 105 675 907 257 532 513 4 256 787 179 390 190 254 364 57 745 960 428 934 936 663 511 325 796 87 853 21 311 798 559 612 202 845 176 76 716 25 973 206 584 448 189 307 953 847 583 688 528 449 480 938 261 553 887 350 910 369 38 60 295 838 451 682 537 284 971 735 451 277 446 91 908 800
430 54 815 405 264 249 822 790 450 728 548 109 958 828 711 74 827 361 847 794 565 630 880 985 914 624 191 849 73 672 248 109 599 846 280 640 987 268 38 374 677 381 330 477 63 309 671 328 53 158 283 289 962 944 507 783 653 312 703 507 540 828 954 687 671 519 37 738 546 829 600 387 603 386 783 31 96 415 582 670 798 702 38 937 556 715 313 229 333 432 119 589 206 962 268 173 741 937 746 231
135 771 913 651 525 968 62 787 441 246 918 829 107 201 226 465 16 542 85 328 38 812 638 858 819 488 110 233 878 291 933 569 402 145 809 379 812 722 546 381 683 803 810 650 510 514 632 79 70 924 292 1 284 995 881 521 225 687 485 318 907 678 340 972 97 439 18 571 54 777 210 714 250 435 577 280 825 452 221 179 68 408 759 87 995 265 423 129 525 976 757 4 803 348 284 358 868 152 428 265
640 338 866 968 922 287 679 263 993 511 285 902 652 370 466 933 445 584 382 854 403 483 371 329 212 571 42 327 270 950 748 881 517 954 885 387 971 946 678 783 144 64 854 406 784 913 398 552 121 630 674 466 580 210 899 111 33 530 19 914 187 649 738 733 578 958 387 981 729 620 661 63 790 991 375 875 812 376 746 88 408 164 673 853 700 674 526 37 915 759 892 767 123 215 592 308 852 160 187 42
493 68 622 596 693 147 169 178 428 220 594 141 735 602 971 713 91 246 942 908 878 704 593 657 199 368 428 821 913 649 131 304 797 779 237 140 38 487 602 415 870 708 826 64 463 511 487 987 771 555 28 390 572 592 994 965 183 304 122 307 506 825 330 204 354 407 32 943 805 734 418 860 256 84 3 47 602 779 329 101 52 592 78 510 335 154 470 866 902 39 266 102 560 668 683 120 87 69 283 304
52 647 797 818 799 719 548 227 767 215 725 644 377 408 97 20 943 467 449 709 763 601 109 154 508 192 95 420 320 330 783 231 433 197 98 52 384 438 738 851 422 176 316 800 946 947 494 779 343 76 82 269 115 994 195 308 636 370 430 698 488 892 662 226 231 623 125 846 557 578 831 811 659 701 524 902 819 12 644 760 533 176 710 474 332 184 784 21 309 730 733 232 258 190 0 806 313 25 199 6
616 440 0 420 638 872 544 473 660 140 162 74 130 408 470 543 997 178 606 170 247 861 434 520 599 429 100 478 330 223 665 172 743 228 265 387 347 422 542 679 145 205 737 505 513 999 28 788 365 114 681 667 831 656 977 986 137 28 413 76 967 531 329 789 251 637 607 654 630 610 627 573 969 723 621 677 949 945 863 508 372 493 258 447 331 875 182 708 301 415 863 348 959 447 980 179 712 655 867 693
628 39 158 727 360 308 882 331 892 953 129 827 63 461 263 253 357 214 933 1000 350 310 61 885 134 873 99 81 761 814 931 635 583 158 785 20 22 116 231 940 31 624 692 670 188 156 617 127 728 92 247 648 262 546 399 975 355 432 305 574 68 577 180 415 653 27 144 324 274 166 556 413 197 471 298 736 665 326 544 307 798 780 449 937 367 261 642 596 774 469 82 150 15 381 226 405 834 850 953 946
221 420 669 490 374 616 150 235 428 20 709 651 805 76 64 462 746 384 801 339 524 873 550 438 519 821 258 54 74 47 450 674 461 554 638 180 120 984 575 491 563 74 85 379 175 335 47 219 948 47 950 135 507 54 140 38 571 992 928 573 0 823 798 167 850 218 397 16 150 713 483 166 828 719 298 513 944 915 495 486 174 939 276 824 236 860 288 970 225 893 983 279 852 754 410 511 55 987 813 154
466 845 225 882 523 247 501 786 234 942 363 39 899 843 538 711 933 356 602 710 687 941 442 711 801 614 782 480 644 84 896 922 984 917 528 792 71 720 935 157 516 523 719 353 43 474 709 931 765 401 948 471 600 494 304 112 472 886 979 567 576 591 757 527 727 350 164 869 209 109 139 409 607 835 973 661 644 504 556 633 441 227 234 695 691 153 931 921 109 382 102 812 100 217 631 501 61 427 399 532
496 493 834 751 659 336 251 425 484 222 459 388 85 757 430 230 122 289 900 198 135 252 194 237 501 804 465 228 73 923 680 920 335 997 768 811 150 910 487 938 402 773 260 472 787 78 963 879 279 420 686 467 295 783 32 664 523 84 614 815 787 686 817 366 421 928 526 901 6 121 294 439 191 440 931 325 234 621 891 967 995 9 143 982 141 440 325 524 922 775 435 998 268 887 30 353 383 113 545 820
8 551 614 946 327 488 65 982 353 700 154 508 985 687 236 513 526 984 207 722 539 591 810 314 666 560 725 868 862 981 18 519 72 532 372 550 825 764 255 941 654 325 892 708 599 391 533 142 508 878 9 995 824 420 281 915 308 888 760 308 994 91 653 127 351 990 139 457 192 420 997 581 794 293 113 214 163 610 4 191 301 181 333 18 256 596 644 987 702 830 412 910 31 563 565 31 413 807 544 315
321 507 778 929 581 251 569 134 790 392 356 818 519 389 344 0 182 716 973 960 187 954 493 497 779 838 515 982 198 501 823 272 247 916 546 235 464 917 436 549 843 971 847 279 73 885 574 306 972 14 248 756 907 57 599 357 279 836 1000 517 910 849 858 824 304 433 615 946 232 809 489 345 690 582 955 91 266 506 543 156 596 227 65 803 442 200 293 882 315 587 623 18 576 82 594 151 434 741 855 216
28 213 316 306 504 388 542 187 774 284 557 440 998 618 672 937 491 908 285 240 978 307 190 794 477 955 392 135 564 625 660 885 355 111 747 261 926 793 0 509 979 472 295 132 60 606 147 828 495 456 836 311 635 42 58 171 835 803 617 588 14 935 532 677 555 246 462 398 834 616 9 142 963 564 570 788 96 75 809 373 367 746 526 22 201 534 372 455 311 171 851 603 787 871 604 160 901 420 127 610
557 812 796 45 221 123 130 496 596 762 366 768 349 774 648 79 139 351 498 766 453 519 377 4 806 520 433 710 73 313 50 297 545 948 629 174 58 530 381 826 186 341 292 557 770 572 160 198 490 640 902 85 140 471 282 813 797 71 308 736 336 564 165 305 187 819 784 877 349 364 520 154 264 522 281 673 752 345 232 413 955 410 664 346 429 880 722 64 854 441 541 220 50 45 919 25 736 452 708 506
120 357 641 396 167 836 872 568 386 197 226 33 266 221 991 926 481 690 252 364 598 152 628 715 144 566 194 233 973 967 619 653 805 228 233 353 121 787 893 484 988 503 392 816 349 741 915 599 785 774 593 774 17 398 847 764 177 539 347 250 725 745 502 549 597 223 522 735 656 740 406 495 833 588 366 802 982 432 7 770 811 844 943 787 106 82 405 966 579 937 317 23 578 643 644 487 134 116 582 38
492 632 308 475 319 268 907 90 115 672 921 676 964 12 474 438 382 541 232 511 154 780 712 529 415 494 509 13 813 939 591 141 653 851 162 649 614 846 398 312 824 273 261 41 452 738 775 77 59 123 47 596 187 20 683 922 233 434 265 233 746 19 145 37 74 441 55 657 398 724 143 70 245 799 315 915 955 520 439 662 33 124 267 55 280 210 172 448 261 118 225 81 878 85 628 43 13 44 89 375
770 705 93 660 137 416 372 547 23 840 89 43 473 885 921 652 451 166 412 481 156 92 406 327 779 926 521 94 136 436 138 493 23 159 864 170 675 503 570 689 782 910 709 81 364 770 67 988 242 739 387 691 22 712 829 761 768 505 822 214 770 369 558 568 889 298 739 912 247 631 437 708 689 94 339 293 651 319 691 851 276 246 865 929 373 740 285 919 617 39 821 63 384 927 416 322 797 444 473 383
892 447 117 5 512 949 318 805 643 515 589 975 701 661 663 350 630 403 123 577 85 241 743 252 676 419 231 931 131 941 692 355 78 64 303 162 61 434 395 186 281 65 109 281 126 212 355 334 251 594 360 684 32 801 424 96 186 685 937 986 209 816 432 94 907 256 267 832 179 484 562 921 327 54 534 913 103 835 21 165 418 785 930 672 996 535 406 113 287 165 100 426 185 798 379 434 364 616 414 225
211 503 836 623 930 764 572 719 324 724 381 652 255 466 767 784 45 603 953 35 746 487 692 216 166 138 560 386 67 879 598 88 708 802 917 467 436 619 212 781 227 979 306 228 587 65 965 451 83 869 887 172 931 999 224 485 136 534 526 832 26 39 354 75 194 200 800 57 163 83 629 48 928 208 422 656 181 639 505 710 452 15 167 854 563 179 777 992 61 511 518 259 128 60 614 220 617 989 470 624
331 548 699 902 356 183 271 899 518 716 235 802 222 446 746 867 593 16 169 103 438 503 891 596 882 494 274 657 881 62 366 903 454 603 364 73 41 470 901 456 179 645 998 384 542 626 640 320 293 764 932 775 637 634 751 489 280 501 939 304 410 731 318 815 343 438 476 385 235 345 155 228 989 801 958 269 159 710 394 859 351 691 534 11 82 170 704 432 823 352 103 743 141 745 676 587 248 131 549 294
850 78 594 733 560 469 164 190 703 881 754 755 154 616 176 886 233 547 865 295 274 911 509 825 815 503 775 253 76 628 119 734 699 392 303 85 959 190 223 401 424 452 325 367 535 951 27 882 529 524 376 422 8 967 791 950 531 512 222 139 571 818 653 655 193 768 394 26 287 995 751 418 377 810 341 463 349 977 799 835 122 990 358 480 297 835 898 327 695 758 973 90 773 363 965 478 18 890 492 74
350 12 579 323 421 213 74 318 618 12 75 12 467 211 199 879 956 876 196 237 13 813 549 406 95 30 835 428 751 769 875 647 208 9 527 986 244 92 498 592 769 623 572 444 746 668 626 787 170 538 832 907 940 711 675 756 127 591 803 247 616 503 288 968 52 263 210 635 13 716 448 24 827 332 597 831 943 243 451 931 130 622 370 941 151 25 341 943 341 896 109 702 514 969 32 650 664 367 769 415
553 405 248 688 637 961 276 240 672 754 656 72 78 802 761 948 467 790 952 293 545 2 845 454 459 379 356 716 73 333 814 259 193 511 229 390 409 142 479 948 745 897 780 764 51 953 678 687 924 273 605 945 425 775 920 151 423 824 380 116 432 55 737 628 428 752 601 948 944 400 212 950 251 353 708 989 402 190 478 234 922 582 925 602 572 181 900 619 192 405 445 438 595 921 594 354 308 302 399 471
154 114 381 211 21 996 257 713 848 254 173 992 960 935 318 3 354 583 280 305 449 444 253 899 192 569 485 936 735 838 522 941 930 123 299 534 759 482 97 780 993 947 343 872 552 880 176 715 241 376 710 433 404 165 269 366 296 206 645 276 578 1000 890 264 334 502 816 332 316 586 834 245 626 922 584 500 549 607 979 36 328 333 358 610 711 335 268 81 41 67 767 695 368 912 570 834 674 221 354 16
400 982 799 856 938 610 341 613 657 703 223 290 743 832 51 765 752 643 112 319 468 887 392 699 953 876 419 698 39 469 49 164 61 601 497 971 382 437 286 215 428 183 508 657 381 661 559 890 448 488 208 615 110 449 289 696 306 230 687 260 262 212 468 139 433 666 742 336 453 53 10 1 894 574 395 457 55 694 453 234 315 567 468 465 379 759 711 787 544 891 420 953 488 128 205 271 961 435 992 752
642 598 794 456 137 530 899 734 820 618 855 780 811 325 888 704 623 13 442 740 534 754 489 744 916 312 493 310 755 767 218 226 405 705 185 803 370 708 132 427 669 110 344 329 250 77 984 6 865 100 365 441 483 877 112 548 357 686 540 213 157 185 222 740 974 47 17 497 651 38 132 228 744 916 527 143 54 896 672 462 107 190 225 478 151 92 457 503 901 987 796 282 184 535 486 359 983 262 291 950
200 732 405 827 94 940 973 641 274 36 850 925 371 300 882 654 517 562 969 47 736 339 118 237 889 151 233 212 944 683 358 176 977 648 539 85 337 905 754 863 836 744 832 2 375 838 970 258 721 900 526 326 968 794 289 366 964 467 726 774 549 552 212 624 459 762 10 599 867 871 0 191 799 621 519 358 64 960 272 258 481 328 857 549 40 508 40 962 244 882 117 47 796 437 220 194 460 832 461 851
377 116 715 415 733 81 380 830 571 907 202 726 202 936 229 336 977 945 7 730 629 430 141 104 410 935 796 635 377 642 555 243 944 139 481 773 485 707 877 189 399 945 307 329 41 676 732 372 640 229 644 533 178 360 257 43 101 853 272 263 201 64 199 758 203 15 55 756 798 448 210 454 913 420 31 741 775 618 758 864 980 484 578 648 74 912 85 878 435 755 409 408 83 268 761 113 515 333 835 250
279 878 644 608 609 15 648 493 372 936 369 310 584 52 565 966 575 399 639 92 733 206 855 830 566 52 647 803 225 295 230 388 861 724 317 408 757 588 117 58 457 453 97 384 240 284 644 367 166 448 764 105 171 850 187 554 618 530 148 755 801 916 41 796 162 464 211 758 399 868 152 619 807 539 404 568 883 700 270 938 280 19 539 216 907 619 643 62 761 509 955 615 600 33 169 122 670 77 521 880
294 359 968 733 968 46 793 697 153 752 852 528 361 865 483 275 846 329 332 933 512 504 931 122 647 810 612 470 967 240 834 456 1000 152 768 884 472 12 823 279 962 424 381 804 854 341 23 522 622 364 238 870 526 818 875 485 99 568 749 570 77 599 939 289 605 709 997 122 803 424 23 180 605 822 613 542 636 825 462 227 74 858 585 615 549 818 176 704 800 334 928 178 82 220 607 976 301 349 979 625
417 643 207 235 887 877 672 743 990 318 62 332 50 631 122 318 880 3 42 666 237 790 86 578 1000 307 570 746 534 964 380 698 60 614 116 49 662 974 685 905 503 885 804 890 593 626 568 572 67 265 754 989 48 803 676 758 961 876 535 985 614 863 786 234 143 76 405 190 764 31 267 477 820 696 746 846 195 76 357 305 41 990 411 885 618 833 656 495 131 918 768 962 9 483 720 391 112 479 230 647
538 343 442 910 79 283 424 266 758 306 430 587 824 582 156 784 246 107 848 367 788 652 592 204 775 976 433 650 998 292 491 776 125 26 461 252 837 404 39 447 162 683 376 792 124 183 232 208 482 884 913 684 586 566 650 491 401 853 130 182 181 391 888 127 729 524 61 734 292 54 344 814 978 782 450 480 612 227 204 265 0 929 10 664 551 810 226 762 777 34 860 996 947 380 833 546 331 827 146 393
337 365 111 98 686 298 402 831 444 336 88 841 858 804 451 173 539 710 480 458 568 422 911 756 367 732 320 120 217 783 851 218 111 633 116 728 726 125 354 514 728 146 567 679 431 631 337 903 438 844 765 861 881 13 783 982 983 45 638 367 44 604 430 289 393 801 244 389 857 784 143 498 270 593 174 848 497 54 736 481 110 731 237 408 824 371 800 878 981 70 810 223 958 886 472 909 236 49 874 643
486 118 811 987 980 133 729 975 749 866 989 568 875 518 29 966 872 718 460 957 456 494 410 214 794 459 647 128 275 571 472 769 854 861 969 259 87 125 625 385 411 82 669 452 380 259 456 884 211 307 330 224 483 993 274 895 81 189 889 531 516 941 926 430 43 931 304 252 862 176 774 148 586 262 387 194 181 703 556 63 621 555 216 385 45 692 681 90 466 83 591 332 777 744 723 766 414 162 342 267
510 586 389 106 36 780 253 781 163 203 574 923 695 732 980 200 725 650 284 902 27 949 326 256 646 282 759 99 195 593 840 98 141 888 660 484 131 571 298 375 981 445 979 641 665 455 838 923 652 916 396 393 837 794 462 514 936 375 640 756 636 956 811 229 557 158 245 394 429 840 372 840 387 975 894 630 534 741 301 398 703 167 225 838 792 559 629 706 57 683 43 91 761 687 128 384 197 150 705 166
379 582 951 340 471 891 284 102 124 255 328 157 946 675 76 327 506 951 194 68 373 46 283 600 357 391 684 872 360 699 479 738 801 226 351 413 980 877 811 447 718 860 610 650 304 834 510 722 431 603 572 833 785 591 994 106 192 890 941 823 577 736 802 10 576 223 919 613 19 889 711 535 545 77 459 658 257 655 68 167 831 995 422 498 385 934 437 414 192 272 356 940 529 764 604 296 837 815 977 87
41 236 38 251 556 673 322 396 307 99 460 404 646 950 788 444 287 796 740 856 588 846 277 315 193 2 856 681 84 856 764 955 980 711 48 421 14 22 243 870 310 294 937 12 662 792 162 408 110 838 4 866 502 872 26 313 140 598 749 798 633 265 967 293 506 925 645 511 614 726 290 15 614 623 527 347 535 5 908 796 343 350 852 587 814 139 684 52 42 752 342 940 957 732 367 327 872 901 809 110
349 818 205 657 935 583 601 353 668 989 257 893 273 951 309 390 833 179 76 69 424 686 638 697 99 684 155 713 299 947 154 754 543 700 378 489 267 299 823 956 369 418 727 695 939 395 257 975 777 458 118 586 919 257 482 213 390 841 52 468 691 87 392 65 734 880 323 569 195 9 731 330 503 649 664 862 239 366 802 857 678 654 875 665 202 875 250 205 306 235 31 964 242 109 62 263 836 273 283 476
905 660 973 452 459 215 732 786 293 129 577 818 320 72 552 53 678 417 981 212 662 287 738 713 430 512 148 552 854 193 7 761 79 239 779 187 737 975 547 538 516 70 241 434 67 35 115 829 385 214 357 500 751 9 734 212 905 932 946 923 794 746 81 414 546 754 956 1000 288 98 255 126 569 208 158 113 198 534 307 969 232 797 155 480 766 891 659 639 387 761 147 741 326 60 123 213 258 529 935 687
337 888 457 201 262 702 77 37 247 430 168 119 510 400 889 910 343 674 473 91 334 980 378 851 652 773 389 801 917 37 266 448 742 618 943 146 75 133 237 88 567 38 453 622 257 882 636 478 904 511 921 244 793 300 194 32 378 48 689 834 538 656 866 762 177 21 703 939 841 953 271 399 536 950 530 752 621 802 373 784 35 344 620 711 473 177 253 450 477 813 894 716 333 637 511 490 690 133 99 285
896 336 52 917 825 297 977 41 716 946 326 364 728 77 628 37 81 727 365 255 22 317 15 184 284 89 112 826 453 244 788 973 591 863 934 514 464 643 510 625 322 533 584 182 132 419 34 282 793 110 174 253 709 112 213 742 34 666 741 143 173 206 479 228 410 826 650 76 861 317 521 358 40 411 935 322 231 733 860 244 128 746 450 619 559 746 886 87 626 770 375 626 390 672 844 555 422 472 577 303
448 617 615 989 699 99 882 428 967 513 840 166 595 356 288 545 496 970 246 5 899 975 159 547 719 728 929 914 328 172 441 604 682 916 324 867 281 633 489 251 444 639 437 113 341 588 162 456 750 636 602 245 462 830 515 594 834 26 214 531 654 878 977 125 896 423 957 307 300 48 662 864 170 708 286 699 9 458 270 522 957 634 357 435 693 634 411 197 436 985 17 216 142 984 645 147 749 191 805 47
335 866 297 163 763 441 715 357 415 560 762 744 763 182 584 565 954 575 813 403 339 775 833 117 319 897 862 184 457 722 340 274 802 180 50 988 734 809 560 241 123 285 245 538 181 951 900 465 452 101 506 735 269 334 52 66 379 281 322 501 755 27 368 61 390 567 133 10 548 852 437 978 173 989 453 502 393 806 82 331 67 700 532 361 689 857 187 541 873 903 25 510 732 907 258 928 193 450 482 888
243 21 988 443 537 756 258 532 514 608 639 441 644 571 121 759 874 203 415 296 1000 958 532 323 159 41 165 370 315 856 596 468 799 718 392 492 462 583 105 967 767 721 727 421 36 672 643 51 938 130 283 758 400 635 748 138 334 525 844 46 412 966 745 257 421 772 376 290 676 70 484 439 652 331 563 988 998 518 67 267 448 1000 227 800 981 738 369 282 71 363 799 669 710 54 985 616 288 466 694 857
623 963 309 727 43 828 582 321 699 689 513 782 931 842 978 332 349 333 727 131 985 885 140 99 522 650 785 259 176 629 381 56 668 36 926 867 146 817 145 134 722 908 410 289 159 785 767 644 496 192 687 95 334 827 632 19 517 855 483 209 975 748 598 91 350 81 927 301 717 500 701 579 757 119 446 485 393 588 440 172 528 892 212 823 281 716 798 307 806 722 337 691 182 794 143 811 739 907 641 698
534 983 231 177 887 225 673 897 744 976 918 203 660 341 212 707 75 415 862 989 559 445 857 67 673 290 78 257 866 77 655 922 412 369 547 506 711 868 765 156 533 50 209 448 82 347 404 304 183 902 570 977 879 605 136 527 827 344 121 548 825 683 596 607 6 701 81 945 993 5 49 568 631 387 227 946 989 564 120 655 730 455 313 501 355 266 762 17 175 957 489 267 740 883 836 400 480 793 541 230
491 749 755 336 598 354 951 18 914 423 560 31 799 505 677 755 473 656 426 591 486 992 873 117 687 485 703 119 998 540 693 29 970 313 709 267 785 495 861 260 63 52 269 27 299 181 877 250 745 782 883 12 631 667 793 629 514 430 980 318 745 399 152 290 229 725 434 351 257 395 291 721 691 614 386 694 223 828 418 935 696 27 704 522 195 819 293 48 708 792 881 925 449 647 384 85 128 867 567 748
640 63 465 363 238 425 595 758 848 730 566 798 551 628 437 435 312 510 741 836 256 812 772 714 685 135 988 330 264 437 387 236 192 191 533 0 428 768 459 11 86 773 317 942 134 203 449 306 292 674 807 974 338 841 133 690 288 579 636 533 339 966 845 277 843 81 96 723 568 156 952 107 661 38 128 316 0 918 879 174 705 844 868 623 760 626 355 552 861 942 254 151 405 202 439 481 533 187 201 355
461 657 625 414 225 264 160 359 310 755 448 353 331 604 101 366 51 235 19 108 998 850 796 169 885 750 301 721 685 634 841 207 734 137 371 847 755 121 346 726 168 863 738 581 622 825 798 784 399 214 732 793 71 729 247 589 819 577 270 45 353 96 11 977 242 141 893 728 222 346 118 802 576 273 73 164 498 726 236 777 532 38 733 22 878 861 512 985 420 419 443 525 147 523 865 709 130 580 988 364
595 751 809 601 126 133 130 675 4 18 89 713 709 106 247 969 234 323 202 747 410 180 948 809 22 801 444 836 339 0 522 340 682 321 47 691 625 197 441 699 915 41 506 126 328 907 277 46 295 467 876 352 548 201 670 501 465 2 235 366 432 965 452 556 67 684 412 219 513 95 162 627 758 520 186 352 468 99 10 839 549 33 715 291 313 542 692 470 481 156 460 168 686 780 353 195 199 768 410 601
48 70 602 19 112 44 87 443 473 997 798 578 989 68 409 465 121 693 809 783 180 726 829 55 986 722 833 757 114 83 24 210 541 223 545 483 262 157 243 960 481 47 175 335 637 443 654 387 989 856 121 892 452 176 83 514 343 268 914 82 905 897 327 138 931 101 638 256 620 323 935 255 82 31 577 895 153 131 330 723 361 801 475 92 630 393 994 228 725 667 660 320 211 946 803 42 832 404 428 218
201 333 128 683 978 792 432 855 35 766 35 519 391 273 378 145 45 275 23 111 101 739 210 74 318 848 141 774 243 477 319 251 173 13 534 399 68 361 431 90 103 956 2 698 946 792 618 361 234 797 517 472 234 261 705 302 416 356 572 398 745 180 744 166 927 765 619 882 755 361 368 820 626 516 233 609 200 123 953 223 532 485 791 168 963 240 315 157 253 292 148 645 898 188 902 725 184 408 963 634
648 426 917 593 4 140 726 481 854 26 192 81 886 453 236 880 951 452 912 979 854 410 161 791 786 313 652 818 335 22 177 728 994 745 403 279 870 933 687 226 704 567 288 458 264 292 596 287 993 485 480 611 241 594 627 352 989 63 625 288 221 783 573 586 275 260 789 946 254 435 196 608 774 483 83 306 544 441 864 304 332 975 717 329 663 197 637 856 760 846 119 676 332 27 854 868 5 654 573 427
140 721 657 158 497 25 96 631 893 503 976 922 748 460 373 292 21 884 76 447 115 939 556 166 743 70 558 860 120 561 986 983 824 420 260 533 226 768 762 233 646 992 882 128 82 491 715 625 589 147 123 575 311 862 287 177 475 446 638 303 810 859 164 308 195 781 579 995 82 533 203 196 138 380 486 914 395 911 584 27 964 905 470 31 729 481 5 282 699 984 241 564 929 531 804 500 634 159 592 60
854 638 816 586 419 645 601 104 878 778 374 833 123 980 880 470 541 208 74 631 126 541 773 347 303 759 670 392 806 869 458 78 72 977 679 2 896 223 667 296 943 682 335 963 23 468 736 402 571 314 946 335 686 903 418 108 971 571 390 734 200 895 451 196 175 803 411 420 653 835 744 217 261 141 912 94 773 297 629 864 907 502 573 171 9 460 339 628 301 522 510 838 780 861 124 257 678 409 187 391
758 347 283 364 215 900 396 37 262 241 910 960 0 380 926 936 573 285 80 39 746 142 784 23 387 895 407 139 659 679 214 954 577 654 221 307 668 20 50 76 690 137 57 905 493 361 337 592 564 865 106 225 164 272 290 997 523 450 44 194 377 882 906 772 722 721 854 308 446 99 253 60 821 671 42 518 49 426 294 983 331 254 147 42 892 322 858 26 745 380 438 727 323 486 53 627 224 483 938 119
979 323 343 157 946 229 34 361 285 397 196 575 184 899 586 344 996 62 219 351 636 248 453 668 767 370 696 250 195 516 149 872 514 937 376 242 442 723 599 767 827 436 478 568 574 531 738 286 79 288 901 991 744 258 631 476 43 59 27 281 789 239 213 406 177 516 531 598 1000 383 816 249 146 107 325 19 494 189 114 479 15 818 293 36 188 67 773 899 865 320 400 613 681 131 539 524 301 639 121 26
880 662 641 50 52 995 371 404 335 815 597 10 764 854 655 185 267 972 272 374 656 386 610 912 647 743 69 869 748 18 505 901 71 182 276 60 366 551 50 752 658 205 953 719 64 262 251 237 691 938 134 625 227 433 209 843 466 203 935 691 470 265 943 35 157 611 610 619 731 948 146 962 534 650 496 97 810 712 955 381 476 38 1 819 2 906 745 862 986 919 553 695 566 504 934 144 700 56 136 202
222 494 153 253 848 442 701 924 405 610 225 284 327 25 216 881 4 452 876 591 339 270 245 74 212 307 996 541 215 515 772 993 976 210 339 861 384 895 761 716 307 660 123 261 187 781 595 628 861 903 977 151 363 353 169 721 61 971 221 760 844 885 60 183 370 747 62 352 499 318 758 694 362 122 640 374 239 981 818 910 376 16 493 211 917 794 47 290 817 284 949 987 972 986 85 209 749 546 531 689
253 16 530 124 934 947 962 203 561 886 450 967 694 494 876 493 804 321 62 800 561 909 270 354 406 532 154 655 589 779 83 550 832 898 655 350 983 843 555 805 539 163 401 608 222 830 431 809 479 597 787 526 807 654 28 507 499 745 670 682 831 872 906 984 859 312 725 967 719 625 969 92 36 986 644 557 198 658 786 720 896 504 255 863 613 993 121 161 908 492 226 587 476 467 396 411 207 155 46 115
67 145 350 399 396 615 786 638 76 198 521 999 780 285 511 323 187 503 516 36 146 446 43 508 725 649 577 410 777 133 116 799 991 26 77 698 453 804 100 441 157 722 302 245 998 946 154 107 415 210 282 886 964 389 215 54 430 386 623 880 608 308 494 927 112 615 560 197 71 980 243 768 878 440 861 368 44 802 126 698 15 652 50 919 564 685 41 967 206 879 178 165 863 707 953 914 910 218 842 586
398 77 386 667 801 921 228 179 510 494 852 20 709 551 685 118 190 169 129 182 762 652 917 708 848 293 328 195 243 315 668 309 495 814 676 410 197 641 269 651 821 437 421 221 696 773 69 373 192 606 974 763 124 827 159 32 420 371 874 460 537 439 68 771 857 433 547 29 726 964 152 161 842 563 453 589 522 215 170 816 678 846 133 120 870 423 322 326 251 790 405 436 731 536 542 761 452 420 988 43
464 426 171 393 191 288 845 437 774 665 269 840 729 119 415 242 814 429 270 373 664 539 42 291 17 53 635 988 815 756 796 750 307 199 299 550 626 941 960 490 939 447 445 855 434 770 545 958 231 537 88 681 212 989 904 233 949 344 502 732 187 728 652 589 788 45 574 181 832 131 114 973 684 359 640 585 869 666 940 587 80 346 853 109 854 735 933 793 94 300 256 186 921 876 449 357 384 448 837 916
949 825 477 202 557 515 675 373 443 21 524 624 785 180 127 726 770 518 159 243 704 763 493 789 351 875 356 740 904 893 696 616 252 837 554 764 153 902 865 80 972 255 654 546 607 428 577 396 100 862 503 359 618 481 965 167 225 999 600 977 820 567 434 591 156 247 157 963 686 660 489 961 103 984 880 991 57 292 796 176 765 552 526 642 24 364 37 508 137 457 235 845 329 530 356 234 142 106 349 401
773 712 275 405 796 368 149 472 809 544 3 352 555 941 190 39 789 601 502 925 951 752 803 743 498 909 659 962 192 931 793 331 124 937 796 346 69 56 125 700 273 922 924 918 803 444 50 20 289 158 93 33 895 524 179 543 987 652 76 711 494 99 811 912 373 905 874 60 73 792 312 207 858 5 740 699 622 61 708 301 574 811 327 193 579 418 477 21 854 411 487 708 860 734 871 329 384 661 802 859
624 299 120 18 481 56 888 263 420 604 116 857 326 191 480 264 958 194 437 367 158 585 988 39 398 834 504 746 273 639 515 772 389 716 784 308 869 857 16 431 442 704 496 483 958 292 502 312 692 550 542 987 243 491 684 948 443 888 337 921 686 11 444 874 65 987 399 84 318 180 634 322 736 897 95 425 247 528 940 628 874 804 874 969 883 826 194 540 457 243 662 17 151 816 66 22 297 566 112 937
125 642 835 569 916 855 963 931 437 999 387 248 236 154 392 198 105 624 159 968 555 144 476 483 470 810 530 856 569 396 644 810 466 16 289 654 93 743 600 352 220 297 385 995 116 935 16 972 16 510 160 952 856 718 901 712 108 217 566 983 128 41 707 978 742 53 346 813 883 515 516 686 654 315 710 752 690 969 728 302 1 35 689 822 112 403 994 396 640 84 599 273 69 692 15 571 637 855 917 382
237 662 484 832 630 797 80 791 589 321 941 839 335 9 915 887 140 7 287 558 713 539 108 499 797 209 615 121 931 217 262 212 139 378 380 379 661 253 662 423 642 62 227 551 843 244 82 209 657 763 31 850 651 114 626 879 609 671 851 342 677 205 761 191 801 986 268 224 744 899 61 823 59 989 979 783 200 174 195 722 611 865 691 501 580 721 742 970 318 540 665 294 843 319 829 339 733 858 933 647
241 705 9 123 811 808 336 723 955 478 505 316 937 513 886 30 741 523 205 1 141 793 878 134 749 499 524 449 839 206 985 550 845 719 181 342 521 690 576 899 582 948 15 879 204 919 885 37 614 695 805 409 947 109 113 300 952 742 213 481 827 900 253 834 24 461 190 924 138 359 41 626 168 31 695 819 583 486 484 459 205 357 662 22 459 312 660 266 628 170 777 73 288 502 543 199 455 114 31 303
986 373 810 429 988 239 470 157 332 173 410 352 82 167 74 304 14 804 323 260 633 348 79 676 440 516 101 168 484 510 306 841 918 109 551 609 627 682 669 757 389 136 298 825 488 603 972 438 697 810 53 594 128 16 288 893 54 463 304 986 197 884 533 188 672 240 724 432 826 866 220 295 421 526 189 287 151 589 479 269 864 913 929 656 467 771 818 252 65 624 163 974 8 215 654 466 766 516 236 552
553 391 359 936 294 295 316 265 798 235 148 615 650 742 233 911 883 283 272 366 580 245 311 842 302 17 999 947 809 808 248 183 867 397 167 31 512 340 890 514 700 897 54 624 69 466 705 48 972 299 46 631 749 5 184 437 6 867 998 184 634 495 106 122 241 469 960 647 545 919 950 33 269 809 854 117 698 477 253 561 344 343 226 78 54 571 183 230 320 608 277 232 604 310 224 488 119 908 350 404
526 907 281 791 549 256 720 531 669 367 546 499 96 865 910 630 368 716 41 332 570 146 328 683 658 104 860 24 546 172 382 106 663 271 569 319 129 945 513 886 25 337 154 254 26 27 308 722 56 947 368 384 5 890 260 70 122 931 358 917 950 111 676 49 524 273 626 64 429 188 30 817 592 639 772 551 475 685 149 635 412 668 706 673 473 739 52 463 13 287 890 419 916 870 314 566 58 131 232 896
903 689 777 443 700 486 238 80 200 916 540 305 540 357 295 288 721 499 589 136 604 250 807 731 418 418 106 768 65 56 445 605 218 731 239 181 916 208 737 289 567 585 756 348 118 181 257 515 103 360 307 721 937 290 320 613 932 661 112 19 201 657 118 267 930 350 438 270 248 1000 589 38 501 78 445 31 453 139 359 340 870 609 61 524 331 794 973 204 100 417 119 246 558 667 619 317 415 193 741 159
978 559 614 753 979 608 179 655 400 437 945 683 334 530 417 215 740 671 536 407 816 552 130 735 18 254 924 257 950 564 144 282 671 183 892 401 448 818 801 770 882 85 82 825 52 569 695 743 159 8 594 292 300 29 222 446 532 285 178 815 384 949 672 768 697 821 648 112 364 885 530 322 560 688 708 359 6 527 479 235 134 107 433 925 405 887 30 754 837 741 466 828 587 574 562 407 750 553 911 332
57 222 643 288 899 555 929 205 165 724 180 287 999 733 646 220 148 88 442 142 22 968 80 172 940 159 699 839 441 592 783 895 689 825 493 63 180 507 503 839 294 283 361 468 171 566 171 619 464 410 175 306 920 253 305 413 541 292 808 861 652 989 922 948 758 463 42 735 719 367 705 90 637 112 420 118 159 713 415 804 940 513 974 165 861 754 383 260 685 501 97 333 22 235 658 93 334 174 457 660
423 398 852 814 776 206 481 481 489 352 537 297 870 695 667 650 478 859 283 850 232 404 913 213 764 764 575 521 232 219 157 696 468 432 92 856 460 829 30 910 123 811 602 281 276 126 203 309 838 625 960 817 107 457 896 314 798 290 679 287 508 212 661 110 857 684 338 747 178 596 685 436 84 897 142 989 747 862 257 934 122 987 780 719 443 968 513 459 505 651 270 623 71 970 67 977 823 813 723 32
576 628 980 148 763 762 270 555 75 61 740 562 578 846 701 819 343 483 206 545 93 546 644 685 877 712 78 607 778 998 915 224 456 397 968 372 771 662 661 303 161 133 115 341 798 572 48 899 582 385 81 95 856 903 22 645 105 164 743 63 846 454 972 288 704 20 488 225 873 590 856 440 763 854 637 551 833 6 508 820 683 761 455 619 583 478 90 279 783 771 158 421 461 803 246 722 821 297 726 345
846 296 509 588 382 952 744 90 993 149 584 885 277 312 771 967 14 516 565 325 261 840 2 608 544 527 797 565 258 264 368 407 413 813 327 832 564 784 103 154 801 507 427 218 492 295 22 961 863 140 612 261 16 947 645 118 173 477 350 782 551 869 914 460 696 642 673 910 477 137 707 522 215 600 911 377 463 813 973 873 774 224 982 930 430 553 832 688 18 591 811 87 244 710 150 371 313 250 75 330
721 791 512 367 6 491 366 697 928 196 574 643 195 356 854 847 592 521 799 598 137 765 338 607 374 238 492 403 73 858 219 892 270 691 63 651 723 566 580 219 323 682 294 572 647 253 170 85 939 616 308 216 571 7 378 41 214 490 205 429 527 621 365 389 206 59 704 540 752 958 941 144 213 861 9 961 801 825 106 48 147 326 397 466 24 51 104 317 200 643 833 308 883 669 249 669 786 145 636 86
196 53 793 675 172 923 800 449 171 680 158 282 492 517 888 290 746 1 759 852 667 916 624 376 896 304 979 812 869 240 47 921 326 982 862 823 465 96 667 57 472 988 990 98 137 417 96 596 820 623 202 649 989 264 955 435 870 371 591 416 675 364 803 931 202 201 90 511 853 929 956 381 464 846 959 342 927 315 400 981 110 831 324 264 555 437 677 630 643 494 724 450 310 360 704 428 79 207 849 732
620 374 550 436 416 296 678 464 55 755 351 490 627 53 805 863 553 853 825 569 923 498 180 409 335 517 792 707 162 73 177 42 594 300 610 722 524 483 626 640 749 470 179 784 300 565 77 113 434 837 696 756 912 872 588 589 668 968 108 382 624 104 555 398 708 583 12 860 615 11 287 352 444 338 357 718 782 742 672 673 163 384 341 494 355 112 984 791 514 918 673 16 815 890 635 330 605 669 891 239
34 548 617 527 171 960 419 672 815 517 311 84 218 969 112 121 819 912 511 329 256 71 921 621 256 685 850 73 714 8 122 805 741 229 342 795 757 576 101 846 937 228 837 521 988 12 908 544 426 362 86 764 730 124 841 897 328 831 241 3 278 164 271 833 914 482 99 299 258 700 66 301 266 231 28 535 964 752 51 116 394 27 910 728 656 456 929 315 461 761 850 483 415 893 450 796 876 912 665 562
949 3 115 492 404 187 610 988 770 945 37 143 117 807 190 914 7 618 225 821 236 688 156 562 51 182 974 221 163 176 698 804 632 187 453 421 204 209 407 753 860 180 491 505 761 725 753 595 0 767 613 886 523 113 719 784 591 648 696 700 577 200 489 125 806 345 144 615 691 533 334 430 625 124 634 232 89 653 326 111 732 17 877 80 64 361 863 352 261 470 97 48 59 12 492 574 602 309 63 43
287 315 195 384 715 941 1000 334 750 679 318 694 864 347 175 583 138 94 291 572 563 107 133 162 725 589 713 78 65 762 144 21 106 198 76 206 285 891 294 963 889 923 424 17 988 278 700 595 278 818 271 0 346 418 424 473 861 767 206 78 73 188 960 609 404 427 826 835 122 242 291 279 802 15 699 608 221 181 818 74 769 355 587 420 713 690 728 265 573 186 949 254 773 910 44 620 332 290 770 632
312 459 118 145 384 378 437 247 338 49 825 287 740 294 853 633 548 150 177 302 935 936 377 104 546 892 970 258 3 365 511 810 58 765 415 786 84 199 428 992 730 136 242 620 126 700 440 58 719 62 860 161 982 884 455 534 827 527 260 29 815 36 123 630 25 258 465 690 96 524 208 73 738 66 617 246 906 435 849 814 263 259 634 403 657 176 264 594 890 858 216 888 32 649 308 221 777 109 567 199
501 866 231 707 403 550 917 848 794 668 576 22 915 594 297 8 842 132 109 992 874 960 408 960 800 754 304 345 635 18 986 404 111 421 528 10 618 529 52 872 265 173 943 367 76 766 536 556 751 421 319 361 708 970 465 648 904 152 956 61 646 111 671 817 13 989 695 658 76 227 200 140 875 901 994 573 227 251 596 537 726 305 558 625 799 380 904 773 444 426 389 460 518 736 213 588 59 464 505 515
793 529 84 738 735 599 719 411 248 861 373 298 761 337 587 861 567 286 149 400 443 619 962 26 744 308 52 887 430 69 80 145 67 398 764 174 498 304 652 350 317 986 230 209 704 250 533 386 581 799 601 462 895 527 851 912 932 932 301 148 75 377 449 901 355 298 892 571 578 220 325 414 86 601 505 29 6 190 380 798 888 239 951 269 575 329 456 39 967 521 795 448 668 744 989 108 209 246 253 177
878 572 88 208 234 12 581 498 227 110 518 911 132 944 194 602 668 106 270 445 509 667 254 297 686 508 627 826 855 362 498 717 915 63 870 791 439 433 781 967 710 117 560 183 738 348 521 270 551 445 941 969 905 883 498 937 848 17 929 447 446 143 828 480 703 890 840 319 238 111 467 574 975 157 265 430 434 130 733 783 981 576 827 401 762 755 388 254 72 357 461 560 706 183 767 935 140 728 902 578
577 164 267 398 847 535 490 94 52 756 920 118 82 671 713 469 549 768 497 353 622 627 121 199 338 267 963 19 239 729 475 786 587 818 283 650 246 356 51 462 391 971 995 999 726 130 670 859 991 856 989 969 292 83 424 685 969 996 416 880 559 127 540 888 88 671 155 397 6 704 869 734 491 378 349 121 834 973 370 613 867 944 183 291 690 954 913 134 869 29 564 108 558 99 495 895 717 165 336 800
666 931 885 461 946 923 434 704 452 153 851 745 988 184 973 691 7 764 776 262 265 811 818 207 844 779 470 605 273 903 30 417 196 765 34 73 718 893 537 354 74 237 739 721 307 542 758 291 448 794 799 891 992 343 612 168 124 323 432 239 676 305 793 885 13 840 242 268 376 765 707 217 706 643 428 744 727 318 660 124 879 506 510 698 845 833 147 524 353 96 376 254 736 487 87 46 496 732 372 201
441 472 281 562 224 854 408 662 287 93 408 305 917 837 351 322 334 15 775 714 634 885 549 867 270 276 164 56 513 177 157 837 873 315 153 659 637 769 855 581 561 702 586 631 771 766 632 980 333 229 33 942 936 607 413 293 585 303 600 784 982 728 344 703 99 407 789 975 793 650 605 604 850 101 232 836 137 807 909 653 882 189 626 758 493 826 654 888 600 41 341 927 245 208 350 341 842 64 43 882
321 59 529 743 605 158 515 589 551 924 336 918 747 563 12 154 49 272 34 442 243 545 795 327 571 779 899 391 767 904 174 707 954 307 42 462 195 261 451 495 574 621 827 98 454 829 880 730 161 193 956 954 444 391 872 701 124 262 541 600 767 849 274 175 862 866 887 191 79 584 141 234 572 372 641 227 827 671 171 842 714 391 166 335 940 492 495 369 700 16 919 436 149 755 566 603 227 758 589 149
692 67 292 604 127 356 382 456 633 834 543 818 350 971 711 119 517 305 273 198 958 792 191 750 913 758 999 691 786 553 844 937 848 201 390 244 789 383 141 878 673 449 828 870 853 244 609 610 861 318 274 476 579 477 327 86 890 361 449 585 979 487 939 314 391 306 857 745 960 275 185 452 800 275 271 394 881 740 628 28 640 763 468 19 418 927 128 475 567 180 813 264 53 107 386 138 186 15 838 720
733 428 722 70 901 378 6 32 104 781 49 605 53 575 430 242 273 325 993 894 741 73 940 756 880 803 757 127 931 332 908 674 397 406 589 701 360 659 341 34 895 85 516 727 501 537 60 388 692 897 459 887 201 738 992 872 143 477 794 361 462 941 291 388 382 881 768 146 518 254 858 221 317 583 976 40 549 386 575 439 463 922 633 818 560 410 926 695 346 609 563 375 46 125 41 15 339 186 198 815
884 621 383 490 764 184 582 892 853 688 441 272 932 637 91 627 753 33 81 131 233 635 429 685 817 194 97 585 514 90 644 723 805 683 368 660 257 285 648 505 288 697 265 871 831 442 825 595 469 964 812 724 859 504 101 265 689 470 527 105 857 546 723 264 780 788 249 254 517 883 672 884 938 982 242 939 124 234 721 708 416 164 629 739 857 312 185 174 371 769 413 562 243 68 245 696 532 793 377 663
150 544 650 424 136 321 657 205 525 137 130 707 913 762 102 418 504 988 795 1 914 691 443 4 841 379 667 812 659 388 88 779 984 356 497 849 439 341 654 94 628 76 488 867 608 368 274 191 859 628 152 413 915 187 351 363 454 592 625 836 336 903 668 594 259 1000 88 555 814 296 780 554 128 833 309 196 553 965 361 403 279 171 355 93 245 192 392 497 171 898 919 756 426 946 466 553 407 895 118 206
98 836 944 650 697 572 250 590 222 714 47 65 3 830 512 667 51 302 579 515 746 753 499 735 149 893 498 877 498 419 587 442 189 280 57 524 445 535 549 645 831 153 374 846 317 708 996 782 425 382 785 132 850 450 765 464 850 399 329 788 516 124 405 667 464 946 556 163 359 597 12 299 419 113 595 559 179 519 149 179 678 431 895 364 419 490 932 740 627 600 513 602 930 213 513 395 930 177 670 523
689 659 216 629 769 897 115 386 724 856 840 972 874 865 829 374 220 842 718 407 909 108 637 440 611 797 513 295 40 677 942 832 707 583 607 969 811 665 615 91 335 980 900 966 357 300 238 463 575 15 784 241 349 166 354 845 120 709 652 997 996 398 695 535 850 442 703 471 732 430 297 431 479 416 854 336 258 427 647 996 902 986 174 41 383 653 931 777 930 212 883 403 95 26 968 542 326 529 835 940
199 498 531 159 564 787 825 462 312 804 20 686 850 829 826 861 986 128 747 429 945 552 262 318 693 908 920 398 165 419 992 348 315 202 242 138 227 224 586 603 754 405 10 379 656 98 288 466 493 376 215 740 165 483 734 581 717 969 440 240 449 415 953 766 287 98 162 573 625 560 382 31 792 149 925 57 399 852 620 87 774 568 899 345 686 969 869 633 531 305 290 278 625 929 532 34 738 223 160 236
861 539 109 947 133 692 104 210 425 141 320 71 131 605 74 623 685 758 305 599 786 297 700 672 143 200 73 889 397 595 592 354 86 516 447 954 469 661 761 879 432 910 477 622 776 702 609 0 448 468 692 441 716 529 388 764 489 29 851 540 818 434 701 317 281 142 268 295 299 140 368 940 875 468 200 252 75 219 565 181 700 337 680 741 279 340 481 648 754 999 372 907 217 810 999 425 551 929 231 499
309 237 886 603 409 528 913 720 12 974 361 770 65 473 630 891 589 97 884 830 10 990 476 109 969 592 275 678 365 138 793 433 926 427 521 122 893 817 689 592 404 66 647 63 731 291 772 416 163 487 689 568 591 629 414 635 525 631 352 671 769 125 827 763 805 927 3 679 767 687 855 499 849 304 854 246 914 173 96 565 335 787 74 436 710 321 474 996 524 799 504 653 217 584 49 129 357 773 373 555
648 382 693 624 742 10 898 176 599 74 367 551 139 280 227 30 438 111 533 233 238 677 704 642 709 530 722 717 27 931 961 92 895 929 502 703 829 139 336 416 803 725 192 694 231 552 425 857 363 474 507 10 575 855 125 242 978 597 99 886 643 1000 628 567 670 819 373 221 821 737 427 847 917 980 298 530 319 582 777 885 889 63 537 796 368 897 725 686 988 236 413 935 923 404 620 4 609 592 430 234
418 533 555 221 730 137 337 693 375 323 293 778 502 446 373 582 820 622 33 634 732 872 723 587 966 803 523 777 874 397 542 236 83 433 287 560 913 503 329 435 308 62 278 435 307 642 537 101 489 121 378 796 455 315 652 887 212 457 880 633 618 430 470 669 618 790 937 223 982 61 131 870 638 944 484 186 617 167 766 582 335 190 879 807 768 743 113 654 989 894 38 412 529 682 1000 525 868 514 57 847
642 170 148 278 353 442 110 476 582 436 473 518 603 804 518 98 522 128 70 994 414 713 703 862 142 871 189 104 826 657 84 762 401 556 150 392 820 333 149 677 174 40 990 386 745 5 362 407 776 59 149 848 336 38 988 258 576 605 595 97 959 859 740 476 38 493 685 121 157 879 983 231 609 777 136 912 16 695 529 440 865 822 765 242 975 526 302 607 281 994 590 367 177 576 152 97 810 440 620 213
549 911 544 715 482 784 646 857 397 94 812 828 523 201 427 819 802 204 176 434 932 837 327 613 244 210 21 780 274 968 306 985 698 295 626 443 238 883 757 144 757 359 694 955 552 450 295 213 488 520 311 158 991 108 771 507 254 139 639 841 527 300 627 439 434 444 725 554 898 137 131 713 326 894 833 483 360 61 703 736 601 940 846 690 444 57 80 167 762 633 467 92 805 509 694 168 49 660 522 198
237 928 478 371 966 822 241 386 18 884 920 18 887 778 935 311 408 235 838 481 500 249 34 190 348 731 854 47 875 951 869 690 210 233 802 195 458 984 280 249 565 132 44 189 411 587 775 78 248 875 733 16 13 28 778 7 625 548 246 560 212 433 875 843 786 543 759 912 407 977 932 809 966 969 760 905 302 976 768 993 582 399 337 659 417 246 549 200 71 884 899 784 69 650 334 6 709 775 461 149
835 194 37 950 479 393 973 685 857 965 368 286 522 227 33 50 606 129 158 600 493 264 756 811 31 881 406 641 106 258 822 539 701 27 900 891 125 82 17 975 188 248 201 680 604 212 542 824 562 244 330 6 512 822 362 703 884 637 426 722 129 668 783 73 272 779 606 151 479 475 227 461 58 402 393 480 640 662 24 887 282 345 934 489 483 652 103 501 254 314 261 583 549 478 368 358 408 641 560 616
765 57 238 699 542 865 186 916 93 452 300 963 942 636 631 478 98 670 58 675 993 954 680 161 395 754 468 220 750 360 75 414 591 570 364 753 616 521 447 530 489 489 940 73 247 835 118 535 61 171 123 651 670 983 560 401 533 631 635 484 148 226 507 167 229 147 357 778 204 131 45 931 689 772 324 530 741 122 925 207 402 338 999 281 74 673 158 841 409 517 524 24 19 684 627 254 46 819 993 849
681 810 140 74 380 922 18 776 8 94 837 259 834 142 721 396 429 556 694 399 351 262 529 39 580 195 675 915 836 469 555 960 752 791 862 692 566 856 555 971 365 280 4 559 599 178 953 955 696 706 963 359 427 376 141 152 458 605 218 916 882 325 378 692 509 653 467 631 706 700 298 318 114 738 315 749 854 794 7 695 366 348 298 445 407 368 202 743 71 232 696 391 324 129 331 470 847 762 990 488
990 296 253 238 894 712 905 751 79 552 161 931 170 896 802 939 330 620 54 367 190 679 562 180 995 666 59 571 635 67 77 878 862 412 482 705 481 890 619 711 286 729 735 27 607 113 270 315 383 793 232 897 362 791 191 562 954 974 879 758 779 565 814 928 499 864 136 564 786 286 150 215 921 695 655 595 278 564 785 896 368 290 13 756 567 582 638 627 532 209 368 375 665 781 284 431 471 338 13 422
637 756 554 784 359 349 88 943 927 771 691 988 752 778 676 619 96 856 455 940 841 926 105 411 98 211 795 965 378 619 895 614 9 241 648 482 783 623 898 960 247 929 292 675 201 512 477 383 739 405 906 721 404 617 893 262 266 40 553 662 884 526 242 11 920 521 131 725 709 461 372 40 261 416 429 897 36 247 340 849 662 235 786 71 645 313 764 351 346 898 739 700 311 296 152 921 768 735 84 441
544 222 606 154 761 544 824 8 32 564 393 37 561 782 10 673 357 134 346 57 150 472 638 440 621 632 353 996 793 246 471 849 683 339 823 397 499 665 34 443 124 21 283 956 491 4 201 460 593 223 908 234 643 723 742 338 51 589 112 923 424 187 121 869 686 127 342 285 834 993 125 144 392 344 705 995 684 125 428 652 193 60 323 446 807 372 196 57 354 984 500 487 587 298 149 494 824 620 12 927
500 306 496 450 567 692 590 243 600 120 691 856 679 780 763 331 994 365 669 696 79 658 752 493 574 100 739 845 48 909 567 259 901 964 986 799 525 34 678 710 960 990 534 865 534 470 824 754 248 506 847 345 408 549 710 734 476 305 802 598 290 1000 359 730 348 43 3 364 337 127 806 310 386 375 334 951 606 266 280 737 690 509 707 630 106 311 880 859 917 477 830 403 564 113 104 695 178 497 541 417
920 88 738 400 282 587 872 742 831 912 852 694 5 592 870 140 216 909 981 858 562 105 136 143 443 96 834 302 588 388 974 175 570 942 347 685 341 970 613 881 165 414 291 366 224 804 222 925 236 794 407 476 883 819 500 265 583 693 723 350 146 515 812 751 613 30 482 722 116 338 995 160 845 996 820 107 932 290 375 561 550 366 391 706 354 588 162 750 161 510 408 798 983 555 13 87 334 564 896 364
5 818 630 82 640 474 470 258 825 447 204 978 647 879 855 847 627 921 79 294 151 2 883 337 366 214 909 68 688 699 655 283 849 106 239 87 786 205 489 702 58 571 60 749 626 231 74 905 968 878 447 820 976 590 635 358 944 277 91 876 928 353 198 261 501 859 221 174 164 204 353 111 717 177 601 134 215 939 505 153 767 947 975 993 279 429 476 553 232 303 510 197 824 976 74 510 540 876 671 779
207 880 59 410 5 79 552 932 460 323 225 256 959 433 64 955 985 682 33 451 654 56 197 339 461 130 917 115 737 438 344 574 322 347 457 328 57 679 590 457 498 829 790 766 510 730 394 88 263 491 202 635 342 764 610 684 449 855 762 393 846 639 315 811 57 9 628 449 879 919 840 578 41 249 453 173 603 845 528 741 636 74 439 808 266 510 105 177 905 183 998 807 78 830 257 597 475 392 6 572
331 488 600 453 47 141 853 821 326 500 827 50 928 215 903 4 522 485 83 521 891 966 649 223 410 841 385 745 598 938 978 866 978 624 941 270 109 240 664 861 798 741 596 646 150 889 772 113 765 574 216 491 231 550 841 475 606 453 743 415 871 405 149 188 186 442 307 10 395 811 158 335 894 460 578 88 751 327 478 866 111 373 628 751 258 690 335 4 916 633 977 561 157 576 485 409 816 866 208 792
127 123 347 382 662 131 684 855 923 941 575 618 236 272 333 991 93 309 969 352 973 578 453 342 265 180 316 969 832 962 379 713 217 937 681 623 481 436 768 682 267 723 438 779 982 437 275 118 697 604 560 958 350 302 709 979 641 48 799 784 290 224 46 876 28 348 199 245 792 541 156 783 806 758 272 198 246 615 195 662 315 789 254 559 43 699 429 478 320 306 77 912 407 132 467 301 499 50 35 946
864 616 161 947 234 679 667 971 147 270 347 47 989 177 629 146 725 426 41 128 43 351 371 360 206 743 793 348 725 123 633 302 754 944 351 812 482 515 929 707 749 408 704 454 605 981 257 641 732 769 276 489 343 796 856 526 569 486 289 223 488 753 967 843 297 540 596 655 960 423 644 982 345 995 838 601 555 942 902 501 403 118 38 790 617 1000 733 51 827 330 594 171 603 426 941 814 834 187 203 794
354 701 981 529 655 319 537 613 302 302 536 264 766 245 67 862 225 548 694 722 333 252 113 157 730 876 74 525 317 889 930 385 646 110 77 397 148 152 13 606 184 779 379 512 511 789 458 556 542 844 909 588 240 716 394 749 574 589 595 478 658 476 83 176 757 46 979 246 457 556 999 663 287 620 454 515 462 457 377 786 582 751 624 96 231 38 427 309 862 725 60 802 628 177 920 934 266 995 429 131
231 749 586 97 991 731 166 558 824 142 376 550 402 988 645 939 209 964 398 933 597 836 795 714 293 806 625 111 781 656 993 352 886 349 822 141 276 582 511 823 76 330 699 648 117 162 27 613 664 484 691 551 573 512 371 843 450 753 900 686 377 190 911 860 476 603 632 273 139 111 625 554 669 160 50 620 674 374 75 373 992 541 64 189 860 795 419 652 101 697 153 956 794 714 53 256 993 838 436 325
572 847 403 841 850 140 498 633 539 326 999 950 941 566 813 257 947 125 213 698 686 892 521 250 18 997 535 642 842 913 202 453 596 409 957 949 361 739 508 716 625 89 113 863 314 400 184 444 711 971 83 505 653 403 451 439 2 587 269 870 50 393 293 784 682 469 391 346 937 848 321 347 307 708 955 297 913 692 110 970 351 967 619 826 580 973 771 934 810 355 890 86 585 561 794 85 624 131 937 637
874 279 73 736 6 156 309 601 666 19 996 643 111 783 538 123 734 333 958 106 824 358 21 849 345 188 684 235 157 861 883 866 548 825 573 375 359 576 652 336 601 904 826 772 870 346 394 538 811 917 121 690 643 277 800 417 9 684 617 645 90 421 943 267 69 733 206 335 401 402 471 368 614 431 500 416 820 911 584 211 224 961 301 360 412 473 326 357 113 75 979 720 327 679 133 192 450 542 640 520
261 411 979 111 984 30 228 592 233 641 960 388 60 722 899 908 469 678 615 601 846 631 586 19 316 851 486 950 460 438 563 401 578 382 773 911 326 100 626 80 420 397 798 821 715 419 859 855 25 900 558 736 525 677 423 161 116 620 341 570 458 843 393 20 609 558 362 307 299 896 116 241 311 343 592 721 441 114 118 507 352 16 283 510 422 945 76 159 351 866 693 368 161 399 9 124 880 465 339 293
737 75 84 742 912 628 35 674 231 498 790 17 901 611 756 775 839 827 871 664 239 543 60 759 58 980 584 508 552 348 813 963 718 671 291 0 520 819 754 197 32 707 358 525 336 505 381 560 207 904 556 207 411 8 827 614 499 739 472 831 993 120 690 62 659 782 144 104 144 608 15 242 229 336 934 478 253 76 790 956 959 309 535 207 760 506 487 310 298 233 487 182 543 25 570 200 838 799 878 599
48 741 404 929 7 960 107 43 545 669 73 124 781 422 190 823 703 419 771 426 94 464 867 592 21 719 773 113 550 807 706 245 813 404 740 336 438 475 275 251 931 584 850 193 438 690 238 86 194 301 5 880 207 305 930 875 471 476 188 592 699 331 774 109 253 385 444 730 475 273 184 619 129 980 213 659 140 488 916 783 271 662 662 755 691 837 568 904 279 41 375 279 433 488 383 878 535 23 996 132
999 37 250 157 979 584 835 265 606 237 304 975 425 548 96 548 715 619 113 30 864 826 34 529 818 819 469 466 822 852 816 41 770 364 986 222 306 744 819 466 28 723 663 85 717 513 419 713 218 852 742 160 879 761 399 15 893 76 134 314 638 851 219 797 977 417 391 680 658 59 355 536 667 517 382 565 809 300 706 887 556 38 233 83 637 104 898 656 151 314 292 521 614 708 163 328 119 446 658 442
718 123 839 441 682 524 688 136 964 817 402 641 290 32 754 724 64 802 449 489 699 848 62 137 144 29 696 442 182 680 976 133 769 700 994 63 43 577 605 530 104 745 286 477 16 332 11 685 1 668 272 861 813 915 881 444 186 318 893 847 275 361 198 764 544 268 745 194 213 844 464 236 280 117 49 304 626 231 52 113 636 169 379 308 287 215 301 759 269 674 563 964 502 679 154 285 670 316 828 160
776 471 90 239 530 243 662 887 108 445 769 468 518 86 92 637 792 605 786 556 245 160 348 514 574 281 566 113 9 347 999 949 831 608 603 427 904 543 46 587 88 148 651 171 39 910 165 3 322 46 645 963 352 535 124 900 456 596 253 184 889 330 406 614 867 651 568 248 546 601 301 934 925 874 967 256 924 865 249 619 76 482 412 798 862 144 521 768 984 941 744 82 408 128 467 586 121 566 139 266
486 356 102 770 709 384 424 953 364 382 156 189 75 840 777 530 350 657 827 883 68 87 805 177 843 196 913 404 997 949 136 779 131 543 819 115 167 347 366 284 568 501 884 376 822 912 108 516 955 259 350 478 737 361 447 770 224 530 483 358 596 100 639 479 581 655 752 286 935 817 260 531 29 308 467 701 525 505 145 128 851 160 708 967 671 213 406 852 654 192 498 875 357 194 254 628 489 336 16 166
497 111 393 66 126 846 23 346 974 612 753 368 938 138 111 737 701 190 701 272 303 577 563 306 32 6 833 13 829 123 275 788 894 86 361 638 632 867 215 874 827 295 841 802 56 278 886 408 189 209 488 194 332 95 969 298 80 687 399 375 524 803 358 906 221 791 314 268 174 762 729 175 75 531 633 222 510 783 457 891 297 582 15 488 606 566 941 942 938 313 359 632 965 764 432 631 187 830 212 326
104 195 808 911 593 367 275 244 541 752 954 858 595 240 622 570 407 302 922 357 590 497 989 335 803 177 152 143 557 271 572 35 124 780 830 672 777 166 96 868 215 265 979 754 544 33 698 338 650 994 131 706 641 103 603 745 422 915 395 724 419 26 84 386 538 665 815 733 42 760 314 922 438 267 987 411 172 200 366 392 784 700 707 159 428 395 286 161 748 429 247 668 366 617 640 772 747 687 157 429
724 352 697 168 449 112 774 814 22 980 651 375 414 137 25 995 83 625 867 277 829 427 995 257 564 467 320 701 896 215 733 845 414 488 206 26 574 88 759 597 818 75 251 810 396 739 0 787 14 160 960 382 69 633 564 357 929 71 908 895 360 560 645 285 413 147 486 496 178 527 310 548 902 874 55 414 886 420 935 905 241 819 156 186 787 53 603 295 882 501 932 518 813 797 917 936 510 170 873 985
307 268 632 697 870 146 700 438 150 257 790 990 590 371 390 421 901 181 463 272 999 156 332 336 184 847 781 902 879 29 893 885 115 380 916 473 415 306 727 478 354 78 35 898 238 903 412 788 540 36 149 86 872 500 65 37 893 987 933 540 173 246 968 650 864 722 725 575 36 251 307 363 627 925 109 349 485 682 592 494 11 545 725 221 333 532 555 426 639 807 730 397 644 94 702 735 31 813 217 370
150 381 783 961 93 339 482 546 6 32 224 763 912 63 137 429 709 706 917 542 772 692 781 247 783 309 75 695 907 289 676 975 430 171 693 554 947 288 776 71 297 592 801 219 806 762 876 535 499 44 896 18 84 64 321 326 396 550 230 269 143 5 712 886 380 378 559 355 560 605 18 134 744 52 543 585 824 517 117 640 338 520 504 83 151 341 154 179 925 808 183 11 859 29 266 925 10 89 532 138
823 648 19 497 563 211 449 942 790 374 810 427 489 745 700 20 92 875 428 350 255 975 247 995 822 67 955 384 896 589 733 703 849 161 320 865 660 782 681 662 485 152 555 990 828 441 734 941 506 489 588 703 129 498 719 555 254 868 800 737 486 309 571 403 779 30 112 760 212 910 755 879 716 970 917 208 157 110 834 686 701 191 636 440 390 800 391 444 316 788 411 799 242 299 240 600 671 3 248 275
781 429 857 458 917 817 188 993 565 395 611 25 725 797 171 811 944 261 355 917 358 559 478 631 72 85 932 567 332 843 367 547 791 715 699 533 800 954 538 208 977 93 897 126 993 464 387 649 938 139 248 337 733 111 686 458 532 657 153 14 904 648 400 708 760 649 221 835 661 862 289 944 806 120 576 921 775 623 610 692 984 245 87 89 783 197 509 398 241 980 409 505 663 459 180 388 810 334 746 362
505 211 850 170 337 564 332 317 966 158 859 108 993 618 166 647 453 342 620 779 64 287 449 527 507 977 727 829 11 568 281 631 856 934 25 294 432 769 505 991 605 109 790 311 347 668 170 150 617 583 554 733 828 300 492 332 881 532 72 697 715 926 713 768 343 136 763 686 73 342 566 234 746 238 39 942 989 730 4 228 716 738 442 862 492 983 811 989 92 11 151 957 876 328 344 460 236 483 40 361
102 375 440 48 138 584 739 508 284 33 755 603 697 340 972 25 570 939 178 954 78 50 879 28 807 913 232 655 199 876 561 38 676 565 116 995 3 771 444 831 425 603 308 525 98 350 12 464 895 920 300 625 131 733 258 245 183 376 364 135 946 108 793 694 312 813 396 209 456 341 11 378 28 77 514 786 861 732 373 134 799 395 126 312 286 767 363 813 533 985 801 907 594 367 762 909 585 186 99 9
786 219 973 441 343 312 183 872 731 687 680 260 471 948 330 702 589 807 768 527 921 217 239 885 640 820 975 280 773 729 198 485 582 928 762 418 40 359 658 8 268 420 412 380 595 52 43 114 112 29 418 246 74 989 119 385 779 163 245 358 662 154 767 811 913 226 543 276 81 125 62 118 868 952 514 507 708 220 946 317 906 220 961 642 291 303 785 685 978 556 757 507 591 115 23 606 747 376 722 534
323 198 881 300 102 214 414 124 504 671 408 197 172 301 474 102 538 28 469 129 905 633 113 51 877 273 129 608 359 380 865 93 125 999 269 2 583 143 950 584 559 726 88 161 968 540 266 937 926 903 632 435 994 252 750 406 32 775 25 891 252 196 685 807 888 998 495 903 127 526 724 793 156 508 680 957 721 393 78 321 362 416 59 32 975 142 373 803 252 635 323 870 935 108 155 791 807 549 168 214
79 54 222 356 625 96 272 435 511 360 999 150 952 380 693 871 630 524 808 427 868 366 184 714 474 846 261 915 136 529 33 624 979 853 370 629 152 715 847 439 863 161 181 133 774 51 122 926 411 84 311 762 475 219 37 708 221 456 856 895 850 303 832 453 945 625 980 659 647 789 778 292 490 809 417 163 314 168 323 922 311 657 734 354 890 126 769 435 244 470 764 51 290 531 470 914 208 210 933 500
154 651 846 620 355 99 968 321 83 167 543 235 364 55 271 453 726 922 442 47 590 606 234 233 969 100 981 199 117 550 992 982 827 684 895 801 115 225 571 3 675 887 516 575 607 426 590 291 332 616 799 1 620 785 171 160 662 818 84 854 301 659 683 942 156 950 49 886 211 689 970 680 38 326 839 942 287 870 662 194 988 163 896 54 251 795 979 48 936 651 555 578 746 829 296 345 224 864 628 814
754 98 511 523 122 961 818 905 553 390 647 452 492 782 293 447 805 622 289 851 206 626 908 294 110 41 324 947 782 908 912 530 573 627 468 162 485 307 522 381 410 567 858 271 586 261 985 508 646 975 340 18 169 712 205 545 862 596 430 965 919 843 789 834 308 419 478 394 400 303 538 769 63 171 775 902 299 817 7 360 763 693 708 566 972 443 854 761 195 836 617 418 645 449 690 658 35 169 943 875
262 363 743 541 821 787 922 328 621 270 305 265 50 961 338 276 141 132 930 88 325 183 250 7 544 854 624 466 873 346 405 517 804 886 859 278 309 892 167 280 956 397 417 471 150 733 775 693 371 267 457 662 44 808 488 939 869 637 884 358 222 171 228 978 199 554 189 664 868 776 517 366 196 209 861 649 48 358 757 570 592 781 335 260 131 448 391 58 629 141 0 945 538 738 555 448 906 705 543 471
191 539 904 747 197 697 127 392 860 588 480 589 26 476 29 948 596 95 588 323 956 905 4 348 962 532 358 887 298 992 775 355 372 298 743 11 664 8 491 704 294 536 412 83 822 787 488 176 802 424 963 178 816 940 507 507 747 840 37 592 995 506 421 649 997 74 883 817 86 757 802 128 208 612 727 508 575 176 618 82 622 526 463 110 3 93 170 605 587 982 540 60 831 479 379 228 302 619 758 72
792 400 223 711 95 640 280 811 439 917 688 339 764 316 527 564 443 39 468 635 98 340 625 92 293 170 672 399 824 595 194 463 12 937 88 641 813 29 619 612 931 935 389 126 877 762 251 174 504 478 298 268 373 882 346 432 533 764 331 440 408 8 207 402 632 654 397 870 182 277 885 25 647 212 445 225 252 503 740 253 23 472 43 792 304 205 389 727 858 937 45 783 347 447 834 925 444 729 239 495
683 868 877 192 28 390 166 152 331 128 506 991 140 837 477 886 91 426 953 628 659 613 463 65 456 877 55 329 731 114 677 406 685 902 843 425 274 723 934 373 459 671 982 830 378 125 365 9 242 540 135 931 462 237 972 422 708 498 184 988 724 961 968 538 389 121 159 868 249 863 659 216 427 782 275 617 55 378 412 33 377 304 56 284 902 662 394 498 432 737 232 659 232 953 935 144 636 857 308 603
464 844 164 495 573 867 946 790 604 625 392 664 602 314 180 150 943 388 431 817 257 226 728 731 191 588 44 537 723 417 297 989 355 240 394 374 898 609 877 203 456 411 298 279 376 633 676 353 783 191 718 250 777 39 913 974 275 254 94 488 820 19 973 86 474 485 347 82 44 266 467 417 861 989 223 66 478 735 440 224 972 160 513 418 783 805 594 965 600 925 585 922 870 631 238 654 282 148 393 157
816 318 852 871 341 638 99 48 229 187 900 799 556 566 81 395 896 995 663 850 643 144 430 208 581 613 225 225 382 924 296 624 855 449 564 156 743 216 939 956 139 409 428 250 526 495 704 485 838 951 375 816 423 648 77 788 864 934 38 161 345 837 428 189 323 517 334 182 547 435 330 973 307 131 512 681 505 873 620 304 532 381 350 27 165 335 487 302 768 160 436 330 848 49 321 460 391 587 227 1000
338 395 374 277 327 343 128 50 794 437 14 950 639 514 271 175 953 180 403 962 838 650 569 880 711 592 83 187 106 666 891 614 496 984 200 721 234 758 573 249 651 131 661 544 328 129 575 370 677 585 674 103 774 167 176 192 9 366 238 614 558 794 455 432 57 640 982 635 561 58 762 554 306 219 819 663 61 710 821 809 959 429 538 987 752 202 441 209 339 371 291 978 965 984 349 867 325 197 377 290
793 597 819 828 412 851 424 982 179 763 637 496 862 410 885 209 793 186 534 866 646 759 706 511 44 69 261 383 432 78 612 222 864 142 698 621 659 311 655 686 49 775 841 384 176 718 341 913 388 441 735 455 285 340 189 238 24 64 732 922 548 87 102 435 5 260 341 843 461 56 784 498 339 744 751 8 998 684 838 379 242 438 479 888 919 890 977 135 948 383 784 528 762 35 736 36 145 222 153 379
807 743 346 848 187 199 266 48 545 51 599 217 171 15 107 927 391 947 663 386 529 857 690 864 706 700 555 195 16 792 407 602 265 1000 544 967 148 127 518 884 310 723 697 397 552 511 304 510 586 753 720 162 324 258 575 832 462 887 822 536 358 807 146 449 536 631 769 253 99 561 662 711 843 648 510 903 130 700 979 257 847 159 77 654 425 738 586 929 47 473 313 419 152 233 250 582 88 173 967 311
188 405 779 238 193 42 960 439 156 930 888 787 794 606 144 60 447 38 865 31 406 883 998 784 215 365 256 552 761 714 552 451 947 830 947 980 516 370 778 160 391 59 989 340 171 676 992 340 310 400 189 662 775 726 484 739 433 768 687 17 359 364 63 710 764 530 572 470 386 32 851 147 169 510 637 252 760 326 891 354 577 135 940 79 724 904 277 381 222 738 814 29 606 556 782 444 835 50 739 861
459 681 237 740 822 921 118 229 250 138 389 905 796 320 719 277 724 544 702 665 829 581 818 306 350 448 970 929 262 612 603 944 14 447 366 486 746 711 114 30 765 268 454 846 69 976 275 685 426 923 31 309 168 762 985 655 735 232 672 863 856 130 31 283 855 207 755 960 988 142 153 443 135 971 356 53 284 197 556 113 726 584 400 149 36 314 429 536 339 995 386 714 446 158 798 245 317 871 394 341
594 575 930 407 867 413 218 265 768 112 958 924 382 322 433 252 88 468 259 139 88 801 372 4 975 493 528 824 250 753 479 409 54 577 668 542 147 983 207 421 726 554 156 574 501 241 110 851 703 40 509 418 717 8 543 504 474 219 518 1 662 645 193 128 569 257 380 324 208 164 455 227 330 726 921 172 517 103 536 59 577 909 172 977 943 139 138 432 851 155 661 748 708 336 311 126 329 879 206 417
181 583 833 444 746 482 636 401 554 762 569 196 378 233 336 575 163 126 337 67 210 855 56 738 287 763 798 503 792 467 712 100 383 75 967 443 969 98 220 819 288 272 131 360 453 389 588 724 954 951 614 607 510 840 607 948 938 95 685 234 370 103 625 68 18 75 9 941 508 901 858 713 215 795 607 42 999 773 445 91 210 421 4 330 350 827 877 723 975 992 296 50 549 686 96 756 392 312 801 158
123 298 470 227 32 397 80 224 859 465 653 822 938 407 436 481 133 708 155 680 435 722 24 981 592 603 492 420 170 320 733 69 544 792 550 198 756 62 388 611 54 493 840 262 460 169 7 559 832 593 118 809 706 719 25 421 696 744 914 740 680 692 92 562 848 521 668 757 857 499 203 492 271 667 266 575 875 813 443 458 694 5 954 327 759 991 935 312 167 839 737 635 166 698 26 318 409 18 338 304
589 204 923 701 18 411 65 324 762 969 83 861 193 343 942 347 215 664 353 386 858 801 592 411 696 336 770 266 901 26 425 536 555 408 913 158 386 249 447 104 776 874 224 187 331 492 846 840 961 615 963 22 774 271 611 756 375 514 598 623 746 105 312 985 576 840 376 215 52 633 361 112 390 752 498 531 951 331 191 931 486 775 302 531 903 555 935 295 278 403 431 620 545 429 482 155 896 133 667 10
90 8 188 392 174 343 664 102 976 930 317 15 789 456 169 968 770 933 863 478 151 20 333 448 187 128 541 255 739 560 472 299 580 763 131 320 191 271 706 823 759 398 94 1000 928 12 50 53 263 677 642 760 408 446 614 502 675 633 264 673 222 606 922 196 473 560 754 85 308 830 494 590 584 608 223 619 324 781 268 741 20 80 612 603 221 197 70 368 86 301 268 234 873 606 840 234 764 194 885 369
899 63 418 951 723 702 53 54 799 899 404 669 796 225 417 549 776 709 607 685 281 207 734 972 285 682 363 997 547 447 743 388 165 428 119 830 466 116 343 573 601 3 189 126 364 421 967 852 127 276 684 432 617 82 746 92 859 55 292 424 651 129 963 115 236 786 430 391 37 768 611 744 292 199 861 980 470 932 182 135 604 177 640 930 709 618 756 511 69 919 99 764 414 262 677 691 590 179 825 68
952 170 569 830 874 548 81 949 788 217 26 678 1000 339 683 374 312 58 492 432 770 667 439 317 993 814 492 524 445 424 974 328 528 394 547 556 171 13 881 19 878 440 147 534 506 199 754 913 44 903 685 218 709 252 381 674 279 182 400 131 201 671 841 310 963 35 398 844 376 177 650 274 641 215 978 158 35 782 631 903 270 760 627 796 13 453 311 449 815 20 604 467 888 939 551 309 607 785 333 345
439 920 624 510 393 338 155 351 42 154 628 767 191 765 631 548 561 673 231 717 643 993 99 68 459 869 648 176 275 777 773 30 492 817 360 633 258 441 894 140 280 238 475 727 8 612 996 908 815 654 268 169 453 125 416 699 391 704 480 685 488 336 979 511 786 367 515 73 390 163 216 645 951 119 21 389 435 24 680 921 421 618 347 245 269 980 147 477 317 165 987 35 762 437 708 309 28 436 132 297
958 425 701 946 735 229 333 329 801 317 267 771 580 661 691 752 246 48 962 562 662 880 145 119 594 863 230 791 264 18 233 218 903 768 502 224 826 575 974 79 124 457 371 315 374 659 205 57 15 499 231 491 414 101 277 676 565 941 812 61 173 992 414 157 346 404 20 451 720 131 696 876 694 809 739 950 96 358 459 503 161 358 409 322 739 982 18 42 432 875 714 846 645 495 737 517 426 129 302 301
260 441 265 711 102 198 354 681 322 162 781 801 48 354 713 647 204 867 900 166 174 682 643 806 324 45 99 147 651 101 776 867 814 466 788 927 324 894 888 48 196 771 432 78 436 907 634 926 177 466 658 695 775 759 947 931 950 27 152 682 91 990 886 119 742 808 190 584 747 814 940 271 659 829 338 354 962 916 157 591 381 924 429 55 228 689 685 501 771 428 287 165 675 83 231 935 539 494 713 220
597 73 264 363 947 869 676 749 201 26 29 278 970 602 69 425 364 405 552 269 303 653 550 79 237 350 177 357 454 471 593 417 219 454 972 847 633 301 729 354 250 304 477 747 622 927 413 446 962 461 355 410 486 163 483 789 43 323 537 579 432 768 355 201 792 844 947 902 69 600 791 812 292 287 544 220 676 302 19 89 812 943 331 678 273 780 153 745 322 730 20 865 10 22 990 797 925 149 685 630
724 865 122 559 834 100 951 47 389 546 75 363 580 51 234 227 205 446 447 390 676 236 261 953 607 472 953 18 690 333 487 814 104 233 508 341 920 923 366 540 211 947 21 921 261 726 848 902 594 683 138 387 259 663 817 358 343 853 499 75 908 739 399 690 147 109 714 18 679 982 402 586 885 529 787 199 71 705 829 172 909 49 880 336 205 489 457 289 137 896 693 174 507 7 856 785 704 755 159 901
345 669 966 7 795 307 933 611 94 955 644 62 648 110 107 737 222 961 580 38 910 715 52 398 468 532 978 410 432 848 375 916 809 618 523 73 45 532 63 78 976 1000 485 705 437 283 430 351 992 72 106 813 688 332 149 645 729 84 373 115 275 32 206 738 394 510 536 241 722 998 695 238 412 968 233 287 504 621 204 685 102 782 435 273 238 635 119 547 996 242 32 979 482 279 907 798 521 532 942 715
119 501 994 1000 799 331 96 509 710 725 871 813 620 473 312 794 932 522 432 285 727 436 585 96 287 287 117 316 921 571 416 149 413 759 62 356 796 868 803 40 63 243 488 681 236 568 201 105 448 759 910 727 13 217 194 826 378 214 323 231 142 524 383 367 548 730 16 974 958 534 589 507 901 594 13 249 664 579 594 806 50 594 905 699 559 122 495 50 50 428 420 906 440 542 233 308 952 532 526 770
961 424 411 808 862 205 520 842 16 962 910 333 483 545 731 336 295 75 785 435 698 529 950 803 915 245 324 538 131 138 473 107 157 429 996 801 594 919 285 454 147 278 41 379 128 683 603 587 27 710 121 105 473 868 999 360 199 35 171 924 452 971 464 944 551 613 787 390 47 969 660 799 617 446 168 358 345 434 341 556 498 138 788 663 241 259 694 576 488 809 31 532 952 446 479 888 368 512 543 551
791 119 171 420 399 820 757 480 672 172 102 465 634 189 915 221 488 91 184 863 278 632 60 202 236 477 388 661 884 878 635 346 29 602 577 629 240 557 638 760 389 393 967 200 741 973 558 331 831 549 355 838 515 612 895 641 653 10 137 574 439 691 903 441 108 526 133 704 120 825 440 56 3 737 116 662 643 464 228 21 172 746 122 783 802 298 135 961 407 962 505 476 473 727 486 104 511 322 20 93
292 849 819 294 857 384 902 754 582 587 359 908 744 7 817 805 792 168 45 807 421 385 678 241 731 175 413 524 333 256 634 159 453 992 202 404 223 561 678 944 654 98 547 208 396 167 582 953 819 701 959 589 846 522 701 274 208 809 239 703 215 793 615 208 365 186 619 981 852 451 683 744 102 857 617 94 66 866 261 156 449 698 489 518 465 804 705 344 253 220 48 534 458 49 215 267 494 863 654 340
974 878 602 701 881 267 899 811 165 606 288 638 416 865 961 81 25 298 21 518 38 21 289 762 251 812 739 746 211 291 524 565 244 546 93 639 119 671 113 996 806 445 599 409 955 344 298 763 179 12 854 888 259 38 62 121 745 967 891 569 708 862 64 147 772 547 897 529 94 687 893 89 228 120 376 615 698 697 918 385 364 264 705 783 654 47 164 60 15 503 207 484 229 376 569 688 182 884 429 915
392 396 594 542 245 681 437 758 385 987 199 185 642 440 310 522 360 425 549 862 217 182 101 892 268 683 897 643 329 370 436 603 139 327 50 440 857 252 830 882 82 646 708 294 909 581 682 394 317 905 44 58 249 686 252 868 306 584 833 517 287 827 665 582 374 513 972 537 493 484 38 616 982 292 110 403 864 361 505 620 173 453 472 231 501 479 753 651 795 788 587 608 851 443 763 752 385 187 784 438
723 860 743 57 470 625 296 292 578 960 351 25 267 368 365 100 745 923 219 215 71 670 850 89 14 623 714 639 846 496 115 206 583 698 664 209 863 293 709 78 461 491 943 83 939 579 382 795 14 450 72 359 120 149 305 827 450 580 440 356 946 662 714 686 800 574 171 4 606 730 980 765 357 743 284 801 190 518 486 74 597 641 709 980 99 525 177 508 487 556 894 742 602 80 785 951 750 975 670 811
171 832 408 118 619 952 592 163 272 228 600 914 373 102 807 588 296 243 973 938 227 743 624 416 468 211 504 943 293 131 694 843 79 868 734 286 466 652 718 45 141 483 211 640 200 98 884 742 778 61 680 657 286 614 490 753 891 702 576 15 197 873 45 90 249 453 813 846 556 966 100 326 936 731 87 625 486 192 524 509 773 607 96 729 953 151 892 952 291 713 658 83 630 167 374 774 32 903 978 617
884 188 987 516 585 152 758 648 521 803 852 979 848 160 963 818 440 891 664 719 612 883 692 983 655 307 41 170 518 559 950 461 147 769 544 602 354 723 213 627 818 734 130 303 307 645 821 692 355 845 285 148 92 755 421 622 209 986 30 215 60 781 497 241 920 560 756 437 528 967 562 47 950 480 271 669 471 198 910 605 360 609 488 551 532 381 831 564 51 533 554 282 919 383 930 614 21 619 323 60
624 217 99 289 475 960 266 727 526 526 198 515 159 659 99 372 687 724 447 68 295 155 482 562 260 516 206 747 11 238 229 186 903 361 114 407 201 355 102 504 604 907 812 503 554 879 174 351 480 497 542 899 606 82 313 6 600 756 750 949 388 230 783 994 82 44 618 557 469 629 169 25 750 147 325 637 138 150 887 323 292 788 245 285 693 244 155 585 457 292 602 381 405 798 404 786 991 894 216 43
927 783 369 749 110 788 678 307 65 447 374 508 842 477 278 147 706 873 628 773 21 414 390 741 37 643 931 172 991 108 719 647 356 227 216 795 291 664 404 148 21 474 712 240 881 316 439 995 798 259 26 469 98 22 533 826 278 578 220 769 229 727 77 85 857 979 405 867 71 546 949 830 536 152 965 794 786 468 488 114 624 839 502 450 181 87 1 738 139 531 12 500 835 938 677 664 260 985 353 565
944 357 528 729 880 95 355 194 926 216 406 496 981 683 773 448 310 162 82 358 382 480 551 608 810 616 215 777 84 159 655 409 940 470 278 651 790 295 520 634 41 383 679 894 511 239 594 745 458 326 975 462 197 83 149 561 939 112 122 290 3 940 128 435 633 213 739 436 934 822 94 119 242 919 346 497 163 479 891 882 675 691 750 682 0 277 45 509 148 860 276 960 456 819 968 601 229 701 285 957
329 902 450 617 658 886 969 969 539 814 233 735 677 339 369 278 0 355 122 852 978 462 651 103 301 488 856 208 481 887 922 517 509 385 844 165 135 37 986 661 426 61 551 350 309 305 383 763 334 0 136 293 520 837 922 509 190 931 873 421 273 944 446 485 36 637 49 812 795 48 377 535 650 35 676 180 916 6 969 8 402 281 374 577 392 555 528 766 297 998 412 968 911 165 114 870 638 643 767 235
31 197 295 512 428 809 684 489 978 598 224 338 985 228 939 510 478 677 710 173 250 83 465 534 251 226 24 368 681 997 339 644 95 880 612 170 145 954 177 678 915 575 741 553 553 871 118 923 78 522 541 433 836 274 955 477 998 775 404 331 33 763 630 278 535 152 529 583 872 712 508 444 987 631 432 746 34 585 950 254 720 114 494 259 719 794 909 646 891 514 755 567 833 401 656 406 718 901 767 555
866 478 344 959 884 612 92 989 671 616 567 878 447 885 314 508 627 506 926 346 799 428 243 343 214 62 230 433 574 280 806 686 969 202 276 819 25 98 839 645 444 251 544 340 82 46 309 381 946 554 555 749 603 650 43 640 80 274 693 676 536 436 597 211 868 393 345 497 624 156 174 370 669 834 709 493 45 407 95 946 467 429 585 487 424 9 893 401 886 707 916 621 670 851 71 784 213 536 913 529
449 372 75 787 992 705 250 217 305 972 174 875 314 501 199 968 222 800 644 948 110 218 510 218 786 715 156 199 446 692 26 214 484 36 983 158 239 604 962 350 720 407 718 497 863 52 758 706 956 424 627 462 385 741 196 382 907 858 255 624 148 919 374 60 855 886 405 446 234 170 214 294 687 654 480 591 140 432 518 104 64 416 770 406 779 89 141 752 919 7 943 333 750 585 787 308 755 725 751 489
487 83 409 651 771 235 519 397 943 135 156 400 499 177 156 884 399 789 53 433 882 868 954 821 457 601 961 824 411 708 184 503 232 159 804 726 756 680 257 551 299 907 941 319 234 69 387 625 350 864 763 256 235 702 605 236 107 902 624 481 976 449 317 641 277 58 20 302 800 665 665 956 615 336 556 178 623 978 359 48 353 469 133 785 789 516 527 880 21 690 362 998 793 870 677 950 537 740 274 819
480 998 397 696 746 222 727 375 814 717 818 523 51 986 299 428 33 544 387 517 754 340 0 9 730 419 47 879 621 807 140 678 641 998 839 263 115 653 383 643 310 652 122 639 965 943 628 78 663 962 57 101 413 301 438 877 170 182 353 641 313 450 954 270 444 667 539 105 868 41 463 902 955 70 930 689 712 6 343 350 328 170 628 643 57 86 706 872 675 752 128 516 465 501 392 164 905 185 724 840
828 655 248 904 609 241 964 901 956 560 283 656 743 150 306 393 870 777 938 237 496 902 120 694 321 211 245 702 888 586 483 105 972 954 846 707 884 248 994 271 498 926 784 157 39 246 654 598 930 683 529 191 755 26 785 434 87 719 969 427 467 525 457 786 642 177 582 892 330 451 127 345 161 421 131 522 582 837 369 520 368 897 543 94 243 255 621 648 834 548 210 123 322 936 90 248 712 59 350 319
445 987 520 871 301 772 829 344 535 234 765 880 535 530 148 556 566 831 285 278 586 854 666 398 352 503 87 983 923 85 637 973 321 974 742 268 493 511 887 945 20 181 957 400 419 729 493 537 803 176 887 596 607 663 499 307 438 175 268 808 40 963 476 292 318 13 636 97 815 797 708 267 60 206 871 753 610 222 176 892 737 137 622 956 996 571 662 663 954 305 548 956 17 406 127 882 40 998 387 821
546 283 588 46 426 349 848 378 867 375 556 820 835 145 431 834 527 394 383 63 893 833 25 354 720 716 789 690 557 78 719 433 640 200 558 606 93 631 934 843 258 276 493 129 53 159 96 760 632 357 967 357 817 130 463 686 508 162 529 267 821 866 396 199 75 847 559 697 839 588 609 805 62 927 976 347 881 307 760 390 480 933 460 867 202 553 136 767 544 313 468 874 67 596 376 929 962 374 423 518
454 264 693 452 947 113 981 328 751 663 730 746 256 775 318 309 116 133 573 748 644 882 939 173 80 966 85 855 733 194 260 195 23 159 953 913 415 2 134 935 713 817 377 382 548 211 787 261 285 175 233 520 515 816 937 889 348 345 191 637 805 762 757 914 727 455 756 863 524 583 699 249 692 727 314 294 478 868 731 440 675 148 735 983 716 168 683 425 390 605 54 781 415 950 139 169 626 814 721 751
162 35 106 693 354 145 476 488 76 288 469 951 366 965 688 895 342 850 549 581 492 427 540 83 38 832 235 373 210 354 499 668 650 254 181 431 141 434 674 235 677 900 752 408 721 353 966 891 507 662 637 346 573 222 584 195 486 742 631 483 873 235 548 31 947 336 468 70 98 603 530 453 0 402 148 206 179 131 732 333 222 699 667 827 692 198 783 592 527 386 542 224 945 438 275 899 344 897 102 218
934 93 671 827 525 762 486 454 10 949 786 535 871 128 475 701 248 482 737 449 99 464 991 744 393 287 584 456 441 65 729 220 942 656 57 994 381 294 517 511 830 423 887 375 335 45 12 128 230 599 514 578 563 798 216 316 730 167 341 188 243 411 119 541 181 495 293 472 81 636 362 564 667 274 255 57 407 46 921 387 178 360 758 258 91 251 175 706 18 190 916 281 301 392 405 188 130 757 66 237
102 71 541 947 966 654 120 872 913 339 699 418 113 293 260 307 665 816 46 424 916 895 540 710 647 3 90 187 642 854 766 72 751 436 662 795 892 663 636 340 767 8 195 213 897 921 99 503 198 136 434 725 146 180 66 831 383 967 403 491 13 467 898 618 960 286 410 508 840 645 385 901 646 507 970 556 996 228 637 48 721 634 792 868 963 904 125 520 441 895 816 502 76 854 760 633 488 926 567 97
413 276 729 399 956 994 964 837 176 133 883 897 103 52 444 368 518 515 966 631 932 952 78 941 658 171 482 331 863 808 902 851 22 113 639 956 825 72 310 602 347 933 157 416 768 711 16 306 199 217 135 933 56 649 52 724 210 173 632 904 603 5 935 528 937 71 951 515 723 469 230 61 193 656 500 712 451 788 371 372 398 537 203 375 546 464 583 976 726 662 286 464 205 911 595 11 355 66 621 257
884 869 947 806 559 695 278 772 608 0 227 752 552 299 788 701 960 765 215 177 687 902 852 921 554 377 74 299 712 436 264 441 903 163 956 469 51 523 998 868 108 632 944 613 156 714 261 816 493 585 535 476 873 172 807 769 286 180 715 982 704 66 203 60 937 929 904 970 545 451 940 142 994 655 568 96 834 676 759 423 638 283 809 866 479 660 292 970 782 950 811 615 17 31 112 105 292 661 82 571
164 614 75 113 471 625 488 770 413 602 203 562 28 934 588 178 981 740 121 1000 199 588 614 913 148 895 389 13 11 375 314 667 883 805 122 600 948 251 44 690 861 819 555 625 713 370 533 177 627 163 269 198 244 823 611 394 937 418 672 903 336 131 957 934 971 124 275 846 576 883 720 720 192 822 887 735 850 511 95 451 131 74 961 38 770 903 849 176 141 279 389 338 920 931 930 112 521 5 632 315
61 914 945 736 900 907 141 26 611 844 596 608 61 933 333 186 322 624 192 729 147 833 816 507 943 750 396 182 643 319 183 314 807 88 876 894 187 245 688 524 566 39 902 168 490 953 40 259 442 489 74 568 694 694 355 274 490 808 418 616 209 987 873 928 217 747 445 467 819 878 327 868 208 529 384 239 240 138 638 658 596 839 265 0 832 189 102 804 882 327 956 135 340 57 571 676 326 895 559 757
704 26 428 685 889 902 319 653 841 820 450 737 973 652 130 225 907 666 709 801 819 607 504 857 216 160 573 839 883 401 758 998 916 700 213 817 456 720 898 184 850 925 901 580 119 349 617 604 767 947 953 508 840 976 901 923 627 370 746 739 748 867 805 215 95 503 252 395 372 483 91 670 738 542 776 707 146 933 391 665 5 905 190 442 651 45 812 214 314 881 606 219 437 426 156 534 823 531 230 82
438 975 58 305 76 123 656 289 550 877 126 275 265 228 820 818 671 250 225 702 439 297 441 736 672 740 427 243 302 841 406 416 325 963 968 462 710 460 599 216 453 285 168 949 406 469 855 308 491 566 368 971 13 600 309 392 803 784 826 185 507 855 876 518 571 709 772 591 894 486 197 301 968 541 260 718 429 976 396 141 34 637 921 284 29 273 457 525 794 159 863 228 859 220 521 800 532 555 383 439
199 118 246 370 399 200 673 967 739 647 836 900 51 489 740 937 45 219 251 779 813 29 511 86 235 988 323 591 50 563 514 679 6 695 523 589 862 15 841 446 333 939 786 137 17 526 32 29 768 211 306 927 81 961 111 608 924 555 752 316 315 646 36 57 407 444 605 276 904 394 34 515 611 103 786 572 650 469 107 35 831 202 678 700 328 423 508 492 750 259 701 947 409 473 408 434 628 943 470 995
504 561 187 343 104 137 526 56 841 544 282 899 786 549 204 20 320 137 839 883 677 80 843 505 617 233 926 415 350 521 535 507 634 823 730 70 748 252 91 241 453 124 935 148 785 454 824 865 426 447 296 405 976 608 459 564 160 582 540 662 245 451 781 979 666 837 39 486 590 413 341 684 972 318 761 730 811 494 723 198 759 713 453 615 153 395 138 995 407 549 428 734 334 49 302 883 235 375 414 641
733 989 765 367 232 727 802 863 395 536 834 794 805 251 208 812 755 285 140 69 669 520 116 209 958 270 590 603 267 557 202 894 185 67 787 629 443 385 584 283 419 102 709 159 80 659 199 957 378 466 519 887 859 169 17 776 175 561 544 916 994 825 272 21 671 448 123 150 971 293 61 36 69 627 867 765 143 398 289 796 87 371 703 974 90 801 391 730 39 954 34 835 757 815 608 934 898 792 671 773
364 226 707 921 364 452 788 809 306 711 514 812 199 660 856 69 410 213 27 942 624 952 188 575 954 258 152 599 338 616 367 942 658 388 248 236 906 287 35 775 16 244 434 971 358 813 959 752 848 784 264 760 690 353 908 438 935 445 247 196 768 711 305 819 781 539 286 902 375 586 497 617 285 900 400 841 973 897 797 292 581 646 449 830 185 772 612 226 559 423 575 816 71 142 829 825 70 195 417 375
28 951 960 859 828 101 302 994 856 51 942 347 586 881 698 628 218 692 48 777 630 505 948 427 749 389 502 87 964 45 571 415 367 590 940 867 563 528 36 183 203 954 845 677 871 930 429 667 781 693 218 789 591 126 599 266 744 567 28 850 83 422 982 746 512 104 279 426 803 548 28 95 831 84 642 462 617 264 444 377 748 98 592 76 537 515 969 109 683 817 673 137 494 845 927 374 169 209 951 250
91 271 641 709 963 76 449 975 902 252 331 518 834 371 367 223 28 910 865 529 810 776 740 604 382 625 363 17 745 405 527 66 384 455 907 356 872 543 271 10 385 374 563 546 284 621 117 496 593 397 118 114 298 67 62 722 23 708 186 914 248 955 512 427 638 413 828 824 416 990 516 466 232 964 966 92 165 964 465 298 866 719 683 491 747 649 963 584 372 668 97 481 501 750 558 974 210 869 417 96
642 889 730 849 712 20 671 343 287 91 333 439 369 154 548 459 276 662 759 78 849 259 228 288 575 431 414 906 217 542 719 489 643 728 607 257 23 251 811 534 588 395 815 968 669 910 291 950 200 49 837 44 592 561 336 165 15 977 249 238 184 397 274 36 881 142 868 243 752 358 184 303 80 827 678 995 96 54 280 337 299 716 583 272 236 546 206 167 719 733 414 67 154 177 561 827 853 357 9 797
538 713 85 151 768 204 878 539 254 607 7 481 339 889 140 532 325 295 485 909 647 157 208 400 758 588 395 599 726 245 811 121 79 434 441 709 994 722 156 997 558 902 227 819 142 83 553 652 14 84 18 964 113 860 169 143 403 177 9 713 146 812 223 594 171 938 142 375 944 452 783 53 655 912 114 531 848 435 566 102 894 593 269 791 132 150 972 542 205 51 930 149 586 497 675 676 332 694 797 539
891 126 467 609 812 969 438 523 352 551 17 821 538 233 152 887 304 122 191 809 883 305 774 674 114 897 500 976 985 351 940 900 855 666 432 164 174 229 217 797 80 257 732 879 261 576 490 936 697 887 391 462 305 675 858 347 791 533 401 15 381 166 957 4 960 8 124 227 878 215 997 101 172 360 569 54 400 122 18 22 194 762 442 857 543 818 466 353 197 427 293 807 142 941 395 79 510 664 385 350
37 569 636 599 529 431 203 304 456 8 263 337 625 538 810 121 955 627 876 842 949 731 978 93 448 909 257 716 506 935 398 626 266 779 132 571 795 223 753 275 312 477 658 702 478 144 184 733 875 249 657 320 837 570 854 604 501 489 30 567 416 342 656 671 95 453 129 814 925 718 942 763 285 877 54 525 289 901 777 502 50 760 341 872 697 912 343 795 392 259 442 921 576 175 629 526 870 874 381 36
879 434 651 491 743 318 183 327 277 532 893 422 251 929 145 658 81 243 450 404 532 907 901 493 216 608 18 82 284 299 30 925 121 558 95 829 944 885 352 280 981 989 563 495 189 875 971 720 134 50 471 121 546 927 257 427 473 500 473 223 420 740 474 662 884 519 348 254 99 444 939 52 794 378 70 89 362 303 322 451 755 75 886 71 369 708 237 72 470 893 713 921 436 918 144 796 362 808 730 424
693 106 146 375 920 507 41 947 887 71 140 74 853 456 602 591 78 360 464 375 235 634 196 303 421 644 268 329 532 15 749 286 79 625 961 809 835 35 182 464 479 180 578 283 306 379 629 268 869 508 595 968 445 742 108 529 484 389 899 960 616 248 657 284 17 130 328 880 402 832 850 653 515 221 820 254 971 925 607 798 989 634 91 168 900 762 329 482 118 156 414 335 8 115 326 402 44 108 311 395
435 713 142 447 339 718 975 772 481 567 604 193 399 988 500 304 910 604 542 477 539 439 470 178 19 35 128 638 468 753 528 687 760 825 990 785 355 831 695 550 879 760 497 346 17 362 17 331 767 945 711 40 204 192 870 841 387 338 863 509 178 295 306 327 503 145 596 592 992 415 274 130 106 329 70 513 744 878 294 633 532 173 110 674 779 281 418 825 48 481 779 869 104 153 887 203 939 765 156 485
142 948 596 981 519 2 427 963 923 265 620 355 696 91 849 17 705 461 802 318 441 217 179 208 959 90 136 251 240 392 619 352 332 470 789 499 499 276 815 165 416 20 933 890 128 475 116 858 319 686 573 395 977 952 700 806 233 159 81 509 293 447 362 545 565 339 302 42 425 114 315 392 126 202 842 823 45 481 533 416 509 779 72 540 294 486 615 630 842 918 133 220 721 480 312 748 828 651 610 204
739 116 209 698 458 420 111 848 264 761 410 87 618 508 812 690 250 754 887 735 133 358 39 39 461 436 801 500 146 774 249 856 264 185 231 598 92 160 315 945 970 784 549 478 259 104 789 635 989 199 16 865 443 456 764 480 234 96 410 992 160 71 398 130 419 26 87 394 884 567 143 718 431 932 311 361 124 42 631 496 327 339 458 374 386 591 995 779 237 580 720 421 786 458 499 73 74 682 914 766
339 775 547 140 982 543 61 178 568 688 274 333 591 843 529 905 741 930 590 768 966 325 479 598 363 689 928 480 532 981 362 300 252 184 620 741 310 371 793 806 510 980 371 176 355 115 101 533 56 581 789 476 106 755 169 175 521 108 627 463 326 365 0 547 405 518 723 232 499 364 908 587 56 718 958 218 18 946 594 571 390 592 248 784 915 898 581 615 397 239 593 446 145 51 436 825 267 27 659 885
219 413 497 198 681 822 77 492 349 597 160 341 175 356 214 606 744 984 851 446 290 506 389 189 473 202 778 830 302 556 647 247 697 135 159 151 671 287 62 21 95 230 543 257 406 589 936 732 249 354 800 991 571 343 317 693 935 376 169 242 683 261 437 665 485 835 566 647 441 362 204 91 918 168 531 858 181 728 166 444 260 34 181 946 800 776 729 775 177 451 246 291 490 445 737 751 262 881 302 259
327 373 517 99 726 333 248 531 679 36 154 272 375 587 916 934 735 36 30 427 639 653 400 845 511 325 257 68 325 540 835 266 543 193 399 807 618 382 10 654 762 880 641 876 230 465 661 364 205 38 504 528 123 32 742 466 987 818 774 183 691 97 493 39 330 968 438 25 669 893 377 942 150 437 426 603 258 321 213 205 742 817 127 726 436 887 854 663 737 898 798 987 580 316 660 224 607 491 360 116
736 570 368 117 915 545 944 848 672 345 31 972 662 956 469 758 200 490 883 750 753 87 788 166 332 676 361 21 19 738 683 436 356 365 273 248 456 631 458 999 796 740 152 551 851 44 455 967 160 145 858 13 519 938 475 640 63 93 763 847 182 829 259 482 357 873 894 320 271 845 142 621 675 371 189 83 990 164 948 919 682 980 801 727 681 218 470 885 498 85 726 522 792 562 159 525 716 131 830 641
876 447 899 741 213 184 217 157 693 745 950 11 550 158 27 809 91 384 401 466 547 369 665 93 987 765 154 933 310 33 49 808 543 295 915 61 611 638 604 634 57 652 395 553 895 805 853 925 320 575 758 231 427 987 546 98 763 612 224 635 617 635 243 101 135 13 693 367 342 637 933 641 749 765 392 906 752 252 728 299 839 358 168 879 794 67 960 735 521 39 613 274 326 429 902 536 475 290 485 916
128 952 873 438 143 668 500 164 247 969 743 585 561 609 924 355 109 990 971 969 653 323 740 949 88 452 319 460 776 926 182 408 645 24 685 388 528 998 346 529 933 248 352 173 479 793 442 992 729 27 762 411 268 549 838 117 431 171 917 712 810 394 471 107 119 397 427 779 830 602 677 119 23 620 964 166 910 566 410 221 118 913 553 418 604 841 136 607 898 746 223 835 117 223 830 872 441 87 247 251
542 21 76 7 544 145 231 475 600 869 741 193 620 912 516 478 341 603 151 875 776 669 367 325 591 922 211 947 771 76 810 126 900 785 705 454 760 825 574 708 872 424 841 963 699 388 951 761 6 814 596 965 131 119 347 646 866 692 874 41 675 139 776 390 362 87 933 363 548 182 17 41 841 54 290 785 879 503 847 975 18 153 46 681 153 463 9 256 999 646 331 109 878 618 896 126 608 55 730 874
619 312 967 818 605 199 754 625 340 272 298 933 726 92 951 262 452 257 209 464 54 992 666 797 785 762 566 652 569 526 952 264 374 871 142 850 822 172 367 187 228 370 811 534 272 216 113 501 933 993 642 542 413 341 727 354 956 299 668 708 632 299 934 543 28 615 852 482 651 77 185 691 711 812 721 104 490 76 623 422 529 217 921 122 716 259 297 112 816 772 570 845 70 859 151 538 731 585 121 847
665 261 577 147 706 56 106 4 316 554 636 504 264 185 858 239 614 776 109 141 958 975 407 994 424 222 860 414 163 67 131 497 265 425 396 142 906 267 271 471 341 738 198 741 908 352 249 653 722 24 289 868 696 777 557 171 788 666 126 472 652 68 517 109 415 891 492 807 358 579 65 445 638 845 597 384 662 357 971 733 558 897 551 32 848 613 448 818 1000 564 311 851 422 821 399 691 738 606 851 912
835 860 419 894 392 773 945 506 678 957 837 142 56 835 517 750 876 471 467 925 477 317 269 468 852 967 497 704 138 192 324 384 999 668 624 29 973 927 62 568 53 342 540 772 355 358 491 531 709 855 217 962 755 983 628 477 252 312 540 931 189 197 384 434 87 792 668 214 51 946 489 97 472 554 389 564 940 195 690 977 396 194 220 913 160 79 199 948 211 273 414 402 368 249 193 929 841 837 536 483
564 186 314 32 142 602 16 871 313 950 182 961 665 474 4 24 492 588 100 910 876 199 384 571 554 501 675 266 595 230 685 609 602 609 215 262 285 765 986 692 637 984 749 282 703 770 127 686 126 521 554 428 824 677 262 568 229 853 257 493 464 637 459 306 51 39 838 868 879 455 989 492 505 648 581 996 159 616 565 22 886 207 776 500 129 450 787 978 863 724 958 399 535 773 480 529 494 416 941 179
619 477 19 513 881 347 934 814 960 503 806 364 866 834 20 199 432 67 720 494 634 77 630 456 741 368 241 137 205 136 763 816 84 991 89 851 652 789 62 145 176 886 278 447 969 657 566 83 884 634 471 808 179 717 71 136 394 497 827 263 307 923 635 576 167 525 180 750 772 661 867 425 850 593 584 987 661 250 457 801 828 236 848 637 300 733 373 451 40 471 524 464 477 125 981 563 841 498 806 849
611 514 745 345 645 768 425 67 60 62 596 23 99 348 714 278 965 21 719 884 350 192 281 687 426 421 150 601 349 4 679 601 655 218 637 497 931 778 9 702 122 299 52 80 730 15 239 882 355 662 500 520 127 110 121 127 804 851 711 429 14 104 897 37 338 187 217 622 82 157 968 472 581 598 752 82 809 47 603 405 864 387 480 56 758 952 647 92 457 106 851 377 632 43 81 317 234 647 964 956
671 904 72 191 262 805 80 197 228 739 850 567 823 651 768 19 722 111 782 889 364 888 464 542 73 524 181 609 525 941 900 84 920 542 383 97 11 70 896 393 613 931 76 973 499 271 200 531 716 85 193 507 98 113 516 477 785 329 264 470 128 790 313 26 961 385 746 4 297 537 820 915 324 684 160 195 785 734 853 305 319 443 468 121 782 3 590 422 404 397 255 954 407 343 537 327 662 247 977 136
840 485 417 106 120 296 804 683 425 259 96 450 18 667 738 375 631 327 753 13 847 79 601 702 620 981 104 666 929 720 215 915 530 429 786 575 837 850 188 798 99 829 33 344 425 363 862 121 878 216 170 745 894 760 723 141 5 823 942 943 352 736 375 511 778 873 452 43 29 992 265 864 680 78 953 478 209 564 753 4 705 37 954 692 388 991 593 738 227 84 564 877 541 484 473 593 681 925 846 351
965 52 946 742 408 53 328 892 707 141 860 910 14 201 459 223 214 335 148 12 488 757 449 447 269 906 688 52 266 436 702 228 72 849 801 856 527 360 785 793 895 712 729 679 61 851 794 171 517 543 556 675 768 211 776 257 52 731 549 255 228 844 449 319 641 614 758 624 696 345 516 908 351 214 7 235 901 793 17 263 544 442 371 812 126 736 23 522 147 237 656 80 235 753 520 210 559 771 324 141
762 587 34 294 247 995 851 262 760 739 877 183 165 863 987 24 910 934 931 242 318 695 750 235 571 83 15 743 77 959 708 934 140 69 152 641 102 609 784 54 62 959 38 639 769 302 562 483 587 187 996 822 205 381 26 508 636 58 831 399 108 355 893 664 711 815 984 757 462 506 879 45 916 673 521 897 963 736 690 795 495 923 296 334 943 541 508 778 48 142 572 208 284 463 338 756 706 136 804 138
1000 283 293 226 202 400 824 140 321 734 615 911 835 661 537 93 300 105 409 618 266 530 311 829 91 977 844 126 545 214 674 664 24 997 321 945 105 455 743 66 602 481 550 747 485 620 614 294 397 932 536 542 553 528 446 940 356 102 363 608 976 422 542 676 31 187 560 942 838 417 954 56 650 99 974 198 628 653 807 352 993 161 310 815 519 579 379 147 568 464 116 886 757 49 808 852 968 320 889 559
313 931 419 36 608 966 937 459 258 668 398 647 582 410 19 473 445 436 799 447 22 547 468 396 442 566 742 255 661 81 150 990 950 395 348 889 596 585 553 681 143 626 676 117 462 522 770 662 258 374 897 75 471 842 756 471 450 950 404 314 108 878 397 186 989 8 807 596 877 230 957 387 442 191 245 209 262 373 112 38 667 180 317 747 50 417 886 598 159 477 991 484 470 678 97 703 699 317 954 732
144 128 128 296 433 460 186 235 113 641 363 26 538 149 175 995 559 346 279 413 876 941 79 396 387 682 444 134 687 622 828 698 903 992 678 405 858 937 290 136 68 575 898 229 141 790 566 35 871 938 679 702 698 275 75 840 759 496 325 296 213 409 148 948 780 397 114 834 744 242 784 338 183 118 301 639 39 628 233 506 292 550 569 326 48 42 528 45 16 185 341 720 623 36 272 604 792 1000 517 595
878 789 40 892 443 781 948 694 180 481 510 575 92 938 145 756 576 922 323 555 452 670 510 541 483 308 303 82 258 250 245 977 247 447 57 946 284 475 519 840 34 848 572 243 348 352 894 751 158 150 80 191 641 640 280 740 66 168 198 69 327 185 450 140 196 572 604 799 836 659 875 447 663 207 477 601 820 886 185 827 216 529 713 85 53 455 186 841 486 481 706 0 199 302 97 349 750 187 854 891
269 62 626 965 734 955 188 132 234 168 418 978 334 122 609 292 907 175 262 755 126 721 618 199 945 818 773 428 354 876 763 477 99 248 292 364 446 878 391 413 39 78 332 750 166 191 776 173 529 546 422 117 56 6 708 898 537 814 378 118 746 148 882 614 406 178 184 32 166 477 279 87 860 319 85 911 161 341 244 617 409 324 866 908 547 777 313 987 351 254 557 836 364 154 414 412 237 412 22 724
778 858 434 99 792 90 585 515 776 682 723 801 243 363 314 812 420 666 677 987 162 850 838 465 694 875 642 319 702 103 259 991 196 718 376 493 717 844 616 119 538 658 134 642 652 623 380 835 621 171 39 68 237 811 305 571 264 952 542 684 297 229 393 524 512 304 38 798 408 655 126 736 783 236 959 2 121 792 767 942 298 991 309 609 155 315 778 548 233 490 553 180 60 546 876 119 702 102 229 813
969 401 556 778 428 20 841 258 604 660 769 402 64 939 617 926 629 176 816 562 832 619 954 801 31 640 956 832 571 605 829 43 455 745 112 458 63 845 160 337 855 856 632 659 394 707 680 559 973 574 942 835 712 839 936 473 204 931 660 324 982 384 72 898 178 606 126 491 749 547 223 523 697 56 194 60 41 2 536 965 367 681 182 663 155 32 578 221 270 11 138 470 19 601 388 901 708 411 735 120
739 596 658 641 2 948 519 36 34 309 648 263 535 646 762 230 610 108 432 574 598 798 38 261 446 167 432 534 264 974 792 395 55 17 559 107 284 542 237 466 854 842 935 49 536 658 293 647 185 117 17 326 411 61 690 467 690 273 451 697 62 854 3 882 407 649 872 43 738 66 775 419 373 357 0 857 875 621 519 945 917 462 957 165 698 889 232 232 710 370 901 290 272 726 998 62 181 156 21 18
115 768 724 441 943 818 37 404 832 493 496 954 810 835 933 868 95 534 50 767 291 339 107 531 188 42 624 8 705 494 359 498 543 81 949 743 2 306 521 118 925 507 202 129 620 631 955 590 735 89 295 657 285 542 588 934 386 173 555 591 735 6 945 158 370 300 370 134 511 794 880 130 602 314 250 93 299 429 559 126 629 734 142 514 962 295 347 859 149 638 854 866 115 171 534 293 329 243 594 154
755 984 894 107 797 247 396 732 103 116 373 982 460 392 697 119 297 608 591 648 327 612 377 365 913 266 79 626 621 992 26 781 481 569 895 837 893 466 314 410 442 429 295 534 147 656 657 181 482 129 734 136 539 994 320 221 244 8 106 583 93 349 34 293 441 379 345 158 861 16 602 310 842 400 829 516 236 422 96 667 320 957 514 475 139 426 571 775 270 93 861 239 588 699 385 843 429 14 953 964
894 97 298 763 916 86 235 702 706 61 85 567 130 566 248 803 400 54 504 349 10 702 769 759 756 888 389 583 114 39 913 688 664 279 317 44 781 395 344 197 801 444 557 427 390 440 380 148 571 570 41 773 490 316 78 953 854 373 42 562 525 77 967 769 427 608 91 89 363 872 142 745 46 447 93 475 841 962 706 643 102 866 819 864 934 286 525 87 948 850 239 897 885 428 405 848 286 895 877 420
350 278 831 808 887 945 776 872 655 52 424 347 841 577 995 907 497 537 534 19 674 127 421 352 860 579 551 677 516 670 347 35 739 289 514 382 695 742 743 523 636 559 791 347 755 301 956 567 684 436 684 693 314 351 859 991 807 248 268 780 912 74 446 561 581 260 672 764 455 60 410 581 809 422 663 741 141 482 9 811 752 457 825 937 407 874 398 666 37 572 996 658 946 420 715 620 293 955 302 39
46 876 421 292 466 963 15 634 345 10 798 663 254 928 937 226 814 51 530 60 982 341 170 0 240 141 169 200 409 462 701 578 472 64 647 425 100 467 590 494 159 41 893 250 505 784 760 194 719 94 76 830 566 883 17 202 895 968 155 836 704 166 952 97 1 517 878 10 513 1000 217 250 934 646 916 544 254 217 768 824 946 519 29 696 927 789 137 142 965 788 924 926 455 80 412 552 48 615 193 287
430 977 29 652 293 715 125 835 223 91 770 951 60 502 648 525 891 749 154 359 700 232 32 498 562 593 35 585 90 932 62 229 38 393 836 349 602 305 209 710 509 361 54 951 655 239 63 399 272 180 35 866 634 196 890 383 760 107 402 359 235 386 628 409 114 868 276 919 231 170 810 837 235 423 941 632 89 402 703 41 666 984 293 213 537 661 523 973 819 518 417 777 460 211 615 533 769 376 231 487
193 552 461 654 270 90 943 168 202 6 552 20 953 979 469 491 120 598 294 712 838 327 787 282 450 995 427 999 224 30 636 617 432 801 999 247 164 151 369 958 921 581 946 172 748 291 184 860 124 118 547 678 515 473 488 282 742 94 826 109 248 663 926 315 180 270 338 775 771 343 104 740 127 640 961 575 452 527 610 145 388 413 684 506 82 656 667 390 600 433 377 108 495 407 347 303 954 734 605 792
13 717 761 295 9 24 234 374 29 366 495 873 585 785 644 532 192 271 490 449 595 293 982 905 618 350 783 512 337 676 37 183 703 866 204 981 466 114 517 524 322 624 310 364 401 661 13 310 661 935 550 30 351 469 847 871 649 987 437 823 212 543 736 191 367 182 922 43 131 164 423 289 172 1000 275 904 666 697 663 32 44 48 405 232 38 430 84 621 286 134 865 8 521 92 814 636 688 220 454 593
746 383 16 413 91 841 255 651 21 159 412 355 344 964 121 158 420 185 453 495 536 582 874 563 149 917 898 347 716 612 355 32 298 263 358 108 560 998 982 511 270 619 775 380 735 521 711 974 597 240 924 208 950 432 153 659 548 553 590 773 889 124 705 906 191 76 736 574 751 364 955 715 817 919 20 400 374 742 785 859 120 204 18 917 850 324 542 604 182 941 155 127 345 406 553 489 742 593 623 471
140 409 102 729 106 690 18 330 543 847 524 520 181 537 526 532 391 761 788 788 390 546 98 85 588 322 782 127 475 811 197 960 861 843 660 85 909 659 255 556 638 155 917 959 961 211 30 550 585 594 877 625 995 985 480 442 543 414 410 682 669 941 835 523 745 606 242 839 399 175 418 252 498 573 307 729 200 47 343 529 83 484 547 445 696 718 261 130 492 984 167 412 882 367 674 828 441 141 510 619
316 481 911 342 433 747 669 432 110 545 737 318 193 751 42 217 863 995 892 153 910 763 524 981 701 282 2 344 562 881 739 53 811 831 840 646 939 529 46 165 18 65 98 749 27 745 832 531 96 305 293 686 428 264 937 809 216 555 186 0 34 583 928 431 62 444 997 8 697 790 539 328 798 511 85 223 396 714 900 259 29 54 403 9 890 335 695 519 404 667 805 20 0 721 269 200 1 362 630 131
796 414 352 78 573 978 15 701 410 449 467 418 634 424 102 880 308 600 650 514 344 401 167 284 240 356 808 473 325 948 578 599 172 93 605 721 227 371 611 68 123 848 728 444 344 137 823 137 181 97 56 197 328 475 320 462 898 595 215 785 466 918 1 743 991 782 717 601 238 524 250 58 738 265 74 619 145 793 547 911 790 529 734 752 459 681 613 658 695 525 446 900 936 962 122 625 682 311 243 6
47 16 405 901 965 109 901 741 73 666 916 348 181 926 422 285 995 604 312 863 534 287 804 32 181 117 698 84 682 292 220 443 687 69 410 181 293 568 604 288 52 717 607 237 6 840 174 918 171 602 672 954 204 388 688 447 621 38 576 306 55 714 500 580 594 680 226 715 266 873 674 60 745 813 892 823 60 899 498 659 516 509 833 418 448 638 3 795 46 62 18 57 12 2 710 965 371 893 450 413
350 987 955 844 366 5 221 916 420 546 413 734 399 45 804 499 816 334 847 618 27 567 72 85 196 422 281 675 870 934 656 589 388 553 509 23 306 312 756 117 580 108 682 602 124 585 730 974 147 92 505 802 636 543 876 691 236 99 698 507 929 712 129 905 555 619 552 723 245 277 565 319 802 785 928 166 533 961 244 864 719 814 463 840 20 907 603 151 123 445 968 912 586 747 187 593 541 780 631 983
382 849 932 370 376 648 53 343 417 530 211 114 327 241 395 799 496 731 646 665 851 397 476 885 987 487 252 609 725 761 205 832 521 218 739 677 810 487 481 66 300 13 820 971 366 638 835 360 486 289 391 601 245 329 245 267 859 546 665 146 341 598 470 922 185 657 24 116 954 269 117 999 68 841 925 666 259 109 586 740 235 490 214 537 787 499 81 750 886 817 260 720 588 523 43 913 833 807 254 153
888 509 618 953 852 864 429 828 793 957 294 896 19 789 254 841 876 953 476 717 55 289 359 620 836 153 334 983 504 108 105 852 638 906 181 401 232 486 47 316 397 959 136 711 473 748 448 726 434 68 326 580 807 110 309 211 466 902 619 747 895 789 370 653 66 443 11 537 201 554 538 366 673 179 155 539 558 529 322 31 923 435 541 856 239 686 53 10 914 657 237 735 197 772 963 913 612 385 779 572
301 559 924 919 240 392 446 172 771 299 720 154 223 686 567 705 47 653 268 223 979 581 849 823 453 972 468 191 685 173 398 998 854 839 352 838 780 724 655 486 579 637 441 118 115 978 94 179 687 85 420 372 3 766 285 177 750 233 608 678 579 327 759 897 696 459 397 859 199 188 689 450 434 970 585 530 551 860 192 688 632 490 953 155 166 898 350 280 364 922 993 268 541 575 963 965 74 866 39 827
414 330 772 868 977 627 139 195 732 306 193 764 317 220 259 674 964 70 361 550 746 343 806 12 245 437 750 276 658 34 380 644 548 771 501 129 586 300 934 39 341 806 363 802 421 119 989 486 74 153 840 687 648 665 432 574 831 198 217 707 244 521 268 646 807 800 377 922 886 45 197 220 753 839 2 15 141 622 846 919 219 889 256 639 304 370 553 274 672 738 132 243 522 562 727 794 242 382 258 132
643 724 539 665 826 792 164 23 534 56 677 901 963 641 848 918 1 947 411 228 362 552 869 754 559 493 539 987 503 609 87 321 369 216 417 200 155 706 858 410 341 440 794 649 330 907 453 589 59 193 419 115 575 623 543 942 64 574 424 465 701 636 943 123 678 523 749 561 804 985 387 246 421 330 10 159 469 775 514 626 969 364 222 741 48 324 628 529 429 3 726 485 534 684 33 84 281 127 290 810
196 906 698 285 580 818 314 325 802 579 693 644 41 313 81 272 942 62 681 715 302 688 131 120 716 834 326 266 657 589 800 539 523 261 890 418 179 478 388 834 1000 247 645 319 265 42 609 569 930 249 102 410 98 28 205 758 529 674 918 221 35 604 101 505 317 605 70 54 356 31 961 242 383 696 174 896 430 345 773 242 15 732 940 180 412 873 542 739 835 61 138 966 610 199 426 728 608 584 256 793
949 918 41 293 838 359 380 509 739 498 541 642 682 799 768 780 582 345 330 126 346 239 905 884 511 683 230 449 383 816 156 877 212 13 497 419 707 294 323 618 929 971 806 780 7 480 483 510 504 813 37 677 330 197 773 269 664 854 889 457 657 249 237 875 99 350 792 487 188 851 962 784 207 650 526 558 720 288 270 871 522 641 212 236 765 698 818 364 97 415 765 649 255 233 566 49 742 633 277 883
473 798 654 267 824 372 966 112 985 52 745 848 357 757 903 150 835 561 717 72 237 943 150 193 951 320 22 416 66 185 651 715 905 368 455 892 702 164 345 711 617 270 450 989 273 543 463 715 200 646 577 142 972 200 103 173 347 41 222 172 808 601 267 984 917 731 758 47 735 292 970 130 174 242 188 877 913 985 674 109 446 933 971 319 510 5 75 221 656 500 661 503 328 616 966 883 578 501 643 845
653 72 367 343 426 635 917 794 442 16 69 918 226 345 65 388 696 657 569 95 172 31 613 328 615 413 525 906 899 914 911 264 164 321 359 406 241 203 554 792 557 328 247 71 520 188 867 765 542 705 147 699 888 469 299 79 884 605 889 172 639 480 209 241 29 970 31 348 619 489 943 462 985 784 986 420 503 839 929 505 80 609 752 30 704 992 826 227 435 29 119 881 378 110 507 237 258 67 32 375
390 245 830 520 993 585 737 222 887 151 939 495 314 600 717 310 516 874 778 622 739 367 170 181 287 455 342 423 424 13 100 261 656 270 60 600 669 123 934 535 133 444 109 537 521 955 949 108 789 530 399 370 110 351 691 138 100 791 208 66 529 367 139 906 887 898 281 582 438 295 466 709 662 710 992 98 899 586 526 846 832 934 874 339 485 889 338 978 44 294 660 161 638 67 109 34 901 472 67 662
44 109 389 373 868 461 498 492 122 577 675 132 780 457 193 203 980 200 125 403 349 418 577 779 300 859 652 569 659 181 615 53 849 466 211 996 304 195 711 523 183 535 573 942 984 867 784 17 7 620 7 905 643 87 606 121 227 485 797 942 611 585 102 398 921 204 66 244 226 448 299 839 295 678 873 778 200 351 22 284 422 591 806 794 848 272 732 235 928 584 614 484 625 653 99 195 389 468 394 825
401 844 519 620 427 266 53 464 374 306 84 382 359 839 150 328 359 799 195 375 771 265 87 755 595 866 354 73 453 624 50 587 562 165 374 910 63 180 383 305 207 532 550 293 340 944 218 634 663 738 783 927 51 979 231 64 988 582 921 756 400 266 225 481 212 331 585 36 586 739 708 574 637 144 35 142 467 771 911 517 899 610 897 22 480 983 410 674 714 137 684 285 728 825 534 769 552 552 210 816
798 947 839 278 311 84 436 175 951 965 134 912 127 406 374 538 721 265 184 346 640 290 330 553 235 10 258 430 100 359 602 684 511 599 489 865 294 52 793 237 298 526 400 243 739 659 1000 326 283 931 775 620 877 963 988 718 450 240 913 956 401 633 493 607 775 299 179 514 641 981 912 851 496 105 535 15 91 125 32 614 707 161 318 631 332 802 723 587 490 343 60 734 142 865 65 706 504 740 802 588
471 687 910 5 145 627 955 20 830 4 540 18 67 726 455 929 326 355 651 128 798 735 418 231 16 784 772 860 953 273 928 945 106 909 308 190 259 862 732 551 891 639 692 959 607 408 133 947 533 247 242 92 553 435 851 703 331 706 278 52 328 910 263 791 635 415 788 765 641 789 691 377 573 429 166 653 505 65 179 650 857 720 87 15 576 951 973 814 879 670 728 793 113 407 972 495 576 354 299 762
304 229 125 250 455 725 85 121 1000 236 775 239 466 720 328 72 68 354 886 35 921 909 301 26 303 5 129 68 664 58 227 869 74 336 955 973 641 827 557 506 464 337 42 701 271 63 261 366 363 11 210 374 946 471 10 234 475 335 928 513 625 281 950 296 320 846 257 881 619 812 124 449 441 708 214 16 576 499 831 267 252 993 940 613 327 675 163 795 76 73 327 73 751 452 969 0 34 445 453 657
561 163 233 764 193 516 220 864 174 136 361 924 828 540 143 665 963 727 896 641 392 703 81 513 53 208 250 456 204 41 811 175 710 723 322 266 729 758 967 737 896 325 458 46 590 453 515 760 469 524 285 242 825 685 430 877 739 947 41 194 340 961 452 409 787 933 835 269 388 359 724 981 61 230 926 683 125 647 220 171 776 69 461 492 790 5 745 43 947 846 841 46 759 228 183 433 478 790 662 217
948 543 987 421 858 318 891 651 57 302 539 460 657 376 204 90 295 718 115 621 985 436 646 567 407 494 149 97 534 40 117 460 720 469 393 67 929 53 887 504 380 439 635 409 438 305 478 98 121 894 373 477 785 572 841 450 573 983 977 836 914 247 790 840 685 420 642 784 629 454 855 243 248 871 185 275 702 172 315 627 174 22 96 201 731 512 253 784 128 197 807 292 719 293 530 118 42 372 18 226
531 997 808 743 879 171 24 63 308 544 224 266 776 615 469 591 575 187 861 8 21 346 708 182 167 603 551 469 257 717 568 45 519 362 553 396 17 578 57 650 653 207 329 869 259 353 353 279 99 515 465 556 509 852 867 931 414 253 319 358 939 304 998 937 313 956 270 129 734 114 432 397 251 522 710 764 914 87 579 183 92 635 820 71 120 877 101 886 102 667 75 2 674 322 359 150 849 865 766 107
904 558 350 647 126 233 99 674 481 113 894 162 485 747 278 5 884 178 80 762 206 220 132 118 367 648 575 965 25 776 509 921 427 713 838 888 961 554 10 979 740 217 60 104 388 9 255 802 612 777 225 851 594 807 494 806 176 579 343 296 788 455 950 646 666 972 693 809 833 361 928 723 229 573 75 361 61 426 401 221 683 433 442 764 599 641 214 198 924 442 714 855 541 582 862 120 572 145 501 313
425 562 968 742 142 82 364 65 702 813 969 774 541 962 847 933 307 68 912 254 894 412 260 965 828 460 40 892 673 868 323 430 410 679 661 509 247 626 62 66 964 348 705 645 137 483 593 500 267 435 550 932 927 853 750 596 706 17 866 318 163 537 939 459 73 354 71 170 270 2 605 425 831 662 649 283 883 305 420 860 42 812 663 828 445 948 838 24 707 392 149 220 226 806 768 565 617 15 103 178
854 928 149 200 951 271 737 817 809 487 179 498 754 523 407 291 598 76 347 729 885 750 242 738 430 742 212 547 498 893 181 142 481 283 732 484 188 141 2 617 431 783 348 696 683 434 693 857 63 329 111 292 564 458 821 119 191 753 726 772 948 237 764 120 203 848 646 979 379 14 588 399 387 595 487 330 131 222 370 226 863 649 822 351 568 460 485 151 996 794 790 972 263 31 547 545 331 380 659 269
899 893 738 647 330 886 265 734 36 13 159 445 71 563 459 652 876 146 914 988 923 949 206 280 718 854 366 387 994 543 896 135 735 211 156 193 282 30 11 800 806 654 479 36 501 707 451 152 756 732 789 158 742 730 607 454 870 596 447 163 750 310 873 651 820 406 724 881 619 645 494 643 657 510 876 263 923 376 509 450 414 993 250 422 628 82 448 508 737 89 258 586 287 51 680 65 117 84 85 854
120 825 746 586 276 163 847 55 380 849 29 784 64 666 418 555 520 543 328 660 267 774 322 90 278 738 122 361 912 380 580 966 844 434 163 355 845 948 598 117 540 606 719 128 54 53 180 149 421 783 885 603 991 313 624 893 88 269 348 540 241 677 581 484 915 564 364 865 540 864 386 791 624 947 865 993 428 708 609 794 916 882 979 272 550 782 469 655 803 771 199 948 904 15 946 205 951 466 526 957
515 110 844 678 751 507 693 52 239 324 931 626 439 531 255 453 752 895 987 409 878 122 639 919 340 884 108 286 282 792 35 825 80 337 446 746 280 456 967 305 449 366 96 707 45 207 702 754 64 388 582 328 427 927 330 592 992 580 135 970 611 187 364 114 488 159 12 351 215 585 887 989 302 562 527 517 361 19 667 59 166 106 269 466 405 966 148 65 189 539 314 193 144 286 523 982 126 393 465 52
636 45 985 536 738 936 629 671 969 817 801 297 698 534 679 926 756 513 36 114 9 829 727 909 87 928 426 856 535 994 129 705 435 33 987 63 443 305 874 610 444 675 429 195 838 684 644 821 736 852 664 993 251 120 798 963 565 383 666 292 1 323 477 292 917 777 210 471 314 472 282 35 249 849 489 269 251 524 918 136 739 28 30 829 296 625 588 386 983 784 716 972 266 952 834 560 607 955 662 744
629 16 913 209 994 115 475 534 138 214 494 21 429 935 971 783 356 975 185 384 191 628 91 382 319 544 10 124 179 109 28 814 727 109 616 597 120 946 305 104 352 394 529 838 924 243 282 218 499 586 656 885 606 520 425 220 864 22 123 168 778 497 69 414 499 854 840 159 424 751 730 323 271 10 991 722 0 359 263 493 669 712 796 503 814 874 525 388 705 623 237 519 371 165 951 421 905 841 852 427
783 664 651 944 209 666 175 147 475 942 63 735 311 383 912 105 217 438 832 760 380 34 14 369 824 123 558 747 448 748 602 700 567 733 311 53 676 638 79 507 272 262 87 762 729 969 288 204 74 126 67 910 946 405 287 138 180 994 846 666 908 52 522 143 18 295 273 464 793 601 225 148 329 189 944 424 606 273 222 820 477 871 982 443 577 337 56 613 618 233 565 392 970 716 561 40 976 482 343 675
197 343 381 877 839 473 129 739 284 345 244 238 814 976 162 43 469 650 810 841 601 829 769 590 126 295 665 255 854 598 822 768 459 805 782 913 111 901 835 158 710 954 145 4 353 982 473 678 198 171 325 12 709 693 758 144 413 520 89 475 444 533 339 253 501 24 195 132 558 669 784 136 128 858 894 407 455 49 210 782 778 582 105 417 14 209 359 111 300 150 258 681 885 237 357 277 738 761 55 171
345 157 64 357 852 45 478 14 948 145 974 947 472 533 914 135 406 892 447 268 476 378 50 825 212 235 402 755 964 209 341 529 47 867 201 738 381 161 273 407 992 317 665 568 483 346 483 514 235 508 536 244 52 969 454 492 952 946 427 830 968 573 846 449 712 151 544 762 736 126 421 279 558 30 654 509 688 422 909 217 755 86 543 382 557 921 849 689 495 51 921 926 436 635 455 965 714 869 953 612
666 35 447 252 402 965 910 52 960 706 77 860 275 57 609 122 948 173 347 337 934 668 897 681 984 83 1000 687 557 812 487 361 382 915 847 748 413 215 850 823 227 756 616 934 814 728 853 288 637 535 43 84 131 731 921 223 611 593 289 57 683 126 922 487 19 529 638 112 191 55 644 680 685 96 446 815 254 83 471 558 370 864 857 50 774 493 345 653 592 659 898 324 955 381 576 877 244 767 886 453
962 307 57 179 955 981 22 162 825 330 458 154 236 875 114 823 39 247 387 624 998 708 726 771 351 583 431 724 537 204 104 67 777 377 231 398 980 928 154 937 561 252 30 130 442 855 995 890 240 417 983 137 698 988 441 225 584 65 779 866 851 275 691 785 516 129 421 89 679 583 191 278 635 359 898 991 714 157 194 323 106 984 835 571 186 758 143 705 897 954 626 654 32 272 63 979 505 123 167 295
157 147 561 490 156 638 381 778 259 944 63 135 332 25 580 237 972 836 758 493 60 139 649 157 808 548 326 555 863 307 77 304 924 939 216 833 447 967 236 813 573 252 127 385 535 170 46 763 431 503 857 729 338 228 769 899 641 607 580 48 796 148 531 311 175 448 976 672 197 839 579 490 470 732 585 774 951 426 745 684 293 687 952 161 404 193 418 963 434 616 195 79 713 366 540 10 619 976 500 413
314 457 570 450 388 404 542 109 779 355 387 543 259 283 979 940 641 475 856 719 170 365 944 743 328 825 212 476 326 253 812 139 602 613 749 942 792 758 266 100 438 191 221 582 509 384 331 30 913 429 542 867 376 574 903 829 797 96 565 774 408 147 560 121 632 627 1000 718 426 256 77 503 719 531 9 634 911 257 686 554 604 95 311 847 383 964 512 929 802 68 816 367 419 696 183 461 11 905 715 144
977 556 645 876 628 276 58 988 815 665 189 787 859 98 216 148 111 303 744 149 778 781 907 832 911 344 921 760 724 80 127 489 628 208 95 24 881 578 959 434 382 388 375 863 376 612 901 628 166 719 74 373 480 327 693 3 289 731 936 588 922 159 364 754 888 770 101 290 618 818 734 414 130 103 961 472 552 921 826 563 154 424 202 733 158 21 102 750 643 292 721 454 258 256 423 971 685 127 392 700
863 281 506 843 5 447 243 31 313 356 787 998 916 601 162 863 655 543 483 943 238 577 542 822 605 180 932 305 655 35 895 641 178 719 561 292 203 870 132 969 424 205 971 241 252 323 778 14 629 718 410 795 729 570 836 843 829 578 783 320 460 579 544 530 912 858 993 872 744 126 597 239 495 532 420 285 328 943 969 559 536 813 709 979 399 120 629 524 570 865 806 237 354 790 40 919 780 164 385 585
127 545 222 313 302 940 284 652 842 13 363 895 95 864 805 402 738 923 960 274 374 830 916 221 960 584 668 391 390 638 263 646 442 548 120 197 290 275 788 320 491 475 767 958 72 547 182 873 199 688 537 362 769 575 401 162 643 303 433 918 607 782 697 152 40 462 658 111 142 501 754 929 117 263 240 517 436 740 634 754 695 183 831 21 881 398 392 783 780 914 934 623 481 108 936 501 92 497 572 973
51 141 334 673 569 871 363 922 369 819 294 202 761 469 91 386 363 443 570 56 777 415 956 514 618 890 946 503 25 868 455 850 239 712 239 719 195 964 661 490 626 529 433 299 627 126 715 929 332 586 819 520 173 959 471 116 796 698 743 312 88 127 160 947 628 848 999 309 742 955 862 879 178 399 360 562 571 302 500 794 790 526 99 121 476 823 942 918 552 737 761 499 683 238 809 931 904 684 9 625
804 539 248 772 781 146 390 422 883 928 370 737 461 849 28 912 691 667 610 90 621 206 66 302 356 268 195 97 598 39 570 793 728 410 121 35 528 463 745 944 939 181 552 962 357 690 809 490 944 969 594 892 940 635 959 739 217 666 465 503 437 844 390 342 267 178 420 931 896 690 377 289 941 788 375 903 709 757 399 352 691 568 79 327 347 365 444 786 287 799 707 41 892 220 219 809 252 227 722 996
43 956 683 138 451 767 956 887 535 424 264 361 56 660 790 189 913 0 305 988 211 903 734 575 771 294 307 349 50 305 832 218 146 886 346 734 152 167 367 823 124 263 565 431 954 770 130 237 475 376 876 527 905 702 34 697 274 209 76 351 181 307 469 608 407 227 144 367 114 482 473 573 268 145 192 194 457 638 135 674 281 860 82 312 34 514 606 999 80 528 828 558 605 920 133 372 834 674 811 770
256 46 173 170 24 635 692 778 254 134 974 74 236 511 26 606 22 517 780 818 906 18 800 908 225 668 689 454 722 934 348 252 629 735 197 627 995 669 571 544 303 975 744 907 903 884 220 55 591 796 251 921 547 309 235 546 644 36 154 577 119 907 408 19 565 284 92 747 653 644 251 732 958 439 621 953 503 97 659 753 886 120 248 323 88 709 862 557 529 422 718 968 875 416 677 99 256 349 696 349
404 94 92 116 470 575 339 502 245 881 57 47 790 351 231 822 957 747 682 517 790 782 415 97 286 432 418 609 48 96 925 316 734 837 787 261 298 680 657 998 669 268 548 416 689 830 33 510 152 312 633 389 901 330 625 548 413 765 109 252 845 556 878 581 759 280 467 792 773 248 816 317 608 705 307 700 950 356 110 697 345 707 426 359 139 936 548 973 641 791 319 302 272 936 736 990 557 332 875 273
580 709 926 211 57 814 454 368 184 668 38 963 655 426 569 107 329 948 638 700 467 318 801 990 596 990 751 417 902 210 826 749 720 334 70 781 673 581 807 879 968 733 666 896 85 993 879 72 251 410 329 575 259 81 921 244 372 114 650 106 568 324 467 133 498 642 922 63 71 995 734 402 871 367 631 321 343 553 568 666 384 365 183 574 796 358 146 204 254 687 624 684 925 128 451 304 90 162 939 155
874 411 521 516 808 524 53 314 926 938 624 51 313 672 387 812 902 750 948 761 959 533 731 339 271 933 388 582 158 338 707 352 483 833 589 645 654 562 63 187 903 695 987 245 408 937 896 393 592 54 953 536 312 879 194 143 601 405 690 942 462 948 44 868 729 353 376 874 294 782 207 265 209 17 757 963 519 892 523 373 351 790 804 983 779 302 82 155 123 341 276 442 968 402 376 153 395 914 916 988
313 729 858 242 124 52 731 609 408 885 342 806 901 41 245 814 264 458 648 95 793 451 770 53 914 890 76 684 25 593 77 171 793 680 203 7 421 264 465 308 496 104 135 681 697 148 513 18 258 715 36 770 126 703 784 394 173 411 924 753 895 125 359 358 340 173 422 724 291 797 312 402 535 44 772 667 192 331 672 742 78 832 838 647 249 205 205 915 639 776 211 116 978 518 192 118 431 24 34 182
952 777 545 650 216 392 282 7 766 698 22 107 231 50 933 29 119 996 832 982 947 327 648 510 983 722 728 722 718 250 938 137 216 303 501 356 636 965 85 452 82 919 447 517 551 944 794 695 711 319 743 944 194 193 402 319 103 527 32 82 58 172 478 828 514 182 295 569 301 854 959 778 445 799 309 532 915 440 908 724 269 753 892 24 21 325 285 463 280 92 136 105 267 931 805 813 482 901 957 510
866 591 493 25 13 819 323 296 212 860 858 63 891 170 428 519 364 268 302 489 413 877 76 53 694 503 991 998 940 105 778 897 883 352 839 81 713 301 485 539 900 442 611 918 862 122 991 959 208 241 162 529 804 273 544 833 629 117 223 95 808 220 74 810 954 203 574 467 39 131 223 159 459 849 51 655 615 736 689 996 569 342 752 395 150 948 476 970 900 259 114 203 676 146 627 781 93 13 153 99
905 322 120 840 393 316 27 249 983 757 157 715 65 980 300 211 317 794 425 167 242 785 6 472 732 943 297 560 410 256 71 856 797 825 867 740 81 633 402 44 805 461 511 158 433 894 711 800 790 196 641 795 933 403 117 18 903 184 827 483 501 243 765 602 153 493 418 817 946 205 70 500 701 423 191 729 330 509 427 424 347 357 27 160 544 90 764 819 718 902 232 993 897 624 285 399 952 136 764 300
241 505 746 664 466 194 325 863 234 34 987 129 860 856 619 276 894 366 707 590 590 964 893 266 779 964 531 243 600 394 398 142 197 604 818 489 759 341 13 702 161 826 743 729 200 622 823 917 666 739 801 32 497 625 891 495 778 93 59 504 594 224 135 576 85 106 362 392 889 788 277 240 48 531 589 46 546 715 531 727 677 486 103 572 985 729 76 783 455 929 519 82 303 265 990 219 940 926 59 744
381 457 622 682 470 183 280 592 942 491 666 955 724 509 790 604 530 754 205 224 425 283 97 576 449 830 152 287 583 268 831 55 900 466 654 728 424 410 282 732 885 193 541 798 738 743 370 294 503 404 417 751 533 715 689 600 935 738 312 237 173 65 110 750 727 701 79 496 175 931 682 22 717 159 846 856 313 525 141 1 478 750 599 588 866 134 55 413 102 872 988 267 310 494 115 735 284 293 206 616
690 546 471 591 886 84 559 743 416 881 355 717 941 980 348 716 866 775 54 10 416 783 144 680 77 643 122 136 799 958 250 844 501 154 466 403 188 452 634 457 825 987 38 189 319 439 122 31 906 508 729 19 753 556 872 583 941 481 5 504 270 173 763 833 946 781 320 414 790 307 758 443 981 2 622 626 545 743 66 79 948 226 577 313 744 912 200 211 891 283 467 15 981 795 177 107 570 417 520 447
461 713 166 873 210 356 862 929 319 16 653 225 626 109 6 581 1 349 88 601 438 153 791 971 286 607 983 582 703 757 872 45 106 561 680 462 264 540 639 34 923 237 12 96 268 473 753 67 77 342 757 624 465 624 742 91 641 429 913 386 383 444 407 980 925 806 603 258 175 888 352 493 864 19 328 839 586 778 505 666 625 931 360 644 590 340 440 123 481 769 196 569 875 514 503 608 431 423 188 41
457 570 590 466 982 151 914 787 925 880 775 998 588 340 259 777 739 95 109 786 45 552 64 123 755 115 342 836 436 710 512 924 892 603 965 349 685 340 894 306 616 488 974 757 822 126 411 71 870 281 203 260 902 307 439 923 430 443 576 411 453 141 198 419 509 112 882 552 280 729 269 135 490 983 180 89 849 968 20 791 934 930 188 947 528 758 749 194 983 625 731 696 190 463 198 884 439 30 425 146
249 334 713 471 63 212 288 604 281 174 1 413 71 499 395 52 209 810 967 443 586 305 544 750 42 980 534 914 166 272 634 589 474 599 147 851 674 351 637 278 656 222 398 812 552 256 367 941 322 913 672 302 285 390 484 842 423 26 349 68 973 202 513 685 672 583 96 548 447 693 189 810 765 477 505 148 866 623 165 870 653 744 306 846 290 159 320 179 243 137 165 886 480 293 296 688 580 194 365 777
994 188 624 840 440 313 129 104 208 697 637 127 444 860 248 455 899 652 660 575 127 491 144 2 52 65 551 848 900 292 328 261 627 329 839 317 325 607 896 213 964 577 560 833 888 780 547 739 11 858 878 362 834 518 994 635 956 766 835 737 286 957 333 488 832 275 529 404 335 725 878 321 258 951 970 227 118 60 770 983 988 293 126 618 958 15 642 809 279 268 563 411 728 210 97 367 155 1000 283 539
610 985 695 844 385 285 63 983 789 458 270 353 465 388 507 245 823 917 807 477 116 151 267 825 308 794 153 104 493 722 206 195 99 87 833 859 421 85 265 359 422 721 253 124 710 721 13 723 18 111 791 404 653 674 1000 602 839 478 269 189 906 563 71 682 145 625 499 699 330 50 53 604 410 835 360 742 225 550 628 604 290 931 591 705 339 225 763 834 997 407 555 529 321 132 870 889 694 698 387 936
185 685 683 897 863 759 361 129 408 868 538 827 912 906 516 665 435 652 904 713 817 344 444 223 907 771 385 184 123 862 968 268 750 550 966 607 594 782 623 131 24 42 289 591 940 820 506 546 279 984 313 99 0 728 780 547 423 788 963 195 232 590 994 119 821 438 233 583 941 737 244 141 493 45 211 34 933 911 989 223 521 641 752 112 446 177 955 112 890 373 9 713 975 367 463 245 438 896 110 764
435 765 577 614 360 173 777 464 770 500 382 934 96 441 407 867 761 888 586 971 789 999 520 381 464 235 591 284 173 722 796 320 9 80 518 808 625 51 10 208 377 752 666 764 235 668 2 301 623 88 181 473 328 763 95 194 504 678 26 592 591 309 556 591 339 605 479 103 771 785 203 930 263 283 18 380 733 138 583 841 312 1000 738 466 931 755 779 676 899 498 301 605 274 143 501 108 213 417 927 276
662 430 671 543 111 767 498 130 931 86 585 573 472 276 968 600 312 126 302 382 170 422 649 352 540 377 850 464 301 36 643 469 466 33 865 602 598 329 431 474 857 85 342 560 839 717 490 786 704 88 916 115 428 821 655 258 742 783 889 326 943 563 993 758 944 911 511 378 27 379 898 399 683 118 311 269 771 856 364 885 155 348 324 840 99 969 144 667 983 896 605 433 171 717 79 983 18 372 356 116
477 683 160 571 980 345 352 497 652 229 691 193 755 215 412 777 131 565 297 697 766 409 972 400 954 760 478 626 950 294 845 76 111 483 950 495 900 189 67 686 42 219 967 409 258 383 467 446 156 319 534 378 153 447 838 462 400 660 910 521 809 492 585 381 458 219 276 158 573 221 65 141 499 49 157 398 117 419 663 128 506 773 839 12 779 489 848 506 483 696 510 540 998 354 131 107 224 985 203 147
392 142 279 251 298 647 864 192 740 288 508 125 212 986 663 370 562 98 540 515 783 501 889 675 234 52 251 330 629 712 784 384 234 1 132 284 588 895 548 327 207 905 434 193 586 312 214 906 589 910 904 594 517 959 761 142 806 960 884 777 197 809 450 910 798 210 483 258 529 374 906 261 777 533 880 655 387 484 543 83 768 582 194 929 214 854 474 111 768 845 528 89 227 797 214 589 54 46 733 473
621 930 230 858 857 129 66 779 998 134 435 560 21 139 258 7 948 103 487 100 466 418 220 599 439 545 113 197 996 133 931 143 345 391 530 587 860 239 796 951 467 99 117 108 459 222 796 929 267 236 557 293 780 909 420 662 592 477 770 649 915 994 351 1 76 820 903 125 528 505 468 279 790 876 4 498 436 852 97 48 12 610 589 450 142 999 440 983 691 551 676 22 790 617 259 953 623 680 483 438
58 515 911 547 445 658 795 825 135 353 28 203 912 890 477 934 980 213 611 562 931 991 354 374 448 655 903 256 404 325 842 221 875 371 634 631 656 346 391 468 488 730 391 264 456 884 439 383 820 152 193 80 316 33 659 270 178 398 677 58 29 804 397 719 310 700 189 565 206 954 375 901 286 879 303 197 548 439 349 762 118 721 44 345 152 128 295 810 83 621 434 677 983 845 349 659 689 445 240 198
69 60 670 225 580 281 634 834 407 586 421 959 53 538 824 483 57 724 904 78 685 343 394 486 800 782 431 419 202 962 871 295 198 326 936 233 389 831 464 166 832 115 2 961 172 799 754 178 678 582 903 597 812 418 931 129 808 28 510 733 621 378 402 768 391 945 872 372 273 463 332 598 700 121 138 336 384 294 756 281 220 994 794 432 346 503 27 506 324 329 522 442 423 372 796 608 927 134 3 52
909 58 643 399 450 458 9 310 586 397 775 167 600 767 267 125 467 312 296 715 217 678 960 469 528 989 169 254 166 76 227 624 157 28 681 705 954 526 695 220 823 299 54 433 880 342 889 374 610 391 430 987 545 211 363 986 569 162 150 19 613 185 840 542 320 784 262 58 162 180 15 867 554 456 155 617 18 867 968 46 693 70 309 518 798 786 832 11 359 878 745 903 14 231 509 990 503 448 154 14
376 277 821 514 478 275 817 441 964 245 205 360 593 634 721 687 704 40 37 431 374 630 35 404 899 255 533 520 604 132 843 38 71 790 38 200 456 36 553 623 27 37 216 520 117 775 46 705 334 274 902 420 497 396 658 280 891 944 460 311 994 89 753 810 713 576 222 317 901 411 257 770 995 644 579 978 792 912 382 297 286 838 960 57 136 281 940 308 81 443 389 351 549 882 74 34 191 14 974 796
931 723 433 562 133 927 397 743 100 273 660 816 882 729 607 470 997 924 254 801 972 230 587 523 775 517 714 423 755 730 401 961 385 729 275 265 261 146 843 685 171 356 870 261 48 490 527 462 947 765 527 399 910 382 166 233 878 19 476 949 799 816 955 318 882 331 770 825 689 30 742 869 585 605 744 354 1 226 823 238 282 329 915 347 357 278 333 737 629 635 731 672 736 553 426 305 263 877 869 432
362 746 596 20 54 413 8 87 950 325 297 954 571 4 569 679 57 514 245 881 400 126 673 106 447 838 499 982 592 809 700 991 929 524 791 463 332 643 303 195 60 225 7 246 664 613 862 670 763 359 697 334 930 74 800 707 712 799 995 821 629 468 747 132 137 45 951 751 257 949 62 433 126 830 198 360 837 128 52 571 304 612 308 540 916 88 99 768 224 762 724 425 228 706 63 168 274 84 927 993
741 612 318 465 608 35 292 285 986 138 497 256 742 809 835 544 38 357 742 291 721 468 255 92 78 721 30 645 134 44 667 876 847 775 18 891 505 695 503 937 841 183 284 36 570 294 723 447 437 129 672 510 853 337 967 792 397 619 54 528 511 543 489 349 767 178 867 173 450 149 584 425 549 727 930 49 165 294 705 749 705 694 707 632 253 434 733 24 188 274 999 122 373 809 92 181 566 233 34 0
369 464 328 887 403 659 594 344 95 880 370 993 568 238 359 582 120 535 915 102 149 980 893 601 480 612 396 974 826 489 686 42 145 88 868 257 428 598 534 522 772 639 759 287 225 927 91 434 988 318 528 717 574 31 103 950 384 411 624 68 955 582 879 482 902 16 988 918 344 534 380 83 542 322 758 774 439 821 192 536 913 931 648 783 462 316 836 789 120 320 246 658 309 255 128 894 666 522 592 878
806 169 544 399 76 885 349 16 340 855 749 31 472 109 11 872 494 192 101 499 698 215 657 526 348 923 961 878 475 511 495 703 690 749 251 212 126 478 941 453 346 571 460 148 933 364 151 507 290 911 750 766 539 220 912 99 117 854 199 725 373 652 721 213 629 1000 652 215 452 383 655 722 732 258 741 637 655 130 410 720 337 33 477 370 420 335 935 151 413 435 879 584 12 6 646 856 870 831 289 159
583 443 280 411 265 48 495 554 546 985 873 771 501 244 234 454 411 291 139 471 882 588 260 564 200 527 277 447 628 446 17 153 117 347 293 643 953 130 752 633 777 561 24 64 793 217 212 972 498 186 662 267 185 476 740 481 458 870 644 733 287 341 326 149 953 870 440 520 549 875 316 423 214 337 883 726 801 779 113 766 961 538 311 733 855 24 341 840 620 150 70 921 276 501 264 525 338 508 911 844
371 571 329 161 783 403 421 618 136 275 351 636 863 556 600 551 293 955 124 893 874 28 778 188 87 4 784 656 160 87 603 107 436 745 492 297 40 587 159 957 613 436 460 452 219 581 923 814 796 631 158 348 315 240 213 107 436 709 469 215 316 142 856 822 66 443 775 931 160 612 482 357 153 18 385 230 824 847 988 532 435 441 827 507 272 582 243 649 720 737 293 773 456 310 998 101 820 666 107 155
200 589 573 643 763 864 955 475 260 652 787 995 129 544 731 472 622 723 772 537 469 743 308 17 683 332 573 276 56 305 307 37 960 25 306 470 551 833 729 439 843 90 96 215 315 842 653 203 838 747 47 333 593 946 690 749 244 629 176 610 952 110 242 158 673 315 536 431 827 110 873 564 541 530 658 253 546 455 408 775 587 83 656 302 126 389 696 339 667 116 587 246 93 567 86 69 139 177 699 349
666 178 989 284 325 603 898 344 567 346 276 425 738 74 831 441 110 867 784 442 112 262 837 687 279 392 77 336 870 325 986 693 130 611 248 41 295 922 505 63 896 639 953 494 96 797 161 580 969 128 224 782 453 955 432 914 483 931 846 187 531 900 225 427 222 599 55 113 441 544 558 97 992 73 492 877 599 287 573 976 266 95 981 110 146 144 506 140 752 593 652 886 51 504 164 363 174 888 128 271
638 468 130 942 566 939 253 616 603 530 25 642 914 966 5 557 67 493 587 318 821 70 816 792 598 799 900 109 113 455 991 422 689 145 337 130 608 937 474 466 160 490 861 541 943 147 393 562 148 585 882 123 689 148 612 270 558 748 814 69 829 546 258 561 148 790 867 574 721 768 174 532 565 806 620 686 253 328 840 140 712 502 309 576 982 354 180 152 933 259 688 957 582 926 125 631 485 586 471 18
369 714 296 117 123 488 208 486 384 509 74 814 12 414 487 726 261 931 983 522 666 918 700 841 479 55 144 118 288 9 649 386 862 675 384 92 646 806 531 779 225 566 971 893 812 992 587 577 480 937 897 317 893 769 93 858 982 202 399 450 402 899 304 341 192 157 428 867 888 632 13 94 550 848 506 404 599 934 38 106 400 428 785 959 344 323 93 845 220 912 61 408 563 709 282 61 994 830 552 306
239 821 345 758 712 329 410 797 870 838 246 561 494 323 732 856 781 237 823 319 315 941 890 846 905 717 388 308 361 919 82 346 854 757 749 267 573 370 123 683 212 602 296 710 440 197 447 482 69 211 991 238 545 58 8 726 551 158 831 726 75 758 466 131 380 751 48 172 313 896 834 746 132 821 615 892 501 808 471 575 2 271 475 162 787 570 569 206 484 166 39 375 153 442 273 643 764 230 184 329
690 893 67 990 83 575 300 396 85 912 869 416 89 785 75 878 827 536 559 739 207 821 94 796 635 238 92 507 602 273 634 406 805 176 65 614 391 397 707 161 721 544 835 394 528 990 220 321 772 195 935 525 75 997 584 277 233 364 706 307 97 179 448 693 462 178 422 576 875 654 184 823 222 75 459 146 182 363 527 883 275 769 652 239 515 777 985 111 351 777 359 33 28 852 947 782 477 330 729 156
837 14 442 802 697 678 415 555 595 508 548 680 946 922 233 464 495 106 408 468 319 722 814 57 729 101 839 9 607 275 729 957 325 232 416 67 778 472 915 859 827 822 471 191 371 386 381 816 952 195 636 491 845 95 189 914 472 827 573 434 315 133 693 117 350 991 658 812 819 68 734 847 208 644 215 658 824 735 177 334 537 111 494 150 62 373 274 283 331 79 762 250 206 185 159 420 873 642 208 597
138 800 279 220 873 610 451 91 64 530 544 653 542 973 579 317 56 132 804 884 519 105 978 23 496 37 59 581 318 355 970 84 933 564 328 49 383 256 487 293 679 284 143 688 590 673 89 712 778 114 980 857 381 708 615 140 835 333 864 630 699 379 206 51 751 615 9 53 987 989 479 169 367 929 110 803 359 96 209 350 263 841 864 723 828 14 259 809 79 258 942 585 459 896 729 452 389 263 660 676
999 777 173 201 76 579 274 9 240 228 530 293 292 494 763 527 50 748 435 546 865 886 435 467 483 906 311 662 564 196 423 921 617 831 870 617 795 229 732 652 594 568 471 511 616 86 604 182 757 396 171 238 206 186 372 451 93 308 41 404 331 626 621 406 243 560 426 421 178 989 170 666 595 914 706 424 176 761 756 301 13 524 319 340 74 750 335 37 212 964 343 759 78 566 874 514 825 194 896 182
318 56 132 284 147 17 50 136 884 546 545 509 912 225 129 408 66 632 764 915 360 239 533 505 267 569 93 321 440 500 799 234 663 391 209 969 106 821 535 732 548 757 684 312 987 751 84 981 991 644 840 502 918 307 124 885 808 706 47 603 993 781 130 779 204 419 574 505 813 705 837 552 477 573 784 17 175 539 596 212 935 515 177 455 371 644 433 583 64 204 865 445 351 836 200 630 630 81 500 479
652 970 814 166 317 982 712 688 101 410 833 574 542 821 336 433 871 715 529 584 28 854 575 246 600 746 151 43 791 241 476 85 990 254 248 323 369 0 553 428 892 731 11 319 543 937 373 797 350 685 329 679 48 156 14 767 624 212 430 209 643 680 623 778 41 251 236 835 996 469 853 967 749 761 250 753 877 874 894 720 969 732 1 850 195 851 744 653 493 841 1 703 387 246 384 664 847 986 654 98
954 811 647 199 526 396 721 732 964 479 446 995 933 607 940 701 218 114 256 439 271 946 813 423 450 567 83 292 395 775 541 976 591 839 973 919 99 242 907 171 992 731 829 285 671 935 368 959 711 863 675 620 614 912 261 28 746 679 622 568 935 477 352 914 795 299 857 758 209 600 850 797 393 559 976 266 816 859 965 598 774 290 212 536 921 483 607 98 26 864 522 393 336 605 278 717 372 679 105 838
272 247 621 739 147 837 340 531 805 849 967 340 667 649 448 967 806 336 523 519 752 349 222 284 295 644 221 278 385 515 437 478 487 589 397 161 312 722 417 719 637 866 240 670 445 194 703 11 237 919 338 728 150 176 996 621 936 919 519 817 73 271 86 665 628 528 680 788 801 866 530 459 775 79 551 674 926 754 450 434 320 574 272 211 250 286 8 230 978 173 915 90 708 109 853 349 57 439 180 301
377 948 559 214 569 25 822 31 803 351 969 559 369 621 336 561 793 229 631 585 773 132 599 141 855 414 585 705 412 732 513 251 803 215 379 426 317 856 710 326 819 634 226 772 424 286 156 524 62 265 121 70 877 797 78 411 114 203 840 425 935 677 781 799 924 864 49 896 896 313 470 620 261 877 695 925 776 527 269 821 610 642 39 211 951 251 205 617 414 768 590 772 264 648 301 26 183 546 211 284
486 814 68 44 369 602 505 249 613 151 658 344 211 899 566 655 60 134 799 381 934 840 118 733 732 538 544 553 884 996 917 546 737 866 309 54 292 743 803 990 855 449 779 833 821 414 597 745 177 780 629 980 486 995 226 566 991 188 883 353 450 612 382 499 806 61 589 407 31 623 376 933 632 822 641 470 611 9 842 828 836 420 56 340 646 785 15 293 758 700 739 954 71 142 774 846 290 485 700 245
57 923 636 540 820 741 145 12 368 869 672 262 421 960 225 693 877 613 941 44 485 719 677 97 293 845 226 256 276 940 525 419 34 295 885 593 656 850 165 55 483 595 279 893 133 970 545 682 867 650 640 876 39 856 661 862 353 886 886 871 928 109 838 973 931 118 271 531 193 630 625 641 509 534 873 517 533 841 21 895 613 178 833 236 748 450 2 653 230 783 212 239 728 307 826 767 397 588 507 94
487 264 930 725 42 275 884 955 186 644 767 574 290 18 833 869 995 944 283 610 98 914 235 219 909 221 814 750 927 326 457 87 832 536 124 301 274 134 369 303 834 376 10 468 234 131 587 172 816 554 79 45 382 413 363 382 701 800 948 20 102 802 493 492 913 739 507 164 204 816 694 241 644 569 121 610 735 207 518 485 16 687 518 615 743 489 686 854 638 593 197 687 825 361 474 518 129 675 777 142
72 253 755 654 95 453 642 452 358 323 17 706 240 390 65 184 854 474 992 675 611 91 70 89 453 596 801 122 146 61 30 295 804 348 514 862 744 287 238 465 440 169 161 271 227 260 941 116 174 547 74 849 741 520 49 913 84 669 377 0 802 797 12 544 184 82 621 836 384 139 110 324 775 405 385 18 247 728 21 615 725 593 229 584 714 120 429 71 718 552 883 976 366 301 461 49 693 89 188 345
998 542 85 115 641 475 936 615 736 53 17 596 920 486 302 414 860 741 197 633 309 46 891 615 856 755 126 470 990 318 85 614 264 841 423 663 461 639 593 864 748 720 157 41 180 894 878 686 924 445 692 343 648 90 410 762 588 242 979 449 932 958 201 995 397 475 281 49 1 826 586 286 68 650 925 27 448 949 628 140 364 229 168 789 626 953 485 352 696 830 952 567 87 734 433 210 536 469 476 488
398 877 729 268 733 969 639 669 423 111 109 146 370 268 362 592 374 332 723 290 691 349 560 402 246 979 790 849 795 394 53 386 205 44 829 204 50 499 306 707 987 593 704 863 865 727 93 301 894 601 683 113 430 896 189 628 101 842 526 508 193 318 502 389 8 660 841 967 807 363 383 436 605 95 935 998 490 103 698 854 515 878 677 427 222 736 551 904 639 174 940 929 641 320 839 505 550 981 251 999
478 209 751 504 320 249 883 82 101 995 286 198 497 197 400 904 286 193 936 210 892 186 251 145 827 507 462 662 717 924 929 524 183 579 298 731 725 794 177 910 821 908 744 828 136 109 508 803 607 821 632 707 225 359 845 767 966 945 232 949 409 732 4 59 881 754 903 525 981 358 304 833 349 877 514 381 88 360 455 961 437 873 439 275 980 931 959 268 803 627 461 517 575 32 736 735 239 859 566 596
332 151 232 960 463 24 425 28 319 434 31 152 108 982 901 307 48 506 718 636 395 980 716 792 749 498 549 753 624 258 349 294 506 601 367 358 513 18 292 579 246 833 816 746 224 650 454 505 748 426 488 724 547 2 625 829 524 391 955 590 916 693 868 494 729 728 811 552 877 393 489 331 665 415 797 262 295 443 298 743 732 285 602 266 228 910 98 896 174 588 509 869 48 237 937 735 988 436 536 534
988 154 297 277 908 473 716 77 520 954 805 868 682 135 644 211 576 412 775 21 188 428 50 611 303 223 94 397 798 466 807 620 777 926 105 691 565 870 510 710 971 649 270 552 666 206 527 63 996 410 332 935 363 799 682 300 389 272 323 736 971 121 492 760 520 659 646 752 987 695 481 958 291 650 516 26 721 496 872 151 945 995 820 203 910 0 671 745 887 936 733 312 175 634 294 144 264 827 348 798
971 38 170 169 376 595 271 630 346 394 626 842 946 527 478 660 906 653 68 97 858 870 801 958 358 772 10 986 225 236 775 904 831 611 395 130 301 311 423 649 887 243 320 230 142 681 698 64 272 198 97 444 255 958 892 358 496 852 382 50 330 199 689 354 523 438 421 240 64 320 499 326 659 137 748 16 271 665 781 869 155 342 314 584 571 310 925 312 91 170 239 824 291 602 81 736 148 258 982 162
340 8 150 468 615 636 216 184 111 368 832 400 767 730 317 420 639 505 848 477 904 601 466 95 101 847 133 492 88 713 98 978 868 160 790 764 961 536 994 498 879 17 441 421 398 730 523 946 550 440 357 406 238 121 478 92 202 266 46 445 920 630 985 574 711 316 810 350 66 162 497 433 30 534 572 115 564 773 683 740 306 888 985 217 116 352 151 507 610 365 484 749 356 782 585 694 459 608 684 853
962 53 242 754 645 470 321 988 955 960 0 13 86 228 940 657 497 527 118 435 84 897 984 220 994 790 596 890 360 9 968 404 851 929 264 611 962 341 408 111 987 588 375 257 35 429 684 493 434 842 522 912 114 774 261 680 604 959 548 480 984 737 297 676 593 890 908 808 334 165 811 392 890 6 178 953 297 369 550 286 817 618 280 669 846 564 563 756 427 423 136 777 661 115 200 336 251 505 679 634
15 397 988 39 788 717 203 912 851 890 644 686 357 359 230 110 795 109 727 343 125 370 718 602 254 707 351 783 150 443 862 625 373 481 642 459 219 962 717 96 109 224 78 817 257 670 24 865 81 863 964 704 472 286 956 309 975 716 172 882 894 475 76 857 590 914 880 485 5 239 7 458 480 390 424 438 325 293 415 829 23 710 180 239 246 673 34 198 99 94 655 430 466 825 383 925 959 942 576 616
694 703 390 610 213 517 55 388 282 845 297 870 437 125 707 998 991 433 531 133 41 392 254 895 412 787 32 365 828 830 567 731 210 931 573 44 630 608 896 276 571 768 640 228 910 672 730 884 555 802 125 478 824 99 123 168 846 334 672 951 651 717 779 434 382 896 553 170 177 975 592 902 795 352 933 495 569 700 302 276 864 644 662 167 126 899 403 365 933 151 687 937 86 497 126 582 685 286 165 407
649 541 438 324 205 786 692 237 135 177 63 880 672 542 864 335 741 202 473 524 435 679 333 516 63 119 215 592 528 381 216 861 951 916 926 606 143 723 520 134 286 551 648 76 627 361 164 616 603 401 791 425 872 390 809 135 332 221 436 423 882 321 171 474 70 155 123 69 288 504 296 713 555 487 349 712 488 498 748 974 837 350 222 435 55 977 130 413 793 427 77 571 192 433 477 33 540 745 914 489
617 507 883 932 298 924 221 155 739 551 268 698 932 32 93 350 931 471 403 701 117 545 511 261 275 418 38 418 505 47 383 483 544 332 631 29 483 244 624 622 88 285 310 654 540 840 280 995 184 51 251 219 374 45 664 154 194 848 694 24 62 83 150 976 846 321 140 324 121 247 338 20 139 826 883 275 35 72 817 935 298 254 758 684 129 757 108 419 169 273 420 187 728 855 939 155 191 474 588 897
944 278 655 435 405 194 670 276 900 812 319 228 314 712 831 120 141 646 260 60 458 517 319 686 642 726 816 445 833 186 491 529 472 826 118 55 235 803 216 492 960 99 341 125 582 447 928 99 837 310 695 431 440 241 76 477 985 680 258 490 648 927 645 464 384 251 624 938 495 533 567 303 242 564 310 396 783 562 7 323 642 91 372 286 502 862 709 334 554 288 16 427 476 573 269 469 983 230 904 918
643 884 455 965 195 191 288 508 515 191 114 900 371 18 858 515 753 1 976 739 158 381 640 682 653 172 428 616 461 31 761 224 731 450 645 999 535 158 583 690 281 737 236 558 867 905 268 921 367 187 710 199 585 791 155 73 568 9 372 72 654 762 360 845 392 276 682 325 263 138 882 908 523 802 739 332 860 636 667 358 977 803 826 711 327 651 628 286 508 731 74 804 970 281 78 723 374 487 829 606
332 822 565 966 796 528 814 735 595 861 152 865 520 475 100 492 905 852 586 594 727 566 647 457 60 627 181 478 512 23 376 770 561 715 913 391 539 120 383 293 70 698 648 50 914 989 151 704 47 242 386 626 152 26 56 116 854 218 934 514 237 971 847 510 587 837 427 683 238 174 36 593 86 742 804 610 26 907 644 500 516 369 592 272 355 104 876 808 616 247 709 664 637 657 676 344 304 510 49 564
490 172 856 30 509 232 228 352 556 397 564 689 598 890 47 124 474 981 300 669 912 371 45 24 379 978 900 679 72 850 726 817 339 611 757 936 328 84 479 774 70 20 25 882 530 358 688 310 768 42 193 823 564 948 455 957 939 767 543 923 471 494 455 257 617 664 845 158 333 480 636 299 400 378 1000 941 550 892 153 928 179 693 892 440 261 421 962 375 894 253 845 98 759 642 936 295 745 132 45 878
551 419 394 829 321 530 639 492 781 332 586 834 904 98 529 386 18 798 449 568 193 519 433 570 816 12 39 175 47 135 445 720 637 748 527 653 350 674 469 610 281 99 897 342 782 603 541 178 553 788 756 444 547 943 21 958 149 751 880 52 291 646 430 293 149 795 447 626 396 247 354 873 993 550 610 322 664 706 4 718 742 67 535 122 2 14 270 534 546 546 767 688 843 173 405 37 387 632 103 751
441 630 574 834 839 928 973 941 422 206 217 681 122 737 470 182 361 933 636 928 818 495 168 675 295 57 783 219 718 30 382 281 765 113 9 79 489 961 987 851 775 44 850 533 963 701 122 914 593 627 747 920 423 871 142 930 979 404 79 99 969 903 482 570 318 121 288 31 178 213 553 688 631 250 905 611 733 634 728 276 237 667 788 469 469 817 454 894 823 12 610 57 199 659 743 484 974 607 194 798
781 336 570 374 202 104 216 510 565 506 102 167 225 642 796 742 523 275 927 22 239 208 774 545 588 510 875 159 408 519 626 470 636 151 730 535 496 57 939 131 855 787 338 709 470 804 808 936 881 5 762 484 143 501 435 322 432 446 272 444 15 459 917 382 622 809 473 677 557 861 393 369 450 306 589 620 430 237 680 185 135 504 164 701 155 946 244 224 815 416 77 438 664 628 950 115 644 529 528 187
577 621 439 687 133 763 554 305 129 458 746 944 504 967 206 135 357 982 987 880 998 956 482 628 95 845 858 354 279 657 68 915 602 571 994 904 855 332 453 67 264 3 390 440 468 428 840 712 802 306 366 718 868 635 29 808 961 784 29 572 758 646 293 574 117 650 53 97 851 736 92 814 973 810 424 985 61 839 479 985 739 938 788 247 706 733 523 878 85 203 692 251 331 648 766 601 442 672 684 92
277 632 965 257 680 832 35 189 102 920 338 556 989 559 459 210 652 815 16 676 252 387 876 498 275 223 569 46 666 772 818 1000 876 743 338 127 384 563 51 58 263 975 313 133 430 662 371 840 32 537 399 5 96 255 907 285 214 688 467 681 899 240 209 904 451 414 919 101 35 235 147 566 305 497 44 54 138 444 851 157 623 323 582 478 619 28 932 305 457 787 521 598 568 604 1000 113 675 970 515 102
474 454 147 174 399 245 417 775 74 503 606 258 618 473 424 407 104 899 525 136 714 80 98 862 216 170 447 462 33 31 924 987 338 425 421 593 233 131 796 101 596 868 85 901 262 965 943 663 552 306 186 772 986 160 426 59 335 864 224 409 621 593 282 699 365 360 33 736 214 450 551 929 163 61 470 943 9 834 608 990 701 127 528 366 982 699 898 9 727 892 682 236 972 528 929 989 351 610 908 651
458 264 280 47 851 126 398 101 863 894 998 21 797 932 886 512 258 691 316 530 97 69 556 88 917 886 484 236 943 177 263 754 892 403 842 51 957 780 247 275 759 446 674 471 425 979 492 722 592 976 208 374 493 635 262 2 749 880 156 329 640 71 651 343 505 845 644 328 867 757 628 765 219 51 992 173 941 923 747 977 803 552 857 418 226 650 819 127 816 403 624 233 231 834 435 147 697 119 209 849
587 647 270 626 894 465 857 960 826 525 305 922 993 89 454 582 849 809 352 191 543 292 819 197 460 653 40 235 89 602 998 371 744 925 147 309 974 72 837 705 530 859 809 420 252 194 730 187 869 892 61 819 293 664 34 454 400 133 945 44 591 601 798 946 35 647 35 385 469 699 288 794 135 739 186 188 527 369 285 225 253 48 153 553 32 629 503 119 739 558 324 739 338 893 50 823 441 256 520 821
182 296 472 971 289 547 576 540 616 935 250 512 810 688 26 892 805 627 708 282 54 432 592 953 868 227 356 378 658 843 411 94 934 271 934 238 592 789 806 381 67 583 513 392 994 789 169 27 785 551 82 152 746 296 924 298 671 409 476 186 780 473 643 788 202 385 242 719 73 128 676 943 802 200 449 661 678 744 893 165 834 18 851 751 284 323 959 101 602 558 465 577 327 830 241 50 703 838 658 939
577 927 921 981 254 838 310 277 573 406 212 796 970 88 672 293 238 423 784 578 475 253 104 107 710 227 261 619 77 866 382 15 644 945 982 586 869 6 482 685 37 248 540 821 979 803 998 953 49 21 921 755 377 338 392 669 381 474 93 303 496 367 769 419 980 760 32 640 901 142 926 46 224 578 273 870 134 977 84 599 443 547 222 745 759 617 702 932 819 694 417 108 679 661 0 37 993 846 223 734
591 637 366 883 263 796 321 439 643 661 835 150 660 962 70 906 651 946 797 448 769 966 157 124 8 269 900 32 656 179 863 874 442 485 707 264 451 158 939 743 269 254 497 380 892 715 753 16 770 281 730 971 761 743 417 207 247 321 973 946 994 579 208 39 568 504 328 692 966 351 836 991 771 201 488 527 858 863 295 684 709 290 170 690 590 183 573 592 445 107 715 673 63 845 333 746 516 800 605 851
438 59 623 189 521 5 797 368 841 906 101 85 404 465 432 221 204 168 916 39 498 237 649 683 191 344 858 41 316 110 255 625 890 18 325 655 426 181 875 817 762 995 981 444 36 935 125 493 491 106 414 436 661 573 519 789 695 875 911 35 522 234 934 890 408 140 238 336 227 990 303 427 10 186 451 174 233 483 951 559 250 760 577 248 827 723 377 126 429 527 621 782 8 620 153 393 343 159 228 440
404 315 714 56 70 94 54 762 673 117 963 807 753 972 624 963 795 327 435 535 165 738 692 878 4 995 60 418 633 889 29 517 594 318 756 449 718 242 954 988 538 447 460 291 537 359 921 734 181 914 512 377 928 933 960 264 628 502 787 578 499 406 416 399 246 87 89 53 892 520 225 940 540 981 305 501 488 400 100 585 462 6 876 512 895 524 24 822 39 571 785 398 714 328 438 230 907 415 415 216
612 438 282 31 370 530 838 741 165 595 849 210 998 156 764 789 135 426 157 765 888 309 355 114 383 988 956 153 586 164 878 25 75 100 738 848 696 813 894 460 391 262 380 549 624 740 627 200 828 925 691 155 476 857 6 896 461 423 452 746 727 562 835 454 179 37 791 413 485 989 586 556 691 288 428 429 602 207 815 627 184 993 692 276 74 888 486 633 856 495 726 776 103 245 151 976 411 136 306 635
869 816 544 149 797 777 121 389 565 396 979 746 53 663 219 417 679 598 289 680 979 176 285 937 62 348 446 90 410 650 295 12 276 250 909 321 746 970 725 138 858 944 647 382 365 672 772 315 950 161 449 132 819 556 205 758 335 358 547 945 171 599 345 309 619 927 336 823 799 700 638 553 622 831 404 897 938 932 453 427 119 933 725 93 828 652 480 965 781 669 584 662 881 44 790 329 1000 402 295 193
34 952 608 178 118 562 281 373 70 320 631 44 660 251 966 527 483 113 220 537 384 575 907 24 478 837 866 8 87 364 134 308 854 633 265 288 503 408 679 538 519 847 306 145 417 891 166 194 140 804 288 831 825 432 945 621 676 44 224 852 257 752 926 25 495 777 824 821 300 734 584 354 797 998 862 858 206 118 950 638 277 572 571 53 661 553 442 510 598 6 717 785 170 109 53 546 28 518 224 132
836 315 594 885 764 942 637 139 460 911 259 938 334 980 592 173 896 288 213 356 617 361 199 21 605 347 264 11 449 771 890 202 704 950 167 208 623 56 753 658 121 151 474 407 370 511 245 381 633 10 824 396 355 181 572 442 374 806 909 99 852 970 528 39 822 222 578 449 514 38 453 414 745 538 351 235 739 902 564 231 724 813 160 232 81 261 458 330 61 585 530 671 909 174 346 66 442 94 511 135
351 14 654 563 737 206 324 626 798 470 117 671 643 34 13 310 582 389 669 347 394 759 926 770 511 720 840 518 839 780 613 199 508 341 135 579 741 14 395 238 180 787 814 497 293 46 448 793 936 748 799 714 18 238 511 135 544 500 928 168 456 783 253 584 486 373 816 130 157 10 694 253 77 920 578 444 649 810 821 986 674 497 389 169 284 633 234 843 745 169 0 686 438 600 675 617 643 856 935 136
831 975 790 968 408 745 957 502 943 407 7 958 487 724 455 435 616 901 360 777 373 520 655 319 308 875 144 63 723 715 164 64 287 935 41 570 693 798 767 64 298 807 408 865 647 236 276 160 790 246 762 523 384 459 791 102 67 801 869 345 58 364 974 277 219 324 57 438 930 738 524 778 746 985 92 860 848 295 54 363 51 565 500 847 102 975 113 682 718 46 644 233 280 387 546 430 46 8 448 816
130 333 692 699 118 796 853 286 316 126 265 356 307 876 461 808 910 33 340 87 917 547 298 72 647 416 291 3 132 855 771 311 595 192 118 172 897 203 988 414 712 532 883 965 351 220 640 232 15 623 564 846 888 586 553 767 582 778 338 509 231 843 468 354 498 195 923 97 452 915 578 668 639 484 727 183 528 968 53 66 898 355 408 995 871 165 884 700 48 880 248 379 944 944 378 530 40 231 101 831
530 106 429 229 947 348 696 769 253 533 325 7 55 321 821 459 736 353 85 340 71 702 558 800 437 584 993 676 736 463 273 109 894 477 292 556 519 637 91 633 513 826 344 723 948 621 633 183 193 143 428 859 726 656 349 879 289 727 572 145 144 963 168 203 111 125 234 258 891 108 103 382 728 605 225 172 536 512 492 58 723 376 240 791 504 302 92 696 691 933 692 394 101 645 853 554 64 667 20 576
457 50 560 593 882 381 642 560 859 56 191 875 744 143 484 497 296 541 901 781 473 670 801 718 667 436 583 238 10 79 692 349 54 124 827 160 977 846 256 341 880 102 678 955 317 228 804 887 836 631 191 289 799 306 524 166 922 676 33 282 887 334 262 865 621 472 554 300 580 272 382 463 97 668 157 152 651 483 453 161 126 279 119 500 950 67 77 630 531 588 650 188 113 351 308 863 533 506 687 45
723 349 908 939 875 263 510 764 817 57 989 927 316 595 703 314 990 678 847 186 190 283 540 775 767 69 413 318 216 525 711 747 134 556 98 317 168 884 423 652 732 136 785 472 876 554 17 226 309 731 436 602 13 397 997 179 988 725 67 204 978 497 683 172 481 762 82 476 432 918 864 698 396 719 923 460 695 30 492 999 873 808 421 257 121 708 854 86 377 238 757 232 842 480 120 560 173 980 959 972
282 295 378 225 326 698 283 958 359 199 93 610 240 263 153 18 429 223 389 226 731 155 788 200 856 912 681 216 352 997 912 476 461 638 363 630 561 949 956 982 636 841 536 733 269 629 662 724 621 940 65 307 395 543 673 53 904 819 258 763 123 948 937 756 361 306 387 225 30 138 37 860 709 270 70 166 377 520 992 306 465 99 119 15 439 882 84 272 637 945 182 723 174 802 337 82 922 584 637 939
935 135 196 529 855 614 888 643 300 902 54 467 850 389 244 276 468 779 336 431 813 354 703 769 697 231 526 648 782 837 344 232 128 318 702 607 200 494 714 546 855 542 421 900 62 216 505 670 149 647 701 66 891 93 791 877 787 966 473 407 390 872 547 7 113 629 997 905 133 719 55 710 98 810 301 565 99 248 257 921 159 378 753 853 947 891 192 323 90 651 35 420 720 741 952 529 657 450 965 679
542 729 290 341 218 677 586 438 790 185 614 69 112 271 177 382 64 110 496 726 335 810 356 959 771 470 842 155 164 937 851 692 902 312 193 743 803 149 215 991 249 868 279 668 404 709 320 427 492 827 370 905 926 25 76 328 497 504 193 963 261 404 305 748 887 33 117 561 635 883 271 620 787 465 881 758 537 121 85 60 309 358 620 979 140 399 420 292 975 618 743 552 182 515 211 131 659 632 488 441
869 138 484 402 833 473 751 702 572 577 215 274 399 299 375 731 258 814 524 162 976 627 764 938 472 312 826 768 653 295 10 610 537 422 317 346 939 907 38 167 744 445 292 99 578 764 403 192 553 728 897 409 524 363 485 637 237 685 375 521 209 510 104 669 582 871 268 336 170 907 68 218 768 386 646 549 645 647 927 536 940 273 838 357 83 463 25 68 721 462 163 716 198 10 727 793 809 468 137 388
158 405 91 11 661 464 74 467 947 452 500 854 476 945 735 598 568 57 747 33 840 691 22 117 970 69 346 860 411 895 428 340 132 975 491 680 590 966 404 675 821 769 24 313 698 266 865 390 634 627 669 675 811 989 313 926 450 282 181 800 197 939 510 564 254 391 46 507 479 733 775 725 35 516 198 549 87 66 853 985 989 365 143 753 638 963 911 750 282 964 184 14 913 326 543 202 379 299 761 429
243 913 384 77 364 939 35 69 812 641 799 175 28 882 876 509 930 905 860 667 490 149 621 753 467 657 589 724 381 731 589 21 704 370 415 477 755 693 321 959 889 295 463 522 538 609 571 214 473 672 486 365 412 101 130 360 796 232 132 407 561 843 253 179 264 107 0 612 162 64 484 578 382 747 746 448 160 175 964 112 959 589 562 324 42 730 470 188 132 197 314 398 394 442 680 187 633 642 123 685
517 621 793 763 701 657 381 858 524 327 99 3 338 699 139 598 718 814 429 31 182 159 673 116 472 873 642 454 719 563 835 642 486 634 146 76 901 374 681 54 823 449 764 593 730 803 7 743 320 747 719 663 259 313 49 820 311 269 815 809 873 535 92 786 234 464 778 298 749 513 179 526 378 853 503 112 358 184 165 496 702 293 40 604 575 525 881 153 367 390 980 562 247 216 635 55 136 909 679 771
107 415 478 147 524 520 898 996 717 434 547 382 205 227 586 404 185 581 634 550 791 416 336 468 771 978 868 73 18 213 591 797 658 213 124 698 52 211 413 457 265 681 828 495 301 651 661 542 69 807 342 511 454 420 333 876 976 973 516 693 704 779 53 779 141 3 91 823 108 728 793 613 342 360 844 886 802 587 98 242 860 46 689 523 930 41 556 161 706 893 247 499 980 425 129 679 547 52 28 83
840 978 414 112 456 284 801 286 202 143 478 501 580 357 937 310 219 756 660 659 77 267 116 231 728 456 834 250 526 254 64 256 722 147 419 631 125 712 199 797 32 200 164 171 6 1 137 10 294 802 148 752 683 733 128 673 618 187 622 726 268 877 922 765 803 806 453 325 975 599 507 204 178 373 920 732 860 477 201 443 55 12 860 651 553 139 103 317 260 372 848 69 884 191 283 73 522 183 218 506
138 192 686 291 55 787 444 101 366 776 885 571 820 694 322 131 571 230 270 628 95 221 296 783 503 38 393 38 927 944 684 749 382 679 664 542 694 349 179 763 217 922 244 959 658 413 755 428 311 728 476 82 783 419 986 1 95 462 318 353 546 89 543 731 143 816 593 518 24 939 123 653 350 13 726 109 548 68 323 689 593 642 118 442 322 676 490 805 869 446 107 438 199 269 640 697 702 585 273 689
140 703 238 983 339 577 739 913 697 474 642 21 361 833 814 254 136 445 753 613 797 963 931 217 12 937 199 196 527 855 46 724 603 944 229 575 469 133 980 854 466 821 530 301 225 896 917 405 267 615 868 594 241 835 418 408 876 67 422 797 428 728 777 517 64 177 575 238 563 101 864 753 338 897 165 141 760 775 255 698 231 187 372 589 119 97 86 63 6 948 277 982 502 629 63 343 35 595 176 570
585 157 224 479 688 607 404 609 213 557 855 996 734 761 617 931 548 775 101 808 162 460 565 875 146 883 115 677 996 72 179 505 533 307 712 133 283 951 429 685 865 457 583 68 475 616 444 988 824 276 572 100 986 174 773 328 927 550 314 137 681 898 875 471 416 119 970 435 699 883 380 754 485 213 846 865 971 968 512 811 675 595 69 262 160 275 378 985 640 527 444 233 422 17 423 580 82 713 187 404
328 770 298 880 370 812 78 800 780 58 41 151 551 771 267 529 466 196 108 596 672 563 736 345 995 44 886 519 757 857 399 292 187 358 981 633 569 453 629 642 273 1 749 566 737 706 885 879 948 666 88 105 616 872 84 792 280 926 130 64 27 412 976 713 94 871 988 273 973 278 970 967 900 677 28 348 427 376 739 479 443 575 36 135 730 880 132 130 872 544 45 901 385 289 980 584 134 400 632 175
81 89 96 40 137 509 299 418 164 929 584 777 552 114 299 569 277 894 850 940 462 591 713 435 908 823 938 664 896 808 11 320 692 451 976 286 747 83 483 258 331 665 163 254 652 491 486 593 301 171 211 710 962 573 64 582 866 780 507 267 268 41 780 311 765 591 868 545 741 930 855 802 376 404 478 258 232 194 26 946 384 738 694 826 123 741 589 283 524 324 263 369 702 854 570 890 847 167 197 216
479 671 122 160 373 379 249 171 429 738 381 605 191 942 107 474 857 303 11 341 865 91 22 141 233 214 380 95 349 626 700 194 416 377 1000 779 72 953 124 624 611 422 326 908 988 685 453 866 126 578 702 301 623 970 47 756 433 105 457 525 806 329 133 528 416 666 697 352 368 764 696 149 835 867 423 518 652 217 872 804 99 200 603 410 282 604 569 329 572 995 346 60 975 474 512 862 318 49 535 581
97 8 125 752 237 679 48 830 752 458 906 415 385 148 66 569 656 438 673 46 336 90 947 429 973 879 966 250 691 601 330 894 428 487 249 420 953 867 468 626 466 745 300 206 966 796 927 409 73 261 18 496 336 488 80 179 986 861 801 755 842 945 946 364 236 849 454 458 932 870 829 662 393 382 290 281 427 158 305 719 96 855 765 206 945 557 945 818 813 323 658 805 184 718 333 385 761 929 223 841
344 281 306 194 45 214 521 226 473 345 180 821 899 401 93 636 105 722 313 309 200 696 61 876 837 486 963 108 900 304 859 30 315 353 140 895 683 829 414 997 941 787 373 731 269 74 362 539 905 838 117 883 80 59 918 495 800 761 878 109 177 201 449 333 451 840 525 373 810 148 821 794 603 899 226 369 926 78 442 828 405 217 137 703 2 413 454 408 694 99 693 644 239 761 584 737 130 621 540 25
450 43 975 443 176 602 451 409 101 634 726 609 871 684 355 303 198 519 380 744 909 63 839 345 145 747 96 692 505 644 470 507 151 414 234 492 641 49 406 180 156 633 552 989 148 897 151 59 166 865 672 644 228 952 604 562 717 586 843 594 808 862 469 638 195 59 575 142 326 631 488 65 291 166 559 745 697 791 52 561 530 492 739 116 327 518 938 595 328 994 37 123 394 784 660 890 368 810 784 349
873 834 297 731 412 609 679 897 683 358 687 863 836 427 593 620 808 797 252 89 433 609 362 985 557 392 390 360 96 782 617 77 95 894 961 479 321 686 448 971 604 537 242 407 397 185 431 196 209 870 10 772 853 816 557 940 14 490 318 246 61 459 978 523 197 282 9 200 490 33 44 320 420 4 544 274 796 736 720 866 283 781 720 393 275 972 20 562 300 450 680 123 378 270 740 134 904 461 815 918
332 115 235 566 604 21 184 756 763 638 451 384 668 5 412 191 367 169 543 55 455 883 702 129 747 300 425 24 596 671 9 325 18 615 501 997 862 215 699 85 51 693 328 122 363 997 383 272 420 598 941 843 525 579 298 885 887 612 173 776 490 986 460 720 987 516 666 831 624 106 913 416 77 657 978 565 758 338 417 935 45 74 916 509 369 630 697 539 181 229 360 453 642 453 677 18 256 520 357 573
226 921 683 5 813 895 943 721 562 434 540 423 491 659 856 499 115 889 878 354 385 361 959 634 113 519 227 978 5 448 797 715 305 661 602 562 465 620 589 895 424 632 89 652 561 158 375 954 996 666 522 569 201 306 501 626 623 213 847 355 746 25 674 536 366 104 559 331 193 474 209 948 946 131 380 381 719 588 222 888 105 162 744 905 517 300 70 830 725 585 73 992 676 974 12 406 38 870 744 378
672 190 393 85 947 189 345 265 196 302 974 949 958 50 565 630 505 842 25 557 540 468 546 307 686 138 704 718 414 698 740 670 180 407 162 724 522 830 374 115 182 320 492 689 154 623 18 939 610 651 272 558 644 598 393 970 573 803 406 801 945 413 708 506 977 593 176 396 227 288 708 566 903 727 230 223 419 544 114 935 409 402 21 298 328 23 769 41 202 180 523 945 246 477 175 691 200 920 375 456
356 878 224 513 297 707 987 105 99 863 635 596 459 661 808 203 704 40 457 487 682 680 482 83 136 935 654 355 726 756 415 507 254 983 764 669 360 109 927 842 359 622 156 777 438 892 917 486 14 279 651 167 638 464 721 749 713 116 286 194 56 937 506 946 488 135 1 528 533 411 330 664 106 209 475 285 750 146 18 378 216 312 661 436 77 247 220 276 456 927 620 592 691 759 295 345 410 422 456 875
997 688 747 127 597 561 563 244 402 587 530 118 183 682 992 560 817 128 127 219 450 76 128 405 58 725 394 826 824 404 318 957 421 830 357 999 416 878 685 689 486 181 315 36 186 112 499 597 521 682 904 340 72 907 426 574 372 677 443 372 832 250 698 300 68 506 972 179 334 787 832 583 206 477 385 774 458 950 556 25 657 209 666 304 243 691 795 23 583 872 434 342 489 649 970 261 19 829 129 23
0 431 844 879 231 199 665 696 911 51 141 606 171 221 259 466 54 648 903 596 262 704 164 182 209 526 490 469 13 489 716 514 701 734 932 117 222 298 738 97 334 700 494 770 658 437 456 167 576 792 887 76 518 385 890 684 383 387 251 381 24 691 859 585 871 35 632 972 91 1000 109 782 154 876 49 613 627 965 661 670 611 48 831 35 241 319 111 478 210 99 742 835 502 54 42 567 982 814 52 754
24 407 694 442 459 335 150 628 667 257 537 110 230 529 705 232 908 821 46 45 73 800 465 849 142 556 723 347 138 670 534 582 91 477 239 899 719 852 334 165 562 90 399 643 68 411 303 237 91 55 109 571 600 718 753 417 828 552 549 342 388 624 482 631 971 444 674 350 514 245 191 219 149 420 337 454 336 616 899 579 866 823 825 388 274 896 337 689 825 972 840 227 216 439 388 657 469 772 642 767
211 316 920 594 509 150 823 512 580 401 207 758 63 284 859 530 785 538 119 779 737 437 98 823 809 663 722 381 854 636 479 621 293 113 10 659 963 962 353 852 495 515 643 131 128 401 430 429 118 106 52 442 169 509 696 658 25 929 488 103 842 162 463 693 204 680 500 324 205 726 720 987 128 158 82 581 75 496 953 346 811 663 84 556 215 710 614 97 674 261 366 268 533 605 508 463 974 205 521 429
711 493 470 622 625 655 46 719 651 334 759 166 882 778 846 431 477 573 699 365 392 936 713 41 591 752 623 933 793 318 142 266 787 452 829 59 846 414 643 829 230 241 873 523 261 502 919 850 611 595 836 477 749 797 546 237 502 490 289 276 851 884 31 355 148 634 957 947 209 789 354 351 777 50 914 528 612 99 967 120 545 57 868 666 445 636 335 619 869 900 572 419 849 975 145 699 903 52 232 566
836 123 806 990 668 246 824 133 411 791 764 650 886 59 865 701 475 414 658 869 275 143 96 591 956 616 74 106 548 34 957 503 620 468 30 1000 581 276 958 576 726 469 719 179 507 402 955 913 852 305 582 269 134 681 575 537 287 216 472 332 587 566 940 360 684 310 448 794 449 224 703 468 605 525 860 763 6 409 612 62 909 350 149 652 887 470 339 670 55 132 126 954 45 342 391 392 664 841 271 11
794 132 121 929 6 698 105 187 341 520 401 60 859 856 997 674 69 861 902 65 701 856 607 754 680 6 65 362 120 21 182 500 595 494 105 281 87 754 743 134 172 122 745 850 163 190 29 717 131 576 699 332 820 160 401 385 795 132 540 67 909 304 810 828 785 797 143 582 283 295 123 378 227 757 119 658 985 911 525 581 169 747 975 820 839 300 96 838 545 434 611 932 480 594 123 763 509 679 950 541
69 253 52 729 800 355 437 45 723 417 228 901 686 733 720 630 849 671 907 861 851 4 898 758 772 299 364 842 789 580 770 369 740 460 853 47 221 899 961 431 250 344 576 543 51 915 208 571 123 480 575 475 105 223 435 611 742 173 761 11 240 62 427 927 482 887 990 468 187 484 135 611 968 578 646 650 379 875 900 869 72 443 162 548 303 431 934 981 316 68 886 578 872 107 582 844 447 724 935 170
162 645 373 565 361 71 62 665 462 24 473 926 93 730 90 280 311 94 119 209 221 660 348 950 673 259 675 733 321 738 889 531 623 445 183 75 145 27 7 782 463 206 705 128 631 631 252 63 480 4 253 93 455 136 182 379 198 330 310 531 434 301 878 366 492 955 656 789 814 970 976 637 917 188 134 850 464 610 17 567 30 389 667 536 869 137 731 802 808 5 753 590 408 946 754 201 260 751 787 192
899 646 864 543 66 850 456 337 866 638 834 370 788 850 226 579 663 646 473 437 87 570 968 897 726 442 207 542 314 409 40 567 642 614 127 96 19 931 0 848 941 928 5 49 974 313 380 282 408 403 89 230 572 103 675 506 926 99 615 759 873 924 406 123 108 461 647 890 329 179 113 554 849 88 258 305 237 487 692 174 56 864 917 605 917 719 573 909 838 932 554 888 549 698 949 450 510 803 134 66
749 214 262 180 403 687 122 815 455 90 855 710 855 310 123 685 519 989 791 330 248 249 82 498 965 538 295 301 392 517 917 237 113 390 871 345 119 320 314 714 907 477 681 532 30 390 1 343 226 46 69 610 456 751 709 3 709 15 168 50 700 401 436 683 88 208 421 253 492 40 61 944 520 348 491 65 563 726 58 817 435 238 255 770 560 890 807 99 557 575 804 810 428 615 280 317 221 851 857 43
529 575 745 627 501 228 975 297 44 424 692 738 201 918 904 11 100 300 257 946 674 118 233 397 675 187 331 265 635 638 72 244 300 209 525 537 138 417 560 423 255 98 901 993 563 233 649 642 440 198 483 748 33 860 785 816 402 846 739 794 120 827 693 287 604 822 313 378 606 744 263 926 159 695 158 816 669 383 194 336 564 473 954 213 398 725 556 713 475 944 408 548 570 388 864 830 578 750 552 134
890 409 230 720 382 621 109 756 572 166 743 320 468 727 470 795 835 899 863 31 597 638 732 120 891 620 588 237 524 48 833 362 970 401 83 862 651 526 116 297 266 522 0 347 701 694 211 984 958 428 241 543 449 705 116 553 532 929 897 337 51 474 728 492 328 567 671 744 11 979 589 682 569 412 532 549 755 279 662 112 328 548 604 772 320 352 24 27 218 884 455 255 803 264 366 594 347 713 758 718
895 427 342 41 747 967 472 374 457 166 212 476 392 773 132 826 583 962 310 202 742 679 625 658 60 995 211 986 396 248 666 735 967 807 551 81 812 769 168 581 484 827 414 390 233 35 986 586 473 37 336 39 636 117 477 267 287 5 826 198 39 296 676 853 641 387 135 529 628 307 761 728 743 565 412 610 305 789 221 788 638 674 797 551 26 793 133 765 886 711 985 187 580 494 356 950 394 319 700 696
835 417 241 48 45 415 909 577 606 305 371 815 258 128 271 272 775 82 229 645 89 648 456 705 737 133 122 391 825 374 717 663 406 406 614 88 918 575 597 613 131 337 490 362 494 577 152 144 500 676 141 214 27 19 661 664 381 145 417 364 211 740 394 957 622 90 187 279 154 566 449 84 379 829 780 731 907 696 254 330 604 336 836 521 207 890 698 479 828 974 407 558 819 598 943 361 686 243 886 334
974 590 215 836 525 30 891 912 656 115 724 916 543 291 329 180 646 568 668 580 615 522 101 44 14 787 426 875 386 939 584 612 616 991 657 299 155 185 445 655 947 875 676 753 474 372 36 641 260 826 309 29 781 511 900 954 114 377 6 838 415 259 327 653 940 572 326 121 827 971 162 150 564 951 566 816 790 107 875 990 183 696 258 583 852 90 481 967 33 693 279 490 466 444 747 32 968 981 348 603
741 502 915 196 843 675 522 303 114 657 298 211 399 74 278 512 680 901 865 691 723 687 816 56 52 74 349 720 230 917 926 216 504 49 891 120 938 510 132 536 434 959 556 776 853 28 494 570 251 785 599 118 265 309 306 361 712 490 955 866 716 311 305 955 799 656 686 56 700 829 666 594 58 730 72 840 389 179 631 173 345 612 90 551 79 617 674 224 547 221 39 11 750 376 341 520 707 767 376 610
601 506 28 105 528 814 834 250 931 321 806 96 509 515 978 777 763 579 314 246 895 864 357 614 255 765 501 595 896 397 581 783 836 259 591 260 194 474 771 395 478 918 549 585 943 760 761 118 748 782 98 340 383 241 125 94 818 897 245 530 311 800 547 568 414 355 921 948 87 678 363 295 495 634 768 705 528 728 102 460 482 463 729 684 454 790 683 790 266 890 346 84 127 443 866 348 428 90 546 562
619 580 964 493 821 715 197 108 167 683 330 409 629 179 967 152 916 126 49 43 783 305 347 936 157 746 406 833 232 372 933 333 739 294 398 710 565 424 541 416 293 805 75 534 349 525 915 631 714 643 563 855 132 749 65 862 556 458 910 158 93 653 839 513 792 615 231 8 432 456 808 865 760 709 45 465 599 620 553 537 841 574 515 556 447 731 537 899 78 666 941 788 862 866 685 551 679 621 94 889
93 856 848 1000 445 947 999 188 284 466 212 146 401 634 826 867 314 376 120 638 511 842 748 444 284 797 330 215 469 198 40 752 176 812 852 528 604 685 366 377 447 452 179 475 727 405 964 434 655 120 233 756 247 457 898 256 3 543 728 203 493 843 450 806 398 147 245 538 719 817 217 264 27 793 952 221 20 747 106 633 634 624 156 34 409 809 289 719 794 356 750 308 756 851 655 584 53 573 979 465
792 623 134 921 878 234 734 470 81 261 526 441 65 49 363 317 905 833 749 703 488 866 927 692 749 266 438 862 111 445 297 452 188 19 930 168 943 986 81 239 663 227 773 788 442 712 222 535 106 305 15 516 503 51 473 463 941 138 596 395 140 565 819 406 186 536 490 824 201 189 661 669 486 515 974 992 204 21 336 378 547 644 441 581 700 727 6 871 771 939 580 251 691 282 879 8 99 295 376 260
891 812 710 631 326 507 766 34 894 732 638 905 949 35 380 989 688 583 546 521 286 296 84 495 372 349 33 188 271 729 190 28 637 733 357 102 227 902 177 670 23 827 647 534 521 187 949 825 686 762 113 35 527 761 885 293 682 884 362 887 425 940 26 566 720 338 208 417 890 82 828 577 743 270 496 352 172 223 552 564 74 970 868 878 33 908 769 990 175 166 632 611 940 865 347 617 157 200 7 434
471 564 299 704 922 51 6 879 142 55 366 527 767 427 483 697 448 908 930 452 476 458 529 688 558 143 673 73 232 726 412 91 511 996 207 569 885 835 973 907 274 481 912 984 800 313 35 465 549 80 642 880 360 124 940 709 604 325 851 655 951 747 869 182 935 745 189 42 394 900 569 34 191 249 731 571 121 661 332 170 827 134 676 45 644 784 520 538 66 780 297 869 479 519 732 920 894 262 705 324
224 605 142 87 622 59 562 632 392 178 951 806 127 549 503 104 189 184 930 374 744 434 457 126 298 605 883 599 232 932 758 484 382 227 628 912 863 978 859 719 200 782 850 586 577 319 621 778 161 822 892 346 180 738 464 662 272 534 160 218 113 958 419 821 14 197 470 312 991 710 408 755 885 170 481 647 211 164 753 846 995 926 56 418 141 983 335 609 775 401 329 474 418 651 565 278 481 679 286 418
994 374 932 98 394 519 535 568 456 609 46 971 889 828 345 580 535 235 21 999 502 622 684 54 804 465 766 671 96 479 466 451 605 470 444 987 700 771 285 336 765 343 381 117 258 486 848 956 245 693 995 771 695 595 543 527 36 869 236 34 323 783 381 753 924 146 975 270 783 452 724 939 480 73 170 480 309 298 512 132 468 479 918 248 259 720 113 85 408 751 885 243 510 167 260 532 164 156 126 851
920 304 134 923 374 446 256 113 314 888 619 696 435 680 250 283 16 803 297 992 888 243 852 734 746 848 628 603 13 32 283 953 455 669 4 43 187 686 438 928 555 852 206 661 88 450 682 937 567 507 605 444 16 269 613 413 752 849 915 961 998 913 547 889 612 583 113 832 503 989 299 671 723 387 823 569 332 511 323 589 612 18 494 164 616 904 310 574 228 537 155 829 256 492 102 633 876 66 210 197
912 977 470 618 39 608 817 876 320 503 334 642 709 965 410 90 898 53 146 992 675 403 795 259 385 691 890 753 464 482 22 764 484 250 96 780 670 331 100 794 654 231 459 364 939 754 884 441 810 934 15 169 835 379 898 859 502 960 147 401 76 636 124 155 286 200 716 522 587 539 779 356 357 386 854 851 195 4 615 430 93 268 850 86 427 734 885 624 389 963 4 811 772 979 376 68 956 339 353 635
772 785 142 193 14 933 343 112 752 397 591 130 811 243 334 744 413 469 402 415 914 257 64 941 595 198 272 130 513 219 922 588 481 378 938 187 786 829 478 738 372 747 405 837 953 139 119 827 111 354 739 858 840 489 859 180 99 867 919 33 649 92 500 806 592 978 243 628 27 78 308 1 109 733 947 266 798 507 287 325 838 408 100 338 7 711 748 759 618 743 908 65 176 620 37 93 524 947 454 425
848 990 558 791 535 985 243 593 796 375 600 337 586 470 893 425 791 684 773 953 195 401 401 569 316 148 234 61 994 762 81 157 970 466 879 247 707 158 284 162 390 581 790 299 756 884 869 53 826 561 154 892 414 196 964 131 347 478 936 4 210 296 585 265 312 96 284 202 445 934 864 951 646 464 184 657 726 59 413 681 994 216 884 368 444 70 821 37 691 465 621 976 660 510 576 692 682 409 210 879
167 407 823 358 552 956 670 771 859 797 760 966 496 238 3 880 901 840 282 993 120 323 501 1 394 263 680 125 327 947 244 149 526 781 88 480 736 345 431 501 357 230 3 249 304 407 111 737 943 611 878 5 729 365 403 168 118 484 966 423 9 300 795 857 986 308 469 714 572 211 814 757 234 261 214 446 34 290 438 271 34 912 90 18 603 588 765 560 878 783 148 875 244 796 319 650 862 325 699 658
315 309 798 112 942 936 196 653 131 111 948 252 454 914 175 36 248 40 378 144 105 974 836 872 770 289 545 213 135 468 229 760 842 954 960 438 605 229 593 531 729 227 553 882 851 168 95 409 697 40 151 221 822 595 700 454 621 104 530 559 608 596 132 391 489 953 61 787 339 70 682 867 353 595 528 644 883 619 190 81 395 754 444 76 356 182 932 727 603 983 262 497 15 116 141 955 556 475 674 211
250 322 996 194 191 874 686 415 580 962 294 645 203 908 77 813 225 422 957 772 852 969 825 592 141 204 533 969 398 884 818 5 554 220 803 35 830 429 181 309 936 926 688 735 843 453 708 960 666 678 895 277 671 315 965 455 422 947 430 376 394 482 187 529 820 991 209 909 851 475 34 866 409 804 266 628 550 380 244 232 804 576 973 119 736 413 574 281 222 833 644 861 236 691 782 232 645 885 930 923
814 365 299 648 134 305 986 577 42 16 737 910 235 792 747 542 587 989 483 704 698 145 456 509 181 367 36 952 330 817 796 376 494 853 334 580 18 939 321 619 228 411 384 682 498 572 316 685 914 796 901 671 155 328 456 175 537 165 951 687 571 181 572 262 866 664 931 452 16 309 51 34 171 614 307 822 753 20 633 504 425 14 15 540 883 111 576 765 82 472 37 754 650 672 533 843 533 619 915 953
666 674 456 155 495 980 638 878 726 688 909 606 672 412 486 845 301 936 150 720 924 320 788 983 284 934 781 457 432 135 448 209 59 536 382 468 901 445 825 79 575 807 492 972 173 644 475 713 790 167 527 584 961 358 774 59 192 301 129 183 428 540 91 875 455 811 858 141 742 641 265 470 203 469 759 173 357 972 313 943 280 143 84 561 511 458 198 428 269 824 879 322 536 637 421 91 564 69 136 863
76 988 459 481 203 784 488 888 172 739 95 881 102 386 529 488 743 407 521 49 939 749 366 174 998 618 466 623 780 365 717 808 487 129 375 119 767 300 132 788 410 799 678 590 29 367 709 965 162 658 471 884 934 846 583 786 620 304 848 764 949 787 742 235 727 712 41 505 767 935 314 344 800 817 378 263 215 464 946 977 330 447 241 309 258 867 367 754 933 149 863 837 423 622 943 917 126 749 46 421
197 466 815 348 547 717 296 695 605 356 813 956 640 715 781 942 250 434 627 309 649 346 521 853 72 251 707 444 987 116 514 328 396 111 776 670 294 597 28 655 92 342 959 546 396 323 994 570 858 131 250 538 199 186 231 21 400 711 950 320 631 835 766 361 170 829 390 387 956 524 845 608 498 316 382 117 441 740 659 351 98 222 244 414 452 573 63 417 112 510 802 474 716 781 744 854 228 660 340 879
733 111 990 459 213 763 697 159 64 241 866 966 401 532 340 229 102 684 503 834 160 128 86 350 438 532 90 120 783 625 17 581 444 569 161 871 199 209 183 362 966 271 989 417 491 954 398 425 139 998 577 468 1 186 663 177 779 757 371 963 367 936 568 356 48 258 279 596 527 291 272 198 925 874 903 959 726 856 845 790 549 269 64 944 72 617 757 28 729 699 878 513 692 331 756 10 781 666 72 775
699 241 105 876 575 600 421 571 848 769 212 848 335 71 458 251 51 865 585 205 777 171 443 928 258 744 615 81 978 81 627 245 708 424 724 270 275 264 473 791 509 644 963 219 606 587 817 220 845 754 963 333 829 541 71 665 567 27 752 967 171 195 783 802 469 97 293 684 19 550 669 868 831 297 102 611 634 946 124 680 860 700 247 683 396 846 188 726 926 7 772 249 5 545 543 598 205 237 101 135
427 785 697 526 937 424 65 619 361 570 254 587 338 252 901 278 795 325 880 439 889 756 339 795 377 515 44 897 863 524 392 795 260 612 624 185 588 826 347 315 480 52 727 395 987 123 594 827 854 221 552 194 79 130 309 347 327 964 957 667 204 135 831 898 458 231 983 318 410 935 866 102 461 101 113 129 576 197 109 452 425 997 544 280 781 781 360 946 606 681 111 190 109 464 354 483 889 382 971 123
536 1000 186 138 324 9 658 552 305 36 561 150 795 184 520 882 614 684 758 549 353 736 556 763 758 191 193 202 514 762 149 136 334 855 539 934 737 469 185 896 57 147 824 379 543 570 467 130 629 265 271 659 493 764 392 271 804 742 926 664 803 865 654 379 85 919 231 863 786 974 938 70 866 303 297 915 974 823 497 187 132 876 11 978 785 732 159 533 529 190 851 1 895 404 751 224 727 995 639 646
776 193 789 492 141 56 87 238 653 181 19 624 411 254 118 429 400 739 739 443 61 112 302 549 741 197 815 433 43 763 330 660 925 553 525 513 977 973 627 809 716 560 849 213 956 401 579 997 161 423 914 582 469 563 906 125 595 686 261 554 550 786 22 729 247 852 812 746 153 480 777 343 282 280 531 816 227 386 115 528 473 195 350 137 574 251 142 299 470 266 628 337 560 570 714 416 981 340 315 113
234 959 658 123 663 540 503 897 353 517 394 609 569 290 939 648 984 957 143 230 319 32 844 853 74 507 358 906 606 894 166 559 907 760 31 674 713 257 961 247 338 590 547 35 720 951 472 978 608 495 920 499 491 716 905 519 122 965 951 520 246 859 833 290 743 407 134 595 131 466 59 711 258 850 446 397 369 654 178 748 764 420 332 509 887 28 436 694 800 534 298 276 577 954 9 618 591 822 635 749
614 298 935 484 777 65 716 1000 868 529 803 115 463 117 449 21 487 644 864 512 305 79 92 892 903 743 508 405 200 927 92 513 868 186 751 783 104 41 954 315 83 228 712 507 762 470 346 257 848 788 473 112 514 293 629 124 977 470 713 4 268 836 524 925 490 834 634 74 96 587 943 143 373 348 344 980 19 809 948 678 496 670 292 512 323 753 369 219 420 348 575 785 277 386 995 922 160 717 83 31
401 484 38 792 643 334 258 211 181 606 481 422 217 661 675 170 882 204 379 919 90 447 251 944 916 588 480 905 731 543 309 631 658 201 373 740 141 732 378 445 799 896 715 684 106 754 606 560 534 794 74 963 10 863 247 375 688 462 147 797 189 922 39 111 256 925 79 880 339 710 930 98 717 568 129 948 301 726 622 949 29 392 816 177 301 809 169 379 417 882 717 30 609 26 323 893 821 911 485 837
629 531 651 926 92 847 698 919 272 576 825 440 656 657 658 64 361 402 327 667 29 768 42 798 336 867 425 17 538 667 609 402 525 438 920 818 788 262 427 236 694 59 956 689 453 966 427 783 889 524 874 8 944 500 94 163 598 662 357 684 949 407 7 893 828 481 730 466 662 314 434 528 199 957 774 811 742 998 247 304 96 530 891 246 696 188 523 143 363 575 641 769 394 625 511 513 900 373 667 592
329 120 788 18 591 119 110 111 787 96 661 76 511 962 268 292 476 172 484 887 145 247 204 522 996 551 519 540 512 390 481 485 689 750 572 565 796 763 62 173 229 334 534 825 734 277 913 620 407 742 451 756 347 826 591 481 762 106 643 806 783 722 355 777 447 685 956 114 740 297 210 694 747 943 186 311 669 289 41 268 587 973 536 347 679 818 44 531 6 831 550 627 931 653 651 816 164 164 451 149
458 696 298 109 540 897 33 320 36 139 781 509 891 436 291 165 935 4 698 575 919 260 770 98 236 855 188 191 249 316 843 162 652 478 450 635 258 515 296 784 662 477 359 124 585 941 754 258 40 310 179 152 178 295 864 342 98 643 706 323 500 706 217 224 998 65 257 66 506 793 286 635 812 684 314 198 490 458 951 0 990 252 375 86 85 447 636 588 660 498 621 317 514 590 137 873 195 628 592 721
437 991 520 517 555 248 218 590 739 604 248 644 729 485 141 81 939 86 92 836 912 381 691 189 913 773 614 164 195 805 855 8 320 888 261 54 412 289 381 392 198 735 251 609 284 974 855 859 450 113 467 148 849 657 378 672 909 858 875 714 962 984 640 144 1 458 157 433 747 413 183 365 307 836 852 907 449 489 683 683 452 649 407 604 61 733 858 244 524 45 481 352 910 892 399 628 239 364 967 249
120 136 335 234 631 979 404 418 716 828 70 451 913 292 776 653 484 382 498 423 466 587 91 627 805 793 2 528 128 375 112 168 490 785 782 662 237 19 759 356 84 905 131 408 726 110 276 726 741 686 361 466 173 952 514 65 317 694 294 308 765 52 590 477 92 666 442 622 21 187 276 627 894 579 36 239 210 787 22 120 25 183 347 259 465 939 309 34 96 312 127 229 819 810 365 605 617 626 813 710
925 776 891 601 85 675 536 916 565 189 160 280 590 631 626 39 51 699 428 297 911 310 884 591 71 605 771 493 667 22 536 41 818 243 454 495 109 511 752 568 121 819 519 900 620 512 68 11 474 995 352 887 22 530 680 582 299 855 197 219 745 560 966 1000 997 645 492 698 678 689 436 995 398 183 928 764 492 638 449 537 223 203 619 513 781 207 637 801 939 125 616 989 32 430 87 289 150 585 577 868
79 800 829 440 290 900 343 305 492 802 442 954 992 558 481 914 960 896 79 521 556 831 542 699 859 309 238 261 265 392 33 888 394 331 664 122 906 820 753 992 380 382 120 165 232 379 747 401 927 692 809 319 680 886 63 460 801 101 250 56 369 206 305 819 981 709 960 79 178 967 957 691 189 661 970 987 37 364 251 800 853 805 23 720 294 851 3 52 239 806 698 503 176 858 975 654 722 746 429 340
472 336 817 144 427 819 563 848 941 719 588 391 287 136 372 637 950 322 278 867 66 886 579 221 379 66 703 810 106 385 734 719 193 442 138 799 429 552 468 795 428 508 0 298 705 949 93 269 99 400 539 967 653 444 413 10 426 303 190 998 730 40 153 156 811 168 797 107 756 915 841 19 624 279 547 209 883 97 905 339 550 453 632 571 639 749 187 82 25 369 595 635 328 958 495 347 207 247 34 274
18 831 577 93 368 844 463 262 652 70 327 718 519 237 42 817 150 234 791 579 281 40 901 409 450 329 53 383 59 525 851 427 701 409 222 361 364 404 992 344 376 797 574 459 271 203 515 589 470 511 786 234 386 52 521 930 876 650 401 244 843 265 354 103 207 234 925 775 64 791 30 777 380 408 301 140 911 78 768 903 446 622 347 712 971 185 688 660 1 963 939 58 30 714 544 669 151 358 679 227
210 658 469 652 424 919 498 687 113 278 289 169 381 124 442 528 78 861 990 562 808 177 786 118 952 563 434 569 551 196 737 399 186 819 436 361 321 633 258 423 492 662 140 792 948 30 139 775 138 122 654 847 993 528 490 654 678 892 53 970 763 300 389 696 392 779 294 256 93 188 649 227 980 975 878 921 487 780 35 53 760 245 692 785 528 114 167 126 276 998 655 17 213 337 342 177 265 970 723 466
58 838 70 283 74 502 723 729 560 867 556 339 745 706 314 222 106 707 359 492 562 957 939 855 199 637 231 80 885 581 466 372 26 444 195 972 362 497 943 2 485 558 378 551 992 810 23 166 851 198 846 514 338 924 476 496 746 699 751 533 19 238 578 171 642 105 35 179 223 564 826 816 589 959 71 752 916 81 236 631 200 666 725 727 226 250 185 322 965 31 3 516 400 1000 524 947 745 233 762 403
253 170 720 612 121 827 91 436 513 899 566 220 728 563 533 926 494 176 391 348 388 100 377 960 934 352 466 218 845 574 214 218 659 98 492 908 517 838 617 990 742 929 637 686 21 709 821 304 494 41 568 549 944 872 852 507 457 941 431 976 524 890 597 476 375 2 798 574 887 313 543 379 593 400 462 465 590 232 933 80 288 6 853 690 641 674 878 198 273 785 67 996 379 504 38 49 711 770 273 600
30 258 283 815 378 703 294 723 377 461 567 578 198 884 555 599 772 228 870 759 292 399 967 699 390 919 830 34 226 8 212 603 235 265 284 648 837 91 443 670 647 466 976 176 762 27 659 444 849 911 717 507 157 729 638 658 791 252 951 518 465 13 528 666 631 930 741 528 34 681 758 817 566 768 967 42 962 544 971 835 857 17 455 672 726 25 153 18 644 510 841 570 472 893 867 564 650 330 872 259
538 734 850 576 515 102 668 908 141 527 691 17 594 466 486 110 408 342 176 678 786 501 951 634 558 862 615 303 847 108 320 610 495 498 798 490 867 675 159 782 450 739 797 847 379 626 473 360 701 958 966 47 399 782 32 666 861 570 553 732 890 871 158 573 404 316 602 265 121 418 307 513 600 77 379 838 342 143 111 32 1000 326 422 391 607 401 972 652 375 370 948 277 792 486 890 32 192 409 852 603
422 354 610 130 887 480 878 947 179 391 387 292 305 138 407 909 193 321 466 965 816 676 216 470 699 739 392 211 176 631 544 697 765 912 840 678 521 440 909 964 929 839 815 26 124 798 35 600 278 171 621 24 876 317 227 172 871 251 332 90 765 89 255 315 349 485 158 277 428 99 108 187 992 873 706 287 202 902 934 277 73 383 780 270 734 17 34 872 877 357 95 414 129 549 586 120 458 795 837 484
844 154 262 177 276 159 613 852 991 504 584 780 464 72 133 94 280 219 475 633 895 158 280 298 183 957 750 112 785 311 975 293 188 33 113 269 176 711 993 317 927 949 155 65 496 4 475 248 147 376 695 97 685 460 262 334 388 291 248 794 58 858 488 411 832 379 536 834 968 844 830 931 987 491 555 720 990 619 973 563 845 909 938 805 790 943 731 893 313 435 489 9 816 438 304 5 143 497 522 790
650 984 316 923 651 834 390 836 676 99 646 839 792 807 384 722 593 422 706 466 53 327 887 724 964 180 76 220 245 439 226 178 614 678 852 294 900 16 314 970 968 459 58 668 96 29 930 499 448 22 509 400 793 509 50 177 232 956 926 333 605 479 880 357 306 85 634 490 31 147 445 603 913 458 585 612 542 933 609 263 912 196 715 73 110 826 598 587 9 701 711 23 945 762 936 579 62 939 329 83
153 222 344 515 561 195 406 426 733 858 87 102 887 1 124 500 997 972 945 244 858 895 588 837 194 382 412 214 105 224 381 627 732 640 448 848 233 107 485 167 956 853 964 194 996 714 864 326 751 698 137 326 570 644 630 263 152 292 656 827 627 842 4 244 125 726 104 685 405 977 338 371 302 487 168 696 57 433 21 403 685 742 103 970 107 569 66 491 798 855 16 771 952 649 496 830 436 785 83 505
723 529 819 453 253 523 418 723 433 347 904 134 564 910 374 819 998 944 156 872 512 893 116 26 34 571 716 661 355 803 381 279 541 473 383 480 241 33 109 787 939 360 164 184 921 985 923 798 266 23 731 115 925 576 712 748 178 488 214 252 682 856 283 788 351 496 300 353 675 511 995 843 464 159 706 31 568 575 112 322 371 807 896 790 383 584 94 180 347 987 364 458 914 980 497 544 771 863 258 589
273 654 294 547 569 912 329 715 658 463 548 919 426 196 237 25 396 241 125 812 782 983 11 987 228 415 472 321 338 725 352 854 391 90 157 460 652 549 194 302 40 369 350 769 583 222 319 580 524 989 648 577 867 3 786 58 964 257 926 482 677 675 94 962 478 83 529 72 140 838 964 798 966 529 141 792 777 340 226 130 119 426 216 279 286 184 317 97 366 495 196 110 648 606 537 421 433 556 965 433
340 241 186 85 355 142 778 794 743 509 547 586 846 959 268 15 445 141 841 42 903 720 830 246 786 567 743 551 714 53 9 905 907 732 484 617 922 901 84 845 343 286 272 435 846 836 191 552 546 941 4 740 704 661 247 948 493 898 479 547 494 884 228 190 738 742 462 203 595 619 682 202 646 54 957 323 112 55 23 597 315 353 348 640 421 181 927 180 611 95 919 585 590 849 275 984 183 535 281 746
963 68 529 59 140 244 785 64 778 639 281 22 540 729 415 139 768 948 133 631 47 140 850 891 482 491 232 243 470 874 66 718 296 143 676 992 119 744 49 357 493 185 183 902 923 621 527 279 793 616 456 580 96 787 955 807 367 683 402 260 535 784 554 679 2 600 340 557 580 363 486 665 200 413 474 643 894 408 848 74 565 496 226 653 434 833 941 948 883 896 635 670 315 217 738 824 527 962 641 507
366 870 1 176 183 113 739 226 828 915 158 142 901 895 686 694 410 859 565 274 325 568 412 199 582 488 384 160 918 210 608 260 555 753 779 570 446 954 775 717 320 387 425 321 295 499 954 985 153 472 55 726 18 730 875 947 410 114 971 525 113 512 434 622 253 294 690 713 945 631 979 469 278 632 569 505 100 113 586 755 475 687 615 333 107 831 533 918 138 126 142 352 624 234 922 918 626 985 662 522
931 123 891 715 653 709 395 595 527 336 70 796 964 304 636 732 21 246 485 912 516 910 46 462 178 586 239 144 441 292 250 749 526 1 320 91 819 566 261 153 899 15 367 755 59 823 13 126 619 487 509 539 410 874 898 703 744 893 513 518 219 634 376 369 49 330 468 782 458 923 443 606 381 537 323 173 376 447 557 793 928 440 306 752 594 704 267 131 407 758 873 864 706 73 925 797 545 526 629 992
92 255 670 356 930 926 646 784 594 590 19 74 177 15 789 774 655 255 283 866 158 734 347 555 662 439 469 613 149 298 201 879 873 769 199 946 646 716 148 82 382 959 469 606 521 523 671 823 884 303 356 113 84 149 681 695 466 595 430 63 306 542 894 944 856 769 306 929 33 388 56 171 705 254 297 881 206 760 873 361 283 902 926 711 596 442 135 586 359 839 560 488 947 764 497 233 699 438 651 267
726 188 356 662 619 51 790 254 738 338 932 998 773 859 416 903 505 471 424 482 543 804 324 569 361 286 872 638 855 396 668 400 355 637 862 776 879 655 192 470 625 885 665 495 218 178 768 536 198 916 425 490 479 146 784 755 927 167 876 722 377 166 945 210 653 577 497 782 367 496 442 634 794 991 942 93 682 768 863 850 757 241 119 930 316 529 185 639 182 72 816 886 453 58 475 686 775 137 150 429
441 473 376 464 842 906 7 798 661 780 887 388 990 540 776 115 200 248 651 774 20 207 82 195 310 506 208 483 950 25 385 833 648 988 333 479 946 39 808 103 848 805 952 96 876 704 625 574 362 926 124 588 470 542 150 520 726 657 592 550 411 13 856 551 422 169 496 685 23 623 396 162 793 453 357 178 939 738 362 762 690 1000 816 222 614 450 539 319 415 463 978 929 678 940 721 438 552 640 999 16
924 231 256 758 226 320 550 373 345 571 377 354 54 933 435 251 173 162 813 133 271 815 618 554 432 290 635 540 550 997 559 701 396 218 323 895 320 271 564 750 442 233 414 550 970 625 254 500 278 82 6 377 603 539 412 347 270 116 940 473 46 975 790 32 822 906 963 152 866 77 90 640 663 891 690 160 749 806 159 732 105 643 793 167 127 593 689 964 569 488 119 467 243 74 438 860 181 560 369 201
999 402 262 989 638 601 7 78 594 229 483 664 866 417 833 7 868 373 926 251 49 302 540 454 621 314 303 235 511 836 191 470 456 267 288 872 979 258 933 293 433 374 864 768 457 939 907 228 239 327 192 784 241 495 794 513 674 592 670 888 958 178 665 664 603 484 38 996 277 51 999 885 202 425 342 364 464 180 990 236 8 891 335 234 854 213 570 144 866 180 649 109 436 512 409 690 438 23 102 466
708 308 220 462 783 462 416 567 396 64 882 272 536 816 283 53 34 25 790 284 677 746 515 476 161 549 911 463 10 201 376 651 574 379 391 271 161 151 994 738 204 621 743 125 652 851 955 500 410 566 12 531 109 977 948 895 982 207 392 434 754 914 158 821 669 757 982 737 175 539 627 880 207 738 144 770 767 595 334 961 82 871 77 342 388 1 789 755 704 595 330 751 30 403 145 349 848 463 383 984
690 246 907 164 718 93 668 215 792 925 177 653 200 763 761 199 139 265 702 755 543 694 444 654 107 777 497 674 892 544 968 770 360 112 248 663 62 132 196 812 319 711 451 944 154 156 193 473 677 264 166 886 73 50 156 928 417 891 347 273 220 633 415 796 875 388 608 590 948 324 606 117 881 926 980 567 798 437 646 943 809 774 413 695 386 279 188 860 243 840 960 257 116 551 841 316 514 360 867 499
732 394 383 545 609 959 603 68 747 177 880 263 645 448 403 939 342 136 351 316 717 448 704 993 99 877 664 117 825 152 71 552 514 94 102 54 220 476 916 445 201 263 952 693 263 330 419 441 560 636 692 98 669 769 188 200 919 822 536 616 637 987 65 985 976 173 772 650 151 186 823 10 980 89 948 817 60 501 686 336 334 283 686 258 103 222 414 918 407 683 769 84 603 775 149 757 748 766 92 894
48 30 262 856 86 829 859 342 900 540 303 902 995 694 225 469 6 820 888 542 769 375 53 128 206 238 373 375 435 498 103 724 444 29 35 849 995 310 256 399 16 422 866 387 211 809 748 834 580 173 285 80 807 716 107 984 195 807 213 812 195 256 118 954 331 10 964 965 126 296 783 170 417 527 609 553 670 205 470 990 964 226 657 365 372 608 28 284 484 315 657 528 149 493 238 295 42 4 630 896
953 341 784 965 272 585 101 197 282 897 233 294 643 777 272 43 497 260 0 335 19 958 519 178 794 778 597 43 867 481 483 223 684 636 673 551 773 832 546 207 321 778 112 613 859 262 517 72 389 17 296 857 334 456 2 622 322 432 217 235 161 186 44 841 289 384 268 468 389 800 821 886 224 913 120 281 276 126 637 441 367 392 384 306 528 592 869 520 812 203 310 591 860 917 696 30 790 842 300 210
870 699 725 188 183 662 617 467 216 156 184 836 114 893 979 765 743 969 156 58 456 123 245 641 612 585 340 109 192 59 871 861 60 818 75 347 346 82 161 434 166 292 913 361 893 650 784 163 822 688 829 601 58 998 789 599 282 789 190 501 349 685 819 590 815 94 338 744 571 55 3 667 680 11 366 486 590 434 830 891 520 494 402 718 942 653 228 907 437 446 666 584 295 291 368 436 143 665 925 359
794 734 845 358 865 251 234 662 877 85 783 10 771 207 718 311 4 49 922 422 210 45 188 578 7 807 8 943 720 281 294 992 913 932 17 634 44 737 943 270 19 891 267 618 604 65 100 878 452 703 87 950 27 180 117 959 408 139 26 360 74 396 888 978 136 583 492 255 680 143 844 460 214 195 361 871 341 522 999 46 8 600 439 710 638 338 709 914 228 880 630 102 637 300 579 495 82 683 153 271
587 537 798 585 632 528 139 359 744 266 538 410 535 343 350 683 839 139 352 331 44 895 703 154 292 593 494 966 17 839 738 697 476 323 11 590 920 388 705 1000 518 88 774 126 654 191 479 620 289 805 368 207 377 842 998 748 525 961 534 60 37 343 779 560 792 718 581 641 199 482 797 958 329 336 897 422 145 157 860 868 46 455 699 431 104 940 449 275 149 131 681 885 228 963 894 464 969 431 297 598
572 319 189 37 762 25 117 979 198 690 397 22 479 222 942 823 674 506 612 676 498 123 816 175 535 237 203 390 170 748 355 938 314 320 904 705 813 948 402 153 971 317 39 759 299 365 504 116 829 117 577 681 570 660 313 391 900 668 648 853 241 395 543 981 279 151 347 546 498 122 378 136 778 100 778 947 745 929 946 21 31 79 251 16 346 24 791 819 359 164 443 239 691 337 373 239 83 402 476 894
798 60 641 229 506 742 853 579 615 206 571 155 635 17 541 222 871 451 784 526 967 927 759 245 859 564 285 766 60 211 610 534 970 561 1000 577 259 733 541 772 384 790 436 626 598 798 197 911 689 249 889 15 764 678 115 478 910 720 57 2 573 637 743 605 681 792 217 28 963 993 625 790 967 641 560 120 976 102 661 48 421 774 303 668 585 859 109 698 249 714 346 116 613 343 741 681 401 854 163 329
51 962 905 292 632 322 475 790 472 992 728 535 219 611 17 969 59 531 198 53 808 492 827 155 320 428 267 138 249 686 667 658 416 948 798 685 47 467 819 231 947 361 784 712 866 51 578 197 389 49 859 949 709 821 723 794 537 945 952 246 311 846 440 932 142 303 395 97 318 795 265 529 476 108 841 313 345 295 833 42 323 835 454 88 385 521 122 15 927 338 718 295 917 553 927 729 803 309 326 889
940 983 287 798 377 177 664 337 275 995 561 333 556 412 251 418 830 19 526 165 968 249 584 926 202 361 587 604 207 865 595 557 696 985 26 924 412 902 577 921 314 131 732 452 929 949 886 968 180 462 334 169 614 156 982 386 487 644 490 281 780 46 445 281 712 724 734 557 179 778 977 77 509 198 128 152 249 751 605 57 749 457 253 452 851 722 75 152 602 209 756 49 251 339 451 814 482 217 589 122
171 3 944 58 896 67 702 711 538 960 465 161 800 262 328 159 303 914 838 39 992 896 460 702 798 409 799 636 672 834 841 699 611 121 711 562 51 440 64 855 93 131 301 311 260 471 579 929 345 828 277 427 14 38 59 793 752 630 676 572 983 602 577 576 33 192 581 129 708 49 198 519 332 259 526 907 886 346 784 295 738 25 967 812 694 603 567 702 535 18 208 824 670 278 981 554 201 562 724 114
629 388 661 258 211 697 851 271 186 317 795 393 468 908 921 552 494 459 355 913 319 814 575 361 913 668 371 912 284 586 463 330 576 225 184 756 349 423 556 322 364 69 764 326 17 108 165 293 955 960 631 214 349 753 955 947 259 712 784 985 907 246 705 826 589 195 698 638 39 498 191 922 797 522 483 542 937 617 69 822 546 173 340 232 372 613 151 908 782 387 248 918 979 644 441 825 838 163 437 342
24 156 291 962 872 764 217 280 650 63 687 350 398 747 966 145 398 53 116 996 727 939 414 411 56 158 574 996 391 292 298 534 684 684 481 997 47 373 794 891 902 1000 119 459 250 808 46 136 995 937 350 992 686 154 296 184 653 89 430 625 649 18 85 551 140 395 273 532 999 494 983 294 692 356 406 325 238 149 958 63 551 723 121 468 934 767 283 143 712 547 151 652 21 150 616 333 659 738 969 161
979 887 103 856 876 914 108 214 422 356 615 674 790 300 869 236 525 347 383 99 102 538 880 75 155 162 452 692 917 363 263 820 323 357 322 936 540 305 818 756 221 237 798 141 82 93 382 192 876 918 481 521 852 890 736 806 197 578 40 890 516 877 849 408 944 377 605 873 858 265 283 500 734 960 3 139 753 11 757 21 571 840 295 587 491 526 915 26 953 821 288 90 77 853 590 320 339 772 212 629
123 3 150 218 158 832 994 181 667 358 72 120 207 463 581 673 498 514 916 827 823 124 160 56 894 866 601 316 882 0 895 692 950 492 596 693 744 409 781 737 230 560 952 150 294 587 971 299 596 866 873 167 625 387 697 326 999 740 799 984 350 728 932 93 830 563 92 783 858 931 277 934 996 79 4 36 355 135 427 377 250 688 631 580 914 459 87 77 232 314 416 527 761 594 779 24 748 610 458 364
883 597 782 260 124 551 469 493 579 310 848 584 51 181 870 832 287 309 479 319 597 931 129 852 34 516 862 348 907 626 145 207 159 307 762 541 884 334 604 269 169 144 920 264 549 270 332 433 523 108 846 14 864 743 459 89 19 359 112 938 273 241 906 702 835 431 188 87 477 416 173 28 628 609 610 28 330 963 622 870 43 264 751 490 592 900 403 590 771 957 992 215 528 653 747 437 627 511 233 30
148 891 46 401 559 1 510 239 374 609 276 394 813 958 291 882 164 471 229 523 975 895 730 895 611 366 611 650 269 627 26 113 176 109 460 356 960 377 910 418 933 467 779 876 906 724 656 806 130 412 886 273 189 944 237 842 876 926 174 848 28 343 85 303 469 526 55 433 534 525 992 606 297 963 634 222 495 195 834 353 996 890 416 229 217 196 548 816 710 550 780 895 302 50 745 744 141 57 290 263
783 55 721 578 779 427 93 904 121 743 38 808 663 446 514 326 434 764 173 763 268 65 224 687 44 299 221 507 653 471 74 288 168 507 41 323 121 85 135 398 202 605 836 71 511 775 136 701 629 606 510 205 520 716 621 611 401 56 917 764 729 658 250 535 521 275 378 253 535 603 442 122 456 840 780 385 76 8 893 916 571 624 712 809 422 439 10 431 145 795 515 743 106 511 11 334 197 998 147 435
697 636 351 969 820 622 285 39 403 564 137 806 389 520 903 841 0 864 492 752 209 43 850 178 422 56 26 95 88 86 27 204 821 999 337 229 312 578 234 270 912 248 10 431 425 810 830 139 272 252 652 382 456 762 57 829 62 766 289 158 904 243 936 125 38 86 212 165 902 969 515 196 167 513 663 695 664 602 566 240 497 12 922 482 567 130 811 539 287 52 979 766 269 392 934 107 373 113 899 657
317 709 160 131 286 827 766 237 998 78 175 419 541 530 590 841 27 482 756 775 736 26 12 298 959 769 340 279 413 628 185 569 651 503 724 936 729 192 86 9 357 930 219 616 583 454 704 380 278 409 642 55 723 550 585 199 707 977 791 603 938 511 518 495 889 702 275 473 73 76 665 80 743 913 101 489 564 265 678 909 801 707 825 932 370 758 86 298 549 355 918 260 541 401 153 850 960 50 77 475
940 694 45 865 115 406 868 78 257 675 56 168 211 367 915 382 929 503 449 322 317 388 309 709 766 431 419 212 213 654 896 476 263 397 834 971 929 379 849 701 97 382 172 773 128 426 815 429 504 178 699 677 428 3 609 939 231 820 777 416 255 580 804 407 888 82 141 457 711 683 307 930 937 804 290 814 733 184 752 684 304 887 608 568 606 332 279 112 236 784 441 255 474 480 735 721 786 149 595 801
597 631 579 930 906 903 897 658 971 352 18 7 553 92 429 872 363 378 572 711 155 961 765 967 147 258 861 189 869 697 712 722 740 467 956 191 234 641 523 502 432 803 931 803 190 264 716 27 18 93 99 120 363 229 415 357 670 151 373 989 506 768 950 698 944 450 960 662 155 115 57 329 791 468 831 228 456 747 710 474 957 630 255 37 518 312 865 646 407 170 613 666 286 500 108 482 405 827 588 868
241 781 491 973 266 44 74 902 766 222 180 167 130 618 671 42 479 786 215 934 426 963 441 166 324 966 159 834 167 649 271 352 310 212 674 875 263 562 995 280 678 807 888 537 559 139 965 281 727 514 530 202 884 200 521 548 258 624 312 916 287 849 985 13 101 1 452 163 828 407 941 705 634 82 851 860 733 809 237 842 440 673 974 364 863 850 48 234 238 797 32 73 601 797 656 817 496 494 622 933
703 651 208 331 777 827 880 555 694 28 631 713 633 944 749 100 679 833 796 687 499 726 450 309 336 657 74 112 148 633 392 514 217 642 334 324 548 497 895 887 730 980 484 341 117 405 792 481 747 360 639 922 511 828 897 729 563 963 676 293 397 949 171 68 952 346 347 903 278 773 581 217 921 343 155 412 144 212 673 136 200 322 726 762 742 956 302 974 153 997 346 982 293 372 600 817 309 75 783 949
113 949 572 417 257 82 118 176 631 177 286 730 911 740 760 366 375 651 409 965 450 667 963 815 525 422 979 828 684 490 786 327 350 918 255 430 553 551 876 337 798 785 159 846 121 378 955 60 455 475 620 401 525 449 171 937 359 302 702 539 973 492 494 852 94 861 790 573 297 815 337 930 980 417 150 658 487 653 130 438 19 121 80 369 327 87 882 902 307 858 611 810 860 238 272 266 561 146 781 484
221 557 291 683 123 543 471 17 141 124 414 650 923 479 901 120 620 530 458 689 828 468 78 783 811 779 348 249 356 714 294 842 677 892 234 228 86 404 106 40 910 416 478 488 381 880 53 36 403 792 357 350 140 485 429 116 827 598 188 780 283 858 232 12 905 433 307 957 934 931 925 255 906 742 686 729 755 94 244 384 673 410 978 51 603 606 732 795 808 742 776 839 699 112 119 655 269 725 259 890
602 166 32 104 67 830 825 64 235 878 937 498 740 241 477 74 552 748 437 966 306 175 423 625 910 340 108 639 826 253 673 952 521 704 836 436 713 458 894 336 1 420 731 705 245 356 226 260 670 688 804 331 890 781 360 479 796 504 231 294 310 219 215 215 575 654 854 593 175 900 256 778 881 362 708 694 746 950 432 754 996 728 802 6 139 35 453 197 996 868 17 418 247 238 30 61 490 50 584 841
308 744 929 137 745 323 726 701 416 100 105 974 947 879 726 434 163 109 562 372 33 694 969 147 464 388 645 824 577 220 251 848 756 515 892 558 242 24 852 660 855 728 588 634 266 414 529 824 531 432 383 427 46 800 773 6 414 959 583 236 206 427 903 885 186 238 428 665 114 814 284 573 132 754 465 76 782 52 735 686 909 782 928 514 494 316 101 623 997 615 452 383 127 378 723 300 989 686 69 209
848 103 955 410 74 330 595 428 958 273 368 101 774 541 703 528 662 152 340 726 312 738 125 932 584 77 600 175 664 197 391 43 394 140 954 683 402 181 360 936 461 256 476 724 236 778 259 338 267 349 880 403 513 408 986 113 26 135 742 261 71 233 277 955 228 670 607 587 320 316 785 371 667 272 230 913 989 22 746 369 690 995 635 125 284 500 295 536 984 898 864 225 606 12 326 930 555 974 728 865
591 987 261 31 559 838 140 391 787 215 798 297 486 309 864 130 56 584 365 645 467 898 853 496 934 383 340 87 711 948 774 654 991 160 904 337 760 972 470 245 662 320 44 170 668 924 236 46 700 58 389 874 279 723 288 910 456 139 895 597 34 203 127 149 269 960 581 340 391 85 114 183 980 460 265 663 621 346 395 376 543 474 329 832 234 347 682 251 818 964 478 395 977 577 237 33 573 786 582 647
768 316 904 753 445 177 762 980 541 286 694 300 15 178 591 757 624 318 375 507 261 164 247 729 473 764 722 696 961 817 350 140 713 753 514 807 683 876 83 844 329 386 947 116 598 830 578 782 538 987 269 57 42 233 663 905 772 952 562 900 253 564 909 195 59 646 591 948 39 513 231 933 481 843 512 158 911 107 198 527 206 126 616 211 704 148 574 641 603 783 47 522 711 714 207 47 758 706 359 739
208 160 520 717 715 226 570 518 866 591 159 32 95 316 310 236 999 363 893 570 650 717 629 26 61 214 918 947 392 832 262 298 993 557 591 634 273 994 391 410 106 817 359 3 86 406 394 662 218 344 228 526 998 512 490 176 474 909 631 756 28 923 794 345 127 661 135 388 416 508 620 77 37 998 377 863 60 864 321 13 146 824 788 398 4 174 132 680 815 962 716 532 313 25 526 305 600 746 480 85
786 173 536 990 10 433 691 947 504 870 39 408 873 168 837 241 207 270 147 379 697 10 274 739 804 435 278 408 388 73 641 989 968 754 694 316 600 271 516 123 52 634 995 274 561 54 513 632 943 912 991 607 777 266 358 692 600 305 87 183 123 42 681 74 568 446 339 826 196 540 792 12 191 226 531 375 482 7 286 184 645 196 237 880 51 69 781 683 287 683 221 411 902 621 35 535 160 740 788 493
488 349 274 154 963 734 153 580 195 872 451 804 595 457 750 926 802 929 643 236 428 579 823 687 13 129 33 787 912 823 525 743 194 773 28 699 773 524 713 656 31 118 906 469 884 545 945 149 19 806 956 406 349 707 625 873 22 187 184 717 660 908 265 301 766 448 630 647 625 150 552 121 42 914 730 350 915 489 993 731 761 582 68 205 613 344 716 124 292 782 323 363 360 293 364 614 417 684 910 121
341 350 210 530 156 259 964 908 953 402 679 362 513 649 26 392 247 145 522 58 619 537 115 351 892 661 19 108 310 456 952 129 860 37 508 192 729 375 979 806 284 965 447 228 660 456 648 59 575 922 412 761 674 237 468 541 501 627 849 459 648 252 739 258 324 529 405 754 120 898 924 844 170 158 107 305 48 563 506 580 328 556 861 135 1 427 347 935 100 834 448 200 230 222 634 421 396 894 421 16
623 153 290 231 281 403 113 225 240 36 671 681 855 396 814 935 253 597 160 967 228 378 468 147 586 473 133 908 270 50 999 1 945 423 313 39 726 629 885 588 983 345 418 296 134 116 966 37 198 955 927 606 730 74 683 988 820 549 733 895 939 375 289 46 228 975 829 964 336 467 164 343 789 776 30 196 344 278 260 99 376 673 413 761 640 591 225 776 402 458 942 781 379 143 712 127 195 746 638 224
569 829 335 846 405 353 573 752 572 374 417 360 539 148 629 341 872 337 792 998 660 722 18 347 318 678 311 485 71 550 908 920 812 702 496 90 397 548 554 317 927 433 366 223 360 269 371 49 772 84 966 507 427 157 146 920 282 472 933 815 602 554 724 930 185 820 378 715 88 308 122 679 80 325 176 961 657 144 588 741 564 416 981 625 261 150 203 106 982 874 903 197 816 853 143 273 892 395 460 830
391 588 171 799 276 96 226 836 961 343 265 21 128 239 470 208 304 297 394 927 603 612 592 699 725 839 292 858 733 928 846 169 782 152 956 628 168 507 459 380 731 863 579 844 345 571 208 110 381 78 242 632 975 243 506 475 871 425 666 79 798 414 683 400 50 149 562 346 321 268 842 913 259 349 343 394 735 600 358 708 433 114 388 334 394 548 459 685 149 784 772 624 697 474 732 321 374 531 147 654
928 890 977 853 934 831 551 314 740 332 426 61 440 135 406 414 271 18 526 744 254 967 825 150 630 317 568 889 605 524 462 580 135 515 847 368 363 853 882 776 674 663 883 999 841 267 297 734 652 510 897 429 213 328 751 824 456 234 806 433 594 595 926 636 635 206 497 225 895 287 76 247 152 988 38 446 445 982 478 164 206 667 35 389 856 291 866 449 647 438 196 960 515 422 226 920 647 775 704 196
519 755 948 142 408 360 303 665 622 622 612 903 334 941 264 68 774 679 741 875 517 393 99 670 344 632 552 351 436 441 230 612 379 619 121 140 794 340 419 996 274 195 122 313 93 197 227 133 300 905 907 249 456 71 927 428 610 512 214 200 335 992 718 685 414 269 309 593 520 790 200 258 675 710 114 719 280 477 86 432 71 259 900 79 760 201 215 253 155 477 508 488 529 645 995 85 315 532 355 173
5 942 213 234 973 630 942 364 867 121 839 711 625 505 483 961 850 568 798 823 180 113 900 153 8 425 461 172 465 433 842 827 802 607 615 576 364 217 519 524 770 41 879 932 152 42 811 195 952 149 801 62 813 781 328 570 845 845 876 988 800 603 500 591 567 2 389 995 176 464 355 336 344 844 351 266 980 783 596 497 474 401 47 234 841 240 222 727 416 472 279 527 934 779 238 921 479 805 442 174
662 257 785 970 720 526 985 443 231 848 759 848 653 176 544 802 451 125 396 791 544 575 372 406 988 656 286 253 146 990 740 361 478 404 252 248 477 72 879 900 521 727 212 276 211 345 357 658 783 523 426 990 107 213 566 587 626 260 890 576 762 220 556 972 22 92 111 82 101 395 298 81 892 812 262 921 516 468 89 41 390 663 782 306 579 653 543 944 378 329 897 276 190 368 869 629 686 630 575 741
696 663 183 652 560 165 713 624 713 944 447 21 889 708 896 293 811 3 758 108 382 512 23 739 358 821 339 72 43 432 949 381 643 741 835 627 899 866 702 793 738 822 389 418 465 972 842 644 650 708 584 353 113 802 316 177 160 286 202 620 627 617 805 799 245 106 147 972 276 488 93 296 856 891 888 936 736 977 74 876 736 51 531 171 851 701 659 979 405 597 534 563 416 37 662 386 925 390 815 457
107 362 842 169 76 130 790 233 408 20 453 465 188 162 353 652 429 196 386 15 573 250 156 294 478 282 35 681 583 810 927 611 370 36 382 302 482 529 66 542 657 618 428 444 647 257 847 599 98 211 6 25 716 104 768 311 99 122 733 58 240 495 514 485 713 537 113 495 463 588 73 383 366 548 214 260 351 102 374 827 19 830 676 835 550 356 228 142 747 953 240 280 42 269 84 25 867 955 684 154
580 40 599 351 952 800 282 499 247 991 500 412 505 397 146 158 608 912 60 746 853 448 914 779 626 477 542 715 27 631 92 725 695 93 5 375 265 636 28 418 228 285 774 782 161 216 437 532 615 740 648 764 879 317 644 632 25 180 169 136 481 27 248 345 99 997 256 943 753 383 460 786 779 7 623 726 944 473 107 825 221 635 410 210 499 243 29 274 67 124 871 848 383 175 355 251 743 914 561 11
597 935 202 428 757 457 510 265 46 554 928 979 44 976 634 316 589 508 473 62 833 953 484 189 953 817 99 204 461 919 349 856 187 326 483 875 389 807 287 160 135 305 521 236 36 447 481 664 185 974 884 316 633 600 482 349 50 606 426 96 906 88 63 417 968 589 905 481 221 274 755 708 381 180 272 1 199 832 394 771 438 313 932 698 595 912 202 188 978 17 555 690 914 179 665 689 830 360 927 660
491 892 334 215 969 843 751 636 785 384 464 655 98 770 65 616 527 745 438 130 721 278 565 216 318 956 872 874 554 445 552 633 913 877 609 91 688 800 941 569 622 632 138 492 860 94 56 510 915 11 448 720 749 456 744 398 49 648 259 856 13 130 624 466 930 914 723 609 449 880 157 56 802 159 377 745 302 56 232 302 10 606 269 37 113 577 62 155 608 720 718 323 619 132 982 787 88 593 573 875
36 286 110 948 148 135 800 732 19 820 130 242 606 328 634 895 291 634 30 798 55 608 422 708 411 975 272 334 963 763 464 640 839 636 397 416 258 924 562 249 441 917 475 373 831 60 143 263 568 340 491 538 941 961 675 535 720 678 621 23 177 725 61 547 29 255 67 250 887 377 187 319 852 653 89 542 698 481 262 460 493 579 967 3 757 987 569 455 986 804 961 941 277 266 194 51 130 226 847 637
40 591 185 560 693 714 670 156 619 35 290 764 134 623 875 601 641 807 957 683 137 938 679 293 923 883 138 900 564 827 705 251 403 304 267 783 778 575 11 455 352 524 450 525 243 404 916 535 819 717 1 965 518 238 998 368 535 186 721 907 765 440 345 697 664 410 318 501 585 20 917 666 46 981 441 573 882 98 841 488 618 442 225 799 942 763 702 537 313 319 602 331 676 347 859 582 53 16 61 619
548 264 82 399 899 896 357 963 945 8 944 917 190 459 543 88 715 682 943 932 527 733 932 650 713 463 552 427 889 278 439 750 905 15 662 214 63 889 952 713 383 943 331 869 266 402 688 217 813 430 683 48 392 489 690 167 39 345 650 212 765 149 8 530 305 889 198 356 585 726 789 118 929 570 947 36 807 751 697 259 951 721 42 778 953 486 818 632 161 454 131 345 12 471 728 960 763 249 469 2
321 651 578 631 965 689 71 872 224 617 816 281 765 501 417 494 7 248 29 979 125 962 783 955 533 374 334 169 529 795 152 378 574 380 994 951 456 47 606 301 877 333 183 805 682 797 314 308 344 989 56 624 614 616 534 79 857 877 766 7 475 568 674 41 885 503 485 628 403 126 145 69 24 91 230 513 257 137 382 391 493 176 807 680 319 455 13 918 959 555 999 892 458 750 996 871 146 742 696 421
397 237 481 994 103 446 898 570 646 883 433 428 798 40 250 656 863 184 816 869 368 385 669 590 148 73 18 760 676 521 999 28 989 449 11 982 717 559 174 36 832 842 278 750 372 129 988 579 661 214 65 485 58 384 293 236 567 172 102 175 944 186 275 937 73 33 904 264 105 821 491 582 38 983 833 381 328 702 268 350 407 250 39 389 65 868 33 515 448 183 732 54 286 230 334 677 970 69 762 47
509 732 207 534 506 410 327 954 546 509 510 648 956 898 385 205 314 498 624 938 722 482 714 653 393 798 68 675 72 919 472 322 129 346 862 757 788 791 13 958 359 771 221 263 845 960 688 658 669 803 850 794 241 863 463 290 626 46 880 70 738 925 384 693 902 267 15 798 324 605 766 708 699 228 354 956 372 111 673 16 967 971 677 65 31 569 317 326 143 766 230 298 30 465 950 533 662 425 692 605
61 814 348 91 456 780 845 844 200 943 920 295 587 929 923 459 569 300 299 176 228 42 84 607 226 791 288 283 403 687 605 854 871 740 797 819 104 26 879 173 335 309 322 626 846 412 848 455 922 677 644 823 793 414 182 630 372 873 685 905 509 547 508 736 911 769 371 502 724 347 238 846 809 214 392 623 280 522 851 546 797 553 502 331 251 134 600 229 989 991 199 915 852 549 583 326 131 507 632 23
62 811 230 816 365 62 526 379 895 402 667 106 887 863 1000 832 530 874 901 251 658 874 14 105 603 465 99 949 158 85 950 266 812 247 246 502 252 225 927 884 881 62 274 110 745 696 954 623 278 240 332 787 483 845 394 278 828 797 216 432 238 313 718 803 149 198 341 444 358 336 445 471 101 541 36 535 331 929 301 769 605 213 351 596 700 778 508 697 894 226 170 786 681 598 796 968 167 972 147 187
610 936 106 368 711 385 457 927 928 92 420 738 780 458 441 15 702 953 383 447 879 652 171 514 921 397 855 56 801 867 515 428 487 885 513 295 776 932 789 839 64 887 7 662 785 842 577 315 623 676 544 968 575 740 760 253 295 777 883 324 321 257 433 99 990 548 722 864 928 456 101 756 516 549 145 605 33 864 887 577 329 232 659 651 933 717 993 168 434 501 534 9 935 531 197 328 259 110 221 231
443 485 825 526 601 501 140 262 375 571 314 39 927 22 796 244 788 712 762 322 399 7 989 960 718 851 321 463 746 654 868 875 526 814 307 459 439 204 436 239 21 162 19 208 518 235 299 6 757 387 600 438 755 181 764 621 114 98 386 410 718 781 547 616 583 805 275 706 960 596 218 411 142 235 822 311 781 180 855 78 998 56 369 324 417 905 83 617 998 963 188 914 776 857 565 827 418 552 604 3
583 690 889 876 971 58 548 975 6 283 246 320 166 278 92 224 616 738 439 903 780 41 190 325 921 664 441 746 663 624 792 925 969 573 583 276 504 180 41 267 565 524 55 896 874 576 746 746 102 71 775 547 662 841 474 857 564 897 844 541 12 221 571 362 353 265 896 787 540 626 742 877 19 341 756 130 511 284 100 596 574 961 271 764 720 414 977 201 76 40 938 748 805 81 491 810 332 708 410 149
323 242 57 750 806 778 91 694 611 744 735 278 605 796 511 534 393 307 682 521 940 212 580 729 698 178 874 183 198 350 38 537 804 802 519 102 166 238 813 958 814 801 603 636 798 76 739 795 130 352 755 583 864 362 62 9 118 537 264 486 984 834 148 340 922 112 987 349 771 931 581 43 939 679 869 765 813 827 446 972 64 452 686 668 609 45 307 748 693 518 641 526 127 104 448 413 339 599 95 34
547 775 577 645 33 681 231 742 21 560 939 143 252 370 866 452 141 115 924 872 101 97 776 190 929 930 846 456 945 181 31 0 875 694 374 169 682 969 658 802 666 373 410 780 856 832 108 688 495 700 670 436 575 153 625 143 170 375 953 401 685 434 82 997 344 910 93 205 245 229 112 167 316 157 894 301 812 933 970 490 544 789 541 877 290 962 79 888 65 116 829 473 646 554 863 245 976 204 152 985
999 793 978 95 898 377 53 969 653 40 28 858 677 550 654 973 228 921 726 570 206 65 621 96 97 312 946 937 555 120 353 734 476 248 853 391 345 840 698 46 790 770 563 966 935 230 101 36 180 743 379 210 851 955 285 534 754 698 965 153 995 395 259 54 468 44 684 567 118 644 716 786 540 85 841 592 463 549 707 868 439 320 635 983 725 453 31 681 327 637 12 315 974 613 896 680 190 57 582 118
702 200 939 876 922 774 965 876 712 189 488 465 735 366 884 210 47 760 745 657 301 550 95 526 305 362 681 841 376 280 321 256 368 17 171 212 403 452 15 633 441 86 753 672 719 865 971 564 58 910 633 457 130 527 623 972 658 274 319 951 449 859 384 374 114 210 465 893 167 489 468 176 86 210 731 69 541 978 740 403 26 333 816 509 923 565 413 378 806 123 24 807 786 208 383 571 261 966 895 646
777 235 603 529 521 743 337 286 295 284 712 484 344 692 138 340 795 564 543 296 2 813 866 857 314 713 680 827 491 840 99 394 748 31 225 871 265 924 192 456 70 433 431 853 117 522 315 581 898 211 955 313 621 954 748 915 47 55 578 776 492 427 265 108 562 422 886 85 771 506 841 764 436 130 174 139 36 730 305 535 656 3 406 414 489 357 784 541 443 330 887 445 321 976 377 227 309 527 930 989
277 496 459 793 262 923 752 670 171 521 4 434 2 451 376 230 497 868 941 220 900 890 984 147 629 630 130 27 805 956 69 502 229 462 617 588 0 479 855 194 850 995 261 960 223 295 729 482 177 677 617 214 219 826 209 378 176 381 655 342 537 75 576 75 454 266 782 972 494 6 923 533 150 194 149 753 149 710 387 749 996 504 315 439 483 743 494 789 461 674 994 593 450 321 993 430 126 842 466 561
864 438 380 725 562 29 873 924 409 462 890 877 205 343 650 237 173 218 293 892 575 160 157 816 546 181 15 33 800 674 114 11 314 178 41 98 791 702 93 466 293 326 470 510 684 885 717 522 953 750 194 103 365 855 482 99 317 837 910 649 878 913 446 607 829 154 867 510 232 419 434 930 472 134 549 154 74 710 328 655 873 193 719 931 410 496 13 512 249 70 610 652 141 499 360 148 164 355 537 153
895 304 663 433 942 450 158 343 254 385 910 273 661 916 189 616 570 973 945 796 397 590 317 747 464 160 745 457 269 398 316 535 933 803 7 19 343 851 265 161 494 576 470 913 500 159 85 247 712 520 942 502 641 869 538 521 946 549 865 978 723 892 9 466 273 92 487 790 639 89 964 722 549 592 649 112 788 366 506 731 271 976 422 848 329 272 564 354 122 905 948 643 533 105 429 269 32 991 751 548
181 872 185 499 858 24 698 391 555 584 342 134 865 352 584 247 13 131 428 393 380 323 2 285 950 335 258 439 774 400 158 621 930 307 865 187 551 90 476 679 693 697 311 151 76 140 797 694 830 834 568 456 766 509 0 217 594 894 421 706 918 144 369 319 404 683 996 189 256 192 433 923 627 858 713 847 309 48 972 632 141 765 493 803 873 28 206 246 175 141 277 157 58 292 412 417 619 619 877 728
167 810 339 947 609 264 795 96 825 206 211 688 381 1 425 281 328 421 766 384 678 134 48 485 703 982 176 735 430 154 600 21 150 460 451 724 295 687 843 943 197 34 953 185 349 798 194 450 286 188 134 688 465 866 858 953 58 269 421 64 102 794 572 29 941 792 916 532 607 189 874 486 148 732 697 703 468 80 944 217 928 60 692 505 361 885 861 624 327 447 434 568 899 585 204 911 1 649 37 592
11 759 69 869 170 637 720 921 887 111 993 711 928 182 597 134 966 535 97 611 113 887 179 58 623 835 329 603 496 287 406 941 986 39 209 311 689 950 924 936 598 581 835 816 622 47 54 220 790 776 967 596 166 288 899 643 373 664 765 367 184 825 594 143 60 214 60 456 460 70 602 53 606 82 836 961 479 399 947 634 94 158 342 839 919 899 969 389 807 749 679 393 399 405 908 787 600 337 315 611
237 162 963 883 111 977 907 545 666 222 192 630 864 82 731 233 966 678 407 1 113 534 60 484 639 926 11 951 615 602 628 907 170 137 458 521 560 579 712 377 750 317 206 691 537 144 792 582 819 90 800 241 82 185 322 546 227 328 266 756 926 18 874 922 796 252 419 871 558 192 64 372 885 926 427 175 271 30 959 760 453 501 428 738 243 371 619 214 105 748 31 434 449 682 357 218 861 225 407 164
776 36 871 476 757 227 142 522 282 594 825 611 307 513 914 843 429 721 241 463 426 891 169 809 381 557 163 656 986 808 201 170 869 327 762 182 472 732 583 424 856 104 337 915 850 940 704 474 251 183 53 937 15 779 869 645 964 44 319 753 996 245 504 558 209 774 1 243 588 708 342 847 792 693 225 778 734 591 268 633 943 394 459 621 382 631 670 284 350 309 166 362 319 444 547 516 671 155 23 999
155 853 308 771 299 988 154 596 74 414 249 655 681 396 446 766 189 475 247 613 691 464 189 452 394 364 694 116 735 116 122 689 569 303 189 784 132 721 134 878 122 544 688 685 465 121 548 372 410 945 522 142 819 477 593 329 372 519 995 569 783 197 335 101 174 785 373 163 371 947 119 141 815 601 338 957 636 865 467 411 568 871 306 839 723 189 146 496 577 671 115 347 967 857 27 712 182 432 252 28
190 618 949 497 178 713 16 781 77 869 515 988 784 972 639 866 609 460 795 19 56 453 870 241 72 471 898 44 527 122 346 27 279 394 920 372 551 54 89 393 219 802 903 696 191 759 800 63 705 11 816 796 149 580 37 451 712 900 627 618 7 307 108 275 405 528 809 217 305 857 994 745 414 104 866 238 519 167 528 672 441 911 177 893 145 680 513 759 381 653 504 282 135 40 200 710 467 154 333 987
461 907 366 55 339 645 963 383 918 241 874 888 822 336 730 866 563 25 59 632 614 775 210 462 948 568 465 463 446 205 325 351 794 42 909 906 941 326 151 274 416 530 371 497 524 27 716 337 914 440 275 519 817 210 410 431 35 683 500 873 875 582 102 357 892 609 402 405 970 645 569 434 309 414 890 434 52 121 475 380 445 502 480 632 250 677 813 738 685 788 780 44 45 106 912 279 931 425 853 26
257 387 115 43 306 485 641 689 890 896 647 365 96 194 982 923 993 674 874 549 136 562 125 529 985 347 398 443 110 893 46 642 955 552 727 299 270 432 121 456 491 689 124 587 546 627 483 28 760 425 553 151 837 226 101 742 216 224 147 839 999 378 927 771 789 462 450 599 761 624 20 982 236 505 471 657 460 945 60 116 696 559 426 983 380 312 490 587 175 753 383 160 178 912 373 577 342 892 163 857
258 466 664 810 703 387 137 273 40 260 15 194 245 242 305 523 238 19 80 74 579 370 21 814 387 287 401 54 931 604 274 436 998 669 97 712 840 649 205 137 594 505 467 303 137 670 581 256 827 465 159 712 24 455 659 651 874 197 32 448 67 783 153 542 275 788 940 142 258 156 66 45 564 915 212 200 967 606 718 923 381 271 4 86 37 767 797 128 148 267 418 777 110 322 996 109 190 881 201 602
110 36 835 266 654 234 217 769 27 532 517 810 623 657 317 703 847 503 853 93 364 916 923 554 38 517 337 211 899 293 670 409 760 192 383 105 527 661 400 21 346 916 925 903 224 685 767 331 721 710 151 578 323 975 277 222 764 285 328 930 113 382 633 878 326 314 950 363 180 614 695 339 893 320 973 796 544 210 568 97 220 142 434 338 891 847 596 324 913 78 349 982 88 226 629 141 23 328 768 240
385 704 997 515 563 178 939 389 240 441 520 181 863 465 794 740 121 714 582 177 883 279 963 15 115 629 431 684 895 893 907 686 280 549 900 803 772 313 467 744 890 984 285 206 824 438 402 594 627 971 173 650 154 273 564 903 326 430 836 810 970 506 829 965 237 91 920 920 820 424 391 775 275 103 805 987 658 489 393 292 53 437 660 576 998 926 619 425 506 847 84 568 451 744 141 956 306 820 118 499
270 771 993 355 413 386 826 412 538 790 102 860 134 850 943 130 626 100 132 47 420 499 164 936 498 477 352 760 512 251 208 976 378 61 81 404 930 556 543 570 672 903 762 487 214 963 298 671 980 44 880 822 365 175 555 965 938 875 858 743 925 945 979 424 923 84 475 212 850 954 482 819 36 59 765 536 704 121 974 382 999 497 262 376 39 577 6 311 458 274 947 246 367 639 505 727 916 622 644 636
396 463 294 975 700 954 558 660 401 45 626 268 745 753 858 499 477 289 201 36 77 820 864 631 267 732 695 657 464 828 747 660 57 379 567 748 29 364 958 832 202 353 589 820 131 841 548 60 348 359 627 542 125 857 134 859 301 186 912 548 615 482 341 2 273 5 872 965 283 975 877 173 142 288 853 119 775 762 597 769 370 100 337 719 78 933 429 116 571 133 377 280 152 752 2 619 217 532 399 754
779 653 612 305 524 213 501 409 98 767 243 475 173 635 432 716 682 768 939 120 324 107 648 676 933 901 475 160 884 288 796 622 554 719 972 283 244 356 41 450 298 578 618 192 371 957 171 262 968 400 976 900 168 439 943 588 849 856 293 463 354 770 578 25 884 838 719 141 949 522 602 912 408 56 481 252 730 533 908 460 867 13 408 794 615 941 981 716 846 139 331 375 67 321 311 665 41 26 684 965
860 405 380 826 976 458 243 14 27 669 626 175 16 125 16 564 597 754 344 947 480 347 683 542 398 885 414 685 396 766 364 789 86 384 965 162 359 15 690 474 985 926 651 295 480 962 435 497 619 272 748 671 452 456 829 572 979 765 965 803 236 549 260 748 374 677 403 904 775 864 438 169 30 914 472 356 484 837 130 582 512 667 953 682 853 956 343 579 671 663 599 0 577 498 261 685 721 286 723 970
351 349 931 906 536 804 792 202 681 970 69 121 575 67 183 594 390 901 689 882 593 975 504 475 138 866 458 346 148 288 6 987 916 305 930 581 918 763 515 725 601 704 547 865 548 157 706 721 375 492 891 185 706 769 953 245 579 299 827 237 898 59 476 698 401 627 483 698 35 938 99 187 630 311 87 16 916 903 601 660 407 992 385 927 755 484 118 675 582 379 664 813 968 193 803 360 134 168 615 898
410 652 622 39 483 405 942 888 514 690 157 783 393 632 672 476 622 482 935 515 267 981 185 425 299 264 128 637 359 464 856 228 450 198 211 885 457 374 988 600 895 166 622 768 184 43 952 198 697 920 458 512 725 451 222 464 695 443 14 727 115 310 228 893 975 624 574 494 99 842 158 434 816 723 711 369 157 247 405 331 630 132 352 41 784 29 169 142 392 551 392 344 431 756 84 338 171 180 229 793
237 5 366 644 810 975 410 296 556 120 554 744 918 143 661 592 419 757 285 294 738 139 755 818 272 327 630 258 265 689 107 319 444 168 614 133 43 427 965 358 788 384 890 757 501 260 890 665 650 84 332 180 513 401 128 112 827 910 263 738 266 106 129 353 194 1 504 884 755 54 123 542 338 337 810 475 301 717 441 51 181 918 652 682 651 125 682 737 710 856 637 575 90 542 495 485 924 316 43 548
418 125 160 442 921 205 902 349 315 114 241 325 473 767 562 359 844 888 329 785 107 723 399 621 190 732 493 799 131 818 322 446 72 702 334 192 491 615 902 128 387 703 520 182 198 792 200 56 871 875 1 346 39 865 860 733 50 300 180 608 701 37 23 954 357 402 370 963 103 755 958 272 212 126 64 62 145 965 355 75 312 487 91 773 935 304 411 302 462 908 40 78 25 549 392 538 447 644 183 219
763 775 480 607 464 58 342 49 710 884 654 465 439 747 324 571 612 387 983 22 155 241 159 995 470 452 696 395 905 948 285 494 42 837 271 351 537 863 42 475 805 963 319 733 593 193 811 258 926 841 976 744 570 537 527 350 779 600 565 873 901 724 728 49 660 952 567 439 629 656 350 766 61 310 262 794 7 126 318 534 229 320 194 707 669 683 351 406 483 224 417 903 574 139 384 494 476 149 39 928
79 437 908 53 509 451 551 382 909 599 635 678 494 92 325 729 128 261 44 125 736 585 773 507 21 173 690 222 397 330 237 850 693 57 264 285 163 303 457 108 705 13 8 879 720 680 557 553 329 319 415 444 996 916 296 0 747 831 923 65 134 609 16 279 895 804 461 729 183 614 744 147 547 879 746 831 297 216 276 19 230 480 488 552 808 117 857 88 611 279 165 556 547 517 635 975 782 81 137 709
509 212 436 670 51 474 476 919 717 7 953 705 154 604 21 33 950 750 939 354 641 245 713 697 968 65 378 140 308 115 455 898 781 360 752 591 989 270 60 774 784 22 592 709 418 201 909 315 31 954 484 40 902 270 988 627 812 852 329 756 202 47 816 929 609 795 606 530 524 663 358 489 224 86 667 353 700 204 142 417 412 323 9 935 801 871 908 845 153 102 802 483 921 260 466 27 79 652 919 933
928 975 415 383 503 872 865 283 827 280 656 460 477 472 959 400 763 355 352 562 730 840 687 181 568 591 409 337 596 840 448 400 799 127 29 833 949 259 952 809 496 761 758 113 810 949 847 358 208 790 449 741 201 487 654 377 792 213 452 390 23 109 900 285 379 628 755 438 254 748 970 895 2 397 876 821 282 893 403 864 398 726 246 945 681 626 889 492 202 327 568 846 726 483 246 580 49 221 615 74
920 122 209 696 479 401 967 993 5 346 599 892 955 962 199 123 594 393 877 18 57 193 214 342 578 313 131 219 466 714 606 742 660 668 922 572 87 481 674 511 127 452 199 495 493 888 677 101 339 571 289 929 388 825 293 978 438 3 711 587 220 901 188 742 104 58 609 956 621 900 731 753 870 671 613 186 120 964 650 921 793 128 294 656 367 345 19 705 764 277 403 56 617 562 611 150 487 963 969 328
419 785 891 482 99 210 517 162 228 574 644 281 677 727 497 633 162 171 167 568 97 52 482 359 245 539 752 629 494 759 300 1000 67 249 243 983 265 65 644 768 698 478 76 962 616 954 833 118 50 12 910 907 284 787 909 345 422 904 780 116 456 5 906 293 4 972 664 957 947 253 838 214 343 598 354 750 905 406 397 207 417 5 991 297 702 163 926 608 819 372 73 490 395 240 829 741 739 576 631 727
793 301 439 610 790 980 122 73 283 732 320 219 755 884 244 510 492 869 718 903 516 865 572 525 376 857 246 929 92 202 127 284 701 549 195 102 115 865 998 98 488 231 16 152 732 881 856 298 663 732 790 503 955 121 143 608 754 663 489 814 363 930 768 125 824 122 125 554 15 457 835 156 467 792 659 634 717 410 3 337 243 855 611 895 299 56 194 969 966 703 3 227 586 227 135 427 483 150 711 811
17 123 574 576 612 240 6 532 132 987 90 861 341 547 598 344 836 879 586 73 463 646 558 729 732 702 274 944 68 587 795 746 138 657 239 102 518 198 373 620 553 926 703 872 189 411 230 823 73 489 662 896 775 139 627 390 123 100 787 800 889 263 994 574 815 376 843 582 7 644 322 971 466 579 484 967 599 832 295 93 396 786 482 455 37 889 678 744 93 6 42 932 1 225 19 997 798 203 721 511
935 395 818 770 565 230 405 369 19 578 336 891 271 162 36 991 51 970 467 65 294 774 239 416 393 977 605 703 140 523 487 766 644 607 294 430 511 164 409 83 580 732 633 208 863 428 780 236 352 233 275 497 907 261 956 460 623 528 358 79 198 198 934 684 36 830 858 64 326 31 118 823 45 853 909 622 9 986 939 912 884 238 335 484 782 121 714 118 261 359 429 802 674 349 763 960 328 847 622 666
635 846 448 237 383 744 916 166 314 232 505 634 700 62 687 988 739 381 699 314 644 447 369 745 672 736 436 306 87 994 82 451 482 408 368 946 899 709 747 394 990 232 620 842 942 702 648 118 813 942 402 504 597 601 967 205 983 397 791 133 232 263 62 252 593 445 645 562 421 771 327 209 532 559 966 711 327 270 28 1 335 83 748 233 873 477 621 400 610 707 846 444 586 973 974 235 756 483 660 592
216 779 766 859 757 712 488 711 852 871 734 885 934 661 915 866 282 463 985 552 420 842 498 59 671 932 668 821 908 252 570 857 789 972 331 935 634 803 892 826 888 803 224 58 959 990 367 313 244 114 356 537 159 538 290 37 341 931 958 812 818 671 290 821 40 939 24 533 991 244 80 159 439 884 641 853 38 556 801 363 595 347 721 901 750 60 907 39 500 434 558 807 241 562 467 520 663 671 394 676
549 559 882 599 985 56 551 321 278 202 679 856 719 100 812 700 326 338 126 929 205 493 432 105 227 187 565 282 972 268 19 532 846 419 600 125 948 227 311 587 719 836 89 719 617 446 820 614 28 805 218 953 614 674 7 188 246 817 929 549 202 417 520 105 519 560 79 110 662 344 200 823 511 55 138 164 518 923 922 633 746 771 504 944 279 309 39 47 751 909 656 376 741 791 724 39 910 296 271 260
163 410 751 633 310 718 788 183 430 891 358 877 30 458 862 417 116 704 40 548 66 134 735 317 994 100 901 305 435 402 844 648 914 225 601 414 683 956 963 142 474 223 924 322 846 884 132 198 77 994 213 129 360 469 559 750 282 399 736 53 670 634 761 779 109 529 638 666 699 295 95 608 111 94 793 61 486 801 837 45 812 907 467 967 973 751 124 630 695 294 855 524 326 132 386 317 399 166 20 652
193 434 83 535 35 441 641 47 649 157 840 130 317 100 44 495 287 838 698 830 114 894 385 811 515 557 174 796 408 795 39 707 809 636 942 361 973 655 335 952 137 85 813 382 755 931 606 435 493 131 493 722 78 196 329 788 302 555 90 193 144 185 672 567 854 426 816 82 360 139 14 828 488 400 459 109 783 838 698 875 427 683 932 690 388 968 17 292 186 118 806 115 373 229 914 105 464 583 101 547
271 475 997 520 866 66 998 311 752 817 954 654 632 639 520 56 707 741 841 719 438 399 294 659 764 50 558 918 255 356 573 165 217 96 741 488 723 507 576 231 600 393 929 360 473 480 155 507 56 498 108 381 633 270 258 515 286 462 68 223 174 135 811 642 218 127 100 621 757 396 874 917 791 753 952 840 709 799 591 128 562 97 69 471 994 880 189 272 721 392 953 543 669 45 273 733 549 216 794 561
806 901 91 529 219 709 855 591 902 511 62 283 159 808 926 176 630 420 668 471 167 256 43 301 964 534 799 662 125 456 694 48 473 777 539 856 161 974 230 407 578 257 370 405 698 31 481 257 390 289 162 860 757 876 131 78 843 442 989 393 960 268 273 365 171 555 842 447 897 395 868 412 993 574 157 572 161 711 263 128 407 722 593 13 147 749 264 100 978 216 612 592 936 728 272 353 839 100 842 629
826 376 664 653 972 274 3 722 144 457 736 206 182 613 92 656 332 92 779 481 198 951 294 99 895 263 276 1 372 295 95 614 239 91 351 962 425 154 527 301 745 729 613 259 590 666 22 470 349 60 50 395 111 687 796 845 350 771 948 817 125 147 944 861 666 220 823 391 907 252 600 573 219 89 937 655 497 482 234 243 326 709 179 543 885 757 554 793 454 787 777 906 64 995 775 488 950 806 273 835
170 986 51 268 205 476 385 756 570 305 715 589 889 727 907 512 564 740 949 70 993 257 375 743 355 111 814 136 44 542 892 622 401 142 381 614 202 975 889 256 58 75 308 306 590 732 343 376 492 107 822 926 638 102 163 774 849 939 905 659 439 207 288 386 129 475 438 765 143 579 997 316 569 821 71 652 236 546 908 588 428 241 277 409 18 179 857 370 322 618 229 474 155 778 483 998 374 862 304 958
134 579 58 110 782 719 411 119 84 668 942 343 844 805 947 449 739 21 520 281 3 193 423 660 711 2 311 147 67 445 334 560 124 819 442 629 931 199 403 617 978 191 256 1 908 242 511 189 564 827 625 543 375 894 813 456 421 822 249 87 593 760 974 398 325 46 535 515 507 611 941 563 346 627 94 25 781 516 316 396 885 216 106 774 350 67 431 520 170 347 714 374 320 139 249 594 269 495 932 47
183 472 436 886 551 431 499 225 199 4 945 901 17 828 29 467 203 533 780 800 40 618 102 519 902 159 104 44 307 940 332 18 471 418 976 780 767 53 559 200 916 245 11 510 560 846 1 644 65 798 694 970 115 919 378 289 648 706 41 213 235 339 351 758 286 161 394 886 138 867 117 670 49 156 672 737 646 654 828 537 609 274 267 360 794 137 822 635 228 552 80 967 28 894 12 637 205 350 168 736
248 338 898 581 971 572 221 743 884 941 589 857 247 935 201 249 550 397 506 38 600 593 217 10 894 961 124 582 739 365 39 844 359 388 77 638 720 374 36 447 500 701 920 804 792 322 250 6 154 388 822 43 302 997 907 809 783 968 683 306 911 311 75 473 877 285 847 7 329 660 593 984 667 893 446 392 810 694 972 286 495 215 297 219 1 572 673 575 341 33 418 103 631 103 444 987 640 486 607 996
760 70 969 910 320 898 687 743 442 883 920 924 930 870 861 368 803 913 668 915 86 485 76 705 251 177 866 106 877 636 908 311 579 874 812 387 292 29 568 521 911 228 680 284 834 477 504 711 125 599 679 266 1000 31 811 538 22 590 840 132 275 859 494 603 966 512 24 936 518 642 598 518 767 922 54 894 716 466 386 734 951 636 571 637 694 721 569 590 821 326 915 190 927 55 542 797 774 186 653 229
565 414 624 156 470 52 134 766 908 923 278 627 753 807 941 780 884 714 49 551 187 754 436 491 416 901 667 704 725 315 1000 463 931 105 311 437 76 241 334 559 894 722 742 291 313 222 142 460 707 904 895 989 790 431 1000 827 799 638 400 649 799 360 396 247 958 934 725 802 634 55 271 394 359 929 90 202 197 801 618 591 987 907 868 898 268 111 86 526 197 669 149 118 209 435 117 791 188 829 633 307
94 341 426 213 581 536 529 549 934 747 184 334 319 718 396 899 833 362 832 595 319 281 827 93 277 479 442 347 155 486 350 681 750 195 603 786 982 317 928 508 131 440 513 50 704 903 77 383 361 9 724 200 624 611 54 511 955 9 108 413 951 507 190 839 708 516 465 455 77 443 218 447 985 120 104 688 579 585 925 574 490 396 118 111 751 319 175 565 0 864 459 377 476 490 367 459 186 228 77 1
240 783 310 890 960 519 443 476 16 109 227 848 208 883 228 7 135 469 376 53 956 389 450 846 834 148 830 500 286 189 699 519 636 580 553 319 577 949 108 558 269 243 864 526 989 182 363 761 251 595 224 254 124 587 889 174 127 162 379 303 273 423 496 707 750 912 606 59 771 581 205 819 945 902 298 990 442 170 40 491 537 271 8 423 984 873 214 761 792 702 381 598 209 908 502 288 568 99 909 68
143 925 173 733 99 881 995 169 910 543 889 178 287 222 927 632 509 523 967 512 260 899 300 892 126 76 810 860 913 676 534 869 201 952 317 942 727 539 902 745 79 682 362 354 194 540 191 492 33 881 379 445 138 430 230 185 742 42 419 885 667 412 617 97 580 462 692 746 454 10 933 822 759 105 210 189 995 814 540 730 933 266 72 766 15 371 126 146 651 622 103 506 867 261 601 857 364 410 923 984
29 219 599 580 96 231 571 561 76 149 224 490 22 204 124 979 467 214 677 989 756 471 994 61 68 465 580 939 32 666 62 843 503 506 933 927 513 345 512 758 772 71 715 124 881 194 125 47 58 765 976 674 892 529 328 414 467 824 475 482 839 403 441 481 400 754 621 156 440 336 441 410 596 845 34 815 652 641 273 205 785 436 907 659 639 226 903 903 160 304 26 282 533 193 519 557 949 747 447 808
426 236 387 425 901 970 467 119 123 392 141 537 929 399 681 840 420 857 691 712 191 648 929 99 606 147 984 117 693 156 330 77 749 781 461 940 321 574 878 501 778 358 988 773 347 12 777 685 824 470 662 573 349 832 303 476 484 125 191 298 906 113 698 922 78 784 38 606 872 27 956 969 129 116 560 255 393 713 929 990 258 164 876 990 99 856 783 498 126 41 555 130 791 203 315 187 231 573 527 129
800 239 903 476 138 911 98 464 701 102 477 298 466 541 830 250 445 839 861 136 945 923 326 799 339 203 844 983 44 140 91 531 125 506 592 48 283 93 782 84 684 127 683 701 932 412 635 559 25 354 531 718 615 738 221 253 71 572 461 870 687 416 60 927 813 146 69 184 642 303 960 900 176 493 352 225 549 773 436 538 16 506 392 703 677 280 549 810 783 433 249 397 342 665 559 854 295 350 691 515
791 727 199 652 124 541 605 462 294 17 109 899 31 532 418 560 880 743 925 386 255 886 375 397 274 661 735 598 227 521 143 691 770 899 398 483 289 666 687 163 279 947 847 411 340 536 792 643 511 664 226 512 592 156 299 659 556 722 77 548 749 282 84 715 941 687 361 575 618 910 433 639 513 25 379 341 464 371 519 394 304 435 397 390 187 332 660 846 17 802 661 451 232 516 334 303 390 705 750 703
771 183 13 382 664 459 971 205 1000 614 441 348 449 702 714 508 631 665 722 264 808 631 186 861 103 731 878 708 69 117 152 541 360 721 302 548 669 30 159 514 513 79 255 186 705 640 734 138 154 561 616 140 692 73 155 304 921 792 659 770 679 263 613 878 608 704 398 384 865 83 385 683 358 865 727 118 42 305 484 842 449 28 237 26 538 554 981 650 434 358 955 285 678 291 846 927 255 108 568 772
973 265 385 922 788 733 759 216 26 916 328 609 72 388 996 984 651 230 310 325 183 152 438 894 284 682 12 550 219 801 278 969 284 777 98 166 671 802 377 749 568 495 639 5 539 487 983 473 769 96 723 129 871 491 172 626 200 911 951 173 38 37 524 765 200 328 999 571 265 344 413 815 581 274 106 748 724 545 688 868 649 125 653 961 160 357 813 542 523 279 335 557 642 682 700 827 651 31 885 400
546 966 520 375 913 277 959 760 513 251 185 952 635 580 789 188 647 931 114 106 221 332 543 469 719 537 23 832 33 320 937 132 434 617 161 210 361 889 30 361 135 971 725 321 351 226 14 245 977 252 645 185 114 747 417 949 490 85 902 895 397 740 354 217 605 263 92 419 454 462 436 79 648 482 665 647 858 763 114 17 912 354 845 889 69 647 510 375 294 477 941 884 999 829 207 16 878 140 114 117
316 9 265 469 310 608 862 76 896 586 940 543 374 698 203 289 937 101 353 977 970 757 58 746 154 763 122 992 933 573 492 523 404 651 599 857 101 161 57 864 408 722 565 394 451 12 29 242 593 953 269 915 145 606 875 22 204 997 556 314 921 231 256 73 462 375 265 239 129 564 534 211 597 342 874 704 180 867 758 515 221 839 908 509 867 530 676 581 500 714 217 479 712 98 103 187 18 848 711 158
745 469 232 813 743 359 261 578 188 31 880 325 881 717 684 20 553 247 84 65 615 156 315 914 451 149 230 228 47 957 344 501 554 999 960 445 4 800 616 922 99 304 181 382 714 527 603 850 308 610 831 543 481 29 572 9 480 733 905 645 877 690 327 625 318 968 688 787 329 62 453 114 755 959 193 348 466 952 661 559 51 302 969 33 155 784 144 281 731 882 861 582 783 514 838 118 572 862 6 439
30 622 80 270 852 400 624 570 847 703 952 99 129 163 855 440 803 543 955 296 896 262 599 525 98 900 169 826 976 126 443 16 96 720 656 696 937 972 545 220 728 739 377 205 948 189 546 782 800 490 896 385 631 722 340 630 653 282 334 962 775 795 132 770 652 921 195 229 795 811 929 766 992 771 745 720 993 768 154 131 319 310 958 322 949 426 24 447 761 639 14 511 18 1000 66 917 206 529 448 787
414 52 270 234 659 610 264 541 472 462 869 578 971 634 81 989 384 79 304 303 938 417 431 217 983 70 284 845 988 304 549 696 86 832 805 238 158 608 606 453 101 877 467 742 90 641 128 283 564 375 957 343 541 809 25 628 431 514 498 442 900 756 988 28 711 834 527 4 989 606 53 614 80 269 230 982 591 73 474 135 830 92 332 350 836 70 71 652 873 971 105 914 584 876 767 372 358 416 42 6
298 173 135 325 866 78 391 335 868 872 623 474 521 672 365 590 120 897 727 686 160 530 486 625 370 629 730 963 161 47 412 964 102 370 298 485 359 228 420 955 644 484 799 722 64 368 460 377 559 304 937 63 571 689 225 979 962 877 287 403 950 695 847 293 279 492 985 751 497 39 689 559 980 764 983 738 954 52 231 580 272 378 252 705 435 250 152 335 4 885 871 501 328 336 857 813 894 431 431 770
417 897 482 774 22 577 883 274 106 19 903 338 720 480 13 933 897 420 713 441 146 70 234 463 969 771 691 484 823 921 208 713 216 382 451 316 487 576 622 739 963 709 970 676 220 181 45 252 763 716 533 11 121 331 451 737 320 787 526 810 602 452 749 829 341 641 502 816 933 397 172 219 826 875 229 464 423 4 99 84 479 199 356 839 550 220 764 903 804 72 615 525 393 211 780 649 669 391 786 519
441 944 185 626 874 420 458 94 297 425 214 615 196 739 328 983 228 846 98 886 642 729 307 975 72 416 612 728 771 940 325 10 544 225 191 381 899 51 641 29 607 572 963 47 38 970 246 523 992 405 735 232 324 177 737 121 816 806 310 656 285 602 192 376 658 288 173 361 952 33 527 355 280 965 668 756 203 400 482 107 673 492 803 284 286 200 150 548 336 413 42 608 454 252 63 746 252 362 879 457
821 230 652 537 900 673 488 405 393 487 938 760 268 158 655 942 340 426 953 209 847 500 373 566 724 661 882 239 988 686 668 129 305 567 280 71 906 604 719 653 454 461 668 990 572 696 438 907 162 560 86 355 994 976 165 963 546 551 794 684 414 566 214 256 105 389 441 90 836 367 306 679 779 552 477 35 196 205 956 768 102 516 476 209 228 321 609 390 410 637 579 496 763 964 306 616 313 161 400 891
413 412 380 802 949 623 691 489 540 640 778 269 559 639 847 234 201 896 324 142 3 513 904 932 726 873 157 196 77 933 376 921 56 734 573 910 419 437 621 493 571 192 310 975 155 834 77 351 343 288 587 931 107 113 910 338 407 702 939 254 248 558 644 810 257 134 516 949 259 55 452 3 490 706 229 735 402 817 253 280 521 593 778 708 56 259 366 400 378 675 937 337 314 127 445 944 912 165 381 294
659 652 625 164 196 164 983 906 855 652 853 596 248 656 284 148 454 189 595 86 340 493 403 124 963 699 211 287 696 959 53 666 661 398 980 365 424 915 182 869 661 929 645 510 321 845 794 31 592 974 28 469 210 829 852 71 389 416 391 77 444 947 548 114 503 728 244 603 466 256 8 133 819 855 728 632 843 932 616 922 782 953 436 534 155 183 551 706 324 874 802 109 484 284 581 27 726 94 531 712
809 512 658 329 705 799 653 977 297 487 981 423 740 474 524 89 254 565 176 45 153 959 503 166 395 675 939 356 654 478 728 892 506 384 570 802 83 961 298 399 941 489 537 973 436 292 657 475 315 168 690 821 268 169 964 918 867 524 832 429 35 130 30 372 81 624 303 964 269 306 337 558 436 174 873 699 517 213 741 600 12 493 26 479 437 495 314 433 203 36 659 808 924 562 128 195 347 229 814 859
72 926 708 785 137 253 4 272 924 981 42 743 602 332 434 109 166 69 867 724 384 351 45 505 994 674 335 237 629 788 892 680 677 349 287 231 411 35 728 560 432 96 984 67 274 296 451 800 660 438 665 582 617 840 959 272 732 818 18 154 216 907 634 167 241 67 661 865 62 754 428 179 895 38 11 660 711 95 374 441 622 733 931 277 83 821 30 679 106 858 460 871 275 265 305 566 73 725 140 52
61 654 287 297 944 852 737 901 39 604 124 481 112 837 883 728 646 130 941 961 226 274 709 660 803 589 23 113 127 255 743 559 966 602 664 85 131 506 434 939 742 566 80 163 692 705 931 609 633 253 154 97 101 310 543 880 126 437 121 195 297 429 70 641 12 543 905 238 639 846 518 377 362 279 873 437 331 382 976 74 590 511 706 615 230 524 59 415 888 594 776 492 687 735 749 77 155 609 715 170
335 579 477 325 122 123 221 819 442 912 397 611 616 361 792 438 464 129 318 657 774 695 573 929 788 274 300 484 514 958 899 708 983 516 677 769 7 644 666 563 492 339 988 217 458 178 833 388 710 470 561 153 574 72 133 100 554 616 712 96 434 791 18 172 170 691 353 874 201 500 213 785 849 179 15 754 940 926 413 573 142 763 627 215 53 159 714 701 424 879 385 679 819 543 520 25 666 885 274 994
896 534 849 734 367 537 324 481 961 966 397 205 534 152 621 791 871 398 666 927 252 737 825 886 312 290 630 389 353 45 136 675 294 331 553 821 122 941 108 947 992 631 606 8 120 826 701 694 619 825 901 986 134 236 259 738 938 524 281 585 654 363 672 770 352 944 159 591 145 366 164 98 985 204 618 44 109 756 179 342 605 881 104 943 57 178 555 37 625 652 201 474 550 61 343 488 729 858 641 899
391 161 884 53 266 713 415 165 300 118 233 87 986 851 690 237 586 575 855 995 705 670 333 509 353 741 685 513 503 896 594 514 834 56 34 131 88 705 820 411 691 971 990 592 226 671 554 269 622 64 489 224 149 877 429 690 694 899 944 359 394 286 311 958 605 429 492 82 32 624 516 345 722 582 145 710 857 243 719 626 392 850 730 744 519 64 252 232 808 303 175 31 544 864 592 519 367 626 92 979
794 902 37 95 966 366 146 577 561 666 88 166 232 271 948 750 372 630 766 994 533 384 297 657 632 876 332 123 669 753 277 876 174 673 211 404 467 917 932 775 459 175 622 418 37 563 37 888 251 5 217 178 893 655 449 718 911 501 573 589 578 20 215 111 456 769 982 646 431 439 421 686 813 269 18 385 254 801 283 833 484 902 937 315 612 321 913 684 633 332 183 260 815 339 180 521 498 637 19 31
358 360 952 191 983 901 242 825 506 69 869 95 621 429 932 988 768 540 972 91 313 765 27 857 537 237 83 633 767 597 317 72 127 366 363 155 987 338 906 466 342 448 741 519 565 860 680 960 371 749 988 104 248 32 480 11 290 155 139 613 871 218 150 102 747 320 726 478 671 67 97 299 72 623 450 320 410 453 834 826 123 229 252 593 599 442 309 157 180 843 356 31 185 734 639 803 918 989 362 623
24 800 150 643 839 759 690 778 755 910 208 401 914 872 507 88 836 703 952 469 654 369 292 136 616 232 460 173 110 744 876 993 441 850 638 145 522 606 496 768 595 315 304 346 602 707 368 885 923 329 515 164 783 515 612 899 401 115 765 804 798 821 836 306 644 30 22 257 160 286 415 848 647 223 180 244 248 9 685 230 382 835 204 774 962 549 300 136 677 875 898 838 331 44 524 732 376 263 96 557
318 222 987 753 654 853 364 744 895 230 595 624 90 429 122 485 433 875 992 908 973 388 675 502 677 190 746 725 406 810 956 284 308 32 846 402 961 45 942 885 937 239 44 257 637 966 38 58 172 484 660 38 87 509 525 849 712 8 432 334 916 321 704 50 428 41 98 542 250 158 693 480 9 251 185 161 316 228 472 661 444 13 80 689 346 833 240 638 26 451 269 838 617 791 534 256 456 287 510 631
530 445 982 47 474 1 85 80 363 796 860 891 90 745 440 895 563 476 897 569 83 2 512 342 945 590 578 743 498 159 827 385 434 595 642 611 365 653 992 662 248 699 774 958 968 127 912 54 583 195 633 463 776 127 722 241 78 412 308 424 780 583 353 870 801 462 181 89 695 244 432 842 985 87 792 924 236 409 524 974 943 776 459 125 330 1 499 664 707 595 648 466 655 812 675 258 283 453 101 382
10 764 387 435 187 416 684 512 403 948 179 251 316 890 695 648 306 451 159 509 393 627 650 438 341 282 942 412 604 394 937 98 618 446 610 626 456 217 179 340 809 838 676 887 777 960 796 977 557 8 18 20 911 361 390 684 320 638 299 150 520 99 530 117 836 766 329 348 185 824 680 141 111 142 540 350 644 699 402 835 442 939 84 850 866 651 472 667 662 498 769 807 299 966 390 512 378 263 835 413
841 994 225 401 425 252 524 682 482 998 243 560 73 920 419 56 642 72 889 799 421 295 731 689 233 791 87 148 133 83 775 496 751 33 735 921 454 824 683 493 923 545 795 35 718 0 474 631 505 358 459 129 2 460 232 51 610 344 529 212 412 657 685 780 51 753 837 911 926 138 831 1000 908 42 483 999 932 322 187 565 569 288 631 483 730 169 328 101 807 637 616 259 483 238 637 506 651 719 343 389
360 677 864 580 799 427 813 441 391 421 426 296 504 664 639 673 473 604 350 502 826 901 225 809 872 329 393 674 198 873 168 683 503 628 405 702 107 43 882 914 575 404 779 965 390 724 828 748 521 472 505 121 619 350 16 33 832 651 896 584 57 954 423 898 153 484 288 386 935 560 905 187 720 452 203 132 252 685 657 811 103 271 578 540 738 301 629 977 943 473 159 48 306 806 339 707 528 302 474 277
757 368 751 685 113 930 280 38 750 301 383 992 287 482 483 648 526 96 663 622 780 512 70 274 356 773 46 280 579 678 524 647 928 868 706 202 333 912 920 966 369 734 925 33 287 348 880 670 235 669 284 16 330 571 475 471 214 216 468 862 890 862 537 466 29 436 169 418 471 749 281 28 395 783 485 303 797 664 315 127 886 473 493 513 714 243 12 826 439 203 391 698 732 172 986 780 327 400 455 982
910 382 760 108 227 568 435 132 419 386 77 336 101 164 218 423 946 529 677 103 207 387 146 895 505 619 279 664 675 382 867 858 572 712 89 331 924 265 748 855 459 341 557 817 725 113 637 56 533 369 45 141 143 442 922 459 267 648 993 92 158 798 610 158 570 974 217 789 750 153 966 938 525 297 205 476 676 795 433 755 436 500 427 692 287 652 579 532 196 964 583 17 406 731 563 931 228 988 172 336
134 138 943 352 876 423 135 187 429 192 270 198 620 215 905 74 866 653 474 852 114 171 615 756 923 832 79 660 721 618 261 676 886 502 580 446 954 928 611 411 60 416 859 175 567 530 616 89 264 317 80 961 960 472 325 673 940 418 708 596 851 628 196 808 749 581 568 382 912 144 899 524 836 631 147 228 626 38 754 718 629 530 2 870 265 423 456 733 103 687 453 871 804 946 880 370 329 281 199 997
704 536 493 756 704 178 774 388 709 195 418 814 610 80 907 608 453 764 818 929 184 574 213 622 926 817 482 520 941 713 158 946 973 169 913 368 962 321 119 131 810 157 998 180 731 407 492 265 497 171 672 357 744 717 121 935 464 699 919 768 773 550 822 484 197 559 78 953 94 641 900 267 470 178 450 839 143 507 722 711 291 974 642 35 689 254 63 280 548 441 21 455 249 222 199 215 550 366 3 763
383 637 456 752 329 285 277 174 981 626 20 70 917 297 251 821 898 389 259 76 564 635 831 620 959 117 489 828 437 163 199 20 311 65 442 554 117 375 264 495 347 541 892 670 81 541 178 39 204 388 677 608 317 323 66 122 390 944 269 364 636 642 440 256 511 10 107 732 251 167 175 676 395 739 75 272 607 343 112 946 508 617 860 633 113 442 27 605 968 607 373 836 64 767 987 900 484 712 297 767
16 157 406 974 495 144 374 80 468 366 170 194 149 277 62 157 331 225 759 124 450 865 380 848 826 600 796 538 410 837 184 311 133 564 936 299 492 120 597 268 68 48 458 214 924 58 330 957 66 564 115 492 62 359 658 13 780 935 139 143 480 235 9 796 925 873 246 618 899 216 496 221 293 568 627 230 50 669 825 823 644 455 395 18 736 596 222 97 959 303 32 704 483 961 283 975 962 493 959 442
257 156 594 891 265 171 614 545 372 746 209 45 835 593 221 196 356 454 882 440 204 149 697 503 712 650 692 717 402 710 771 229 865 528 42 200 736 176 452 200 373 274 257 675 974 895 950 766 461 906 930 454 844 600 334 510 487 883 159 207 779 442 976 374 755 697 475 731 129 126 436 621 254 177 31 753 424 839 283 893 130 7 620 10 56 683 491 775 688 289 680 705 470 852 230 118 748 151 317 683
661 148 340 550 276 661 376 681 449 176 836 281 725 786 634 976 738 868 105 305 283 15 676 56 204 662 214 805 334 601 833 743 55 314 46 973 210 527 169 128 880 61 893 480 533 452 661 195 834 60 224 320 227 340 28 797 854 541 506 748 17 262 417 655 577 827 4 509 945 35 914 311 772 794 296 338 928 686 147 498 503 665 239 911 562 388 830 402 840 824 239 954 14 553 978 422 875 129 693 215
279 15 689 129 413 75 737 817 706 868 402 741 576 794 230 831 957 5 570 620 886 327 646 694 381 360 639 861 159 833 690 5 152 155 462 645 823 83 840 356 185 166 594 408 140 294 564 150 749 589 839 59 478 131 945 399 872 554 906 130 907 13 755 238 845 747 707 128 175 542 693 759 773 467 306 963 464 216 160 667 486 384 41 783 691 460 429 195 272 452 924 92 674 364 13 548 851 103 575 350
36 237 64 740 562 649 979 639 590 132 220 384 62 286 626 773 942 437 917 906 167 799 635 569 383 88 664 760 818 348 589 676 678 491 742 470 797 370 543 869 673 883 591 56 686 280 637 281 355 456 177 371 611 898 978 239 399 879 175 890 66 320 878 279 636 417 535 81 723 259 160 273 478 233 757 763 123 180 491 611 767 125 15 606 961 118 593 577 497 380 89 315 118 799 606 197 198 422 341 773
892 379 816 762 135 235 732 893 68 692 992 745 483 896 821 74 843 738 963 130 665 286 564 629 636 961 585 266 498 787 527 738 862 103 184 35 246 60 574 451 22 999 89 895 98 435 723 421 937 46 473 458 739 944 136 243 195 905 966 575 226 660 574 174 200 592 262 269 712 395 8 372 46 902 396 59 879 713 477 333 814 709 560 100 753 31 299 498 956 237 988 149 905 800 969 882 375 616 494 674
169 795 384 253 372 380 118 255 442 881 6 424 478 10 49 292 876 622 894 61 578 146 760 956 344 716 465 912 655 785 39 881 952 718 822 544 194 285 343 614 289 658 846 668 933 530 233 603 253 6 117 594 159 722 475 148 467 740 935 652 894 94 611 794 266 802 263 194 45 39 340 223 604 153 722 928 394 420 716 405 843 714 161 302 603 698 755 57 697 432 671 765 419 429 312 303 211 605 993 423
44 484 361 12 341 165 802 324 522 838 718 387 580 121 481 152 642 680 416 810 900 68 586 929 306 944 249 355 833 484 4 417 412 712 392 108 758 375 110 356 406 996 231 198 247 506 215 755 139 1 307 8 239 248 697 695 240 891 31 206 64 317 835 560 735 466 414 559 677 172 752 862 57 931 849 237 149 86 848 198 107 36 530 831 557 636 257 391 896 431 166 380 717 301 30 928 914 741 339 303
757 796 280 814 569 14 593 285 997 904 678 904 20 310 340 317 53 239 864 831 886 697 474 970 181 103 942 374 330 690 515 247 816 475 995 809 636 541 316 642 701 12 219 29 892 229 449 418 573 214 403 483 709 293 931 685 41 765 714 969 247 447 380 162 751 579 907 819 504 638 463 382 18 178 981 1 61 642 531 535 549 355 729 386 746 76 323 597 800 793 239 100 634 103 784 68 620 218 35 456
543 194 695 131 104 72 642 542 26 887 581 461 773 690 213 343 572 15 349 648 231 411 209 788 928 874 590 650 670 74 753 102 909 922 875 852 636 462 91 247 317 1 298 264 568 89 982 612 208 677 543 19 355 107 796 16 394 630 858 353 741 393 608 732 343 394 137 849 784 384 524 26 969 711 518 650 635 200 87 73 688 95 650 171 272 863 369 890 420 36 371 821 444 799 72 702 995 322 523 553
41 378 4 206 907 77 372 696 814 553 477 264 144 920 394 661 38 374 854 718 58 997 346 697 802 329 451 937 450 249 421 472 302 615 513 209 715 468 711 223 143 189 189 42 376 609 804 806 119 706 832 527 431 38 417 979 782 696 802 452 288 196 356 28 283 641 707 158 800 537 797 541 850 814 29 125 568 861 508 643 961 73 748 634 387 424 540 455 483 275 692 955 125 276 427 625 477 362 292 669
30 88 246 30 891 792 931 980 812 533 869 131 559 600 248 462 509 556 20 330 156 736 308 143 409 233 214 877 508 930 945 122 805 990 479 497 10 281 76 623 391 728 657 235 401 657 619 673 23 793 950 912 920 739 168 527 105 822 850 733 977 135 879 959 419 27 108 38 444 403 522 99 771 243 220 332 204 438 217 519 151 71 879 346 915 596 974 522 306 255 81 396 988 422 381 425 25 781 990 255
884 276 88 14 403 686 249 458 297 134 733 841 733 54 455 693 389 463 233 71 397 800 171 660 77 622 418 868 360 213 827 668 795 723 515 724 218 228 103 991 738 917 344 488 457 432 160 525 123 890 330 926 157 77 71 344 498 390 126 24 873 136 105 208 59 822 904 30 646 275 295 250 987 865 837 921 920 667 214 918 177 987 693 78 630 156 17 256 772 263 857 786 665 982 28 278 766 71 104 91
399 948 944 45 523 838 699 30 265 645 89 176 257 776 618 771 274 975 860 828 22 769 440 495 696 445 980 294 416 482 19 160 622 680 690 562 6 249 994 542 345 273 68 34 93 767 786 101 386 293 668 560 99 659 876 249 269 427 364 934 202 717 395 326 619 611 235 150 898 848 22 974 727 346 412 527 143 234 756 39 587 279 891 203 682 911 631 343 671 148 625 452 640 265 275 925 944 215 594 944
396 656 417 880 961 722 458 307 628 176 888 765 954 312 541 280 468 51 71 633 587 755 609 485 664 73 983 768 245 395 234 901 633 639 963 917 61 537 371 833 672 38 499 334 138 932 260 950 453 450 348 950 450 452 572 621 978 470 102 849 669 200 149 224 899 214 376 397 229 165 228 915 288 804 67 510 619 214 75 470 521 811 236 765 968 638 670 27 483 453 76 516 508 576 15 540 531 672 581 953
897 998 65 596 46 985 146 367 373 899 255 399 300 648 64 149 691 821 213 409 927 802 658 832 794 850 280 712 96 784 803 224 1000 85 96 243 654 288 857 612 998 812 748 866 953 226 358 930 782 315 32 224 832 617 156 971 624 200 761 846 460 666 888 21 767 52 414 249 241 54 164 924 657 753 96 775 61 514 494 333 333 462 858 520 616 967 599 71 522 428 376 729 122 582 759 454 411 798 223 776
302 325 181 618 753 917 475 938 245 756 793 282 247 352 193 621 7 491 698 749 966 518 890 895 40 807 2 237 556 911 289 91 453 20 245 454 6 300 636 863 653 549 207 391 62 613 939 67 997 754 847 517 306 827 647 619 955 19 567 244 493 170 729 751 517 671 57 791 379 112 769 158 868 991 799 139 690 578 569 860 51 109 751 432 619 449 788 801 729 907 766 625 689 413 710 685 851 504 700 243
760 811 9 288 847 932 597 240 182 979 393 625 997 87 588 898 464 139 568 681 454 463 57 804 426 616 445 813 523 773 807 688 301 184 286 634 113 0 452 984 831 457 352 637 858 597 53 515 702 669 451 524 861 320 818 737 569 404 603 851 419 639 406 17 758 374 621 919 600 121 800 615 213 794 601 197 606 879 563 753 399 793 464 199 524 839 467 643 865 469 359 508 645 541 62 450 967 842 250 32
207 978 871 223 337 97 703 679 382 293 747 371 360 810 703 725 688 483 93 225 318 646 823 31 644 342 48 640 624 861 284 564 346 958 64 537 192 715 766 178 838 387 572 666 545 190 587 77 806 318 823 702 585 796 942 440 836 847 517 435 162 248 435 400 860 816 885 124 416 911 857 157 122 865 612 463 104 425 620 528 184 757 450 778 347 563 749 449 338 882 607 388 305 191 211 604 595 424 42 147
96 752 129 704 603 340 484 942 198 289 71 485 67 248 929 382 939 375 688 715 930 524 787 933 486 576 784 597 353 468 877 927 394 884 646 828 499 545 873 543 607 990 648 268 730 207 508 271 788 815 33 398 531 869 627 469 387 14 22 608 154 624 721 597 763 753 119 173 779 311 59 822 482 398 408 0 844 616 256 748 308 934 411 86 322 781 201 828 663 913 57 363 44 492 975 185 702 686 117 915
832 315 306 557 546 499 13 187 794 355 214 822 298 75 403 849 674 76 391 558 996 873 233 925 568 915 126 324 487 968 907 434 85 265 268 486 698 895 540 567 416 219 414 404 551 695 264 81 844 574 830 650 567 708 573 695 709 832 648 969 727 833 193 64 668 998 101 551 760 10 421 326 115 243 351 887 944 445 501 286 588 876 332 900 468 860 980 715 341 648 237 897 211 175 801 468 704 49 67 532
493 68 670 625 378 799 56 453 686 22 91 430 9 357 82 731 390 664 824 809 673 935 277 103 749 529 444 739 267 679 73 715 117 54 341 887 556 140 39 887 298 391 629 295 710 826 898 385 689 426 883 838 101 457 553 8 423 154 421 282 840 855 471 900 196 21 805 410 482 41 817 190 737 986 388 281 351 988 101 761 353 939 768 425 751 25 202 962 234 623 402 357 216 831 714 325 102 31 644 347
231 589 730 50 297 872 708 105 502 188 890 402 30 120 218 306 655 334 717 59 774 773 19 64 281 644 275 198 346 607 412 654 29 69 757 538 0 230 72 87 775 822 785 215 428 585 390 423 40 272 517 666 344 222 703 881 487 716 455 441 538 258 364 856 968 407 545 731 278 527 686 34 679 273 63 481 323 93 864 178 328 369 509 545 793 690 99 806 383 781 710 101 204 576 928 557 156 706 443 854
149 438 57 785 645 529 521 293 712 818 25 611 140 141 629 853 567 120 399 835 669 495 592 209 955 939 233 456 116 380 74 862 938 578 250 848 824 292 935 621 174 37 94 680 9 692 220 725 860 978 734 612 906 233 942 920 931 684 528 767 703 627 652 66 929 839 361 417 631 26 915 715 827 536 422 703 547 648 203 975 742 107 485 566 163 918 458 299 210 807 346 794 278 320 770 345 408 753 503 940
46 86 688 176 277 878 877 655 380 285 44 231 994 398 65 517 32 170 88 209 702 431 403 747 915 391 574 719 723 39 272 598 357 82 71 885 157 878 950 203 866 650 411 130 506 446 758 932 239 681 437 368 386 913 452 810 245 184 911 393 56 325 839 603 456 679 436 77 664 881 107 11 858 398 739 478 340 42 514 494 625 812 585 527 702 160 615 554 669 977 34 222 715 406 935 234 675 597 219 260
754 221 756 527 476 850 199 963 742 26 112 547 383 454 140 768 89 182 672 510 326 339 978 247 969 679 511 826 872 578 831 787 838 775 365 785 455 151 74 588 334 845 35 752 151 339 904 812 130 944 510 92 605 746 956 631 100 418 385 710 347 601 718 346 910 746 870 503 40 869 653 231 842 722 78 473 381 498 719 242 201 505 783 760 782 364 366 434 543 403 448 993 331 733 847 665 16 356 42 816
666 299 343 993 937 356 133 688 375 52 974 982 83 747 652 835 265 903 918 986 289 404 516 861 503 669 253 249 605 219 167 498 168 798 303 809 896 625 446 971 644 856 868 101 843 471 516 1 757 68 320 22 18 556 736 180 448 399 766 169 125 969 766 376 32 288 359 751 973 922 982 495 403 163 47 566 662 571 918 296 581 341 107 957 849 965 746 305 334 593 330 955 764 534 90 444 419 165 213 960
210 64 167 754 473 111 158 19 375 793 404 919 133 640 356 912 174 745 430 330 188 713 314 886 389 581 876 728 9 806 133 992 28 638 416 523 40 781 619 630 689 243 624 939 624 679 727 449 772 523 919 531 954 241 68 435 90 649 894 699 751 734 464 538 102 946 833 405 665 686 85 32 352 181 831 962 153 749 87 39 354 889 752 361 795 623 844 153 671 533 629 546 862 430 913 386 405 699 801 71
781 876 390 752 769 348 624 343 534 229 941 270 117 40 730 716 317 536 409 637 396 666 291 521 149 460 522 982 751 457 783 369 553 387 174 388 710 186 191 901 948 628 598 413 88 715 787 895 565 29 308 690 97 449 411 736 916 541 176 905 251 73 182 535 75 519 529 927 119 693 500 30 243 645 51 235 780 122 636 78 842 519 553 2 457 280 398 751 3 566 368 989 888 733 969 154 525 444 734 693
284 269 703 160 254 208 635 89 349 667 158 85 424 10 221 566 324 728 943 419 868 464 748 649 34 533 607 41 78 449 552 763 370 165 942 634 118 643 239 705 245 465 454 565 785 354 489 812 974 872 760 646 987 608 204 528 723 479 737 510 643 400 421 126 887 329 23 784 997 604 550 355 687 111 89 706 602 891 801 338 380 443 157 539 967 399 976 981 625 454 455 778 896 219 20 856 494 731 33 649
639 357 820 827 250 142 225 913 933 880 471 367 978 948 614 332 237 45 340 840 37 98 249 24 184 440 644 668 881 611 64 681 27 504 685 237 358 353 629 809 1 187 791 599 760 665 841 967 77 172 956 63 593 203 882 454 926 718 852 802 15 787 813 630 498 273 485 239 453 902 945 250 871 164 730 118 279 205 181 450 211 281 176 45 6 734 214 312 117 595 167 993 1 280 145 39 163 14 438 22
833 659 46 154 601 906 282 287 571 508 410 576 780 400 194 638 338 590 539 288 115 598 186 25 265 791 440 318 889 578 320 343 73 958 592 302 174 965 527 123 184 165 585 570 427 71 350 785 336 80 586 465 10 301 802 115 460 239 490 703 130 360 170 557 737 287 586 575 11 778 354 396 911 173 187 644 925 54 172 118 376 253 733 377 138 298 785 50 856 702 368 303 36 540 642 511 173 560 221 784
665 969 407 568 136 391 200 174 576 229 46 471 240 110 145 239 147 49 747 68 899 540 378 756 696 353 475 952 571 62 847 512 185 94 840 497 326 279 777 21 304 81 28 157 332 745 676 937 463 577 786 753 689 755 508 379 183 535 491 520 687 496 706 896 921 388 670 980 517 508 751 737 328 189 167 779 983 218 140 170 216 8 391 428 877 600 821 978 546 46 652 838 342 319 930 806 537 676 551 634
167 177 528 27 144 586 988 581 329 561 954 214 627 770 423 496 765 199 327 359 130 477 378 800 788 487 581 100 177 854 573 912 933 839 579 490 123 174 579 673 147 470 173 665 551 332 759 330 733 524 958 479 526 735 38 860 644 197 977 28 160 129 481 172 542 15 962 535 896 888 898 645 61 192 101 468 974 197 507 589 268 525 51 78 62 456 938 590 111 240 119 454 15 458 462 406 869 492 754 950
48 616 151 288 448 293 400 194 113 712 726 320 348 410 202 473 220 162 121 648 292 819 757 327 172 698 503 490 413 297 587 477 453 285 366 680 492 109 843 475 435 872 16 977 768 631 305 127 71 580 300 191 828 576 69 679 540 783 306 77 172 388 649 297 800 897 685 790 771 370 163 719 686 122 141 229 105 702 648 255 300 238 674 690 895 159 605 593 124 95 267 228 877 635 213 63 478 859 685 421
319 868 17 803 363 100 252 703 150 689 863 214 673 604 699 161 0 946 533 369 761 422 341 787 979 498 218 18 854 115 310 709 73 927 348 159 402 26 695 904 210 94 16 250 775 186 633 879 762 452 90 893 25 856 743 550 419 745 907 307 789 202 280 590 783 212 406 214 259 642 671 427 491 66 462 647 231 313 13 926 523 89 941 863 346 45 3 823 446 606 223 59 256 907 496 574 96 809 80 326
719 437 464 149 549 579 486 235 28 895 815 444 547 836 647 24 223 940 354 204 45 49 65 156 79 684 924 690 518 731 916 940 254 356 834 318 292 840 632 326 302 115 277 448 265 783 393 351 73 332 909 600 702 463 270 672 892 957 730 419 617 779 370 711 381 717 845 742 130 308 569 349 528 66 430 898 605 274 977 163 637 441 82 612 667 972 57 634 276 144 667 871 246 673 681 240 623 821 342 233
63 575 72 337 232 229 833 232 556 386 208 831 390 52 561 43 411 448 612 132 865 369 468 477 941 276 819 695 946 611 463 602 504 372 566 148 786 567 882 894 652 31 975 941 846 89 605 270 369 44 249 118 652 193 425 853 510 474 207 275 285 678 684 894 789 373 657 404 313 78 74 649 696 904 653 389 623 160 117 737 528 120 152 493 366 23 561 573 718 172 601 621 967 679 55 31 290 398 644 475
128 161 823 411 769 69 873 193 419 754 147 35 913 179 287 385 740 464 624 701 154 162 7 785 915 293 657 566 863 776 299 322 793 123 753 953 583 360 358 946 272 348 47 980 330 697 292 662 741 201 492 419 425 423 82 207 666 729 70 439 602 878 701 460 58 678 525 836 375 876 584 834 632 473 351 14 447 694 49 217 74 346 438 587 357 700 281 608 674 105 338 607 356 180 274 88 974 204 292 563
145 913 410 853 164 567 807 612 469 246 950 690 277 634 283 59 356 220 445 850 580 492 692 825 14 381 956 202 42 68 794 759 915 504 811 775 182 939 990 929 69 863 716 680 615 390 428 578 665 69 54 882 965 215 468 959 799 427 515 873 668 705 495 370 53 564 949 875 197 205 103 477 646 601 700 427 142 540 270 441 674 239 618 678 396 337 69 552 737 149 275 254 379 897 202 921 83 517 340 891
293 208 781 743 316 704 935 198 509 270 214 732 66 630 857 455 994 53 20 809 946 646 957 766 105 521 20 859 893 970 597 329 709 320 270 530 298 79 750 494 634 433 100 155 897 840 885 165 64 253 54 144 227 845 592 131 183 395 702 359 795 837 789 936 680 484 108 893 233 919 563 747 312 992 714 337 631 45 711 697 290 366 6 453 730 273 261 575 124 143 666 749 413 169 39 866 211 622 476 976
931 86 197 133 776 302 397 126 76 647 672 591 94 129 359 457 416 627 307 606 123 378 275 36 238 583 752 384 219 317 352 977 296 727 599 751 231 377 874 371 45 899 443 49 750 260 99 948 946 111 321 165 566 979 511 564 843 544 523 11 231 46 179 49 234 213 784 367 956 377 935 715 401 251 915 539 475 276 656 886 111 789 196 512 234 784 643 751 792 384 878 556 605 266 33 372 878 90 195 350
922 323 148 290 92 409 919 511 45 109 588 776 731 158 99 604 367 626 506 646 906 256 355 271 193 169 139 210 372 168 605 240 811 90 642 20 812 213 306 484 804 937 465 883 827 933 537 782 112 209 261 664 537 770 260 364 723 637 917 6 956 437 938 205 248 315 583 586 595 763 632 651 632 587 35 831 639 702 282 221 472 226 572 286 916 412 927 993 563 131 8 958 104 805 288 960 280 866 935 846
608 59 150 911 525 218 322 999 752 654 714 503 78 795 56 554 543 439 913 300 18 355 125 414 125 978 766 318 56 702 581 593 251 90 687 46 666 967 613 96 183 246 878 27 435 26 835 801 817 595 796 532 394 518 837 268 112 548 877 193 822 704 341 68 269 62 780 743 947 714 601 135 225 640 402 966 253 919 223 16 366 197 82 647 673 419 646 839 772 657 50 181 898 456 616 948 614 186 513 862
916 489 172 950 459 254 128 497 308 509 778 363 557 880 895 864 699 591 797 885 885 605 369 925 646 910 717 679 727 106 678 711 241 730 775 970 461 795 2 607 712 931 68 396 983 515 114 460 375 492 183 113 703 484 168 286 599 817 471 743 571 443 962 667 97 606 359 776 334 708 871 251 347 381 53 230 482 869 13 985 939 189 63 76 236 93 451 60 489 341 272 909 216 557 431 704 121 548 465 177
842 166 982 333 511 435 755 779 896 624 419 573 505 260 93 384 454 384 308 527 53 371 7 181 456 722 203 65 156 153 978 490 596 610 807 796 45 231 39 722 688 14 284 808 893 630 285 18 126 459 222 159 648 80 354 253 703 180 446 215 261 184 53 232 471 380 957 496 894 880 856 67 344 986 28 852 1 387 604 519 465 152 642 488 199 1 832 109 990 246 608 412 477 465 869 179 359 928 330 164
824 710 670 353 895 882 181 440 380 685 814 140 511 882 699 470 754 666 443 207 12 943 774 146 418 215 836 237 458 292 328 751 731 505 723 652 898 352 663 552 769 326 474 520 149 73 385 744 535 279 578 907 797 984 725 123 938 292 6 308 523 704 199 370 822 513 478 925 564 594 619 201 166 694 735 719 539 821 642 213 281 638 889 320 263 429 593 372 266 369 109 309 209 5 465 162 724 664 503 152
316 697 900 227 66 909 267 845 898 426 112 695 225 63 299 507 854 911 578 493 3 638 208 986 897 22 945 311 615 168 454 535 739 231 36 353 616 587 298 39 586 272 150 444 49 323 537 986 7 350 696 416 927 12 21 525 830 970 248 739 228 643 194 645 651 970 551 530 752 852 980 50 569 911 344 47 779 109 755 1000 808 618 880 420 703 216 158 41 389 878 861 845 73 621 579 185 890 89 401 941
965 381 483 784 556 204 386 29 4 529 904 912 304 866 85 200 714 968 650 955 814 151 103 308 546 94 939 468 37 960 246 68 770 738 29 401 620 9 485 520 461 281 377 153 584 664 594 892 218 282 849 877 730 574 387 319 216 295 452 414 370 393 781 153 315 831 318 32 962 691 797 734 409 496 34 812 376 885 536 682 502 433 517 132 874 279 79 327 260 867 994 799 857 145 618 155 532 19 831 236
200 309 536 809 236 347 921 723 914 872 790 669 175 112 795 892 884 801 967 35 917 17 161 409 638 53 149 850 788 883 576 238 17 415 145 150 70 29 658 446 889 604 592 926 341 669 111 705 426 778 747 907 410 909 766 67 829 18 795 404 390 302 682 548 870 10 261 286 553 95 759 875 766 232 738 501 132 587 574 961 528 267 612 52 947 724 465 805 523 10 551 861 144 905 208 884 256 196 43 288
271 979 915 719 191 969 930 516 769 198 492 22 666 203 915 828 225 43 346 920 927 207 286 290 613 157 557 15 281 865 244 314 502 853 164 111 560 707 560 852 447 552 431 549 653 842 568 589 692 146 705 697 244 694 285 399 407 415 447 740 229 744 752 641 32 72 122 348 865 488 78 325 129 309 40 939 959 921 536 922 880 789 220 821 826 627 395 740 337 183 154 430 322 844 251 509 95 153 699 921
300 668 22 285 884 113 117 332 627 382 780 920 628 739 628 608 427 242 730 400 391 651 77 154 29 345 227 871 603 571 293 549 573 254 649 142 58 786 767 334 600 140 537 889 371 513 361 7 864 620 728 944 110 780 240 940 487 854 899 777 391 102 802 865 271 346 988 268 736 719 263 118 928 429 312 728 403 807 130 374 281 83 598 696 381 610 956 42 646 587 520 392 355 170 312 285 645 977 398 348
872 738 132 275 108 536 826 190 391 129 864 794 597 355 462 81 754 293 767 311 141 435 726 293 607 683 297 558 828 687 152 238 898 527 867 891 537 104 98 776 315 334 987 563 719 633 535 941 553 905 827 435 741 687 90 199 600 841 532 618 814 315 322 424 46 947 803 425 856 379 291 609 776 684 338 30 232 879 708 948 778 531 390 528 392 390 147 392 331 918 795 158 281 190 224 356 86 315 185 68
479 999 917 695 476 544 256 880 71 60 415 438 490 335 448 265 529 755 814 469 83 976 373 526 104 854 558 540 82 423 978 145 676 284 780 40 533 83 203 505 506 292 211 454 77 793 333 693 769 820 269 17 71 492 907 648 612 85 410 503 785 568 805 964 567 218 673 463 810 77 653 807 760 649 384 879 598 530 353 9 315 401 542 125 51 402 10 96 108 458 999 572 670 74 389 245 896 698 626 508
376 783 984 501 261 622 122 856 459 356 319 636 180 996 751 899 289 367 230 658 100 61 838 850 843 683 432 868 150 929 825 754 916 462 948 398 477 219 47 172 30 281 966 742 460 84 630 190 20 506 598 584 822 435 964 229 34 751 954 765 884 657 257 468 425 513 758 812 904 13 729 214 588 424 240 526 630 72 507 425 794 317 766 826 270 500 52 639 399 170 248 892 474 782 254 973 514 23 823 615
94 212 767 713 867 866 207 712 135 377 155 255 895 149 574 809 255 886 867 536 586 72 593 914 743 666 850 119 60 85 258 745 497 519 811 917 85 156 173 475 44 611 335 712 637 333 398 911 204 765 889 545 334 630 132 155 44 351 160 432 632 320 683 863 642 958 20 881 811 332 928 414 404 266 644 233 590 443 195 140 428 234 696 840 822 503 748 974 625 512 906 498 999 975 992 533 712 756 109 123
402 169 179 34 834 600 900 736 671 517 550 638 415 355 600 416 367 992 846 934 746 724 937 348 891 496 879 711 263 153 832 181 566 554 971 36 233 617 280 7 180 467 759 772 552 253 407 483 702 277 392 940 154 513 170 865 798 448 446 162 435 429 241 129 548 107 304 322 416 471 927 239 332 68 993 663 114 46 971 297 683 830 868 696 507 245 548 702 891 129 348 351 169 87 768 489 922 712 475 397
718 547 240 639 956 951 961 16 4 160 908 613 405 561 312 414 479 596 935 455 759 626 6 208 411 686 465 976 412 679 733 461 780 68 961 50 205 484 427 148 337 758 387 437 797 257 488 465 89 463 251 278 250 919 18 351 744 365 92 765 589 727 30 116 723 609 127 478 536 259 34 299 206 42 718 635 653 608 219 900 304 681 498 269 300 422 559 686 520 869 414 356 832 144 661 364 19 412 37 455
680 979 105 496 879 892 89 468 970 827 163 249 568 865 276 593 545 866 851 260 310 763 472 59 736 259 566 750 278 934 236 777 509 408 798 869 211 39 351 596 802 552 944 451 332 797 447 890 422 737 73 737 621 58 854 860 23 819 606 261 774 734 970 682 457 980 110 205 538 150 690 915 274 671 316 633 665 239 333 584 17 285 876 380 161 587 404 595 527 826 79 992 595 172 225 988 401 808 60 767
77 175 949 879 248 173 511 285 265 530 253 555 388 266 285 163 660 880 287 902 41 70 532 17 47 896 904 80 736 536 495 84 303 255 893 549 673 464 733 98 832 531 665 540 642 542 361 744 162 319 968 148 609 358 551 839 751 287 363 503 905 973 76 257 41 140 331 919 186 872 327 528 355 416 97 203 611 223 787 91 380 830 780 29 24 512 247 753 514 832 278 847 225 558 436 199 956 55 94 964
551 505 753 247 194 140 634 572 637 914 590 420 329 195 599 688 686 296 651 548 558 710 510 171 583 712 552 650 356 736 539 90 718 912 55 644 726 203 198 97 837 292 927 762 990 235 131 298 999 541 797 891 985 492 182 57 974 235 707 129 1 11 425 730 314 76 500 152 597 218 527 138 249 592 773 593 887 27 92 932 470 329 478 857 897 335 621 393 783 932 474 138 528 298 310 735 867 318 224 948
127 8 752 793 916 977 808 536 400 358 429 25 405 691 195 378 369 656 150 999 756 523 121 274 869 489 0 120 489 384 446 490 339 288 611 417 506 173 140 972 240 195 121 62 581 207 824 595 281 628 860 752 921 235 973 64 912 448 372 760 819 586 871 188 819 68 307 436 977 543 875 430 628 821 85 226 527 455 458 320 287 546 592 9 830 12 550 79 171 986 265 930 40 965 126 686 537 734 51 778
899 66 836 109 258 13 915 127 936 774 956 351 616 884 983 19 491 969 627 916 407 818 584 830 772 985 494 2 667 489 228 433 307 526 326 717 147 118 400 586 95 965 771 794 21 292 180 226 796 538 499 543 126 13 237 393 846 590 324 251 457 832 856 552 836 549 445 332 218 912 973 183 281 13 290 700 328 354 377 566 478 174 826 275 97 185 974 338 709 287 92 641 284 678 847 781 458 456 842 248
867 112 37 593 491 771 154 731 613 108 632 6 321 623 774 560 831 319 714 113 347 950 188 115 56 397 517 376 670 649 819 326 526 82 810 27 314 112 443 9 358 995 519 357 800 233 295 803 328 549 608 555 932 515 7 657 703 327 569 280 927 108 714 788 506 816 727 702 474 722 521 423 932 687 702 388 96 584 5 148 858 88 75 213 412 107 304 215 656 14 770 944 580 79 24 804 415 624 657 997
372 822 739 400 120 605 218 72 13 613 501 347 436 450 25 772 736 881 396 715 146 620 185 593 405 40 840 9 230 655 674 955 781 811 280 476 644 491 383 266 769 111 372 587 14 587 602 905 49 559 909 310 578 592 398 507 600 95 876 778 146 661 739 979 359 464 743 200 283 95 567 181 176 359 272 752 359 558 539 226 667 450 961 241 594 650 211 75 323 984 267 428 133 908 243 591 604 937 211 873
924 659 394 353 415 681 824 471 539 183 914 756 989 525 305 619 266 386 10 484 818 992 619 482 555 279 450 740 447 878 820 314 47 628 997 872 276 483 250 630 394 144 510 95 882 911 307 349 848 33 342 566 62 731 211 254 578 531 205 392 823 80 560 556 807 435 967 685 859 301 972 480 787 511 534 684 808 478 940 598 399 318 105 453 655 33 656 864 318 503 683 329 192 993 87 112 662 599 661 400
527 914 533 458 441 179 167 206 791 981 555 576 520 227 161 760 205 137 2 790 129 681 12 587 668 896 775 126 87 426 922 139 415 548 179 77 753 541 934 292 327 486 970 589 194 184 415 835 502 55 467 489 546 536 34 612 536 43 312 246 176 878 149 499 455 39 233 247 242 42 651 290 484 471 116 814 660 538 626 564 778 137 275 754 397 86 447 795 625 225 491 959 886 46 763 465 597 429 133 737
301 732 574 965 427 722 83 285 245 738 491 812 641 164 110 143 841 65 895 449 821 379 458 859 588 277 197 399 544 16 132 92 173 726 461 989 580 93 347 991 272 592 919 629 230 995 225 35 214 394 184 815 213 548 647 815 929 645 195 667 76 437 271 996 841 636 410 800 925 307 78 570 394 439 834 546 504 541 291 126 159 364 221 490 391 749 983 294 659 369 908 513 868 962 982 733 819 456 837 97
621 340 963 362 414 84 694 440 828 888 391 729 634 317 499 791 757 914 644 649 26 406 92 545 374 424 219 109 883 219 700 576 792 990 729 472 796 386 609 576 68 237 70 363 887 666 488 679 969 370 605 327 728 681 591 218 961 400 589 417 724 14 586 569 59 98 548 379 239 541 704 761 367 355 284 695 21 912 237 119 647 928 812 767 291 139 590 108 858 914 176 132 725 245 92 341 977 166 259 127
894 232 878 497 407 368 294 830 843 506 162 619 904 620 547 690 115 362 871 284 546 111 549 645 720 473 490 560 656 516 494 24 494 178 622 23 834 536 222 961 171 649 469 966 663 50 298 815 901 120 174 53 545 837 774 599 523 509 788 688 88 142 824 516 336 963 164 304 961 834 681 786 496 981 976 670 557 969 814 301 266 678 957 325 372 799 26 818 571 699 759 842 192 891 59 939 722 32 580 401
224 795 152 583 247 995 949 342 578 561 569 93 963 810 648 464 184 312 146 512 874 366 413 527 278 86 63 511 178 884 782 258 518 634 357 874 999 693 938 701 284 950 596 7 554 177 367 135 830 235 347 773 847 469 846 786 734 986 526 407 100 122 481 379 833 141 326 351 350 992 441 525 321 645 496 58 679 179 662 49 722 569 917 961 289 960 444 2 12 410 955 968 8 640 397 913 576 357 959 810
216 385 622 87 760 89 538 988 752 450 309 547 561 644 789 768 863 748 156 225 892 306 295 675 426 985 569 771 100 729 350 999 727 614 997 297 491 435 580 364 764 919 506 232 477 719 588 193 713 915 735 940 313 584 823 244 42 144 499 946 182 433 477 91 784 822 987 426 128 818 131 225 178 714 949 639 650 799 797 190 985 461 282 522 796 584 937 590 821 897 432 637 276 485 514 697 936 673 857 834
359 227 98 362 478 620 888 229 503 717 166 897 379 200 745 822 499 156 486 389 623 594 352 69 399 296 1000 138 506 356 627 100 794 658 153 686 803 525 796 308 634 496 633 182 324 367 701 494 383 174 164 797 790 629 208 688 315 44 434 528 160 332 371 493 313 85 429 405 328 654 121 771 18 762 384 127 159 108 162 778 871 685 661 943 19 215 944 794 100 156 913 509 873 36 365 187 698 873 684 690
767 431 64 18 292 142 543 73 580 261 754 287 308 208 703 323 383 110 367 80 173 571 518 285 610 726 311 859 938 682 621 653 109 234 739 308 590 499 874 748 146 637 686 293 873 795 898 222 651 461 730 265 554 756 221 948 63 724 297 965 712 23 479 797 572 175 647 228 411 414 294 455 672 647 440 255 919 483 815 77 67 491 416 304 320 700 850 63 309 949 586 385 538 884 505 734 444 18 147 722
281 964 111 267 517 360 437 673 706 766 287 983 177 755 893 388 697 189 720 327 559 237 264 545 589 852 176 560 574 90 92 710 153 38 893 600 147 181 201 386 487 517 703 823 879 820 767 424 210 259 512 788 409 761 139 78 62 779 279 994 657 304 86 180 634 875 198 979 299 628 464 254 748 728 549 200 470 950 325 973 321 590 613 100 121 320 38 812 24 877 470 546 466 931 299 331 564 969 252 582
631 93 991 586 749 318 116 852 752 133 181 82 795 970 765 383 996 561 394 375 365 234 279 365 734 772 879 236 0 785 182 991 847 613 353 512 517 918 285 240 277 178 913 81 977 577 926 909 584 720 856 634 34 95 290 610 285 529 776 629 506 469 718 212 559 877 575 852 373 880 992 789 307 833 953 357 744 455 163 162 792 408 852 641 926 692 547 751 716 715 895 979 46 348 305 980 501 186 670 708
668 650 882 890 35 659 402 972 343 341 236 747 930 735 934 396 805 954 152 554 226 615 874 644 865 158 69 171 855 755 246 481 578 341 388 202 438 454 214 189 539 331 463 431 435 611 633 7 853 285 109 455 552 179 832 594 895 413 990 165 465 976 639 983 958 305 203 494 186 550 747 350 572 648 290 425 714 828 476 690 665 96 919 258 376 23 332 704 278 186 938 683 658 875 529 665 841 458 420 578
937 357 417 803 41 513 843 622 763 317 346 572 249 378 569 420 283 462 201 765 150 364 572 993 708 15 834 99 326 669 255 412 174 945 423 650 925 694 6 295 865 438 129 191 832 607 136 102 303 677 737 302 116 655 942 731 520 784 70 316 878 305 834 683 395 479 552 833 60 901 268 657 691 823 407 68 183 334 519 88 819 215 928 251 841 497 338 734 874 54 587 41 416 865 35 312 299 345 741 458
437 64 165 152 143 509 550 118 446 940 277 283 906 986 23 232 755 192 522 776 884 920 867 507 180 95 568 859 127 146 812 240 82 865 431 149 418 698 526 645 161 701 141 504 352 529 860 410 50 918 401 184 394 812 127 52 517 537 672 115 755 546 450 13 848 484 58 657 700 201 22 993 869 453 883 266 252 95 993 215 936 463 148 516 785 358 857 977 753 167 758 298 996 168 76 926 831 408 751 903
170 335 31 762 609 688 47 133 455 284 224 854 434 384 569 610 993 900 193 718 427 594 107 231 630 885 266 860 698 957 200 695 149 510 872 999 205 310 96 165 195 955 493 711 161 201 741 176 509 305 199 895 166 855 190 219 91 909 184 161 0 444 63 612 780 999 49 627 866 208 613 175 437 538 882 701 716 286 863 823 540 347 737 142 529 285 181 989 654 24 950 977 215 120 985 812 529 181 952 663
601 29 65 620 133 807 441 684 108 407 63 119 70 896 735 935 884 162 53 22 150 375 553 397 557 604 472 195 988 710 906 839 834 292 328 414 249 148 720 995 632 532 708 38 486 747 239 43 403 339 220 899 573 297 163 426 979 242 785 662 390 171 91 490 277 358 411 284 924 154 381 878 290 418 368 113 647 889 426 251 486 504 737 705 61 773 245 929 317 967 59 581 260 594 246 441 593 102 86 694
425 628 998 741 294 105 428 386 774 451 50 3 802 196 25 480 27 630 555 941 535 693 95 885 568 667 901 680 117 81 652 210 482 831 363 453 688 950 601 84 948 47 211 256 108 195 940 424 888 192 142 444 549 880 697 352 794 838 147 754 32 634 204 856 9 99 409 361 300 275 174 331 419 796 761 298 980 514 354 333 449 478 336 626 657 518 638 785 639 486 727 91 993 779 30 77 539 887 16 851
637 743 396 902 944 231 32 762 636 180 629 510 607 883 921 502 789 227 648 654 222 188 970 487 193 765 225 206 889 994 844 701 593 841 430 380 495 728 426 613 104 407 797 392 6 145 134 370 506 580 322 361 466 689 608 664 950 188 670 883 96 179 759 492 773 173 995 761 46 934 516 442 864 315 986 986 823 263 516 150 838 179 660 530 25 13 610 745 161 68 601 760 822 615 48 720 449 1 739 417
167 475 248 882 281 127 659 219 448 231 923 768 139 951 11 87 574 785 536 790 289 769 598 518 121 574 501 621 717 723 104 329 129 830 677 580 509 59 73 212 46 799 495 737 277 232 596 780 415 541 635 397 14 301 695 868 667 949 955 186 4 133 513 378 464 534 757 82 366 320 158 136 260 907 310 429 462 684 975 141 928 23 529 976 163 252 683 219 48 708 398 950 753 933 947 366 965 537 831 188
912 54 289 197 504 386 426 436 904 153 213 782 839 899 371 507 305 466 690 768 50 918 992 961 238 594 409 142 918 205 496 201 855 422 841 201 598 460 528 900 856 245 713 617 149 487 806 397 949 432 875 967 698 99 634 288 498 199 606 569 981 918 477 669 357 55 565 135 886 697 622 959 308 174 620 889 984 518 96 489 0 726 741 943 912 972 714 711 483 442 926 903 139 594 663 278 618 272 814 240
842 566 949 861 36 0 728 611 612 470 657 850 270 383 143 688 425 116 474 792 551 865 575 138 194 827 458 931 793 993 128 242 23 641 18 996 322 272 141 518 314 31 83 664 530 807 679 741 552 655 929 719 933 869 665 796 587 392 180 197 27 701 496 411 136 15 790 452 83 499 426 304 775 746 228 474 540 221 571 633 442 913 482 283 99 266 28 797 622 594 173 605 767 204 387 873 399 994 978 404
446 803 757 49 424 620 281 732 443 598 673 794 253 227 126 680 907 291 198 681 293 113 958 6 951 484 853 763 362 651 338 106 890 981 964 872 478 133 994 677 967 831 828 682 887 230 257 380 497 49 602 834 670 691 40 661 419 105 371 426 766 867 158 215 307 211 42 978 144 331 355 992 824 922 886 236 113 525 64 811 913 238 999 904 392 706 68 636 281 87 486 419 534 592 893 956 815 98 761 749
68 168 457 476 346 710 140 524 851 212 712 44 383 13 688 989 132 55 492 161 210 842 163 31 524 753 137 56 904 260 884 733 861 187 972 978 273 324 716 634 180 275 638 222 914 122 412 22 157 485 842 610 916 200 468 616 292 137 65 295 45 66 750 894 991 447 728 767 824 431 697 190 857 557 207 123 306 368 637 944 116 865 86 596 341 302 917 476 631 179 841 316 691 500 265 368 422 530 700 631
685 304 215 395 726 568 963 652 91 641 276 576 330 466 711 338 449 273 351 596 967 461 938 358 59 648 934 590 986 366 676 832 182 712 112 315 113 760 376 549 581 673 547 608 230 161 884 67 322 776 12 961 619 323 590 640 830 111 4 143 459 366 705 82 844 901 391 61 269 497 240 105 255 268 259 215 831 35 586 728 713 160 405 521 963 618 729 373 336 321 121 803 561 784 331 594 477 535 998 426
667 837 970 354 224 862 381 367 277 214 894 438 120 273 441 824 60 233 966 287 197 322 327 949 426 716 716 383 702 334 321 979 733 951 811 614 821 937 185 506 713 627 913 678 557 699 7 768 973 658 620 891 460 232 572 706 975 822 355 718 741 980 306 145 200 940 14 890 731 179 161 369 142 446 870 529 494 485 946 477 252 256 784 876 644 225 717 500 375 200 515 662 702 681 592 218 471 871 241 603
860 344 79 914 902 981 686 20 975 28 864 794 950 583 32 353 251 536 643 598 742 613 701 238 107 756 165 791 745 522 480 190 251 460 499 284 313 450 430 1 698 792 861 409 291 44 714 306 801 856 835 898 178 622 146 566 692 426 99 847 324 890 202 94 481 236 139 108 942 673 684 804 715 769 991 136 862 580 820 331 738 655 127 385 753 325 511 723 42 615 642 810 60 418 88 23 78 528 330 827
744 601 45 176 545 340 792 711 275 850 919 85 757 914 842 699 538 611 334 676 485 226 240 224 600 696 91 322 731 614 418 883 109 587 195 169 830 853 536 363 282 219 88 59 120 862 572 563 722 255 933 900 789 259 386 219 954 519 428 187 860 518 223 181 353 494 515 299 775 388 232 443 57 284 889 193 605 882 743 95 153 648 28 365 729 141 703 228 640 896 102 935 556 201 663 133 278 575 599 17
182 17 146 707 728 55 213 59 404 416 703 983 318 713 410 355 700 570 95 264 631 979 276 786 816 459 931 618 290 870 640 254 869 269 480 669 54 32 90 197 313 530 696 476 965 558 499 970 759 153 454 829 511 622 618 301 110 899 253 214 704 875 556 770 172 305 203 683 900 119 510 106 998 291 933 244 421 286 322 389 563 224 568 520 511 753 586 970 684 758 121 643 234 192 711 740 192 854 491 446
599 937 276 16 564 397 461 167 350 118 188 108 445 629 662 950 154 100 124 703 948 752 722 29 26 813 410 472 134 161 813 350 319 352 969 727 583 159 912 276 466 85 702 902 940 332 772 587 934 77 731 275 19 721 943 47 289 473 553 176 288 299 153 192 459 970 340 460 728 434 263 441 216 972 97 904 474 141 289 436 951 667 435 125 250 919 904 724 738 579 385 285 878 801 508 964 916 233 652 260
418 869 76 45 859 870 241 787 907 0 532 883 980 57 335 350 143 779 504 907 218 764 435 408 196 776 314 84 500 821 320 471 909 372 289 421 645 375 953 384 708 900 832 214 165 951 378 699 239 184 720 527 809 598 124 120 975 980 859 257 564 665 60 663 611 34 102 399 400 499 665 472 861 771 775 103 381 424 581 864 273 921 494 145 122 593 415 158 877 370 852 122 936 109 334 812 651 283 773 335
558 212 355 771 444 833 304 432 312 505 136 897 728 780 685 654 129 274 529 826 351 565 173 986 76 701 640 732 705 760 54 665 208 365 727 787 837 241 332 22 392 915 600 567 953 757 335 910 940 760 613 605 173 916 770 13 485 282 525 958 590 45 963 573 307 26 455 990 191 708 45 419 651 153 1000 963 945 61 998 295 299 199 203 976 616 677 415 1 436 659 353 993 863 845 748 935 475 275 907 674
54 615 372 207 424 998 715 442 809 40 36 480 747 461 845 288 672 954 348 295 66 373 89 660 233 256 910 361 155 627 790 928 454 569 102 236 595 179 29 170 539 492 642 995 647 713 96 202 522 974 362 983 949 615 85 315 180 656 600 418 840 72 940 964 255 312 237 985 91 225 945 136 420 894 761 396 937 865 74 733 108 435 916 852 556 79 905 699 527 41 447 121 839 976 426 501 75 670 518 780
544 352 249 525 855 483 265 263 612 692 286 681 498 953 737 494 665 543 820 919 134 931 552 72 83 149 823 562 512 431 404 8 777 711 851 542 582 47 954 437 391 743 526 752 0 670 936 953 545 128 904 310 628 499 243 476 437 668 567 387 940 98 119 424 716 178 309 938 917 230 418 627 447 582 283 933 349 111 52 98 965 871 464 418 278 841 947 869 622 437 495 665 650 180 242 66 879 295 878 717
419 220 784 274 981 45 717 693 348 598 2 87 280 599 545 801 691 441 50 334 162 257 698 215 950 926 795 17 486 485 722 540 305 231 475 528 570 559 644 928 868 844 62 572 584 471 846 60 734 396 483 32 634 925 127 367 901 675 212 922 409 455 360 339 154 92 247 163 137 976 787 793 485 542 58 937 894 746 197 793 484 522 136 400 780 1000 155 35 869 790 974 522 482 130 668 483 417 436 868 730
873 740 567 538 712 937 275 405 182 721 676 488 526 821 392 418 965 406 848 173 456 566 922 278 27 131 510 829 89 708 263 769 598 663 364 147 933 573 48 161 820 42 526 561 934 3 106 81 353 867 605 829 156 290 743 94 48 269 16 553 980 654 758 165 695 836 900 201 818 298 967 993 106 353 261 37 139 204 455 409 357 894 275 377 83 416 278 429 754 974 590 672 30 319 90 438 301 573 384 43
761 193 933 598 723 385 215 461 958 29 816 193 481 63 855 958 135 940 932 345 377 388 914 330 982 960 854 419 161 408 403 119 525 777 320 608 940 449 73 683 189 146 102 786 540 202 928 565 850 969 318 113 326 65 349 682 691 999 808 313 30 164 350 531 848 500 531 638 302 63 250 654 599 28 144 799 294 228 987 387 318 99 74 135 614 662 912 533 989 764 312 378 452 863 26 278 64 606 282 707
517 165 134 692 927 659 217 44 199 320 853 436 817 674 790 233 668 220 535 201 754 624 866 422 84 863 76 35 161 295 558 839 231 757 264 765 781 882 23 618 557 637 624 521 351 8 69 656 994 804 364 804 193 27 681 72 106 663 552 615 124 135 36 75 661 900 531 20 397 196 328 862 115 127 162 640 733 597 215 346 574 693 658 908 684 905 805 840 734 16 392 601 680 288 6 378 174 655 83 222
742 925 539 109 713 323 778 870 813 795 152 364 460 155 324 470 168 818 231 883 765 710 409 437 135 914 529 630 935 265 333 997 600 591 193 117 997 444 327 486 830 558 170 244 934 625 712 547 635 571 933 57 521 239 764 675 707 7 860 208 810 297 203 354 513 314 696 759 145 66 623 423 243 136 374 798 1000 625 194 665 600 664 341 148 675 795 223 154 787 812 196 582 800 438 348 732 809 141 27 18
288 196 852 227 936 694 13 790 762 809 94 118 584 882 725 603 27 657 308 110 828 865 863 45 630 204 100 460 705 495 902 619 280 102 535 870 674 12 865 570 95 654 802 545 665 576 204 688 838 234 908 434 482 15 999 184 259 636 728 395 36 502 343 321 499 234 456 689 191 585 324 760 944 171 864 888 397 444 330 531 111 407 859 328 383 715 124 665 397 62 574 722 418 213 978 239 170 285 168 616
434 887 566 859 997 611 794 728 761 470 815 22 384 198 251 451 513 405 586 726 211 8 857 826 814 823 840 365 352 104 211 194 431 825 314 292 786 698 815 683 34 666 837 334 655 794 661 352 192 964 346 94 661 498 211 924 715 934 270 917 860 404 318 1000 780 955 304 79 746 600 300 806 1000 849 121 963 339 823 127 100 705 107 587 343 762 314 473 569 879 565 431 636 181 338 263 388 640 975 505 3
970 944 917 433 277 616 405 180 630 706 32 38 864 209 778 462 835 421 369 31 105 668 744 541 745 503 894 366 70 448 343 353 406 859 110 611 869 372 828 565 155 127 426 153 402 90 925 251 633 617 774 785 107 726 621 109 703 99 623 757 29 924 334 858 778 96 776 458 661 266 911 711 552 181 470 303 769 932 21 786 256 958 468 961 350 906 266 901 211 744 450 90 491 665 626 612 877 433 902 133
426 814 552 936 452 768 303 205 984 828 379 728 278 588 683 339 292 19 587 981 996 675 872 607 14 786 439 47 997 321 289 651 547 18 532 684 340 383 973 61 2 45 240 649 824 285 686 605 326 95 63 785 450 183 390 211 698 766 411 198 172 163 251 990 39 446 877 639 609 965 284 787 397 529 560 221 561 0 559 34 380 1000 717 743 806 436 215 471 892 483 125 324 938 820 223 94 555 109 130 950
331 576 454 600 720 445 965 986 143 896 848 763 969 540 41 829 832 540 841 450 421 115 958 838 618 485 396 857 433 280 185 180 553 192 971 529 416 439 142 896 904 229 381 899 935 986 149 879 852 387 299 444 463 892 163 260 498 509 541 807 150 562 456 549 733 7 259 780 204 246 204 849 234 437 631 833 190 413 214 132 920 93 119 970 54 788 12 466 912 883 895 694 251 245 548 109 546 337 314 981
841 175 489 8 425 315 286 569 1 194 310 293 207 438 494 83 704 842 851 777 553 964 899 873 296 802 333 814 689 1 111 275 384 679 459 92 734 466 749 540 421 258 604 813 9 96 164 543 30 866 189 452 254 316 740 482 703 671 761 232 877 332 569 873 296 241 829 192 523 894 189 701 916 51 708 111 931 609 644 975 906 349 937 297 350 318 89 281 957 362 598 845 244 686 449 45 431 699 557 486
176 497 124 991 13 920 50 349 108 171 443 536 508 545 754 235 659 2 269 117 540 368 47 7 590 499 181 442 974 552 441 935 221 379 599 417 581 662 382 266 682 725 635 935 914 31 46 332 168 765 310 753 547 545 991 78 372 903 911 191 232 643 747 768 713 788 754 988 721 229 750 28 778 362 382 958 632 584 182 433 746 893 111 688 715 138 64 429 131 814 622 820 983 526 484 521 817 350 681 905
778 11 107 846 67 543 441 715 567 139 796 608 450 423 162 754 902 572 996 745 368 358 432 957 982 618 123 252 411 569 49 277 951 716 65 400 741 187 914 378 713 121 879 708 472 40 588 833 283 732 614 279 84 57 748 253 556 521 325 211 211 831 663 751 177 735 935 437 585 588 762 160 604 551 629 221 37 695 704 695 476 405 968 35 244 150 884 66 961 892 48 195 684 192 77 353 670 81 548 462
512 448 530 812 676 774 898 313 775 154 255 810 861 728 402 85 49 321 28 239 891 850 808 859 514 191 201 207 910 762 350 940 286 326 808 697 851 420 61 51 944 891 871 611 862 358 342 30 385 340 918 218 273 354 701 870 780 507 950 551 726 246 902 896 672 504 542 875 970 899 513 532 651 388 124 775 352 408 129 152 118 163 269 458 59 190 519 453 221 718 589 99 337 902 932 532 498 191 833 978
682 322 610 378 443 123 625 152 560 498 769 240 246 625 277 155 470 923 767 961 348 970 318 270 273 967 425 766 655 750 503 488 650 676 877 9 52 327 989 96 469 613 165 332 685 744 688 665 495 140 384 82 88 142 610 603 746 140 104 268 231 6 370 918 10 75 957 818 627 779 548 147 296 165 944 605 851 229 802 947 389 485 988 215 925 640 376 201 970 267 210 991 997 40 651 753 108 761 171 146
957 735 604 438 36 301 530 483 580 944 332 357 842 390 27 29 484 924 752 956 97 716 267 818 414 992 827 174 775 37 426 885 849 713 999 158 240 146 516 499 367 272 813 915 437 333 171 221 554 521 776 823 561 912 89 467 201 523 119 383 713 54 814 349 186 576 804 376 485 773 492 944 946 250 600 935 189 174 214 885 38 281 755 229 220 344 869 784 200 970 805 339 608 466 887 106 606 256 981 216
314 222 896 303 805 667 600 399 693 272 3 234 34 612 516 693 464 971 583 607 505 565 94 685 200 96 991 123 405 359 920 762 478 258 99 715 302 476 177 953 337 137 174 586 397 846 738 769 461 399 988 566 594 367 248 196 758 537 410 832 378 93 82 339 949 816 174 82 394 633 178 761 150 758 882 488 70 649 170 675 194 777 159 597 86 723 999 676 101 853 101 128 49 939 113 575 25 436 402 529
322 445 656 393 170 572 298 209 600 727 972 957 609 309 709 513 954 507 100 529 698 320 833 103 959 958 708 565 907 297 867 466 287 672 840 925 284 575 739 159 432 284 807 715 862 128 57 868 850 290 669 805 654 318 115 66 113 980 632 932 204 676 988 874 206 708 410 424 253 237 172 928 460 239 15 160 302 611 630 147 589 970 618 238 748 671 747 194 675 696 820 330 282 472 973 681 258 56 474 533
784 811 293 122 718 3 882 521 897 990 573 553 573 99 670 128 457 902 778 726 138 682 1000 621 916 6 284 338 976 542 937 67 927 774 183 568 301 225 857 99 771 728 905 735 117 651 184 950 434 211 93 7 42 803 203 534 220 136 786 844 354 955 499 139 373 111 4 465 179 223 95 683 52 65 765 496 488 474 832 932 468 927 390 283 483 158 871 524 91 430 604 316 771 389 482 484 508 173 541 187
236 624 121 458 422 8 976 134 441 109 640 73 427 23 456 419 691 930 238 960 318 202 217 975 419 233 388 454 232 409 538 998 700 516 424 389 762 337 850 13 746 663 419 85 573 73 217 627 640 453 427 859 70 783 709 904 308 843 785 269 251 794 117 746 505 594 736 912 199 24 196 150 908 600 939 655 538 984 552 112 922 107 631 391 627 460 998 642 662 252 668 687 628 729 988 141 104 304 138 705
338 391 314 99 500 840 583 122 150 819 656 164 419 552 991 78 927 422 857 198 503 585 220 269 320 767 199 534 787 686 998 995 590 72 669 165 279 548 435 438 612 329 984 23 796 924 53 290 566 218 585 552 651 717 340 861 3 828 898 191 40 31 449 214 26 958 85 507 488 347 477 456 939 706 405 163 442 111 112 520 591 859 379 770 940 878 519 461 34 194 34 1 634 121 378 705 726 989 931 416
279 863 313 358 509 563 547 374 41 108 923 640 456 442 705 192 160 510 298 206 96 169 57 308 20 190 589 643 199 625 173 71 780 771 290 823 678 172 943 255 195 226 16 482 583 97 442 417 745 836 411 94 903 102 621 531 962 864 570 99 384 329 399 483 3 224 857 713 297 655 533 921 820 512 998 692 976 561 172 587 874 253 236 637 604 458 770 16 646 827 969 678 393 908 652 959 328 125 521 114
105 886 820 576 337 273 168 230 278 650 383 378 33 327 421 501 812 954 622 6 245 828 515 568 922 459 161 858 256 957 967 803 890 457 214 338 500 862 808 907 207 107 129 619 816 613 685 415 342 118 478 309 620 711 988 92 17 229 877 61 670 533 93 345 931 711 249 909 613 368 615 290 742 700 689 115 315 52 132 305 209 884 299 498 905 806 865 69 661 718 395 327 269 511 45 92 713 626 2 538
354 811 385 82 783 770 709 756 49 764 800 679 764 814 416 714 234 715 719 244 858 9 10 892 69 52 817 758 826 390 695 810 625 919 152 993 200 909 819 932 283 107 739 965 60 212 563 19 398 392 604 739 796 574 361 34 644 546 511 106 681 709 391 67 662 593 786 956 43 278 721 396 57 343 840 533 986 690 457 695 112 216 186 237 618 157 827 503 391 932 175 74 976 882 203 295 307 224 292 341
98 765 247 717 510 958 852 719 552 26 394 368 470 854 124 436 774 703 619 925 765 653 300 790 260 399 546 446 973 6 804 501 584 651 558 673 804 821 937 178 640 417 49 100 935 105 399 840 986 51 223 641 36 473 96 837 229 86 652 613 423 522 121 171 457 616 866 439 168 225 692 920 512 155 360 754 722 862 467 520 436 935 737 542 505 455 609 948 521 252 343 577 875 352 667 46 52 567 586 944
519 831 379 249 324 925 600 392 827 941 204 796 159 805 963 967 296 7 446 765 385 250 439 807 193 623 758 899 441 958 690 785 387 96 7 703 828 330 129 224 124 491 540 583 396 213 766 21 428 636 377 288 441 124 111 383 193 839 69 156 48 834 45 306 110 725 635 547 814 511 691 554 356 66 745 517 163 159 868 42 77 760 856 422 569 360 18 175 909 199 721 529 638 596 596 494 631 956 782 100
61 402 983 279 199 949 309 688 606 789 938 179 816 398 502 583 412 60 461 195 190 978 419 706 990 191 345 762 127 899 994 959 659 723 22 87 762 651 451 593 731 991 290 999 874 972 84 277 489 511 468 257 247 959 18 648 326 339 145 870 783 145 821 542 294 661 734 968 640 440 896 343 956 58 691 373 638 765 106 370 57 549 317 159 263 477 431 430 906 625 410 672 585 446 984 3 490 384 454 887
25 531 145 107 522 248 229 208 904 968 345 553 678 434 105 565 960 588 86 249 733 307 299 24 945 667 394 305 182 614 953 731 950 810 338 238 470 379 467 860 613 883 91 551 750 666 930 449 514 19 566 352 561 601 275 222 507 29 200 713 753 200 811 246 358 256 20 831 171 243 388 516 850 228 758 11 923 465 468 636 411 756 478 680 386 200 176 914 37 211 538 212 984 569 708 905 478 693 792 510
296 42 907 797 403 427 307 909 394 178 193 462 513 325 18 164 378 88 900 349 321 749 639 295 452 152 558 780 431 886 100 345 942 196 937 932 718 430 747 317 985 161 428 489 418 598 686 179 893 659 833 606 742 294 718 255 72 350 420 767 563 614 929 771 573 131 394 746 727 980 824 745 866 524 154 642 27 769 71 18 187 13 235 650 817 542 241 987 770 704 141 750 305 399 346 62 907 693 647 770
120 691 640 697 716 139 234 205 455 493 501 956 118 372 754 539 119 313 618 218 370 735 807 560 795 698 216 156 447 83 427 547 743 616 415 832 922 662 382 968 921 697 462 48 285 803 281 594 547 210 154 311 619 549 469 715 798 319 446 208 309 247 303 673 846 399 906 494 809 301 188 41 996 827 291 464 759 544 680 371 480 761 403 290 629 135 128 45 545 683 169 739 550 406 618 128 999 156 962 565
790 978 321 11 783 969 869 365 584 584 495 159 430 303 314 791 687 323 692 839 810 521 303 736 172 5 20 935 46 547 963 482 724 126 201 422 697 522 486 695 914 118 488 861 722 137 720 138 470 902 442 21 260 639 520 502 293 83 184 766 229 305 761 661 357 20 407 877 73 865 481 801 717 390 320 245 25 753 913 256 973 529 956 679 378 294 515 965 754 991 245 288 523 926 897 611 949 689 485 260
737 441 806 1 881 169 464 779 215 843 560 550 146 660 22 491 491 186 575 409 735 611 588 211 422 569 86 46 568 208 135 451 106 573 843 26 655 885 137 279 13 771 150 300 851 511 95 674 815 820 123 562 702 184 587 240 764 5 606 592 792 230 528 301 306 549 241 511 751 490 477 672 712 472 540 72 913 68 638 247 623 914 912 875 841 885 397 430 892 84 79 853 349 431 588 785 176 309 168 854
151 377 4 886 693 339 727 621 62 632 484 636 57 463 263 199 359 542 264 910 797 254 633 597 368 669 676 529 713 275 803 473 776 967 813 3 255 94 293 511 563 3 640 542 531 497 995 195 948 175 422 831 471 951 987 437 887 73 616 69 404 196 987 129 975 429 99 219 63 729 236 952 323 809 88 75 413 597 29 581 555 681 123 590 440 554 158 933 896 878 360 757 942 462 336 41 486 587 360 997
996 520 987 629 897 906 265 485 717 974 767 586 90 59 760 228 172 131 98 674 781 269 116 696 836 119 362 34 244 0 748 153 623 332 774 677 895 26 122 776 534 992 859 11 152 950 828 6 347 909 731 80 746 171 845 324 563 236 35 358 966 66 201 877 361 972 388 695 884 849 825 235 660 386 588 351 42 728 146 531 760 322 284 186 187 633 664 913 424 976 890 419 986 754 34 491 321 408 506 501
704 163 2 510 567 224 244 207 561 573 984 348 559 895 216 985 618 789 61 870 299 922 513 610 696 952 377 708 864 881 316 0 172 697 355 732 996 44 249 173 801 565 76 859 657 780 597 374 698 739 6 399 876 12 482 999 527 730 307 193 601 322 229 129 264 523 19 597 796 598 594 200 634 40 527 528 744 170 112 587 232 220 274 541 828 880 342 491 911 193 851 371 709 784 19 398 28 734 196 829
934 502 366 813 516 517 925 116 557 228 718 701 611 628 576 511 180 960 690 864 384 505 402 64 251 810 905 339 670 362 357 485 334 899 303 950 252 879 13 797 726 717 631 481 859 95 866 738 437 360 174 479 492 460 732 565 596 565 152 173 115 238 917 342 406 254 39 480 220 988 797 510 881 515 625 177 843 934 110 850 921 258 921 955 762 712 783 911 953 27 18 729 864 625 550 914 4 993 325 640
660 972 782 668 654 949 939 20 468 711 140 944 648 177 178 779 52 390 477 200 134 863 749 995 689 66 520 372 824 128 662 802 742 635 466 710 457 254 877 594 336 869 137 492 330 902 173 368 186 503 180 990 138 218 999 173 876 569 38 304 513 948 386 929 988 524 329 376 51 195 780 982 68 274 305 863 613 291 950 5 676 367 514 548 920 563 593 331 491 23 298 458 937 254 423 658 996 842 436 836
826 458 267 842 713 722 858 849 518 355 439 318 716 353 700 873 421 410 362 612 633 336 870 2 127 511 893 351 83 277 620 639 84 444 216 964 280 346 994 755 808 188 725 226 474 470 708 389 38 556 768 454 344 440 592 476 199 517 214 735 954 810 371 322 739 770 794 346 784 560 950 151 390 383 234 873 721 305 329 808 148 582 999 299 466 145 682 131 451 928 867 914 853 235 302 565 954 13 901 762
65 502 254 566 544 282 538 689 301 438 475 88 716 913 566 10 376 996 931 681 253 306 889 946 479 36 493 743 865 571 434 86 849 383 318 689 832 806 995 747 205 107 144 555 781 801 981 30 411 22 284 349 971 889 263 45 761 903 146 601 540 953 722 410 880 238 809 574 329 727 263 467 661 163 474 680 804 783 91 137 883 909 663 157 227 291 117 914 586 406 781 767 363 593 617 257 718 114 838 130
267 930 128 549 131 892 717 407 889 961 513 248 407 822 632 249 809 256 659 136 734 664 73 659 179 64 204 790 101 777 80 609 876 996 107 502 817 500 710 99 753 717 594 92 310 605 899 317 194 148 171 658 986 721 500 788 977 413 916 469 914 745 975 309 997 364 849 796 83 249 509 1000 238 101 14 20 631 340 728 564 303 517 646 650 679 636 447 3 477 472 25 427 557 708 583 861 643 18 698 619
954 165 312 985 725 74 895 817 786 591 602 315 7 648 385 571 557 672 514 269 813 544 761 675 722 413 906 124 724 818 32 774 514 271 662 974 439 632 549 918 132 25 686 732 780 64 990 816 20 832 452 127 76 377 199 691 528 901 809 782 791 641 125 509 744 192 979 914 562 657 342 13 607 974 747 67 97 101 390 852 112 377 835 240 799 995 557 264 792 196 894 290 616 601 836 621 71 122 779 392
757 611 645 722 888 424 906 952 893 184 647 55 670 827 228 743 117 516 299 846 445 317 751 690 77 908 195 796 63 423 776 466 692 513 105 787 923 224 820 843 770 191 584 554 708 175 124 343 130 517 288 58 518 707 232 165 432 960 798 451 507 524 448 814 193 265 928 838 136 494 225 155 774 916 461 976 778 120 71 215 257 329 107 38 509 858 543 192 580 19 514 646 455 340 610 715 126 172 476 90
651 785 257 919 376 428 187 963 593 306 832 186 377 263 320 480 63 646 716 485 141 427 771 255 864 49 117 233 75 877 418 637 412 766 68 799 53 819 415 362 416 396 998 273 867 77 644 855 709 528 29 4 248 531 747 919 215 268 253 963 898 93 166 302 478 666 264 202 498 56 762 293 62 0 599 873 198 857 878 566 401 952 272 458 500 920 553 133 647 273 31 145 226 524 595 252 408 564 394 149
436 913 556 211 93 725 150 135 604 786 221 962 760 815 191 549 827 176 380 858 253 20 192 987 22 633 0 823 458 964 641 4 626 659 533 706 946 674 788 733 419 157 662 107 879 766 937 641 217 47 259 549 749 25 19 206 152 776 683 594 313 588 563 664 611 108 672 185 978 369 935 974 144 292 755 658 745 787 520 357 205 898 657 60 132 400 495 57 774 49 692 99 785 702 125 528 129 820 41 908
514 818 562 138 715 824 526 920 661 121 947 677 198 684 466 288 541 105 512 82 467 685 817 398 133 892 758 51 249 512 753 893 176 176 292 345 856 119 838 178 677 905 721 53 237 190 664 636 174 643 444 927 2 971 122 960 669 746 116 400 129 413 8 31 85 980 754 373 658 329 608 662 161 374 926 793 361 76 305 890 776 944 650 872 14 17 169 134 991 526 119 175 168 743 302 552 333 19 591 355
919 827 26 359 646 162 638 843 277 283 47 491 72 540 386 427 42 772 750 352 637 333 477 734 712 451 945 410 246 374 293 753 609 829 772 498 648 361 650 804 496 195 528 873 170 384 444 533 853 183 500 841 982 625 668 846 558 801 676 4 373 839 570 664 710 581 72 462 544 493 595 822 445 176 472 390 618 646 558 192 267 455 521 427 126 87 708 979 440 610 474 976 611 990 392 969 155 21 998 978
213 314 685 383 871 135 197 793 644 355 381 786 434 22 673 852 778 52 665 968 677 999 807 285 14 580 966 713 366 508 59 433 953 654 893 142 248 867 449 842 977 666 319 822 70 724 210 917 696 239 557 459 497 972 952 119 768 151 376 674 267 455 283 855 74 836 217 296 495 585 761 772 550 171 323 288 928 345 652 784 69 162 937 352 127 450 279 362 655 380 798 750 566 259 622 865 366 486 939 771
800 883 136 920 585 165 906 467 860 902 19 634 264 65 339 608 257 546 870 328 232 654 65 675 150 21 622 512 672 497 646 370 866 903 780 504 318 638 607 619 11 134 685 527 503 874 204 400 464 621 673 203 301 47 72 330 403 8 126 379 780 106 552 275 843 425 935 739 334 607 683 807 585 273 773 629 785 640 887 411 338 256 791 562 981 451 763 460 526 689 230 939 597 713 117 626 893 112 108 479
190 992 631 674 709 971 765 900 258 963 266 989 742 17 831 214 826 134 584 233 385 789 998 244 660 505 213 756 784 96 890 717 586 401 612 622 748 31 841 7 824 923 999 546 992 703 667 298 501 517 369 906 609 834 207 130 140 725 598 738 69 85 176 844 839 532 289 754 244 118 134 82 125 803 539 822 942 769 502 982 683 781 425 555 560 788 368 209 860 765 625 808 188 971 658 970 709 802 239 71
718 237 592 794 366 563 502 253 70 787 877 772 258 637 129 93 246 106 236 428 599 518 223 670 802 861 25 234 375 280 101 905 553 866 56 708 494 290 722 328 392 887 311 710 350 617 630 487 324 849 43 983 558 455 464 922 594 39 122 640 40 768 744 898 349 718 778 705 808 223 388 539 218 559 126 41 215 338 807 137 403 433 741 785 886 399 170 412 303 652 891 864 682 466 918 374 862 994 287 131
876 390 952 202 926 91 318 253 908 700 815 51 984 317 12 47 580 650 12 87 46 316 66 655 761 39 72 225 647 160 936 158 353 130 667 815 659 111 610 402 316 531 603 837 742 26 629 465 69 423 179 766 485 502 118 684 112 179 415 57 976 446 306 80 821 873 699 131 153 440 491 528 752 509 545 298 667 132 883 62 781 575 907 60 751 120 663 662 343 979 223 546 363 958 959 552 106 335 577 142
725 376 145 110 939 592 145 974 970 490 180 237 236 494 450 395 989 530 868 66 804 101 712 306 626 301 649 880 656 316 386 65 741 635 203 347 597 984 918 194 451 257 568 136 955 564 227 629 714 636 107 742 55 21 691 486 734 795 707 763 611 216 682 769 128 211 969 595 443 363 111 475 545 438 423 706 277 776 877 440 411 222 359 921 491 355 913 871 628 71 914 447 766 13 91 171 314 15 59 349
377 797 618 674 771 916 729 582 125 771 710 568 540 993 950 413 314 116 532 867 406 949 625 907 854 879 943 154 267 956 42 805 286 25 892 441 510 246 96 481 234 381 605 266 759 754 62 896 595 33 289 416 417 995 699 144 482 662 453 673 885 161 979 364 147 968 128 620 855 959 918 808 711 311 213 307 656 9 836 309 967 878 293 444 280 766 417 170 641 936 807 700 890 730 789 180 149 750 258 610
748 100 786 852 782 824 950 226 470 638 584 618 352 902 447 62 392 72 636 897 162 73 558 727 447 451 722 269 163 251 345 25 413 525 891 365 153 820 958 476 752 389 841 334 959 327 38 707 32 495 817 504 344 591 497 689 497 272 686 54 939 529 425 766 790 694 920 260 188 681 968 2 300 428 74 955 214 557 769 33 24 402 507 424 869 762 566 667 520 17 964 267 695 804 244 319 749 391 723 700
185 333 958 323 302 978 26 791 26 846 641 43 654 461 172 22 108 679 181 999 808 266 810 208 901 980 719 9 380 171 416 281 58 202 531 666 672 542 162 205 130 676 185 365 637 398 806 414 473 210 165 653 192 761 430 407 678 264 343 195 703 559 555 647 915 243 134 461 391 575 759 596 644 804 719 252 277 608 513 173 638 969 884 977 90 775 836 275 434 672 18 829 314 592 129 72 96 193 809 394
142 199 563 71 129 546 722 95 507 838 915 949 294 850 771 751 134 941 707 778 369 203 542 195 13 768 592 498 448 109 831 807 552 950 542 845 27 245 794 165 143 369 930 268 470 141 66 585 417 887 524 243 232 432 993 116 701 747 518 758 215 497 967 902 39 682 147 949 475 511 428 163 492 287 817 269 353 55 864 702 885 580 686 959 779 716 478 188 374 775 749 442 865 924 480 350 859 426 368 958
914 397 439 445 632 335 823 653 244 85 279 122 52 356 854 606 99 205 509 870 606 122 741 285 497 999 918 670 23 780 657 991 643 478 845 189 538 906 787 746 752 635 187 408 696 843 223 490 884 450 921 559 80 20 793 901 386 871 228 75 961 455 773 260 749 103 58 104 406 715 971 728 779 70 291 17 939 892 498 893 243 583 751 858 117 681 401 150 49 400 884 433 217 465 934 296 79 662 405 145
12 288 958 369 665 771 779 506 527 243 307 106 225 72 229 529 701 955 121 460 601 436 432 460 319 70 965 953 561 125 940 7 225 695 428 574 382 728 476 168 304 210 815 567 1 144 146 627 300 625 147 853 5 808 136 657 208 326 892 285 194 697 744 644 454 844 427 111 705 706 86 302 643 953 726 749 830 693 679 307 693 16 314 192 834 714 627 615 163 943 336 707 205 617 982 554 223 587 724 987
84 400 66 94 640 54 882 187 12 397 728 245 675 605 390 589 514 423 640 978 676 946 596 38 967 514 777 393 812 189 178 248 693 884 492 779 944 487 545 236 274 648 643 658 832 639 251 450 821 713 666 180 185 529 823 947 661 453 535 644 565 446 515 170 517 744 946 797 562 325 699 127 617 840 100 559 931 351 710 524 553 791 375 665 29 797 247 199 95 450 561 621 769 836 603 705 753 359 697 353
409 116 874 431 325 359 663 556 255 914 840 479 68 43 684 347 271 597 267 948 236 958 936 203 884 820 294 312 253 224 673 747 668 76 613 889 931 267 738 350 971 420 937 80 448 354 958 957 693 187 692 909 805 898 424 272 287 928 975 658 217 164 545 453 898 452 280 585 216 348 266 818 193 216 768 734 499 10 640 389 667 500 454 179 927 450 873 317 1 18 360 818 409 168 388 541 638 225 318 965
684 369 219 610 130 334 875 831 268 360 509 308 995 376 524 261 707 526 589 755 369 782 534 560 685 103 411 796 80 154 942 117 331 348 863 833 677 422 772 932 44 850 817 895 139 87 781 297 0 252 608 646 385 794 528 426 28 801 158 598 544 671 972 450 896 503 290 424 216 537 424 262 574 550 823 747 604 294 286 956 89 237 83 948 740 773 2 439 855 523 653 935 958 222 94 880 374 949 683 454
968 299 706 281 795 543 917 530 201 960 694 977 350 386 506 704 189 896 731 936 707 568 704 674 891 490 543 568 686 668 5 795 148 189 1000 595 643 684 49 668 476 503 401 7 574 890 946 159 595 896 223 349 244 569 25 663 291 618 376 703 580 788 229 417 674 574 599 219 768 625 862 556 347 394 761 501 445 249 58 243 867 111 92 733 434 550 259 208 606 528 267 71 991 853 70 991 882 466 806 144
106 711 31 132 344 672 58 349 219 458 708 190 576 792 390 185 353 677 762 106 103 439 286 771 854 737 16 119 25 86 974 899 265 735 435 995 79 171 803 281 277 508 562 918 686 702 1 139 691 844 388 901 475 372 69 654 732 42 853 725 664 995 137 129 290 745 330 999 342 493 637 384 243 263 3 581 159 115 69 785 498 695 98 853 782 493 985 653 681 747 547 968 1000 411 950 282 400 425 540 281
792 669 574 551 905 108 64 1 604 784 76 728 667 649 267 315 18 511 136 455 738 705 392 705 143 615 674 64 662 884 400 914 898 743 126 368 843 571 246 770 202 28 264 428 193 849 726 123 197 594 448 584 63 882 437 685 336 188 921 499 219 463 120 419 766 891 86 66 740 754 576 722 696 148 966 578 971 351 998 56 911 734 661 997 926 897 804 166 647 165 480 64 210 142 491 589 140 137 530 749
428 375 582 421 141 417 437 64 733 648 752 246 498 646 577 751 778 327 606 562 507 39 436 228 148 980 852 774 758 714 940 329 3 557 322 216 468 211 835 128 880 512 225 2 275 258 363 118 294 651 863 352 627 302 41 338 677 578 332 586 78 69 263 702 423 151 153 777 467 479 280 832 420 433 220 496 329 461 133 464 102 324 0 181 195 964 662 771 187 335 783 300 331 1 714 838 441 546 186 459
802 937 534 726 503 954 797 83 681 468 135 805 713 690 748 575 921 809 980 706 134 647 945 64 723 216 855 409 193 379 37 183 370 500 902 675 820 465 213 287 60 377 982 330 259 700 213 642 883 940 496 137 102 14 882 407 607 338 618 635 838 462 185 662 412 574 553 885 747 158 101 661 15 59 552 515 537 658 263 219 425 777 582 86 815 735 475 249 133 822 673 593 258 21 132 603 937 807 225 619
553 783 68 261 676 547 947 777 514 72 981 589 337 293 669 2 939 362 790 489 857 180 756 344 541 805 404 216 915 546 864 849 425 566 522 222 961 539 278 545 321 427 498 208 55 61 999 237 327 595 841 469 101 440 612 434 463 739 501 476 805 814 68 55 195 462 600 874 976 715 383 117 401 183 812 607 70 865 290 193 908 326 154 739 903 644 393 436 313 22 374 390 748 997 233 594 384 243 818 971
794 830 688 66 324 908 318 549 532 462 103 959 873 894 605 625 300 386 890 737 550 49 702 588 556 948 139 889 793 569 728 614 293 242 613 772 583 553 481 775 582 163 38 348 373 923 264 590 293 4 973 41 306 528 252 435 316 102 152 980 135 581 203 52 985 240 451 58 203 235 285 408 895 554 249 528 797 264 588 270 547 521 375 20 988 428 858 807 698 365 783 487 260 118 128 364 848 590 842 675
769 995 875 848 269 41 939 726 914 290 170 739 890 453 456 627 77 710 460 635 509 847 955 974 860 212 988 570 956 555 865 937 771 340 440 557 517 791 962 582 207 133 229 525 475 316 431 578 574 34 790 630 751 849 630 328 307 676 774 396 726 558 657 986 19 5 924 176 540 339 699 599 27 142 571 451 280 276 845 628 100 588 233 966 319 114 975 348 93 563 524 631 386 627 846 890 985 930 284 514
629 463 48 368 329 670 582 600 750 729 146 381 147 268 813 193 620 232 761 523 413 885 545 536 364 49 138 696 572 563 718 314 124 274 649 736 442 379 861 645 397 975 248 779 15 443 773 18 410 837 571 75 674 45 850 100 182 738 726 128 424 629 819 610 544 814 314 643 725 254 319 76 64 48 698 329 10 144 154 100 692 80 489 816 411 320 387 566 277 277 135 387 478 284 156 189 352 761 461 807
282 512 628 992 19 662 93 825 660 857 132 529 49 369 855 732 826 724 600 894 775 891 858 682 220 847 421 502 736 835 719 205 863 675 191 115 585 182 243 244 551 758 433 880 185 567 161 297 909 189 701 505 138 888 892 300 559 317 986 281 759 242 105 747 70 22 704 344 397 756 621 974 589 730 922 49 544 618 266 181 132 506 751 417 820 623 352 576 56 0 911 668 311 201 555 273 402 828 921 894
83 127 754 835 268 256 978 354 962 640 936 717 682 208 247 320 650 816 503 931 551 694 74 380 196 734 783 7 774 210 180 578 844 898 102 105 354 589 657 209 232 334 932 708 848 302 168 561 224 246 680 719 421 289 716 49 796 760 211 728 854 654 502 213 185 333 210 828 11 578 879 502 869 377 127 425 471 572 237 727 142 298 95 908 85 904 644 290 185 989 997 884 527 440 94 277 252 5 535 641
661 752 624 449 268 674 187 661 519 350 744 31 123 491 84 596 119 65 765 779 618 649 214 418 143 515 420 84 224 51 289 338 807 3 280 41 203 566 416 254 382 78 255 324 188 37 552 159 395 661 974 977 446 740 314 590 951 693 385 226 876 113 176 992 757 512 338 319 136 452 266 80 208 567 38 269 837 174 259 65 745 396 568 670 460 853 879 635 66 525 554 955 28 629 121 899 270 78 436 619
44 108 887 256 630 47 788 250 371 560 392 973 643 170 202 624 389 390 208 992 897 21 789 542 491 365 370 163 134 857 940 442 456 425 920 942 460 534 200 887 178 620 858 690 218 416 965 406 54 938 95 820 963 74 560 444 288 716 816 930 107 894 27 179 989 825 478 554 22 481 695 428 528 685 336 164 979 391 723 43 380 415 402 880 469 821 14 683 13 512 170 796 170 988 37 218 895 734 293 686
946 774 970 665 560 157 414 758 885 675 566 806 165 195 794 906 937 494 55 172 604 889 350 719 418 481 383 474 794 538 218 711 697 801 770 836 420 471 278 596 579 596 273 676 668 951 713 603 681 393 939 664 496 820 710 155 611 888 178 373 671 98 441 601 675 642 765 682 537 885 623 860 599 404 471 339 433 12 539 154 536 284 389 172 671 275 988 414 72 436 309 998 153 354 905 212 802 247 670 734
96 849 248 27 329 57 941 965 899 309 657 842 667 687 186 365 328 890 968 466 898 570 666 525 800 203 394 804 370 202 161 589 491 894 501 850 57 652 507 983 729 147 503 364 85 603 427 261 116 232 284 317 677 279 372 888 883 233 324 664 160 204 545 598 738 846 876 185 340 890 752 876 94 63 828 869 583 821 8 988 779 682 716 652 267 859 810 770 565 725 709 382 616 548 593 740 53 957 279 109
380 757 494 196 932 348 627 34 349 966 891 213 388 683 894 716 2 402 369 973 238 197 129 272 549 3 374 401 103 939 295 851 79 466 800 554 569 945 915 490 649 662 259 868 107 75 144 587 715 369 614 190 846 305 910 754 272 731 248 714 46 859 139 36 852 763 900 633 224 292 303 890 352 29 733 320 877 517 562 782 696 928 751 77 368 275 709 307 831 912 799 919 878 395 601 202 256 252 832 647
837 38 967 481 145 152 372 703 882 374 268 192 430 31 228 447 491 870 344 299 917 270 107 982 784 739 322 903 642 122 700 93 606 313 398 558 804 413 428 160 937 327 311 581 53 825 25 797 658 21 127 871 489 180 131 296 102 421 903 212 856 308 146 767 710 813 837 497 557 561 646 732 922 604 625 668 911 320 407 18 143 913 629 765 847 569 853 450 998 90 14 362 215 517 844 899 116 451 542 236
519 489 298 513 266 902 318 520 329 510 152 552 265 378 55 534 351 899 558 803 691 976 503 521 528 88 239 223 305 461 830 420 747 969 950 242 822 524 741 961 153 72 22 204 106 312 142 545 3 733 423 933 854 534 128 534 734 834 354 709 827 100 968 978 254 645 812 593 971 778 601 300 884 815 378 615 514 879 194 645 798 430 207 632 110 703 404 961 163 927 989 88 781 651 129 951 129 464 48 789
561 674 596 775 4 188 992 864 834 912 189 39 290 889 661 934 561 760 901 581 99 187 52 422 211 553 656 434 481 693 535 306 813 5 313 752 662 647 891 316 64 579 803 223 854 29 361 209 982 877 687 907 528 86 266 882 566 129 884 216 615 728 480 712 121 489 586 382 794 374 574 174 549 56 40 51 238 943 122 387 239 611 780 849 815 996 554 698 26 622 145 808 361 989 366 148 815 317 467 191
988 863 188 191 642 865 572 323 418 236 754 508 827 245 13 54 492 494 545 799 641 498 625 462 353 797 965 516 542 551 277 651 429 984 521 917 940 424 748 413 114 842 857 356 71 547 249 682 886 889 219 272 125 603 111 84 352 240 110 924 530 441 596 157 505 931 763 891 986 921 692 161 574 59 919 677 252 255 483 657 986 858 575 585 808 421 52 260 163 87 584 42 886 24 648 118 673 734 336 266
625 255 541 983 621 986 923 308 810 522 428 949 151 974 430 149 429 857 686 525 977 390 232 81 804 818 829 492 789 724 444 547 406 783 611 311 354 340 916 121 918 382 896 37 123 132 251 487 149 856 398 568 848 852 688 765 248 71 246 330 242 513 615 428 868 971 792 10 241 70 992 725 165 557 37 913 797 13 10 915 433 291 406 161 415 54 598 607 373 31 486 847 902 294 385 593 277 246 266 101
228 261 543 116 413 294 378 383 11 476 280 589 487 625 856 226 489 487 90 385 851 191 680 937 202 988 655 986 51 209 601 284 559 51 828 488 448 955 549 981 801 163 869 244 312 445 233 362 818 263 642 181 633 394 549 49 437 453 676 162 95 651 785 845 404 443 305 554 108 612 156 88 894 335 171 514 895 845 17 696 105 670 738 506 755 110 545 780 76 120 546 512 857 466 639 322 579 714 723 662
157 657 707 80 566 721 367 888 978 75 727 725 542 14 47 386 931 390 514 465 213 176 690 176 992 171 225 562 19 273 540 635 117 826 634 601 882 662 60 538 303 882 59 759 306 145 543 849 545 90 56 433 802 632 432 766 978 725 518 709 4 755 610 937 800 107 607 152 863 974 684 79 50 211 592 725 353 881 573 394 718 299 119 912 452 172 724 763 726 466 344 755 909 204 182 1000 132 760 42 188
90 153 289 355 553 897 652 525 991 308 36 664 643 17 885 672 112 383 503 911 428 248 972 43 912 45 971 901 579 963 791 907 798 555 667 46 368 781 206 13 872 635 81 255 965 18 860 114 951 454 362 3 177 52 973 336 326 471 316 468 306 784 970 951 839 545 607 37 812 104 658 639 551 792 327 787 910 227 973 16 289 696 781 437 623 644 667 846 180 829 957 30 683 707 844 803 665 205 277 172
842 549 526 994 250 618 751 60 716 103 98 598 174 321 829 255 977 126 683 293 741 507 675 13 475 301 511 569 851 394 324 988 164 410 14 73 481 621 1000 308 512 42 509 914 388 427 730 829 458 965 290 317 944 923 144 737 862 283 820 237 688 177 770 965 841 63 318 917 435 202 60 279 309 690 132 541 775 630 10 916 714 350 532 869 325 594 928 694 341 464 638 229 192 481 354 546 365 709 420 660
416 785 961 562 833 387 733 268 149 8 925 523 731 12 799 710 218 115 240 772 92 968 337 431 157 634 792 291 866 992 695 790 536 155 496 692 16 275 159 354 172 608 811 237 15 41 893 205 207 420 208 548 841 745 268 581 413 678 968 30 783 243 816 394 759 469 486 646 907 580 240 862 113 852 415 915 883 98 309 130 113 587 656 533 945 817 813 896 165 366 629 635 853 582 901 896 881 939 868 526
950 534 365 536 687 246 685 925 593 460 857 856 197 17 549 708 4 997 6 997 774 964 506 571 167 445 894 159 181 264 472 61 390 763 969 486 162 333 555 624 841 684 561 521 280 411 247 264 514 442 569 763 525 453 645 651 457 59 962 431 521 449 489 174 270 867 673 616 666 917 223 20 640 464 894 47 559 778 1000 419 480 463 834 378 138 994 897 643 228 18 59 346 872 609 543 490 870 753 664 613
882 661 753 807 43 414 57 324 770 943 885 392 471 272 734 617 607 922 884 369 856 465 379 100 700 833 525 538 528 951 200 315 203 527 125 266 481 599 659 242 139 674 147 427 17 27 13 973 607 269 403 573 970 89 601 828 245 979 152 840 503 679 455 905 730 433 671 917 574 40 314 678 381 275 873 171 994 562 309 138 970 477 536 624 748 689 498 735 239 164 274 774 749 434 551 32 503 275 742 100
986 801 829 23 966 351 254 447 215 309 152 879 748 928 663 627 510 868 210 564 223 359 51 346 704 819 450 583 657 147 683 336 229 695 971 418 506 814 291 721 148 780 870 919 598 469 897 522 137 184 785 858 129 382 378 931 177 859 565 200 193 488 198 314 803 966 924 671 745 991 111 67 787 67 64 387 828 633 900 966 205 86 815 239 747 982 984 155 651 373 883 337 482 556 496 74 927 549 562 770
312 156 604 898 755 884 789 783 760 253 739 651 840 4 551 611 403 516 799 439 315 388 155 238 874 893 17 915 320 950 576 805 347 290 164 90 576 174 912 188 385 1000 961 216 495 516 306 522 491 583 387 57 598 366 615 780 880 415 17 252 910 508 226 584 624 186 37 465 404 341 912 177 14 287 740 51 279 817 249 949 982 569 624 457 371 62 539 636 892 171 917 223 925 709 124 333 725 717 612 265
322 469 368 342 955 534 371 675 372 492 736 581 322 886 239 273 368 757 9 86 337 363 107 463 854 416 896 345 101 819 921 5 650 510 95 191 3 292 470 121 966 844 2 868 840 409 752 340 924 547 420 620 961 347 393 900 578 96 417 286 364 821 96 881 530 675 129 30 878 426 389 806 328 837 338 847 828 865 519 600 860 968 197 241 867 950 766 786 987 895 392 881 465 885 444 153 830 931 995 235
744 144 36 133 752 324 84 930 262 428 272 605 346 623 801 442 707 563 590 950 587 868 533 287 520 397 541 66 534 185 903 889 9 92 44 107 547 969 623 876 321 310 732 8 246 667 306 641 410 115 92 179 455 916 568 197 263 915 175 573 111 462 394 932 109 534 858 296 36 947 476 538 928 452 663 536 337 474 470 83 257 296 679 583 173 312 810 91 10 376 141 51 728 259 172 99 313 486 417 674
193 604 794 422 657 310 217 741 480 752 393 589 643 798 36 446 745 812 552 493 515 78 286 785 936 153 490 853 443 29 931 445 299 70 772 674 426 219 650 35 624 960 330 148 450 634 118 735 956 349 689 972 913 186 181 984 582 459 48 196 728 494 500 316 563 905 590 371 680 679 807 678 86 135 839 658 905 699 468 383 214 965 13 838 606 425 789 356 47 324 261 834 224 664 482 314 288 551 191 840
3 195 228 867 468 685 12 10 974 88 246 388 186 429 750 10 866 915 287 794 768 199 154 974 745 910 721 192 665 473 91 938 299 795 265 405 943 902 879 974 180 922 750 778 384 322 415 883 560 727 145 952 64 340 586 781 184 949 120 20 365 106 504 137 172 564 513 576 895 147 45 890 375 156 36 804 73 923 986 216 817 678 409 136 82 313 559 884 15 441 441 73 426 19 957 951 888 266 203 908
346 679 199 588 196 562 100 967 487 493 664 156 152 131 761 264 770 26 168 492 183 836 144 873 626 713 445 951 110 778 599 300 881 110 779 889 346 689 407 483 843 529 751 748 983 403 513 964 795 48 49 271 603 15 212 868 14 622 969 30 538 479 415 479 424 657 792 646 705 230 510 600 781 738 464 104 918 382 255 794 873 162 245 832 233 884 326 230 179 684 819 221 623 103 527 290 197 694 951 396
568 304 787 589 171 906 818 928 179 771 981 709 735 863 566 900 27 648 534 345 769 649 269 200 969 255 711 236 824 853 438 895 100 832 639 230 876 548 472 266 69 377 37 422 237 612 538 484 166 341 609 478 798 481 896 776 251 793 253 764 492 667 262 604 778 751 81 150 221 398 444 564 604 93 705 51 562 300 273 785 847 188 744 187 620 494 566 420 505 350 870 956 432 271 673 418 378 262 255 819
778 505 275 182 580 653 115 634 81 292 161 160 625 39 300 760 348 486 748 680 523 630 354 624 999 477 866 623 774 251 428 268 950 130 759 748 641 212 197 70 770 957 925 405 310 436 716 297 156 48 120 348 303 144 880 603 988 287 799 828 874 970 729 400 509 809 755 858 511 792 44 530 183 516 313 806 201 619 487 699 283 181 127 562 795 141 690 381 955 707 690 460 229 844 919 593 960 152 963 254
325 920 3 994 342 310 823 654 893 834 773 693 317 159 929 742 604 459 744 565 911 32 267 1000 315 7 702 868 313 94 45 14 753 836 127 751 41 857 420 836 625 306 901 1000 862 645 520 29 732 805 670 817 743 692 401 933 43 829 908 53 969 251 491 396 272 476 769 309 877 794 308 895 653 713 674 684 817 17 443 19 313 804 442 435 440 866 305 421 175 258 925 195 429 760 277 877 103 360 287 100
424 215 303 222 948 192 199 450 806 461 803 505 722 265 266 968 280 144 334 625 211 653 52 775 908 657 376 332 380 492 30 861 51 257 355 64 955 744 144 221 269 719 423 224 120 436 334 799 257 239 371 221 339 643 76 616 418 265 901 920 839 351 323 238 383 618 846 472 240 207 251 64 27 931 316 109 421 620 872 582 864 781 155 808 380 411 61 895 707 191 319 429 5 591 822 114 516 706 980 282
56 869 132 204 539 885 512 971 135 628 859 735 227 823 742 487 286 578 848 753 725 120 17 746 161 708 176 100 781 53 703 599 710 997 124 836 176 325 821 428 727 456 196 107 570 939 319 627 643 130 381 995 139 641 704 485 526 476 969 798 403 735 840 581 115 594 37 425 147 42 47 902 616 192 622 60 881 570 94 822 5 932 677 140 685 453 291 685 844 662 900 330 831 102 411 555 923 542 444 771
206 626 199 714 170 671 858 346 367 401 550 722 354 286 930 758 184 111 372 543 133 831 831 448 564 217 445 808 179 548 377 889 9 967 279 275 345 568 227 776 778 859 263 39 70 7 667 562 637 757 214 693 343 483 300 141 588 920 592 786 838 622 198 877 676 162 208 567 105 694 889 323 263 689 502 233 647 843 879 49 733 27 508 676 336 48 200 902 893 693 877 978 714 931 593 623 881 267 702 492
592 500 426 102 375 697 291 230 817 814 358 438 937 322 148 407 167 912 706 886 861 987 379 909 312 515 130 407 416 575 268 697 598 216 469 259 598 82 898 292 742 192 513 918 805 665 854 865 933 751 137 134 749 840 142 163 810 302 953 320 305 196 329 352 957 773 704 612 848 741 100 476 416 871 168 540 29 157 739 515 12 902 605 616 958 200 2 529 699 122 647 926 906 679 88 367 729 625 977 12
315 224 572 727 374 687 39 753 258 584 992 315 900 1000 383 650 548 981 352 108 524 470 651 248 76 333 901 215 763 677 719 245 478 509 517 795 139 950 100 577 761 457 623 71 410 953 533 501 379 486 431 389 906 444 347 252 762 437 909 465 241 292 567 750 113 801 713 713 304 189 438 410 438 261 225 635 544 210 962 648 611 943 336 668 510 244 788 834 289 979 83 44 204 289 289 171 749 517 239 669
885 239 106 905 936 232 749 334 341 906 658 335 639 809 987 29 976 767 664 834 593 384 424 986 754 875 873 889 205 713 863 916 842 450 74 227 726 4 682 719 982 436 883 175 802 15 908 123 919 64 672 818 41 114 104 558 512 912 6 129 833 303 613 591 553 678 425 680 587 428 767 915 91 724 950 310 29 308 824 871 949 525 833 636 727 858 634 620 370 410 443 612 634 468 233 279 684 155 526 935
500 669 304 98 574 35 248 515 990 787 868 116 628 92 790 227 80 490 527 314 340 196 621 5 617 301 441 123 250 794 271 837 776 553 717 308 128 388 282 349 209 386 217 819 152 421 884 40 746 586 209 117 149 76 443 927 266 861 886 891 852 669 106 373 87 436 76 639 141 493 189 191 626 671 51 576 586 567 891 70 814 423 940 293 360 481 45 774 267 668 927 565 877 894 86 10 171 470 244 510
292 643 581 948 99 56 258 349 74 116 156 725 2 713 579 461 491 28 436 673 376 634 433 740 949 371 666 999 119 578 147 799 255 331 260 471 658 183 327 436 554 552 661 754 209 0 985 702 854 702 542 873 2 824 145 968 601 932 928 24 388 418 280 169 362 388 121 962 272 626 273 300 23 834 828 291 820 92 312 154 652 681 758 859 913 980 248 405 859 622 531 825 463 904 580 240 443 28 523 290
152 276 234 655 685 350 191 152 351 865 306 187 84 279 94 136 510 3 917 228 408 636 210 823 223 121 425 202 575 590 302 748 585 746 67 336 35 900 217 876 337 651 513 741 288 46 242 530 597 773 803 90 1000 87 152 657 270 85 491 265 991 577 937 617 224 985 647 496 999 150 97 85 499 393 875 849 673 854 123 18 41 588 782 16 327 257 574 422 671 348 793 447 393 866 421 475 819 437 343 252
189 180 257 437 86 284 523 866 434 780 202 863 714 685 609 678 765 515 730 473 150 581 583 261 647 663 162 545 368 856 578 727 798 843 260 861 414 961 329 81 795 758 670 569 829 601 308 526 105 757 544 176 813 665 572 934 412 754 717 184 179 458 681 734 977 402 419 495 840 59 797 746 153 815 595 640 173 205 417 653 383 87 605 880 376 495 573 339 593 860 633 954 97 702 494 591 156 879 877 84
557 163 814 298 867 735 734 857 322 692 84 966 107 661 944 725 514 914 993 900 978 282 555 479 565 898 657 500 215 508 143 164 70 124 54 578 658 442 393 566 262 143 926 900 728 447 0 663 753 850 324 723 801 588 424 786 236 668 179 647 582 197 998 1 382 191 591 48 211 185 658 35 693 762 223 583 146 387 950 224 765 560 120 182 413 544 535 10 611 65 990 269 848 188 376 891 241 86 92 13
911 921 277 68 642 254 587 984 300 618 514 801 801 372 955 476 733 517 633 962 309 233 281 551 238 649 186 260 501 191 180 102 945 991 307 709 171 319 908 542 788 86 155 185 380 463 648 15 387 960 374 288 540 126 392 714 965 186 719 405 135 462 866 576 576 800 162 415 252 849 508 864 379 80 539 540 304 773 410 539 541 937 484 838 596 501 132 896 98 483 859 995 763 699 623 744 543 89 665 161
639 128 510 306 531 69 618 395 283 961 509 62 985 467 261 667 508 439 102 973 378 413 88 989 260 944 986 46 137 721 431 796 803 802 861 787 916 958 106 449 42 119 686 993 412 430 833 187 929 602 147 654 115 323 825 95 260 706 772 66 725 817 398 527 766 314 89 29 222 308 825 739 306 19 922 292 20 604 977 361 592 385 419 877 102 378 522 869 603 682 856 489 503 595 554 475 85 112 973 602
510 190 56 571 878 81 383 448 873 83 200 348 289 653 689 689 789 551 196 338 98 265 267 712 541 801 573 565 553 649 972 187 22 696 542 817 993 842 447 761 764 198 494 148 885 811 304 432 226 637 215 203 186 193 801 684 107 341 433 180 987 993 908 857 331 582 754 315 503 421 192 386 682 104 742 930 299 155 861 30 157 756 552 782 250 464 166 623 526 35 443 943 429 313 469 45 75 294 897 210
651 829 704 142 772 353 370 555 446 308 964 30 954 631 801 103 133 278 589 97 652 434 831 99 578 304 70 806 677 937 774 229 487 983 254 774 500 167 976 244 82 816 260 857 958 225 171 81 733 251 261 108 608 38 826 2 448 24 617 176 59 93 736 45 5 360 465 57 516 554 203 861 574 403 772 679 628 692 850 627 194 300 212 926 372 696 674 120 625 601 888 536 894 240 832 593 271 992 586 837
621 774 720 871 612 286 776 147 281 115 729 3 167 564 21 881 27 856 757 357 466 169 20 649 886 569 604 89 127 140 476 583 653 222 539 753 56 685 840 409 325 232 353 203 825 570 20 965 458 651 677 349 986 626 994 880 231 254 908 615 8 654 144 656 988 716 116 273 170 30 793 832 925 62 215 439 639 874 732 327 281 371 131 996 753 350 293 811 946 315 810 421 735 113 130 242 742 581 692 789
881 882 897 451 203 970 287 520 921 530 108 243 673 545 369 350 821 383 424 646 580 288 893 680 4 229 438 578 909 376 394 307 618 18 844 422 226 905 10 333 506 945 117 302 669 636 760 860 488 287 842 288 512 63 804 918 735 279 511 408 398 994 137 714 562 734 904 819 379 867 728 678 427 758 851 783 113 691 6 723 898 567 125 213 477 141 350 259 714 452 187 948 268 618 180 156 567 655 40 413
220 379 660 287 592 753 962 103 878 400 374 971 502 848 482 721 45 272 122 793 218 887 639 212 172 615 616 401 600 647 467 244 637 596 229 483 185 688 591 538 873 998 961 980 302 66 654 844 508 157 718 615 922 790 922 920 458 684 249 519 648 361 545 47 854 443 874 171 477 473 595 908 533 138 214 868 305 146 551 928 936 722 196 983 390 606 806 772 406 294 581 503 969 693 872 24 622 882 890 925
482 420 71 515 578 378 946 749 504 528 978 52 465 713 646 329 376 543 921 902 484 732 423 90 876 763 942 349 648 719 865 629 909 823 827 49 635 592 843 608 935 263 190 427 340 855 231 201 136 780 540 73 572 682 863 708 599 752 212 237 640 204 885 755 567 785 600 45 334 965 82 842 44 270 623 745 581 912 33 406 390 526 334 382 188 647 250 753 170 405 352 614 654 68 164 59 275 551 287 581
192 982 239 528 587 537 919 803 633 824 397 440 566 21 356 447 310 63 703 753 720 970 186 518 357 430 12 24 95 820 423 741 101 206 510 92 64 11 878 516 705 175 462 750 922 264 109 466 817 808 910 0 699 473 881 361 381 906 153 600 361 791 522 129 622 193 461 508 409 833 913 622 58 723 366 325 769 615 581 40 587 244 652 12 960 740 491 93 674 164 293 578 500 254 258 388 400 408 831 809
447 830 201 650 301 962 3 346 758 615 873 496 100 861 886 981 498 608 102 26 830 611 731 876 66 526 739 988 825 570 954 463 209 202 293 312 785 92 314 286 811 260 677 390 640 927 390 40 310 516 314 389 62 98 244 388 867 118 911 467 76 83 401 237 259 50 699 957 956 790 906 955 995 151 814 82 346 758 821 613 298 668 378 2 236 817 745 821 311 709 454 971 668 584 449 427 436 913 504 255
857 11 870 605 30 498 319 811 358 797 178 730 272 483 185 585 709 855 38 415 820 877 220 737 86 699 911 399 672 27 365 424 303 892 336 39 514 309 752 41 169 615 484 739 392 328 763 812 244 313 996 549 734 866 779 740 583 433 112 785 777 108 579 175 302 222 784 42 255 767 23 271 531 938 789 547 381 231 260 493 250 581 839 201 429 951 584 348 799 644 915 429 686 634 681 816 677 732 75 66
687 353 818 420 641 461 150 582 546 974 820 207 69 593 922 799 997 477 736 412 539 890 328 60 837 483 18 503 671 528 820 180 4 878 440 28 490 758 829 715 435 659 211 363 433 807 796 270 662 9 641 51 231 851 80 907 61 797 95 104 734 501 941 726 450 63 248 276 58 731 953 572 968 807 824 33 859 68 279 602 404 321 866 681 176 478 539 268 346 307 190 60 267 606 890 611 657 96 391 796
374 253 868 343 779 119 265 388 961 408 264 455 230 672 383 62 509 199 53 59 938 882 708 156 689 680 972 961 453 386 525 776 558 993 200 733 218 916 122 344 70 70 472 597 75 500 556 573 341 192 178 936 124 724 235 178 875 335 451 123 457 756 283 281 232 251 883 404 125 567 145 775 212 961 949 423 641 718 938 974 317 678 242 648 656 306 616 655 3 377 733 82 584 220 641 154 917 694 131 474
233 364 382 650 809 894 729 517 50 650 15 239 651 226 196 335 61 822 310 770 98 550 25 172 53 89 685 128 12 848 478 189 98 472 670 875 892 696 670 455 704 647 538 360 891 669 397 959 924 822 173 848 374 597 361 567 972 331 31 464 310 1000 622 699 503 368 86 517 186 42 780 522 270 458 617 448 248 879 165 264 825 855 522 518 139 793 546 864 10 336 705 18 516 700 351 492 10 295 632 220
598 162 842 707 175 261 90 712 152 764 280 735 802 304 256 930 698 47 218 396 191 96 467 704 48 527 559 129 257 65 971 277 683 319 607 116 392 342 927 616 13 858 478 89 778 853 70 309 829 462 260 588 842 411 396 266 762 990 824 927 941 558 456 477 425 29 708 420 993 722 469 853 447 671 421 805 908 455 678 357 563 637 522 284 148 853 257 576 469 829 39 277 117 717 627 283 304 847 907 948
31 409 239 367 845 863 466 702 32 829 852 309 810 65 340 982 174 656 328 55 378 550 177 249 31 447 765 514 329 105 147 614 528 610 853 225 19 871 190 997 232 147 713 830 945 695 543 818 464 902 831 494 769 450 188 581 21 333 766 752 930 680 666 785 900 152 415 149 474 473 971 132 942 742 690 89 918 126 558 767 692 504 4 727 218 571 633 804 36 745 617 827 845 822 548 237 325 947 180 97
969 794 284 341 403 853 375 29 35 956 493 185 57 102 811 666 784 53 667 232 744 45 473 758 424 611 722 758 61 260 821 644 163 928 627 835 393 531 510 218 67 514 56 751 693 184 865 74 315 470 967 766 899 234 536 345 621 518 850 93 470 792 638 547 850 827 482 275 150 250 534 393 826 590 533 959 437 308 944 198 197 238 672 249 769 681 143 872 349 22 34 495 551 894 986 87 979 993 555 381
748 994 392 336 382 553 648 0 583 408 701 749 579 131 384 891 141 217 272 737 393 589 91 624 174 913 852 736 239 96 560 448 561 739 516 396 884 55 438 597 877 565 749 360 998 552 592 831 149 868 185 941 732 745 793 517 952 247 91 514 962 350 145 399 698 837 151 633 471 574 571 120 139 271 323 529 502 907 651 315 875 858 926 596 286 867 787 990 32 347 65 742 976 33 353 972 315 322 874 469
583 892 558 768 269 406 727 805 65 648 844 521 496 155 150 716 164 598 867 68 492 698 340 675 188 169 130 918 751 25 497 388 984 580 192 497 123 463 973 478 332 177 702 962 131 366 342 658 133 137 913 907 188 144 284 432 681 744 312 729 521 138 410 149 848 990 464 282 804 521 787 228 982 189 494 411 172 406 974 235 484 623 726 127 518 478 346 801 855 654 560 587 396 504 181 729 463 317 352 98
399 946 495 371 222 799 284 615 553 327 379 503 45 738 50 567 983 617 641 866 917 439 354 792 425 858 995 50 963 8 465 25 28 162 639 206 322 1 642 179 81 361 432 423 140 698 942 670 448 409 266 704 766 636 735 558 517 839 262 706 289 868 637 397 625 138 865 997 351 156 958 410 660 175 422 143 775 68 303 263 367 551 589 206 978 143 533 898 756 802 375 501 172 661 228 837 829 14 951 734
426 979 565 381 845 497 995 685 245 854 203 153 78 762 487 532 635 462 304 99 440 802 968 678 886 153 489 840 259 751 141 565 949 325 362 298 847 384 345 542 660 327 900 788 696 251 695 348 411 942 448 84 505 67 642 347 586 150 746 510 903 754 52 502 323 564 562 351 542 971 116 193 675 567 765 958 805 123 414 239 996 585 561 754 370 291 402 16 76 557 93 876 257 786 731 84 222 826 651 837
300 655 288 590 986 224 594 10 476 151 431 916 583 403 594 495 25 952 507 492 142 768 926 220 618 452 944 200 225 356 360 840 713 825 0 249 386 676 426 419 68 519 523 491 163 128 411 847 344 293 887 915 84 261 401 112 545 675 524 597 278 521 792 415 832 664 66 240 528 441 634 676 722 294 262 823 876 580 153 781 509 405 605 813 542 785 799 432 308 693 606 251 179 111 905 447 76 323 630 671
326 879 48 848 65 973 136 942 149 326 668 532 59 190 989 422 489 635 669 488 273 527 363 808 120 985 906 461 128 579 377 924 263 347 3 324 543 245 967 443 650 445 73 511 400 307 662 67 727 27 529 555 204 643 82 199 159 115 532 149 528 379 140 446 43 371 484 115 616 924 214 39 483 803 131 796 537 858 50 223 124 160 186 636 233 478 983 231 757 321 967 182 162 793 406 341 224 673 832 992
495 159 640 938 895 168 333 169 209 865 252 794 121 987 733 302 277 537 432 975 340 946 464 606 70 304 71 257 309 146 290 624 97 392 414 237 129 638 13 942 238 293 428 104 119 823 563 336 105 868 958 432 34 108 148 803 565 822 830 385 44 878 390 294 35 29 149 295 429 974 928 941 9 861 753 28 848 592 181 841 545 234 10 625 92 865 277 81 736 282 732 588 759 724 492 257 731 503 171 501
925 609 286 333 813 103 426 926 408 173 107 847 622 848 819 515 170 17 461 63 148 360 467 174 615 215 956 592 631 866 508 732 997 932 204 179 792 155 938 287 741 808 645 838 198 621 9 758 381 705 500 61 378 524 130 347 890 22 854 203 674 670 865 878 232 254 603 594 211 233 676 740 64 186 448 49 645 845 371 696 904 986 722 98 916 971 244 391 127 507 588 226 252 527 255 775 828 771 433 478
319 458 593 461 473 647 246 803 50 763 930 517 754 88 448 986 347 198 439 333 91 620 391 634 233 907 950 461 874 557 822 772 18 913 500 108 159 340 451 642 599 560 600 241 864 922 271 550 852 481 776 957 941 856 116 942 323 814 683 127 669 604 953 746 856 60 263 702 11 189 562 347 584 887 840 164 800 829 486 786 514 705 630 656 972 434 474 405 315 467 89 650 840 380 118 248 475 455 649 189
7 81 628 336 314 177 131 85 661 167 387 656 885 255 226 208 678 168 255 571 425 777 594 115 205 539 934 93 864 446 865 15 235 451 340 737 593 838 692 269 34 22 522 153 732 977 398 340 799 963 933 63 953 373 167 576 708 951 759 420 441 967 422 673 982 596 6 179 329 995 122 402 125 998 898 592 310 12 82 450 734 410 694 921 626 514 484 997 465 65 33 348 367 287 841 83 811 138 233 550
45 447 869 282 636 22 88 675 957 223 473 611 279 485 526 34 316 65 958 805 218 0 418 239 735 945 907 671 12 260 80 116 446 475 269 860 127 439 671 323 246 955 706 699 900 351 182 168 961 591 682 596 895 976 357 555 504 418 693 221 961 175 427 599 858 593 937 950 859 2 205 698 78 304 816 413 781 263 834 608 32 766 454 447 365 466 358 559 133 272 963 39 59 837 234 607 265 604 587 633
271 685 395 531 663 594 161 799 711 390 614 177 741 344 42 702 629 714 57 769 459 984 925 184 495 957 920 893 608 446 374 907 449 577 286 644 395 490 386 112 220 637 47 91 362 218 123 39 209 703 163 710 943 949 790 624 283 561 461 315 53 932 729 204 578 858 599 590 34 39 273 445 739 754 133 286 128 990 282 718 188 468 133 506 345 31 489 294 917 643 346 513 197 143 595 97 38 751 672 979
748 42 780 679 244 299 794 455 373 64 310 9 16 585 701 780 857 439 653 341 774 366 180 980 729 409 949 560 111 978 423 588 415 859 253 152 415 965 935 645 247 529 272 996 90 44 730 890 319 517 174 701 756 498 329 640 438 831 804 608 885 596 475 195 937 829 549 749 87 960 791 622 949 113 562 891 341 219 840 245 583 753 808 351 108 12 552 936 648 904 0 354 451 350 533 977 356 753 367 822
128 538 707 678 49 315 963 693 996 842 73 607 498 135 386 692 136 68 704 47 404 407 910 298 98 150 56 244 454 868 767 526 852 535 540 874 161 514 253 808 995 515 68 356 855 285 855 268 237 757 34 35 567 888 904 718 476 728 341 390 748 564 526 509 567 767 777 141 995 603 715 375 568 913 113 669 225 217 67 814 965 16 414 411 738 46 956 966 374 774 207 961 600 476 568 454 71 844 688 125
522 227 987 625 320 170 652 137 113 952 184 836 543 939 392 850 129 815 328 840 352 250 802 980 39 808 379 90 867 463 690 686 817 169 768 319 682 681 157 820 260 373 2 295 526 523 470 568 205 435 983 30 249 215 116 461 264 320 365 831 39 406 738 580 72 671 927 713 360 174 690 319 439 791 275 801 453 193 899 795 933 271 905 888 845 547 196 802 343 706 524 200 185 19 760 634 290 361 472 856
259 330 660 676 240 412 65 318 339 540 599 578 352 891 172 846 251 584 185 556 880 792 525 108 4 314 991 689 932 764 475 430 551 887 733 382 923 60 531 475 571 48 584 419 73 777 897 955 8 296 702 956 169 177 297 368 942 754 266 92 900 807 90 933 835 456 223 894 475 886 590 194 465 165 650 604 677 649 205 359 262 748 873 660 332 124 906 501 802 818 583 766 966 56 823 418 590 402 271 102
68 208 757 42 764 269 848 362 402 165 556 182 242 312 981 663 85 272 632 659 837 458 466 477 376 300 165 283 847 618 15 496 795 312 150 357 927 287 413 617 661 716 716 945 619 618 343 410 664 368 821 426 416 770 125 498 491 645 572 451 614 377 303 683 372 203 80 177 411 360 138 368 110 42 265 14 802 887 680 910 780 690 800 810 956 356 24 544 171 536 615 643 171 728 323 354 659 976 254 639
28 899 132 336 467 622 349 366 351 178 707 885 816 769 163 157 727 434 599 341 923 537 607 65 419 540 497 821 18 196 372 960 607 62 967 951 186 536 87 225 890 80 239 422 927 547 371 548 67 435 27 655 421 71 957 508 593 456 573 112 125 7 290 456 94 394 766 677 714 280 435 760 625 963 709 28 464 865 308 985 784 644 718 29 705 467 177 921 421 151 242 432 688 563 974 20 14 167 117 877
606 991 339 551 952 603 663 839 999 897 424 177 721 786 897 923 31 972 758 984 103 975 91 126 58 635 691 179 954 935 584 882 526 731 64 627 337 494 315 659 684 11 651 385 585 564 74 697 771 471 211 143 384 232 836 495 390 58 846 337 662 957 192 886 623 580 282 919 976 782 443 242 808 50 740 86 265 60 437 518 986 762 957 309 106 752 416 232 247 740 445 949 886 835 282 491 136 401 967 685
227 278 601 321 395 963 695 467 248 31 219 305 747 309 747 561 958 143 566 997 436 183 489 369 740 192 500 728 65 261 379 408 338 569 825 401 988 322 483 463 801 820 696 850 845 264 936 905 320 784 545 95 403 921 33 534 175 393 612 866 428 547 12 539 444 385 349 58 960 865 220 486 769 39 408 107 449 143 804 60 155 119 701 836 820 54 684 357 262 600 81 507 26 355 350 335 230 590 707 94
224 177 809 122 240 278 231 566 811 129 775 107 796 524 987 552 877 516 24 313 119 116 35 752 274 724 323 818 306 175 624 518 571 384 197 224 672 292 222 928 915 415 859 576 922 671 411 813 145 586 471 765 685 399 950 700 991 806 293 267 395 739 640 509 934 998 283 668 334 763 742 829 787 305 458 27 371 434 418 841 176 890 212 799 83 182 12 875 499 277 580 585 261 544 396 806 41 611 671 163
3 611 164 151 734 80 444 698 345 835 969 545 620 651 404 108 742 976 172 478 520 538 196 722 705 170 489 392 478 446 646 957 969 353 369 596 54 891 914 137 97 18 312 149 614 521 264 725 850 471 14 849 26 408 253 319 61 933 830 270 66 642 599 304 736 305 848 686 677 809 824 490 677 927 370 632 532 721 601 73 657 859 184 482 459 436 415 49 39 509 5 96 645 345 33 849 999 351 918 415
969 11 895 283 567 926 979 364 878 413 391 330 604 610 709 563 129 891 938 171 129 430 772 747 790 639 636 851 421 340 294 100 874 397 285 848 795 787 95 186 945 604 367 486 118 513 60 294 287 596 335 151 114 837 453 478 860 77 571 321 125 988 147 976 218 354 822 788 813 525 183 657 243 342 407 827 70 774 477 516 701 179 334 693 657 704 377 153 150 641 535 66 526 821 98 712 672 58 774 985
516 599 204 416 683 337 699 446 915 760 756 737 279 214 751 748 204 539 607 139 854 301 750 309 950 925 993 778 465 673 992 367 299 825 676 655 253 270 598 261 904 321 654 8 635 556 804 458 544 223 648 413 227 176 98 798 81 169 101 533 787 126 977 666 824 698 138 680 135 330 423 487 566 287 255 371 961 816 503 834 324 477 169 341 299 915 254 591 146 816 604 321 48 859 860 500 710 876 123 307
213 855 632 745 377 926 218 922 892 271 903 197 393 772 770 44 280 605 940 656 131 73 232 817 565 512 268 536 496 602 77 125 339 528 926 527 636 754 832 567 97 91 544 983 437 662 631 698 634 650 812 800 455 396 168 556 632 352 351 731 687 258 922 30 796 328 788 606 884 672 272 677 882 755 169 516 116 809 474 603 26 124 916 825 228 483 777 968 968 610 366 100 758 768 824 217 941 270 819 614
475 876 575 83 744 565 58 598 655 790 705 9 321 594 892 674 868 702 504 798 345 109 363 934 725 396 255 847 159 542 605 975 69 835 164 917 214 506 262 719 850 773 267 288 460 611 777 796 657 554 316 945 97 901 72 654 136 844 50 25 387 301 885 115 762 905 921 482 36 709 22 135 130 588 198 128 181 571 407 174 97 863 217 959 990 643 305 171 12 296 500 155 587 600 284 726 496 957 337 453
450 655 770 993 901 418 499 678 250 719 824 199 143 432 603 973 172 553 33 919 232 332 363 523 684 750 547 63 244 982 519 627 572 52 199 220 842 152 477 691 56 467 777 8 631 474 53 826 521 911 189 850 669 676 437 860 183 473 234 459 309 58 404 658 54 564 598 469 410 319 447 16 426 721 965 112 34 358 331 412 449 837 218 935 453 486 663 330 703 354 857 663 807 209 905 586 306 723 384 966
273 126 858 818 869 807 91 226 575 209 413 309 492 355 579 750 900 161 827 65 760 307 523 392 721 678 512 805 692 544 684 177 961 248 236 723 753 983 183 157 471 878 870 293 659 233 820 41 636 629 846 397 472 140 564 624 253 84 738 192 216 633 575 394 634 799 614 167 504 587 292 661 945 527 570 189 159 592 661 486 699 239 504 501 641 766 297 519 621 826 535 711 630 995 11 27 290 832 72 755
640 874 897 713 766 540 264 872 786 499 544 383 51 743 679 469 354 928 603 334 430 123 113 820 301 434 697 405 522 826 110 206 846 679 62 617 232 675 953 663 549 26 506 86 142 596 635 225 240 48 338 266 349 849 81 301 985 985 405 745 603 575 531 259 280 640 835 362 391 240 669 816 659 429 702 208 188 893 397 171 166 863 147 595 61 284 948 513 40 695 361 710 718 154 842 15 270 246 191 138
905 46 276 758 650 914 230 279 489 716 978 927 256 78 200 130 351 44 437 121 702 380 829 667 350 683 25 407 493 81 440 891 711 515 513 963 777 49 491 382 552 417 285 374 277 67 158 80 583 363 26 567 390 554 192 91 579 448 853 683 969 158 451 700 178 130 487 600 924 613 949 422 232 382 376 887 304 486 865 189 875 160 281 879 507 122 455 622 699 867 257 755 246 473 465 660 449 240 184 144
428 753 413 917 286 837 727 579 200 25 571 734 472 618 159 871 284 39 36 383 924 195 849 230 892 512 588 220 308 707 455 342 155 676 253 910 558 730 229 549 959 861 494 41 369 884 394 485 445 315 363 62 539 63 808 240 280 615 252 359 147 814 82 516 373 682 446 871 993 391 41 124 670 107 749 363 770 706 937 710 430 24 444 765 855 521 229 564 820 840 252 928 396 931 609 980 702 404 764 3
60 742 723 803 297 869 802 742 437 903 445 689 877 611 263 479 123 418 24 297 810 398 972 14 659 584 2 379 12 764 648 626 583 983 78 397 580 566 737 71 346 508 205 169 370 985 86 689 432 506 145 516 766 679 276 655 105 894 813 336 434 382 528 35 225 30 993 17 696 843 796 260 74 91 743 233 708 580 993 706 323 104 535 226 446 523 707 958 510 336 839 799 431 596 679 314 531 541 210 94
805 95 289 697 577 461 180 319 569 269 817 341 116 754 357 924 3 615 750 441 464 274 103 996 809 383 987 206 941 805 144 196 66 712 192 553 599 319 4 734 653 887 246 265 456 155 689 639 779 647 558 638 769 214 290 440 918 494 125 204 591 776 20 141 932 146 274 312 782 509 781 632 38 276 204 906 42 581 755 939 176 580 236 328 414 76 318 644 925 191 906 962 836 466 374 450 150 517 7 882
346 331 696 873 388 142 11 816 507 6 825 760 867 208 672 255 698 956 885 647 788 411 527 155 717 505 698 746 352 924 101 796 67 539 244 679 781 334 649 669 625 370 673 665 53 51 622 341 180 395 819 812 446 865 320 177 550 409 974 306 195 121 701 817 727 605 197 201 753 612 684 837 13 782 463 66 908 564 779 884 624 457 373 902 362 617 923 339 623 635 424 862 576 244 15 983 510 745 450 214
830 254 581 693 369 935 138 810 312 424 252 266 536 365 164 455 448 410 1 169 718 504 321 484 580 11 547 812 20 641 570 236 377 293 373 744 279 223 777 451 989 305 883 146 358 64 938 289 968 746 882 604 566 885 287 569 258 704 16 755 419 245 164 63 249 922 388 625 654 746 375 918 711 921 213 439 210 179 580 582 360 797 969 950 41 33 666 974 834 684 177 912 195 622 680 518 556 710 916 839
323 931 763 468 572 244 847 592 939 648 507 99 314 534 122 405 858 474 142 740 476 830 840 705 375 299 536 347 594 592 218 640 51 525 107 829 556 573 905 134 172 486 358 646 611 107 717 716 38 661 213 459 591 321 871 199 214 59 156 676 5 617 178 503 868 250 806 923 143 796 423 598 210 991 782 665 113 16 954 307 141 618 985 640 873 173 22 764 450 898 117 237 994 396 194 62 259 112 690 607
39 302 435 250 884 125 197 818 846 344 406 972 421 381 93 501 958 158 47 630 4 412 394 129 353 50 232 968 73 548 149 579 13 342 973 75 584 495 956 755 323 496 932 248 776 96 695 842 334 810 245 705 623 863 986 657 394 406 983 564 844 404 229 116 125 727 579 750 331 942 303 58 816 694 773 239 706 479 372 248 143 798 906 743 187 7 483 96 312 576 593 640 676 841 564 595 138 399 484 540
825 886 16 833 221 744 476 482 233 426 277 106 955 381 472 558 679 642 174 964 970 562 356 827 89 502 274 336 736 740 733 355 20 98 436 321 663 593 897 834 33 948 959 156 122 7 213 638 123 189 125 79 668 565 678 208 560 763 770 815 858 946 809 102 987 364 498 90 953 5 805 133 112 701 119 949 613 253 53 976 465 160 33 592 814 379 479 24 236 818 497 731 713 67 75 88 97 379 748 676
37 25 893 206 249 478 963 216 741 376 532 45 721 457 438 666 825 523 805 481 903 547 871 211 303 275 970 531 974 528 407 283 958 785 76 322 113 935 103 76 807 64 415 347 524 768 441 31 343 511 243 212 247 942 599 530 402 374 910 211 530 530 586 515 85 852 835 829 752 577 741 47 487 732 759 791 947 58 705 967 286 868 854 926 934 606 347 920 638 537 509 859 171 762 133 850 390 79 518 680
488 929 3 228 778 325 820 358 438 373 808 898 821 543 434 764 678 924 879 863 390 134 496 693 131 321 153 329 179 385 911 602 683 936 93 123 969 849 433 754 566 154 271 161 223 522 807 915 147 855 257 655 627 25 299 798 424 244 58 937 757 505 693 309 806 417 706 401 587 386 365 263 647 967 88 236 549 956 988 277 988 782 741 492 866 913 516 160 552 108 816 330 851 58 702 842 285 658 31 860
556 1 418 438 65 131 697 108 318 331 245 318 161 269 46 819 66 103 660 846 530 764 494 557 45 836 269 194 9 470 832 337 34 254 361 448 7 552 17 266 976 69 882 728 700 752 442 100 27 63 222 437 248 976 187 732 207 267 969 204 145 28 755 685 176 476 950 537 884 651 791 259 887 352 411 498 692 548 127 325 975 931 923 270 203 288 82 727 710 971 82 305 337 542 305 792 780 616 273 484
768 529 64 580 550 109 399 862 765 88 303 272 109 100 246 256 506 152 474 54 223 749 142 886 722 822 407 123 979 108 166 698 742 433 98 420 741 856 223 751 116 552 176 838 826 280 436 648 882 592 268 326 690 666 579 174 74 465 795 961 530 254 340 385 7 293 187 325 959 953 316 392 55 793 432 131 385 601 582 774 198 459 799 823 162 451 73 615 26 293 829 16 384 251 826 722 859 916 836 346
5 635 524 557 725 305 663 177 530 467 354 998 91 705 116 842 972 820 884 224 838 874 678 44 835 489 626 486 335 35 603 219 837 718 182 148 66 771 858 549 22 717 758 410 943 699 233 32 283 798 28 725 961 473 399 765 186 420 916 972 796 855 277 714 436 36 981 83 956 267 925 530 520 168 864 235 801 512 358 920 966 238 177 199 445 470 852 22 159 395 873 742 972 690 112 931 410 419 553 778
588 157 947 603 966 147 433 721 386 807 580 124 259 526 518 561 429 727 510 183 643 628 62 337 945 326 410 512 593 904 572 569 900 89 951 519 531 742 680 744 641 92 127 920 329 597 778 116 184 741 390 244 662 96 79 825 367 752 601 996 1 434 365 815 532 327 198 861 667 949 331 16 509 788 700 940 368 763 182 689 614 645 699 143 506 57 449 495 163 754 465 32 168 767 680 424 587 356 562 508
110 759 233 26 320 229 420 691 276 255 834 487 534 943 212 980 657 681 642 511 117 227 82 977 425 96 348 71 647 548 942 667 605 157 534 455 526 896 119 293 99 185 445 979 24 131 769 537 412 605 872 751 159 465 690 304 847 602 125 69 831 764 585 606 496 206 265 888 582 354 188 657 401 760 635 541 854 265 530 353 810 987 692 312 846 816 957 621 256 188 397 745 963 302 401 548 283 113 418 122
90 918 938 224 940 54 677 142 628 121 701 650 795 163 647 901 904 687 128 451 797 192 133 117 290 487 904 558 938 196 169 359 638 693 881 574 245 286 713 710 962 717 402 666 934 587 641 25 108 640 502 168 768 235 898 661 793 186 950 229 389 983 814 4 732 453 347 782 146 640 41 287 551 915 493 180 393 531 620 189 888 297 731 950 474 72 813 51 745 126 660 80 222 688 153 864 684 776 731 246
115 495 980 112 841 985 123 343 61 293 59 654 857 974 204 907 595 68 906 831 997 808 602 722 164 882 76 916 64 485 578 867 806 0 91 224 581 20 125 646 405 746 520 371 354 267 967 979 478 486 671 976 713 403 537 490 872 968 235 954 671 792 844 286 89 214 242 230 731 9 249 487 559 795 699 833 283 650 693 327 68 636 700 838 545 371 145 230 499 399 311 40 379 16 770 775 952 346 734 402
578 997 627 729 762 748 701 893 860 657 214 560 126 62 156 687 648 274 953 40 48 850 231 66 29 614 782 816 696 979 608 850 441 39 497 525 135 575 627 82 237 436 644 796 279 117 139 477 522 452 805 517 882 63 577 592 902 830 769 735 127 631 147 949 687 677 735 400 833 72 524 545 404 881 382 918 473 618 851 203 863 632 691 539 416 928 991 867 653 212 80 286 812 896 315 850 788 979 386 985
906 923 389 601 257 594 252 151 634 343 241 318 857 119 168 858 893 76 813 939 454 869 232 164 498 421 172 887 354 289 904 216 75 474 232 943 461 205 133 112 518 280 762 847 830 933 369 482 645 825 645 855 543 865 833 600 1000 480 179 168 943 965 879 439 89 617 998 702 908 486 705 56 121 458 581 448 145 559 163 255 800 598 977 397 575 756 280 296 552 413 418 323 799 751 560 191 24 692 779 65
540 246 60 469 299 955 36 740 790 278 792 603 965 492 56 155 12 236 764 18 89 534 245 70 395 835 999 294 28 623 759 144 778 591 503 79 896 633 576 475 304 797 421 822 709 714 928 777 772 373 152 190 989 638 541 767 531 229 318 799 625 178 148 440 813 219 46 708 328 512 370 128 514 634 113 851 397 59 655 55 448 604 977 426 76 244 590 940 331 144 400 730 938 199 431 112 902 852 746 875
675 825 356 131 380 465 443 703 582 24 172 276 983 687 358 843 660 786 99 141 499 994 834 433 767 602 182 678 626 951 593 617 803 352 415 410 364 69 363 881 330 848 407 712 246 158 161 969 216 211 430 313 796 581 22 377 308 55 694 337 991 370 630 733 713 617 0 471 642 149 539 509 768 372 485 62 452 965 607 720 657 858 870 776 384 921 41 370 745 563 990 405 342 788 91 441 950 77 239 917
577 75 574 362 612 358 989 196 434 452 687 177 977 62 814 295 389 170 389 417 977 113 281 344 662 250 978 415 457 605 316 118 492 647 421 606 272 942 789 193 775 550 652 74 524 943 481 439 213 156 431 95 467 267 495 742 996 4 966 214 436 572 938 991 136 817 447 100 978 100 397 785 663 347 729 99 950 548 990 178 283 275 342 570 903 440 823 260 646 91 735 535 700 505 818 130 252 954 693 22
479 151 329 451 354 796 18 817 592 30 287 671 762 904 621 829 491 513 888 688 972 513 578 897 575 503 118 976 800 157 238 977 225 16 401 925 740 460 377 37 1000 473 844 683 633 229 664 425 403 996 931 232 743 165 789 8 617 530 858 174 173 392 385 475 850 152 973 252 62 492 794 7 961 776 532 84 327 651 683 772 552 859 453 758 585 772 144 310 607 412 237 805 141 440 942 957 910 386 66 991
976 532 865 647 198 313 890 609 165 10 99 263 69 714 825 848 471 305 688 161 378 315 265 622 859 76 862 140 18 367 536 988 288 530 98 276 393 921 275 72 12 746 248 964 109 76 532 288 681 959 680 363 502 88 683 459 592 638 61 535 98 298 867 386 977 67 998 178 506 24 800 633 619 53 329 570 12 211 48 357 324 651 502 910 369 184 852 3 264 747 77 862 766 24 556 16 355 548 546 157
178 53 502 77 618 719 817 125 218 918 725 107 562 311 571 285 777 357 401 233 708 146 300 415 629 615 104 194 52 387 820 599 39 179 96 376 469 611 160 100 997 858 10 200 138 374 714 625 613 162 177 246 666 586 571 12 678 885 388 444 922 535 512 108 646 922 713 471 246 16 946 934 441 400 890 818 545 753 167 879 111 435 583 972 998 280 966 182 504 522 520 713 999 533 514 741 81 67 947 956
524 785 121 637 737 452 935 465 815 874 349 418 68 594 830 902 164 280 450 357 742 214 903 797 783 607 309 43 695 383 87 14 387 899 303 353 160 658 924 695 359 72 436 961 445 701 563 721 428 524 830 657 409 712 613 433 728 597 490 739 997 268 756 517 26 153 260 83 61 695 920 824 518 482 756 12 117 639 788 808 857 796 45 64 16 714 634 973 585 670 269 788 429 155 936 383 557 826 949 928
246 180 908 31 738 951 865 964 447 749 271 739 135 161 414 935 552 325 202 827 12 519 120 532 461 831 695 812 431 168 5 236 872 651 512 61 626 243 12 207 984 403 583 878 378 388 439 405 777 390 987 766 172 89 789 114 68 987 686 927 97 293 433 602 237 579 397 464 496 795 233 22 952 945 342 423 18 498 156 106 467 777 993 328 295 142 1 707 421 32 496 689 749 599 613 699 332 308 488 572
992 43 170 42 8 732 701 254 119 242 801 279 802 888 657 211 381 90 984 761 160 346 234 484 462 612 481 420 795 145 807 764 826 918 634 183 583 716 811 733 583 704 887 920 488 668 754 655 728 851 214 35 265 847 599 365 177 260 563 717 440 874 928 965 931 987 933 368 49 795 454 42 365 740 175 363 165 376 556 946 289 992 8 268 102 776 6 917 602 611 58 17 224 47 559 625 740 41 91 669
367 717 68 824 503 148 591 429 275 972 11 192 617 506 611 132 231 643 443 596 851 205 769 460 625 3 284 579 458 46 874 552 577 107 539 648 189 767 811 289 790 859 304 551 95 109 208 405 925 115 240 683 686 972 993 375 303 21 366 657 678 648 342 443 725 352 159 272 36 588 967 403 84 359 375 436 45 684 684 447 572 390 310 154 194 517 780 85 364 114 932 394 765 64 367 100 473 347 250 850
438 149 243 596 530 155 53 642 835 983 426 56 157 389 423 560 48 616 95 386 348 30 367 379 285 481 293 842 143 105 225 369 710 891 279 189 394 689 76 695 166 464 253 893 681 973 873 123 616 167 823 330 211 161 551 131 315 383 41 985 853 476 318 516 604 817 834 997 957 907 460 247 317 478 256 822 457 160 318 238 476 254 217 833 362 606 152 549 933 131 15 644 727 677 529 840 709 96 931 3
112 169 661 501 276 59 875 855 885 325 774 676 736 425 648 831 352 180 910 59 112 64 804 4 68 837 260 816 62 54 66 596 977 738 762 685 796 283 940 476 768 66 959 413 25 284 396 355 34 665 165 130 752 324 183 380 755 119 618 401 274 893 37 620 867 940 486 196 293 573 5 574 159 768 111 73 340 380 196 253 649 280 572 551 930 324 321 973 497 474 43 126 521 990 313 990 59 229 511 152
272 997 503 671 607 80 270 741 771 413 411 212 784 579 600 994 539 702 864 693 404 644 243 902 262 243 913 854 57 549 800 972 468 320 321 384 192 17 596 564 370 822 849 485 462 505 157 966 754 423 701 444 579 856 670 833 178 998 368 543 646 218 851 82 317 61 427 739 181 148 762 544 365 30 881 669 480 571 649 146 519 102 996 761 363 697 415 922 560 218 711 622 287 239 525 116 996 922 224 114
124 631 377 455 258 92 621 871 606 969 158 155 525 597 890 608 912 223 928 73 268 131 376 385 713 566 617 289 116 130 166 195 873 329 203 191 37 516 471 223 839 177 843 333 806 287 432 77 326 569 801 391 916 106 712 847 567 505 200 882 667 123 829 61 468 882 811 428 276 114 877 927 954 347 668 625 581 102 260 102 240 825 666 270 609 764 394 818 191 77 783 634 439 704 510 81 275 790 267 26
749 105 58 865 566 189 978 630 160 274 432 918 278 106 166 247 468 44 43 50 144 360 275 80 839 631 384 710 203 825 558 776 414 578 91 826 302 147 36 634 845 765 12 453 974 13 779 979 17 733 613 178 664 793 117 439 36 241 885 346 409 976 105 1000 92 981 745 83 809 947 316 990 108 707 442 116 511 170 151 122 960 752 380 675 381 173 101 150 982 642 8 653 981 544 502 154 605 39 326 868
812 278 542 121 872 383 312 942 65 138 121 954 368 12 618 854 67 233 927 201 360 849 353 87 932 127 797 903 595 406 162 676 772 289 292 480 809 313 337 953 824 358 966 907 872 515 525 533 423 363 571 602 959 276 515 622 383 407 681 283 465 78 573 952 168 67 114 913 787 943 508 353 219 875 489 71 237 432 666 855 849 431 999 328 991 723 39 104 388 37 291 152 326 881 281 271 953 562 322 330
783 931 857 957 53 834 654 652 787 367 664 668 809 74 610 189 692 960 419 65 739 404 82 225 417 200 696 238 586 759 488 604 600 256 978 52 223 902 225 259 850 504 762 225 278 320 621 390 985 824 142 855 593 585 476 822 70 679 980 166 954 623 926 340 752 386 831 911 761 569 227 649 377 711 61 481 241 78 846 501 889 36 109 753 527 488 480 20 347 297 228 732 452 509 196 889 311 888 361 65
531 376 766 516 922 533 821 584 204 860 710 339 557 395 42 840 477 804 732 632 558 765 169 787 890 155 622 785 80 982 156 635 153 787 195 487 539 841 542 50 496 613 32 551 231 575 108 804 263 409 646 799 362 954 367 458 993 79 387 790 512 504 60 30 525 722 864 597 371 228 273 998 368 290 338 356 692 930 731 118 364 722 763 478 398 847 68 45 564 485 696 3 761 776 496 922 801 611 630 615
721 855 583 431 597 250 967 662 164 725 269 374 439 705 723 450 729 720 76 940 61 718 876 8 423 129 828 700 889 601 466 861 234 454 731 343 221 402 134 399 868 575 250 573 732 139 84 833 182 137 946 384 827 610 637 717 604 119 517 964 228 799 669 244 598 523 956 241 944 321 917 643 639 978 925 860 792 350 965 930 407 568 777 78 730 893 903 89 898 912 241 536 523 521 927 367 532 301 100 848
569 364 357 339 499 744 667 79 291 665 303 11 869 736 698 855 967 986 213 839 549 844 637 8 925 832 707 958 274 125 794 198 144 600 635 331 602 53 861 973 743 967 15 647 902 911 984 245 129 307 509 924 455 397 897 741 486 31 776 583 359 822 150 266 664 836 446 873 560 576 10 499 289 999 580 671 708 44 767 755 309 187 146 899 51 651 149 610 149 97 294 811 184 175 702 900 579 220 881 3
307 228 549 629 91 350 197 338 198 61 117 5 635 423 842 950 93 424 143 459 168 736 352 976 481 647 250 314 92 701 715 685 352 272 406 906 426 614 351 402 682 896 800 587 69 631 859 452 64 503 926 123 890 205 316 381 809 356 154 117 531 182 637 654 336 700 836 240 539 628 935 425 126 741 358 63 738 791 461 69 221 174 529 648 388 81 941 127 188 483 419 4 523 249 444 997 107 661 28 73
222 825 723 648 942 343 614 707 138 607 692 602 625 960 773 642 456 819 581 317 541 845 671 827 585 589 215 194 981 261 581 662 135 617 870 980 220 82 210 356 317 812 760 257 912 737 166 293 814 758 334 684 642 951 108 1 953 363 261 45 866 826 370 346 295 594 743 292 951 615 363 545 286 46 588 692 393 986 492 66 881 223 142 132 6 153 931 514 482 499 66 237 375 700 282 782 854 838 633 314
333 893 485 529 107 859 820 26 684 28 440 497 510 624 827 728 682 225 560 887 586 778 643 843 199 154 516 181 909 736 461 63 22 395 94 461 193 176 892 143 662 794 929 335 153 196 953 271 513 759 515 110 89 403 736 341 437 619 934 482 603 319 926 368 224 403 539 601 233 889 630 500 981 779 839 521 120 839 886 331 922 282 412 286 485 707 47 607 661 567 845 672 944 698 322 692 828 511 57 191
462 73 988 129 638 816 134 434 409 831 251 965 706 508 994 612 717 327 908 562 257 759 850 383 491 474 977 982 616 837 481 409 141 271 287 845 153 889 270 531 302 944 496 742 833 929 746 499 412 691 479 528 388 426 292 571 622 201 283 485 747 767 585 244 938 206 692 834 243 173 406 206 747 515 965 140 903 286 816 999 118 739 315 678 170 669 550 538 989 934 378 34 621 609 394 244 569 10 140 569
707 727 752 242 498 608 350 353 136 858 234 741 258 804 128 909 83 686 890 42 434 339 191 952 375 637 383 860 100 904 729 455 397 388 666 422 263 670 350 337 631 957 147 551 943 684 499 579 341 806 946 145 971 959 643 82 317 449 208 849 209 595 538 972 581 31 335 853 151 669 300 293 830 587 360 254 627 968 247 380 622 527 294 430 632 807 195 513 809 705 440 609 641 415 971 681 292 106 993 906
695 911 582 427 630 367 717 888 394 410 579 448 426 524 889 271 84 21 330 392 696 865 707 826 880 795 820 696 338 15 304 15 395 820 581 737 341 849 694 945 796 504 163 154 84 426 259 882 102 462 475 963 425 192 912 59 845 323 328 71 248 899 145 192 371 874 66 863 101 864 820 677 70 387 846 583 680 8 645 932 648 166 228 815 722 755 348 804 594 626 269 73 977 686 596 703 799 796 687 844
22 546 259 273 837 864 785 965 417 227 254 460 389 700 683 333 567 465 674 375 968 886 620 310 838 72 892 424 991 352 888 136 615 212 31 815 93 83 86 625 162 410 728 475 428 304 890 802 813 940 936 39 231 215 765 849 729 238 976 780 531 866 118 305 233 797 849 886 873 547 373 141 348 31 793 902 970 939 477 402 308 492 226 687 803 158 311 134 659 755 525 910 762 856 64 180 330 45 477 140
890 344 494 703 682 24 263 109 292 672 971 298 878 892 711 709 77 910 119 802 973 144 873 290 369 943 61 369 129 707 570 248 195 165 64 783 131 480 187 220 266 202 51 932 271 806 494 358 68 979 607 403 114 822 67 557 415 752 568 741 77 899 816 619 605 538 651 294 566 293 835 613 741 324 42 208 404 180 436 458 1000 794 124 788 564 600 716 818 42 873 882 906 981 305 826 999 377 323 93 228
542 572 262 299 357 988 97 840 637 35 740 182 651 491 38 166 884 239 91 997 581 667 843 757 96 983 441 632 158 90 319 687 412 23 273 163 798 961 268 876 967 806 486 261 752 886 82 200 904 243 712 66 859 857 737 829 990 75 716 215 712 376 615 585 529 971 866 899 777 252 649 666 29 997 129 877 660 830 480 71 524 642 785 172 367 783 783 851 120 325 53 839 325 480 168 876 90 664 848 211
779 821 504 652 604 833 456 509 863 639 717 569 703 931 474 183 906 387 727 23 675 197 6 1000 264 946 432 979 727 822 501 464 875 538 451 889 724 705 255 676 46 892 967 664 79 191 385 575 657 854 213 815 63 985 742 330 301 202 797 698 234 558 893 880 844 281 443 249 956 318 399 465 3 111 310 588 984 738 150 541 257 513 991 445 391 833 830 375 646 367 76 127 435 101 350 902 738 409 759 592
879 278 567 696 149 517 615 84 33 351 134 530 99 304 346 505 471 723 618 255 657 273 67 474 472 663 70 774 957 140 499 162 195 494 90 134 881 207 527 293 606 654 314 433 219 87 554 287 49 578 936 797 109 428 664 5 566 507 615 802 359 121 291 27 301 441 329 797 288 796 438 658 800 232 139 772 686 203 22 6 305 337 354 101 742 420 686 137 677 356 140 192 925 372 687 33 329 139 966 844
124 414 986 571 256 679 680 773 549 190 829 806 732 505 244 915 594 793 924 422 808 546 606 318 797 978 405 741 532 631 320 492 993 250 946 550 55 663 127 924 842 276 58 707 288 553 458 402 667 288 207 652 868 717 775 211 772 995 415 453 71 683 258 25 794 587 701 807 39 715 319 289 781 736 372 576 108 134 246 384 668 122 157 458 38 564 163 278 925 115 403 504 465 138 563 834 785 166 296 765
929 81 120 445 648 75 953 514 474 68 681 387 440 482 34 843 694 180 873 845 927 777 584 296 789 999 457 319 503 137 902 736 834 84 482 508 115 134 972 821 223 689 663 769 416 412 515 179 835 445 891 767 520 351 76 318 895 406 555 864 230 592 303 106 721 111 514 334 235 586 560 18 749 174 737 84 410 294 815 167 987 917 516 910 441 995 101 860 627 979 825 262 208 802 676 19 227 630 803 539
634 688 388 156 854 676 42 798 874 5 846 720 82 852 559 299 595 332 462 54 365 464 688 525 25 738 238 775 202 979 215 929 768 534 793 643 270 149 128 396 297 744 144 842 555 503 43 26 38 980 59 984 351 248 806 859 517 602 901 166 832 20 722 329 337 26 571 867 886 964 372 245 97 297 204 995 326 513 203 158 947 468 494 738 309 84 245 897 347 855 504 109 322 633 66 273 705 976 854 665
453 8 961 816 775 526 24 656 642 822 504 0 733 273 928 544 191 472 650 826 231 997 363 393 710 93 308 52 642 786 811 409 346 17 454 916 651 306 758 829 356 209 652 280 167 618 173 703 686 583 41 580 946 445 156 936 881 58 488 53 772 933 543 432 730 791 503 476 207 674 784 718 361 928 681 119 705 285 480 408 691 903 421 413 413 571 279 499 11 126 885 589 160 48 485 212 722 500 224 569
825 204 976 775 257 445 62 546 655 925 321 778 436 625 189 498 321 230 696 966 998 305 322 209 837 910 48 365 875 754 161 886 474 72 530 346 838 33 157 847 342 570 923 529 159 498 649 528 341 507 547 718 452 220 679 93 804 392 746 394 473 14 881 650 675 541 606 722 710 717 652 135 809 695 978 437 720 13 713 881 328 395 561 556 719 528 611 192 415 833 754 83 224 219 831 366 149 122 672 164
396 810 172 388 791 938 453 909 917 78 104 564 932 250 691 6 839 883 169 559 612 716 618 828 834 37 948 535 360 115 485 614 651 661 937 370 46 610 985 176 744 33 518 6 136 391 752 648 461 544 423 107 454 765 241 181 348 672 691 103 790 406 599 941 994 199 738 138 72 673 661 617 157 310 319 777 329 183 315 104 750 593 538 318 77 104 627 679 438 607 701 440 835 710 661 928 536 337 398 677
289 169 339 247 962 835 782 198 505 489 329 146 501 619 407 188 699 14 360 355 84 342 872 870 166 899 436 103 976 212 655 102 823 651 633 969 291 346 451 328 467 55 793 101 542 28 957 325 311 128 56 394 843 647 911 378 775 808 734 261 24 931 229 693 141 174 40 72 807 898 174 168 337 918 326 460 701 609 770 488 730 249 256 609 115 858 262 242 131 566 579 560 472 385 650 982 485 337 302 577
981 496 762 407 55 301 310 466 58 959 223 417 746 920 700 634 612 976 336 363 463 56 746 497 921 455 558 353 481 435 760 209 527 145 777 910 716 94 228 835 95 744 433 650 952 720 68 380 556 670 195 42 549 882 276 976 638 18 33 575 781 717 952 36 729 887 605 613 115 665 498 27 589 664 102 743 329 237 531 595 247 756 392 388 554 808 423 166 902 107 313 481 858 906 498 882 456 651 755 770
881 439 880 487 139 678 145 994 46 505 386 990 219 155 797 918 260 373 886 451 297 842 111 578 497 276 393 22 895 568 151 722 639 81 3 434 608 283 701 168 119 643 553 114 11 723 461 113 310 292 822 247 328 314 748 76 776 983 914 922 883 912 520 287 416 418 43 77 950 639 360 275 473 270 533 729 312 344 701 781 238 375 777 937 602 451 35 463 672 918 751 992 956 894 90 876 338 897 73 329
111 876 484 889 330 820 232 125 992 416 107 128 612 2 267 981 464 752 108 323 803 256 387 416 584 875 349 577 131 721 844 384 692 549 980 365 359 517 14 905 619 310 694 479 810 181 67 20 718 942 670 374 723 181 45 948 204 995 530 199 334 510 147 913 379 695 944 417 41 84 741 837 93 493 521 915 171 126 360 624 362 270 788 476 898 279 310 818 216 669 188 847 480 197 576 279 681 943 782 650
511 184 46 671 396 931 857 740 764 773 982 194 209 968 317 560 96 8 512 964 236 167 584 308 209 328 290 792 669 758 872 539 31 144 211 708 501 78 912 827 386 794 849 815 739 532 717 551 234 728 635 82 141 626 982 946 52 787 538 991 667 800 496 540 812 494 290 403 296 786 34 653 320 871 145 96 491 996 506 515 161 48 571 184 175 138 558 633 343 617 414 369 490 161 950 256 275 376 767 150
516 846 1 407 124 821 28 355 291 464 803 758 137 863 326 725 56 791 749 470 1000 356 134 813 444 895 395 379 863 636 617 956 199 869 563 396 679 901 903 158 134 926 339 979 295 593 148 603 941 49 820 26 528 939 257 905 147 371 196 482 487 738 276 960 719 263 169 72 875 536 578 395 301 690 536 408 418 355 484 451 310 258 229 234 311 780 873 311 6 42 54 553 268 413 835 856 100 76 330 757
9 644 497 735 24 74 433 76 284 434 589 331 571 556 162 197 401 75 958 27 858 237 573 862 927 821 633 762 549 231 762 647 453 217 926 784 983 219 217 56 409 805 820 966 327 332 830 220 255 373 336 830 914 229 542 528 95 584 337 424 327 940 670 806 760 409 50 266 73 243 910 209 560 82 824 577 22 788 388 252 763 762 742 468 52 380 61 251 890 519 275 746 546 4 38 440 446 342 213 748
167 483 148 799 519 702 63 818 112 638 238 62 54 301 879 333 989 955 439 193 581 838 853 375 388 556 279 240 276 984 738 188 231 633 947 953 538 298 323 43 797 615 643 526 912 622 911 605 805 863 543 593 507 424 674 151 658 37 130 358 706 484 645 879 941 974 444 285 814 474 333 393 912 876 935 134 42 587 712 575 614 242 271 471 120 907 127 140 814 390 538 6 597 129 119 565 737 884 406 34
529 842 282 962 270 871 288 443 708 875 493 778 74 558 830 120 260 104 115 447 225 967 451 123 962 258 299 956 293 888 374 99 62 220 569 494 881 569 608 817 902 700 637 308 833 621 312 980 609 576 571 424 783 414 575 752 840 330 923 17 811 381 787 891 758 487 71 184 673 444 127 745 906 915 186 377 203 107 378 860 432 125 783 817 776 432 677 894 362 64 315 741 380 607 64 233 911 154 251 56
68 291 901 896 744 474 112 610 194 728 588 486 827 829 749 657 235 448 64 417 74 821 708 544 280 78 651 151 837 724 888 939 107 883 706 987 390 97 192 971 58 806 922 463 684 751 274 37 100 278 773 299 893 674 625 161 137 7 855 382 634 643 550 313 127 191 9 992 62 415 680 700 101 764 608 931 754 312 385 657 993 865 965 969 169 646 617 458 339 238 581 384 498 892 391 941 684 390 924 675
48 805 918 692 598 645 552 377 342 724 297 447 568 721 112 663 373 918 24 217 267 777 457 335 611 378 287 882 290 793 708 565 27 974 634 183 946 5 508 359 425 354 791 914 140 585 104 470 417 864 341 662 198 404 227 134 621 502 584 396 201 815 412 348 365 140 687 58 8 689 165 158 524 702 478 747 886 767 906 210 145 290 346 941 636 413 163 580 560 695 651 975 646 620 170 503 685 347 160 341
897 356 40 227 863 885 73 529 260 253 6 790 114 420 811 914 116 377 937 831 451 949 536 472 542 358 302 14 344 279 333 514 713 788 668 957 343 992 951 572 350 973 845 267 209 593 920 19 543 242 942 424 59 642 130 891 291 575 376 789 968 757 731 929 843 841 935 449 226 864 149 353 608 829 507 245 114 660 854 565 4 475 164 866 433 689 7 915 536 69 629 103 871 457 597 284 87 483 640 805
396 839 548 78 547 887 140 0 38 339 205 383 62 289 661 985 981 416 297 966 499 50 90 930 333 935 202 681 672 131 999 597 932 96 872 113 346 708 83 24 605 766 62 754 497 192 184 574 118 751 45 805 529 578 574 383 535 73 268 239 612 160 423 848 442 247 908 324 84 365 879 390 941 69 111 455 273 876 406 344 184 98 113 690 700 392 988 961 161 798 594 936 858 398 142 367 366 751 987 555
59 850 154 220 596 77 275 594 406 298 871 354 560 782 125 630 955 405 593 3 393 328 644 547 720 873 18 643 540 827 746 587 462 267 321 114 606 923 324 849 459 616 808 693 241 855 588 997 929 194 292 102 179 562 59 775 277 241 339 1 688 836 19 427 904 266 588 948 298 429 893 605 28 966 439 295 850 248 978 40 306 282 938 790 255 274 143 453 429 123 957 301 44 105 413 585 114 619 757 4
306 259 518 634 537 339 614 399 316 705 251 686 112 269 647 691 12 641 51 133 682 644 725 126 948 58 547 620 836 415 413 303 548 351 61 822 960 998 620 623 97 766 124 885 444 440 940 490 157 729 972 149 29 508 960 828 603 478 718 990 162 84 549 625 420 53 670 773 856 466 178 43 648 707 283 714 525 944 794 188 569 499 5 117 571 961 900 222 300 554 698 635 124 499 22 271 182 215 491 366
911 544 393 128 452 347 780 142 272 970 51 56 845 227 748 425 337 880 449 918 79 473 495 607 376 816 175 923 185 92 451 304 226 525 312 510 638 228 723 913 59 471 946 541 302 486 296 900 841 752 538 333 608 950 611 388 214 98 362 640 835 597 158 776 276 564 295 19 148 859 944 265 913 338 954 494 346 62 608 808 399 715 49 637 805 586 611 188 352 863 67 378 616 562 625 719 950 316 923 108
76 182 214 735 428 527 850 736 801 140 670 545 581 86 37 641 49 316 455 518 666 56 539 996 740 737 713 762 370 920 547 258 346 687 755 873 319 394 450 889 473 675 819 554 108 714 467 355 964 798 797 938 879 189 873 260 824 929 704 68 860 222 301 889 227 957 602 831 294 946 283 864 864 812 638 641 226 101 542 597 617 277 922 483 532 421 588 653 811 51 561 734 57 515 67 180 175 298 800 320
