1000 100 100
321 465 729 485 649 703 865 999 719 693 282 173 520 942 661 704 372 192 227 57 327 838 133 706 287 207 907 281 698 797 651 204 264 154 515 54 508 391 680 82 18 967 583 693 694 696 958 272 483 948 215 584 429 198 622 32 298 342 680 287 863 10 529 646 662 630 915 650 487 943 697 327 833 886 42 509 300 680 667 506 17 186 667 691 23 89 24 846 184 210 785 687 261 914 767 136 318 334 869 711
570 640 531 146 906 467 791 105 106 970 948 350 219 124 890 544 117 901 536 509 875 424 938 290 212 901 907 549 773 717 736 52 355 907 498 765 206 563 31 510 476 502 770 793 393 380 58 499 176 850 505 566 799 115 182 555 170 571 141 959 117 466 909 648 786 317 947 368 506 499 780 899 291 697 364 271 667 646 143 239 51 476 839 306 927 75 333 22 775 693 235 985 752 402 93 656 783 326 803 276
692 994 498 410 827 597 0 550 208 206 529 581 319 640 689 242 186 100 790 945 859 229 442 475 876 97 212 173 278 405 660 279 513 71 625 701 535 724 600 72 677 668 917 980 196 63 668 779 762 201 472 860 7 585 449 167 968 165 192 340 938 721 635 646 178 748 111 137 349 807 519 562 900 461 689 967 855 516 153 26 757 458 745 163 256 629 598 600 700 283 847 480 287 651 749 986 129 763 801 786
589 187 417 237 108 952 338 779 32 567 168 553 437 49 823 798 167 199 218 255 597 905 582 355 614 702 873 272 823 309 955 842 33 49 634 145 7 403 931 168 363 688 17 448 854 359 298 277 958 361 88 676 658 716 701 778 95 106 625 644 86 221 398 208 200 390 25 403 684 581 246 668 746 387 655 633 658 167 577 992 393 968 20 348 795 115 797 712 370 329 543 20 17 401 434 972 273 361 59 391
378 157 660 74 473 274 502 338 612 554 387 238 551 279 281 300 775 328 562 609 982 666 912 734 502 32 66 127 750 704 867 405 352 892 164 791 409 273 951 417 162 63 109 863 278 79 67 829 182 84 64 393 126 614 887 850 950 37 759 239 434 934 465 208 286 218 898 203 522 756 714 131 829 770 115 980 143 195 911 107 949 217 121 917 794 577 262 290 575 493 516 274 947 917 126 599 279 182 233 213
113 511 441 182 263 855 542 770 925 10 433 827 298 808 214 915 214 783 932 655 185 217 571 937 793 619 458 580 392 368 914 804 98 178 990 549 597 594 641 566 72 140 682 843 210 616 977 310 95 379 7 236 525 440 773 218 913 4 905 119 887 173 867 826 588 542 455 7 454 695 242 718 181 168 963 769 277 507 953 135 236 15 580 223 820 837 326 143 856 942 593 376 897 833 385 27 278 446 297 374
896 576 937 965 638 307 297 638 914 394 324 344 336 503 759 33 879 574 687 414 110 902 895 778 978 966 249 18 769 671 103 1 601 784 454 963 907 653 165 402 331 413 7 446 751 909 0 236 576 369 387 254 704 550 50 831 880 227 672 138 758 864 605 684 423 900 280 850 796 771 339 670 927 350 888 295 244 264 349 333 464 39 352 195 290 586 906 951 825 731 383 984 888 124 125 188 89 268 461 948
995 88 157 719 297 165 361 404 160 915 286 391 966 197 26 23 410 835 973 31 212 926 643 624 779 100 807 498 235 731 192 216 536 685 135 714 579 722 456 379 748 236 904 372 362 596 379 652 263 329 873 269 359 131 780 921 929 181 709 745 970 231 347 438 540 199 814 426 183 633 314 322 27 813 3 683 808 515 312 88 302 844 339 638 573 365 881 313 69 630 85 34 154 88 930 485 296 778 143 847
66 201 331 541 905 436 716 999 519 346 7 687 441 784 876 996 773 311 55 180 240 818 706 5 901 26 2 181 838 413 240 55 660 437 542 217 852 257 57 224 218 97 522 612 650 752 887 842 29 973 52 619 995 662 803 71 594 624 941 257 48 502 977 195 276 703 560 586 865 481 834 957 395 584 673 953 393 157 832 687 709 808 274 238 489 387 994 47 382 749 928 277 782 62 336 692 926 44 889 375
897 726 116 9 260 222 113 798 724 152 771 220 37 993 761 915 547 423 69 883 152 148 985 433 941 326 840 714 63 313 102 893 419 831 35 649 119 172 209 841 336 352 740 957 684 310 848 475 246 210 479 321 405 754 886 837 732 810 360 160 859 30 472 261 157 994 75 938 964 118 410 164 559 276 477 427 474 776 736 278 458 93 610 800 617 7 567 773 455 931 4 350 583 728 722 775 54 266 366 587
217 789 395 104 743 45 443 28 732 222 156 261 609 129 201 332 122 742 581 786 923 299 749 832 620 770 772 973 847 483 151 832 447 810 528 759 990 766 149 682 667 324 475 405 488 976 901 136 52 569 822 326 959 351 937 476 673 695 666 534 562 426 92 396 345 79 352 715 160 236 878 843 25 724 28 715 782 462 295 194 189 44 837 252 861 637 812 583 952 59 999 881 567 369 242 34 500 137 925 159
40 148 315 116 143 311 413 300 590 247 966 915 457 86 836 871 982 383 657 397 524 609 194 366 662 477 63 686 767 801 24 664 19 773 773 770 845 531 283 138 633 556 47 994 300 536 592 755 739 450 535 180 97 870 321 525 879 173 482 365 943 456 287 97 32 750 226 354 967 193 344 551 394 562 249 554 39 950 556 72 550 363 755 13 22 457 370 656 585 447 853 477 10 358 774 323 71 501 577 882
593 608 586 25 837 724 280 133 35 919 399 808 573 91 33 182 165 917 583 452 132 545 906 307 264 542 373 742 508 988 268 789 676 554 803 624 112 875 211 475 672 380 542 564 530 870 928 263 257 727 618 294 709 806 177 61 759 476 467 532 414 108 720 822 596 176 442 10 300 513 421 481 99 390 753 76 451 273 893 857 569 970 200 915 928 256 568 884 885 530 682 814 439 413 613 596 828 673 657 800
507 197 213 790 93 291 613 206 229 312 8 482 377 905 563 43 253 29 114 511 816 338 608 423 509 736 448 725 598 470 919 359 397 364 801 35 837 666 963 979 974 810 386 956 278 657 232 702 94 415 912 347 982 873 843 412 979 128 591 855 463 315 66 498 88 530 390 566 224 980 927 82 713 730 118 573 755 548 221 935 411 312 449 741 683 154 939 386 808 924 141 595 389 482 370 688 476 727 729 370
107 440 847 42 79 12 211 72 998 517 163 704 336 323 978 902 834 667 531 43 83 711 484 893 765 657 229 689 857 336 440 617 142 829 388 217 888 683 882 707 354 407 836 175 299 53 238 943 24 313 54 687 271 587 697 347 286 187 557 872 887 604 274 223 223 596 414 496 984 488 149 441 869 636 494 322 54 790 13 980 573 584 767 325 182 665 586 489 668 723 724 189 501 596 21 435 284 872 1000 819
813 872 451 117 163 132 611 472 784 512 414 293 780 797 969 7 43 678 907 620 646 912 814 42 87 305 891 321 5 862 299 99 329 404 831 261 111 526 728 947 573 743 631 48 594 522 696 94 950 128 675 609 123 10 479 178 289 158 412 737 770 634 681 926 299 812 441 88 206 769 522 190 372 287 689 760 265 704 543 360 546 181 399 678 360 162 628 272 540 637 549 801 644 309 868 821 414 469 34 374
323 21 884 956 623 782 590 175 202 307 804 439 897 27 314 830 246 361 364 440 959 640 305 991 72 327 142 394 506 517 893 332 22 269 62 745 426 673 932 456 735 790 227 46 522 298 781 944 178 144 908 922 15 990 499 861 676 559 841 450 706 848 128 279 245 501 912 583 471 828 316 596 474 780 590 607 874 507 408 998 145 70 117 87 251 571 748 327 949 599 175 131 73 766 283 918 823 52 777 52
846 317 829 92 864 464 476 643 468 872 782 262 390 294 631 813 230 958 362 728 36 242 712 190 897 699 945 544 660 515 542 310 312 800 187 700 90 158 683 301 614 243 995 343 436 517 976 946 636 597 801 572 294 476 328 771 348 594 306 160 101 583 965 77 991 342 321 200 586 21 751 536 761 621 870 223 720 20 893 352 926 866 778 613 784 651 523 223 64 254 170 370 826 266 842 826 808 473 207 944
704 191 243 179 496 885 45 708 412 47 24 479 34 230 315 434 877 993 412 232 756 519 451 217 218 604 259 958 163 485 275 708 768 191 61 297 379 44 320 688 706 297 801 561 734 976 551 694 713 751 510 536 279 893 524 382 382 322 781 26 688 436 51 866 321 762 166 56 267 205 322 32 527 564 927 435 977 424 930 996 544 158 10 348 554 724 664 442 686 778 164 965 368 542 116 234 380 229 563 99
277 409 819 453 15 813 456 911 58 298 250 545 448 374 66 873 793 576 242 242 20 797 809 743 602 694 3 503 654 771 234 548 144 657 959 203 745 36 690 703 165 874 579 679 577 333 802 622 647 728 714 742 527 137 458 494 909 170 956 505 477 48 666 39 640 256 287 514 706 268 337 233 386 618 339 754 393 126 700 662 203 333 500 306 485 135 922 567 964 36 488 243 339 125 308 20 482 757 823 233
591 301 391 840 805 41 815 971 419 120 27 331 307 369 870 399 936 467 995 55 198 482 229 321 242 587 313 20 40 906 861 523 597 784 363 346 23 47 1000 754 354 322 565 332 662 930 898 87 863 554 81 178 906 568 970 980 658 711 573 246 473 185 381 662 471 70 449 477 770 454 40 996 310 915 670 363 674 855 793 995 232 583 342 552 684 220 527 666 436 229 85 951 458 60 281 222 860 517 598 435
742 802 362 323 641 621 376 411 955 138 661 820 6 559 143 323 690 714 260 251 134 718 345 852 695 413 932 643 625 787 846 875 361 964 815 885 781 617 128 585 359 183 333 678 545 629 368 658 886 180 604 346 700 232 494 306 0 55 90 537 963 366 282 179 436 664 160 442 553 453 328 103 608 866 701 922 258 792 557 873 410 597 324 305 54 184 547 558 281 141 70 566 428 550 722 646 193 648 323 731
530 739 284 625 61 49 886 613 684 121 575 457 448 376 895 408 657 176 764 908 674 470 656 702 615 527 840 967 263 570 82 493 283 425 59 384 619 428 635 295 968 553 89 710 373 538 390 948 130 511 488 319 599 757 193 207 79 312 333 927 731 429 998 625 245 373 838 626 766 457 16 877 516 905 327 149 473 271 978 265 523 702 639 203 509 411 404 826 568 342 353 278 192 267 575 959 167 472 480 827
217 394 977 141 955 87 680 86 838 983 65 454 932 513 604 429 176 235 863 347 638 370 733 963 239 546 130 819 149 709 175 28 17 567 92 346 600 83 477 570 385 707 438 856 125 174 927 534 582 156 343 834 859 690 629 202 435 722 29 934 677 517 981 589 849 652 545 695 5 543 603 141 934 786 293 100 383 641 532 747 750 612 261 12 888 933 416 102 425 621 152 40 997 22 35 10 292 244 1 329
140 145 596 856 476 610 993 604 274 942 871 339 696 661 128 939 260 465 587 577 918 642 881 966 637 85 582 566 865 869 99 282 612 293 76 295 571 363 83 257 54 856 562 333 765 364 187 264 677 776 380 854 106 772 94 671 437 995 656 12 513 772 611 620 18 265 329 829 657 4 770 588 210 140 255 344 790 134 809 152 879 688 93 427 630 111 683 801 272 155 819 389 182 144 406 68 21 668 62 582
414 869 168 712 929 40 340 667 443 32 443 286 840 378 954 318 950 217 894 828 445 278 625 297 954 49 92 747 843 263 901 34 674 92 806 983 877 960 849 14 736 453 357 228 422 265 859 823 314 793 692 783 358 217 738 519 702 814 771 646 671 716 911 688 559 406 546 141 81 512 564 751 231 243 238 545 798 701 336 911 948 484 970 777 499 893 280 809 981 926 787 435 966 534 897 89 709 151 947 978
337 589 365 525 509 753 880 949 156 151 935 813 125 686 429 486 261 205 66 420 207 883 122 841 329 916 805 985 728 821 580 8 90 765 115 878 865 288 103 426 273 379 160 606 535 182 77 877 959 370 679 923 901 845 969 958 247 528 761 64 125 89 502 707 733 451 181 336 894 180 383 199 341 612 374 409 624 1 423 356 774 198 124 702 133 377 296 159 284 937 675 267 321 670 582 81 441 705 246 645
932 112 431 995 319 263 102 282 42 945 303 172 939 89 343 488 662 956 431 214 622 54 985 685 25 59 957 418 130 685 452 977 953 843 595 471 134 331 164 952 214 173 132 749 410 984 662 196 993 315 48 760 834 256 546 240 4 225 220 45 76 794 40 631 635 238 665 35 711 211 513 494 187 711 166 590 422 431 290 68 21 848 606 680 294 964 114 887 80 208 100 393 369 55 619 358 341 555 169 383
880 649 656 506 781 319 816 483 113 969 114 570 380 616 791 74 740 386 933 995 146 355 580 417 301 175 633 265 999 700 69 13 578 244 454 496 344 762 735 723 429 711 26 401 422 751 807 677 145 308 66 85 229 274 785 887 59 117 545 528 700 550 104 131 612 101 347 842 350 752 209 984 185 453 237 655 732 270 194 251 45 792 238 409 293 674 367 536 271 207 314 10 456 587 748 98 101 492 371 557
300 454 817 88 260 363 689 732 436 674 358 523 411 839 105 44 65 320 799 348 14 243 667 125 963 760 325 59 225 123 830 90 130 874 216 593 758 969 488 74 781 860 115 192 174 445 812 982 331 856 918 886 386 612 1000 735 527 147 345 849 269 179 768 713 993 300 511 395 473 230 838 359 174 520 287 222 765 728 452 502 436 155 843 373 505 999 23 792 515 27 440 426 133 713 144 491 206 54 817 621
87 67 224 521 709 765 329 174 820 734 694 49 196 514 685 117 952 310 620 596 487 526 886 314 158 355 185 605 826 374 810 951 932 334 367 765 208 176 457 544 58 685 354 403 348 9 146 33 285 691 334 879 868 26 124 230 484 597 697 917 208 648 134 933 949 242 796 797 416 390 861 481 369 844 363 503 254 814 413 827 809 4 782 159 288 516 71 597 405 479 97 111 284 929 218 164 953 487 70 597
114 679 929 42 232 359 632 606 465 637 351 956 740 906 714 941 83 893 348 264 230 365 959 766 414 311 112 152 460 236 415 546 902 717 73 180 614 88 779 342 536 174 795 204 945 835 481 930 214 374 969 980 962 79 180 570 905 721 245 153 171 680 155 532 184 721 117 633 301 248 354 411 603 813 60 155 878 703 75 670 452 52 923 367 977 872 569 899 205 912 723 371 810 388 955 971 384 37 371 409
315 424 610 529 540 587 331 582 688 103 287 177 599 987 550 627 616 973 272 804 828 953 386 564 739 538 602 506 420 918 815 148 331 828 242 756 627 60 780 321 632 829 680 408 753 112 596 678 34 143 997 937 584 439 0 105 182 555 679 301 26 567 292 661 136 89 958 939 15 465 518 761 383 463 344 429 689 669 249 826 120 435 897 936 298 233 647 642 722 650 703 41 920 544 183 391 695 133 427 236
688 815 611 967 359 154 335 984 203 517 904 374 344 216 946 496 514 635 322 157 266 634 650 270 834 953 705 666 662 176 158 705 708 119 132 887 682 544 943 342 877 909 871 465 279 403 340 675 260 159 987 948 565 434 331 59 425 556 155 4 966 960 702 404 367 199 196 52 215 311 58 597 572 231 961 8 263 221 851 636 39 517 401 370 183 796 413 42 145 972 168 979 528 791 466 862 798 332 324 118
355 519 275 740 981 45 559 142 771 153 744 271 3 269 905 96 516 569 400 429 782 484 499 316 63 49 235 306 842 986 928 412 370 424 213 588 269 2 526 604 639 558 776 629 776 219 617 139 956 800 468 837 510 112 480 939 753 671 121 872 197 974 715 124 239 992 685 284 501 227 373 905 977 427 367 869 275 145 558 487 880 992 887 585 56 683 938 847 643 364 660 11 151 370 443 246 642 173 580 807
288 810 93 120 148 775 232 96 305 925 843 493 318 664 685 808 775 860 41 109 212 298 76 338 63 18 677 279 869 967 266 421 298 978 711 274 603 338 890 98 101 536 316 776 996 711 203 837 195 639 804 984 141 362 122 614 369 528 202 390 101 666 317 519 411 705 13 961 942 340 936 616 683 608 540 581 973 497 930 438 879 557 463 653 785 324 821 545 522 438 873 590 432 627 515 785 807 816 48 923
778 93 291 812 896 383 120 794 748 978 745 646 2 672 933 116 341 489 352 541 19 535 743 303 27 774 100 381 113 987 929 715 93 3 628 361 713 780 971 679 964 521 660 526 869 521 558 904 653 584 741 486 949 564 252 744 674 101 52 229 441 699 123 434 157 876 286 396 963 382 113 13 496 166 888 965 241 789 551 891 839 550 67 972 38 529 856 413 37 496 905 775 968 299 779 347 522 175 178 422
401 400 402 587 488 845 826 962 25 615 568 331 243 146 764 763 622 814 850 582 988 335 197 34 255 791 902 808 963 414 340 48 584 313 613 0 439 988 197 789 497 595 871 839 164 137 312 838 654 411 107 309 144 858 211 174 205 219 514 972 880 612 985 941 336 127 338 378 936 673 297 163 529 141 127 92 848 467 938 905 522 400 968 788 787 128 653 180 80 437 529 147 444 790 878 252 259 284 635 581
694 888 463 958 966 717 484 108 756 210 644 535 270 385 924 806 728 15 746 727 273 655 870 466 154 620 390 627 586 293 942 349 215 432 580 213 541 451 366 526 954 320 405 473 111 384 981 533 38 463 716 203 920 279 703 537 381 287 673 187 737 874 563 628 543 688 487 318 312 222 593 267 851 273 429 434 446 840 998 305 420 90 695 686 209 334 798 158 314 634 5 940 679 344 976 382 194 634 794 349
598 868 429 811 725 58 356 371 759 246 560 364 148 757 293 177 453 552 777 398 635 663 766 365 500 755 90 66 303 111 599 5 606 564 60 386 433 228 5 66 831 515 27 434 900 113 896 349 832 397 458 377 753 314 485 557 49 252 688 848 86 266 625 764 292 136 192 28 678 487 159 60 277 714 531 424 28 205 953 161 415 111 447 356 958 901 73 352 933 622 358 226 277 225 168 776 199 292 73 644
582 990 571 55 558 852 166 713 40 870 996 358 521 704 908 71 715 765 965 503 806 17 467 9 669 365 821 531 455 396 685 300 264 463 67 240 566 35 940 883 528 161 515 136 610 454 531 252 684 865 52 495 78 698 105 503 574 213 641 946 779 589 83 230 651 472 346 49 544 197 72 436 606 669 120 277 962 155 991 289 444 619 843 535 780 754 69 935 484 36 230 915 461 954 806 993 721 201 226 893
452 413 1 904 158 542 56 729 765 688 630 851 123 701 777 504 153 156 796 707 504 161 417 17 655 981 318 898 567 943 80 476 954 373 984 670 841 914 609 392 401 387 269 491 349 546 923 533 499 118 81 353 297 947 268 684 769 631 828 299 32 117 339 667 867 401 720 362 264 368 814 437 708 262 961 379 289 315 856 515 600 881 702 43 325 376 581 400 606 600 158 235 717 413 702 627 529 364 602 317
424 130 796 900 187 615 520 49 635 572 632 340 769 575 523 458 737 553 277 457 279 309 587 815 135 404 919 544 502 898 31 43 758 787 376 102 288 39 211 79 19 476 994 20 20 585 983 717 250 794 678 600 732 274 246 987 908 276 845 987 748 574 546 624 955 632 228 976 694 513 848 233 261 948 729 275 181 576 988 120 292 263 942 967 791 108 3 172 246 809 307 750 71 976 46 686 309 783 496 312
127 406 322 278 390 103 787 54 466 447 638 793 982 347 86 429 309 102 408 312 487 180 717 195 376 922 243 974 354 228 197 866 567 109 393 685 737 371 388 686 286 985 618 239 969 628 90 169 624 42 724 193 657 104 282 317 530 112 592 457 846 281 349 510 218 491 616 132 720 361 503 723 330 612 51 737 817 963 309 468 980 73 253 193 402 973 992 860 159 634 213 633 352 746 251 51 409 863 331 57
466 403 747 892 572 35 276 656 529 990 90 130 263 632 387 354 870 38 942 765 697 44 990 115 859 512 375 232 88 300 84 786 276 737 547 746 25 197 177 63 404 778 882 40 97 979 508 54 143 939 546 423 46 478 682 713 165 323 28 563 324 260 82 705 193 847 299 606 908 853 633 309 998 679 731 547 914 89 566 457 735 319 625 354 162 840 449 723 131 562 482 330 666 798 85 868 352 16 112 311
187 531 497 237 966 138 174 35 946 328 645 516 601 425 360 512 730 245 600 550 519 426 171 85 29 493 794 608 195 815 45 691 639 835 990 672 330 911 621 267 33 788 730 953 760 606 571 812 941 589 901 132 722 502 354 987 692 722 829 59 857 391 703 373 744 158 596 989 793 653 728 401 854 730 627 993 352 986 510 844 661 293 860 567 526 919 696 284 979 889 201 674 444 330 643 568 999 12 218 666
721 709 165 722 182 913 148 712 195 754 743 124 971 86 173 602 781 845 35 969 633 522 583 73 723 146 849 783 438 681 668 76 834 608 361 611 418 4 444 272 860 690 535 387 204 104 509 246 943 637 325 438 560 907 858 857 56 43 477 408 498 217 343 806 90 359 531 335 544 962 318 86 388 534 185 782 824 578 870 462 497 245 276 870 207 781 107 261 595 423 107 774 942 92 878 564 316 554 158 46
120 512 166 991 466 104 881 811 80 557 863 581 840 972 699 807 880 435 329 966 180 547 794 404 256 215 839 638 860 394 659 888 956 569 416 235 112 555 728 225 547 469 864 673 625 638 663 915 791 538 263 395 64 298 828 785 938 7 684 479 1 20 595 355 50 408 872 738 79 591 159 973 377 404 274 865 47 201 321 771 612 258 509 380 984 645 521 693 29 472 789 104 452 485 70 373 774 990 202 910
272 869 272 956 214 954 641 967 995 304 989 485 239 115 360 754 214 74 969 569 492 175 800 540 239 639 557 681 614 22 17 173 389 11 441 877 68 415 401 905 826 990 873 853 11 147 326 340 947 191 659 707 265 166 85 947 372 218 310 936 99 151 12 596 496 900 758 762 609 706 731 160 20 263 519 78 760 913 493 590 869 744 909 169 949 444 942 754 858 167 447 945 424 602 604 886 11 658 536 852
774 112 322 523 129 57 261 997 58 646 544 365 981 1 329 235 329 624 26 661 928 481 201 773 910 597 859 486 584 958 797 992 989 751 774 291 32 376 591 686 683 292 708 627 493 96 384 225 179 508 991 767 609 947 340 993 129 589 774 216 370 976 381 281 498 60 581 137 379 46 29 374 987 702 106 436 820 417 479 927 810 459 105 964 79 70 548 267 856 464 615 597 898 167 970 97 351 488 631 47
968 628 173 636 826 589 350 217 995 243 565 538 318 409 144 713 14 960 253 410 571 561 699 516 964 372 52 825 542 102 622 918 949 243 888 448 779 84 149 844 873 776 306 428 581 344 289 145 788 362 301 653 890 905 398 818 594 480 759 793 634 541 263 964 111 965 414 874 434 112 972 357 752 391 305 763 826 553 288 159 331 110 734 984 988 418 994 84 43 460 547 307 398 756 436 909 187 69 128 867
977 677 972 563 10 494 356 256 287 321 26 145 427 355 435 509 511 225 676 899 318 545 259 146 69 812 728 200 616 790 528 262 279 865 626 354 640 0 630 168 561 666 546 847 225 706 686 19 866 285 518 657 786 606 123 150 991 348 825 862 748 648 122 706 745 367 23 448 875 317 52 25 62 738 997 604 68 449 810 780 111 291 525 645 242 463 663 202 686 9 857 848 430 613 846 453 308 574 66 24
131 23 759 643 604 880 55 488 564 612 580 690 400 102 214 518 858 7 44 336 901 814 69 624 338 273 848 269 24 489 32 696 780 596 777 391 173 916 773 951 848 567 85 351 3 240 216 675 800 406 335 555 987 316 221 819 40 825 864 297 866 690 944 627 800 267 421 931 703 272 453 218 650 530 279 141 808 455 777 31 254 852 44 983 852 109 452 852 933 999 693 267 471 885 728 969 424 84 16 312
134 224 41 836 230 605 744 31 942 491 660 194 561 432 301 98 360 747 609 672 194 184 651 294 102 799 744 533 583 481 752 880 365 361 859 925 818 979 305 372 17 736 375 916 271 31 969 65 682 674 101 699 841 916 83 715 414 308 382 111 233 401 209 327 813 999 157 470 350 870 781 426 116 337 215 771 275 297 270 929 449 255 618 716 251 753 159 749 178 464 573 897 369 153 630 40 705 744 699 205
546 849 636 858 397 909 982 105 990 634 22 560 81 452 894 159 828 613 931 831 263 984 571 150 99 358 202 822 999 504 667 265 948 549 556 364 928 619 270 130 23 43 357 155 821 348 509 574 599 409 183 619 226 951 477 658 507 465 790 159 664 991 82 478 667 211 568 413 544 359 883 295 871 984 700 405 752 197 997 113 690 643 825 185 745 346 490 250 443 132 347 635 377 443 860 170 981 430 164 610
620 972 636 480 796 613 113 799 726 940 14 609 401 527 912 631 251 359 803 76 132 570 896 317 674 107 163 618 917 235 116 455 938 620 238 816 595 956 86 550 591 312 390 839 467 642 758 456 479 946 476 92 705 974 307 38 97 829 476 810 628 20 370 903 65 524 270 202 505 279 111 312 526 352 601 480 121 755 61 240 93 903 44 979 969 400 901 678 953 442 161 584 330 166 538 275 750 280 25 955
609 81 698 640 379 582 627 157 204 898 488 958 30 807 333 727 0 478 124 869 102 196 76 280 51 438 470 157 844 595 58 965 755 774 239 916 685 654 800 534 58 808 829 911 25 11 164 10 798 57 295 723 702 605 388 628 641 159 661 394 532 808 845 77 499 381 483 317 45 276 967 524 712 336 53 469 763 636 587 600 738 494 884 800 852 930 901 48 768 941 759 311 497 239 570 834 931 66 165 327
668 478 891 630 537 494 611 928 127 691 798 67 826 485 428 621 26 185 995 376 939 499 327 456 957 278 506 275 133 536 28 185 493 880 1 959 621 422 4 907 969 957 44 951 588 715 714 320 205 634 1 581 884 581 857 948 235 185 271 739 544 456 707 831 171 6 906 894 467 0 932 805 454 987 657 494 986 219 766 52 353 172 68 616 640 37 11 69 415 595 417 833 524 420 209 918 77 267 852 134
674 272 381 108 887 962 951 591 170 415 737 150 485 671 363 851 312 240 635 923 930 890 498 536 503 12 232 105 796 594 17 137 70 956 287 473 149 610 19 293 432 992 274 928 392 203 246 586 148 770 159 385 454 16 113 201 233 295 793 389 980 988 623 518 124 78 430 786 613 549 928 349 386 576 620 953 779 47 37 917 606 536 165 696 607 503 688 408 444 456 935 711 373 141 794 89 388 153 907 962
845 495 653 304 77 833 908 318 715 851 398 681 547 343 477 426 764 19 61 160 419 132 927 240 243 489 927 671 121 947 410 299 204 881 851 330 200 354 110 993 243 265 368 736 515 240 230 991 641 202 865 510 331 213 371 834 888 151 617 805 569 562 616 366 992 598 139 873 410 504 620 128 333 347 640 649 578 988 370 767 854 710 851 355 404 984 236 830 303 480 622 524 375 258 939 570 526 478 78 504
514 415 981 86 803 92 607 882 928 254 755 281 516 884 217 770 266 875 698 562 436 916 783 642 467 503 325 585 800 483 240 274 520 408 493 705 855 936 774 821 475 62 691 0 581 929 852 55 689 654 434 352 588 855 123 794 144 919 641 645 783 257 32 826 265 510 441 842 289 594 694 931 967 624 86 84 72 891 189 468 281 958 136 510 91 8 957 107 119 579 1000 553 979 133 971 550 417 263 991 561
732 361 793 519 983 511 820 32 676 438 393 233 733 506 208 275 450 867 511 272 520 941 584 97 991 675 676 905 486 106 395 109 361 644 993 410 676 806 714 54 493 438 275 117 84 647 427 871 42 236 8 791 981 256 928 153 54 2 886 759 753 464 507 278 572 127 464 380 648 866 482 766 339 612 178 651 809 398 452 571 280 532 985 954 219 988 596 734 398 168 668 155 402 588 216 322 575 700 206 48
397 650 592 168 224 139 652 544 401 876 892 631 793 410 915 227 222 111 654 561 147 17 385 599 6 307 789 290 629 121 816 343 673 619 877 770 841 519 794 24 580 630 848 339 933 455 738 544 539 609 966 610 819 472 288 979 63 247 902 308 56 819 281 569 824 420 905 851 918 162 338 141 343 57 662 666 247 663 296 211 419 566 795 288 963 812 8 703 28 742 499 661 88 244 795 735 35 219 80 133
208 263 572 728 721 980 956 724 114 401 272 396 912 903 293 485 901 930 41 942 899 685 992 958 835 473 284 972 447 195 674 467 157 424 840 477 15 506 527 757 665 358 855 383 313 42 35 509 502 410 858 657 169 613 375 135 310 255 291 367 268 737 722 325 279 44 975 17 563 73 125 540 328 769 636 685 311 252 194 490 727 271 1 993 944 637 567 39 373 374 932 455 496 996 6 109 297 3 66 242
798 98 795 934 532 499 696 54 483 209 809 626 186 591 901 337 933 524 114 454 207 497 917 329 607 360 890 394 374 1000 834 475 509 318 396 473 747 505 545 966 599 107 291 205 815 926 991 689 306 633 231 773 592 883 474 293 967 730 517 649 688 11 468 623 93 940 779 570 1 494 547 75 158 986 923 292 309 254 589 633 902 733 279 800 88 85 15 157 984 590 354 189 274 310 88 159 246 20 1000 127
931 130 552 266 492 790 528 149 133 133 66 309 532 907 39 711 878 420 372 892 277 926 124 315 690 68 785 328 55 833 142 144 287 951 676 540 715 390 923 760 243 739 535 963 70 475 916 1 473 483 700 433 380 438 749 727 550 127 640 132 317 221 196 63 274 515 638 819 646 838 921 31 293 881 654 478 539 286 815 364 559 135 288 465 949 826 174 935 454 954 190 598 185 867 714 362 955 924 623 234
557 177 538 578 77 313 830 516 494 593 680 808 405 148 979 168 521 674 335 304 665 625 342 209 369 586 407 60 430 871 327 672 340 198 991 973 173 223 906 242 504 442 1000 187 654 707 455 901 811 152 47 991 751 481 218 582 753 595 574 481 242 948 626 802 372 65 286 618 305 49 972 300 96 62 724 189 505 424 327 334 263 185 981 599 861 634 765 964 265 983 0 232 418 76 164 563 237 943 862 792
407 356 595 215 271 829 389 519 600 112 267 63 929 339 897 611 727 540 19 493 314 285 569 74 815 49 654 449 253 810 717 814 861 92 600 406 726 734 57 583 962 333 673 97 835 483 632 497 660 793 836 453 734 687 286 336 796 497 401 391 15 195 290 256 373 341 664 946 928 102 898 573 76 137 839 194 619 52 957 771 652 925 383 640 730 994 613 227 291 865 906 897 696 152 223 726 319 318 90 312
464 770 134 145 822 94 970 218 47 352 75 620 783 33 424 779 164 773 616 198 584 330 686 131 576 462 910 559 992 756 326 38 758 661 35 925 421 970 860 716 558 791 855 11 690 266 751 761 548 660 459 360 477 538 366 385 863 257 763 696 450 725 961 791 645 758 202 27 164 277 359 685 175 815 720 959 607 80 234 737 792 537 290 741 928 506 884 51 41 26 805 117 939 408 87 403 544 978 572 266
488 689 741 353 133 626 368 327 705 900 988 660 988 525 343 723 935 275 219 813 297 763 267 790 588 762 143 470 117 447 357 365 439 608 401 383 366 405 465 740 729 58 662 729 346 573 746 925 128 250 960 561 29 60 670 778 893 965 502 59 498 48 602 929 423 310 319 698 596 61 197 442 893 347 104 463 998 648 825 150 76 937 255 990 762 939 114 356 468 916 571 292 304 381 634 982 660 606 649 785
464 614 641 314 726 779 157 273 931 171 364 507 652 283 310 156 678 711 463 17 222 988 618 712 525 418 946 852 639 707 635 96 523 897 861 427 436 249 336 282 423 443 963 81 382 384 783 307 524 237 504 576 114 200 950 655 82 684 268 507 737 983 903 22 696 170 196 623 40 51 44 56 951 682 340 208 528 443 700 947 55 913 536 174 571 524 605 984 266 778 637 313 78 88 652 838 365 681 239 630
902 50 424 610 277 843 996 208 879 149 602 785 247 795 598 757 563 884 575 271 119 240 248 270 212 511 820 505 435 323 832 724 835 396 884 855 689 805 720 927 474 589 539 246 281 848 518 980 751 643 560 305 952 529 335 58 394 739 724 236 684 596 946 100 960 105 394 532 720 846 808 762 16 614 661 639 778 467 512 244 290 352 168 184 253 687 998 489 844 896 632 638 735 473 848 760 331 621 306 499
444 119 148 195 700 655 645 453 771 474 576 29 209 785 731 604 942 447 661 552 419 18 933 990 437 483 17 846 369 83 244 244 75 763 574 467 825 163 761 626 556 191 360 32 776 323 737 426 928 885 371 215 621 130 815 500 152 623 963 799 915 452 9 295 57 300 281 602 67 194 952 289 828 292 62 141 329 272 528 919 734 213 672 47 552 819 411 284 658 828 316 994 874 781 782 481 466 712 532 316
152 260 542 582 664 502 582 749 623 643 605 783 476 170 79 192 913 823 361 135 40 542 528 287 901 97 927 573 262 445 234 844 725 221 314 200 657 666 457 537 665 307 821 109 15 858 76 174 679 991 875 287 869 919 767 103 611 881 142 471 333 140 721 648 232 327 133 450 724 868 863 850 223 921 118 759 93 65 443 817 479 864 226 885 596 567 598 819 18 749 205 114 170 279 676 291 861 43 552 225
894 466 143 982 906 704 231 665 1 552 661 202 858 425 935 155 114 18 439 757 458 383 920 749 57 179 135 888 469 767 202 201 325 376 538 721 893 887 646 766 302 198 863 263 549 591 533 853 220 455 423 608 434 944 720 769 64 954 881 820 287 620 843 40 997 130 589 480 298 593 682 880 146 638 364 834 613 128 569 335 67 713 12 968 210 636 60 875 779 167 527 367 175 807 630 297 257 619 264 385
853 831 771 977 255 377 471 599 684 789 169 189 152 170 960 893 380 303 509 190 623 567 529 120 879 143 76 425 792 89 547 872 998 208 603 710 627 695 232 240 659 454 265 967 16 425 455 271 676 550 49 68 174 804 491 377 722 321 188 368 558 642 81 818 747 277 404 223 841 385 603 616 597 541 938 716 436 180 249 265 747 33 194 199 272 394 162 60 325 946 713 254 387 918 216 130 522 215 929 608
47 206 586 610 848 860 901 774 296 171 789 873 575 45 29 972 896 412 716 189 553 697 558 517 201 616 553 622 396 892 976 37 417 130 719 411 462 900 603 728 608 291 703 192 810 125 605 397 741 400 286 641 3 385 267 274 72 393 97 7 379 335 57 347 81 955 125 967 990 360 41 614 356 926 172 624 99 919 903 313 615 400 534 426 501 402 418 353 490 16 128 703 607 816 340 527 121 60 170 566
697 350 514 142 696 86 163 542 461 242 675 769 432 330 35 82 5 825 542 135 473 336 430 942 744 944 204 738 259 192 212 358 869 702 249 632 969 930 865 251 16 365 809 430 612 133 599 29 660 746 858 658 94 741 859 775 356 775 252 661 31 482 949 801 268 385 29 675 964 978 778 993 949 999 337 452 554 519 22 746 124 871 739 852 529 893 716 257 702 310 580 767 450 571 748 843 261 640 225 26
519 941 641 921 823 849 820 0 322 680 925 594 69 469 61 578 731 56 384 510 196 348 0 267 593 833 751 835 786 528 900 282 572 132 332 661 208 540 178 567 85 817 285 543 109 156 856 596 162 210 432 981 765 300 905 311 430 722 379 449 410 971 891 571 257 19 561 618 756 249 355 439 127 596 951 644 669 650 885 765 581 269 351 526 908 364 56 86 436 383 583 146 390 684 949 18 904 237 622 976
227 408 553 597 73 431 342 782 186 403 114 979 120 367 133 857 214 164 183 129 163 730 511 551 953 268 596 761 198 968 906 648 602 962 70 713 174 812 731 412 418 177 75 286 985 358 843 980 839 658 680 964 475 27 605 106 770 154 36 761 179 790 361 979 210 149 300 20 623 973 829 709 376 518 595 748 899 0 145 164 290 799 368 150 638 480 838 465 351 474 168 509 782 641 293 79 689 740 105 304
155 559 221 159 810 944 781 290 554 475 10 949 353 49 761 767 866 849 735 458 776 642 476 397 227 460 133 163 804 472 867 205 365 549 570 905 487 545 814 452 883 528 938 901 49 187 409 458 812 970 287 665 511 699 441 332 643 834 605 159 807 340 202 963 909 577 574 318 555 165 77 313 987 626 244 83 339 947 210 824 627 807 757 786 825 357 492 923 374 9 81 520 427 674 535 879 280 360 598 504
633 981 31 401 200 301 840 627 132 280 596 101 257 792 408 565 955 575 13 941 906 612 647 387 660 353 527 84 226 936 197 937 606 612 133 35 214 381 616 371 645 90 39 734 909 519 733 415 105 800 755 406 98 168 736 840 825 969 162 592 666 530 910 941 872 931 430 818 623 4 646 611 417 683 864 508 990 716 939 575 235 826 709 572 402 798 263 792 85 316 684 776 580 905 403 862 660 975 709 322
688 974 937 284 178 184 802 449 773 872 343 311 808 707 974 99 675 280 422 615 3 881 781 200 941 516 540 334 195 993 543 465 785 660 913 509 328 598 39 433 502 67 698 329 309 337 810 830 370 455 882 336 878 788 3 622 671 345 618 269 635 35 341 923 635 237 542 952 66 686 363 789 988 603 950 422 426 366 335 874 776 163 376 978 951 352 657 750 265 993 750 701 438 617 755 992 545 26 44 299
658 337 979 602 548 795 455 436 436 1000 806 304 357 588 525 350 398 873 705 904 468 812 99 207 24 229 223 953 71 941 874 428 260 57 711 708 14 783 857 136 575 653 130 12 462 439 862 170 979 119 755 387 167 485 920 220 785 477 487 50 182 894 933 11 865 703 794 407 878 722 178 493 505 444 800 880 842 12 298 107 539 648 185 973 39 996 283 371 118 297 782 533 411 640 336 725 306 729 954 700
417 92 134 607 56 676 235 251 866 770 763 104 708 814 336 123 475 922 319 812 390 496 31 644 718 274 691 197 889 957 169 313 612 919 832 104 815 174 116 187 743 927 693 352 733 48 713 565 283 868 553 816 419 139 775 985 280 227 967 737 63 492 795 812 886 279 773 670 458 430 651 91 949 591 995 346 583 209 248 573 428 485 883 77 630 496 774 734 268 191 88 813 789 204 153 437 880 420 16 289
18 74 58 494 656 850 1000 727 961 926 361 960 566 893 965 627 919 598 399 150 829 9 622 924 245 121 671 265 777 626 749 796 755 303 84 929 802 848 522 145 842 523 738 596 806 915 424 460 223 270 296 493 926 0 508 694 9 65 927 602 349 761 277 261 751 17 710 642 583 163 873 532 355 137 627 183 602 477 292 553 641 238 107 744 107 714 491 158 631 281 897 233 984 698 188 430 430 425 28 600
790 682 428 784 506 882 622 912 887 60 11 897 85 990 32 559 924 739 399 741 673 128 585 642 289 391 70 651 754 148 208 19 595 728 163 790 360 996 167 221 290 5 256 89 72 187 560 881 938 309 740 532 14 891 533 505 130 146 292 769 632 94 176 320 234 698 534 755 97 984 330 9 966 823 53 231 123 539 828 305 877 219 927 868 105 739 404 926 456 824 643 378 123 442 58 772 657 894 95 309
603 762 628 552 251 233 275 691 198 396 362 512 128 290 221 358 10 469 987 317 668 493 228 331 80 771 351 345 618 760 610 45 65 720 564 325 231 519 361 123 716 827 183 290 0 670 96 776 964 839 455 541 144 1 842 721 752 506 296 711 13 643 535 280 729 972 452 996 842 931 780 421 311 766 521 796 445 252 905 933 432 365 0 140 501 728 327 529 697 223 384 327 992 164 693 138 578 507 35 405
619 365 978 174 598 669 835 839 570 117 68 583 387 403 683 293 885 57 985 983 877 590 150 863 916 715 470 397 422 729 884 407 316 491 451 390 177 757 72 690 773 577 670 983 668 315 892 45 736 915 238 349 550 755 710 163 526 112 667 280 451 413 367 463 244 199 121 300 896 906 913 32 981 434 641 765 419 143 656 862 173 830 719 590 713 592 775 979 187 838 951 315 953 850 831 37 54 259 649 159
220 993 817 527 637 789 381 276 518 454 674 420 593 11 950 818 679 515 763 412 757 732 109 501 687 660 882 325 271 531 314 27 180 436 857 651 583 172 631 226 278 114 140 520 181 918 627 522 877 204 793 906 830 367 852 459 415 614 508 882 728 794 795 91 185 107 336 457 638 235 701 968 327 625 622 913 817 753 227 944 428 941 133 502 135 993 509 101 353 258 43 331 911 682 294 153 412 135 690 225
425 867 98 434 175 126 52 549 601 469 143 125 65 780 554 697 690 484 606 732 199 616 92 787 407 557 172 209 573 946 168 828 928 838 109 423 458 667 84 638 439 99 710 225 861 97 669 688 433 305 443 778 465 81 360 172 858 6 879 567 559 482 973 767 795 637 870 29 370 828 716 543 694 958 892 387 401 932 228 921 753 418 838 997 541 38 684 10 151 51 563 761 864 3 983 688 344 333 432 674
110 598 216 510 440 710 592 15 816 875 569 941 934 252 329 160 850 746 448 383 318 294 531 977 418 962 807 233 783 145 579 756 320 979 57 554 436 477 558 631 576 476 359 601 733 383 680 951 706 606 89 193 498 80 687 310 270 18 982 475 989 933 286 283 615 28 892 952 438 587 709 62 409 143 125 743 165 486 471 769 878 415 409 956 891 78 355 441 8 889 811 690 426 586 484 460 420 115 919 242
27 521 787 342 248 793 743 726 841 733 499 572 458 913 162 444 493 937 637 725 459 695 616 38 600 144 499 291 297 59 254 442 801 554 42 978 329 124 858 38 440 281 581 30 905 102 803 430 55 715 744 848 894 656 262 17 269 495 606 425 321 967 884 218 199 806 414 841 773 503 950 81 540 696 643 597 195 556 178 543 171 969 857 724 554 560 882 946 558 403 412 291 798 403 414 410 22 658 987 57
868 42 625 946 566 926 127 917 928 263 550 463 521 596 62 184 216 439 948 345 883 762 579 811 1 105 827 596 393 77 132 263 162 536 289 307 572 586 621 256 121 66 381 81 273 947 672 6 771 61 688 89 158 666 292 233 582 95 34 343 540 769 107 622 462 528 647 380 702 309 238 226 629 614 380 850 537 545 797 849 264 796 358 501 755 142 230 171 979 579 697 302 321 740 223 522 643 854 615 962
408 236 132 389 488 765 117 327 118 15 265 555 75 984 397 18 89 730 46 947 82 8 459 610 280 508 772 790 134 721 69 941 72 598 962 35 676 657 382 822 855 549 684 251 126 176 556 128 785 71 807 941 911 409 974 134 335 569 571 88 919 859 383 31 650 393 563 926 2 617 828 57 624 488 765 417 339 305 611 737 297 636 475 389 508 731 126 311 76 602 10 708 47 330 345 637 377 274 369 765
791 174 192 243 381 928 404 862 669 537 653 166 544 280 300 323 974 579 631 600 781 216 555 639 116 768 779 633 82 70 121 1000 469 689 380 36 635 294 331 839 476 647 843 201 899 975 572 812 842 700 521 876 196 597 247 909 138 285 200 950 942 582 847 338 825 70 155 524 53 429 520 216 487 782 126 578 156 860 575 546 550 941 501 245 540 898 344 115 612 648 436 996 915 10 392 19 781 422 177 866
336 704 150 107 976 540 754 323 345 86 649 644 857 98 630 199 391 654 778 409 783 408 132 320 536 626 321 525 789 639 558 821 354 848 388 308 875 455 272 125 757 430 299 792 469 714 424 77 612 879 92 211 355 17 329 897 540 302 779 128 774 451 373 855 264 653 503 906 57 838 995 850 231 290 588 6 695 36 169 417 453 211 652 45 716 221 224 972 316 913 950 101 839 233 614 788 171 553 840 801
331 227 199 20 258 970 156 577 724 926 638 675 625 129 877 868 926 136 597 150 151 824 968 322 640 427 322 807 504 177 237 816 167 297 712 714 182 787 724 935 43 304 162 302 471 823 174 665 370 558 659 843 404 5 450 90 168 787 728 625 503 151 403 202 552 978 372 212 282 90 557 210 698 346 671 476 982 914 329 725 690 661 37 977 983 654 51 577 429 971 528 738 639 352 548 327 195 168 669 107
376 382 183 399 708 610 1 84 251 89 480 256 86 433 715 546 798 140 57 6 694 581 193 716 774 369 471 839 563 960 90 574 146 527 877 450 596 128 14 151 478 180 411 744 94 413 889 574 826 878 654 677 713 827 346 468 836 529 370 602 272 205 171 597 315 673 406 823 494 37 610 122 48 971 722 394 397 913 627 229 624 929 204 831 17 933 940 65 678 832 982 971 965 698 66 264 112 219 319 115
813 247 836 849 78 259 631 912 714 953 500 980 575 474 928 3 110 160 398 351 48 274 659 683 2 605 257 733 396 137 145 3 766 701 900 683 895 579 81 896 774 466 826 954 364 567 508 203 520 816 113 263 686 489 801 934 670 767 334 695 877 480 58 682 363 273 173 148 552 440 207 692 880 297 507 191 103 417 669 740 452 153 307 221 19 755 353 122 932 643 295 911 775 157 631 991 991 857 836 473
320 152 42 385 790 555 469 38 405 407 314 268 355 53 932 202 399 87 626 628 330 919 524 76 343 235 95 520 964 356 84 251 402 646 59 516 563 41 786 974 518 605 750 419 457 729 600 880 957 969 534 233 691 734 272 94 145 1 789 304 447 865 706 648 620 953 828 821 783 560 112 693 3 393 685 801 26 317 828 587 61 883 311 22 66 613 864 824 475 380 473 812 900 108 813 192 776 956 54 675
879 567 655 112 203 849 595 917 456 734 918 118 26 422 584 981 578 113 355 657 695 305 528 530 52 254 453 349 322 261 630 998 7 67 390 841 697 185 906 812 650 677 468 745 268 581 246 604 376 960 339 740 202 147 711 530 891 445 251 823 163 503 264 120 404 820 50 415 609 230 756 625 970 520 950 818 419 926 699 733 207 917 895 163 97 245 98 800 81 46 353 752 251 866 549 797 339 17 590 570
499 742 914 129 247 873 522 538 854 921 601 2 158 279 506 824 161 775 966 818 728 445 855 432 903 785 263 408 203 494 833 704 650 704 213 581 405 220 844 131 61 328 962 882 993 647 388 976 583 793 882 209 594 440 785 257 316 790 604 785 680 60 62 662 433 37 696 362 575 0 147 453 127 783 828 697 583 814 975 754 290 518 172 943 237 488 844 22 818 8 840 880 621 139 994 61 629 546 397 255
677 343 670 509 575 710 670 319 194 727 473 664 60 50 965 449 314 69 365 928 154 989 757 338 729 501 337 615 958 810 962 718 209 443 650 538 405 195 255 683 617 728 999 376 932 13 178 227 444 853 958 135 96 179 513 729 239 518 306 710 401 786 490 919 683 865 176 71 119 304 885 777 294 167 634 822 92 536 426 685 80 770 134 326 453 711 453 165 997 690 367 934 483 301 627 772 957 874 43 412
88 947 579 448 589 513 560 130 662 179 957 960 950 149 75 753 536 770 688 464 120 499 87 561 631 405 141 613 62 363 843 1000 705 259 520 19 574 901 653 763 7 184 448 796 834 389 450 180 613 141 75 556 192 673 877 684 288 614 556 844 231 492 836 27 676 848 497 783 534 148 117 527 361 382 989 456 727 436 947 121 808 901 663 961 11 516 691 148 127 450 320 718 465 133 775 393 563 150 977 354
409 167 627 220 357 558 706 680 125 883 392 98 521 929 791 386 252 740 591 746 555 740 312 875 800 21 795 953 495 508 727 91 297 432 417 3 448 812 847 602 767 83 968 941 351 312 616 97 684 628 518 35 453 551 528 607 222 684 402 529 998 495 390 910 966 539 311 861 124 282 518 45 945 201 487 183 144 463 411 757 125 682 603 63 579 562 347 420 152 442 846 505 575 682 384 15 410 24 526 483
792 837 577 306 831 170 231 759 797 708 892 476 572 920 305 424 416 439 676 702 76 483 806 703 962 948 218 71 453 1000 221 639 370 821 215 655 771 442 617 927 104 704 892 213 878 84 546 165 623 812 270 152 988 886 466 855 775 770 795 376 139 49 213 709 643 279 254 450 187 613 411 660 825 514 152 4 550 317 676 708 800 88 838 985 593 517 243 178 260 292 253 584 653 718 222 627 895 174 571 741
322 94 650 848 352 164 614 607 15 463 185 429 918 761 605 1 400 436 841 849 536 749 892 352 383 58 675 831 463 868 858 553 85 510 369 662 58 12 201 36 385 728 609 985 979 963 335 254 219 950 342 22 95 449 980 433 658 118 672 735 911 735 684 76 477 902 659 703 66 87 327 90 417 648 631 93 660 827 135 939 440 157 241 787 83 947 93 934 629 691 288 158 907 653 7 652 445 736 969 594
209 619 774 718 235 521 473 968 675 474 460 492 926 253 584 628 371 911 180 86 181 510 49 53 419 397 792 797 505 876 590 378 563 817 113 678 802 342 223 885 793 463 891 617 77 443 983 665 303 821 504 37 832 959 110 308 482 641 759 90 153 758 724 219 354 288 747 690 647 769 735 285 198 364 834 264 627 36 693 960 641 809 847 877 11 263 820 782 157 793 697 33 541 185 396 225 561 951 553 985
183 510 981 507 381 531 764 315 239 228 709 216 438 989 933 853 807 428 997 806 271 473 52 806 528 170 306 20 853 704 395 198 877 851 185 869 547 29 704 856 987 823 163 276 204 379 91 615 374 169 12 891 192 769 156 637 675 244 206 742 391 582 460 153 745 198 64 980 310 830 367 366 90 842 46 72 97 106 486 865 832 519 225 878 789 494 924 255 561 781 300 929 433 182 337 773 168 145 107 672
47 809 683 302 275 742 212 50 941 419 426 451 893 812 821 583 609 274 274 436 39 815 39 357 236 179 412 811 293 90 983 147 53 16 200 285 308 791 215 418 137 247 249 154 745 109 877 662 912 471 396 993 389 199 784 369 739 360 898 559 91 841 787 588 329 528 779 95 878 409 969 769 157 185 936 136 132 607 530 67 442 796 670 495 1000 838 486 283 751 575 347 212 320 434 882 584 567 359 513 453
295 656 63 102 919 449 93 703 723 374 168 974 10 909 391 930 738 526 785 905 448 583 906 16 736 632 298 419 433 637 354 650 6 236 696 805 213 392 727 475 60 807 181 244 907 616 778 926 819 291 931 803 866 602 538 821 710 936 421 104 189 794 280 725 347 220 922 1 901 209 953 771 401 386 631 348 449 79 103 113 42 193 642 338 113 360 723 515 131 818 906 420 191 284 376 291 287 764 450 610
847 864 335 618 404 205 512 566 832 743 185 608 773 453 870 387 131 407 830 97 426 657 671 849 880 646 64 352 666 634 327 659 886 352 739 849 518 661 531 339 14 920 219 248 131 585 735 428 81 818 994 521 37 103 923 23 157 13 229 742 221 783 221 634 947 167 688 837 130 316 620 2 396 465 111 155 370 224 737 996 395 561 514 908 680 483 314 862 910 945 514 672 139 126 629 344 562 796 498 630
485 456 1 187 920 551 95 400 158 524 322 101 544 931 579 20 187 95 718 963 201 934 96 664 158 629 629 624 892 115 182 380 437 203 290 837 110 874 896 477 546 196 94 791 862 55 902 62 795 267 828 645 405 60 401 520 154 498 373 543 270 550 98 291 574 961 311 452 625 238 67 532 889 481 264 162 910 590 778 971 140 970 313 45 145 54 367 649 394 28 263 644 183 840 355 747 836 997 953 116
980 22 276 273 975 928 384 421 834 487 968 73 603 142 115 135 801 17 454 230 785 98 752 219 677 45 823 948 541 512 608 715 930 312 458 909 820 743 486 950 497 282 436 442 597 915 628 207 581 911 770 752 74 760 479 161 597 659 145 97 156 946 144 373 106 934 358 816 549 496 716 922 252 434 602 220 205 98 8 785 13 94 634 897 842 753 162 436 979 441 1000 882 690 916 757 229 824 293 148 349
632 992 145 324 246 201 135 729 467 456 654 7 472 533 66 529 77 640 40 502 121 963 54 415 787 684 832 710 280 461 317 816 208 26 486 6 940 63 116 153 576 60 27 890 361 996 923 769 276 930 71 845 339 537 390 213 182 304 216 276 738 179 808 104 11 107 47 525 789 659 46 521 444 931 377 683 897 378 707 296 144 444 705 949 162 288 933 334 77 637 919 739 441 863 337 883 16 665 336 183
318 858 613 268 588 338 204 668 159 103 976 974 35 990 717 498 238 316 83 51 235 529 964 588 971 861 881 756 736 555 923 998 5 6 427 606 184 797 166 85 456 759 656 600 144 37 531 674 200 313 350 619 778 31 802 552 110 903 465 320 515 218 994 574 713 857 913 426 812 220 291 952 894 479 332 990 887 908 488 148 746 810 670 671 876 980 835 91 915 216 145 592 260 704 165 362 247 254 666 786
453 431 2 967 283 462 968 331 497 292 247 597 423 907 251 510 889 139 681 628 741 875 584 555 444 202 201 472 874 471 217 80 822 316 878 553 827 62 602 1000 763 441 14 173 331 799 485 52 471 971 312 191 988 650 6 38 983 962 161 329 463 783 911 544 22 166 74 726 197 594 746 946 193 560 620 223 329 161 475 593 409 748 405 257 240 429 435 180 500 259 848 713 154 288 334 688 352 639 998 400
249 483 251 907 559 318 950 355 220 827 468 587 648 375 982 752 144 57 474 424 966 193 655 835 125 46 204 663 177 775 606 747 813 404 740 174 360 894 625 191 394 773 87 849 884 321 958 839 164 298 299 120 39 206 990 138 272 878 134 37 168 20 321 380 531 330 186 306 690 412 37 754 147 574 180 76 444 788 495 520 626 822 944 880 611 335 21 692 481 844 312 716 320 344 895 134 153 129 820 881
511 844 376 144 292 979 32 963 619 107 526 210 723 141 834 863 140 727 6 95 992 962 830 754 418 734 447 885 400 256 668 648 94 177 969 335 294 999 875 765 49 610 476 844 412 560 812 216 768 30 366 126 470 538 209 411 732 571 769 756 875 23 922 617 156 55 689 194 300 686 152 212 621 866 509 394 501 953 527 79 320 817 603 835 153 275 394 123 923 384 794 172 15 11 739 138 431 153 698 748
218 46 31 849 19 95 546 554 407 267 834 868 720 356 98 280 509 666 586 52 181 456 935 977 195 257 380 214 407 704 793 246 328 674 137 210 746 179 867 719 804 214 687 55 991 290 141 704 726 958 947 121 413 579 688 552 982 668 926 70 737 508 55 699 872 662 885 365 362 5 636 554 857 241 78 38 621 829 469 119 980 286 592 991 691 370 383 689 697 560 73 753 210 89 713 384 701 748 695 994
515 984 732 264 475 193 553 948 496 554 746 532 344 477 95 567 650 372 29 672 715 330 154 856 970 495 43 836 282 571 570 982 124 310 843 69 489 354 630 130 342 11 695 103 181 686 754 52 210 350 17 339 864 837 725 134 103 850 451 851 686 630 785 701 455 194 50 418 249 135 270 108 759 405 275 663 206 169 209 797 82 83 214 259 370 836 497 943 964 382 846 197 798 410 658 416 498 325 81 791
563 62 858 119 847 641 393 645 948 861 418 586 54 42 449 119 755 463 897 638 764 63 480 856 8 393 451 647 255 517 757 345 154 215 810 202 916 25 429 59 665 61 757 5 616 924 336 963 130 484 153 967 714 575 495 687 977 719 230 490 945 359 88 69 570 109 754 946 275 32 176 875 576 802 34 116 104 537 769 539 238 732 270 819 832 521 967 676 218 90 896 869 991 37 320 390 131 831 243 791
664 580 67 62 972 257 740 305 322 236 111 864 400 772 851 813 73 228 634 836 645 946 808 161 232 411 539 985 208 787 148 71 24 21 530 847 545 324 132 272 33 39 529 72 588 547 359 958 931 285 356 516 379 18 861 711 569 758 765 969 866 187 754 188 307 208 455 170 661 90 866 155 107 671 929 457 367 397 689 916 306 702 7 569 479 624 753 31 699 678 131 331 979 513 828 316 981 19 101 356
775 669 755 173 42 818 961 973 494 82 359 811 933 464 701 804 789 924 491 58 268 836 247 775 717 731 21 490 394 198 326 347 92 196 706 534 816 874 382 123 924 317 29 781 83 212 621 226 955 880 945 940 153 104 858 747 369 335 595 799 157 948 815 619 944 589 978 687 531 33 450 767 133 763 705 928 331 27 595 435 887 646 638 242 276 138 803 712 674 647 117 884 329 398 24 532 152 844 184 794
794 430 487 809 448 599 928 936 669 712 483 121 682 690 914 556 535 350 305 503 772 891 496 705 894 902 271 880 771 232 695 848 39 362 644 671 740 340 439 594 423 294 911 398 801 78 807 909 654 52 439 933 678 865 912 857 58 26 932 326 223 139 872 299 438 554 818 364 599 30 470 701 685 233 706 549 718 675 0 781 579 190 319 532 334 173 736 529 899 569 25 485 458 420 789 689 728 54 507 572
177 399 140 697 717 9 102 824 956 196 58 47 299 833 962 235 247 789 836 240 528 999 235 757 852 783 29 476 810 504 497 273 241 478 102 240 936 426 156 8 371 169 202 957 737 567 896 783 260 416 938 7 43 982 717 415 20 761 120 217 210 466 685 402 389 125 144 988 944 217 896 300 495 578 125 885 506 721 194 299 447 979 657 25 733 495 670 303 423 225 570 974 156 68 4 879 634 963 919 304
572 521 157 209 786 988 266 478 31 822 356 199 955 448 29 916 168 886 507 350 398 502 336 481 783 317 315 581 968 534 293 577 126 817 711 88 45 452 436 549 407 689 927 968 813 9 698 798 468 417 120 670 682 621 924 848 370 495 691 869 414 935 498 217 890 436 237 961 447 943 689 89 736 855 465 471 260 230 275 1 833 108 774 842 608 788 889 102 553 72 465 954 100 847 362 520 753 992 582 548
638 478 233 6 491 454 922 883 43 172 222 94 826 165 787 117 262 743 40 497 721 877 843 304 383 7 777 979 525 746 130 467 312 361 61 7 515 32 941 106 93 689 719 63 49 594 587 260 26 148 702 718 786 987 484 374 868 402 731 751 440 864 813 625 80 218 607 699 838 997 211 393 114 113 855 899 558 253 178 844 669 326 650 37 7 648 690 354 599 806 961 903 558 18 318 659 796 293 679 147
681 222 790 572 788 104 18 645 906 619 0 833 602 955 806 447 555 275 723 92 474 111 567 26 776 791 188 671 380 435 804 878 456 723 79 160 453 788 716 428 119 689 734 294 802 795 620 911 519 956 0 647 143 825 74 404 987 515 818 376 443 905 730 103 131 760 660 310 488 119 238 531 586 442 330 613 309 971 521 195 137 950 790 180 907 954 488 10 285 920 3 262 13 757 684 580 280 7 424 464
802 160 992 441 298 414 308 180 69 382 679 525 268 21 984 279 807 606 329 45 505 645 701 253 637 98 700 771 181 575 145 581 189 269 916 469 290 697 449 249 202 396 246 922 764 275 574 486 488 47 835 594 451 630 581 844 348 745 287 237 21 907 740 720 259 777 716 474 375 931 8 190 17 81 564 275 619 429 593 518 855 753 663 801 403 460 365 615 546 629 418 2 811 217 648 501 670 20 248 754
846 871 720 45 2 28 480 111 458 787 146 101 932 544 137 426 672 627 976 355 60 12 974 293 496 134 119 510 882 284 394 896 381 378 280 674 835 321 162 178 809 711 439 275 524 274 941 496 682 190 814 7 635 915 612 844 15 78 392 679 2 30 535 844 922 306 546 827 865 578 661 121 701 550 614 257 114 972 657 123 857 887 233 517 101 394 947 137 908 726 750 422 785 981 481 201 123 293 375 127
496 956 726 543 142 187 822 976 449 537 310 84 728 977 682 256 65 653 305 95 93 692 310 115 29 249 540 820 408 831 359 704 258 590 534 543 34 503 19 610 138 791 915 720 410 696 608 511 392 778 703 212 737 929 58 816 912 731 736 684 611 825 937 425 216 698 487 300 942 485 936 998 16 551 695 956 482 521 101 55 799 68 904 913 169 754 28 576 279 560 569 90 186 625 257 316 128 381 446 699
770 364 622 45 50 706 777 322 928 973 429 524 413 987 330 577 884 845 746 292 211 743 106 353 611 580 134 825 74 523 319 508 506 396 224 279 829 395 198 670 891 579 326 759 543 405 578 320 688 625 121 826 408 272 491 210 768 396 79 222 521 808 317 805 982 247 626 736 281 233 839 838 939 773 616 123 987 840 182 250 781 800 549 338 452 29 400 301 159 472 204 461 750 412 864 61 14 479 433 438
139 898 825 293 362 377 586 426 203 620 787 941 69 751 689 161 189 208 937 858 437 720 565 682 253 591 887 532 664 911 859 496 492 893 677 829 522 683 100 722 975 211 691 278 164 129 171 406 916 981 949 538 570 421 239 947 892 124 961 333 887 752 579 616 348 188 17 717 558 952 512 846 944 208 980 957 652 637 970 139 323 877 650 573 669 707 368 141 991 490 308 264 662 42 184 198 889 677 576 278
380 495 516 768 277 200 317 556 704 783 352 685 261 759 980 572 897 259 807 820 110 165 231 737 907 17 82 508 76 893 233 169 696 636 585 159 168 301 134 534 183 987 316 406 248 654 818 377 101 528 307 704 9 65 175 991 783 881 551 263 603 873 211 738 972 466 204 6 726 736 994 538 116 864 522 678 121 264 90 335 970 77 291 811 172 673 640 727 449 550 237 957 529 756 55 795 899 146 391 63
831 629 49 630 317 436 311 60 242 583 71 579 153 330 82 708 130 8 620 68 527 931 560 601 647 281 596 651 860 142 122 987 350 196 46 114 340 584 323 945 594 518 11 441 467 39 280 353 709 479 356 409 658 901 235 667 539 280 509 446 121 709 984 760 698 515 352 774 601 499 146 593 624 244 749 594 361 770 814 521 445 12 599 212 345 491 309 992 402 676 396 708 600 382 393 444 389 262 451 347
362 474 161 258 385 912 273 690 920 302 964 28 147 705 841 923 612 125 559 286 152 58 158 746 177 734 249 184 972 978 727 257 140 44 320 481 196 680 516 462 333 84 73 573 186 480 512 191 502 718 305 161 772 317 996 74 917 663 490 837 385 362 249 680 871 924 471 445 352 966 239 975 559 664 888 68 236 588 508 99 913 552 591 114 66 38 93 857 838 774 899 732 727 98 788 894 636 934 317 370
706 519 734 640 661 327 698 819 557 476 421 834 849 106 619 535 210 274 404 202 927 188 672 711 630 979 188 69 386 962 500 953 349 434 307 24 667 101 942 664 155 48 853 709 916 491 98 317 486 304 568 599 271 778 230 654 601 506 960 284 208 655 863 50 657 261 126 525 217 71 717 142 879 303 588 736 260 971 850 370 444 597 467 132 336 531 66 685 43 614 444 410 75 694 330 143 328 155 784 314
130 670 734 879 942 302 152 653 992 280 24 370 606 514 88 629 900 392 479 614 656 287 629 81 495 609 969 47 101 683 685 684 232 638 671 792 265 682 247 735 4 662 740 582 616 464 709 927 469 172 548 508 673 283 424 469 630 834 894 568 392 96 469 922 510 118 14 37 603 136 529 498 393 214 860 67 456 540 675 122 581 765 719 176 803 949 375 535 260 837 69 123 196 56 629 827 643 452 125 504
659 833 817 19 490 975 998 818 30 674 176 314 228 946 185 605 897 694 327 679 314 689 873 960 700 480 124 236 679 97 850 228 233 677 790 654 273 650 317 455 58 344 79 521 119 709 196 258 774 92 283 493 83 734 291 54 95 490 566 313 720 447 268 126 20 384 963 732 885 110 156 812 272 783 31 844 196 688 222 524 949 82 332 122 557 326 932 200 188 531 33 818 406 344 372 6 463 830 320 897
219 976 279 755 79 145 816 710 778 524 333 916 93 389 869 949 734 794 835 421 904 661 979 869 248 941 437 893 472 887 723 522 311 749 239 541 985 227 532 123 135 176 69 56 735 84 450 504 394 885 925 67 420 18 876 992 976 270 530 431 473 816 784 500 343 17 695 985 978 515 8 277 544 694 654 761 455 799 411 905 271 140 693 915 696 736 71 207 378 239 181 364 711 59 393 229 655 485 37 646
851 102 245 556 617 93 74 878 598 645 753 927 825 485 972 563 768 594 397 392 683 847 619 715 686 526 778 965 73 39 770 576 624 28 918 136 954 989 359 661 98 431 666 831 583 711 31 401 667 312 304 295 389 684 660 675 356 317 639 393 654 288 738 558 712 782 470 820 46 725 405 485 613 194 593 841 911 170 7 724 791 368 595 981 145 649 502 510 664 475 166 496 414 89 563 725 785 439 711 875
264 696 481 193 48 707 512 162 337 297 365 159 66 229 806 181 897 323 809 136 689 466 436 194 629 912 258 922 688 118 986 988 387 517 1 910 108 231 637 70 840 455 182 775 781 254 393 164 233 976 492 630 913 44 648 321 53 808 933 546 265 340 281 392 192 873 179 557 764 393 366 841 474 375 112 143 885 988 546 541 516 219 201 562 230 873 910 918 565 64 365 880 542 441 70 905 629 927 475 599
189 335 632 60 569 974 661 817 218 744 850 523 493 828 701 95 495 216 280 709 232 407 122 183 264 265 264 370 677 747 687 561 294 358 75 778 742 631 931 726 236 874 780 711 491 102 525 186 112 0 238 117 698 551 868 951 824 267 967 908 520 608 966 79 170 61 355 280 897 652 165 655 896 334 146 848 654 300 651 953 454 527 735 5 418 170 617 664 788 989 23 401 446 450 902 351 985 110 104 567
344 39 582 266 840 198 903 440 952 681 238 231 759 121 988 196 518 438 118 135 956 282 830 968 905 979 83 614 789 176 791 944 953 306 114 622 492 8 0 900 177 958 425 130 262 492 679 338 606 805 561 293 674 495 2 365 774 573 31 859 133 785 579 843 238 467 135 918 117 64 675 461 440 378 783 936 851 634 902 790 470 846 143 86 889 701 213 749 788 855 111 932 166 403 388 449 75 377 217 15
602 787 45 776 231 840 462 561 143 268 30 840 772 64 989 49 140 293 233 870 546 861 755 785 916 35 451 16 883 810 176 942 995 354 488 332 162 423 517 811 561 62 570 961 348 878 139 350 931 506 383 92 618 125 469 960 683 636 784 911 656 504 44 653 792 93 348 876 654 328 92 9 554 35 328 165 182 215 69 923 18 910 656 832 977 849 840 900 301 287 722 14 938 641 270 756 423 842 670 791
209 826 447 774 72 333 283 905 825 958 638 60 136 862 360 944 925 831 848 146 847 406 401 850 667 774 380 560 819 903 478 689 608 734 952 937 482 344 228 310 390 844 217 720 632 574 766 215 861 602 563 963 404 456 780 629 889 575 319 336 554 690 532 14 240 324 596 932 323 134 301 261 14 725 751 928 410 409 437 693 51 221 74 613 828 498 765 44 485 449 697 925 515 855 69 994 409 176 253 327
165 470 578 987 375 959 642 923 771 736 405 51 835 525 25 286 232 4 48 506 546 296 291 184 762 531 194 773 888 386 129 30 671 75 906 128 360 768 818 671 740 968 429 396 4 316 660 747 281 336 975 481 334 52 138 316 714 104 621 688 37 51 214 592 569 115 703 80 331 19 297 184 349 903 963 773 293 228 842 113 897 891 539 571 618 905 980 371 186 523 573 198 920 485 204 113 814 670 986 835
252 849 348 98 48 420 959 115 705 673 898 142 845 5 62 783 480 287 904 454 869 357 242 213 808 366 482 257 795 925 920 164 478 218 151 65 419 314 155 502 934 247 148 719 795 613 752 373 121 788 23 736 524 425 358 449 646 844 629 727 183 513 411 21 28 666 869 707 105 884 770 467 866 375 575 621 696 100 333 255 128 203 723 251 258 676 605 764 458 163 685 496 460 814 542 275 34 704 578 397
914 839 815 105 869 199 404 578 739 544 644 85 605 237 438 744 763 506 862 970 955 728 648 530 879 949 266 433 616 121 316 426 531 808 912 382 863 327 968 17 977 930 603 596 255 62 120 670 353 791 335 926 838 54 358 998 737 314 398 205 822 156 853 524 53 266 305 964 307 895 948 480 770 674 541 196 937 943 344 806 799 144 874 517 772 890 867 803 447 810 399 746 44 653 714 972 987 372 877 161
297 978 335 542 363 723 101 597 746 313 180 816 780 969 839 767 911 250 247 564 444 582 284 71 983 31 938 402 452 425 613 647 247 34 458 499 127 281 523 732 22 378 148 841 903 738 533 221 558 75 529 53 484 288 763 729 333 538 640 893 319 549 625 196 545 167 335 993 245 870 615 457 701 900 922 495 543 389 113 689 876 569 1 112 490 772 863 153 95 667 986 239 805 698 521 139 697 497 935 994
430 233 531 936 734 872 806 141 42 901 753 619 579 400 882 613 223 654 927 703 347 917 1000 437 338 419 677 127 985 276 692 53 655 455 613 523 5 464 873 389 862 682 812 709 640 522 320 982 657 945 681 833 326 70 936 876 796 814 542 853 920 135 126 843 87 874 136 467 73 343 818 381 345 229 510 183 511 240 510 938 68 562 917 755 601 131 789 602 256 997 335 935 561 477 475 464 738 570 309 437
490 40 393 299 658 782 436 542 276 713 523 566 557 270 402 262 37 362 389 124 621 836 657 806 762 216 348 341 223 688 138 456 362 322 552 87 112 446 700 273 153 940 26 22 952 381 529 553 64 731 467 356 438 236 797 260 667 711 556 149 685 986 622 135 508 606 996 136 582 130 457 128 538 518 680 620 292 657 948 279 70 88 421 155 968 455 562 240 525 334 21 721 762 917 716 606 932 851 934 790
483 997 153 210 319 825 102 58 659 831 611 162 947 364 131 848 793 159 947 987 211 853 590 617 295 321 22 166 402 249 737 165 168 331 723 240 983 400 969 333 928 959 817 912 251 801 164 63 823 392 127 896 827 574 655 561 988 458 974 135 746 977 388 712 573 709 9 157 303 871 943 484 664 857 706 535 8 235 822 990 960 800 860 861 217 234 826 709 896 554 449 867 5 575 834 497 974 18 800 236
621 487 598 487 430 763 789 535 117 54 740 709 179 134 58 842 742 332 308 53 724 86 540 174 950 735 954 621 760 222 516 18 658 676 170 309 264 292 986 314 90 439 537 901 3 253 912 879 205 459 807 426 297 317 774 545 242 929 333 839 240 439 494 285 538 460 280 812 197 235 788 976 27 792 612 561 961 454 439 451 97 891 351 344 994 150 412 674 471 578 617 565 457 660 510 463 325 783 979 41
807 901 510 525 328 615 250 592 868 489 276 488 499 618 155 454 863 225 38 907 379 747 144 396 123 308 816 214 126 153 392 604 314 690 882 815 389 151 638 649 557 46 816 21 367 100 134 357 367 583 796 71 69 549 474 694 544 676 700 490 764 699 168 975 755 959 133 806 113 732 484 909 275 694 591 726 788 612 238 768 292 277 724 562 780 419 526 897 707 990 131 680 132 118 960 185 798 841 29 653
85 181 839 390 30 545 624 688 92 659 419 770 578 783 464 964 337 662 402 959 9 60 435 373 437 338 226 185 117 931 525 600 665 467 425 633 853 36 923 750 597 48 558 83 849 631 310 891 592 775 527 590 175 588 17 591 146 219 40 833 617 388 866 80 818 439 867 951 694 14 543 271 966 344 250 771 565 495 324 863 700 550 386 388 954 276 887 47 996 754 3 191 711 404 345 196 939 757 937 716
404 141 405 2 549 750 421 859 663 497 56 18 389 312 23 60 189 361 740 506 843 138 617 542 446 645 144 199 18 769 957 37 719 391 806 291 449 88 372 163 595 423 665 194 604 321 183 187 236 107 52 12 3 581 175 440 637 965 14 960 409 865 236 33 151 693 152 217 969 223 783 910 81 683 750 572 255 985 881 51 485 101 460 120 304 194 207 934 406 918 808 902 837 759 316 613 363 912 773 577
756 982 6 233 404 49 690 765 787 744 970 434 722 449 213 821 913 386 326 552 721 920 669 212 155 432 95 432 38 519 679 854 886 94 944 754 115 827 305 918 956 606 299 677 677 210 312 139 681 310 806 101 71 151 764 123 363 960 869 307 760 493 386 834 947 479 95 789 497 951 584 762 282 118 60 59 754 151 517 529 988 948 336 149 949 658 0 931 778 872 788 37 485 416 798 638 731 137 604 725
227 511 898 48 897 241 986 28 214 887 797 195 668 13 278 565 224 500 473 520 396 303 437 983 1 276 436 108 488 580 513 471 459 647 363 618 140 285 713 630 279 31 199 134 440 772 984 152 618 207 664 689 25 725 477 462 397 215 692 165 191 554 977 740 504 948 696 700 716 433 254 682 765 713 500 120 435 298 487 646 690 423 319 855 1000 415 506 775 616 151 625 313 184 249 73 95 690 498 73 415
74 861 535 968 997 724 22 928 477 958 842 601 688 905 559 692 67 919 174 559 907 802 598 755 668 320 330 756 242 956 171 450 571 337 812 156 526 20 365 113 409 759 872 27 412 840 809 465 573 196 930 734 879 265 735 291 286 486 967 638 895 438 347 339 871 992 355 452 248 134 15 533 23 165 675 71 53 190 689 458 551 976 690 339 770 454 936 940 881 619 310 343 842 994 799 823 16 285 264 607
781 265 42 217 602 621 252 41 815 252 173 48 900 556 45 291 570 913 542 444 780 553 94 781 412 619 962 277 407 397 720 789 753 424 980 181 316 807 462 171 236 106 97 1000 707 840 545 282 129 966 379 240 789 366 703 391 578 540 162 177 267 117 779 144 268 862 149 235 450 179 288 483 194 954 599 413 817 848 195 750 141 138 665 376 463 723 777 527 18 627 274 388 236 877 660 521 522 876 166 350
959 580 8 887 519 844 350 706 57 154 896 161 230 820 993 294 212 678 708 574 56 222 706 829 591 343 415 929 172 299 128 433 835 954 929 321 784 496 561 508 428 167 953 415 549 405 567 308 251 52 47 585 655 376 431 142 455 820 289 755 100 331 241 971 377 619 898 582 141 141 694 20 786 843 646 783 459 277 671 330 225 456 378 399 936 837 548 258 818 88 189 653 674 333 694 780 853 858 640 543
183 421 549 541 519 414 422 17 709 269 754 653 786 456 329 413 992 600 856 102 980 187 268 285 105 545 650 497 114 271 491 224 607 991 3 515 634 615 55 423 559 155 378 191 717 423 847 21 426 867 181 703 485 490 122 435 984 72 638 225 416 354 158 297 568 358 413 768 186 371 686 253 240 373 173 243 24 321 908 342 653 439 599 207 29 667 457 780 396 41 879 804 807 734 250 284 568 517 522 777
419 60 193 155 748 845 992 452 196 562 270 638 70 299 243 383 63 3 57 189 3 825 918 85 704 677 624 663 462 280 794 287 591 191 77 651 876 742 606 530 274 781 173 909 472 297 950 981 425 380 15 872 678 95 959 2 342 767 582 971 646 288 182 476 972 462 230 83 314 346 885 638 360 979 701 791 581 870 555 92 416 374 389 43 115 759 378 265 988 52 684 728 888 355 366 52 94 350 490 460
751 833 428 871 294 607 0 207 594 190 170 140 264 172 719 819 811 194 603 94 534 828 979 41 343 890 416 851 98 375 142 584 156 518 186 963 902 577 578 967 904 785 721 970 288 321 994 294 159 729 187 424 46 280 199 278 543 192 437 899 415 833 712 646 835 71 533 662 271 127 930 952 991 455 977 244 629 442 718 696 96 881 579 586 481 283 800 305 37 557 908 311 879 390 105 365 731 408 937 738
172 829 842 183 592 349 25 90 385 648 586 643 136 743 539 837 16 499 30 649 963 996 615 334 452 84 117 4 262 561 72 872 337 874 140 559 812 752 197 836 421 548 800 394 729 725 909 890 847 966 542 443 99 1000 522 838 289 154 128 116 270 928 80 494 669 159 450 80 515 55 103 17 175 94 959 403 802 775 915 219 687 908 429 870 189 509 133 717 53 476 858 589 163 177 837 253 667 411 979 611
682 911 70 419 742 429 720 301 587 421 676 179 744 57 357 800 927 133 647 342 504 610 235 608 600 544 718 268 158 962 622 502 929 816 457 365 270 273 834 930 860 670 338 68 139 272 383 85 203 383 371 706 680 584 651 1000 586 783 836 567 873 551 792 869 972 451 17 256 955 190 616 997 84 666 296 889 684 972 83 654 335 123 746 255 888 42 611 909 89 534 722 515 713 3 918 350 327 669 690 284
374 599 716 442 695 391 123 896 675 56 118 758 901 81 623 875 204 232 851 403 318 819 789 438 40 667 269 539 663 916 550 600 866 555 434 813 435 78 294 344 716 529 248 302 927 649 441 47 818 705 449 636 795 188 672 370 459 311 381 718 365 102 965 792 353 841 956 937 102 724 26 125 524 253 547 655 563 212 976 532 388 982 867 219 643 853 506 11 547 967 660 79 460 768 135 111 212 386 667 475
850 542 985 679 351 380 7 410 555 945 401 408 890 372 574 707 479 977 900 78 464 988 477 889 792 141 686 428 731 927 746 891 161 236 164 928 556 991 54 38 635 648 289 467 648 291 194 119 295 211 652 574 980 174 278 710 309 981 711 954 987 444 216 569 700 400 505 499 669 641 942 303 600 173 504 495 362 225 314 396 790 514 510 74 172 885 817 82 226 150 4 172 117 901 85 48 948 291 698 984
954 331 877 95 374 249 282 132 421 507 499 958 969 495 377 203 954 239 917 699 719 837 232 972 371 933 958 391 702 501 624 237 781 312 669 894 354 972 679 700 797 224 901 783 846 416 888 901 886 712 237 28 197 356 866 742 341 884 853 213 635 338 153 458 4 138 440 332 214 479 782 706 711 982 301 183 603 847 99 155 965 843 990 627 977 486 862 928 984 733 568 470 991 66 4 283 651 917 417 369
735 888 759 303 612 512 591 350 900 577 245 449 136 597 779 967 121 307 438 569 546 758 553 160 250 85 787 878 129 75 587 230 12 117 273 240 172 104 254 999 699 799 390 840 769 794 656 989 692 669 764 212 579 48 823 23 479 256 219 461 904 346 519 142 968 883 114 590 292 763 480 339 229 750 598 141 2 287 621 707 238 254 647 68 186 562 899 267 834 306 36 422 706 85 717 199 117 720 756 782
449 13 526 694 770 118 736 53 700 419 153 599 407 420 201 535 380 165 19 736 542 525 503 592 992 475 407 229 53 979 280 788 252 740 764 544 784 11 446 829 648 245 828 165 991 368 917 706 11 259 748 380 601 773 803 414 296 628 310 126 400 985 833 748 245 892 780 944 571 87 440 351 165 575 807 189 603 366 928 268 459 549 11 17 864 475 95 696 537 770 858 951 506 680 908 497 775 329 397 768
62 763 653 622 527 331 342 772 683 563 642 454 990 515 914 326 143 907 912 867 551 848 711 648 936 655 318 214 828 559 99 451 370 975 792 963 859 109 536 139 462 421 731 501 702 67 856 786 671 242 745 128 18 417 36 845 446 66 458 786 677 268 396 396 431 467 961 299 875 676 147 663 618 189 85 543 214 794 649 886 375 135 760 146 727 200 529 867 27 831 787 410 961 325 940 731 289 931 116 548
169 405 535 352 99 95 226 246 48 944 762 319 421 887 215 390 272 497 381 946 714 343 618 378 430 870 545 80 868 628 940 768 342 902 256 948 236 404 261 739 248 367 574 44 967 929 81 62 769 696 937 861 276 981 504 228 219 957 547 543 318 518 353 1000 781 241 150 626 477 302 534 757 529 776 715 345 608 932 496 555 255 132 565 130 206 180 688 107 454 550 462 551 517 272 759 496 879 461 352 296
867 284 622 929 729 812 415 707 995 73 583 166 785 151 6 758 154 615 469 92 224 385 983 542 618 283 990 220 864 223 585 68 408 309 831 865 794 887 314 670 560 864 710 75 926 533 974 899 219 802 435 425 175 860 784 421 670 40 330 553 313 403 371 839 518 423 461 249 162 408 601 682 910 491 883 313 281 868 435 871 854 300 429 543 846 564 135 639 900 697 337 191 225 376 965 759 660 840 147 780
816 168 333 258 199 606 948 416 815 120 341 599 500 797 950 561 343 108 51 773 916 520 656 234 90 11 21 636 434 912 476 958 323 926 806 79 163 198 96 866 641 714 288 769 281 949 922 943 449 150 178 122 552 124 335 868 901 689 854 450 764 346 15 256 694 127 396 741 917 69 929 950 510 816 767 715 538 492 735 620 699 487 429 943 394 133 542 879 808 574 841 22 472 34 971 472 656 187 586 392
353 801 105 101 801 738 494 505 976 129 903 948 728 656 98 704 239 539 998 784 53 681 547 38 97 728 443 916 136 756 113 456 778 327 660 865 679 310 979 818 765 607 537 594 918 454 383 351 774 217 306 89 803 692 9 411 354 899 864 293 118 394 679 728 914 757 31 595 866 227 642 974 978 472 147 216 935 375 303 292 365 669 462 707 882 181 498 186 145 205 634 576 724 304 527 936 530 278 550 181
689 520 148 382 326 642 26 519 516 929 342 786 407 191 978 278 654 547 440 12 980 945 427 956 572 360 0 750 58 770 73 934 102 27 472 577 595 80 371 710 272 54 54 376 353 924 717 913 438 352 909 483 906 825 48 343 350 893 947 577 974 238 673 375 71 576 684 629 776 593 602 507 442 101 179 60 608 771 851 631 244 223 671 796 541 757 134 187 981 303 281 553 12 902 709 230 120 2 241 157
903 470 255 770 194 239 207 204 133 79 950 807 725 424 651 127 968 409 181 284 405 751 172 385 861 649 453 280 401 208 32 906 321 416 505 927 759 193 440 192 486 727 21 357 950 578 333 396 367 308 401 116 575 411 196 164 339 537 944 657 19 678 87 694 165 720 293 199 705 374 510 253 3 205 607 59 942 469 188 24 100 339 202 517 507 784 273 648 216 650 714 633 36 134 678 166 32 931 81 452
213 786 412 440 688 814 366 909 839 270 553 768 785 71 412 106 770 996 794 907 426 929 998 574 519 386 867 662 629 976 837 792 119 596 117 979 952 383 158 582 202 443 280 232 411 549 279 739 789 901 606 361 552 348 76 650 558 436 110 100 193 181 165 322 149 416 977 478 996 853 995 758 483 917 732 398 182 807 396 191 642 406 830 686 1 219 489 680 103 721 313 993 993 908 325 698 786 78 802 128
833 427 18 558 835 481 22 115 345 603 612 640 984 383 674 171 726 771 796 670 953 199 108 321 672 804 253 785 848 14 612 421 773 312 317 430 168 938 787 259 775 673 116 269 898 460 395 449 738 693 347 526 908 809 483 333 532 302 307 785 175 360 786 507 373 205 840 490 551 909 987 839 399 370 176 911 333 157 633 122 717 226 368 536 117 654 767 554 174 357 152 208 349 397 3 431 828 279 47 151
703 728 595 650 700 203 443 173 563 952 370 508 367 705 50 692 323 780 205 681 474 918 577 538 450 861 949 201 951 412 534 954 873 554 889 453 998 920 693 483 851 576 683 226 929 305 17 370 504 339 757 362 143 740 617 431 318 731 413 829 186 281 245 0 500 64 327 873 811 927 179 748 569 199 803 14 739 419 717 267 108 686 418 791 680 365 709 959 58 396 482 392 9 438 259 539 310 704 996 649
361 733 528 136 252 791 362 6 667 56 408 1 363 77 437 767 502 776 624 781 510 677 982 974 474 427 470 494 563 981 306 731 469 386 93 665 599 240 168 411 125 573 930 957 478 71 863 486 2 401 592 734 684 205 76 414 94 978 989 310 833 412 645 597 942 803 887 709 611 980 795 547 35 297 559 632 552 44 914 988 620 656 553 755 736 857 641 859 502 34 112 837 490 763 351 745 714 662 1000 121
723 240 523 194 279 805 735 70 442 446 771 734 749 820 789 834 535 691 93 112 433 157 608 705 776 798 479 867 954 24 343 950 933 792 448 203 375 634 387 867 460 149 171 117 474 380 232 341 774 71 495 415 765 532 357 459 800 741 68 325 931 961 130 286 160 849 640 314 394 757 524 160 342 655 759 777 123 995 225 38 898 453 879 56 285 548 6 311 221 947 342 411 909 361 896 847 981 717 307 844
477 67 60 332 530 157 51 577 55 640 2 614 157 617 411 857 491 874 823 583 584 58 573 536 630 431 954 527 632 497 434 282 176 789 682 742 950 279 446 32 596 173 365 810 278 973 162 179 589 931 430 796 898 30 312 964 897 625 549 633 930 731 124 585 973 678 328 218 654 600 545 8 121 488 948 310 227 849 321 136 124 132 103 241 983 719 506 584 872 242 240 320 725 651 181 583 905 831 749 833
343 116 295 55 287 253 869 717 211 602 32 11 297 214 632 281 559 719 17 782 665 801 410 30 325 53 699 518 705 151 445 336 791 897 543 77 606 827 355 725 637 858 903 219 18 589 300 737 159 258 38 44 871 796 512 893 303 162 208 522 339 863 801 662 428 836 25 585 95 357 570 125 709 172 529 517 428 541 941 284 592 487 738 152 317 486 151 669 598 170 107 966 586 950 460 205 485 579 1000 57
634 602 653 671 72 621 747 236 760 113 42 246 198 184 104 867 267 901 891 529 794 249 408 846 727 686 687 286 464 230 616 452 943 699 851 660 402 700 521 286 826 593 783 902 668 620 75 874 806 703 967 578 934 611 396 49 385 463 805 875 643 755 264 155 612 405 149 740 128 725 253 453 782 83 813 518 800 437 858 330 798 703 86 924 334 349 317 509 270 715 943 710 173 256 924 335 674 710 460 675
533 464 3 375 58 37 319 835 220 705 638 809 633 255 167 948 488 660 934 558 106 913 977 859 794 877 188 365 107 707 85 371 245 98 894 697 371 334 685 513 94 622 54 896 510 993 305 339 678 771 406 383 911 289 530 834 702 72 151 892 764 658 112 777 504 522 71 145 861 132 548 535 52 507 667 75 170 790 928 840 309 924 166 804 932 222 412 480 172 2 443 978 598 617 346 648 430 60 960 105
683 4 361 520 245 933 920 43 809 296 356 336 727 815 253 33 364 317 123 777 66 990 333 162 331 946 435 186 149 391 88 91 310 135 668 279 342 277 221 181 367 867 279 545 183 307 697 986 270 206 576 133 598 14 733 870 947 468 286 763 706 578 646 382 161 148 60 719 273 341 449 559 827 807 100 785 548 316 245 68 860 739 521 263 936 846 503 541 559 50 269 485 117 547 251 858 243 515 690 340
954 87 629 696 966 671 607 197 79 939 862 162 129 159 945 781 392 621 714 258 133 748 41 144 868 233 458 764 726 888 853 747 276 283 650 24 283 295 616 719 81 115 698 345 701 494 717 150 594 163 84 20 706 864 219 616 39 663 824 332 230 763 376 209 576 344 837 749 856 459 872 95 585 828 479 119 688 633 155 825 285 345 844 800 200 718 862 687 674 108 376 377 861 134 93 457 330 336 558 991
454 616 411 465 736 104 145 19 428 312 111 48 525 363 626 341 504 15 187 177 211 216 361 533 116 989 859 354 347 163 660 366 240 577 472 304 514 562 693 799 790 295 450 538 664 467 732 59 612 534 196 596 135 982 14 769 513 173 633 513 863 576 119 163 516 612 415 269 514 91 778 342 778 563 972 197 971 337 131 987 654 236 10 435 430 470 479 346 716 692 377 224 89 346 412 44 198 642 777 805
374 445 56 98 285 385 616 595 32 908 577 260 290 243 890 882 999 625 195 628 852 615 892 113 569 999 975 453 724 18 260 212 418 695 811 166 452 681 76 17 173 186 746 868 125 269 682 951 959 32 172 921 550 563 692 337 213 991 361 745 845 98 53 121 117 299 675 999 739 170 704 174 508 966 823 661 930 917 719 184 741 773 580 371 901 945 516 448 370 18 307 791 996 986 266 674 402 589 649 747
457 599 26 789 637 881 725 368 389 156 271 1 992 310 456 955 779 37 328 267 909 573 448 956 891 1 35 755 637 491 868 793 783 186 972 238 598 912 859 804 418 207 590 46 428 831 123 269 504 183 66 690 11 448 948 934 807 412 800 578 27 557 93 816 959 18 15 426 317 407 27 193 290 922 928 592 474 127 699 872 856 364 106 952 677 233 940 980 320 511 81 815 628 72 962 792 204 400 666 679
850 992 80 757 470 79 348 121 163 842 313 534 242 222 256 568 570 673 570 947 868 834 32 782 414 219 175 564 135 716 443 867 157 424 608 164 84 677 613 667 926 74 32 944 588 618 255 764 309 514 650 934 955 629 929 651 65 291 428 533 979 247 896 381 355 373 643 885 667 752 278 733 235 877 630 289 366 297 512 565 924 698 567 271 139 373 367 266 62 913 345 600 634 578 19 530 337 772 255 105
807 278 642 417 415 914 134 467 552 728 637 71 488 321 301 204 396 741 819 615 697 718 641 195 540 830 857 535 594 926 286 86 717 280 676 983 287 873 699 784 393 862 93 703 564 221 185 963 395 419 574 75 207 625 362 158 892 690 283 617 827 281 406 31 620 620 623 744 123 17 397 909 33 778 258 823 655 409 290 331 763 112 935 855 700 298 994 831 841 168 65 121 146 360 79 242 624 726 437 155
159 743 67 757 142 637 788 671 126 202 166 498 66 862 665 704 395 583 927 466 820 912 660 751 917 114 158 185 729 281 551 81 626 709 186 481 595 412 186 273 820 549 63 261 737 525 710 146 386 488 170 105 992 672 165 246 553 979 644 196 5 740 806 606 438 795 483 754 34 867 500 596 631 56 86 788 778 258 878 450 453 731 365 624 43 368 572 371 922 637 673 932 429 381 540 134 86 911 103 637
249 560 320 408 92 716 928 872 789 199 792 440 87 668 524 619 615 263 531 743 444 984 972 726 614 572 59 429 906 314 789 945 317 630 119 310 140 734 658 856 230 238 578 822 676 524 757 660 636 483 59 927 175 257 354 269 661 26 120 442 361 795 159 439 627 780 762 940 799 677 168 556 967 713 593 318 857 618 221 678 922 244 387 578 621 784 27 554 713 897 689 947 604 539 417 995 84 529 223 217
750 266 90 1 378 221 400 450 621 798 764 300 923 64 123 483 740 642 488 566 467 162 234 101 189 332 865 754 932 132 30 896 217 305 819 859 214 316 149 570 169 462 525 630 903 473 433 588 516 927 860 604 824 757 939 696 332 290 503 198 480 335 839 874 85 324 866 908 805 108 649 403 669 613 38 932 874 318 137 166 223 930 564 171 764 681 508 278 809 926 44 448 962 456 702 893 1000 195 931 389
637 471 52 429 915 93 346 122 450 245 753 707 845 799 718 334 316 945 808 243 971 604 587 416 538 662 689 487 1 806 347 171 124 239 544 24 573 929 832 783 243 654 141 866 897 933 90 638 67 128 887 133 41 625 422 334 949 14 827 612 192 448 32 850 72 61 462 802 35 452 693 333 916 888 163 831 410 490 280 422 221 347 778 219 538 986 371 207 265 421 266 444 887 622 602 149 842 549 775 249
775 295 989 909 510 703 703 794 152 904 118 920 520 73 917 6 347 283 558 880 421 975 579 491 154 483 751 376 296 113 744 207 850 360 752 774 246 788 892 367 555 869 156 219 422 723 945 416 319 56 115 282 706 568 294 32 10 945 463 422 215 720 102 434 63 522 625 499 135 194 677 726 768 586 440 744 773 12 833 397 898 511 851 67 961 382 559 894 668 80 824 181 206 328 385 255 815 494 145 525
306 343 883 552 428 122 500 432 324 290 625 414 626 724 803 559 262 855 924 582 178 129 375 280 53 699 67 486 567 760 204 672 280 622 753 298 810 731 660 716 583 778 180 154 778 908 914 529 343 382 123 770 54 350 931 283 71 781 735 460 211 343 142 897 231 152 248 819 72 102 701 787 153 759 296 701 80 876 842 68 184 781 577 120 176 805 856 326 753 545 161 359 947 318 977 976 981 517 119 421
377 640 458 8 405 22 645 266 187 312 387 682 635 188 64 860 79 160 561 486 504 674 935 609 253 698 258 30 308 289 142 955 524 291 290 169 276 302 182 713 55 956 170 718 864 585 342 431 128 602 374 302 627 951 238 775 299 260 410 642 37 821 853 636 334 996 205 244 415 551 677 870 160 168 141 64 0 549 946 655 495 306 894 506 352 447 822 977 53 244 699 427 67 365 533 749 477 101 866 807
521 216 163 333 508 190 822 989 750 420 361 797 596 103 428 964 573 231 448 131 618 643 512 780 124 688 592 926 391 851 884 366 288 663 986 12 150 640 579 297 117 176 552 378 590 480 964 355 978 5 946 28 530 942 838 902 767 894 201 570 110 124 69 461 310 208 168 421 66 201 340 121 648 340 724 752 539 550 981 881 899 537 369 428 98 189 546 576 732 846 596 428 101 496 15 687 345 435 542 960
483 877 838 198 603 60 575 373 316 414 916 350 692 664 806 785 859 182 574 27 685 130 495 998 174 659 481 133 27 261 929 661 426 832 495 142 385 928 165 721 786 880 238 593 761 970 890 506 654 148 170 833 895 466 591 257 15 192 987 482 100 489 312 21 358 457 273 601 88 735 868 897 826 175 323 64 994 548 150 236 510 897 202 33 78 481 551 930 228 120 596 457 291 91 676 631 127 668 723 5
574 624 658 634 532 611 657 650 364 261 292 271 759 97 390 653 643 439 266 349 810 910 574 434 812 703 748 86 964 405 96 304 148 691 645 925 717 599 238 888 746 459 336 1 136 830 517 625 122 682 477 742 996 88 79 506 227 374 309 608 888 879 774 335 941 947 469 432 390 41 236 861 230 347 580 900 885 828 850 213 744 755 937 983 739 101 138 343 135 746 156 79 847 314 133 284 571 941 543 225
482 577 288 890 586 594 866 796 984 944 961 939 181 64 885 251 448 84 21 378 701 907 557 666 380 18 529 451 575 144 910 92 624 643 202 883 757 207 157 129 669 718 593 756 926 142 955 373 520 929 36 790 241 3 978 429 676 750 414 892 106 177 171 392 123 267 327 298 314 432 262 656 497 92 219 536 877 479 240 544 600 960 262 885 446 253 225 908 92 316 946 939 139 641 432 324 442 203 114 365
895 345 938 34 696 735 67 732 463 300 732 852 242 35 367 671 265 631 775 412 983 638 297 219 708 703 916 895 84 980 600 846 705 228 781 538 261 407 256 821 916 940 644 415 303 233 283 999 774 678 787 969 816 3 415 815 793 539 503 159 958 568 677 681 303 468 754 305 402 566 785 704 524 915 226 22 137 681 647 171 482 66 458 979 2 878 593 101 656 721 371 312 432 952 103 546 302 370 604 913
864 943 586 198 674 285 591 283 443 928 379 162 103 931 1000 865 33 779 320 183 492 664 813 845 845 106 984 578 213 732 453 71 786 316 125 963 201 336 686 986 278 752 155 806 531 32 455 873 657 987 172 635 329 913 568 8 304 616 777 612 70 785 547 737 114 214 544 196 461 574 999 172 981 407 734 479 182 996 636 925 175 598 843 951 615 777 921 649 238 242 974 911 516 351 847 395 780 590 48 499
689 687 306 717 757 310 332 232 189 491 667 558 37 254 269 573 73 746 162 509 753 240 696 747 715 994 651 810 53 275 436 94 756 743 985 486 253 639 341 240 657 61 389 661 114 47 111 752 425 87 789 149 324 507 135 376 755 906 537 606 577 736 681 225 102 232 627 134 774 81 26 54 606 117 73 511 513 119 873 935 218 843 422 249 635 18 155 215 808 4 384 649 563 161 88 834 34 345 87 935
336 44 937 661 178 196 419 808 10 421 860 410 467 310 26 517 587 412 437 772 706 505 69 638 370 496 522 643 947 480 85 435 74 889 51 31 152 660 180 928 407 488 525 123 246 48 456 985 92 186 10 309 365 66 804 369 685 889 724 777 72 840 349 796 78 586 55 561 798 933 591 618 830 496 321 81 569 573 783 904 603 721 553 839 750 738 46 344 630 705 993 137 396 869 911 532 984 88 527 991
971 352 646 819 737 337 674 28 59 124 557 375 198 953 153 360 388 725 952 194 674 660 198 644 405 27 87 545 579 314 695 880 747 468 457 204 788 129 336 125 145 117 437 214 312 359 887 457 746 857 261 853 467 119 103 50 420 80 38 941 657 687 721 362 374 616 300 961 353 539 804 762 292 974 733 205 577 709 770 747 816 714 283 648 804 617 47 935 944 410 116 700 603 157 385 870 536 466 798 682
357 751 32 863 774 308 288 393 730 779 436 665 33 895 811 694 490 663 984 677 740 440 547 129 818 717 111 924 309 97 353 131 688 518 333 9 64 369 107 574 980 363 873 498 361 535 887 958 54 864 216 470 549 655 166 713 568 936 518 906 920 377 507 492 269 663 435 478 754 419 491 485 634 176 949 765 834 801 648 467 7 160 688 916 151 361 962 558 400 648 701 942 407 776 866 471 20 428 786 428
211 760 292 180 981 688 761 892 849 22 794 747 189 59 880 886 737 101 429 390 94 78 979 783 980 388 592 930 278 428 66 227 275 104 2 235 121 786 428 286 958 198 827 922 69 215 325 960 532 1000 900 999 2 451 619 164 842 133 646 306 863 541 565 169 391 597 316 575 803 854 778 345 377 180 60 564 355 273 391 251 223 955 516 83 889 118 305 850 315 83 719 509 999 523 632 463 858 943 816 844
761 707 108 396 254 448 528 158 232 785 805 681 424 272 46 776 318 575 393 448 130 139 754 578 615 53 514 215 798 346 486 414 908 118 116 663 726 362 563 550 99 290 652 255 748 940 369 34 982 320 143 566 943 929 553 829 191 662 661 725 165 390 111 59 222 42 946 805 963 82 744 721 924 634 172 281 773 987 622 606 461 702 996 274 827 683 365 746 73 503 182 211 779 421 113 270 599 254 979 101
850 562 734 461 458 118 955 191 467 292 117 606 47 329 626 70 478 761 277 406 514 553 166 876 488 117 622 592 762 521 167 462 732 283 409 387 345 777 91 6 823 527 966 938 456 372 175 378 869 124 138 633 3 189 455 161 626 11 786 305 133 126 110 851 227 120 746 845 687 892 439 283 583 360 291 876 542 916 590 889 190 822 375 836 387 300 149 400 860 494 35 426 470 814 882 81 698 34 123 845
54 549 500 208 787 379 354 90 828 681 29 798 493 608 224 86 274 26 607 183 227 455 728 149 321 116 972 468 944 309 483 768 301 815 576 858 209 227 552 910 484 395 73 993 55 97 980 538 536 296 904 398 661 789 618 282 251 28 830 404 750 706 931 275 467 943 519 548 400 442 66 425 432 841 649 61 365 819 765 612 413 954 649 590 872 598 189 943 449 697 753 851 41 401 198 894 211 279 108 69
815 831 185 401 140 573 710 711 668 32 288 105 283 596 173 529 849 377 718 752 815 379 590 252 872 485 131 75 758 347 393 634 941 45 603 217 107 972 273 996 985 30 470 772 6 174 310 801 590 135 175 949 679 961 173 877 637 961 477 870 169 323 615 174 317 574 849 129 643 776 349 417 378 65 588 943 159 376 952 80 416 381 327 467 25 307 686 814 245 849 585 869 687 50 764 276 771 522 96 451
511 316 489 975 848 391 684 92 695 72 659 589 449 125 844 871 922 390 359 452 336 178 595 192 566 745 55 475 308 16 171 949 259 335 975 186 354 295 41 965 139 804 135 1 338 1 703 994 975 32 79 950 916 349 479 196 169 436 876 54 947 108 530 238 400 338 558 887 491 290 818 816 182 846 993 797 161 123 818 738 736 284 978 432 181 739 663 222 281 56 797 525 917 572 27 836 715 412 685 899
82 898 406 7 18 571 171 66 639 856 56 607 683 54 59 401 925 921 512 3 645 303 981 48 952 47 505 224 884 79 386 746 425 640 126 690 671 904 924 59 874 832 607 534 374 638 976 58 162 897 572 298 902 696 88 537 587 387 497 669 674 855 822 600 792 615 760 307 722 371 965 713 615 22 126 108 413 409 742 324 240 331 886 496 87 896 979 167 683 80 211 791 972 447 756 688 934 790 138 327
421 521 76 720 619 349 396 94 103 51 54 942 805 30 57 890 772 938 650 17 745 459 801 616 776 654 79 477 61 498 603 619 180 842 129 933 262 462 307 59 561 838 608 287 23 891 844 949 540 441 462 665 0 786 991 955 540 645 1 273 98 764 208 82 219 928 744 59 192 716 512 473 386 196 414 249 84 105 422 575 132 552 98 476 864 627 360 316 178 459 210 829 716 275 116 2 289 283 744 570
106 958 739 592 404 864 75 30 28 863 186 987 908 415 18 954 943 857 662 291 765 510 195 351 198 721 100 344 674 673 578 15 589 517 668 435 760 96 916 166 439 452 213 758 38 823 225 29 774 266 105 612 641 397 966 36 807 336 674 574 759 926 196 673 386 496 119 413 292 622 627 972 43 764 619 957 385 824 540 907 447 317 654 315 972 710 957 698 131 644 367 732 889 837 671 274 54 460 182 692
753 403 625 490 972 589 617 860 908 742 773 657 610 752 937 86 249 142 843 224 887 46 954 201 539 48 271 633 650 409 55 470 715 868 14 670 5 703 649 946 555 167 1 479 495 323 921 820 21 167 397 493 91 392 741 769 772 837 81 54 519 859 435 29 789 796 689 65 898 457 113 578 503 388 479 940 990 787 751 214 496 787 414 55 713 44 683 882 564 357 518 48 363 613 790 233 982 713 778 233
343 875 282 810 706 462 508 686 27 188 267 244 828 880 982 51 997 586 93 131 728 66 314 238 57 799 301 814 310 474 998 522 305 745 496 590 90 415 369 326 761 921 32 600 85 297 635 198 367 393 89 323 577 362 439 249 604 30 221 587 733 796 871 453 946 944 29 371 258 795 628 620 148 290 526 807 599 988 80 3 211 547 101 136 7 102 34 940 893 758 953 528 307 542 716 87 486 445 579 290
487 319 452 512 386 157 982 486 360 761 767 887 545 990 988 885 700 121 607 772 36 230 576 565 354 183 200 686 508 109 27 934 556 235 616 269 671 431 428 130 223 683 977 130 838 134 665 869 365 329 897 668 435 40 507 497 800 805 875 921 917 416 77 613 342 381 664 142 34 837 96 845 2 412 191 801 725 777 663 23 298 376 824 736 958 682 638 95 145 217 246 502 210 729 119 817 520 564 281 647
722 63 431 636 915 720 167 557 92 163 513 44 686 752 869 867 582 309 732 1000 197 458 949 885 992 905 290 360 310 146 648 505 644 960 157 445 733 525 817 106 511 509 363 759 164 780 851 462 597 700 980 558 271 372 425 83 973 132 540 320 534 242 267 28 146 335 445 470 914 533 734 734 77 100 551 839 76 131 592 770 328 921 216 438 501 572 214 873 420 427 167 606 307 117 519 637 702 48 572 425
850 362 590 325 189 374 814 456 90 742 956 820 198 496 989 730 692 253 72 247 887 211 33 967 10 565 223 913 570 268 825 514 929 54 495 448 676 760 705 287 604 956 326 281 428 444 152 248 578 901 277 381 152 850 338 121 606 913 91 815 250 38 516 958 689 421 622 738 289 735 47 789 526 314 417 863 489 912 765 156 675 281 601 822 557 498 757 422 537 931 213 244 127 779 366 502 841 320 585 18
932 701 148 896 847 789 195 433 918 468 536 94 467 792 248 270 446 265 579 407 591 809 945 870 543 214 514 307 213 932 415 324 759 514 251 646 233 481 166 28 882 266 915 811 10 887 143 790 593 730 968 895 665 913 395 300 201 433 313 884 365 313 346 153 771 627 562 349 684 284 313 884 887 1000 419 145 750 539 825 419 105 636 449 94 624 862 829 573 989 752 560 929 992 745 610 917 21 97 452 955
450 648 981 489 758 362 592 388 820 248 266 157 862 995 980 106 243 478 110 84 107 897 488 185 8 578 517 245 62 838 2 195 354 355 591 133 628 419 446 760 461 378 253 107 695 13 813 919 1 105 963 700 763 449 336 554 360 102 369 872 873 399 555 280 120 209 464 862 240 485 533 652 754 320 952 919 871 711 998 797 987 917 936 483 729 415 315 814 147 581 580 626 304 586 41 484 402 854 19 126
170 298 435 835 282 423 143 526 878 658 571 398 171 631 291 946 437 65 297 210 675 971 771 3 469 563 309 113 978 427 93 339 112 163 879 407 552 391 144 941 962 301 866 556 885 681 142 581 16 896 577 39 583 747 676 982 522 275 861 104 278 612 538 600 401 480 518 592 634 322 640 142 444 26 132 621 887 768 301 35 356 871 661 781 742 464 839 463 861 630 764 408 571 878 384 699 998 269 944 522
955 692 442 652 7 809 780 302 927 293 159 665 613 19 619 153 135 195 875 330 885 512 766 840 661 916 718 648 316 346 243 320 932 195 475 923 781 770 302 148 189 709 529 898 292 1 759 470 843 859 23 187 906 228 476 977 185 260 10 903 686 784 57 245 543 632 757 785 32 944 911 576 529 611 890 790 867 406 488 876 922 705 536 497 332 575 167 276 358 412 155 279 233 791 840 830 328 398 913 559
604 150 55 478 331 399 109 359 649 262 51 486 265 44 93 385 831 350 839 485 673 861 231 27 188 580 936 485 806 106 335 402 687 865 577 561 608 476 413 608 753 146 64 156 518 824 616 631 633 306 828 328 872 538 174 29 243 556 704 175 589 446 515 654 135 60 388 177 398 530 577 863 488 676 170 624 375 773 983 737 716 720 348 839 782 516 85 66 351 456 480 774 326 331 340 480 843 712 196 363
215 519 906 25 532 587 38 199 957 648 320 173 210 944 479 748 182 502 73 974 323 200 474 173 656 826 937 582 119 675 758 331 532 586 658 267 881 859 636 664 631 795 698 878 411 729 949 34 562 161 867 593 265 402 456 851 844 781 938 353 142 747 528 411 844 751 720 890 344 315 726 483 917 231 819 847 811 802 905 459 628 271 41 189 844 933 779 853 948 515 968 568 745 593 365 408 159 549 711 902
223 317 23 976 711 325 66 41 113 915 720 783 129 931 222 673 826 246 119 200 984 21 445 708 419 744 87 758 711 132 349 340 484 400 607 629 756 678 620 778 54 635 578 264 483 924 566 971 879 74 683 270 519 979 664 670 101 983 628 179 723 899 223 344 675 173 966 506 260 849 725 519 658 950 740 241 714 900 295 790 750 667 325 765 151 953 970 33 533 432 877 34 74 167 796 978 373 324 165 79
19 883 739 199 978 317 595 801 91 177 960 249 544 225 767 241 140 986 299 548 847 345 939 602 75 110 497 447 171 42 550 108 592 101 317 238 228 430 335 891 617 923 597 338 393 165 531 515 342 488 32 503 534 949 314 990 546 553 187 669 488 46 406 965 895 814 37 585 306 156 374 285 721 84 23 989 704 620 270 934 952 952 955 995 962 950 491 136 911 326 660 504 507 336 997 429 302 394 217 673
231 628 360 977 106 576 314 13 567 592 794 16 770 139 337 345 324 1 171 343 777 847 766 720 829 722 428 751 142 0 44 436 786 133 741 424 869 875 63 614 888 533 871 426 97 663 38 501 872 69 208 875 989 63 762 386 600 12 919 925 328 58 37 585 737 633 621 786 19 555 539 787 584 624 997 152 494 223 546 715 428 353 966 509 679 955 965 771 415 672 909 493 186 669 64 30 836 207 832 502
92 879 145 410 265 158 296 758 937 168 168 945 486 740 472 734 152 440 605 215 413 576 543 396 391 771 952 952 956 828 23 763 696 163 108 340 991 985 969 6 764 120 896 933 625 570 310 560 507 197 603 589 861 662 968 962 625 597 649 840 61 666 582 918 284 828 242 511 983 778 363 296 334 974 912 144 371 83 137 703 516 430 819 94 733 934 637 172 966 758 517 664 70 514 377 776 721 991 746 629
545 926 907 530 344 211 812 276 711 961 8 735 464 424 793 759 999 639 58 144 859 707 19 519 138 435 49 132 593 317 108 662 934 223 531 909 146 295 122 855 328 551 63 507 537 255 481 975 548 872 1000 356 954 967 763 643 30 461 548 939 532 109 148 272 537 108 664 910 261 34 842 80 749 510 467 551 116 386 957 621 59 634 718 37 317 838 100 762 388 563 828 847 260 836 499 310 297 239 895 489
298 408 450 549 587 720 450 485 187 116 262 229 886 921 97 513 400 354 795 438 991 171 378 392 398 737 751 196 901 850 354 956 686 762 936 158 649 941 738 913 833 0 25 30 723 502 575 924 472 296 372 219 927 521 763 461 486 783 438 71 953 714 54 201 765 324 172 135 945 888 668 0 1 94 34 476 420 682 659 594 961 207 538 181 773 848 781 274 367 84 687 456 312 589 338 790 100 743 744 336
887 31 742 805 548 949 417 614 815 581 903 280 132 980 114 808 224 236 988 542 983 507 31 281 69 539 446 693 264 127 497 373 379 609 839 563 936 676 811 56 539 596 361 953 446 400 496 255 970 333 183 537 996 981 696 185 705 200 616 406 203 833 739 220 389 227 725 729 363 631 776 255 1 352 48 484 826 534 671 548 300 297 244 6 175 453 845 244 792 283 0 466 906 207 459 263 680 538 484 404
626 25 170 289 739 267 643 572 35 662 770 484 623 325 366 811 731 745 1 370 861 756 461 328 121 371 556 616 9 987 39 317 397 573 106 186 758 709 101 332 810 411 331 200 752 861 963 735 785 296 613 751 8 298 905 124 776 806 534 222 655 662 887 844 643 359 133 24 212 610 970 17 876 166 434 405 109 419 1000 118 608 299 699 584 555 897 927 209 889 388 245 201 355 912 237 104 704 950 246 896
215 237 258 810 668 817 574 65 961 613 816 758 297 890 566 19 56 570 974 805 898 579 696 634 31 781 787 991 151 333 737 520 182 538 632 253 882 186 912 795 404 439 911 449 507 827 262 952 46 320 972 507 694 811 6 967 94 73 778 222 388 267 319 821 235 536 653 303 279 371 465 208 429 33 128 530 447 823 789 92 72 953 232 339 144 464 354 504 942 291 142 117 497 646 800 240 1000 549 418 800
713 912 670 973 366 557 350 328 778 34 405 358 580 214 757 620 389 906 967 534 79 20 448 762 670 288 46 813 622 641 750 520 323 184 573 37 933 973 192 498 102 463 317 148 980 862 991 618 907 301 654 343 743 391 613 568 330 596 865 367 63 563 164 956 973 926 801 51 356 316 989 748 914 497 328 65 759 443 549 992 188 229 427 440 583 369 624 524 853 272 965 332 977 467 697 457 127 765 1 920
753 908 58 134 476 886 172 668 456 774 13 359 66 517 977 954 524 112 896 314 579 992 324 257 444 628 662 574 404 262 454 241 173 402 7 999 375 723 543 616 120 738 772 844 976 799 697 564 266 166 829 482 999 559 972 131 199 672 284 597 934 297 353 917 728 509 939 669 214 395 997 253 852 931 703 370 898 756 592 788 971 254 112 625 249 855 681 828 639 334 850 64 806 377 719 967 241 800 695 344
541 911 863 803 94 863 100 920 586 650 451 143 641 406 469 138 170 247 119 325 751 756 758 331 958 694 452 417 577 62 959 19 409 55 590 530 717 536 940 995 819 480 381 503 959 955 798 957 316 452 743 138 360 771 41 154 321 941 519 748 872 38 637 322 608 991 10 686 157 158 993 93 419 274 998 185 37 275 684 466 297 451 306 812 914 274 354 811 174 310 528 811 123 339 21 704 103 88 966 52
777 793 817 29 395 889 424 137 819 856 96 380 596 746 952 741 275 852 306 654 449 854 917 81 268 78 679 867 505 269 638 657 821 156 793 404 127 179 337 912 494 31 249 441 851 874 996 276 355 58 467 935 740 414 833 969 206 950 505 805 962 644 145 803 580 321 742 950 612 972 581 170 720 818 564 177 298 304 827 625 146 718 546 825 569 105 19 961 757 869 417 311 435 619 553 928 836 347 7 323
503 73 245 977 540 153 340 988 894 184 109 434 602 99 75 516 34 727 581 93 718 732 578 300 909 932 646 677 395 450 421 974 506 998 274 517 945 641 830 353 773 518 921 159 290 632 547 958 299 79 703 589 326 462 509 723 29 195 119 602 833 349 843 807 455 212 366 448 114 231 64 577 451 28 501 598 507 378 191 228 790 312 567 945 803 579 985 594 618 443 835 599 283 797 118 262 935 80 832 902
145 508 123 152 281 815 137 285 200 413 250 964 757 296 374 124 81 643 973 116 934 724 885 726 141 714 64 178 883 678 583 777 691 794 695 687 954 645 763 904 594 459 537 915 240 715 80 421 405 601 48 387 190 422 793 527 403 261 497 967 397 887 372 773 300 382 802 551 435 989 988 317 535 553 225 258 529 179 754 396 471 164 913 292 40 438 424 264 25 772 921 25 661 417 976 749 857 731 332 879
200 835 404 354 688 952 866 342 357 256 758 725 982 894 441 551 864 182 603 706 234 540 439 382 189 792 623 18 992 791 553 439 385 275 29 745 321 400 578 765 594 828 83 354 395 302 384 726 122 321 553 929 603 308 69 44 955 797 92 918 724 367 454 646 275 715 478 549 842 795 720 143 627 422 967 120 924 0 663 857 512 248 937 717 315 49 441 146 332 181 827 950 735 300 861 494 619 580 859 812
76 958 93 206 69 316 781 452 399 923 985 91 499 681 456 148 901 437 302 345 419 258 239 838 793 606 253 369 843 80 661 806 1000 593 493 657 639 599 385 824 468 451 177 111 644 137 672 984 136 239 815 827 743 984 458 256 463 798 430 32 860 114 66 354 52 516 590 553 503 347 516 782 487 304 653 815 298 650 660 102 195 518 39 72 418 764 363 333 472 520 966 236 713 394 2 791 253 59 939 298
105 520 592 57 887 412 99 872 215 563 479 286 273 138 982 47 866 786 428 518 721 106 431 210 877 548 449 657 30 611 33 873 760 281 85 587 521 952 487 140 575 415 205 485 470 494 901 145 165 817 945 129 436 632 944 94 870 429 881 423 97 693 145 608 100 655 250 482 131 961 814 787 734 527 9 78 225 887 88 358 891 559 715 820 888 153 531 605 586 878 466 277 362 279 537 715 822 519 678 542
853 614 5 923 873 178 135 855 232 412 71 254 28 64 511 802 672 881 636 608 993 158 832 715 208 864 59 422 514 432 172 774 290 679 412 875 577 136 625 933 277 795 279 851 707 572 833 660 55 146 726 902 111 627 906 1 935 431 653 813 497 433 330 794 583 980 974 242 329 719 450 516 318 426 321 506 774 568 642 925 287 656 488 230 183 584 808 728 10 715 795 331 176 614 709 685 612 494 323 328
560 415 305 221 311 479 805 211 911 264 228 556 564 167 998 306 151 926 266 772 186 816 795 244 242 715 475 761 904 460 16 404 721 348 85 355 149 860 325 136 834 367 196 359 275 989 736 670 76 36 281 713 350 278 869 777 609 54 480 26 724 573 176 279 388 970 200 969 451 855 205 902 978 672 810 766 209 70 46 705 619 436 710 890 614 172 860 221 244 703 143 702 118 401 61 971 377 830 713 836
928 390 285 986 683 758 249 80 15 27 878 499 736 294 13 953 516 225 589 341 482 368 465 950 956 533 498 588 511 484 92 753 305 562 917 450 269 989 942 860 60 204 735 412 566 376 151 33 826 63 332 638 979 6 919 425 749 319 716 288 752 13 905 696 129 238 552 612 705 66 606 111 231 469 280 524 427 128 221 412 999 11 516 527 111 38 220 884 606 704 685 435 377 275 124 412 31 751 343 704
215 133 720 930 599 553 147 315 71 114 293 684 212 151 18 684 101 445 859 726 302 933 348 116 914 756 538 965 970 459 640 576 599 17 630 209 831 143 75 928 770 100 960 841 666 149 336 677 15 386 574 612 314 449 633 722 166 997 650 172 562 369 473 649 103 664 802 16 341 518 781 840 601 376 835 114 95 214 258 200 747 362 429 367 2 237 542 792 276 960 43 114 488 330 964 501 871 126 677 409
236 242 248 585 557 556 777 781 167 84 223 647 219 481 347 800 797 102 69 599 885 200 197 458 67 571 713 781 709 325 627 284 64 469 153 981 995 639 84 116 834 731 313 553 576 340 249 296 476 468 943 72 665 434 801 939 326 519 866 663 280 197 127 586 871 271 828 924 31 226 780 207 372 66 611 519 940 619 533 578 557 698 281 88 688 406 774 25 896 806 905 476 78 237 190 999 688 932 732 452
228 119 21 99 976 265 269 128 861 263 63 194 683 612 378 451 872 791 107 168 677 915 827 963 628 99 827 913 143 92 643 727 818 764 789 769 729 129 424 726 97 416 751 382 446 993 478 509 894 449 582 249 253 386 657 158 42 521 526 744 626 87 925 729 936 920 849 174 274 174 691 780 461 745 822 505 369 702 74 49 473 794 103 293 799 535 904 405 42 802 838 615 581 394 140 662 218 251 917 894
829 251 461 683 158 389 656 576 335 260 764 277 859 174 246 325 252 932 659 563 897 247 850 279 886 129 788 179 194 398 555 229 644 783 575 828 980 743 394 185 649 809 448 18 489 475 627 903 537 9 294 76 600 734 284 211 248 255 620 148 163 35 675 983 957 581 363 208 923 651 366 780 708 671 969 291 108 377 664 759 836 640 753 521 932 553 755 774 823 755 14 465 847 175 283 249 96 30 551 471
482 70 135 430 961 156 512 705 455 736 473 230 733 678 611 555 105 926 442 188 631 674 104 941 172 792 990 557 301 453 873 405 869 315 631 400 332 679 510 630 809 650 567 236 443 964 978 18 54 727 482 404 439 736 264 902 824 808 705 993 780 125 752 369 710 956 895 469 29 770 7 962 295 527 932 809 712 393 413 636 84 543 255 262 642 464 483 179 963 706 649 999 879 569 818 410 283 222 403 290
50 634 959 986 322 357 123 46 292 448 433 223 638 174 677 459 768 325 759 759 474 699 574 119 70 619 458 954 962 917 629 791 902 775 574 72 530 583 290 664 498 727 371 444 767 277 397 495 28 670 298 391 956 590 945 756 470 667 67 8 244 242 80 685 240 950 835 124 58 945 976 704 795 128 380 618 771 957 337 154 285 836 675 725 250 232 606 607 240 238 117 581 439 49 540 996 523 267 409 184
638 779 576 773 18 944 889 543 797 643 563 196 154 737 564 713 942 177 259 483 512 853 276 869 602 915 677 105 637 722 566 295 561 935 691 649 468 338 173 742 442 871 799 990 931 121 520 141 604 252 79 967 731 289 880 639 727 327 846 416 185 194 73 623 809 975 293 3 872 174 918 781 168 72 375 517 185 624 657 105 468 352 40 265 330 700 885 428 962 202 797 925 503 445 141 552 765 652 481 416
527 299 173 108 296 486 110 214 83 59 958 86 41 693 144 560 543 97 474 781 482 869 463 700 185 489 63 179 751 435 54 549 715 282 716 453 378 491 512 693 249 628 429 859 524 514 186 583 77 38 480 218 77 141 899 549 811 698 230 732 423 149 425 392 574 346 609 233 684 154 255 306 184 372 14 4 938 55 357 332 18 679 631 850 705 703 911 120 437 520 665 111 63 562 670 528 678 254 970 36
809 252 440 586 769 405 583 520 600 89 22 931 531 561 678 49 473 205 348 211 974 477 499 35 490 900 2 535 711 93 732 323 15 785 852 220 569 397 193 807 456 478 102 898 776 610 667 825 475 926 286 420 169 799 876 853 157 826 178 485 811 806 210 817 293 172 169 740 219 185 963 495 307 919 593 571 330 745 409 984 222 431 508 683 376 384 161 408 972 5 64 673 21 734 115 983 516 998 573 78
876 328 787 831 228 551 295 244 700 632 639 282 672 646 593 992 738 195 834 295 324 976 922 768 111 633 296 815 637 245 315 670 712 818 730 870 420 35 794 898 258 350 303 629 640 968 297 523 575 453 465 137 308 59 232 103 885 996 140 606 491 781 639 602 794 993 186 436 926 49 268 846 87 493 990 439 663 217 105 541 748 64 506 893 403 866 945 107 625 209 815 165 346 866 381 751 560 879 177 512
437 665 862 11 131 586 823 317 131 362 858 62 827 403 935 940 325 820 352 205 80 454 865 866 668 108 15 528 327 839 991 187 466 962 449 844 662 127 709 370 202 960 442 319 295 178 18 426 678 616 134 77 569 459 76 719 650 372 25 130 600 777 994 951 161 805 180 458 230 39 243 513 580 214 554 178 457 339 675 841 542 615 294 815 59 227 552 598 186 618 709 509 538 381 733 93 189 934 493 989
927 860 503 2 554 14 463 28 761 250 140 472 425 959 393 624 125 94 121 468 160 597 317 230 309 578 200 340 827 109 249 909 790 860 568 856 966 982 848 729 823 130 135 164 684 944 77 32 760 284 853 664 488 339 540 223 619 225 602 67 263 174 231 515 892 401 199 907 316 977 671 626 981 567 177 613 224 128 394 707 560 635 388 939 828 110 724 389 7 812 293 804 752 29 880 181 943 547 229 838
257 585 85 939 399 198 533 957 718 973 736 724 950 837 285 939 738 537 126 411 688 140 945 308 494 542 576 260 378 479 506 883 705 814 110 649 659 629 48 444 18 472 538 786 3 6 329 573 730 609 920 588 131 65 672 980 393 432 564 73 633 821 914 53 299 475 684 313 478 504 903 610 0 606 188 243 628 866 620 981 487 28 8 108 358 732 129 273 281 607 525 596 970 38 292 998 692 791 813 991
762 33 590 270 804 926 51 660 372 314 199 240 718 262 906 761 272 102 569 101 576 470 52 205 709 128 734 394 307 426 916 890 246 691 239 497 516 60 886 210 832 588 273 458 288 619 902 333 521 771 268 819 623 161 655 60 84 455 434 455 217 608 393 540 875 443 795 578 825 782 438 182 615 820 984 366 946 778 68 135 904 29 574 20 600 677 541 620 477 695 749 537 537 814 38 798 858 398 980 662
399 644 545 103 515 902 739 389 619 139 73 109 130 214 159 805 311 378 969 780 1 365 480 6 176 836 418 37 443 730 298 718 3 303 861 653 406 169 633 308 920 390 226 207 70 898 974 211 609 75 801 42 253 304 875 439 716 652 5 821 859 61 184 396 241 813 903 842 340 603 251 80 607 722 233 801 314 92 101 671 351 946 219 683 881 717 505 867 9 769 900 286 948 704 781 545 912 458 199 700
340 163 219 541 679 86 7 220 526 52 224 754 947 108 648 230 928 223 62 594 898 917 664 617 388 922 703 17 267 125 685 844 267 104 995 723 170 335 579 81 81 885 577 990 724 638 682 90 882 280 630 937 414 975 23 0 36 401 973 449 478 233 358 25 153 646 311 215 424 502 281 525 530 215 867 121 647 632 578 612 143 372 507 693 311 371 525 140 573 243 520 841 481 965 498 840 395 202 471 162
394 164 848 677 270 997 276 892 253 378 483 370 123 593 455 414 574 883 183 337 27 744 731 560 880 34 9 508 502 311 577 767 356 147 57 890 250 122 728 234 676 272 51 24 587 436 424 158 478 447 811 540 989 250 932 224 683 11 753 589 491 622 752 329 914 716 127 669 343 148 174 519 489 89 32 359 453 267 153 301 540 80 932 412 618 618 59 405 351 122 430 613 235 779 426 219 935 749 486 926
891 284 988 456 663 249 90 978 88 438 680 43 950 701 379 557 392 750 705 722 767 343 402 932 4 720 133 79 739 805 459 214 684 120 920 834 890 438 89 882 906 789 38 592 707 604 384 678 593 890 195 192 657 37 802 282 521 610 696 243 860 388 404 818 9 137 307 42 282 516 325 709 149 78 431 234 343 849 825 411 426 343 997 614 50 995 717 309 363 949 898 455 3 114 129 928 50 841 377 669
38 596 428 773 240 606 229 593 568 535 408 58 867 142 549 451 249 687 872 352 5 581 530 526 604 299 185 52 349 195 573 156 264 683 145 30 216 249 107 683 782 856 302 175 238 153 483 253 708 577 628 365 84 596 507 885 785 99 517 414 410 120 758 325 380 980 89 656 305 189 614 19 987 574 535 1000 761 131 485 365 35 770 665 665 439 416 705 582 546 377 860 363 737 476 864 167 172 284 531 961
165 262 278 331 254 353 224 473 761 383 518 895 176 220 548 447 938 556 27 80 548 916 337 504 906 713 973 230 578 75 633 847 551 780 806 538 309 572 475 736 79 824 503 509 90 422 244 143 134 819 974 349 209 757 525 486 147 303 460 242 428 701 704 322 753 437 626 725 709 523 924 891 232 773 613 143 28 46 444 226 413 999 353 563 57 502 317 461 951 600 966 21 404 596 450 7 292 398 340 454
563 302 36 654 325 65 360 774 868 100 364 920 784 217 129 678 767 815 782 965 807 276 321 408 156 325 417 531 615 489 891 157 360 417 907 262 159 584 387 540 630 730 791 415 589 53 228 669 193 36 961 348 715 354 59 741 656 827 849 123 983 519 404 812 231 353 231 164 973 248 358 300 241 314 453 732 508 640 328 864 408 671 730 300 222 874 123 95 886 836 26 181 73 623 531 335 40 491 284 719
149 886 661 855 959 717 759 736 582 683 407 500 534 776 968 243 854 141 93 752 617 43 517 46 983 226 65 458 784 744 921 283 44 983 406 397 637 566 436 944 271 655 411 428 606 14 862 356 614 318 624 191 326 902 719 848 25 240 762 764 287 839 949 462 645 88 990 637 277 18 466 138 106 629 650 500 494 696 491 904 945 902 900 700 341 575 934 549 562 456 567 581 794 8 361 281 812 336 658 442
219 57 944 611 27 687 943 736 270 434 293 620 70 377 441 933 771 894 37 261 723 802 498 967 230 857 503 638 112 988 462 189 431 475 848 978 88 417 708 559 614 280 228 980 553 48 205 80 974 390 36 96 993 465 501 224 327 460 908 155 814 622 125 864 469 704 729 696 308 781 62 524 310 438 468 988 542 138 160 457 776 520 229 700 179 530 348 540 963 14 774 519 447 773 468 458 244 889 85 784
917 133 422 917 382 948 221 804 568 426 340 586 892 949 287 513 343 264 299 883 58 167 550 100 498 94 445 639 446 620 488 806 91 959 865 433 775 22 820 541 110 534 224 562 196 693 308 758 961 829 526 593 821 361 81 772 687 788 194 1 873 185 474 570 644 418 537 327 566 945 539 687 196 913 279 899 298 341 294 946 908 802 414 793 353 626 1 530 114 199 166 37 788 241 10 407 419 343 856 503
321 428 990 18 150 339 930 690 517 463 416 11 300 658 585 174 821 449 216 374 304 459 299 912 78 323 716 892 114 290 977 783 829 103 811 339 370 252 170 570 203 117 191 946 402 197 266 759 378 429 481 110 520 265 75 219 548 521 53 140 934 280 886 607 55 959 706 567 13 644 100 432 526 751 912 261 24 425 170 457 488 668 5 871 299 613 959 87 467 520 186 620 58 577 656 762 258 750 357 132
537 12 342 907 523 976 399 880 72 544 126 455 465 728 462 520 219 386 213 268 276 871 720 315 928 887 232 482 780 448 511 178 715 553 926 852 513 796 483 939 720 578 883 890 668 295 780 656 919 244 730 257 369 956 184 911 940 603 777 417 87 460 588 568 199 537 3 406 729 617 869 53 111 361 728 737 631 192 421 912 566 866 838 653 397 557 504 199 285 294 106 841 872 800 457 447 599 128 38 146
714 262 110 844 321 180 548 287 46 111 377 589 917 400 852 738 753 112 28 797 480 523 165 856 261 418 448 296 749 340 780 872 28 688 270 522 0 829 761 569 697 814 789 557 977 580 930 29 468 969 935 915 302 917 867 187 45 79 707 818 295 869 873 106 524 307 755 154 784 50 122 737 53 851 611 706 643 122 796 737 26 140 945 538 843 503 454 489 926 299 289 52 985 181 91 679 718 49 682 721
545 953 304 864 398 969 785 902 748 400 622 476 452 496 16 666 857 13 622 210 566 140 495 801 872 715 528 122 147 22 771 237 318 328 419 830 31 883 838 631 715 270 293 346 760 967 523 275 20 472 612 428 229 743 892 499 194 654 790 774 50 613 771 188 662 247 659 539 244 112 661 875 628 355 756 946 472 905 652 628 165 966 970 981 284 254 166 120 478 4 112 951 783 250 532 914 9 778 253 520
51 201 340 322 389 493 553 466 791 504 835 760 298 224 896 935 302 379 606 515 547 333 737 344 59 75 889 209 378 958 562 805 453 943 80 636 212 466 501 243 355 923 854 178 684 949 435 613 476 266 583 702 363 722 905 300 649 872 28 258 406 913 666 850 153 213 258 224 195 233 256 395 278 41 728 355 502 23 83 103 904 171 40 759 953 997 181 152 881 372 244 449 470 992 578 842 412 751 935 11
107 523 698 24 43 496 79 94 57 34 651 937 345 856 937 254 106 483 815 11 181 471 187 867 741 732 66 586 680 82 890 291 981 389 443 493 214 365 585 113 544 805 525 845 780 501 297 681 360 73 177 631 866 171 852 166 793 699 755 981 910 997 709 249 137 459 408 599 852 75 164 749 432 466 110 262 258 603 812 316 310 849 244 852 234 717 918 729 197 720 107 269 658 295 460 79 749 411 4 566
642 979 851 292 292 183 489 339 880 242 531 451 800 164 383 818 835 820 984 385 237 606 480 1000 223 745 781 412 889 232 671 338 83 535 611 137 829 847 46 17 156 58 414 792 760 313 140 143 655 108 851 689 770 799 472 922 824 949 586 505 522 739 1 325 768 9 872 927 872 429 741 810 656 482 587 112 432 472 215 123 108 619 568 693 532 936 178 555 612 141 566 619 268 262 331 474 170 70 132 960
528 793 683 992 625 478 475 460 75 577 223 651 754 179 396 985 842 651 815 366 527 688 319 608 203 404 496 820 332 765 2 277 821 604 636 60 484 935 855 812 165 837 829 555 14 239 249 735 80 389 100 923 649 560 945 935 507 281 112 911 590 719 760 736 181 151 857 327 620 545 863 741 562 70 273 11 786 882 94 220 466 574 575 148 859 157 800 896 850 724 281 292 444 400 108 732 514 952 584 435
388 249 541 609 44 95 651 738 189 182 274 655 730 442 624 219 296 93 304 652 782 965 402 480 378 154 765 686 387 302 818 107 43 687 238 533 146 319 376 293 623 132 11 935 484 979 872 402 822 981 955 206 768 665 339 931 137 816 693 4 251 192 44 287 868 265 390 967 785 49 431 922 652 43 330 294 22 473 662 969 861 762 679 789 263 413 898 834 922 374 516 21 377 479 392 329 39 390 493 858
351 355 926 493 384 600 945 701 306 537 545 900 822 495 560 434 124 541 134 26 464 145 720 915 689 176 368 496 362 994 155 768 216 925 105 196 143 177 380 242 127 642 7 733 963 614 843 442 745 786 593 925 889 914 965 643 312 690 83 971 231 533 40 778 199 79 720 531 925 29 924 233 19 716 329 225 165 449 886 311 275 584 430 779 674 206 836 799 734 702 155 977 989 854 739 607 749 568 404 981
154 577 361 322 975 872 528 864 442 59 81 104 157 399 105 907 371 158 277 278 607 215 731 612 178 959 97 939 792 867 522 769 434 151 691 297 963 790 441 514 442 501 385 862 323 768 595 292 987 4 210 215 306 115 707 647 787 714 144 834 816 397 425 695 675 83 28 881 700 355 399 484 68 52 103 852 542 502 319 680 68 37 989 640 492 427 840 886 899 571 758 44 675 6 665 600 283 693 362 412
455 668 320 0 408 279 847 530 574 551 314 978 203 301 396 437 437 877 985 970 911 31 297 501 117 718 231 421 220 369 819 359 615 456 584 99 437 238 604 19 137 418 941 7 227 951 864 645 858 871 119 271 559 897 72 809 800 356 838 489 788 580 549 170 463 92 39 621 76 985 397 219 367 345 434 861 290 994 393 683 783 282 347 218 775 343 719 162 563 337 192 291 488 718 638 445 470 423 456 668
938 785 739 517 795 921 521 899 901 776 479 12 128 623 498 472 937 311 208 372 938 699 547 86 813 822 104 706 213 291 645 555 657 309 480 774 632 432 899 905 66 822 113 289 174 500 675 64 341 55 538 157 292 473 280 824 397 954 517 752 664 908 257 82 225 658 254 280 764 112 994 709 783 961 434 670 249 775 69 116 196 526 147 89 839 239 659 362 526 505 357 637 470 546 558 906 590 527 787 57
628 160 630 404 810 626 610 704 226 219 685 935 718 107 757 621 165 826 826 502 561 91 639 75 705 84 827 817 318 707 194 821 585 309 971 969 62 982 838 691 648 911 281 589 980 605 238 442 191 166 667 507 879 761 342 69 695 111 802 599 395 379 17 810 680 456 663 273 992 467 405 68 384 73 438 384 754 264 380 62 67 160 458 701 647 75 314 656 70 907 417 207 1 880 338 328 376 131 621 662
287 67 261 655 199 959 878 415 705 875 37 672 397 361 857 733 597 107 454 130 835 920 701 679 325 70 884 942 490 388 869 869 208 562 710 847 726 60 997 152 762 120 576 974 628 566 666 570 365 456 394 568 710 190 416 684 480 639 514 236 771 954 664 254 886 623 160 684 628 703 57 149 29 987 97 269 772 616 773 589 750 144 224 724 874 808 638 158 733 145 717 138 528 355 660 587 139 6 669 305
755 154 599 207 515 776 228 923 373 120 766 712 941 491 173 551 245 978 878 176 403 322 49 170 123 568 123 911 736 118 595 374 475 26 597 441 447 984 668 322 303 390 528 32 612 172 955 754 199 796 34 188 766 343 202 35 614 79 554 332 416 179 888 176 308 716 951 799 678 552 99 624 171 233 658 70 944 115 257 47 686 72 446 478 876 318 234 959 390 535 575 183 359 977 721 706 890 893 401 925
128 736 905 162 453 314 660 73 931 105 991 285 56 614 717 450 955 278 814 440 861 469 512 846 594 653 626 43 621 930 903 489 479 679 679 11 69 13 666 686 134 606 690 353 916 370 55 641 161 303 48 657 993 683 473 140 640 34 795 824 337 959 950 494 882 407 875 769 292 312 705 744 560 755 743 490 344 574 912 922 324 444 480 955 940 345 800 262 550 428 911 457 238 683 607 191 52 266 551 428
108 687 800 27 655 933 420 998 461 516 997 487 759 824 419 702 280 580 386 852 242 890 672 229 323 34 145 701 402 807 141 318 730 532 526 786 420 200 461 852 186 147 196 657 149 503 183 258 680 562 664 987 650 737 878 680 914 645 538 273 542 260 331 219 762 21 47 647 578 803 165 815 523 689 344 688 5 504 907 416 470 659 333 714 203 599 655 970 751 747 482 871 890 779 456 264 601 805 327 521
887 850 101 495 346 985 708 626 327 366 742 239 798 871 463 743 379 913 492 288 821 276 498 642 633 581 635 465 425 51 169 977 250 785 361 15 413 230 163 894 228 800 119 121 387 674 712 795 497 685 843 895 728 85 835 158 505 821 533 395 223 339 399 383 927 518 722 354 117 706 264 861 568 856 825 632 389 25 903 655 206 796 289 37 482 59 481 548 446 321 978 201 708 716 783 223 491 344 343 506
633 339 891 88 486 895 717 285 40 478 519 497 535 450 792 453 392 612 752 48 481 581 884 805 886 316 39 819 348 167 877 883 146 291 305 482 323 760 339 420 886 736 80 692 205 949 812 641 919 428 717 443 64 251 354 312 233 148 958 481 625 901 383 361 923 697 78 224 655 64 223 429 365 189 414 329 996 250 20 201 268 608 732 966 151 739 944 12 212 691 190 824 654 248 873 718 139 442 361 854
861 102 926 54 231 290 761 248 223 972 229 258 179 180 906 284 278 617 413 280 262 95 222 714 107 280 555 364 707 866 404 377 572 287 730 903 834 457 618 863 719 934 91 826 602 355 778 833 316 111 15 951 866 372 216 354 18 842 155 580 985 165 602 818 550 785 794 193 355 202 528 361 460 730 316 66 325 391 543 277 126 29 737 628 562 912 599 540 213 11 317 118 519 793 539 820 398 873 316 32
621 696 123 482 384 567 411 927 112 867 798 946 475 555 980 889 976 325 800 677 92 489 698 528 195 911 324 737 321 498 404 541 260 161 810 717 282 865 331 543 669 376 277 580 160 723 116 776 569 648 196 418 861 827 681 544 256 437 995 868 314 39 514 165 266 902 562 473 633 499 565 976 461 322 536 903 659 640 391 950 960 917 191 800 851 17 764 224 188 851 682 784 922 708 885 259 152 810 395 364
336 524 91 337 581 157 138 829 711 206 437 492 443 904 761 737 754 585 891 314 850 144 326 86 125 173 12 663 637 323 912 378 298 304 699 237 937 93 501 730 351 303 645 275 937 257 854 194 336 708 851 730 437 100 214 713 762 602 892 24 244 768 789 559 315 821 537 298 526 380 490 329 319 22 298 930 906 712 904 595 539 696 812 729 813 704 270 182 339 885 577 980 346 291 792 296 478 257 114 308
205 464 427 404 919 246 977 759 983 767 59 651 714 920 254 434 784 477 582 599 942 614 687 694 985 120 244 983 944 588 133 629 672 912 121 802 245 39 966 650 273 670 575 41 337 633 843 544 446 386 876 55 932 231 840 283 561 999 661 283 144 550 0 121 858 367 521 943 691 719 140 171 631 772 107 327 795 538 237 66 54 267 366 328 400 84 453 447 446 203 901 807 899 462 644 98 131 736 993 769
429 528 528 872 515 653 939 300 229 239 902 420 518 399 744 457 645 945 80 654 945 264 175 857 525 151 789 119 29 670 690 229 40 373 658 833 796 820 526 343 515 272 64 764 37 619 9 123 761 962 962 924 521 448 72 662 655 612 736 518 807 257 820 63 107 282 816 691 731 219 0 54 261 440 684 910 681 380 24 658 341 816 408 905 523 919 43 454 474 1 126 553 349 399 683 42 663 878 689 442
576 96 319 755 473 54 335 817 626 593 928 139 804 84 607 522 142 187 647 798 887 79 157 755 249 357 795 907 523 553 653 255 390 70 565 918 814 835 775 120 296 65 83 228 786 937 546 964 432 946 140 294 744 844 4 915 913 116 141 86 418 342 28 738 558 911 263 431 531 450 321 414 457 222 531 805 306 576 56 609 167 492 52 98 822 889 716 139 473 639 895 799 808 664 485 959 357 497 46 306
682 218 52 482 565 308 899 490 356 930 639 636 575 352 473 169 21 110 954 788 696 326 172 634 315 961 615 336 87 696 760 7 934 61 257 766 188 383 142 85 810 701 129 927 630 64 381 816 774 176 167 255 999 784 531 861 6 550 265 724 320 994 183 877 512 131 371 559 206 320 588 739 474 616 584 199 305 144 707 19 55 818 822 960 981 996 948 995 58 333 210 808 20 319 547 254 497 264 755 849
502 746 547 899 147 676 302 923 991 283 995 878 155 166 413 230 142 411 260 174 745 383 770 878 247 876 94 364 823 891 50 92 589 1000 607 813 657 101 739 353 690 68 9 653 46 547 202 977 642 860 334 397 266 33 81 66 176 733 522 831 5 58 391 653 799 0 178 291 801 315 202 12 508 173 270 356 225 829 619 880 537 22 76 525 199 65 422 37 286 73 156 508 111 354 484 516 380 99 207 964
831 377 498 663 634 593 737 737 216 412 521 376 983 852 450 196 701 619 774 558 495 512 312 942 923 659 642 300 180 786 651 853 689 213 939 799 974 584 422 38 795 916 376 990 612 338 988 661 303 195 401 262 830 65 573 442 946 125 662 933 406 997 933 267 823 967 692 761 230 653 576 955 629 115 609 836 79 740 278 756 814 830 548 804 348 565 126 953 455 216 620 683 858 363 509 118 951 61 72 494
381 808 377 818 409 372 646 555 289 787 820 85 512 161 357 323 41 214 683 961 599 396 424 226 264 959 650 787 642 753 621 458 446 512 876 967 281 563 726 14 857 385 34 56 805 243 614 603 24 15 261 624 602 994 395 94 244 654 608 195 808 222 978 717 557 177 550 595 489 533 839 944 400 600 588 954 184 85 997 769 843 615 899 613 956 28 617 895 835 332 881 603 992 344 731 918 896 566 972 142
451 771 565 929 488 819 371 468 740 742 710 601 280 951 136 225 196 272 351 99 672 901 431 160 14 113 928 411 203 173 246 691 780 505 129 51 444 977 817 133 821 336 548 253 709 462 604 261 785 577 424 762 575 131 675 583 684 667 567 390 818 24 224 370 83 978 0 840 735 611 802 242 925 769 526 496 252 788 463 630 484 912 635 47 631 429 848 652 416 772 637 680 902 651 544 409 75 788 936 169
255 606 829 939 4 365 517 714 238 847 93 147 436 113 855 70 506 816 887 578 754 172 254 981 367 507 17 942 52 918 392 235 565 383 257 568 941 859 872 115 515 279 354 262 321 795 580 205 720 782 567 80 982 346 264 497 793 522 789 595 553 833 61 536 602 310 725 638 436 300 894 39 804 399 962 997 931 625 502 284 147 360 354 643 667 853 130 580 236 269 733 873 509 768 320 195 324 677 10 466
760 223 733 68 985 401 142 10 215 335 895 370 214 981 483 639 992 205 223 8 731 996 692 696 132 839 720 537 153 966 186 661 237 293 539 464 899 864 981 412 829 82 183 7 18 737 62 168 69 55 95 416 684 607 57 785 494 762 610 693 925 241 678 223 277 185 437 398 145 96 790 845 138 942 546 281 219 454 522 629 475 825 400 667 203 114 586 762 513 435 356 124 452 887 240 581 7 26 41 249
474 37 510 816 968 741 625 225 269 987 222 389 15 68 449 946 129 43 719 932 928 730 100 932 693 401 648 454 636 893 182 833 310 723 343 671 895 188 590 790 56 10 621 716 922 293 747 51 279 660 264 790 70 402 673 848 892 172 607 332 158 194 192 613 920 314 248 21 178 668 301 846 309 815 415 169 190 313 156 89 889 845 160 623 685 709 717 290 411 491 888 497 706 832 956 283 126 318 962 610
194 895 189 495 464 400 879 250 584 79 504 306 894 58 297 925 832 298 706 545 677 82 213 232 27 195 226 699 569 810 493 160 617 57 105 829 241 847 215 170 266 890 131 14 93 713 114 940 945 174 285 989 7 269 800 828 136 732 644 264 380 324 176 49 699 363 881 486 433 190 101 881 144 606 275 911 794 353 582 694 701 792 691 584 33 654 859 818 624 90 643 340 833 372 676 483 306 221 452 544
480 221 138 813 752 474 142 937 483 824 272 785 500 106 368 206 61 81 977 519 381 897 697 28 875 876 901 477 63 825 691 184 812 664 642 851 654 266 401 510 663 474 263 210 832 660 25 123 694 959 597 3 902 591 432 957 559 96 358 716 879 988 454 369 900 954 608 723 562 886 89 830 50 736 473 16 294 555 957 984 105 645 957 898 800 498 446 894 466 634 120 811 631 267 95 476 210 450 365 386
321 259 697 5 288 649 881 96 183 143 197 572 77 772 204 91 754 923 170 296 482 307 424 425 526 370 230 128 516 964 806 164 72 74 302 970 678 330 24 591 848 755 254 91 109 757 576 751 642 787 692 640 244 440 817 844 3 160 481 535 564 456 182 245 662 498 438 824 166 509 310 612 134 731 981 398 777 806 569 468 809 184 164 308 208 890 64 92 477 696 806 645 458 613 876 998 280 830 408 65
512 324 673 941 7 354 83 222 880 480 402 961 972 245 460 283 390 718 144 114 410 208 463 944 118 191 965 958 266 359 486 854 104 561 141 135 963 547 773 770 346 92 790 777 910 734 593 339 60 878 793 126 650 756 201 57 7 150 581 14 92 673 836 92 416 649 790 390 52 11 739 382 21 650 118 123 767 551 470 259 313 557 204 666 723 463 677 67 8 702 878 268 361 739 765 788 533 927 107 699
80 424 101 968 512 392 883 947 113 247 421 605 656 77 676 583 626 752 118 38 165 639 996 796 97 831 129 688 716 54 831 474 1 32 565 623 40 952 118 951 568 134 737 82 335 899 629 181 121 90 158 953 746 63 676 942 879 462 871 83 500 834 198 109 996 631 26 839 520 629 463 10 444 63 377 31 8 977 121 589 833 750 268 459 244 645 322 658 19 409 359 241 227 274 44 399 52 339 159 18
10 545 810 881 358 222 637 17 16 38 957 496 773 315 762 390 961 436 919 238 131 857 211 818 58 48 843 256 639 697 317 649 648 692 39 341 939 24 769 152 254 900 244 144 163 719 465 573 832 396 515 283 587 975 749 92 362 781 47 101 422 88 876 871 696 804 395 834 28 600 387 259 629 651 633 218 693 176 525 848 936 248 315 187 541 39 68 459 929 728 599 185 953 404 592 586 694 957 856 436
685 878 824 732 535 94 687 791 649 463 222 748 255 454 389 632 460 184 285 254 722 141 107 604 65 764 592 498 43 648 7 165 253 90 494 122 682 60 715 330 557 434 748 786 567 837 216 181 781 647 539 779 29 204 565 470 931 767 48 359 807 285 694 309 933 405 676 622 850 294 276 943 167 664 555 126 831 181 726 915 360 839 741 240 506 792 587 631 421 373 518 496 249 932 764 356 436 978 993 817
238 984 7 928 101 287 758 527 300 335 586 688 268 996 754 404 953 40 866 585 478 554 572 694 474 647 885 598 825 7 811 864 823 403 451 378 587 491 112 527 499 142 779 225 192 156 972 21 411 46 163 812 996 85 628 812 955 43 420 743 909 353 326 363 332 994 228 460 132 988 899 739 425 619 630 130 206 26 514 252 193 662 379 126 666 937 406 641 598 14 709 619 306 799 79 149 438 891 664 940
763 250 551 237 679 190 70 37 609 598 303 477 571 473 439 866 671 656 903 785 262 563 107 200 94 348 573 697 185 732 819 44 255 180 724 578 465 112 831 224 824 295 608 327 884 604 688 161 852 797 239 575 526 710 789 916 181 294 27 93 892 717 973 611 788 153 52 7 895 452 329 399 788 358 750 513 149 157 943 181 367 839 779 385 753 150 226 419 55 605 695 349 972 538 874 185 625 732 726 865
762 274 938 528 187 690 812 677 692 83 907 625 341 344 397 961 645 654 159 765 47 93 931 325 992 770 871 253 335 778 340 643 667 31 947 25 993 424 950 163 236 769 109 173 894 948 46 614 873 557 916 500 659 846 323 602 869 682 890 711 449 881 730 173 261 347 417 210 444 978 893 801 495 420 24 970 739 551 738 188 945 999 554 323 963 972 40 118 371 366 639 7 612 519 428 719 623 539 478 457
820 775 411 335 788 286 826 767 401 114 558 506 969 790 404 68 628 885 852 517 809 377 266 625 624 371 471 259 276 695 274 748 169 527 163 909 617 876 626 526 31 381 609 161 928 134 598 247 339 916 975 25 399 174 832 252 450 600 358 784 281 426 300 386 280 63 862 91 563 283 620 941 404 946 524 240 230 917 156 122 655 403 747 164 623 292 466 61 681 652 527 463 618 334 484 375 111 504 329 717
20 159 765 642 837 571 847 863 108 609 781 500 563 907 592 204 225 315 624 182 191 343 545 541 894 375 774 813 808 140 220 896 223 662 983 268 285 918 99 728 804 401 822 326 563 668 763 102 962 67 686 431 772 585 183 541 469 446 290 171 113 968 70 652 198 835 617 173 984 106 221 518 823 542 840 701 960 786 697 148 57 497 574 876 14 226 137 444 688 985 181 475 217 692 276 997 644 548 200 586
807 37 647 956 800 16 553 502 560 287 274 45 4 341 291 692 652 856 936 748 234 574 425 969 613 684 91 314 227 87 524 130 384 955 287 42 368 892 808 702 865 253 170 850 895 469 715 300 899 74 671 245 489 529 900 200 552 945 545 340 241 597 428 18 252 809 77 625 84 417 654 324 393 854 811 364 951 50 543 692 349 574 168 654 892 880 371 974 730 634 315 171 155 189 151 832 310 412 7 706
406 637 762 780 298 272 481 271 631 747 733 187 859 355 306 486 814 3 333 951 182 737 352 873 428 759 515 935 382 5 132 302 873 837 874 331 972 2 676 252 980 840 680 124 933 864 96 969 115 578 33 495 287 807 453 571 530 872 771 855 201 395 956 217 922 460 401 237 136 907 670 137 390 671 271 616 32 219 859 687 567 228 619 702 714 740 765 939 447 531 897 974 956 353 532 491 361 693 295 847
539 906 828 243 720 342 640 347 205 996 28 985 695 416 237 750 710 965 911 568 236 503 257 286 623 61 566 130 434 520 832 161 219 404 456 856 488 466 511 456 832 193 459 482 977 106 861 731 374 1000 365 449 82 251 815 117 81 990 369 147 575 253 657 973 184 82 974 464 381 177 937 918 713 637 646 406 412 392 489 51 319 674 776 257 378 241 287 368 124 673 743 868 722 732 994 76 622 177 570 275
544 468 373 248 44 105 99 154 724 56 807 207 701 306 106 44 901 722 64 569 939 553 613 489 735 144 205 573 388 598 813 61 180 909 436 963 330 839 973 768 980 160 389 36 731 611 222 997 118 795 435 7 100 365 461 727 768 482 106 532 982 431 753 833 355 404 195 116 159 334 315 915 541 531 365 563 9 354 871 31 368 650 835 142 426 835 362 250 449 342 148 999 244 778 679 865 92 673 40 811
761 222 426 134 696 215 596 181 80 891 767 861 584 621 199 621 520 324 356 669 842 702 373 516 440 568 443 203 648 217 191 479 285 663 494 1 278 667 120 405 790 420 601 586 78 185 355 570 530 779 658 366 262 328 467 136 683 937 663 839 219 392 94 914 351 211 343 417 370 900 285 465 706 22 751 501 463 217 242 404 209 362 204 741 136 566 603 154 730 520 184 995 131 501 19 129 687 255 371 209
105 301 678 564 649 783 88 621 493 154 278 820 288 45 323 178 45 359 611 321 611 962 655 750 451 109 520 900 626 434 41 201 298 241 508 82 946 773 492 142 618 782 618 516 994 120 817 47 881 839 706 621 322 583 197 415 542 48 581 553 440 431 569 470 455 874 466 708 988 445 578 949 154 455 703 888 564 566 777 407 481 276 933 870 34 796 509 284 504 34 272 376 930 482 124 234 665 261 829 357
10 587 613 909 964 25 705 968 221 353 46 577 637 123 968 454 414 629 934 995 979 675 847 311 398 142 788 842 19 60 826 171 552 505 446 125 370 437 559 104 194 695 933 377 238 220 841 497 902 926 433 364 519 924 149 858 536 833 275 546 939 375 851 153 667 592 863 174 776 865 645 241 884 435 714 628 821 737 425 178 456 823 225 105 590 329 461 155 196 359 387 65 915 6 986 456 174 241 908 4
442 424 822 725 254 877 216 44 378 523 941 341 665 18 849 889 9 382 991 914 391 731 394 214 487 811 514 159 352 897 212 879 639 13 75 192 897 773 81 667 161 181 819 709 446 455 151 708 624 551 681 548 344 369 888 918 18 75 969 476 440 380 334 507 844 892 734 915 618 121 821 711 576 962 826 644 489 826 340 628 606 801 134 704 418 538 732 248 694 279 413 625 859 439 332 822 442 671 997 409
512 635 179 692 194 901 426 471 925 517 330 299 632 538 1000 478 402 861 995 6 394 807 955 833 346 146 290 636 90 840 10 954 350 393 987 260 989 52 724 707 547 992 398 404 299 865 948 162 940 607 295 895 199 33 385 859 150 325 598 967 796 709 50 612 87 934 553 144 135 551 818 517 704 546 98 354 708 511 829 880 166 622 659 321 581 476 0 368 894 673 675 767 312 634 549 913 751 642 483 822
274 626 116 450 975 997 465 382 369 816 701 554 913 952 910 910 442 186 465 621 992 412 707 157 672 610 230 693 893 216 205 589 884 77 76 483 433 310 308 555 923 155 406 841 329 9 181 789 421 723 796 649 518 182 771 665 492 516 948 356 455 354 487 823 708 539 268 832 47 291 138 43 108 241 730 370 265 489 636 78 574 944 744 206 57 91 757 636 661 63 35 593 10 770 570 833 88 102 977 439
7 446 273 499 62 309 337 948 369 452 134 316 841 961 386 23 807 596 936 183 509 32 805 686 109 441 803 523 705 669 355 561 663 273 842 131 972 627 821 496 633 132 94 829 266 446 92 381 471 540 538 493 740 555 591 15 740 567 640 621 182 453 23 500 897 241 134 860 862 917 532 166 556 221 440 766 912 681 758 801 472 439 837 700 500 543 901 424 614 887 700 742 420 584 102 171 6 570 691 855
751 92 219 776 236 516 103 841 936 247 583 743 852 575 317 196 167 532 357 246 809 443 221 198 256 242 225 728 331 250 294 322 873 658 202 27 996 143 725 977 411 373 46 90 369 418 876 666 734 787 677 248 443 913 175 686 151 732 115 237 519 751 791 991 896 956 963 852 237 377 481 727 921 45 917 408 952 967 798 564 365 658 448 721 562 756 20 984 940 1 478 246 300 996 472 416 977 702 870 828
121 526 512 359 307 518 705 780 68 36 757 507 230 374 908 5 372 991 361 669 204 125 669 764 963 177 681 916 885 761 926 640 970 232 328 17 339 135 927 989 990 674 822 786 130 606 160 355 585 531 953 540 215 857 571 711 742 303 723 917 313 641 368 511 873 352 81 758 692 177 530 976 511 456 57 448 393 130 917 227 378 969 964 975 753 167 11 185 722 682 399 47 655 165 893 89 359 931 994 516
335 944 667 434 98 639 992 391 814 882 461 223 132 985 656 553 470 603 524 277 296 371 1 359 607 516 625 493 987 59 316 306 936 907 260 851 797 370 636 242 439 304 112 966 863 870 840 876 736 583 932 87 269 40 733 286 677 288 282 26 396 504 762 859 869 659 35 780 332 166 377 724 510 844 384 515 408 559 142 935 960 906 628 491 971 242 813 446 93 544 742 842 268 62 510 262 962 489 485 893
810 711 307 307 873 943 653 924 556 628 167 772 896 725 935 750 846 626 795 320 590 84 303 587 671 120 842 726 128 211 262 660 28 19 822 659 531 579 635 184 553 201 945 789 469 631 19 307 909 105 954 412 231 47 119 920 865 76 413 123 233 294 25 813 135 260 211 90 910 26 861 982 826 410 882 355 151 962 982 836 527 220 359 117 237 994 51 979 39 636 989 629 121 721 21 716 665 990 791 554
111 823 812 908 872 811 896 121 439 223 425 272 643 477 525 295 822 242 951 445 126 304 590 776 629 886 640 731 178 587 278 129 425 334 496 968 716 176 127 735 971 636 656 697 385 488 30 400 151 824 479 507 99 539 834 799 530 840 191 976 518 25 944 587 816 166 455 380 908 636 145 330 427 387 93 379 116 366 369 387 908 773 1000 331 631 548 1 240 262 522 199 914 301 748 253 795 207 279 957 594
275 611 766 307 267 209 580 309 265 233 173 73 480 649 718 300 335 320 645 0 19 420 315 787 121 502 913 401 710 202 823 179 897 311 905 345 557 741 219 714 71 722 336 704 115 296 156 370 949 331 470 742 834 758 895 627 388 185 692 625 144 614 728 646 518 937 864 751 342 473 213 547 139 493 384 898 183 99 316 324 534 245 487 172 906 976 538 442 958 805 853 993 854 396 533 564 790 830 515 917
741 383 377 464 839 746 933 323 886 984 667 362 432 696 513 193 553 942 810 258 887 972 744 976 53 938 935 202 463 438 740 529 139 738 639 940 420 275 842 210 156 545 565 266 538 265 12 439 307 339 837 42 726 733 902 95 215 635 377 480 841 88 878 640 84 874 410 611 168 733 589 32 79 865 215 235 354 649 550 468 60 299 805 599 919 953 55 518 870 326 552 109 10 420 449 586 889 628 91 484
705 47 422 819 872 467 983 675 446 265 421 695 335 342 608 913 212 822 463 939 236 661 84 110 986 931 706 497 433 391 916 728 896 534 411 1 83 716 356 50 544 235 51 719 161 83 154 834 29 921 978 23 951 358 629 486 388 965 762 857 123 480 15 71 455 413 367 119 147 953 688 202 693 143 703 663 511 64 558 228 447 46 923 252 411 179 277 643 609 8 943 631 804 482 518 583 556 143 231 147
938 513 4 576 418 329 361 445 174 779 85 861 73 847 458 733 858 302 85 415 592 886 592 958 190 387 693 179 961 707 71 818 577 529 450 983 653 530 769 792 629 305 926 63 241 648 502 762 797 306 25 786 977 978 400 23 663 972 786 169 659 452 30 958 247 88 142 511 801 188 467 236 264 94 55 873 150 87 329 413 68 157 103 670 84 247 763 813 412 554 261 91 79 494 899 672 755 334 538 69
245 962 827 209 357 28 397 478 454 467 545 953 272 788 979 835 755 523 224 613 293 518 613 186 326 258 140 856 868 193 450 738 721 310 133 209 751 1 621 56 157 918 412 902 68 919 107 159 53 126 536 202 246 534 767 878 941 317 922 294 801 245 196 29 966 487 710 709 951 144 36 770 584 217 662 751 322 457 873 793 210 174 202 923 761 322 324 472 676 848 610 716 592 803 616 19 928 885 815 325
376 60 0 394 117 528 300 355 471 892 303 251 226 1000 296 18 143 250 204 118 801 934 757 51 235 481 712 63 663 839 193 702 48 36 190 485 955 415 3 377 791 857 247 305 649 375 641 750 104 396 675 947 84 567 855 423 800 854 21 320 903 651 665 366 458 696 291 776 790 281 655 997 720 993 848 809 653 361 430 742 972 339 709 133 127 30 443 350 834 347 12 39 383 905 202 655 637 63 785 201
87 22 409 157 39 899 30 513 706 785 819 127 959 744 955 935 300 983 768 608 530 491 635 319 995 943 796 261 839 244 272 750 319 894 111 867 731 292 490 689 266 685 210 812 68 347 669 190 394 558 641 367 876 71 933 33 881 378 462 376 531 497 392 643 563 137 194 293 253 794 152 296 913 201 797 6 134 940 444 297 389 650 212 491 182 419 309 31 415 471 92 266 222 777 329 545 232 532 826 200
159 561 571 489 338 945 177 451 280 353 70 911 899 698 766 945 38 560 640 612 95 521 892 482 707 318 701 531 134 181 707 255 724 324 166 308 575 914 999 114 254 197 204 883 812 223 65 871 180 511 692 14 315 0 102 605 240 621 965 706 590 295 63 688 764 538 646 202 269 560 767 773 878 259 355 525 797 209 945 128 363 641 235 678 671 270 230 838 65 605 980 479 140 1000 819 332 142 784 422 780
271 421 902 51 640 31 884 373 779 925 212 905 275 198 138 944 889 31 685 433 136 400 391 128 357 45 595 611 658 770 512 488 223 684 251 566 490 782 709 18 958 695 174 446 106 561 84 97 522 541 84 801 348 871 803 254 873 286 253 717 805 885 134 823 863 933 60 744 998 413 562 360 462 636 537 173 334 218 103 62 897 842 394 334 238 136 264 354 237 601 48 364 651 987 109 379 141 961 291 184
852 701 880 0 597 805 650 93 581 86 607 566 168 549 815 655 512 848 432 970 221 578 10 658 632 824 320 131 646 253 503 69 840 164 907 50 721 727 147 926 397 209 717 604 738 109 828 522 274 732 213 354 809 7 711 833 595 67 655 3 128 154 970 165 548 869 323 495 796 59 268 403 123 57 491 919 272 969 118 933 422 693 621 354 215 753 823 507 672 561 711 387 735 39 296 375 769 622 954 810
665 415 398 956 269 612 996 909 329 439 935 548 717 857 655 270 708 553 409 277 720 560 75 387 241 288 613 733 578 305 64 204 919 568 529 185 417 448 781 912 612 310 23 566 334 591 610 68 171 75 266 674 497 225 553 180 170 590 892 80 404 135 924 3 517 440 811 267 224 813 140 903 259 236 857 438 426 16 986 701 335 618 78 64 719 938 334 943 646 911 897 916 364 879 213 437 576 602 132 421
823 583 806 960 654 163 152 38 628 835 415 498 338 172 265 701 989 920 78 731 732 818 330 975 389 97 52 595 581 823 65 469 82 320 13 271 437 894 159 561 33 851 959 536 860 914 588 246 748 448 110 776 917 427 50 463 800 464 641 63 594 377 122 265 119 755 234 391 647 377 597 167 724 483 984 371 291 412 966 523 492 320 680 859 494 218 455 154 465 482 516 100 980 547 143 511 60 673 370 33
806 762 258 485 563 73 176 91 818 796 533 844 754 509 779 542 10 333 189 753 723 531 990 254 90 60 382 898 288 169 237 209 623 275 270 940 579 723 207 380 968 1 406 611 266 886 473 912 637 614 61 741 704 604 189 951 353 515 611 30 138 564 778 784 917 830 171 163 829 292 21 317 435 502 627 111 151 679 895 787 104 186 299 985 570 974 3 544 782 653 50 512 526 45 276 818 902 57 611 1
730 644 75 449 828 19 696 365 353 439 771 394 120 927 932 516 115 725 919 217 528 505 203 874 960 794 997 840 212 191 789 171 385 362 321 820 892 982 609 96 731 766 965 151 611 444 732 81 323 9 401 523 12 29 82 564 291 893 948 758 163 200 724 769 909 873 174 254 107 230 398 976 133 729 647 602 943 174 183 268 122 217 416 295 276 769 789 726 573 1000 822 767 358 214 469 635 324 269 62 813
206 792 666 719 577 110 690 812 797 468 979 68 378 828 896 966 902 664 804 285 466 90 930 3 431 161 762 99 129 297 726 580 493 438 327 654 961 940 386 846 5 165 48 166 955 933 228 597 958 252 131 204 976 181 368 799 241 643 824 816 880 664 926 864 158 205 757 968 483 830 662 447 309 33 877 135 430 99 954 888 463 614 771 431 241 236 462 739 65 166 172 168 373 348 40 685 910 32 744 897
13 48 320 611 412 323 332 26 855 289 884 153 86 842 824 479 733 653 723 733 111 448 451 80 37 281 843 774 783 845 16 254 785 697 663 302 784 375 808 12 20 971 256 399 177 263 366 628 479 403 325 893 142 199 391 355 815 754 833 94 269 852 641 249 7 766 317 358 294 266 296 186 174 800 591 677 684 873 392 491 977 699 228 28 418 826 495 66 681 86 908 566 324 987 806 84 526 529 409 495
885 794 239 141 756 668 457 36 855 499 121 193 30 765 63 968 735 502 132 805 496 980 446 687 301 598 766 863 460 122 142 176 769 443 149 782 889 201 429 369 368 603 56 642 531 938 502 518 356 444 522 642 826 641 413 986 20 241 659 314 786 254 867 465 346 337 247 952 267 211 610 875 205 337 513 165 406 1 799 556 692 177 861 734 999 316 732 929 651 145 159 505 484 230 0 332 398 313 367 178
408 407 579 196 342 723 125 356 239 990 738 324 501 76 214 212 258 914 913 581 407 398 23 84 364 34 750 764 244 742 152 192 589 265 746 937 861 645 308 886 786 427 929 95 316 638 531 652 791 535 853 658 851 229 852 630 4 110 192 908 730 147 27 799 902 703 57 836 107 748 692 270 253 580 828 864 498 335 952 687 893 27 683 363 384 688 949 737 461 730 256 762 378 512 453 912 616 661 297 447
910 164 740 92 149 742 536 968 295 567 171 164 228 294 515 486 744 167 690 851 824 582 55 206 281 84 915 555 524 876 675 870 410 341 731 937 2 953 826 187 49 58 893 422 137 636 356 708 839 81 629 570 50 372 303 239 949 569 536 220 229 829 908 168 460 743 504 869 616 824 272 308 442 659 823 763 865 1 937 334 154 148 611 251 245 298 593 213 132 414 187 599 194 718 240 443 279 151 628 350
890 694 464 975 574 733 752 149 945 994 513 256 68 750 794 101 129 744 79 764 884 125 401 976 463 418 840 815 486 967 761 13 228 490 115 396 677 118 450 674 41 390 475 243 298 604 602 111 323 340 105 383 55 498 775 237 649 136 204 785 970 349 507 142 490 917 241 881 485 345 119 189 906 737 776 153 332 766 431 344 279 222 825 690 950 837 27 767 604 1 895 683 386 116 705 412 511 454 502 74
334 236 668 865 515 107 525 73 264 267 372 948 424 612 158 130 922 716 124 143 424 702 634 14 796 865 939 879 903 413 456 909 121 892 539 133 679 718 629 554 413 956 670 387 67 839 270 270 330 224 431 415 174 951 930 1000 727 344 929 262 27 704 797 80 747 456 685 316 215 76 251 83 261 70 641 101 999 741 906 43 187 428 246 101 983 215 46 41 64 972 865 853 126 111 853 788 631 591 14 140
22 135 769 203 274 828 643 121 706 423 49 654 619 358 909 583 608 755 772 927 570 760 91 385 954 235 357 513 495 458 459 496 263 217 948 465 301 952 346 568 118 147 194 212 746 605 173 708 566 493 251 438 647 418 595 930 519 30 689 938 783 666 752 260 477 164 736 974 163 22 999 254 292 190 376 579 645 984 987 519 744 813 836 915 676 512 515 895 32 977 552 999 991 792 497 612 792 480 796 216
81 222 52 410 72 467 459 715 297 670 369 734 822 411 758 819 692 223 154 656 402 315 822 429 744 266 719 661 296 209 947 634 36 690 759 17 281 952 853 750 345 361 439 946 276 97 495 619 11 606 705 402 124 665 518 314 472 775 980 916 789 891 285 132 661 744 109 476 529 888 386 336 611 439 501 659 596 689 49 241 681 504 218 394 860 800 430 155 61 215 916 400 882 449 922 130 306 717 893 232
56 83 926 680 251 988 772 752 737 7 683 178 729 778 272 712 151 701 123 285 916 969 479 34 350 498 519 266 287 397 801 356 962 632 711 502 298 51 609 93 125 471 899 488 462 323 191 981 577 269 425 685 817 318 479 784 198 683 493 333 92 501 615 44 408 974 402 100 971 1000 21 645 490 745 501 605 663 49 662 263 770 360 154 253 817 566 625 871 819 462 178 668 128 566 773 914 3 770 836 969
826 740 173 307 733 658 532 809 382 571 944 839 731 761 2 50 510 581 56 295 216 897 698 685 542 539 160 936 437 807 441 211 792 233 438 333 840 451 359 132 905 775 32 648 275 823 312 875 989 155 723 520 36 148 452 937 748 172 182 764 929 684 68 310 168 321 349 804 31 469 511 490 75 558 143 295 32 478 140 318 805 689 642 519 815 784 641 560 506 711 876 276 700 282 415 554 106 785 895 555
627 268 45 842 284 775 611 747 889 777 842 662 606 941 690 175 545 841 147 421 88 68 728 640 490 990 161 53 152 469 649 821 28 144 292 401 150 44 942 139 736 602 529 773 613 619 270 560 784 875 931 328 950 167 676 941 923 389 814 678 963 497 447 420 555 473 168 107 847 806 967 612 568 395 833 813 224 439 938 902 669 657 545 981 176 302 138 292 554 434 629 704 847 229 76 602 165 481 928 723
907 697 596 750 356 528 866 945 323 783 721 828 294 547 998 990 806 499 109 431 60 629 390 943 550 147 314 400 366 389 148 642 175 291 279 259 116 858 66 931 417 608 950 867 584 205 24 478 66 45 986 410 313 92 723 774 695 261 249 495 399 281 769 269 574 759 628 303 519 847 900 469 138 930 603 854 485 864 157 881 956 35 284 944 943 671 975 756 203 464 293 5 220 198 210 964 942 561 355 209
614 421 490 234 529 148 550 936 804 795 383 131 244 328 387 143 202 187 193 965 393 41 511 771 167 467 366 557 286 700 992 161 945 581 665 243 73 249 323 511 254 82 875 822 983 594 831 815 848 350 207 737 289 734 257 945 207 590 359 949 317 498 453 577 543 51 28 642 499 739 540 202 671 337 562 72 438 975 347 566 129 298 545 464 345 924 406 929 3 182 609 51 9 76 64 113 747 748 935 328
522 784 415 221 3 617 367 985 650 833 948 126 216 558 547 401 668 323 939 396 403 999 545 230 158 942 159 513 48 806 51 48 171 844 959 995 250 787 331 747 691 631 213 250 516 330 906 267 835 532 724 493 6 100 175 377 834 587 268 475 590 584 332 101 868 768 27 268 754 854 95 650 652 405 945 74 649 505 843 555 850 966 55 758 281 390 150 553 234 140 670 176 543 236 282 409 742 812 882 878
733 192 151 393 162 450 334 649 336 194 133 926 985 769 22 481 830 984 71 725 783 963 32 122 7 198 761 628 896 592 151 119 961 913 28 730 280 538 547 532 261 797 262 430 947 173 971 184 244 690 55 430 444 568 931 421 128 888 699 545 551 914 542 593 282 647 140 152 598 140 331 421 442 161 181 404 661 542 977 115 358 460 979 61 876 714 71 527 597 423 225 30 560 884 543 134 775 864 841 476
537 361 76 519 917 904 967 439 571 711 684 544 787 285 916 402 289 737 160 843 863 566 893 947 455 588 119 275 983 41 975 341 23 603 924 343 427 564 786 459 560 726 749 445 929 551 8 873 448 459 941 273 531 63 272 790 363 51 197 709 420 905 498 249 631 843 520 56 207 305 343 575 808 988 750 988 381 246 6 9 570 465 363 564 743 490 949 815 612 55 399 172 916 615 441 890 525 36 634 706
661 191 127 251 992 974 760 144 358 619 641 528 717 737 958 906 9 136 176 853 222 180 998 935 904 858 748 427 372 204 627 221 465 799 361 405 783 591 853 586 94 505 451 982 335 171 821 654 541 975 679 447 604 163 511 680 767 916 542 1000 847 305 165 648 695 252 558 339 130 937 661 743 958 293 679 180 365 494 176 605 583 53 548 919 873 582 990 879 70 948 395 704 797 823 829 41 543 425 729 140
953 706 525 273 409 970 638 998 544 836 100 833 990 460 714 245 605 241 546 295 403 207 205 230 168 683 946 812 818 999 190 142 315 469 760 673 971 619 579 745 181 791 946 109 201 287 246 545 606 844 208 823 383 245 213 951 377 771 938 858 216 844 996 602 446 914 374 884 173 181 620 309 573 848 551 446 474 20 424 994 337 747 651 507 69 224 441 649 401 741 435 99 973 300 405 455 647 269 984 932
813 178 523 23 872 114 903 471 550 769 810 442 138 147 750 106 634 926 654 231 866 419 770 638 727 0 440 414 98 319 361 137 61 745 58 252 971 553 303 965 183 494 993 872 975 466 708 737 701 456 78 961 607 569 958 316 939 350 779 11 606 792 617 319 362 954 276 996 595 50 303 997 94 581 776 943 784 146 809 37 471 849 107 711 962 590 403 486 328 206 756 617 499 981 308 756 874 729 751 762
788 897 120 362 150 747 893 815 257 143 411 629 588 665 925 779 660 133 623 805 900 354 479 779 136 147 940 581 496 650 177 818 660 493 497 171 208 778 770 456 197 282 255 586 525 802 344 122 11 407 350 270 429 302 266 166 703 244 520 222 706 129 143 197 129 886 725 461 312 32 270 99 726 596 914 171 333 871 771 620 866 642 502 511 346 538 18 343 19 189 838 572 414 668 534 311 303 138 640 267
832 688 672 625 10 395 327 792 190 746 684 607 950 221 422 159 552 724 477 675 542 718 13 721 879 971 654 950 37 552 772 182 593 209 837 198 679 375 848 468 249 243 205 289 213 219 265 996 101 23 251 392 121 996 934 1 579 182 972 7 403 775 897 951 508 321 736 306 423 837 557 926 82 450 425 230 924 167 864 769 923 15 545 907 816 949 51 948 29 288 943 418 802 674 102 871 255 898 852 863
345 976 585 477 337 102 173 734 400 348 227 222 56 976 37 366 590 664 630 389 450 965 699 354 2 87 962 502 868 326 803 792 917 774 247 69 374 162 869 353 840 938 901 626 100 326 892 27 274 977 125 582 714 630 167 975 655 905 711 497 175 354 173 127 248 557 989 100 250 629 861 293 231 681 912 961 589 56 27 551 453 327 937 962 443 339 822 29 681 99 405 110 688 190 955 801 757 331 84 729
440 469 22 634 168 365 928 47 284 739 43 819 8 586 348 717 890 86 779 184 797 909 621 749 280 562 259 113 647 433 923 644 50 456 400 661 619 686 419 555 94 252 891 132 733 731 287 371 320 58 400 90 788 467 508 460 760 113 54 170 848 184 244 720 647 138 222 471 105 719 5 653 896 882 306 76 875 138 256 526 235 28 624 535 232 169 458 8 138 537 996 340 512 198 930 929 939 128 687 339
394 543 535 598 837 130 584 851 380 226 408 639 566 251 248 270 455 734 703 371 201 80 502 467 545 446 957 278 293 69 933 923 752 527 741 827 949 698 461 30 887 1 897 900 235 623 403 684 140 997 322 363 997 545 590 979 663 728 558 255 645 751 33 851 151 272 693 442 806 197 299 462 371 711 346 4 632 298 441 716 392 535 938 187 275 167 877 907 690 913 655 814 589 401 483 752 448 17 969 471
289 970 675 929 948 10 472 837 690 575 109 30 443 336 878 632 895 782 529 74 122 181 355 626 949 605 146 907 470 582 779 304 944 38 593 927 343 485 735 312 449 796 835 547 358 333 623 992 517 673 124 663 379 363 786 270 149 241 474 90 463 523 153 398 721 420 940 227 145 72 335 520 974 490 8 35 797 594 290 213 110 285 783 356 992 258 967 89 805 757 651 765 313 171 4 251 982 489 371 178
488 170 536 881 78 254 88 652 56 429 759 14 678 375 729 433 972 575 556 596 436 22 244 446 764 438 40 673 431 193 636 467 58 57 445 92 926 716 449 30 894 921 433 215 549 729 722 475 298 693 304 708 377 383 83 498 533 871 636 986 985 483 851 499 93 312 676 469 565 218 933 116 688 337 527 297 890 367 946 682 760 982 839 768 706 982 484 308 511 564 98 913 957 223 667 70 467 754 528 952
78 691 29 35 954 689 360 0 919 244 189 899 160 308 820 686 50 479 223 902 834 808 185 172 830 240 772 681 346 195 88 30 901 144 587 169 700 527 708 145 4 154 57 253 900 201 464 18 571 349 740 916 377 133 832 940 931 871 713 246 312 887 603 429 761 910 541 99 502 508 160 863 964 945 803 226 112 832 367 754 122 486 613 314 991 805 663 591 355 935 826 604 415 172 540 536 509 583 838 749
497 206 630 907 305 761 45 700 136 9 318 382 844 45 733 600 718 548 176 559 263 469 292 382 425 546 814 409 25 384 171 596 941 149 531 171 955 453 519 79 174 339 451 907 380 145 203 197 194 256 818 585 726 369 721 668 23 833 663 842 514 929 916 268 410 709 396 454 881 378 3 41 539 2 434 246 688 600 750 238 316 251 782 447 619 90 307 151 104 109 407 665 779 39 419 813 561 385 563 387
950 923 153 958 458 139 903 16 732 398 957 219 622 413 14 900 990 414 151 770 798 244 930 814 222 934 838 193 853 510 581 493 132 77 274 598 129 548 62 890 909 923 68 713 396 911 526 662 976 742 277 84 420 504 500 235 541 135 376 761 320 873 297 537 78 488 275 964 901 707 784 489 713 506 963 317 964 213 267 78 926 950 690 821 270 516 504 278 452 518 475 690 821 414 343 353 419 465 400 386
830 873 11 498 838 427 401 587 178 319 206 194 259 456 433 622 849 520 811 531 80 122 401 628 449 49 850 350 399 212 685 708 262 131 116 486 846 904 239 786 383 446 846 889 648 784 222 375 371 202 83 159 560 874 446 309 106 164 404 765 137 857 114 472 20 539 818 724 601 442 145 102 824 408 442 983 384 932 920 848 566 978 876 948 704 244 716 581 315 37 858 686 888 875 456 553 614 974 529 8
59 898 615 476 200 720 422 552 377 664 413 131 900 217 977 560 904 94 235 190 488 335 827 481 722 854 136 159 194 258 810 201 930 171 186 294 223 965 847 126 469 158 943 963 527 541 701 32 384 430 424 173 997 31 872 390 568 545 342 875 648 87 438 847 947 208 220 498 31 100 162 444 469 553 767 27 953 929 57 386 290 509 775 683 686 933 169 352 491 100 292 988 760 360 809 185 46 282 598 155
514 190 240 446 177 858 161 94 329 771 160 233 293 253 622 672 262 977 165 400 910 904 199 136 110 643 883 92 729 792 166 89 764 744 280 231 79 183 326 948 891 503 356 272 766 838 683 36 370 4 235 996 53 370 256 500 276 972 748 667 29 731 831 331 872 119 25 385 240 236 164 203 268 237 992 586 161 598 108 388 846 992 112 194 276 567 61 415 833 624 816 36 950 884 500 266 742 4 525 790
773 60 795 956 590 747 672 629 233 781 800 784 1000 520 909 652 787 265 825 465 622 190 115 566 904 720 212 736 883 126 34 525 971 32 794 839 813 15 687 834 647 23 210 40 222 989 272 801 943 389 0 26 145 994 704 20 1000 534 836 779 551 502 995 275 896 49 104 589 193 713 248 463 178 832 939 337 722 147 505 347 475 727 339 817 66 25 922 685 919 22 239 240 609 889 281 92 937 757 559 992
21 10 690 100 622 20 546 191 529 524 574 313 940 952 693 826 16 736 125 365 824 515 165 844 583 31 494 793 644 454 534 212 579 503 889 509 94 347 843 642 1 581 849 116 838 360 667 979 948 546 358 512 876 715 498 393 891 327 52 374 477 27 757 904 419 872 463 51 67 217 386 933 413 403 973 246 400 36 624 323 673 650 251 444 801 126 739 754 484 206 554 824 515 569 157 55 213 525 347 49
793 717 538 978 699 527 914 752 515 862 261 534 41 345 492 286 231 919 106 156 330 46 89 911 897 76 364 966 938 151 130 443 301 865 397 558 314 943 525 232 389 774 324 690 171 554 15 389 210 33 156 821 953 89 832 441 537 338 2 261 399 575 307 366 851 302 934 726 362 30 708 860 951 159 718 281 421 162 950 512 496 892 315 299 134 819 768 308 324 257 223 194 495 952 160 850 195 294 110 738
7 96 925 654 237 706 369 70 243 165 936 348 752 139 545 498 357 102 251 232 537 488 805 198 565 282 651 337 901 736 287 661 206 165 510 149 130 842 469 17 653 874 643 327 594 266 332 228 126 5 975 199 146 665 219 146 475 656 165 776 142 500 995 765 339 410 310 549 725 338 653 555 562 418 444 242 55 860 405 687 597 869 765 877 585 900 888 758 383 465 147 420 372 178 543 757 843 980 7 997
841 455 735 581 182 218 656 13 974 680 691 28 490 189 722 933 436 217 549 824 507 539 984 191 745 218 503 550 655 59 97 88 406 884 378 307 900 38 139 842 809 97 403 76 650 111 194 550 440 697 246 249 426 970 141 265 165 858 583 472 186 371 318 479 820 899 687 867 816 18 638 698 287 701 990 391 343 463 622 103 444 859 564 357 7 589 777 756 448 990 572 38 929 769 602 815 361 576 960 206
191 63 87 639 778 993 266 90 921 1000 70 70 220 787 691 212 728 152 506 662 110 324 453 41 85 677 856 172 340 376 221 998 757 638 125 47 194 888 520 795 332 498 968 95 63 531 790 522 900 795 362 692 365 932 46 389 207 785 186 841 646 220 69 59 130 279 751 756 71 966 797 505 253 991 882 553 731 747 769 966 408 315 938 537 750 463 198 187 677 886 490 552 418 264 857 53 631 320 803 695
238 112 71 145 650 203 918 119 844 127 223 831 976 595 665 999 113 558 962 75 806 542 600 1000 165 263 557 396 764 556 187 825 595 331 80 257 316 366 133 720 987 718 55 983 549 150 159 202 856 469 791 603 470 645 70 997 675 323 413 527 706 87 559 518 596 382 173 84 511 225 612 184 193 414 317 791 722 230 341 94 874 201 878 811 752 366 745 539 534 872 741 43 129 612 932 951 423 846 709 619
395 962 282 54 940 456 103 282 445 584 257 763 42 950 148 970 411 237 863 482 49 61 246 499 757 670 346 556 366 62 775 892 573 947 844 902 189 523 518 728 938 18 910 198 609 862 345 865 605 905 288 810 499 880 901 693 689 438 557 968 529 568 742 869 205 371 104 185 40 569 403 993 587 279 507 776 825 524 213 637 458 548 425 85 581 569 391 68 401 963 865 919 346 549 477 248 168 219 377 499
122 384 469 804 928 873 742 873 162 897 901 95 863 118 86 851 264 164 63 802 253 191 930 459 874 34 284 682 94 840 522 952 958 537 725 907 608 503 968 78 994 779 747 385 475 500 763 474 198 208 361 802 697 884 17 892 594 58 631 725 383 596 127 395 570 153 622 818 346 356 948 73 279 573 480 735 452 795 767 45 662 617 971 787 810 824 90 485 388 135 902 864 101 377 232 362 546 844 656 189
644 70 626 516 389 697 623 278 249 278 94 635 117 62 621 842 34 857 175 179 395 591 624 319 194 875 852 306 663 851 396 448 164 19 516 872 937 887 621 813 473 77 430 918 138 264 858 294 766 964 877 770 705 144 886 493 535 827 446 874 662 994 650 173 411 918 407 982 635 271 455 636 397 872 75 392 213 334 709 160 710 858 793 482 497 640 639 479 201 877 214 823 54 495 272 461 483 239 311 667
316 662 802 656 703 766 270 773 773 462 222 558 78 68 455 219 670 997 866 285 617 445 436 3 531 600 961 346 267 817 973 938 967 703 565 983 272 124 653 698 58 237 259 168 419 689 327 193 592 209 271 543 2 129 919 354 38 470 55 879 772 122 222 586 600 8 894 971 235 332 436 449 854 885 661 15 24 731 810 57 333 402 530 779 10 31 133 940 344 748 604 100 503 506 930 257 24 961 148 800
245 452 954 310 121 893 658 168 641 427 953 430 455 71 574 17 205 315 267 567 10 149 121 785 521 422 76 559 653 506 308 841 691 495 713 465 605 177 631 295 625 427 506 746 338 64 266 512 520 50 20 46 984 971 235 856 271 259 269 772 313 199 475 637 852 613 76 303 589 409 117 851 733 846 786 585 645 829 253 342 637 311 363 399 882 91 1 518 784 649 785 564 68 127 20 399 14 564 903 145
906 222 563 973 401 48 658 809 968 443 418 941 282 542 578 508 190 684 742 282 992 901 490 291 295 181 315 721 661 901 322 691 648 661 988 319 130 658 127 903 777 46 85 461 537 32 703 21 639 877 425 565 660 110 739 507 382 260 588 162 486 842 282 658 380 195 673 985 852 975 118 957 657 438 813 135 163 872 5 571 231 946 628 842 538 648 422 212 944 153 992 985 651 72 677 956 321 793 219 582
350 870 385 984 982 309 53 917 875 229 829 103 978 250 911 840 933 473 84 930 394 918 453 824 346 700 186 317 118 808 289 336 334 776 624 931 70 555 648 848 908 866 809 392 284 698 97 614 830 526 181 297 381 993 313 692 645 788 59 10 261 889 353 243 854 338 29 370 854 184 945 786 14 467 304 774 361 498 110 814 940 441 536 377 752 960 44 387 601 705 201 745 680 81 339 213 898 129 376 774
33 534 769 624 966 393 855 993 443 10 346 435 895 770 992 689 960 209 985 814 688 396 638 314 726 372 75 85 424 449 636 316 34 773 820 920 969 325 596 1000 164 121 192 198 894 55 584 682 684 305 726 160 903 458 485 478 611 797 914 144 829 742 543 872 417 807 383 998 856 579 768 384 200 451 31 111 410 733 288 76 629 557 158 102 26 823 234 287 784 48 384 486 129 960 181 776 12 846 424 498
68 570 626 659 335 400 407 442 605 100 616 351 367 487 937 556 912 809 580 740 841 340 877 26 703 331 478 496 579 146 875 706 802 727 67 581 328 585 377 878 959 374 796 790 881 849 453 264 516 564 131 25 898 323 404 289 649 938 808 112 280 824 444 50 47 836 129 763 974 824 153 357 748 556 91 265 590 386 546 172 318 606 470 126 699 43 531 741 532 487 337 504 217 186 971 674 11 410 900 468
725 739 55 294 517 875 389 844 583 490 710 684 254 210 424 221 430 796 149 323 885 146 331 410 738 363 165 796 831 407 216 38 548 369 793 664 872 71 855 265 843 196 788 252 658 323 624 187 417 842 427 231 199 83 963 543 813 16 574 298 881 483 973 302 924 261 787 868 405 84 869 608 904 278 152 372 759 276 767 228 455 903 16 493 127 114 384 818 637 875 959 545 965 537 958 57 826 822 406 310
631 926 97 212 102 949 619 225 400 728 6 942 48 629 628 315 48 968 61 988 558 589 144 196 779 757 852 206 395 0 758 8 366 585 330 491 961 891 654 680 168 25 306 419 860 728 343 13 323 98 600 353 642 889 244 759 6 929 315 438 293 925 589 358 938 827 740 562 885 976 537 757 537 175 518 225 259 171 907 749 258 883 500 549 491 978 284 437 599 460 33 857 781 379 22 144 522 177 915 588
472 405 95 746 912 858 218 741 918 163 297 89 669 36 222 889 117 79 315 373 321 800 775 971 984 932 845 208 97 955 599 201 356 262 573 550 191 605 539 927 995 827 894 776 749 634 398 263 643 222 836 451 213 496 122 211 46 609 775 208 10 648 398 226 507 703 427 322 535 468 333 981 656 974 235 499 878 194 356 241 83 714 431 131 986 542 880 118 108 368 475 735 427 268 482 346 671 61 220 885
469 944 514 266 12 956 229 916 496 422 175 334 720 759 294 245 657 926 130 158 273 259 751 398 29 528 720 207 919 813 988 777 615 653 396 880 891 585 5 295 66 349 481 804 435 100 153 639 712 992 88 22 239 887 875 693 312 531 717 413 131 268 65 395 317 207 849 380 423 751 754 327 417 326 929 284 661 623 606 602 894 184 268 821 763 765 737 399 906 482 771 192 473 400 966 836 848 972 154 338
211 628 889 68 352 712 583 229 224 15 573 5 223 429 674 77 625 68 155 607 916 561 431 330 556 924 259 174 953 961 402 702 212 734 429 281 354 629 984 2 569 35 328 19 137 56 672 723 524 733 397 601 970 907 473 593 17 856 423 110 163 275 700 906 221 819 73 613 959 476 928 56 740 14 132 235 397 377 430 268 263 829 134 29 865 482 895 175 202 936 998 973 965 173 647 744 477 935 843 312
112 834 98 63 591 548 163 88 888 354 939 44 3 603 693 420 645 338 143 131 400 172 176 576 335 817 237 508 741 349 980 774 877 695 237 683 657 956 122 126 342 161 160 267 216 133 559 53 199 28 111 177 730 402 50 153 968 297 361 750 307 521 236 690 578 730 400 753 712 349 649 40 497 568 522 451 73 789 822 82 136 604 542 936 761 953 816 114 345 110 956 87 65 598 259 605 990 207 381 678
142 312 479 502 986 623 386 100 517 167 893 638 69 641 566 912 899 551 154 63 695 975 570 886 331 566 905 955 481 366 799 981 430 396 877 164 799 285 350 849 243 549 993 775 161 539 73 67 374 949 68 384 671 479 270 821 437 757 330 670 478 708 614 318 625 158 394 411 257 670 104 599 63 934 563 49 547 557 283 612 551 985 193 642 338 705 78 968 69 881 747 379 192 975 223 900 912 106 621 579
987 674 155 327 555 611 331 161 885 230 684 847 120 134 297 231 295 325 228 132 964 672 458 967 484 754 542 434 316 251 843 820 672 171 174 671 792 539 661 995 417 530 845 658 904 883 432 301 769 672 834 892 836 144 112 548 692 578 541 708 797 457 725 52 861 731 531 540 781 198 803 572 41 367 917 133 625 767 597 425 685 603 387 936 346 495 595 467 555 559 369 29 820 376 209 269 455 897 383 62
336 666 609 785 871 96 453 174 108 357 639 721 483 582 873 734 672 574 213 842 289 353 102 227 706 188 31 258 961 576 739 439 263 714 553 185 620 353 661 4 136 114 609 412 848 573 786 780 910 1 857 224 856 146 142 627 881 617 734 122 23 765 123 808 300 346 298 437 710 926 129 735 103 104 476 371 754 815 811 702 340 573 42 625 284 965 268 327 806 312 794 492 456 773 234 36 893 470 523 537
927 205 438 347 902 818 537 213 265 953 842 842 28 599 636 136 359 257 567 46 646 562 566 301 666 133 62 870 464 371 103 436 722 53 270 963 58 501 428 272 975 237 694 19 774 132 708 18 661 636 874 161 442 83 353 504 69 576 319 782 616 521 464 222 805 167 503 823 797 118 301 387 656 915 716 287 557 761 957 490 827 421 424 669 237 223 256 312 998 290 559 154 548 500 859 78 358 994 588 370
370 686 936 866 182 554 36 261 379 324 897 386 933 432 769 823 402 787 664 401 647 101 442 20 93 886 656 23 765 818 797 379 135 672 128 5 343 639 964 576 6 581 615 634 19 780 536 502 719 982 995 772 634 203 672 388 561 108 937 86 93 297 312 731 138 297 445 328 223 806 943 403 907 665 97 919 551 610 159 764 490 186 483 810 474 632 740 64 682 751 227 513 341 476 96 353 172 210 994 785
70 978 988 816 497 250 701 192 273 860 538 962 330 569 308 409 254 708 643 848 690 715 966 455 293 740 241 740 603 444 918 537 656 860 288 740 557 288 33 531 528 658 581 713 984 137 268 895 195 535 2 860 18 796 139 314 638 378 992 760 326 674 143 512 571 234 854 379 441 29 209 758 668 721 250 773 430 654 306 351 562 791 859 816 991 212 35 242 650 895 582 469 627 766 383 217 240 805 786 826
294 920 612 651 12 965 212 193 491 29 968 292 43 332 752 568 294 350 899 343 335 13 168 512 550 867 72 330 611 522 668 420 255 481 814 28 18 611 593 113 788 243 624 769 349 1000 894 942 301 819 548 485 569 834 355 362 938 986 720 79 670 942 887 164 707 531 401 418 264 542 838 158 16 768 466 742 78 944 825 797 411 747 865 136 96 817 698 430 359 509 914 990 163 259 663 67 657 7 23 207
334 954 616 896 442 470 172 785 399 695 629 254 150 768 889 386 504 263 592 949 323 888 897 665 433 262 88 141 653 207 566 802 972 138 521 750 642 210 19 712 260 468 319 122 278 948 470 741 363 871 41 790 639 24 711 504 700 139 852 922 322 679 812 249 283 630 599 951 136 936 383 283 837 327 665 621 62 11 36 456 862 93 725 659 841 398 241 827 855 816 824 352 365 211 822 754 203 790 88 632
417 430 100 446 666 501 777 909 393 560 919 680 494 37 476 442 1000 694 54 487 108 326 528 385 394 374 610 264 155 858 537 454 490 375 511 629 53 907 67 318 922 666 860 776 756 706 463 291 207 17 71 570 403 10 766 489 149 939 304 620 315 559 746 979 935 97 84 839 419 515 857 24 202 300 283 464 886 318 883 941 261 288 101 466 545 100 358 168 663 869 817 669 273 711 11 651 88 541 933 285
264 147 764 92 612 923 519 321 331 624 244 465 334 4 499 698 924 764 385 409 336 733 932 722 702 948 49 936 907 601 463 550 226 724 40 944 756 774 890 289 591 528 592 640 669 566 390 427 518 777 273 275 594 119 393 344 793 566 954 540 788 714 652 790 557 365 696 887 252 365 765 352 782 137 427 717 317 739 49 509 984 334 885 714 517 887 501 146 827 206 81 411 469 534 938 944 485 376 743 10
299 893 395 771 138 208 235 826 606 270 782 861 914 4 307 195 249 41 974 245 260 678 660 226 480 868 618 331 525 849 490 629 348 471 618 548 284 531 20 17 670 438 415 319 519 149 139 788 54 127 148 991 453 751 480 542 517 838 452 46 797 741 222 295 32 457 129 223 338 920 898 358 594 221 212 973 223 638 307 454 996 755 154 637 824 502 271 715 599 362 9 434 14 332 625 417 354 206 534 98
365 244 356 198 609 874 257 327 389 69 531 387 575 148 978 721 946 173 123 841 386 488 24 720 447 99 270 138 621 716 748 479 857 205 620 738 852 417 775 814 793 563 90 310 582 123 870 783 633 465 707 231 132 312 398 348 849 723 196 901 282 685 486 296 116 188 821 817 118 374 599 897 900 494 48 474 793 549 452 651 516 910 735 694 78 291 506 893 963 431 855 160 674 855 631 161 859 613 13 843
676 739 296 64 748 340 714 353 957 752 791 888 212 780 101 487 611 2 140 826 368 413 777 548 155 601 581 502 817 145 20 21 98 396 320 408 490 172 231 270 463 643 112 54 185 805 527 645 987 31 1 403 390 228 915 393 951 44 425 300 326 155 234 12 253 662 999 312 707 114 15 502 157 455 186 611 67 30 13 439 804 87 391 953 168 110 531 69 159 353 459 781 791 798 25 446 188 969 6 790
339 894 930 313 22 51 818 55 974 566 871 265 395 504 899 52 66 408 10 912 159 385 735 64 825 867 130 948 99 337 767 85 252 881 209 419 550 541 599 444 638 896 41 161 568 969 160 952 284 149 327 292 764 248 892 46 835 302 58 436 278 614 283 453 218 548 490 473 362 247 521 1 608 858 181 75 664 649 449 841 766 622 493 494 650 849 245 247 49 305 927 432 787 602 140 740 940 395 764 708
941 4 955 494 737 247 656 829 388 206 948 646 724 549 45 893 586 5 473 524 208 21 779 164 741 720 168 169 502 860 753 78 520 549 262 635 38 751 618 518 416 176 441 665 769 138 615 53 859 321 364 351 547 38 42 806 384 995 854 856 417 314 717 558 767 900 456 610 5 736 373 312 803 321 823 286 366 994 445 479 971 141 821 992 453 209 235 675 296 546 970 199 749 450 125 698 572 787 735 953
114 191 262 408 196 592 412 548 503 575 623 67 348 954 323 774 712 365 777 875 322 611 261 555 870 994 362 366 471 133 163 678 579 899 48 483 506 850 14 407 388 433 947 853 332 914 514 340 529 2 73 724 577 335 194 747 376 896 2 781 674 937 446 94 536 877 171 138 70 305 927 24 851 545 275 676 937 703 576 824 85 16 34 364 332 708 542 88 524 491 528 447 810 55 460 627 98 631 733 158
386 206 391 39 342 161 913 140 753 75 68 977 593 203 437 503 167 38 907 162 614 638 323 499 975 619 64 748 846 279 831 117 779 438 94 172 714 74 935 607 836 51 497 306 364 891 811 838 550 178 400 463 897 127 930 652 437 69 882 406 786 655 825 634 21 95 40 492 279 851 841 609 577 829 777 711 783 634 769 984 540 566 678 916 827 680 680 227 532 934 820 389 350 928 119 503 808 80 585 38
346 171 232 314 92 68 147 385 75 592 962 926 374 738 700 827 217 826 489 536 244 989 734 478 101 818 277 48 240 341 58 661 223 184 683 551 265 245 313 130 214 880 341 927 168 691 640 355 837 601 790 44 812 290 111 759 218 375 225 892 488 539 42 801 22 542 665 675 680 635 546 143 674 992 584 704 138 303 752 374 933 21 990 219 283 327 148 909 333 257 51 700 405 601 705 489 956 90 336 989
151 646 440 426 429 477 67 543 570 121 607 510 508 217 809 457 17 72 666 538 147 50 217 885 502 615 868 809 636 763 748 13 184 628 606 738 693 750 385 618 458 861 549 662 907 881 855 627 585 602 291 242 245 23 772 356 671 312 915 766 465 308 894 892 264 433 250 790 336 659 513 318 526 197 853 321 246 111 198 179 164 630 508 24 539 878 804 97 30 492 268 554 134 858 463 588 34 703 549 308
281 538 891 154 314 523 885 804 446 385 976 397 949 241 586 57 31 558 829 230 882 164 302 966 701 843 966 892 773 393 327 507 607 636 743 206 848 534 270 661 61 261 251 78 21 352 781 754 607 196 252 155 483 246 840 422 437 245 439 404 814 721 107 51 889 610 794 137 981 837 28 435 166 369 288 60 276 353 30 143 551 844 838 692 940 748 889 401 765 783 445 774 123 142 405 567 977 648 929 59
111 826 898 42 385 140 131 150 275 200 465 503 821 332 364 225 382 863 621 876 233 105 589 964 2 906 397 270 29 234 90 565 480 105 116 551 997 24 181 338 656 392 432 987 907 437 546 523 185 181 225 833 509 273 803 158 228 144 89 195 753 844 420 328 846 477 145 862 624 777 656 419 469 169 910 391 983 212 152 15 373 126 345 382 211 423 206 815 344 480 992 568 363 446 639 922 136 132 194 958
141 156 348 951 215 910 301 365 569 726 757 444 389 929 839 877 658 270 498 161 823 466 213 49 750 630 757 287 118 248 528 680 248 790 316 573 674 959 325 289 811 834 95 364 4 601 789 831 42 26 947 42 671 252 665 949 548 990 72 30 712 32 333 23 374 237 549 380 831 894 290 530 801 154 478 158 698 13 221 96 348 22 647 238 121 860 305 802 388 254 699 16 885 702 947 695 24 755 903 723
779 484 596 618 657 140 530 106 214 46 513 499 178 994 473 414 975 967 616 38 658 685 674 986 352 91 331 701 988 460 553 87 944 546 760 960 866 808 362 892 543 283 635 246 662 448 434 875 18 354 123 508 720 849 954 959 419 575 261 258 34 547 184 753 589 408 788 25 479 630 853 340 176 427 607 995 335 801 675 683 301 16 190 920 712 406 221 527 264 115 424 819 599 540 658 409 290 168 469 972
811 694 454 769 42 941 912 729 439 935 242 491 464 843 414 755 840 853 554 687 834 753 237 714 757 49 512 570 624 33 249 670 198 562 542 398 812 153 658 944 121 459 34 108 188 994 128 953 816 243 386 971 952 683 489 135 527 618 730 368 636 212 46 785 101 665 431 461 875 32 0 85 666 27 963 895 744 543 298 333 485 513 992 114 123 13 938 657 110 664 576 411 525 968 992 280 278 647 887 539
603 305 805 67 957 24 563 460 425 917 95 510 994 625 463 151 750 78 929 651 602 312 532 255 412 285 712 539 92 994 620 618 306 489 255 637 790 104 423 571 27 606 308 282 421 19 74 756 806 678 274 6 881 217 272 532 313 344 861 453 245 332 700 419 290 421 350 278 780 786 374 180 99 174 502 405 594 30 490 432 965 23 813 974 515 118 544 989 741 768 106 858 923 201 215 877 314 926 977 406
957 138 666 335 904 563 392 124 804 109 110 428 918 820 322 852 458 239 602 948 322 387 140 573 235 802 865 224 37 730 609 820 277 252 59 390 797 269 905 383 964 184 60 110 267 929 624 346 43 576 383 251 864 553 434 374 193 526 63 880 881 908 771 855 351 433 454 916 447 475 933 984 960 103 445 187 978 428 582 580 470 474 454 112 228 747 589 303 82 987 692 777 180 499 905 603 405 206 946 284
42 258 903 35 645 443 380 758 908 768 314 27 157 183 470 12 934 935 539 844 100 358 422 128 249 817 595 895 332 728 351 917 587 595 818 916 596 331 378 29 139 384 723 484 468 314 272 93 20 120 669 432 286 213 721 17 560 74 533 308 149 140 625 591 578 423 989 980 15 142 472 709 150 902 630 30 143 499 582 581 731 60 258 531 971 241 371 701 565 873 638 206 614 399 854 609 36 463 659 841
329 620 484 339 924 395 584 377 661 996 241 242 448 556 305 378 598 758 47 885 518 646 424 936 721 79 601 353 238 111 277 852 808 593 253 193 843 33 322 12 424 794 586 132 844 232 181 210 547 5 64 983 859 513 351 226 63 150 832 753 597 458 230 819 284 737 577 411 955 827 1 544 873 265 261 899 826 956 629 781 240 146 661 988 555 97 152 664 312 51 855 304 649 246 393 221 409 334 273 699
327 238 809 265 509 823 639 253 925 130 627 524 157 428 243 310 871 130 784 566 316 220 47 645 852 485 904 675 148 738 912 214 133 353 886 114 888 762 736 818 0 733 639 381 350 999 151 834 575 470 409 203 870 92 435 944 261 858 218 652 242 260 95 333 214 637 172 440 96 868 560 278 56 287 676 539 596 251 152 781 947 679 559 354 595 489 507 321 818 657 677 148 536 892 209 970 746 941 908 161
111 777 221 546 639 956 609 368 638 673 282 414 688 679 907 859 217 40 825 837 784 222 405 180 20 394 274 557 601 716 100 926 144 305 709 377 989 962 875 898 588 916 820 994 329 360 216 346 324 717 370 356 630 891 29 942 120 950 303 328 770 866 460 207 228 741 778 181 477 204 793 669 172 428 16 12 466 989 259 582 151 466 116 889 956 48 633 785 829 520 44 114 73 899 845 952 531 538 53 489
667 986 411 394 356 338 454 978 977 73 120 118 8 950 32 24 632 529 855 560 885 304 403 688 340 636 562 708 363 745 640 198 362 8 652 994 961 810 468 89 995 34 755 141 681 835 614 563 489 585 193 902 15 670 218 451 917 905 933 193 410 982 459 410 78 451 745 850 269 361 347 731 375 235 265 584 130 993 973 717 18 888 39 247 882 97 441 198 426 494 307 948 921 499 324 585 949 954 326 254
861 60 818 66 578 312 374 584 50 712 827 588 12 876 502 324 494 243 117 361 574 441 815 721 698 313 75 808 194 960 418 154 218 901 751 968 543 579 301 491 518 176 845 270 892 595 349 100 997 286 401 479 964 341 574 274 777 630 259 25 761 275 945 543 931 547 752 385 605 929 113 552 115 451 171 893 475 553 507 44 346 817 596 623 461 456 446 245 366 864 31 262 118 780 920 583 55 676 631 611
397 850 291 756 178 678 562 16 970 917 347 116 310 958 548 3 74 534 177 53 197 663 838 860 914 33 240 584 577 449 34 311 787 211 126 336 413 494 124 310 892 499 473 166 109 26 501 355 35 174 731 291 48 61 838 653 282 802 791 697 368 906 496 678 530 824 911 315 207 595 692 738 371 272 89 172 146 830 871 315 542 450 863 339 587 490 268 119 122 573 196 672 87 664 768 80 621 903 202 179
598 635 519 337 738 203 976 619 789 73 560 412 255 109 907 775 727 105 196 922 13 939 504 971 804 842 201 202 332 977 579 129 334 556 860 293 453 946 568 739 578 347 633 777 782 812 999 932 657 888 78 164 977 582 738 84 376 781 58 350 750 218 11 247 525 393 908 718 290 75 391 433 560 986 298 331 21 317 855 553 365 899 179 419 658 294 504 8 541 533 768 930 469 159 868 966 603 523 432 638
514 793 732 758 392 463 540 506 574 0 446 320 661 381 270 717 245 420 491 513 963 403 387 738 496 538 26 959 558 989 956 493 74 208 579 206 331 68 797 758 442 952 459 19 939 67 634 833 622 571 707 432 367 475 512 73 901 218 351 804 366 365 643 62 856 330 940 557 53 189 78 143 457 607 88 365 539 424 191 336 319 256 308 7 251 600 686 725 932 727 560 535 524 288 132 627 496 106 635 309
165 531 975 291 956 124 139 250 771 303 276 574 207 135 396 745 594 334 836 229 162 618 349 527 610 266 140 662 855 220 100 237 238 780 417 646 790 993 648 489 537 712 813 865 386 630 864 543 557 778 233 822 807 324 758 145 232 306 990 543 998 214 596 174 361 330 798 69 421 960 52 370 170 758 543 118 257 932 690 568 170 110 16 517 66 646 324 670 926 264 319 493 44 305 463 263 573 24 672 93
621 203 455 760 284 613 782 899 45 22 142 923 170 965 618 812 503 141 586 600 187 676 716 225 879 786 325 701 658 320 38 255 300 616 98 288 365 893 82 301 757 2 431 262 560 199 227 542 709 84 678 153 323 417 901 405 921 160 393 464 249 925 152 413 682 290 509 560 261 24 281 448 584 838 955 162 97 402 153 111 282 0 936 911 379 898 664 685 689 58 922 826 423 714 519 342 950 769 499 483
749 338 91 278 965 109 340 477 719 229 426 887 322 51 32 708 870 701 255 762 278 692 759 797 292 240 424 431 997 821 570 370 238 939 955 964 683 274 814 253 265 764 895 98 266 699 519 460 879 492 936 723 424 401 27 213 873 973 860 728 231 804 600 571 434 752 502 60 299 319 236 940 398 264 445 498 642 122 10 114 271 382 228 475 471 536 35 998 33 299 295 299 48 791 227 136 628 785 838 353
484 626 521 409 565 608 717 717 710 584 86 970 127 77 257 770 446 370 762 377 443 785 119 6 968 77 656 780 769 748 189 309 283 785 289 356 217 215 135 895 883 728 758 0 385 134 943 718 873 605 478 33 913 806 212 152 727 424 756 803 784 221 384 654 922 843 653 741 394 255 196 131 473 823 710 611 540 654 120 489 430 260 380 24 540 938 505 262 1 201 405 143 403 437 542 858 615 538 358 941
52 519 564 202 369 859 344 24 437 733 399 227 725 535 778 485 586 85 781 945 614 50 187 122 195 230 464 290 3 537 196 831 428 238 595 561 864 211 331 174 541 565 883 801 756 334 364 50 365 18 626 919 476 467 610 877 982 254 223 812 867 817 583 258 178 229 427 324 949 62 433 555 483 333 870 795 488 872 667 651 301 189 181 286 565 970 535 995 137 990 285 492 838 338 577 384 908 486 529 570
826 440 146 422 789 510 276 996 702 617 192 76 264 309 127 65 6 303 903 964 363 718 92 141 956 950 576 857 489 824 972 716 1000 902 885 107 356 977 774 282 173 191 766 878 10 688 419 273 850 785 357 235 934 30 410 994 208 721 148 154 665 461 776 364 272 221 787 416 223 621 798 157 449 459 237 649 228 581 788 297 258 410 42 138 178 916 333 407 558 794 97 414 899 675 372 212 938 647 949 767
466 515 101 463 169 991 229 111 887 285 733 916 283 830 470 783 756 89 891 349 869 419 201 289 532 393 974 174 550 432 663 958 655 344 447 882 534 390 762 980 222 452 34 204 205 565 151 699 987 687 305 157 56 284 801 689 389 621 526 729 892 325 427 198 260 130 96 313 980 798 131 878 410 777 258 656 819 931 638 420 615 620 799 436 613 553 483 369 308 597 943 111 484 731 978 717 260 453 536 125
850 211 968 196 918 598 892 201 176 681 999 777 466 356 233 295 894 966 568 264 386 116 396 571 922 168 194 517 920 833 992 468 10 701 565 631 958 220 792 573 463 589 85 708 508 176 887 305 734 712 578 423 103 754 508 984 820 374 996 960 325 693 117 603 991 710 25 778 934 199 356 971 597 583 479 609 799 346 89 842 822 318 57 320 117 676 965 295 708 400 654 326 599 856 525 48 217 403 751 350
159 221 765 82 779 618 537 224 441 121 775 227 148 113 505 399 880 173 496 851 844 200 623 617 724 563 727 850 876 973 887 83 122 908 254 5 468 118 951 713 579 599 48 757 856 261 158 294 391 849 314 416 871 530 573 30 685 390 432 689 508 219 684 608 804 79 385 852 77 548 753 434 554 844 272 916 40 211 798 145 849 336 173 920 725 59 439 395 448 719 681 659 10 166 437 131 680 539 306 662
779 751 668 920 293 83 904 81 42 657 403 674 24 67 19 550 855 467 471 559 747 143 503 397 368 491 7 816 551 876 546 794 303 537 893 392 391 511 616 616 412 712 954 940 363 201 654 590 883 466 669 558 955 69 597 237 790 727 217 507 101 972 180 139 470 694 834 853 130 312 779 525 343 518 982 565 365 497 407 294 570 653 187 191 179 214 736 740 16 360 156 85 612 821 560 104 814 426 254 458
31 593 110 492 726 499 846 40 109 393 499 526 884 585 639 35 954 951 395 631 583 658 11 765 505 891 130 109 826 838 703 59 593 353 223 847 229 401 49 613 398 48 423 719 195 908 164 631 7 236 653 558 409 282 252 926 87 206 222 396 189 891 108 242 530 550 292 452 60 819 330 155 807 696 611 116 679 531 841 967 48 464 92 242 819 228 613 151 703 749 262 614 897 394 130 183 599 71 27 619
158 94 562 491 828 39 346 979 126 285 725 129 612 106 663 774 452 761 871 874 255 528 251 60 498 954 398 212 135 232 468 488 435 186 234 431 407 652 272 601 529 117 516 82 275 723 364 80 152 762 525 166 421 293 564 163 26 643 278 203 755 471 208 235 776 159 639 155 739 70 761 893 365 404 78 227 885 113 317 578 422 485 454 970 495 160 232 696 736 63 279 184 852 820 474 885 408 187 28 575
883 249 97 483 771 59 686 643 853 587 141 370 4 383 83 333 397 825 723 549 866 749 16 234 982 978 742 236 123 630 571 114 944 54 7 36 991 784 916 871 302 524 537 284 813 33 768 12 960 507 106 759 21 882 97 112 51 863 747 570 757 504 104 29 728 669 422 473 93 538 832 345 348 477 765 325 296 277 113 98 658 952 444 185 526 557 357 648 419 82 796 788 325 21 439 827 39 213 287 5
728 500 501 658 640 210 378 370 635 932 152 633 748 373 443 702 603 390 165 35 112 931 879 297 447 127 276 429 628 430 791 354 205 338 225 442 849 789 345 794 873 780 90 800 0 12 176 458 325 773 764 890 850 134 305 845 686 966 683 965 349 600 174 126 756 861 997 210 214 107 189 180 684 929 671 189 514 534 593 614 348 218 515 934 436 642 944 367 242 875 936 158 416 529 216 897 919 842 193 511
333 639 917 517 20 138 764 157 817 980 720 594 591 276 601 848 388 956 812 892 947 139 532 429 654 299 483 618 18 116 195 235 406 246 919 868 3 872 158 826 343 564 772 56 579 794 219 66 227 672 939 783 328 734 112 68 749 585 172 584 356 749 328 235 78 228 320 476 511 238 978 309 716 524 290 310 384 583 839 549 56 880 495 95 311 241 22 996 232 862 531 290 922 656 146 699 174 612 226 917
519 532 803 395 579 60 402 355 549 374 305 384 768 518 353 43 374 983 357 894 483 672 715 963 966 832 656 593 315 395 794 313 433 128 583 749 842 551 249 215 590 471 996 467 756 346 84 307 393 407 649 187 620 413 806 216 585 437 35 942 317 492 1 901 81 441 994 52 480 762 877 636 92 448 22 888 585 522 558 371 959 332 390 269 376 983 44 779 624 457 328 885 377 497 166 922 826 746 755 101
136 302 688 330 814 700 89 575 257 86 260 952 28 369 367 733 90 263 258 409 231 291 902 34 217 29 118 984 960 686 816 768 939 367 456 909 163 649 199 299 788 375 102 771 660 459 799 792 820 16 100 990 492 648 581 840 674 951 152 981 5 150 188 729 141 405 739 413 931 340 313 329 3 977 454 759 222 480 255 146 766 690 503 325 859 995 396 76 792 875 801 49 275 551 607 883 753 306 395 33
831 367 335 817 179 608 867 840 72 791 363 38 89 68 68 593 57 247 133 17 68 746 339 638 327 552 888 959 272 855 321 600 530 664 624 701 683 590 944 140 121 487 890 325 634 869 86 580 920 810 976 969 931 635 269 312 387 728 689 217 251 61 10 51 958 243 478 957 523 695 109 102 596 252 372 87 710 346 931 222 562 245 265 733 129 782 204 613 123 113 483 885 558 626 918 65 391 645 139 276
869 27 486 542 709 157 316 680 947 219 854 344 58 659 282 491 295 143 174 237 748 887 225 642 73 801 845 652 784 279 259 278 693 218 219 547 33 845 863 178 257 821 230 223 703 762 122 496 989 62 3 704 748 997 902 629 825 938 131 929 95 778 526 868 900 990 973 74 309 877 502 600 847 380 720 732 110 591 719 960 324 777 842 881 530 174 619 642 987 952 609 682 685 263 886 243 252 30 418 960
893 139 630 384 559 209 609 557 885 36 523 881 835 654 486 241 584 130 435 288 785 217 457 429 498 352 49 69 572 366 262 96 752 451 774 565 26 619 229 220 94 175 254 572 108 639 227 861 425 711 216 716 97 68 458 127 660 619 69 138 890 1 85 752 975 622 178 514 583 700 847 853 14 449 771 679 199 322 692 284 412 948 504 991 781 592 85 659 265 781 524 352 237 756 375 280 483 711 94 446
350 531 916 375 244 181 214 439 702 632 591 639 58 686 411 262 947 58 755 236 245 835 979 872 594 676 499 720 264 433 758 476 872 631 575 667 181 246 582 590 363 131 831 997 250 766 714 672 969 408 914 399 849 518 757 542 460 552 87 769 424 510 773 354 837 975 840 95 289 433 270 436 183 968 740 533 308 330 588 880 983 963 551 576 151 60 467 583 247 564 464 918 367 440 783 114 622 320 289 565
576 239 273 533 391 557 384 832 398 698 984 965 18 540 890 893 388 463 563 21 921 634 218 116 869 159 329 155 692 554 832 797 305 480 639 974 212 25 533 287 239 888 852 276 37 796 589 727 439 81 244 860 136 835 799 221 687 401 989 36 290 645 698 101 425 393 949 659 821 810 342 535 804 565 512 721 228 537 677 854 822 959 99 134 609 148 932 112 964 725 255 218 918 605 584 478 683 453 15 371
180 225 677 17 998 474 940 332 597 923 176 482 762 708 318 183 684 268 919 451 219 156 140 54 140 105 159 754 507 172 228 787 492 68 502 786 942 387 828 574 176 519 816 533 587 139 727 479 605 183 491 306 918 222 242 172 81 660 652 790 901 919 262 468 246 322 33 540 624 892 337 244 746 1000 991 196 524 139 742 680 920 441 715 633 103 523 353 24 102 47 183 560 595 420 972 751 503 752 504 1000
728 862 21 512 270 940 638 913 175 75 319 964 142 443 387 959 747 298 831 798 937 758 342 192 750 379 571 884 777 774 496 106 537 743 898 131 621 813 265 20 202 525 761 126 754 852 772 445 309 189 228 227 859 269 997 660 974 619 183 170 17 735 43 799 592 342 964 41 671 773 642 600 770 203 147 143 692 139 480 307 40 58 367 147 803 194 417 128 104 826 611 293 531 5 36 497 314 587 322 770
767 804 444 64 775 628 917 468 469 989 571 926 919 930 989 33 53 153 472 252 157 550 966 995 925 50 476 408 716 513 342 7 383 420 22 372 784 96 801 499 198 142 111 653 905 919 942 857 539 488 537 252 949 298 406 203 403 787 768 561 112 602 556 488 103 248 663 647 474 961 337 125 806 198 238 548 969 918 258 331 647 409 548 682 518 736 987 339 188 804 759 729 845 355 221 907 922 289 520 294
199 693 797 14 38 122 579 320 801 198 69 987 145 853 156 67 282 841 93 939 849 350 967 228 473 326 195 605 107 201 175 930 562 527 640 777 776 387 499 436 831 602 53 509 242 842 372 990 506 910 214 920 511 9 998 282 801 548 634 530 569 869 6 724 961 73 919 743 310 495 787 734 309 147 868 121 698 339 260 407 902 267 444 319 855 311 407 448 510 342 296 579 14 735 971 671 772 19 447 83
300 353 40 625 382 841 638 873 278 49 223 418 249 427 107 139 447 182 754 709 589 950 615 423 976 946 175 476 563 891 478 339 948 313 878 172 131 915 832 647 836 850 446 7 597 790 143 102 30 54 350 713 695 248 615 899 756 659 724 690 825 382 55 333 818 247 297 624 122 37 7 226 502 670 136 782 668 14 713 128 842 732 546 284 648 445 588 8 628 720 42 678 146 820 58 730 539 785 45 433
750 678 938 457 500 625 455 980 10 108 934 939 504 456 445 956 583 831 198 98 940 478 909 397 835 145 783 777 215 811 44 429 652 169 470 557 896 882 173 517 168 3 262 930 237 475 559 265 204 878 355 242 750 627 602 636 10 154 836 246 403 680 162 723 382 166 143 201 750 674 541 335 972 193 323 601 341 683 470 815 126 190 906 570 641 447 758 647 588 627 796 654 971 237 201 465 601 397 404 763
746 302 352 657 921 695 789 781 370 260 763 718 173 837 434 605 668 95 269 36 596 847 254 321 170 739 611 641 725 722 917 646 335 6 23 526 991 249 203 12 686 705 783 231 262 504 196 492 1 282 194 318 669 43 503 906 811 765 876 917 777 48 903 535 516 561 741 273 609 164 819 362 860 453 175 551 126 102 322 9 993 438 676 556 263 105 523 250 86 161 661 135 818 462 969 166 613 602 658 338
650 399 691 388 838 405 41 690 630 631 704 858 712 181 704 895 200 701 412 26 976 802 995 94 327 36 917 871 311 398 332 868 59 168 380 208 480 731 916 338 851 317 542 959 54 946 506 381 477 98 74 333 247 826 334 337 13 71 214 298 198 609 97 352 438 866 685 156 207 417 70 872 882 700 488 784 280 405 768 111 162 334 801 390 821 678 539 964 803 359 972 461 791 857 436 879 762 161 973 935
784 958 861 281 324 823 167 830 186 187 975 423 532 591 178 566 218 536 305 103 403 541 872 766 360 368 112 495 875 24 848 221 272 46 389 845 64 782 266 77 406 321 195 848 722 28 1 946 176 180 538 449 385 375 701 452 672 919 686 682 174 528 909 628 532 270 526 253 722 289 469 607 218 713 570 965 791 361 284 267 720 494 884 378 322 103 356 184 954 261 674 3 284 19 172 30 304 115 109 15
929 93 868 215 800 360 694 133 591 377 373 441 861 729 787 793 872 989 562 864 401 0 10 655 938 956 100 383 254 917 456 478 665 103 165 896 918 479 467 130 795 965 328 824 616 251 570 778 288 248 65 481 124 78 950 171 492 667 956 203 153 420 66 355 120 514 420 597 105 309 565 752 200 462 327 313 650 905 837 373 332 280 202 992 215 377 48 230 512 772 862 734 791 299 128 787 370 362 827 268
805 21 228 597 311 633 507 701 861 272 919 625 726 953 362 985 273 474 688 780 677 384 979 621 710 393 308 625 123 769 759 435 699 866 815 264 804 416 189 858 753 48 922 256 946 329 665 756 488 150 203 310 501 597 968 113 815 719 183 274 338 634 767 97 361 448 162 854 764 777 436 840 683 684 736 383 609 38 88 460 334 427 553 278 712 535 652 357 696 658 369 223 522 260 760 12 686 850 217 79
295 13 574 568 42 301 695 306 131 634 342 196 525 298 632 968 351 64 799 94 277 770 232 134 65 486 613 374 288 669 57 284 340 714 366 285 27 620 482 716 472 273 714 502 762 33 954 514 71 976 741 283 275 714 314 475 419 899 986 755 572 279 920 590 138 605 226 733 631 745 262 584 559 181 52 166 978 832 897 171 393 303 78 778 26 248 271 744 518 332 144 441 972 795 503 858 388 357 628 584
376 878 20 901 902 743 819 791 831 737 216 215 849 554 920 292 35 517 576 601 404 576 429 596 45 662 421 303 372 268 184 209 658 956 279 206 139 650 402 415 796 720 635 319 227 800 971 690 425 58 728 2 599 668 888 197 472 768 14 730 36 197 641 706 917 276 186 782 107 10 574 244 583 297 497 994 999 253 238 547 741 819 109 201 94 21 916 819 492 440 327 999 872 678 548 930 569 824 162 728
420 639 885 400 273 353 704 598 805 318 184 808 12 328 316 426 554 416 643 949 932 838 629 848 480 85 553 57 650 896 988 580 632 708 162 802 862 726 321 796 21 356 520 988 823 859 971 610 670 926 717 642 284 766 772 476 628 788 405 901 5 510 272 476 787 950 763 834 315 337 444 274 877 827 895 196 996 378 840 1 54 899 741 581 648 166 114 53 780 6 608 99 226 948 484 538 60 422 586 523
754 19 288 537 184 136 370 157 224 368 322 400 957 779 188 987 169 366 807 322 357 62 46 253 739 66 908 460 551 871 542 646 625 646 168 991 429 365 901 464 545 680 150 724 897 562 455 952 391 269 438 324 450 350 281 538 747 927 52 223 854 411 849 323 236 346 414 557 367 68 738 899 761 862 208 638 583 738 29 458 232 398 282 183 59 181 576 807 55 839 146 947 132 200 919 618 59 858 443 801
664 286 668 692 439 161 568 129 908 404 221 794 613 1 505 755 36 113 243 663 217 57 605 80 782 143 515 847 341 308 860 718 534 564 40 425 304 523 978 49 246 865 224 418 521 680 353 862 797 927 271 510 763 279 99 41 943 429 835 83 272 338 19 680 284 272 532 400 229 84 377 150 518 460 763 742 836 93 401 525 652 761 495 765 42 395 119 228 307 776 1 161 306 748 400 482 806 77 739 994
52 555 263 279 86 900 582 969 316 234 109 391 570 419 926 437 846 699 741 555 762 674 307 703 41 277 718 904 2 271 231 186 163 202 936 736 215 306 451 492 822 805 342 823 501 194 933 740 569 425 534 348 58 579 566 433 715 257 409 780 90 427 3 312 116 761 183 947 703 690 324 351 563 666 164 916 810 367 746 823 259 932 123 102 918 378 597 843 354 2 121 567 386 768 883 350 797 946 628 412
310 370 533 569 962 686 980 38 183 488 543 24 38 324 320 705 687 533 325 80 111 488 100 780 385 225 692 58 650 99 126 823 831 819 186 578 747 486 355 940 951 718 859 313 536 442 423 996 757 520 213 92 637 523 850 289 773 542 858 967 792 737 344 5 251 219 445 161 818 824 572 937 964 94 631 684 352 659 226 634 217 991 301 566 353 87 868 60 277 480 378 521 107 512 846 712 623 908 580 111
528 268 620 769 638 265 230 185 399 561 981 876 792 620 938 582 589 673 501 684 411 439 604 249 948 843 585 358 170 298 714 1000 107 79 719 826 578 175 56 126 161 338 31 642 795 104 705 663 297 17 708 493 860 542 355 659 217 145 242 172 863 921 148 610 935 338 669 596 264 35 815 831 650 986 648 47 742 241 441 197 221 948 10 867 739 203 547 882 616 122 591 756 515 643 621 602 453 331 600 8
954 533 698 913 721 17 376 559 737 849 39 170 65 881 3 933 595 41 366 542 380 602 340 607 847 802 448 499 986 114 423 886 45 896 525 855 116 831 10 444 705 827 323 193 686 769 274 228 403 992 811 712 133 737 600 308 502 793 856 706 969 960 291 825 132 518 106 626 837 850 693 571 570 492 354 85 539 712 254 785 961 338 759 170 708 466 329 290 836 126 522 559 965 581 875 223 634 854 611 788
666 574 467 192 944 647 953 600 842 829 539 210 438 956 892 935 758 766 578 708 58 356 36 69 496 466 194 660 725 14 360 328 514 865 332 770 903 853 133 620 810 964 739 788 111 859 957 423 779 480 606 823 350 873 49 402 228 932 300 232 733 386 320 960 869 211 789 127 434 251 237 881 330 869 208 995 422 133 514 854 728 616 154 42 971 640 523 476 641 849 105 172 137 647 674 671 600 599 13 984
786 525 466 697 533 991 572 439 93 473 792 151 341 23 255 599 61 604 940 743 46 255 221 763 944 123 161 735 351 636 218 14 300 252 785 610 323 999 391 868 348 94 733 544 783 275 546 81 850 329 800 971 840 361 710 863 477 711 227 697 846 449 110 810 130 785 696 275 241 349 882 127 183 635 741 27 778 419 177 521 980 78 901 849 300 560 863 54 345 430 129 580 273 896 154 54 865 124 829 953
462 382 211 763 628 413 318 905 333 423 237 258 981 566 804 983 125 628 734 731 446 444 413 192 144 235 248 811 900 812 793 139 696 911 571 36 100 881 384 877 973 827 364 114 698 355 342 159 403 799 868 694 302 721 302 842 20 161 511 209 7 732 76 742 853 130 532 729 716 314 541 320 489 608 824 632 117 931 29 976 227 859 819 314 875 396 161 473 889 793 434 979 876 44 650 538 397 42 246 178
275 91 973 277 206 842 487 879 814 993 791 627 406 192 126 157 437 729 906 675 269 691 119 361 874 87 29 62 164 939 145 375 409 54 505 549 786 846 706 88 87 70 372 185 929 783 234 906 642 880 130 508 414 640 942 443 886 700 794 786 278 90 107 864 499 234 119 102 475 130 974 761 408 690 485 733 471 826 449 466 567 91 793 22 852 738 170 664 493 802 942 699 639 50 890 897 706 633 604 839
557 856 657 586 431 620 750 292 589 783 586 608 892 317 617 515 170 453 711 705 804 714 484 489 1 808 258 9 910 723 157 106 420 471 596 408 234 223 506 561 337 20 819 481 272 953 286 886 931 70 100 911 211 616 875 79 322 634 232 854 920 301 823 71 442 521 608 408 55 301 966 400 466 438 887 193 34 30 448 158 840 800 367 383 808 405 321 373 193 348 127 352 699 429 911 305 785 560 118 170
798 519 225 970 936 740 244 740 4 635 711 192 898 490 864 632 692 912 212 119 590 683 919 165 416 510 832 309 290 56 899 113 489 771 878 993 64 782 273 489 854 338 2 513 461 921 537 208 777 39 50 343 680 405 419 216 690 681 888 298 926 717 163 401 94 673 914 145 191 300 190 690 241 90 620 847 708 522 98 978 515 695 199 845 15 98 758 307 102 736 380 969 838 413 565 601 327 484 38 523
575 815 141 986 891 66 516 163 955 116 479 181 88 738 228 73 915 602 133 927 303 724 652 132 286 375 417 370 796 724 345 117 800 249 23 78 26 698 428 628 200 226 441 996 313 76 326 21 261 142 396 754 844 345 675 978 297 440 918 452 907 685 893 387 224 947 256 627 579 814 481 355 920 658 248 918 691 521 8 328 99 1 157 565 320 407 722 74 170 332 357 749 195 179 982 446 250 94 361 680
896 710 788 848 782 133 342 871 887 477 277 717 350 820 350 697 144 921 9 558 880 810 928 842 353 56 626 827 129 803 149 881 743 74 883 37 843 844 26 279 284 193 517 892 598 524 647 325 409 788 380 220 739 337 386 914 296 127 370 113 888 278 888 489 56 791 309 88 498 456 162 543 631 431 355 71 201 524 424 635 47 195 644 196 147 472 824 651 226 527 326 579 401 74 215 992 498 203 372 704
639 642 241 42 2 492 812 871 110 775 848 833 220 640 524 946 501 928 8 496 881 412 91 72 735 55 734 627 843 871 723 915 518 646 306 911 363 768 116 381 695 677 371 237 656 717 70 842 996 645 104 661 683 975 770 918 324 998 723 182 212 949 88 996 792 791 707 829 563 771 515 386 995 537 946 554 98 735 480 339 104 881 734 717 29 145 1000 937 307 245 291 916 770 976 432 606 469 271 997 79
793 761 971 706 410 528 819 665 720 284 354 433 103 464 517 687 531 800 822 932 703 123 512 501 141 906 384 774 100 885 359 568 978 735 875 664 219 763 673 624 270 481 476 711 888 718 769 696 420 82 494 456 149 976 387 713 19 435 390 713 534 87 259 896 860 359 550 543 386 740 7 325 938 534 398 618 260 962 757 691 49 487 513 698 504 301 791 517 853 980 988 326 297 302 972 670 613 929 713 654
157 247 152 824 955 656 952 612 301 654 780 652 292 150 736 22 106 262 600 327 17 850 673 602 478 973 90 757 244 947 892 617 969 940 755 666 534 919 341 432 570 254 855 768 638 977 426 325 365 338 85 356 379 309 911 400 79 903 998 247 251 472 128 695 800 562 478 465 887 161 714 628 637 149 283 732 803 699 858 965 235 273 48 482 812 540 981 1 868 396 478 132 594 491 923 539 461 604 14 615
115 868 104 338 660 190 789 503 857 964 782 722 598 613 73 628 986 191 470 792 567 956 811 919 917 733 688 69 474 319 990 707 136 383 176 837 7 132 275 927 334 433 560 221 251 24 127 399 575 577 716 113 781 386 501 886 693 888 231 875 577 428 609 613 926 784 102 122 643 426 935 62 600 932 513 691 789 977 848 804 42 811 648 40 392 9 213 589 874 664 945 466 889 194 755 646 124 883 786 472
725 278 204 908 775 765 304 2 87 656 409 932 15 666 233 22 739 403 276 592 251 939 398 303 131 552 37 398 349 459 458 137 258 885 680 550 166 452 1 437 209 54 780 569 219 577 371 488 258 152 268 170 270 91 868 528 530 715 272 926 580 675 946 354 921 908 490 523 619 223 27 560 135 306 694 643 697 593 449 253 908 886 656 360 909 468 512 655 865 763 441 807 815 778 330 577 635 844 581 830
356 166 307 813 51 85 333 433 42 841 411 377 216 179 854 817 454 376 184 368 674 442 626 116 908 744 929 732 235 955 143 312 377 938 87 66 774 976 179 701 991 6 700 672 332 654 452 191 78 215 750 28 241 895 730 29 316 791 404 779 65 776 558 963 790 558 221 712 794 692 759 721 497 919 400 645 971 140 482 212 948 842 935 575 834 833 60 493 306 696 544 27 286 646 931 238 811 506 397 993
544 302 740 681 519 115 732 635 32 397 956 318 223 143 615 440 548 963 161 976 534 447 341 269 79 788 746 683 713 670 956 558 167 290 39 68 562 712 667 446 356 196 276 832 643 959 365 907 947 706 691 926 190 102 185 19 628 434 234 61 885 403 236 308 659 757 715 339 403 70 1000 758 918 1000 136 6 732 458 722 636 117 279 90 64 105 433 985 822 690 641 479 702 573 443 776 521 708 201 856 674
956 504 392 785 848 144 768 751 30 839 91 307 141 721 389 272 537 197 793 380 424 263 415 507 162 862 397 298 886 981 569 355 658 767 764 741 745 962 959 332 719 175 799 869 993 292 507 44 454 537 187 751 63 427 469 527 307 524 326 998 279 759 518 109 370 699 702 665 872 473 490 470 551 255 792 333 276 647 980 180 688 663 623 518 306 744 856 837 572 315 576 355 289 503 300 539 167 965 711 781
27 673 313 301 690 29 824 428 767 627 730 995 334 848 958 176 945 937 374 139 990 251 760 355 348 116 330 206 585 898 997 593 498 693 181 33 653 960 557 692 986 231 274 321 637 866 340 566 972 974 405 695 751 317 647 210 715 674 438 72 210 321 401 62 399 288 538 859 139 292 188 525 95 867 511 499 267 535 734 530 591 320 383 860 409 364 176 614 307 955 742 94 6 508 704 39 563 321 382 315
226 1000 856 503 486 836 936 753 726 759 168 651 334 896 578 470 382 822 292 48 721 242 686 174 584 138 248 273 409 434 805 305 817 369 31 401 935 349 817 301 45 874 670 830 126 832 526 681 417 989 901 369 7 965 615 223 144 54 398 413 755 701 589 94 54 839 529 381 141 537 849 430 707 785 883 590 706 505 853 635 568 8 159 242 932 106 232 246 270 85 287 928 164 514 897 563 60 170 145 856
560 958 749 286 702 723 858 216 651 146 379 536 630 146 400 878 631 837 930 467 493 707 264 696 585 32 424 972 984 98 771 327 512 480 169 119 902 581 555 800 163 963 306 74 965 606 260 116 176 181 620 802 547 495 289 113 482 696 341 375 168 490 659 968 879 847 359 102 603 967 295 835 784 255 696 558 20 815 806 89 971 160 943 27 79 151 879 222 894 134 69 278 472 806 684 346 566 136 835 26
483 625 751 879 589 704 935 568 446 271 969 526 709 65 885 594 648 692 536 815 524 649 22 998 529 83 746 869 410 160 481 974 163 898 902 534 84 174 681 895 590 639 100 901 94 870 842 680 271 113 659 589 406 937 120 320 611 17 79 476 603 374 908 556 736 367 589 37 671 704 535 546 671 717 477 550 281 258 501 114 141 830 685 880 290 661 561 14 880 435 89 304 717 634 661 803 372 490 141 418
661 101 431 722 797 442 925 928 55 450 989 467 738 852 671 170 694 790 771 652 891 342 917 341 780 621 722 994 744 999 63 441 452 966 63 307 661 362 605 48 227 833 735 59 821 307 87 957 591 885 85 840 684 489 349 565 845 936 448 698 364 596 725 144 259 156 159 283 428 658 630 665 31 564 690 958 123 741 294 218 140 839 274 300 24 316 599 476 705 356 303 546 237 980 225 90 437 467 600 910
527 124 680 286 730 534 813 429 330 821 38 942 955 789 155 674 983 381 402 460 990 484 945 971 446 777 115 752 66 534 854 118 827 795 831 898 775 802 659 505 595 549 644 742 367 937 204 128 32 310 265 417 612 433 482 636 831 527 539 175 207 776 298 247 630 770 670 846 771 323 875 676 933 344 919 22 685 917 795 792 673 629 422 942 854 772 968 39 1000 339 631 445 760 607 937 505 32 226 431 742
80 447 163 721 55 586 843 476 775 803 208 380 55 603 630 612 157 530 933 435 350 683 572 996 402 34 811 171 901 696 0 430 935 608 868 720 562 414 80 224 700 770 606 19 886 691 165 250 248 815 444 649 404 838 569 742 230 103 678 939 151 336 282 552 827 844 800 25 237 557 937 171 967 424 169 612 128 551 512 639 262 270 85 583 588 847 208 784 813 885 828 791 86 495 609 420 287 123 72 221
942 707 504 846 58 245 889 530 183 388 749 528 236 555 955 751 668 392 583 665 403 960 813 693 573 641 959 215 350 868 810 740 137 64 352 387 618 220 393 719 825 301 432 189 220 553 950 689 172 143 982 674 765 327 319 267 638 497 575 913 16 922 72 905 443 462 775 770 234 618 83 330 431 292 434 874 99 823 260 579 590 329 1000 974 689 268 476 212 112 963 75 154 866 625 270 45 535 249 494 600
98 374 471 841 478 113 504 174 458 605 302 646 841 977 206 453 427 283 520 969 914 348 478 395 405 612 711 947 439 950 288 951 713 799 841 465 173 855 726 921 525 55 776 790 715 396 648 835 902 946 295 560 728 45 283 658 957 389 888 820 390 42 816 864 480 889 205 345 132 756 545 278 724 125 435 648 829 676 451 639 253 399 660 873 554 881 638 939 309 179 511 184 529 198 194 283 8 621 436 872
614 917 219 723 955 39 909 312 298 53 247 914 95 422 721 51 782 485 94 439 48 571 523 742 552 578 352 848 419 493 503 262 441 443 306 166 725 737 256 662 500 575 925 820 417 609 830 778 124 875 706 678 224 466 909 589 291 597 798 227 979 665 639 118 14 44 79 329 807 706 617 554 724 582 290 810 669 771 270 262 932 914 45 421 43 372 247 463 812 423 252 934 227 473 558 734 309 526 563 217
867 397 850 20 385 601 279 113 925 774 414 675 626 464 471 123 470 248 652 252 51 922 685 500 192 419 750 88 943 190 394 344 887 709 607 528 266 334 211 144 772 644 146 498 74 614 713 180 540 72 275 129 209 507 299 282 515 727 899 880 522 403 876 816 712 478 0 186 675 986 461 625 820 656 212 887 103 410 609 518 680 671 75 66 515 472 865 673 551 515 799 58 844 784 394 1000 204 899 491 872
812 539 933 120 655 883 196 275 78 856 263 881 907 615 268 335 886 84 459 111 996 553 742 185 727 928 2 460 209 306 592 775 817 398 831 42 620 256 995 616 542 174 845 846 681 301 247 499 882 841 482 529 372 874 79 236 709 634 138 735 977 930 276 898 393 222 219 95 983 644 51 342 143 754 721 455 899 310 205 964 456 765 406 530 644 866 442 640 919 742 884 57 481 209 780 201 702 580 770 657
476 306 964 454 717 366 196 947 336 961 379 317 971 29 924 58 828 702 749 315 745 227 548 51 804 346 131 797 796 243 558 453 371 529 164 60 626 833 872 627 31 443 294 873 588 140 379 801 423 700 577 945 187 572 764 567 734 413 780 352 391 310 370 384 411 767 704 267 680 470 697 743 959 975 820 465 805 652 686 210 514 807 449 760 253 532 919 352 998 936 302 102 693 817 511 804 584 514 493 277
652 144 935 524 606 836 780 147 854 696 668 303 91 316 386 726 175 331 471 57 675 689 732 237 701 214 85 727 130 226 58 127 891 583 746 334 782 718 179 33 296 252 661 122 429 112 574 267 813 5 80 62 469 874 608 930 518 473 654 575 351 613 161 982 490 992 771 952 929 760 652 399 833 847 649 887 388 625 274 521 663 601 106 538 923 771 321 741 633 204 837 934 548 765 611 128 859 583 875 568
673 2 938 792 602 266 555 741 957 133 163 245 315 599 920 386 412 193 571 243 133 943 247 548 541 162 300 667 902 473 657 109 16 32 718 875 155 540 211 429 861 621 532 863 382 790 419 567 833 12 936 819 737 567 448 828 845 911 918 953 419 535 715 114 336 550 5 460 741 6 27 905 669 917 948 243 518 20 794 615 758 507 871 441 842 659 944 408 57 345 441 991 928 704 631 697 286 263 950 215
720 464 154 458 813 359 914 481 14 402 332 248 69 308 451 419 138 690 619 784 407 715 783 147 820 628 916 634 537 744 422 269 64 838 35 754 342 324 968 347 409 793 250 732 155 964 964 851 908 91 717 398 713 709 762 82 997 1 437 73 529 512 736 926 816 841 3 849 335 790 48 780 666 339 363 774 288 327 482 348 54 730 204 289 333 183 318 434 466 35 980 225 127 835 192 526 200 564 137 974
147 696 478 224 199 112 355 478 493 358 788 802 904 554 482 982 542 831 195 745 724 396 40 225 684 291 49 295 301 621 681 997 200 144 193 347 391 288 127 620 817 174 89 275 779 798 936 448 263 645 989 772 650 728 909 742 811 732 764 484 188 814 292 29 233 559 687 547 334 671 785 288 19 310 268 190 37 105 530 306 497 577 249 96 355 973 856 163 935 570 114 686 878 54 625 569 850 138 367 201
111 90 720 846 36 600 17 810 479 87 411 945 485 525 632 962 388 470 6 802 696 477 259 855 928 480 266 930 980 118 668 629 627 23 237 327 887 698 621 933 947 17 131 55 914 675 593 380 570 198 291 131 324 603 477 957 381 747 987 627 872 625 596 909 980 501 430 814 652 726 40 926 52 148 531 457 148 382 983 202 155 559 494 35 652 574 270 310 265 57 507 514 181 282 2 166 14 363 662 963
372 847 605 978 960 9 122 162 72 568 244 353 822 649 909 664 754 184 375 769 495 848 875 826 600 334 40 740 968 855 635 858 429 282 836 61 865 958 109 296 81 432 171 164 897 65 922 750 448 593 461 881 415 613 5 528 736 345 885 354 225 365 816 633 503 806 117 880 449 73 326 320 597 874 995 900 752 547 537 405 0 714 453 513 440 902 613 900 844 160 330 824 823 463 274 50 474 490 455 456
85 716 473 899 266 361 444 176 253 715 414 220 957 69 243 137 502 320 905 819 230 464 974 27 35 929 650 5 802 242 576 46 217 570 38 666 489 12 492 20 780 4 56 491 593 587 724 820 545 536 844 353 66 445 144 547 103 714 373 152 878 123 513 968 960 627 200 683 841 376 906 356 153 193 668 381 936 108 183 805 287 977 508 950 505 369 268 459 59 19 815 491 404 782 150 475 427 533 263 898
933 710 664 239 411 686 999 394 182 607 477 215 274 995 475 646 969 207 427 802 414 711 607 404 235 205 549 381 34 216 221 460 906 23 777 307 420 197 160 309 146 293 209 70 926 237 265 937 690 641 804 55 272 618 203 331 553 552 39 543 85 363 702 231 627 518 39 905 800 775 169 1 570 4 607 39 801 274 425 452 353 509 632 295 107 291 51 190 184 153 740 391 975 448 821 275 598 769 944 855
881 705 795 766 234 675 209 847 671 351 691 372 603 262 18 38 918 233 17 97 505 555 878 599 409 434 148 278 571 970 505 892 348 104 368 167 68 610 735 600 377 878 454 2 424 865 935 640 566 651 271 442 328 984 456 203 261 22 480 479 938 548 121 213 961 661 371 545 555 791 392 738 585 845 841 453 343 342 935 686 944 141 431 486 85 18 870 832 21 298 4 913 773 217 74 198 783 189 508 285
276 575 179 970 646 272 272 380 500 339 258 2 859 271 25 652 259 928 55 732 817 998 610 655 657 814 102 370 725 645 81 626 469 552 952 796 628 251 662 52 1 466 441 461 916 676 136 728 981 758 312 994 836 352 697 914 489 964 753 239 619 643 174 214 186 249 250 428 693 479 722 533 500 836 447 32 696 640 292 227 987 388 674 471 555 879 576 677 798 496 798 800 141 372 235 765 507 629 305 73
528 821 927 628 250 955 201 392 475 285 394 405 438 985 662 817 235 717 143 139 872 572 781 371 209 883 65 924 108 10 70 814 556 217 153 995 262 452 921 424 542 669 404 209 156 561 812 161 418 581 234 922 40 361 435 360 488 442 486 914 49 800 330 399 98 578 21 182 287 468 396 51 819 210 687 266 333 212 261 779 667 918 928 87 492 732 65 403 190 323 658 329 357 313 610 802 212 199 607 87
389 434 188 781 464 341 390 308 910 730 272 304 630 947 762 25 510 743 965 569 512 793 933 203 992 742 381 394 155 443 821 154 814 685 916 999 717 371 673 379 470 200 652 229 820 250 907 314 758 607 902 539 304 676 246 927 32 696 389 234 682 16 771 330 361 487 413 270 986 75 593 531 310 195 728 229 392 999 162 304 567 535 789 96 370 917 616 320 739 800 30 107 670 458 218 350 704 883 838 29
300 582 319 735 67 961 563 416 583 193 180 327 598 956 11 255 659 557 857 788 586 400 756 70 265 669 777 665 814 208 25 828 712 473 8 438 29 628 559 416 140 145 835 435 465 450 856 686 351 965 348 113 68 357 105 373 791 856 801 709 953 531 915 573 373 511 257 407 660 434 69 943 280 123 815 623 879 853 309 694 240 480 198 962 806 855 634 115 965 807 332 862 541 41 997 497 51 410 884 120
498 667 58 831 458 863 894 697 173 183 687 849 282 403 518 252 920 202 387 71 428 481 424 723 844 301 170 813 386 800 657 86 737 632 672 79 381 15 650 104 315 325 539 190 969 678 593 760 35 25 179 732 679 60 826 192 797 779 759 537 658 10 241 300 161 725 672 906 589 862 361 411 821 739 506 791 876 452 369 941 235 865 484 163 215 413 930 897 517 844 658 414 206 129 639 913 54 17 141 447
802 406 650 810 807 791 441 98 915 845 733 797 620 834 161 860 316 524 387 820 695 360 863 646 721 92 941 888 517 563 60 407 123 348 846 873 12 178 52 971 381 64 935 452 384 164 402 42 942 806 916 936 224 902 851 286 674 351 597 91 769 649 554 625 519 829 16 919 313 449 721 892 426 96 468 219 470 508 577 594 611 294 340 13 177 999 324 99 702 831 610 188 934 94 58 699 626 210 200 542
177 283 344 652 522 171 525 994 456 570 411 319 946 251 464 239 554 692 136 149 37 159 391 599 624 64 269 907 491 376 834 563 399 697 947 336 819 384 146 720 293 664 1000 282 216 727 357 596 650 411 960 802 75 544 90 48 832 606 374 456 655 221 973 424 941 167 281 916 731 807 711 959 762 974 604 853 153 81 835 135 207 439 135 461 653 281 571 396 634 666 966 117 140 197 176 893 977 974 952 894
730 555 31 717 801 204 723 330 43 56 555 692 711 266 621 789 761 319 662 526 483 872 176 823 248 101 824 546 281 693 877 246 998 118 509 502 147 183 196 252 596 875 94 176 815 56 788 952 559 574 864 10 34 908 496 575 223 116 547 550 13 318 100 634 801 547 869 775 780 661 511 497 709 10 758 704 445 756 68 337 479 99 981 273 102 605 503 483 545 374 426 14 194 754 889 44 353 664 232 16
810 585 780 505 538 117 98 202 180 499 112 896 640 193 419 817 131 740 640 310 988 656 35 24 663 82 211 24 849 45 289 659 728 956 493 869 246 191 670 693 494 744 274 999 141 888 55 355 582 664 589 984 115 616 851 780 107 900 235 205 563 181 982 558 427 195 864 144 214 280 541 128 917 235 836 569 212 207 423 155 828 648 746 889 152 383 123 872 992 953 934 16 636 697 348 683 169 698 984 684
714 632 172 93 123 664 10 323 81 371 681 534 987 156 431 898 687 978 898 544 721 301 449 317 73 175 319 363 916 93 209 17 85 308 946 820 560 719 618 744 543 912 535 439 413 17 459 375 506 517 156 862 291 195 326 353 813 810 308 863 916 209 403 990 171 161 5 833 158 131 123 317 23 326 950 777 343 572 927 736 256 349 399 568 698 555 543 102 672 219 983 897 603 39 283 285 798 924 226 625
211 398 147 129 725 709 941 272 245 118 653 479 738 32 412 384 378 323 786 720 186 869 753 604 230 994 776 50 422 463 955 836 920 736 29 949 467 214 986 646 460 677 131 744 444 124 486 951 31 536 275 900 966 326 959 470 32 841 251 84 845 935 107 392 631 188 610 72 747 982 303 109 600 804 942 783 268 915 363 760 362 56 717 746 247 778 456 950 853 265 244 113 929 609 193 262 580 204 27 670
294 108 494 79 851 199 86 939 789 119 53 564 84 859 713 234 895 480 243 113 994 82 745 630 457 445 178 733 855 827 249 287 144 594 208 351 312 285 657 517 783 321 46 819 589 161 65 19 987 158 783 403 237 794 569 903 299 282 540 466 549 137 172 794 70 723 873 631 829 896 952 67 761 608 310 78 721 966 617 178 490 133 903 331 995 312 364 372 820 821 473 790 417 551 318 314 815 326 92 749
977 952 587 933 114 806 123 531 808 953 454 903 739 729 328 564 294 858 555 684 503 487 314 514 12 19 549 773 561 200 932 42 215 623 816 305 920 261 569 771 524 412 179 759 109 435 544 361 914 205 373 642 889 398 78 774 650 178 591 171 59 493 927 335 648 289 704 556 427 977 522 697 114 795 39 824 871 152 536 376 898 976 741 278 793 411 733 740 794 831 450 665 15 72 445 434 776 969 687 8
855 982 664 236 742 980 236 187 132 798 279 121 899 766 637 979 341 235 612 632 527 259 235 73 96 46 265 993 954 363 398 474 733 663 330 912 473 488 752 144 875 109 723 332 110 863 126 722 893 80 495 8 380 760 963 481 724 936 793 865 970 444 849 884 350 685 972 38 906 115 945 427 331 848 688 861 647 825 489 994 893 282 891 850 768 299 985 439 21 812 213 368 323 494 699 493 385 50 79 377
789 40 24 508 813 854 691 933 112 836 224 1000 975 76 549 950 146 72 610 579 409 775 628 124 878 136 863 416 924 277 496 945 186 273 134 994 270 515 241 970 869 79 159 713 198 193 564 892 311 146 578 565 392 350 134 41 259 849 5 210 767 105 102 20 548 503 266 149 322 423 192 427 632 129 98 178 884 741 991 773 983 995 763 759 607 71 559 368 364 378 287 54 786 547 569 242 498 762 614 974
134 288 265 987 103 481 786 344 91 584 170 281 18 660 118 94 957 700 268 499 768 747 127 116 939 49 4 406 492 832 971 172 874 142 142 707 882 659 847 469 727 884 733 800 465 254 876 143 746 295 571 115 234 715 948 951 513 610 679 842 228 431 210 260 547 473 955 911 702 139 99 393 520 989 648 658 940 35 835 913 249 489 926 709 156 658 508 615 47 976 34 699 456 761 439 585 444 577 188 488
156 350 670 86 934 848 500 541 905 621 315 425 432 422 235 407 194 133 280 146 113 55 232 714 706 464 767 861 904 792 338 118 252 917 231 396 298 463 148 972 290 97 428 697 170 490 843 375 310 577 18 7 209 691 819 230 342 948 333 740 277 743 445 206 518 391 481 453 984 690 608 160 319 163 120 571 840 175 992 661 383 466 879 167 135 435 997 183 109 472 713 484 993 585 739 182 860 852 486 453
492 781 462 82 723 975 338 372 116 922 216 922 48 627 836 471 243 478 538 327 686 572 598 922 756 164 262 721 500 471 829 728 908 608 19 293 253 466 980 772 316 298 536 440 544 54 641 522 638 807 890 506 844 327 371 567 254 257 347 785 659 312 521 737 725 764 988 771 862 785 88 960 432 503 560 812 179 161 878 151 760 337 758 986 77 489 760 328 900 373 612 119 737 79 894 925 172 15 757 416
489 218 3 638 870 458 902 899 359 191 231 798 225 778 11 923 651 801 696 465 379 982 82 606 750 209 972 768 365 148 214 995 236 648 785 160 280 505 901 627 737 679 605 473 827 973 691 12 343 493 541 352 853 177 555 913 476 86 22 252 223 968 570 524 625 322 120 278 641 771 624 458 153 144 623 65 974 925 983 43 755 753 167 48 88 973 984 154 222 338 187 250 824 780 796 804 182 490 195 987
776 680 723 684 151 762 178 785 988 111 558 941 485 603 60 90 985 510 466 94 250 693 509 803 920 50 121 781 541 580 870 240 327 59 712 184 775 232 254 834 332 32 203 672 580 484 425 496 642 643 123 340 963 151 94 504 300 370 254 727 532 965 293 481 384 770 974 615 946 167 254 22 137 354 66 627 877 991 566 487 61 177 201 423 466 145 899 103 340 371 36 581 698 490 342 792 379 429 216 843
533 461 209 454 911 501 789 273 44 780 79 646 341 861 125 67 756 255 911 133 866 962 445 845 666 923 52 990 1000 169 851 25 489 493 937 445 743 435 35 736 302 954 266 608 979 189 638 275 908 939 946 989 461 550 148 756 678 11 250 103 748 210 34 922 618 2 1000 556 122 509 707 395 342 808 435 276 544 237 788 155 829 78 341 654 108 641 929 342 670 738 65 600 206 407 944 370 436 621 565 773
803 557 455 434 577 268 885 542 505 165 366 556 173 883 184 855 495 390 476 668 554 847 317 166 466 282 538 53 606 918 755 46 364 847 447 912 164 111 252 33 370 857 332 734 412 514 929 913 442 858 899 261 980 880 593 60 94 43 758 708 63 242 997 773 932 147 756 591 540 28 869 586 872 338 733 590 193 586 111 724 569 354 174 686 78 401 547 702 817 12 679 979 984 18 816 932 715 772 247 50
33 727 152 431 501 936 271 531 681 688 450 680 762 178 580 893 160 546 211 691 294 491 891 470 19 837 341 148 336 974 1000 595 899 536 709 47 36 740 674 869 719 203 968 622 198 391 695 502 439 429 402 37 923 120 166 263 955 205 182 894 419 615 906 665 152 237 44 831 505 566 84 734 432 909 978 420 981 529 526 718 88 396 634 109 863 791 818 879 92 130 856 804 366 898 610 345 57 111 332 914
22 55 857 327 824 591 33 894 220 27 707 777 679 398 80 474 709 548 730 324 398 920 862 447 912 308 473 118 393 737 865 609 629 619 585 260 165 585 892 323 858 734 480 221 838 396 309 602 811 529 68 950 288 881 1000 352 660 51 450 767 80 236 15 587 945 763 907 697 639 760 816 256 147 66 462 758 877 515 606 798 305 574 667 904 58 594 945 907 515 279 414 835 53 594 46 917 618 523 406 731
237 767 309 728 192 618 399 483 570 706 748 616 313 401 531 221 118 785 640 364 393 609 848 564 48 699 520 151 628 351 44 226 887 819 190 168 963 381 608 905 920 884 603 271 84 436 252 112 183 261 978 793 655 365 392 174 613 462 217 873 482 66 359 150 835 60 684 310 241 683 782 108 513 331 880 480 268 20 826 547 197 149 729 161 939 191 565 604 8 279 4 476 356 673 835 3 630 503 259 533
573 873 193 86 732 672 986 461 245 415 395 598 798 844 821 503 185 993 707 850 445 824 943 396 316 174 226 350 100 74 59 159 624 469 156 511 847 276 629 822 847 888 723 634 702 606 969 583 882 282 471 819 940 698 74 999 105 252 704 453 498 69 885 905 506 609 430 556 433 829 123 872 295 311 453 442 154 586 909 428 813 265 16 536 887 7 322 571 649 580 376 791 932 839 842 88 886 248 452 734
390 65 21 964 942 675 309 115 692 986 10 29 588 755 304 483 842 385 410 729 716 945 985 624 977 622 887 643 53 604 319 612 716 81 337 484 661 738 214 248 853 372 155 161 697 426 510 890 749 546 288 165 366 595 451 126 194 688 18 219 686 723 399 532 870 813 451 949 842 186 141 9 902 574 779 266 210 335 938 798 777 659 904 507 401 422 678 641 169 820 980 409 995 649 461 429 966 841 273 107
28 552 857 384 698 986 234 739 795 670 860 484 483 43 791 50 266 136 52 136 567 54 836 99 955 9 751 767 788 771 214 784 793 842 615 10 341 634 930 866 195 707 888 892 300 625 952 470 805 487 241 304 386 666 253 328 361 355 962 526 92 628 600 341 656 346 473 739 534 707 400 200 425 610 235 618 665 601 47 270 274 696 501 936 309 918 883 452 69 33 970 531 19 141 182 417 173 37 12 124
668 259 655 940 184 639 901 634 752 20 789 257 879 913 504 744 622 1 435 623 899 146 2 922 665 423 828 896 878 625 316 930 6 870 634 810 448 934 802 954 637 717 981 49 789 993 860 291 688 279 531 170 55 950 108 781 287 703 467 111 427 898 464 660 565 207 905 372 616 771 330 155 482 105 208 573 51 709 645 969 186 907 509 560 588 580 520 844 572 669 385 182 153 4 134 476 483 418 204 132
381 370 229 847 370 277 122 904 284 322 234 409 694 81 20 71 963 556 789 689 269 805 798 23 257 467 287 377 280 750 199 3 834 991 607 456 501 982 864 496 359 513 438 479 973 465 145 344 653 14 646 707 437 139 218 752 501 797 155 587 211 974 84 507 591 7 297 989 154 565 57 648 161 440 647 751 910 87 188 757 981 322 577 484 236 165 958 726 192 702 45 859 37 840 876 700 357 173 616 236
569 814 574 820 684 759 926 583 551 240 788 185 947 497 33 991 271 489 653 406 775 600 891 24 22 239 976 196 880 39 897 348 379 508 178 936 64 945 133 897 944 292 0 144 276 339 752 888 279 841 88 983 203 723 227 326 780 224 604 622 767 128 611 104 253 223 285 372 401 881 245 322 287 922 418 544 417 432 860 25 39 37 83 220 29 402 401 834 13 385 683 1000 833 511 271 573 874 566 736 600
903 30 430 6 728 408 738 784 199 51 13 962 3 300 292 345 256 337 848 722 388 111 783 768 553 793 981 810 361 124 218 806 47 982 567 379 838 914 674 470 730 679 384 566 968 72 367 752 10 354 936 509 655 181 607 238 486 852 40 377 623 834 22 227 7 712 906 115 398 492 747 537 112 593 974 191 945 944 841 796 277 926 264 963 882 541 623 461 190 442 154 261 120 498 554 765 12 133 330 177
883 129 731 123 699 682 256 242 63 82 904 429 390 479 601 961 36 733 335 147 134 739 440 598 567 520 36 599 912 698 984 754 0 212 107 491 420 777 960 58 736 202 495 164 582 509 556 303 502 214 303 547 729 337 398 906 587 856 925 480 899 61 766 271 987 588 528 498 427 646 364 290 659 959 534 233 871 29 891 703 78 279 99 908 977 280 654 884 184 311 607 26 207 70 553 68 404 789 649 736
96 973 633 812 698 167 510 438 235 286 59 339 420 238 253 574 57 42 184 370 654 213 502 577 750 310 425 894 453 714 602 900 873 966 960 271 500 222 564 769 897 854 625 721 57 787 153 519 214 726 886 270 900 489 485 648 859 331 794 704 923 385 908 742 246 411 217 861 456 625 810 428 113 371 527 37 436 140 132 330 564 457 223 844 767 366 120 794 555 525 655 868 312 0 934 592 323 653 279 895
418 433 912 436 913 88 855 821 834 545 520 979 752 614 404 975 417 598 417 758 888 473 344 786 774 802 319 781 127 673 670 104 718 512 331 580 136 528 929 124 639 30 661 939 710 277 471 132 326 39 394 843 761 437 920 396 174 530 581 220 426 756 986 272 275 368 670 692 937 966 201 50 760 618 589 955 84 119 636 724 100 397 645 776 568 889 2 662 20 835 984 359 469 969 789 265 845 111 369 488
228 900 509 618 562 22 200 658 155 470 200 304 649 713 99 685 702 538 773 521 93 361 911 988 520 866 481 327 112 476 990 50 984 602 990 948 864 644 455 619 489 581 896 622 120 387 812 155 246 525 834 589 512 530 135 233 530 626 335 550 757 55 364 978 457 142 220 113 72 777 633 221 23 34 151 420 473 185 174 972 960 324 991 345 311 712 673 860 761 424 656 186 489 102 267 689 485 942 193 905
646 415 821 551 369 259 602 689 174 989 151 476 61 753 818 208 580 758 280 290 810 762 485 203 239 47 8 361 113 855 882 947 648 29 14 405 958 901 207 202 152 12 97 724 687 200 872 46 177 765 734 348 493 16 837 599 579 402 128 493 144 338 626 690 803 321 459 74 864 163 654 828 815 605 129 231 36 288 594 126 642 239 690 558 776 24 453 282 956 44 426 450 757 651 397 974 34 354 786 943
414 361 711 41 591 931 927 16 255 570 621 699 465 784 584 204 738 643 804 116 560 17 539 374 481 166 266 595 818 589 148 593 409 546 393 187 677 486 797 817 336 498 795 190 788 367 842 996 865 630 798 153 807 955 343 132 927 608 935 596 83 233 103 14 795 503 91 298 722 18 109 908 343 84 119 711 277 335 540 648 696 949 735 484 635 250 222 530 197 764 702 535 204 484 410 206 108 685 432 249
380 325 650 462 654 952 194 42 553 227 995 987 878 804 301 265 246 213 476 191 784 239 377 159 125 504 531 193 473 263 80 281 877 971 660 255 190 769 422 656 96 158 361 300 998 250 942 937 408 503 680 234 612 731 795 143 404 779 175 329 132 590 315 558 185 466 804 709 545 125 434 214 773 705 159 708 163 133 409 256 493 543 816 52 249 661 175 819 199 935 623 622 182 130 857 871 722 129 923 569
301 892 405 879 110 187 346 590 242 711 822 748 632 328 217 443 840 975 454 562 449 195 760 252 640 847 820 710 11 168 258 756 474 192 634 938 983 930 66 112 577 289 835 722 837 484 539 645 895 1000 408 895 884 773 162 323 327 666 908 494 466 977 896 245 215 32 79 991 83 748 481 840 882 916 828 1000 988 993 874 395 832 389 35 504 270 447 833 115 912 39 51 946 734 581 968 497 430 40 317 917
377 792 800 669 164 74 937 471 687 840 249 932 689 247 396 895 232 798 713 47 745 350 534 688 80 738 21 52 990 179 994 961 733 165 446 688 528 136 893 95 339 413 554 419 479 58 526 959 43 642 296 880 292 529 88 403 17 183 286 642 512 192 328 443 304 227 594 449 859 547 130 388 53 366 394 254 630 181 325 31 165 964 797 974 902 165 537 391 463 492 201 367 404 291 971 431 711 41 296 322
545 915 919 617 957 928 26 693 157 363 357 322 489 91 632 691 683 150 615 161 83 523 432 214 372 786 54 681 561 144 164 340 916 142 440 49 360 735 918 629 120 176 258 71 898 667 879 435 868 476 96 643 477 114 733 344 81 649 338 541 12 315 467 518 474 976 62 958 172 73 344 703 565 324 322 911 522 938 928 529 206 687 271 541 538 214 645 818 850 554 938 315 206 691 19 308 626 548 299 552
149 144 466 561 555 374 445 992 351 719 508 520 35 44 458 475 309 807 89 435 73 451 355 959 443 10 83 566 575 854 821 627 936 353 243 912 339 874 372 667 705 173 436 451 48 401 327 798 900 546 670 63 775 824 130 357 140 225 753 865 205 403 231 882 202 848 308 583 524 132 351 411 536 11 151 588 647 574 570 668 965 326 396 510 810 794 921 359 346 665 902 828 815 177 803 298 885 389 59 823
495 820 680 217 272 489 871 468 93 820 88 548 746 349 143 206 596 665 369 848 947 335 588 55 691 893 939 600 936 866 51 924 288 168 853 767 544 211 437 383 393 834 380 103 88 653 690 970 178 156 439 776 122 625 328 826 120 802 970 449 225 283 774 678 901 786 157 601 729 440 868 646 294 286 625 266 639 72 347 791 201 580 401 585 317 384 971 275 98 368 207 81 735 887 464 324 819 507 719 419
16 957 501 586 709 671 177 650 580 451 215 897 526 119 445 410 95 703 511 577 275 472 582 539 258 999 966 269 564 979 88 546 547 519 746 721 314 813 248 371 310 722 573 187 826 117 486 399 590 736 864 371 105 940 518 9 399 630 446 380 313 317 225 802 133 186 596 773 823 527 632 245 738 413 349 962 834 647 827 306 622 288 401 288 879 723 921 245 238 226 674 930 341 374 882 249 93 254 246 771
962 236 817 813 658 566 760 886 407 705 247 362 461 645 219 718 466 86 91 993 938 252 11 921 989 857 774 450 731 433 125 833 552 877 605 947 604 685 129 449 300 769 490 214 924 367 869 790 184 765 646 145 191 76 458 219 305 231 675 367 3 502 124 759 468 259 307 466 789 657 382 760 370 241 889 786 34 449 592 694 899 481 538 350 901 747 135 285 921 72 947 272 792 252 823 454 336 664 628 642
568 953 455 217 580 166 219 501 980 942 61 952 84 216 852 225 267 957 311 972 93 30 97 696 221 670 949 185 482 946 650 444 907 745 858 286 771 637 218 780 383 592 65 505 459 697 897 27 477 584 283 540 440 925 224 559 258 323 296 891 226 59 447 113 315 881 775 247 751 441 732 249 731 341 240 868 401 558 218 223 168 505 677 178 708 400 124 47 100 238 229 328 181 90 502 623 958 308 670 903
928 429 512 737 660 591 557 995 40 720 329 999 437 89 881 487 397 228 540 865 37 64 713 962 164 824 636 650 264 106 462 668 924 64 9 928 765 459 904 280 580 472 420 934 234 81 1 305 45 129 432 972 513 127 296 199 687 874 328 934 684 252 675 610 759 728 452 483 700 791 512 930 835 74 966 254 87 444 753 126 222 695 577 1 818 657 242 73 83 434 620 232 21 68 543 647 991 581 5 639
740 425 964 609 621 787 53 929 969 287 681 328 772 881 763 234 149 175 168 681 773 817 194 843 436 552 230 742 990 20 25 741 15 776 483 207 239 800 59 223 876 755 45 741 422 217 499 296 282 983 766 256 40 465 581 951 368 861 882 774 30 550 522 39 473 288 622 16 808 653 380 23 964 667 436 814 307 449 266 667 952 491 99 606 621 373 559 178 689 422 669 342 71 256 880 202 217 385 646 367
318 981 260 469 890 943 956 889 699 587 269 237 497 908 669 141 949 289 979 557 783 797 696 815 465 711 667 326 589 634 299 262 814 596 337 634 265 208 536 356 604 35 549 13 615 670 0 561 18 179 422 935 381 549 842 259 850 91 966 588 568 345 136 121 531 289 165 699 624 289 799 622 946 299 489 389 959 821 0 406 116 484 896 277 481 971 461 662 600 511 863 643 412 301 836 380 777 627 475 587
205 639 666 136 518 313 285 418 292 764 119 695 311 253 464 850 637 185 236 87 815 394 209 921 685 433 468 523 846 209 842 94 945 496 371 426 558 929 568 542 290 66 369 351 13 829 926 932 337 187 288 993 907 286 882 185 495 746 412 552 429 89 629 181 710 673 215 111 573 744 415 109 679 835 57 582 306 953 799 674 405 536 967 360 70 214 520 267 786 4 988 303 53 393 704 282 314 507 231 842
929 408 891 32 43 535 292 762 316 714 653 135 785 288 359 159 88 285 826 866 999 686 558 103 496 124 207 278 941 128 561 823 227 191 690 485 827 596 968 402 308 119 132 206 286 827 323 691 877 935 985 904 314 537 291 406 242 485 400 408 995 245 133 567 668 114 707 444 775 400 714 813 828 987 407 282 552 817 436 657 720 289 407 457 239 257 594 64 166 712 622 255 496 916 935 528 357 466 426 928
231 188 498 419 460 673 376 91 974 582 148 736 110 737 880 876 650 582 519 797 329 511 363 752 907 610 165 718 707 387 516 352 525 206 338 135 872 382 33 984 953 51 748 48 459 917 179 452 839 829 532 742 25 35 923 815 352 148 238 511 92 361 166 627 783 969 831 273 359 695 63 84 157 99 693 87 881 443 319 294 361 650 952 785 16 811 589 361 680 850 878 361 477 671 245 792 160 767 474 443
823 758 482 20 909 220 99 41 38 570 177 626 8 291 984 772 994 316 881 328 935 352 102 927 430 213 179 618 385 800 535 418 629 405 760 836 731 101 669 390 638 141 695 871 925 124 249 992 87 977 155 504 342 264 604 176 132 204 101 848 445 627 558 577 990 387 38 626 473 973 748 649 508 255 812 236 945 723 219 620 464 648 952 680 769 493 520 733 666 714 838 823 790 839 473 516 980 79 926 836
828 479 57 853 305 995 273 158 412 147 523 604 15 744 695 320 181 125 847 639 725 81 975 395 962 703 157 877 823 752 989 214 653 715 878 117 433 761 971 211 562 24 213 742 454 846 483 901 63 99 206 935 738 62 44 539 450 574 602 300 134 248 339 727 881 260 395 98 217 688 598 689 543 115 271 674 286 578 804 799 17 526 914 929 904 432 313 449 942 4 769 450 99 12 619 152 98 824 576 480
636 884 250 664 750 233 166 844 400 186 508 420 755 527 716 319 989 168 379 322 374 311 367 285 748 250 78 899 768 669 596 39 623 800 314 247 291 408 45 118 321 751 454 315 140 134 236 32 782 394 887 404 6 238 134 121 698 166 724 345 821 38 31 844 717 778 163 685 187 162 353 150 349 438 411 628 254 842 781 452 733 863 315 44 596 309 667 220 308 742 564 115 672 292 639 757 920 727 942 12
850 17 916 632 876 252 654 694 186 564 685 14 197 326 691 697 141 312 18 126 516 177 98 29 929 696 197 199 895 60 877 20 502 219 417 524 859 537 829 217 512 223 169 549 268 887 877 885 70 142 804 75 941 484 160 230 546 466 914 830 647 581 852 634 135 587 731 683 522 528 49 300 85 198 100 996 526 41 624 943 336 876 20 61 7 488 277 249 8 128 749 212 220 408 244 318 606 721 379 59
307 430 310 718 908 724 286 167 634 624 203 567 830 291 84 664 268 611 514 729 41 773 325 53 317 154 540 985 792 35 118 423 187 12 515 727 160 985 961 502 55 543 867 639 710 609 2 512 526 799 30 129 342 57 271 796 684 264 87 937 277 349 507 585 536 762 554 869 764 375 604 456 615 160 325 906 758 228 922 278 389 129 368 940 966 16 579 638 276 139 303 140 301 278 652 962 679 891 524 738
438 854 738 490 61 118 935 921 649 598 554 768 384 99 179 290 98 304 332 336 954 105 542 625 153 239 417 785 574 594 918 977 154 836 461 457 715 932 325 388 15 381 967 529 835 279 19 963 615 803 844 325 767 62 352 929 508 916 157 159 70 667 931 616 499 878 596 843 279 250 972 118 738 376 684 14 315 658 468 511 825 511 785 272 134 203 207 523 483 387 155 992 42 817 566 308 682 35 914 471
843 549 825 981 339 873 17 242 191 951 236 935 19 962 989 633 266 414 262 451 435 593 941 235 405 35 203 594 155 253 466 676 599 7 721 719 519 952 172 538 239 523 147 687 556 191 87 851 515 369 338 658 832 45 92 470 930 439 657 884 937 706 473 321 843 459 674 232 272 581 658 870 857 556 113 579 794 12 766 209 788 887 407 5 481 158 480 821 524 661 929 823 464 650 214 642 440 127 728 852
239 387 492 918 741 733 358 360 148 431 544 418 429 386 260 734 469 874 543 828 68 31 637 614 564 515 583 466 101 263 422 996 537 779 67 153 860 868 532 100 805 98 96 821 186 448 706 198 617 794 266 831 975 898 156 443 89 673 763 521 769 353 274 689 291 603 863 936 37 223 220 46 141 227 959 280 316 394 361 701 133 640 357 218 187 155 182 792 95 582 515 553 531 191 873 281 357 666 217 143
570 113 510 3 550 40 596 116 897 897 648 818 176 895 963 727 543 527 262 802 798 238 619 853 514 956 668 856 97 537 248 65 168 558 380 724 788 211 103 646 925 573 826 755 899 713 598 680 501 973 135 956 984 888 966 860 631 125 493 506 934 234 227 834 92 31 541 557 504 608 665 98 691 556 154 859 940 619 654 349 691 606 1 968 54 222 367 982 317 16 541 66 736 933 670 890 118 317 650 432
947 986 535 698 742 315 828 990 255 253 849 857 30 166 748 911 372 917 196 299 456 456 562 453 955 575 765 337 180 137 943 53 676 75 663 12 376 115 673 726 15 611 884 847 865 990 5 311 839 502 87 664 137 321 364 905 288 82 666 344 247 439 68 273 812 738 331 163 5 32 809 439 149 951 33 946 476 983 858 565 250 452 273 819 835 504 331 308 404 157 344 403 219 127 881 764 275 157 542 761
547 229 222 745 643 275 107 635 721 442 41 660 109 83 281 811 750 926 476 144 744 561 638 94 645 391 590 419 412 553 575 6 967 397 145 182 731 456 754 902 276 699 590 980 662 584 593 778 13 784 325 965 309 103 341 207 910 161 738 129 886 1000 774 96 734 656 879 481 881 954 332 870 611 247 49 564 634 44 207 338 651 15 672 1 12 296 273 948 145 217 435 618 421 725 955 213 756 677 843 692
564 700 493 446 30 172 568 365 450 62 242 276 345 90 226 339 518 70 239 720 688 432 310 977 738 912 557 75 366 342 956 526 126 161 876 336 578 518 502 169 484 306 428 705 210 627 513 0 24 906 722 589 809 593 530 497 625 525 882 650 969 565 866 226 781 486 727 680 651 306 161 200 147 138 800 389 614 59 683 715 724 23 82 509 861 269 904 337 795 580 459 107 355 708 299 473 363 768 79 410
756 740 372 717 278 984 472 999 528 318 971 635 899 448 689 124 266 260 681 579 198 759 522 676 863 107 817 271 937 853 339 533 519 230 94 383 970 582 893 602 802 497 35 455 973 173 972 339 892 317 973 66 29 652 137 664 930 92 305 981 669 980 607 392 381 491 580 857 830 188 149 457 142 537 312 107 406 853 220 720 962 883 642 267 898 278 332 258 161 899 162 655 447 68 819 674 226 912 703 441
668 836 718 268 624 116 19 198 689 465 601 950 115 587 220 654 31 0 608 21 846 409 754 296 394 516 316 609 124 809 977 103 773 384 826 682 720 565 834 48 275 253 352 362 16 9 898 712 937 850 260 883 440 109 275 274 685 678 550 189 325 985 773 313 319 196 117 356 799 590 138 705 651 80 716 90 207 863 524 859 600 719 3 81 176 954 935 883 179 532 613 603 399 225 700 45 384 945 947 799
985 290 156 764 416 891 469 97 446 956 168 471 50 200 265 327 269 345 979 385 576 330 456 908 747 796 609 825 744 312 409 457 663 927 391 506 271 97 41 136 747 693 312 144 764 350 816 773 35 608 571 931 71 975 16 350 588 857 207 198 14 116 995 70 669 950 521 772 964 572 544 408 324 101 497 755 716 969 552 577 319 249 888 306 998 661 984 788 584 731 495 540 334 452 28 465 661 846 710 650
844 893 174 339 165 855 116 197 712 803 77 95 406 901 831 975 140 646 602 199 452 733 512 404 840 434 960 219 448 315 422 624 49 499 465 6 714 395 758 86 144 727 716 778 197 610 955 851 185 460 311 888 204 144 115 223 132 344 847 575 128 334 782 281 846 910 825 60 539 481 119 755 317 746 754 575 679 977 413 939 880 152 319 353 672 583 373 213 109 954 651 905 873 138 111 14 145 903 749 606
173 778 939 665 356 112 536 339 865 672 758 779 804 481 291 850 481 635 439 305 713 330 737 488 131 224 153 512 435 125 836 928 703 188 884 495 255 491 804 206 422 737 289 276 476 731 461 906 325 129 210 680 345 266 590 503 730 702 739 773 726 421 42 605 809 162 229 640 836 162 659 319 557 731 654 656 95 672 862 12 371 575 975 600 656 70 833 324 769 703 218 390 901 230 363 800 390 55 297 904
819 411 518 306 813 550 936 36 884 327 740 188 946 29 57 40 67 458 547 643 293 807 204 817 608 793 511 554 123 237 398 963 913 790 955 599 56 884 920 598 267 764 340 111 283 282 255 780 996 631 69 499 458 835 19 44 1 634 391 692 493 506 817 605 796 974 567 145 189 588 41 375 382 574 864 956 512 128 881 2 924 668 910 951 53 583 897 504 40 447 470 810 283 580 83 787 722 903 967 663
689 343 353 931 91 91 166 66 71 760 952 57 107 82 441 813 303 255 783 714 669 290 365 770 132 338 452 519 523 470 663 177 664 239 178 489 888 177 440 327 6 836 643 92 134 888 113 717 697 229 58 294 880 813 356 966 872 258 805 274 826 863 919 683 885 568 269 18 742 365 919 665 429 212 353 692 502 66 963 590 442 343 306 370 688 829 742 285 493 636 327 318 138 558 841 714 158 275 932 840
984 165 943 907 386 278 182 19 65 909 110 732 808 227 460 637 750 242 885 586 196 330 737 956 469 59 478 347 591 384 35 402 40 492 214 746 843 160 213 619 183 21 48 865 548 677 399 602 456 212 95 880 716 394 389 839 225 984 304 244 390 730 970 702 68 842 446 495 833 584 307 671 795 408 130 825 403 394 166 841 198 134 237 560 647 847 934 473 67 785 420 147 251 75 37 928 734 564 523 894
290 541 98 764 259 692 326 186 7 820 706 602 836 198 154 828 127 53 165 39 411 111 638 374 486 235 363 767 681 936 224 241 461 835 106 221 383 380 764 731 814 573 464 126 890 410 516 921 262 324 376 447 676 536 216 494 630 457 775 47 403 887 754 713 681 428 714 908 166 499 69 433 942 368 294 855 580 582 883 608 423 597 762 243 910 838 412 175 765 747 803 712 926 285 887 922 943 975 151 790
414 571 103 330 298 383 19 996 805 683 975 893 737 512 822 604 37 732 206 859 773 623 712 293 119 923 718 893 244 376 535 184 861 75 37 539 981 132 885 942 941 716 909 818 885 756 320 179 838 116 205 448 337 291 524 451 681 431 362 766 776 370 337 415 766 605 373 552 523 422 813 68 831 535 601 951 68 75 768 678 180 848 16 505 982 415 839 601 941 870 426 70 857 987 563 945 552 417 758 339
142 22 255 734 693 202 41 33 848 776 465 128 807 16 990 793 298 244 181 729 20 694 634 277 178 439 469 90 458 867 438 734 963 559 521 470 804 669 611 20 154 280 504 777 85 310 5 576 677 499 586 601 751 712 491 26 293 574 82 113 429 779 795 807 28 160 962 396 304 299 370 376 611 500 352 617 848 913 827 63 467 555 251 575 406 184 871 920 7 285 216 359 549 936 727 222 37 227 612 978
947 777 125 113 6 930 72 780 125 939 674 686 882 546 845 108 359 932 251 289 936 141 592 180 193 369 757 631 172 380 986 395 888 582 902 265 21 178 690 593 326 20 942 145 580 957 154 292 63 497 207 441 945 906 926 200 796 865 66 894 561 663 55 747 853 86 552 51 501 178 680 724 748 493 65 391 738 334 259 856 882 658 178 351 571 326 710 480 17 220 126 548 823 739 970 847 696 464 674 599
107 199 289 294 50 285 912 28 674 202 507 839 161 294 429 290 554 620 605 104 819 689 289 642 799 855 81 319 472 905 168 744 514 562 143 880 663 469 455 460 421 5 247 599 90 74 620 549 890 688 271 717 936 840 463 858 299 945 761 800 94 459 607 500 780 774 637 55 382 775 430 388 23 660 526 874 61 273 748 68 395 122 720 205 259 323 383 253 383 580 263 181 679 432 820 611 561 757 49 464
521 45 608 935 197 166 827 903 641 205 52 504 803 960 641 115 908 866 577 466 268 108 193 498 698 774 236 241 617 220 902 291 791 990 911 228 814 672 661 577 668 941 166 666 7 273 157 61 383 48 15 173 550 345 89 435 872 700 480 297 893 85 15 24 609 277 703 675 882 277 783 74 277 481 483 661 538 292 305 690 842 515 220 598 888 887 191 772 857 192 674 143 506 870 428 75 96 436 216 915
284 37 433 112 702 584 188 857 716 686 662 597 830 902 277 643 414 316 673 922 556 955 583 796 560 312 869 866 648 430 557 502 139 620 328 531 70 872 459 807 878 148 3 245 899 787 748 108 536 494 700 378 148 629 204 15 935 183 578 562 548 150 898 477 819 338 866 683 358 906 795 671 984 738 311 833 166 975 588 464 603 137 238 975 488 176 571 904 892 215 586 552 216 431 867 953 690 37 802 955
233 62 770 950 325 974 446 511 472 520 892 347 86 234 761 810 506 669 797 53 127 814 536 155 558 255 35 32 680 414 97 510 726 943 615 764 937 405 212 841 371 422 374 456 264 458 714 676 63 300 118 367 49 754 456 308 218 299 818 475 484 983 923 665 233 247 795 118 143 475 453 42 92 741 132 781 875 449 448 26 452 746 117 126 277 815 421 32 747 751 884 496 976 317 401 713 659 17 774 239
144 763 9 804 950 823 144 852 801 461 693 866 175 53 567 140 510 293 316 963 738 921 747 76 482 270 753 538 501 872 633 555 347 717 637 971 626 367 459 161 818 153 649 122 152 310 550 459 341 753 170 70 633 131 281 606 482 277 653 540 665 807 656 513 489 354 935 868 854 7 452 479 172 539 801 793 640 33 443 882 921 658 380 617 91 797 393 667 319 525 113 337 412 286 875 117 369 938 546 564
808 720 595 174 484 413 873 471 738 971 118 611 476 75 149 732 517 40 171 778 302 169 244 330 708 7 428 515 643 726 412 475 410 364 940 802 328 901 139 998 863 236 404 387 530 772 152 632 765 255 73 969 732 230 109 281 130 491 651 94 997 364 679 107 507 781 617 79 461 704 110 262 513 590 226 876 862 653 513 200 746 46 862 726 714 539 981 86 7 908 612 272 204 340 713 388 282 942 54 348
564 742 519 792 738 329 698 676 167 468 921 485 278 907 897 36 855 996 89 508 728 495 468 845 898 648 159 323 296 664 121 663 527 520 520 942 728 556 1000 610 227 547 663 369 122 451 69 170 968 44 737 458 209 152 985 128 500 137 472 78 824 324 39 478 30 238 422 673 536 666 291 567 210 899 8 547 982 459 541 629 407 549 23 176 177 447 371 273 671 250 722 890 158 818 8 984 551 110 811 7
683 566 425 797 761 396 854 271 819 421 947 449 810 576 696 51 772 474 218 27 82 841 656 670 806 928 110 509 580 905 118 33 522 442 341 449 143 772 532 954 556 584 109 377 943 947 732 937 608 948 787 137 40 163 63 840 187 760 311 894 860 681 266 617 27 229 789 174 965 680 658 159 576 11 505 753 718 758 822 884 286 601 567 15 373 703 677 385 25 995 327 397 971 540 99 974 286 823 414 998
895 24 691 3 212 516 630 545 916 436 79 330 149 950 643 185 879 880 197 21 584 682 403 7 544 437 799 828 483 883 223 209 513 225 760 918 213 432 421 579 584 792 12 823 478 603 501 430 136 448 132 496 258 521 136 506 330 543 292 912 645 614 409 176 731 786 309 352 294 781 455 571 153 327 68 1 968 665 516 146 641 449 665 245 498 521 255 786 701 543 474 913 386 443 100 725 698 826 617 498
565 856 155 490 505 399 34 736 472 920 356 782 464 280 916 644 229 277 784 997 87 790 324 52 166 947 79 491 639 881 438 459 615 13 494 293 581 549 835 44 794 781 249 281 644 727 873 762 390 491 177 669 280 85 475 107 880 320 406 358 985 824 276 269 463 215 379 15 771 409 457 835 122 108 995 68 317 700 994 129 566 273 703 231 619 774 423 544 461 7 360 844 16 741 645 477 88 515 512 570
350 421 625 751 96 772 76 647 769 551 798 688 994 493 976 252 674 675 910 256 831 802 380 563 985 725 100 302 693 624 123 84 240 790 324 104 830 171 326 695 527 877 667 537 548 474 308 660 801 665 240 40 101 438 994 707 898 297 518 710 637 674 400 678 659 102 835 82 485 411 518 480 328 198 71 333 864 802 124 927 210 663 697 171 584 65 9 265 158 949 953 226 678 792 169 155 791 882 431 121
945 364 600 36 518 347 334 420 722 305 819 168 54 597 642 639 295 561 337 843 901 126 221 83 800 349 447 874 101 544 409 354 901 740 584 737 573 844 372 732 559 360 45 206 660 310 670 779 381 810 825 672 234 955 430 993 493 873 630 591 425 23 648 930 944 586 653 35 976 230 245 826 957 820 106 463 440 205 438 170 739 153 130 632 910 642 497 144 808 63 945 131 478 121 379 609 913 875 477 389
874 252 754 891 141 293 284 553 330 577 406 212 772 120 891 789 952 661 734 902 648 159 363 303 834 716 977 199 621 897 545 269 680 930 999 39 439 349 951 360 622 95 917 695 355 465 333 668 710 737 38 376 400 966 485 971 131 782 306 804 267 873 71 985 171 548 966 76 504 316 389 615 838 762 245 474 677 548 813 435 76 7 568 113 18 308 196 504 438 676 407 761 511 159 66 462 705 887 718 755
537 525 598 930 194 502 88 991 433 171 556 448 856 371 557 555 885 318 288 451 762 391 31 638 485 378 640 607 691 375 433 86 612 288 914 108 107 505 108 185 356 434 577 910 650 750 224 242 895 899 910 14 33 348 439 756 777 629 572 419 460 664 845 127 433 549 26 284 482 929 14 762 83 627 203 936 988 770 209 499 329 383 153 527 695 744 963 173 611 920 686 886 248 708 360 692 680 404 612 2
674 186 554 423 528 384 116 814 887 69 84 986 152 438 54 370 96 444 453 537 582 876 260 844 84 778 48 990 124 730 347 711 65 66 77 660 838 391 7 439 980 152 665 907 397 21 992 266 179 25 660 997 963 798 765 834 849 201 428 345 751 957 649 722 222 71 697 101 219 168 158 700 566 418 981 364 896 129 998 47 724 940 751 76 710 7 904 649 64 334 554 594 470 411 415 913 140 287 903 769
770 587 564 575 520 683 897 257 407 85 939 893 496 637 924 314 898 176 600 909 102 678 242 639 484 77 728 448 383 605 995 541 60 242 747 137 301 559 400 675 464 728 462 986 573 648 309 730 727 520 433 956 66 768 208 914 209 309 681 182 463 720 390 519 215 150 360 380 302 503 723 998 93 311 420 606 259 647 758 722 380 940 762 602 304 659 857 237 831 622 956 167 312 333 383 217 894 945 352 272
694 705 210 947 935 787 143 373 559 191 485 589 261 755 443 197 372 116 474 861 695 541 889 601 126 21 228 542 76 322 241 328 188 190 321 509 538 884 309 250 403 114 425 801 254 550 910 585 538 551 395 575 533 451 773 546 167 475 623 220 708 272 557 248 244 709 332 194 69 49 124 36 396 84 413 16 691 77 945 625 250 17 908 524 712 144 530 704 530 433 169 299 221 414 810 862 862 513 466 644
849 664 850 469 700 744 81 784 656 429 81 119 115 199 953 957 284 914 833 574 916 610 974 329 36 140 854 902 118 146 722 481 203 385 810 129 722 534 897 342 163 891 296 738 265 401 100 550 831 628 460 463 420 663 420 603 756 830 1000 898 985 366 721 66 659 799 57 910 994 664 63 822 634 409 287 214 357 176 115 796 534 800 388 291 131 981 377 911 841 613 118 310 585 787 166 859 809 218 136 347
283 838 747 38 872 433 67 599 698 427 430 508 487 975 562 738 898 713 739 467 500 40 901 59 181 392 686 467 753 294 618 788 178 430 606 21 299 649 888 649 419 123 391 739 745 989 20 639 779 555 144 972 931 970 857 526 847 499 449 178 380 343 244 342 919 45 77 750 723 854 874 448 355 310 348 119 419 94 54 127 38 697 681 838 791 334 116 607 923 297 95 359 130 823 508 830 251 505 970 249
400 793 344 31 795 72 101 504 709 559 453 760 279 353 367 927 381 615 272 97 89 101 939 705 116 204 850 250 968 186 412 848 344 312 906 293 12 286 834 76 371 982 145 155 745 647 0 168 603 857 710 527 855 545 76 436 858 930 46 615 36 88 217 301 992 414 184 394 644 952 690 485 624 266 896 962 240 801 787 932 977 320 374 423 744 686 692 187 427 186 612 623 176 619 711 929 571 706 946 488
814 656 579 641 275 58 396 918 3 763 936 357 445 398 374 446 585 388 41 63 480 235 729 250 133 856 54 709 727 348 692 567 630 219 922 295 296 666 825 628 569 535 376 365 626 505 599 215 908 572 538 564 754 93 675 592 81 674 177 607 597 788 268 835 406 691 426 279 829 458 430 25 185 157 609 592 817 229 109 483 282 163 80 953 38 614 228 459 550 486 808 704 651 135 91 860 231 829 92 585
507 960 803 569 215 310 514 331 517 712 387 139 568 147 304 281 398 756 364 44 672 296 505 461 1000 340 978 774 695 347 410 485 744 286 842 96 426 206 97 128 691 445 633 929 449 322 926 896 227 809 151 878 756 201 696 787 248 376 762 188 429 385 640 727 541 552 10 12 44 818 254 553 828 75 293 884 284 975 406 32 416 568 824 484 930 177 184 986 768 98 856 222 378 365 79 523 344 682 238 120
835 443 833 568 488 657 744 170 337 273 434 579 363 867 504 762 749 322 336 474 832 751 69 785 716 938 694 98 526 520 68 927 645 608 413 154 978 282 767 743 280 59 694 808 592 482 236 79 874 779 992 735 821 498 644 373 435 445 72 313 227 878 520 789 136 674 954 600 371 151 517 891 886 280 775 214 889 284 878 196 220 96 971 746 428 277 26 400 325 297 213 930 805 341 636 876 919 420 561 841
151 934 858 299 66 338 604 607 96 422 783 797 517 174 97 867 172 651 948 816 431 306 134 831 263 818 214 876 307 166 511 347 606 400 178 289 789 231 929 823 24 594 813 610 701 650 572 363 821 360 794 729 363 579 540 621 963 353 41 529 822 437 526 733 344 461 79 401 839 999 802 117 454 516 574 106 598 191 34 251 154 465 510 50 655 863 319 474 721 955 782 510 400 716 659 675 951 681 193 500
783 484 388 164 281 453 317 368 868 657 843 808 395 460 270 420 817 484 117 967 820 606 855 243 21 381 890 23 135 978 50 723 18 22 492 231 544 64 563 292 972 274 831 143 107 221 246 1 905 230 357 623 507 437 831 956 556 828 310 286 742 956 904 131 70 828 445 10 651 296 716 571 548 44 178 885 813 190 905 238 992 726 993 280 248 716 934 137 708 298 556 791 506 945 893 913 644 280 332 249
652 431 720 386 559 225 135 656 468 265 313 54 502 262 663 617 416 302 60 481 983 648 388 472 911 917 699 756 65 899 259 773 247 955 357 289 332 939 413 134 213 895 438 587 555 579 584 726 108 1 165 144 833 741 632 73 0 88 694 43 366 816 40 52 308 49 590 13 398 355 737 902 24 189 922 495 467 954 619 657 667 136 809 750 65 910 970 597 486 846 697 225 786 46 994 295 950 644 11 513
236 545 914 957 169 477 403 400 138 108 464 158 731 258 355 385 66 518 17 793 783 468 717 414 840 935 477 797 525 369 991 984 727 190 470 511 646 942 45 155 253 296 697 142 950 555 161 681 845 354 140 145 433 111 969 40 681 537 206 506 301 700 901 953 697 469 693 666 478 681 868 304 789 842 18 146 818 266 635 290 812 997 544 164 458 697 300 476 333 876 865 45 342 448 92 951 424 910 554 378
488 949 605 29 987 775 450 43 985 138 456 844 176 163 92 782 395 703 923 515 70 908 68 960 917 967 513 106 278 907 653 293 138 594 503 88 474 954 18 371 289 991 449 818 110 380 361 573 324 797 831 705 131 768 906 175 511 481 501 554 821 290 773 881 549 336 915 424 204 196 939 575 86 759 0 900 538 985 928 349 504 397 788 29 917 619 0 907 122 808 406 359 229 559 36 173 856 182 264 889
487 748 636 884 277 145 953 481 501 688 299 816 792 145 748 934 760 733 728 798 115 807 514 394 512 885 509 930 110 869 683 954 456 542 306 643 510 603 281 184 235 523 101 239 165 153 898 492 488 510 822 698 132 150 871 53 185 436 886 798 118 355 75 433 507 895 392 847 17 806 820 299 859 617 610 318 433 500 904 473 115 602 217 762 873 223 687 911 53 666 630 262 451 808 921 274 356 468 530 890
724 929 872 129 164 573 920 896 499 838 950 877 860 537 631 763 677 596 655 87 598 108 97 260 921 728 797 205 417 574 429 190 894 687 739 79 310 337 167 582 595 487 330 310 22 648 851 522 231 607 996 320 753 500 961 912 658 909 598 876 907 573 340 619 273 535 296 861 505 596 760 41 69 545 98 540 744 448 509 438 41 96 413 0 344 367 324 16 729 365 509 32 747 212 980 755 470 580 234 285
820 181 450 45 967 163 180 633 251 126 852 936 596 406 10 478 908 276 171 970 10 9 869 41 655 954 446 182 609 299 921 537 225 990 561 531 735 351 768 550 530 455 329 95 989 37 70 503 84 559 310 941 555 424 32 26 546 158 579 654 966 106 333 175 606 104 888 448 81 599 817 35 453 319 323 605 581 316 592 477 610 216 992 63 480 772 321 194 265 704 736 192 733 678 490 448 990 133 491 693
673 108 243 996 865 812 147 727 47 935 232 302 901 498 276 130 387 996 163 967 30 23 193 668 120 775 413 924 678 630 498 37 296 313 686 804 122 644 319 84 319 560 738 657 182 789 140 595 865 332 297 602 213 710 495 187 283 729 172 916 7 671 60 345 214 172 932 685 838 212 80 519 107 463 576 678 644 72 367 816 753 679 30 519 732 934 29 44 413 670 380 771 508 531 921 818 864 823 346 488
764 785 249 699 218 674 184 864 354 851 609 542 129 392 594 131 622 75 696 591 195 166 864 315 952 919 622 200 59 634 114 495 264 857 337 709 566 659 702 356 391 856 49 67 847 919 349 379 691 865 6 373 460 383 384 55 471 813 318 880 330 217 372 965 566 667 370 42 302 868 75 453 160 972 951 241 520 790 221 915 575 740 712 523 359 295 15 895 940 194 251 582 261 556 160 502 442 935 750 490
702 989 993 850 865 379 858 660 854 672 869 58 491 761 805 261 985 334 731 562 947 752 46 850 408 406 239 355 80 630 986 159 973 793 172 617 776 764 160 46 760 352 289 706 553 91 268 210 445 364 722 54 79 222 103 507 589 556 458 251 692 501 142 104 57 151 384 314 885 894 296 398 945 600 347 279 234 106 380 304 503 245 560 511 247 211 75 339 657 298 937 957 953 480 948 589 419 362 166 568
324 449 370 12 404 951 286 211 955 940 517 856 742 208 654 986 494 810 168 592 35 532 387 937 882 262 122 122 321 441 882 245 129 152 11 240 564 838 983 983 245 590 68 195 993 88 617 62 823 729 223 24 427 720 573 517 102 67 24 767 739 104 980 538 357 257 290 308 993 790 770 266 53 929 894 1 35 610 794 151 614 985 858 774 537 975 103 565 660 120 967 170 462 980 356 327 519 410 275 122
430 217 606 514 798 992 129 353 580 180 166 560 323 772 27 346 363 316 256 61 797 311 244 951 858 517 542 825 54 981 212 251 589 721 488 657 228 105 778 90 945 693 845 367 286 239 608 482 162 636 647 742 150 135 415 433 632 923 324 470 146 633 466 463 1000 569 518 721 371 667 791 666 216 77 555 595 598 250 916 797 287 579 557 589 137 810 222 83 491 95 616 662 795 930 195 362 771 606 500 676
490 812 6 640 845 912 830 922 165 745 770 322 911 907 572 371 286 731 321 72 206 816 904 841 465 544 871 919 684 850 429 753 563 494 306 630 84 283 57 876 876 448 245 552 833 550 435 797 847 792 806 962 161 543 74 749 952 239 451 519 296 817 688 731 942 381 43 702 761 577 889 750 357 32 576 79 82 457 142 649 987 767 927 562 473 892 703 123 136 947 499 33 111 502 426 84 40 543 683 115
363 554 34 452 684 275 521 488 767 567 91 984 318 338 619 351 951 731 912 53 0 193 186 312 857 10 463 929 341 935 26 592 16 25 473 665 434 332 171 395 744 2 23 366 511 754 504 644 147 458 61 51 970 903 32 209 709 990 461 570 310 399 483 655 421 679 901 832 781 182 519 835 43 352 877 902 404 720 522 336 101 321 788 425 831 449 544 91 958 120 351 502 623 170 623 152 802 393 786 466
596 4 507 679 426 567 896 878 839 907 997 208 348 486 161 958 746 874 250 10 610 356 985 95 791 227 938 294 62 849 247 241 833 456 128 278 338 509 378 937 280 811 671 445 830 935 333 351 117 992 217 78 503 345 948 824 262 615 236 286 830 271 406 340 67 322 452 294 850 855 718 588 534 923 581 403 574 237 597 696 409 176 680 943 556 528 814 310 695 171 993 985 849 598 439 530 553 288 185 803
560 653 618 849 263 91 408 663 856 780 872 454 432 793 83 634 314 562 2 444 944 206 335 726 229 528 220 856 705 783 643 342 405 403 108 246 537 74 733 337 638 619 720 807 702 966 192 655 186 733 881 911 577 78 239 282 451 962 243 185 212 766 79 66 254 926 765 183 851 638 761 258 469 156 463 89 42 422 556 212 650 967 682 496 966 272 998 558 949 858 154 329 39 308 793 28 76 287 545 443
497 650 733 795 624 311 582 368 410 628 450 343 886 592 281 168 274 430 1000 949 810 930 595 609 832 688 622 250 820 827 399 203 555 639 309 284 158 155 377 454 778 335 521 720 625 614 316 312 242 27 963 412 43 531 608 91 456 254 77 689 172 29 872 944 871 597 493 682 548 642 225 668 853 96 22 412 611 0 149 728 959 211 507 158 239 249 516 315 605 986 523 813 357 286 190 962 685 880 89 649
692 924 966 840 165 445 798 736 995 703 293 6 347 127 465 70 403 139 650 500 708 282 601 4 239 452 472 870 403 621 581 903 771 872 641 128 68 723 990 937 53 339 390 699 291 302 233 849 764 523 443 290 459 496 224 936 833 119 40 134 275 42 219 139 519 385 272 1000 382 463 582 714 166 461 229 950 41 797 600 134 779 433 102 17 569 379 279 344 411 485 530 645 106 62 734 460 363 307 246 867
859 224 320 857 671 408 498 329 91 592 482 148 257 499 565 170 910 523 558 384 752 598 189 300 488 380 683 498 838 129 112 258 971 13 357 381 568 369 942 998 199 350 787 356 658 800 482 867 415 260 441 580 688 966 958 651 374 431 832 206 432 894 489 794 49 402 438 95 255 595 372 554 768 161 157 143 882 274 862 959 256 406 587 456 851 345 168 988 930 687 819 52 17 687 934 887 667 53 821 93
723 58 272 615 751 263 674 296 231 717 816 922 565 273 978 738 550 949 595 415 950 706 726 53 723 865 641 105 777 343 910 250 235 267 253 763 643 236 336 318 364 66 10 774 177 762 103 640 704 163 367 617 461 109 21 406 304 204 537 834 232 341 535 171 328 25 493 646 529 436 540 632 23 405 89 480 331 953 647 358 491 245 261 317 236 386 224 710 103 243 737 972 497 964 957 532 70 590 201 517
93 891 697 558 592 659 486 971 179 102 808 845 911 607 294 119 174 971 79 549 474 350 219 706 164 251 165 229 671 628 857 370 901 702 117 385 310 680 88 853 407 867 462 419 192 250 625 570 230 630 668 412 788 14 65 531 78 870 195 947 333 613 318 602 35 694 604 137 661 368 646 34 746 54 122 674 0 72 137 533 965 715 703 904 636 810 377 885 654 398 966 817 556 537 66 305 375 863 875 355
377 734 782 56 970 306 844 672 541 999 850 963 408 155 973 977 634 52 506 594 320 789 639 187 428 331 274 113 72 548 646 834 785 70 858 152 980 954 313 630 986 387 46 161 43 169 850 277 277 826 487 470 684 905 879 67 180 77 353 584 495 151 551 601 889 930 96 379 466 405 623 355 247 895 708 943 966 727 953 672 580 472 362 677 838 556 397 148 189 216 298 504 781 468 382 671 546 218 543 677
707 752 790 265 606 602 119 638 982 420 523 789 443 673 823 299 604 30 982 256 300 22 710 522 815 895 79 582 5 662 142 594 164 137 445 120 162 925 775 919 515 882 197 892 974 666 499 685 755 694 986 748 77 408 718 974 147 60 995 517 871 292 155 994 50 757 164 750 620 196 338 695 880 21 685 42 426 524 410 536 891 977 58 7 843 638 942 157 490 810 724 669 326 913 162 448 600 81 290 740
954 367 540 871 853 358 809 311 178 20 231 835 918 180 972 378 411 931 970 962 81 808 444 227 49 266 93 174 535 812 397 650 737 639 815 694 642 628 983 395 78 59 790 266 14 489 113 687 302 907 252 844 818 975 356 0 964 792 274 871 582 449 27 302 737 216 288 34 893 735 49 743 250 17 658 750 98 375 846 423 777 704 492 150 944 621 568 867 773 255 213 404 266 708 196 757 578 826 184 497
986 297 807 355 207 554 190 917 541 969 270 396 182 916 465 242 217 190 816 645 455 266 434 442 502 299 983 481 603 358 353 947 931 68 725 544 724 941 880 680 999 735 427 110 758 994 70 442 588 160 410 142 231 342 975 994 547 718 662 3 382 310 576 860 866 38 642 734 34 582 636 175 345 907 167 879 913 905 676 652 534 524 552 241 454 543 310 870 251 541 84 122 300 918 392 407 417 375 440 133
340 526 499 509 603 2 169 842 424 858 347 193 881 673 67 432 257 851 225 775 396 851 261 866 591 185 261 614 483 23 76 126 699 570 81 557 62 50 266 862 235 401 353 446 373 413 536 959 77 925 322 613 984 240 310 650 975 344 716 622 57 533 860 339 549 912 439 218 180 821 517 302 764 160 599 369 107 526 583 931 617 436 604 980 137 43 816 843 767 530 588 556 969 137 947 461 747 981 542 722
256 944 297 696 716 662 323 555 127 447 263 343 852 747 416 916 58 428 241 266 282 745 200 121 248 185 52 288 660 24 652 283 955 506 653 973 492 863 594 959 397 554 157 755 562 213 661 676 149 167 610 379 417 370 299 495 21 48 863 930 575 129 562 883 278 126 50 127 124 59 203 601 1 860 647 253 932 469 491 244 550 846 890 897 681 706 847 535 31 409 757 414 397 808 221 348 499 495 672 795
421 145 375 220 667 770 1 31 952 268 773 49 422 710 102 416 826 329 702 127 81 544 264 409 870 583 125 727 856 855 866 895 220 525 399 721 26 440 727 886 411 213 437 665 13 992 490 574 245 688 329 659 244 167 422 32 468 952 865 485 754 138 715 518 683 862 283 109 193 426 580 501 833 328 258 496 666 681 965 382 497 609 791 257 770 340 601 42 911 829 55 594 142 907 402 43 175 994 520 508
414 970 698 486 756 807 801 831 651 1000 487 641 756 681 464 875 573 246 928 428 655 357 903 881 482 909 920 472 721 808 865 979 484 288 36 709 168 10 769 124 772 699 903 765 689 38 354 387 988 128 702 565 323 741 353 227 361 247 749 732 505 71 137 914 912 181 293 405 576 97 956 802 435 995 664 607 561 309 516 208 286 373 999 512 255 374 101 667 810 468 466 24 592 285 923 315 873 579 246 249
804 484 603 602 295 519 958 822 61 926 665 875 491 461 379 43 390 935 880 325 216 166 514 819 667 72 985 983 734 371 699 638 952 821 699 782 646 371 522 483 292 156 365 240 674 858 284 643 536 87 68 987 646 365 8 888 243 750 250 976 176 294 149 427 527 831 385 510 7 760 189 883 475 276 1 947 349 200 366 727 205 328 114 978 510 251 525 23 799 481 97 43 297 297 347 462 875 928 410 406
159 167 655 273 138 282 506 807 444 460 225 835 16 634 165 519 531 395 944 50 326 761 688 820 548 940 371 911 584 135 330 484 551 441 442 203 29 32 594 941 344 182 232 205 558 10 935 997 736 708 928 648 579 410 328 931 345 895 592 270 442 882 695 691 508 161 615 491 735 33 393 275 532 333 737 738 478 428 444 282 964 454 805 978 487 415 995 549 865 701 971 803 1000 255 963 658 739 29 879 915
266 853 127 429 492 143 83 969 900 131 194 733 58 657 217 270 85 390 378 623 545 982 723 990 97 554 2 513 860 567 353 373 156 342 479 723 396 620 647 564 643 811 268 603 896 972 658 455 667 358 366 581 879 721 902 69 611 523 766 692 171 101 469 148 495 737 879 1000 883 421 15 517 731 588 442 315 115 161 715 859 881 412 761 511 200 634 425 20 242 925 933 482 742 808 461 551 297 387 319 148
954 522 7 699 873 983 545 233 238 941 566 411 50 708 681 651 446 950 737 334 470 925 740 129 157 520 200 295 794 649 191 891 3 913 794 425 597 718 939 228 842 305 762 911 48 610 198 311 323 466 35 702 884 163 572 831 918 130 809 718 18 857 603 824 200 483 958 183 12 896 727 188 650 941 380 261 6 952 59 630 217 920 16 997 746 169 567 241 965 773 301 762 624 224 112 70 209 84 930 250
667 875 715 950 458 440 367 259 94 363 167 121 93 456 189 586 702 554 504 585 788 997 164 37 481 179 583 224 327 563 281 160 435 405 160 579 60 915 459 206 617 982 733 832 908 42 64 46 899 567 781 482 581 198 68 676 456 898 876 696 937 90 973 491 731 120 800 961 367 350 290 326 392 912 649 546 395 470 258 385 749 82 167 973 391 211 57 397 841 259 189 702 842 317 970 725 920 712 145 419
454 663 703 479 157 342 816 789 672 585 114 303 68 568 402 901 663 769 456 527 322 358 853 6 133 414 244 769 495 974 534 0 70 795 975 470 867 713 196 72 78 280 736 387 812 692 360 895 639 656 717 960 591 3 763 801 654 956 982 63 730 952 515 879 559 695 302 401 878 667 0 55 462 425 170 492 451 802 699 281 246 678 110 60 837 156 971 380 259 428 568 159 353 885 52 378 143 383 182 449
399 812 189 229 30 359 207 482 682 715 724 450 515 864 492 852 367 243 282 81 639 489 615 269 217 264 663 663 888 486 981 100 403 661 433 685 982 259 458 784 846 526 295 294 226 31 144 61 477 85 781 477 933 754 322 871 286 810 315 871 505 643 591 158 177 785 3 238 307 109 3 170 57 465 980 983 145 292 746 535 399 152 213 244 9 909 475 935 911 471 914 116 837 329 821 913 833 444 476 364
364 464 267 662 401 469 110 372 928 501 259 811 287 606 938 241 12 3 164 750 721 721 953 276 1 634 916 486 362 734 743 567 115 705 668 278 748 616 496 423 628 680 25 594 544 447 375 11 347 606 807 793 142 368 48 115 565 939 415 357 461 150 23 281 693 704 202 981 361 708 595 138 698 900 704 581 393 1000 489 585 582 566 80 894 911 855 201 484 705 683 595 680 201 826 474 723 593 216 182 521
445 201 585 107 277 983 968 151 2 248 224 380 775 374 840 998 103 931 320 28 762 466 647 29 279 264 240 448 714 287 751 32 507 200 125 77 505 300 776 700 119 817 426 863 498 839 341 465 620 859 365 366 309 765 797 244 608 104 158 119 548 572 686 71 321 501 42 886 222 38 571 118 453 487 844 96 220 692 47 455 434 248 889 193 640 971 804 507 110 24 435 95 403 62 449 69 812 828 95 162
710 115 351 905 625 524 886 151 419 184 631 975 928 380 502 403 50 290 217 842 256 939 835 509 977 328 271 701 661 91 141 327 84 669 829 163 891 415 984 859 823 35 752 93 812 631 966 152 808 540 583 762 192 814 327 850 296 636 4 474 114 141 808 438 964 236 570 861 790 637 549 424 500 993 792 289 336 292 608 834 513 321 568 307 430 342 543 510 608 366 63 975 170 46 801 852 570 914 146 627
993 273 750 685 778 484 961 956 107 399 944 212 804 774 653 193 57 449 52 657 462 947 185 592 216 763 574 271 545 385 974 562 94 845 513 478 66 25 103 521 482 53 510 674 422 494 663 942 590 248 474 828 43 82 798 267 470 471 127 323 719 699 568 598 461 299 83 476 56 266 280 584 904 136 966 411 873 12 570 192 171 690 601 579 575 50 909 910 503 938 640 883 382 275 853 145 749 470 47 873
128 287 955 569 533 75 257 449 159 206 297 367 103 536 974 916 377 682 326 703 203 172 848 639 994 438 490 116 521 372 570 409 282 424 314 294 178 411 328 549 64 219 825 798 845 37 988 601 244 818 429 469 783 663 69 84 351 933 910 518 636 933 374 513 404 701 635 665 542 728 675 564 700 84 493 352 588 298 78 43 772 42 577 494 45 763 10 508 953 521 551 91 362 524 910 617 598 51 878 746
159 596 530 567 460 388 584 381 736 215 127 638 139 821 444 749 49 862 440 276 15 556 572 644 609 803 455 368 421 124 188 24 513 655 748 2 373 265 316 819 781 296 449 262 311 801 295 537 22 787 346 373 648 49 940 969 72 796 662 255 494 755 531 902 222 743 279 678 623 339 15 679 203 39 472 849 484 325 973 83 932 958 258 461 685 171 231 806 628 76 808 32 729 34 214 239 328 299 770 360
749 852 69 83 11 164 695 866 1 278 401 497 663 250 404 861 474 525 452 676 136 814 178 252 602 3 102 80 235 935 663 64 635 205 873 558 461 778 455 325 51 96 163 344 447 19 434 674 231 471 147 137 904 915 480 326 9 267 127 915 837 296 308 331 77 945 693 317 248 647 246 340 365 489 630 914 560 741 8 998 682 163 984 624 992 939 189 176 51 286 767 523 40 735 760 418 591 171 281 904
932 196 691 641 18 637 963 135 68 594 587 26 718 179 666 291 448 625 588 306 296 405 535 159 714 669 88 938 840 141 598 926 910 684 917 437 503 417 122 739 944 182 842 994 647 19 995 250 402 607 85 27 630 262 775 163 337 872 761 291 264 170 854 30 556 499 727 70 213 813 306 701 532 204 956 377 646 87 382 735 42 231 259 554 859 554 106 944 429 857 453 150 591 43 742 623 44 221 204 729
451 66 864 170 303 915 221 449 224 903 181 219 926 974 385 983 935 322 634 721 260 629 885 677 888 419 921 108 769 375 135 319 682 533 415 675 333 556 735 671 14 375 150 693 800 388 211 582 446 825 726 235 435 617 923 929 130 32 63 357 177 789 634 382 110 526 307 650 760 295 653 915 54 220 924 263 559 909 936 380 673 197 456 194 755 441 390 200 420 469 939 262 209 660 682 415 769 50 445 551
904 523 942 889 600 749 273 725 177 374 269 342 890 356 592 529 714 276 897 813 572 441 674 6 486 106 59 879 599 574 267 388 118 193 638 682 352 438 798 117 777 522 862 129 503 3 624 236 93 624 790 851 237 32 67 304 404 20 376 675 510 741 342 628 911 135 297 566 340 598 440 145 597 835 86 86 687 540 155 257 303 418 845 999 422 177 181 164 693 70 530 789 121 96 210 200 35 335 116 223
716 598 143 565 856 440 768 91 577 958 672 862 780 97 592 607 650 819 446 488 202 171 546 871 553 91 659 196 236 642 406 531 724 265 886 485 553 363 5 318 992 43 469 89 694 766 551 575 888 444 47 378 49 854 501 419 95 927 525 106 721 384 18 112 776 465 211 822 508 773 849 504 54 252 879 741 482 174 427 155 544 917 616 267 694 338 387 366 816 288 461 137 570 721 373 455 690 713 478 779
683 825 426 431 863 672 768 312 448 436 483 138 192 675 864 872 207 52 300 467 811 277 392 964 37 336 29 462 459 416 215 284 165 528 116 497 722 959 486 777 625 684 311 169 137 36 204 136 341 372 681 299 94 78 686 649 202 732 910 857 363 747 80 380 623 623 262 257 501 866 694 653 899 319 116 862 3 910 812 841 811 836 661 257 69 595 13 907 399 22 886 344 304 89 712 624 206 726 326 818
960 619 860 910 807 615 19 933 126 329 270 224 518 576 138 302 599 571 392 35 740 919 982 256 206 130 986 674 893 739 23 142 326 947 138 990 752 664 79 122 349 504 246 891 171 774 203 974 671 520 579 335 820 22 496 958 954 411 556 545 136 628 4 136 639 2 143 423 159 231 449 464 904 218 452 590 410 493 265 133 745 857 508 190 615 71 493 962 428 138 598 284 167 610 543 876 815 731 395 108
171 27 365 116 826 704 728 138 974 734 521 421 521 240 792 297 475 641 814 635 284 289 95 780 833 652 643 780 912 482 564 554 910 204 692 684 33 498 421 28 591 693 627 753 141 421 409 606 928 855 898 954 856 379 725 902 6 539 552 508 695 705 630 351 18 124 738 640 511 268 423 31 940 571 499 37 470 724 817 136 215 399 955 203 655 899 269 432 431 290 48 402 439 241 955 844 744 478 851 154
985 512 360 762 776 265 185 202 515 112 155 765 70 459 33 940 469 385 527 38 250 543 830 226 351 32 510 743 783 368 546 625 959 664 798 418 298 103 848 845 184 352 739 652 939 577 779 814 551 956 755 104 375 288 31 405 253 886 557 674 191 521 380 822 492 483 998 516 604 486 887 474 222 143 193 897 814 547 904 848 245 168 896 568 557 218 712 331 965 950 460 261 669 399 315 98 534 489 456 322
787 85 138 642 797 33 522 38 321 62 538 858 609 609 619 521 63 562 45 10 457 772 580 974 662 777 280 159 189 871 272 357 645 238 403 960 485 144 503 250 492 820 551 334 788 796 858 757 490 272 11 435 886 169 171 351 86 416 313 933 320 327 86 74 144 692 350 238 426 854 847 850 25 382 748 77 940 740 837 368 335 785 65 85 70 175 986 860 319 647 690 24 295 742 756 24 382 423 17 42
447 747 635 571 708 531 272 764 999 35 232 913 592 203 22 683 775 159 128 1 559 581 454 844 87 92 358 404 589 857 861 240 91 921 644 387 307 577 967 199 106 25 25 812 625 54 741 505 0 101 699 707 276 198 635 944 675 986 973 106 460 486 786 400 465 687 851 708 834 125 51 513 449 379 470 635 784 327 253 268 407 620 789 91 142 681 638 901 740 497 571 104 1000 893 191 123 532 615 775 578
273 254 855 499 81 510 771 247 165 571 95 26 525 491 909 553 244 981 149 32 906 896 623 691 855 944 202 605 391 946 932 295 598 622 290 167 10 212 287 947 747 886 41 448 449 286 503 59 76 324 609 584 394 790 90 947 823 461 813 566 283 743 386 320 793 441 706 394 68 911 381 413 61 421 520 55 74 937 710 142 698 737 611 747 702 706 916 674 103 239 485 37 129 186 527 623 947 697 467 346
203 57 710 859 30 508 359 4 537 560 252 119 751 13 525 65 315 184 44 704 619 401 84 362 570 213 156 347 457 896 384 32 954 473 303 683 525 707 596 136 339 345 407 84 302 38 772 141 343 128 386 419 843 208 726 511 196 887 109 185 634 110 388 376 654 519 562 883 322 715 140 559 225 516 727 268 345 755 279 161 136 841 924 262 16 985 502 634 837 299 793 576 629 547 206 187 731 787 807 791
9 243 799 259 850 623 221 577 537 842 913 942 578 220 78 815 109 821 453 380 138 99 378 338 411 549 281 502 877 676 81 435 951 758 585 734 602 593 601 635 398 544 275 186 259 767 269 992 922 886 814 406 43 388 182 66 988 628 254 720 595 290 118 873 954 431 664 162 476 677 276 95 468 676 296 171 522 281 494 381 521 66 684 940 362 769 966 725 697 545 284 126 413 813 426 449 423 561 582 994
522 312 608 731 79 808 545 381 64 676 537 973 890 868 595 647 345 271 816 556 72 780 81 445 327 489 935 58 960 607 239 198 367 305 284 76 554 558 257 207 522 745 343 665 351 881 283 38 373 374 725 350 589 772 193 145 630 756 346 807 764 350 586 724 529 100 154 344 584 931 171 861 58 268 406 544 921 334 305 333 766 970 825 903 219 798 833 324 609 312 240 200 106 277 978 843 268 999 147 909
419 265 673 33 336 792 450 289 833 40 379 488 225 550 590 551 185 402 124 395 876 168 484 724 600 78 24 667 373 212 426 409 573 11 863 417 792 950 709 671 782 918 303 121 761 452 873 676 691 836 920 635 51 915 156 246 719 514 42 94 960 219 376 579 527 473 801 96 358 139 448 596 456 8 114 595 483 57 570 721 303 638 408 837 410 594 293 681 66 552 816 586 500 605 314 380 161 696 196 116
326 449 497 31 809 290 100 327 293 335 710 767 12 383 217 728 298 701 235 29 905 310 906 291 586 120 747 363 701 429 456 23 461 954 7 387 946 260 452 651 821 57 776 5 470 75 91 742 844 158 68 106 628 580 447 56 853 198 599 286 455 980 827 504 24 489 75 922 907 98 249 216 957 969 594 919 73 733 880 574 872 359 16 434 422 232 675 543 3 27 630 642 92 139 645 182 796 405 952 71
854 197 680 680 429 983 141 901 655 439 560 407 989 357 274 379 495 83 38 243 644 986 837 65 813 15 73 766 586 881 13 658 412 287 589 911 272 449 844 342 396 311 915 221 524 610 590 903 509 493 89 486 41 775 814 693 490 580 872 269 601 307 666 645 23 792 446 101 196 821 284 644 316 706 730 900 934 987 615 971 595 433 798 797 538 350 638 677 768 152 16 931 920 269 882 404 562 415 437 160
980 267 749 973 723 145 978 761 727 624 379 146 458 137 555 278 481 691 774 678 501 187 313 521 449 974 606 553 795 391 232 730 355 640 893 701 876 232 306 18 543 760 495 911 848 282 657 78 47 688 766 56 87 57 536 359 262 816 27 968 493 325 570 483 852 904 283 299 721 446 332 314 747 776 264 461 373 618 411 696 987 868 600 726 415 178 33 38 140 279 897 614 157 556 156 797 235 947 849 465
158 933 29 131 570 880 480 151 542 825 161 340 193 18 178 478 955 909 14 798 978 139 236 485 807 19 87 328 478 556 583 324 151 878 528 867 54 865 960 503 588 477 984 969 822 471 769 26 68 984 762 444 664 900 894 701 316 329 789 37 55 91 345 78 792 287 68 60 703 575 270 422 443 39 613 971 666 196 516 522 532 484 682 763 58 404 119 910 527 49 98 195 335 352 132 239 851 10 999 809
644 886 977 376 208 676 754 875 728 462 425 551 270 789 748 676 611 7 314 965 707 924 424 296 20 762 333 957 653 9 8 455 294 987 527 296 420 182 677 576 239 260 610 704 297 688 358 252 773 205 217 419 591 394 187 290 312 366 86 523 861 141 7 897 579 466 17 960 662 243 562 236 476 361 973 986 120 364 979 825 819 163 650 433 957 396 987 406 505 336 827 357 457 604 102 545 295 517 839 630
675 624 238 663 434 263 790 956 286 27 151 960 344 404 391 942 312 193 366 527 179 208 53 81 273 452 480 851 817 260 907 812 420 768 227 930 849 432 153 875 649 842 55 625 764 912 455 368 526 97 776 804 369 313 540 437 903 213 798 738 630 978 736 943 378 646 256 87 922 907 792 926 749 542 0 132 289 326 252 523 962 243 469 572 780 795 203 661 623 310 831 416 670 680 932 29 861 701 250 182
827 328 822 245 443 395 733 325 180 384 428 329 561 340 455 397 788 780 973 429 795 796 504 44 974 47 732 572 316 259 358 816 356 167 847 108 305 41 802 795 326 599 612 144 388 906 563 402 200 474 826 440 774 836 559 48 57 105 94 923 371 507 682 650 721 709 703 200 837 259 405 382 905 788 143 133 350 287 870 340 339 788 112 702 43 695 193 401 11 624 206 755 524 156 187 885 962 832 775 219
271 331 562 375 182 440 703 847 342 819 1 276 392 283 209 475 722 459 367 225 528 304 73 436 537 155 125 5 198 24 895 104 206 404 266 32 94 964 939 649 507 884 864 316 952 677 730 417 63 802 755 516 542 586 559 209 807 554 572 958 520 133 314 303 39 680 321 504 51 681 370 507 384 600 54 385 78 747 627 906 276 618 884 198 681 906 788 102 688 765 795 126 487 930 157 19 373 115 535 368
559 626 635 956 917 968 193 397 276 908 509 679 488 551 880 209 536 991 279 732 638 89 734 923 753 21 994 522 525 555 775 845 532 701 582 316 830 651 792 837 460 930 52 921 808 290 192 654 897 946 228 823 337 930 999 538 836 369 267 659 274 333 966 444 538 304 966 370 132 800 667 278 28 291 362 797 595 811 784 61 828 163 464 480 319 25 880 731 601 188 836 720 740 883 239 462 921 938 833 34
387 651 45 202 136 830 770 231 928 462 935 370 416 190 24 262 130 766 871 868 285 469 93 364 504 358 951 519 935 731 288 774 690 949 520 450 96 888 971 248 866 965 774 815 992 70 497 518 372 192 997 630 863 422 340 317 867 716 588 710 278 930 487 210 372 94 754 612 128 411 975 501 462 941 187 64 512 115 355 902 566 387 75 292 225 843 470 619 461 303 441 303 701 185 530 860 179 199 189 330
668 444 645 516 609 756 814 621 244 441 306 626 72 290 77 798 402 461 18 979 159 939 162 434 762 868 860 700 574 107 849 151 996 314 512 298 962 938 300 617 143 196 690 388 484 86 35 776 767 961 22 581 875 78 575 378 446 576 177 120 241 649 219 222 130 425 428 770 902 451 227 788 873 592 335 264 893 710 636 373 604 889 698 360 607 622 42 562 205 958 846 169 832 880 471 215 493 307 212 642
670 535 203 246 82 426 98 624 225 425 158 432 205 927 855 825 130 778 762 937 475 757 927 287 765 651 180 172 138 916 406 9 714 370 86 839 68 248 801 105 641 963 547 610 124 660 458 779 430 951 539 804 790 463 314 366 953 629 883 462 939 532 195 696 249 922 70 528 793 453 770 842 508 941 979 673 16 898 250 198 953 947 260 897 324 181 783 790 3 235 371 223 802 467 520 957 470 741 561 922
886 194 269 770 354 787 92 270 796 267 616 251 18 836 456 517 404 573 743 172 934 827 242 700 5 443 753 797 715 762 14 380 718 503 620 126 923 46 905 160 637 488 997 594 815 959 221 500 803 102 285 768 680 303 790 18 749 334 388 821 25 474 137 947 527 850 269 955 207 44 859 267 518 750 329 875 635 97 410 121 665 221 691 70 850 671 701 521 712 554 192 31 62 303 694 98 409 130 348 751
573 809 358 514 574 104 965 238 535 420 85 681 849 967 840 697 906 403 505 164 423 332 961 17 485 768 299 581 74 263 720 589 277 775 358 481 310 188 549 255 112 779 67 395 877 323 794 140 429 667 896 763 969 66 748 331 938 39 334 779 615 378 185 662 841 309 132 408 676 617 875 82 808 964 863 812 219 720 372 862 509 368 1000 31 620 451 65 147 124 721 13 443 400 418 665 558 963 441 192 483
383 438 708 545 976 499 231 391 121 737 379 652 100 347 388 461 98 118 746 627 16 619 646 467 898 227 3 462 135 957 72 589 938 421 148 372 495 574 24 45 540 965 121 699 853 460 560 652 784 683 244 608 925 232 100 291 510 40 15 436 511 344 810 236 460 111 27 261 52 124 585 721 797 992 82 588 699 374 819 226 60 284 650 698 458 405 661 3 957 95 772 855 216 654 262 194 437 712 657 542
184 617 113 637 589 214 241 571 477 235 274 118 113 323 380 678 183 944 213 743 686 394 888 288 42 915 117 970 124 841 622 585 517 48 0 786 578 198 717 569 599 613 886 917 312 223 538 295 466 732 678 533 795 31 672 855 68 434 485 55 799 957 972 396 485 919 631 576 979 789 30 762 107 865 600 555 578 139 867 749 12 193 457 421 586 696 668 299 270 888 878 765 124 523 471 102 350 476 346 828
696 324 529 748 604 848 533 398 841 699 645 149 195 137 498 136 201 869 680 358 67 27 69 105 367 947 752 488 656 750 74 96 295 857 485 37 400 791 463 456 272 758 131 226 7 76 191 388 806 661 703 607 797 747 303 917 859 774 186 124 210 443 749 211 974 834 640 191 525 722 968 492 770 85 60 198 812 608 788 258 368 584 139 643 921 470 497 858 412 727 72 574 209 123 885 356 31 654 21 817
712 533 691 116 588 771 953 964 172 691 79 431 945 630 878 936 588 298 926 112 763 3 869 526 717 93 133 782 82 273 578 546 814 279 937 90 533 706 385 660 827 202 909 99 977 548 743 164 894 459 163 982 699 745 525 490 202 64 754 373 3 178 752 698 304 195 380 852 177 319 76 899 882 492 469 251 198 241 111 438 22 264 386 420 131 426 87 592 358 719 422 914 592 126 273 463 277 404 988 301
307 538 814 205 222 960 905 49 237 46 788 824 733 698 181 476 8 583 858 202 953 693 679 932 224 383 382 465 220 43 31 731 740 910 253 203 799 182 90 646 819 263 752 9 861 469 137 971 388 710 736 241 508 198 732 723 494 108 115 648 514 686 358 330 455 633 985 545 984 920 218 596 459 323 80 917 407 486 777 841 821 980 525 904 656 918 542 508 102 359 467 782 661 7 477 490 722 646 342 343
179 165 419 481 962 84 780 272 143 946 823 742 954 430 142 394 601 730 863 607 674 73 537 528 916 526 346 215 882 678 357 808 793 990 758 119 845 21 778 866 342 861 551 482 482 257 947 146 631 150 418 184 266 735 319 798 150 357 832 595 651 3 941 4 825 698 699 671 680 513 509 736 624 212 830 776 977 970 523 608 205 320 722 35 2 622 738 81 582 601 459 456 328 864 335 409 96 477 650 667
787 763 1 256 490 280 533 807 321 692 993 335 684 351 445 747 677 790 751 407 338 631 411 587 990 772 878 778 311 244 953 359 102 803 349 590 354 123 619 704 828 339 738 547 825 1 258 630 960 800 891 608 842 139 7 299 68 977 347 629 400 799 347 862 715 237 488 871 922 893 231 367 436 189 831 230 839 891 701 177 291 102 71 205 930 595 679 7 700 362 642 420 350 402 31 832 582 128 429 924
299 708 366 462 676 698 658 316 827 864 625 819 434 819 809 512 199 651 172 340 36 806 504 496 212 721 642 834 578 367 718 702 452 567 240 855 757 102 751 939 295 28 231 475 421 248 54 320 633 270 952 14 972 810 670 714 570 519 607 82 587 688 577 799 567 845 948 568 822 771 629 926 874 912 327 728 960 228 244 781 184 361 174 944 810 517 371 157 963 671 181 783 347 986 521 896 690 702 224 760
234 552 736 649 825 136 882 679 219 800 854 236 671 830 552 35 273 418 703 84 436 758 987 150 903 556 326 389 239 994 945 971 935 134 893 206 1 273 217 557 290 212 166 252 419 545 735 525 240 480 666 841 34 473 330 203 505 834 149 987 112 887 551 313 347 532 609 145 994 669 164 916 931 370 678 515 83 498 563 250 22 517 143 486 333 920 910 324 593 353 690 543 218 553 870 608 463 289 222 703
259 425 179 647 181 596 874 448 589 964 762 294 408 252 562 921 955 927 179 92 702 126 124 959 890 681 957 905 508 955 985 525 606 885 785 244 666 868 84 298 671 2 267 448 418 611 615 172 866 980 921 823 205 223 844 949 578 201 785 725 841 71 813 642 246 789 566 75 261 112 597 516 552 102 163 468 460 817 819 712 327 150 374 209 547 706 725 189 505 831 752 33 550 599 889 277 825 971 830 987
590 796 145 719 387 545 332 640 477 25 924 34 433 166 694 806 684 883 573 644 524 358 465 555 964 953 426 690 45 453 637 594 907 104 831 782 317 162 386 772 402 315 458 262 990 777 867 799 648 184 565 609 263 21 181 215 692 612 862 692 627 118 558 97 323 357 145 387 106 481 141 285 799 876 357 165 79 570 177 775 440 371 797 694 498 202 159 718 278 212 907 371 806 970 978 17 144 36 12 675
834 874 418 628 290 571 496 125 733 810 725 923 659 703 91 317 235 389 57 478 29 428 359 303 381 969 691 760 810 591 181 331 341 242 297 709 464 876 660 104 812 26 730 684 854 979 88 155 523 859 131 372 78 178 170 355 62 722 61 542 811 524 676 284 219 234 224 867 671 291 511 572 67 878 337 259 817 774 567 334 704 925 7 63 114 266 896 85 193 222 343 633 897 48 930 252 807 956 56 773
854 107 692 335 951 269 298 480 582 783 342 465 995 279 391 181 509 614 867 998 653 737 342 411 665 475 191 887 257 684 328 552 30 705 646 63 730 684 659 829 503 768 668 237 374 808 38 977 736 941 145 55 104 155 742 139 921 500 927 275 608 372 3 194 130 895 380 132 92 22 391 929 300 451 633 974 682 984 897 392 668 173 750 414 37 207 96 464 219 74 824 430 571 660 368 647 849 904 739 160
890 535 496 81 105 838 24 465 760 962 973 137 846 987 64 555 126 723 725 127 210 31 372 847 709 824 820 904 128 137 265 236 285 617 220 154 72 776 242 638 948 134 358 811 153 318 898 881 359 898 540 384 40 896 572 817 503 813 328 671 250 852 300 137 333 668 635 916 121 677 751 153 509 527 225 147 504 57 916 782 555 761 232 866 881 220 599 912 269 15 571 968 642 725 94 852 828 516 699 420
625 710 984 247 208 974 134 14 909 983 416 189 893 483 887 392 325 160 112 426 721 903 770 708 732 717 654 599 267 68 799 274 480 632 910 161 649 264 821 793 466 594 836 509 273 721 449 834 855 210 756 844 118 495 231 366 702 380 281 360 428 779 271 90 177 766 366 274 522 323 565 423 856 782 937 25 601 104 429 813 15 64 181 708 923 670 376 807 864 355 103 102 463 801 227 965 71 256 458 682
482 549 116 663 710 808 356 299 48 793 952 986 619 164 783 504 779 390 716 35 537 88 79 379 476 812 813 978 695 503 985 994 430 362 625 520 469 188 851 360 347 449 599 457 1 13 193 924 678 479 470 437 433 84 860 541 46 138 228 969 7 18 134 80 859 313 947 16 104 389 144 523 290 614 291 837 493 200 541 376 896 508 218 246 101 980 921 310 115 511 290 102 811 849 425 584 566 673 118 86
956 851 693 500 728 681 213 954 226 180 396 915 63 929 827 660 878 35 320 614 117 226 633 829 392 709 878 70 348 388 824 198 331 76 818 804 696 650 109 659 823 388 829 984 552 98 246 638 1 293 841 996 318 649 533 293 737 601 872 565 816 688 85 337 308 703 6 961 212 55 180 330 220 775 625 299 493 77 964 902 626 546 965 126 113 809 357 959 930 998 390 896 88 591 114 964 317 892 354 918
600 774 370 868 985 743 299 803 907 885 209 593 660 142 990 357 661 878 940 223 29 626 444 136 461 348 471 868 803 350 244 689 775 250 701 268 348 739 731 657 825 277 661 654 87 316 82 548 629 121 595 844 141 556 813 303 721 524 919 340 705 581 85 247 785 510 584 914 288 707 8 937 551 425 811 151 599 989 8 526 245 398 388 387 750 9 344 77 108 57 404 342 754 796 405 437 621 31 489 356
834 575 260 297 727 882 952 179 994 189 589 747 671 191 243 568 579 451 138 882 676 366 835 380 394 452 683 547 326 523 426 964 625 7 368 161 10 613 75 897 447 510 937 675 653 513 827 671 495 376 58 894 60 660 399 811 237 321 735 208 552 455 753 529 841 258 273 429 47 601 139 827 45 515 404 785 409 661 268 377 191 293 0 505 354 761 35 643 361 34 850 68 740 646 342 235 9 674 632 280
402 226 31 212 356 25 451 714 650 460 880 143 140 867 284 423 720 122 201 840 647 726 569 96 155 173 613 667 75 574 921 533 307 65 893 823 330 924 46 165 498 691 218 598 927 637 734 290 738 513 792 645 155 130 244 981 726 552 554 588 950 893 367 250 417 336 262 513 286 505 6 128 239 643 862 584 641 690 42 518 231 364 469 67 335 400 169 885 737 80 340 569 115 583 641 768 868 366 410 234
59 181 619 777 911 853 704 902 901 422 768 260 91 631 854 234 787 243 497 845 714 737 277 836 33 582 916 188 273 583 839 972 548 61 292 745 787 957 645 407 224 880 349 469 25 340 273 158 56 417 164 432 490 733 464 170 397 499 79 94 620 334 44 206 888 123 778 849 183 943 498 244 236 526 987 822 435 831 22 279 78 607 509 701 665 439 86 369 920 658 854 903 453 657 191 619 454 550 470 378
175 838 893 787 145 219 93 71 83 879 284 778 487 137 190 72 525 137 768 426 222 215 588 341 362 719 703 715 692 272 372 981 404 982 970 637 657 811 319 42 783 593 394 366 750 708 688 688 457 757 569 147 961 303 216 555 818 61 706 584 333 568 546 942 739 82 288 679 183 491 576 623 84 362 31 392 15 411 846 508 17 594 483 605 252 605 693 1000 562 879 74 516 378 495 446 399 35 543 102 339
569 502 939 571 932 355 392 334 573 916 744 942 181 436 281 940 900 964 606 347 718 710 506 988 161 342 566 365 413 451 115 567 611 157 935 670 434 704 700 832 550 229 971 173 424 626 170 684 474 222 717 760 130 624 81 61 543 680 334 170 690 342 919 442 298 520 70 626 632 181 895 552 619 356 982 849 233 609 711 616 766 934 627 370 212 728 646 722 79 741 400 325 670 518 208 260 749 229 323 91
590 658 610 326 393 467 483 491 80 720 258 125 223 703 196 258 513 808 467 842 779 638 790 14 346 54 842 412 375 467 911 981 719 872 693 333 376 979 174 717 861 267 805 293 683 856 333 368 185 354 821 838 203 289 234 48 635 29 724 65 990 951 693 603 346 701 838 419 432 61 42 321 438 548 2 562 56 583 584 704 903 383 403 497 811 457 300 371 588 78 105 527 271 587 162 26 837 824 733 695
574 112 803 592 357 657 912 973 577 316 774 407 185 817 299 102 10 317 533 0 1000 386 732 864 55 546 585 595 35 269 859 370 190 0 808 813 920 25 124 150 361 924 342 818 234 608 538 308 667 498 928 321 325 749 197 395 752 72 891 794 547 175 167 494 547 978 939 807 98 454 673 203 243 673 359 609 65 532 159 305 192 338 126 665 92 844 419 328 797 845 809 345 786 411 488 344 507 842 458 338
489 491 586 383 211 84 652 203 870 323 529 654 229 741 7 366 812 649 321 813 565 712 825 580 594 811 423 583 66 765 807 254 584 406 526 317 818 994 139 602 99 975 196 937 174 280 455 13 954 85 597 221 863 950 778 400 843 863 934 446 173 235 104 73 196 701 776 500 91 970 256 267 896 670 407 500 760 597 60 403 843 910 8 866 912 466 568 925 936 378 707 608 117 122 545 629 597 10 29 341
585 777 656 43 876 349 44 986 152 375 309 81 366 365 181 79 159 916 401 627 369 242 386 767 704 285 177 478 402 751 117 336 319 10 338 145 600 337 874 146 531 436 193 612 258 590 987 590 196 421 585 379 443 925 834 103 783 478 362 66 955 560 601 810 551 41 836 250 79 540 270 222 306 516 287 723 187 97 150 797 740 718 756 326 708 845 902 252 848 338 272 914 880 717 890 190 192 363 762 259
983 146 113 185 562 109 914 136 367 435 130 492 523 500 411 720 11 673 206 640 396 955 139 317 897 169 916 371 71 926 530 304 812 708 883 281 959 739 249 742 746 787 324 829 908 615 212 215 45 822 87 578 925 221 807 362 62 98 101 991 838 211 850 932 128 644 280 805 881 39 340 721 378 889 237 6 538 641 266 123 296 999 224 47 517 947 964 369 626 531 248 548 162 36 278 430 856 377 972 435
120 725 472 775 78 769 642 199 7 369 8 965 585 683 601 240 986 277 865 551 98 968 912 146 200 372 365 700 774 821 405 258 13 332 775 164 266 340 948 939 460 125 613 187 421 695 708 33 928 224 408 411 6 336 562 657 494 71 698 249 756 462 103 656 324 431 790 197 182 468 347 271 910 221 233 414 46 629 273 577 158 838 549 777 945 947 350 183 713 616 339 152 342 563 804 200 720 396 941 944
335 311 43 119 77 526 70 552 610 472 930 548 211 45 971 373 301 150 178 561 13 736 782 342 155 627 763 399 661 329 418 316 464 590 206 718 96 209 55 999 374 569 479 650 107 743 531 397 670 76 363 10 284 578 817 726 199 557 891 893 41 670 38 400 456 100 415 408 773 173 109 82 763 403 667 212 977 132 594 838 87 88 631 698 884 124 988 319 409 595 47 26 242 701 191 563 428 574 136 803
767 778 501 443 869 912 756 592 809 884 754 453 16 0 39 722 298 11 834 529 772 499 61 677 442 841 861 811 802 850 948 448 740 545 458 380 82 522 159 495 348 157 330 610 47 382 766 972 343 11 13 245 817 836 797 571 135 965 815 202 196 557 654 95 282 60 415 365 88 560 259 748 703 141 445 848 30 938 158 860 903 606 553 979 984 879 979 643 780 873 672 49 658 133 201 308 714 394 814 480
307 810 913 844 998 422 433 829 817 424 312 155 795 434 242 171 222 387 905 396 78 402 44 301 233 432 658 177 206 960 184 736 769 45 593 531 838 749 369 924 300 189 440 141 272 14 924 119 336 699 711 479 366 4 287 410 892 475 175 375 227 320 236 159 789 857 504 309 467 431 265 741 311 725 90 549 231 88 336 757 638 682 583 211 958 572 102 157 638 247 386 780 621 955 756 148 778 40 793 345
801 25 390 751 429 92 867 36 987 3 642 336 356 540 703 449 109 449 847 893 870 115 619 227 614 691 506 445 809 225 981 93 471 490 784 70 991 507 70 458 566 505 780 646 644 255 950 243 771 667 865 573 337 846 285 642 332 996 971 945 933 986 652 345 909 665 905 781 871 352 699 772 951 271 103 101 554 76 853 634 879 724 929 1000 999 469 184 456 274 691 723 655 967 294 264 405 207 952 339 286
915 918 581 906 844 416 322 152 221 401 453 863 203 59 9 528 468 978 535 134 587 488 323 64 523 433 172 660 867 308 110 468 52 250 751 922 684 25 895 452 176 904 616 81 289 481 659 726 195 269 786 313 453 97 888 39 518 308 219 970 702 137 128 568 822 584 629 696 318 905 537 16 265 812 682 180 627 812 90 145 756 811 479 324 354 96 116 912 560 566 528 501 403 218 972 23 119 882 307 560
748 86 124 366 807 782 56 115 869 542 188 579 939 328 673 333 240 677 723 653 490 321 473 338 980 849 831 264 978 582 49 856 159 74 642 417 389 142 362 291 766 268 919 181 997 345 340 766 42 401 590 772 838 675 814 870 935 127 357 995 604 132 508 190 316 884 391 846 588 244 110 442 845 549 425 761 680 755 772 785 677 775 115 358 99 180 343 148 547 821 230 420 177 535 449 491 400 946 998 158
262 860 516 220 755 446 883 290 676 762 101 598 255 409 326 25 910 353 608 785 476 963 474 173 330 481 157 89 450 400 901 701 884 576 374 781 832 842 653 283 805 110 554 988 635 721 113 388 189 831 94 945 608 89 633 104 29 781 573 915 554 706 680 493 191 668 149 311 873 829 103 582 84 807 593 232 462 772 920 541 962 471 712 267 491 451 311 80 381 970 595 705 783 685 944 429 803 721 672 384
592 981 275 442 209 697 947 651 854 1 529 164 503 223 371 961 995 911 837 886 859 182 281 787 962 459 484 510 994 224 841 375 973 645 515 180 438 442 475 599 197 113 482 628 421 176 131 459 968 804 976 500 553 809 465 755 336 709 42 526 675 226 393 284 745 798 51 638 718 506 169 76 558 204 152 447 724 465 622 632 248 1 613 450 920 107 769 987 752 911 888 262 875 728 28 386 418 674 325 513
35 280 249 797 288 782 752 257 805 420 46 921 328 815 503 675 626 136 881 422 266 74 820 348 417 199 374 37 311 73 207 809 700 938 329 643 871 916 541 554 224 297 24 696 330 798 494 995 961 924 921 159 367 973 141 94 935 386 288 142 281 420 387 224 155 104 688 121 513 573 549 673 497 402 595 244 437 855 496 398 913 80 800 583 649 981 150 769 539 132 951 246 98 582 260 6 191 613 411 283
786 677 936 414 588 193 13 338 866 933 362 369 158 997 165 716 728 143 523 493 15 845 777 776 846 335 786 281 498 856 344 610 341 340 781 422 241 118 700 928 930 185 274 599 243 825 180 212 736 582 455 797 878 537 56 490 811 697 458 941 373 451 683 790 581 631 10 382 534 564 936 964 113 300 274 161 710 569 684 327 458 727 743 662 245 999 127 362 781 587 819 140 97 738 745 935 299 836 114 735
496 677 382 383 767 866 993 119 399 541 224 162 388 189 330 492 26 800 243 802 847 411 809 202 138 384 832 693 956 136 308 908 43 713 384 696 451 620 412 837 365 147 456 435 605 842 672 939 915 241 973 425 694 10 274 826 854 858 980 690 1000 118 279 900 228 499 310 135 91 865 211 523 302 795 178 831 484 285 681 815 591 901 733 204 342 967 683 373 684 313 152 607 425 471 863 711 84 393 461 200
850 985 114 726 341 270 839 533 975 440 414 5 352 623 83 952 667 290 75 501 920 367 96 237 484 222 824 794 899 897 147 713 292 903 937 941 870 896 367 170 147 947 447 321 254 341 329 942 467 196 649 91 608 472 234 270 170 149 798 998 847 843 877 71 3 685 544 46 724 531 840 806 708 984 431 828 281 39 872 230 359 573 417 903 173 191 79 193 287 704 43 665 98 350 169 661 990 795 405 157
22 476 401 900 226 969 652 1 15 460 278 527 402 216 943 877 292 171 699 416 440 808 815 861 290 929 546 693 569 275 779 461 296 797 703 441 747 532 522 661 111 301 75 772 303 948 578 118 58 358 43 442 886 301 914 728 839 61 192 378 647 729 896 732 53 349 896 471 275 354 20 29 896 146 9 495 65 108 975 377 84 475 962 176 411 702 761 983 521 178 797 614 675 950 505 617 568 927 481 207
135 615 655 489 991 945 181 330 992 879 841 148 29 745 33 356 829 583 505 616 408 225 669 751 126 237 527 314 925 130 415 79 787 594 576 769 333 772 279 827 891 552 787 474 915 155 642 543 111 868 514 559 915 173 255 427 85 283 144 62 343 637 997 840 857 346 786 375 868 376 354 281 829 68 780 297 117 149 344 757 513 854 40 80 998 682 819 296 337 67 355 804 31 144 378 199 974 202 313 25
451 264 481 295 193 733 972 246 125 313 385 684 140 910 972 104 144 99 537 599 917 638 777 105 207 61 834 339 602 674 321 465 432 135 172 789 232 806 846 886 131 6 656 842 91 396 381 812 551 590 234 560 574 271 770 19 697 880 935 956 245 947 70 108 877 154 959 751 577 755 195 180 478 691 760 610 453 716 875 11 812 983 540 809 525 951 641 512 855 881 709 198 497 622 274 878 993 917 493 207
561 258 75 553 460 384 313 907 267 800 521 834 125 738 875 654 82 794 240 125 318 435 722 513 435 836 161 828 709 104 175 642 384 274 707 365 136 632 982 713 728 701 858 391 902 354 501 763 313 531 444 222 434 985 547 524 359 152 624 640 807 894 574 476 359 178 176 453 107 478 633 933 797 852 86 220 292 978 171 807 417 759 151 833 172 592 245 574 925 314 820 891 944 188 802 104 351 292 996 842
41 598 899 627 874 539 532 476 933 458 806 790 223 655 303 837 48 653 874 868 691 462 952 914 668 821 387 620 428 349 320 69 7 752 445 569 737 372 616 357 151 132 231 507 42 549 800 949 931 622 65 947 804 529 37 519 362 969 759 723 49 214 121 763 875 346 531 830 600 767 7 752 735 938 516 715 443 757 134 552 639 76 4 142 38 251 950 137 367 322 19 418 976 666 804 200 120 114 197 408
977 668 887 25 592 672 733 793 861 845 696 382 336 123 847 181 941 595 148 173 590 270 198 346 210 960 861 613 177 736 307 434 646 356 77 847 7 997 715 871 204 428 559 490 563 510 97 215 808 344 754 156 496 875 194 302 54 373 550 77 87 593 266 872 329 784 992 847 107 8 931 803 756 787 911 274 435 233 223 640 316 901 26 695 938 127 956 950 324 694 635 899 867 97 45 707 210 870 328 788
316 506 547 565 491 887 402 91 959 512 543 472 155 952 211 623 821 536 483 845 67 140 642 255 665 820 141 412 354 857 141 644 833 369 732 810 932 701 910 344 810 732 562 812 290 912 498 843 878 923 928 367 242 60 172 215 376 554 512 755 536 848 910 664 512 536 843 370 58 403 213 829 798 421 281 381 461 115 482 846 163 470 948 0 83 191 70 245 507 162 972 352 213 255 10 447 121 188 260 228
898 372 355 361 89 253 592 683 674 792 987 36 3 740 351 694 387 422 695 94 97 658 825 39 522 757 25 709 822 165 921 922 427 35 657 217 96 670 862 392 948 512 310 805 933 515 110 310 171 14 594 247 770 749 778 1 752 243 922 56 304 826 156 376 910 513 657 612 776 535 222 894 592 972 373 396 950 738 663 186 562 932 36 244 339 668 237 472 779 798 497 642 366 96 122 466 840 256 432 906
720 516 741 381 906 193 735 802 460 473 5 273 938 447 166 667 897 253 444 919 858 700 738 939 991 619 674 411 467 946 300 930 509 668 796 531 311 477 639 934 977 324 590 397 513 748 764 978 613 231 155 108 955 670 154 969 294 746 644 425 891 236 582 423 212 240 830 365 441 729 12 766 252 199 858 190 382 587 53 931 924 768 890 887 603 850 835 157 695 886 124 464 760 190 268 75 882 965 180 785
340 41 108 458 432 397 172 495 235 597 461 102 565 562 507 993 356 322 978 834 764 933 174 563 534 468 877 342 237 502 814 732 915 708 311 371 773 222 332 899 269 779 139 602 268 49 995 972 296 495 182 262 193 656 317 81 40 875 966 875 291 502 599 344 614 607 20 359 784 893 935 889 859 856 91 907 180 33 888 990 479 977 786 377 611 746 299 792 593 152 558 419 879 970 974 911 442 492 119 556
93 168 222 904 252 548 57 677 944 727 266 767 563 769 951 125 943 712 130 149 939 102 387 414 74 506 821 217 989 704 761 438 857 503 981 850 813 314 524 56 477 654 911 425 867 410 278 46 119 964 374 530 107 657 985 964 730 198 843 231 264 234 271 125 409 713 15 672 440 409 104 836 921 254 781 182 525 10 258 720 163 562 111 81 584 758 375 144 999 167 448 586 658 892 925 33 846 417 278 234
49 552 628 93 255 485 91 876 878 864 208 129 599 128 832 928 250 904 742 729 690 269 35 741 985 114 164 507 381 221 354 500 744 876 983 220 173 504 927 727 73 43 929 769 47 155 264 364 209 834 4 219 152 585 374 212 114 152 425 960 400 972 696 27 764 520 677 750 796 333 166 696 938 354 907 923 560 674 333 260 512 25 879 33 708 633 582 193 461 723 451 806 581 62 191 806 891 727 487 614
720 804 241 237 173 335 550 347 159 613 199 167 796 414 96 231 494 951 616 38 695 836 776 961 77 86 174 523 132 373 2 85 631 62 66 564 143 89 75 703 59 457 947 28 910 138 889 476 644 919 529 909 875 364 932 574 38 990 811 59 959 939 965 334 237 193 715 697 1 55 399 478 98 361 890 396 360 299 906 629 67 91 689 49 506 218 844 170 347 750 262 585 98 751 173 99 212 971 736 336
798 734 443 260 733 198 77 991 832 411 410 175 360 761 727 210 165 348 328 65 399 627 150 399 210 840 32 850 909 436 494 14 394 835 239 658 661 75 163 636 242 245 174 522 863 555 346 123 343 316 647 226 861 719 858 661 16 704 692 504 412 702 966 333 897 222 767 403 286 436 745 392 602 16 561 221 374 894 905 990 821 386 596 871 36 598 86 441 290 535 975 860 499 505 337 310 717 219 868 799
494 657 107 405 699 63 453 974 626 50 478 730 171 215 481 36 384 610 88 670 889 141 393 477 163 127 245 116 560 530 956 612 701 456 717 337 611 263 469 520 571 773 839 520 818 71 970 846 538 584 592 26 672 285 285 780 556 499 584 391 58 637 339 555 198 119 815 698 555 888 297 927 855 535 391 116 168 273 268 596 403 188 229 976 661 758 435 433 135 78 837 787 80 49 541 728 493 571 803 733
84 471 656 289 844 602 301 247 35 906 752 24 467 639 67 310 465 491 44 680 345 368 41 290 369 344 223 813 192 449 360 811 729 855 434 831 448 834 793 404 167 151 16 37 949 405 834 490 411 585 667 289 774 594 31 221 333 511 406 82 599 813 502 397 563 804 861 326 285 429 903 573 415 762 90 498 671 44 305 845 662 176 721 128 32 880 992 418 535 36 140 361 403 504 950 687 560 930 271 699
614 723 45 866 767 521 263 188 499 927 97 606 337 301 336 602 90 75 377 475 880 466 334 653 939 876 386 55 763 516 775 303 324 72 808 334 676 743 654 717 750 217 221 149 596 717 159 713 457 625 429 210 508 537 834 242 123 413 63 788 128 630 227 629 509 150 679 938 145 853 678 124 87 459 374 869 111 685 40 556 668 812 305 355 444 988 589 757 911 289 657 316 180 839 289 336 388 216 300 148
258 507 433 171 225 779 539 356 80 955 774 604 639 716 235 222 93 871 145 958 428 252 473 197 895 746 60 584 101 281 280 198 926 976 456 605 116 80 772 207 726 560 9 884 507 544 505 306 353 529 821 204 707 431 15 389 842 715 365 147 310 656 961 940 554 349 766 74 205 290 357 997 420 11 49 223 678 738 356 458 633 840 903 214 658 787 3 217 5 295 883 347 266 357 428 432 261 157 452 162
143 254 837 665 794 390 639 168 95 54 633 715 474 885 28 26 382 310 979 684 983 519 350 685 907 657 698 370 62 894 692 566 723 698 325 748 813 958 755 67 522 840 133 476 270 307 390 383 523 325 343 917 2 461 982 717 501 351 341 236 611 417 597 771 48 249 996 530 642 826 97 38 279 97 699 276 839 131 505 882 925 864 244 563 461 20 249 171 314 13 322 259 191 278 912 596 682 156 463 114
93 664 749 853 472 863 316 745 947 541 407 911 780 192 270 856 539 287 91 549 680 195 155 758 623 191 277 158 206 544 69 128 756 767 528 133 482 22 185 970 773 656 501 882 69 886 53 852 449 473 860 52 39 13 353 950 302 309 715 329 877 125 813 571 237 111 839 782 547 637 156 673 515 341 28 756 438 975 697 807 67 724 453 328 20 731 102 172 751 949 441 530 665 67 836 470 171 566 520 940
354 711 951 949 50 669 885 539 171 891 321 981 668 127 382 373 79 793 473 178 248 157 866 902 531 744 840 755 182 495 744 816 501 881 163 147 324 837 875 321 749 256 280 808 19 746 113 440 515 209 809 125 387 362 205 67 136 692 876 947 883 342 262 421 173 114 234 611 384 386 473 420 29 699 962 989 408 841 625 729 898 137 301 15 742 917 322 389 488 710 494 22 665 737 579 44 189 716 640 753
38 673 953 434 104 449 364 810 592 805 681 691 670 181 787 172 486 717 360 72 436 46 645 322 685 47 891 576 842 179 267 47 714 626 56 502 498 836 67 373 469 564 575 343 63 901 902 595 5 752 9 101 101 963 98 976 233 230 796 765 336 432 790 323 89 223 453 913 500 367 668 730 780 626 770 721 386 436 940 942 168 33 216 200 764 161 715 66 760 195 591 394 628 302 561 521 520 703 659 81
64 622 63 677 828 661 331 585 575 711 896 601 361 375 271 456 701 180 943 164 178 949 341 611 65 568 671 507 662 309 203 787 551 284 334 388 497 408 596 534 606 523 924 222 209 243 705 928 715 620 722 4 781 332 466 943 29 427 929 411 11 682 274 3 926 354 743 115 295 501 322 856 54 299 653 619 828 156 637 923 101 33 94 858 871 39 588 375 198 637 865 165 934 151 887 906 101 945 41 166
170 551 477 718 134 929 122 960 3 91 536 452 268 988 612 884 829 724 437 917 557 242 962 729 877 829 330 305 18 457 818 245 916 155 595 897 989 869 936 37 313 916 88 95 161 211 283 227 487 389 58 495 832 935 359 98 594 81 10 568 606 31 102 661 22 543 842 900 390 573 269 292 44 491 871 115 29 387 718 98 59 254 166 405 502 313 381 622 1000 977 355 613 972 391 375 646 179 949 348 503
866 689 478 789 203 793 299 155 205 489 975 459 856 727 130 634 950 765 491 859 238 365 861 168 187 932 998 444 63 731 277 877 497 54 184 388 438 64 230 319 257 866 647 668 46 709 978 324 308 902 823 469 225 511 494 200 479 327 160 218 212 761 478 497 266 662 300 335 355 162 410 747 340 287 661 952 249 270 672 929 353 414 272 431 941 624 102 611 141 645 557 57 530 941 47 758 15 899 241 423
233 49 196 317 450 208 146 954 920 822 572 637 159 32 725 722 995 188 224 556 207 201 884 583 438 906 254 523 535 504 495 561 280 500 601 474 951 295 696 771 556 762 958 152 218 872 991 757 131 967 341 617 820 22 176 281 468 957 964 655 265 276 654 137 414 507 655 997 668 905 231 169 809 805 717 39 787 417 613 336 639 536 478 326 209 55 869 83 691 486 611 707 894 154 17 253 415 226 742 920
855 350 496 696 251 992 473 478 547 475 521 618 410 199 722 843 870 180 952 540 638 883 215 921 125 957 285 813 146 101 851 967 597 110 310 471 90 210 381 430 513 336 789 937 20 655 305 255 286 254 95 771 257 246 224 159 941 215 550 630 245 184 228 515 69 295 422 364 97 204 723 533 964 434 417 871 825 26 398 973 218 19 425 78 836 901 56 683 135 874 647 287 809 772 344 574 244 960 130 161
658 954 99 166 401 793 934 974 333 830 895 804 504 180 662 948 341 480 407 858 699 211 157 507 940 565 730 596 594 757 61 404 464 719 493 75 228 303 831 619 982 683 405 791 391 90 591 466 973 86 381 790 162 617 149 387 808 272 201 938 823 25 455 153 707 445 41 834 766 706 178 191 253 691 562 968 88 360 351 96 957 919 937 59 832 64 16 231 621 329 935 693 807 44 724 425 862 612 584 330
823 12 975 856 733 391 233 223 331 987 453 221 812 884 562 705 337 318 692 99 281 641 26 504 551 541 943 941 490 509 12 149 84 50 354 45 632 708 616 998 423 278 143 359 226 949 446 691 44 313 261 562 41 695 861 450 463 602 783 252 989 42 773 55 719 394 864 172 695 810 976 965 797 861 236 109 252 294 572 325 581 569 304 671 675 11 579 714 947 139 818 685 293 286 613 379 381 943 589 337
153 392 510 96 823 170 345 153 389 166 707 690 141 873 73 641 199 131 618 261 893 758 562 410 414 587 18 71 148 531 352 679 480 483 910 79 222 112 805 48 765 841 262 401 220 313 526 887 120 673 758 281 56 369 959 710 306 865 669 185 245 779 882 494 738 160 287 222 566 76 2 920 398 368 827 68 799 652 725 221 622 530 484 227 853 457 339 367 4 902 793 707 320 636 974 118 905 382 353 199
304 413 811 286 609 332 524 843 394 303 349 398 817 332 620 964 750 943 453 889 562 419 408 441 51 860 207 237 503 732 425 445 275 579 215 191 181 213 188 9 921 475 543 417 336 740 213 60 699 838 337 931 192 257 169 634 163 941 736 909 250 346 973 787 216 54 910 669 610 36 568 15 654 877 109 850 801 305 566 197 167 135 830 803 222 873 445 215 435 318 608 858 950 209 399 145 186 265 230 392
518 273 285 406 251 2 454 840 63 203 264 578 179 518 5 763 671 670 628 668 226 648 152 899 669 593 777 918 219 723 119 889 22 718 142 48 536 817 791 94 285 640 149 700 381 117 170 583 746 913 232 432 111 883 473 777 779 132 938 902 306 26 801 346 177 288 687 146 251 853 973 45 965 334 671 882 765 92 240 506 54 747 743 660 373 164 962 367 369 601 434 315 240 886 248 827 123 179 619 441
214 154 680 339 420 308 190 8 738 943 95 22 183 441 788 45 452 121 471 640 212 827 717 219 385 803 683 41 453 26 328 79 641 588 198 185 592 600 60 824 766 448 509 161 88 431 413 640 679 565 36 753 26 250 628 998 334 897 143 551 454 594 373 374 284 74 660 75 622 80 14 83 26 158 357 499 232 825 400 99 973 382 785 20 271 554 524 270 497 882 707 573 964 411 279 769 600 826 524 64
88 109 767 950 9 674 860 308 28 143 563 385 874 801 360 183 781 892 305 83 686 964 299 394 280 864 332 75 185 774 8 95 183 541 746 469 256 861 826 132 599 922 938 503 304 583 68 446 812 974 733 380 413 82 589 1000 417 816 922 252 527 533 188 790 50 492 378 388 234 363 188 905 9 700 195 782 620 11 382 276 786 85 774 171 463 620 745 396 601 455 437 102 540 236 950 544 26 478 98 973
928 802 614 358 358 156 368 558 476 175 872 281 609 5 380 73 618 956 40 586 28 693 455 370 147 72 290 839 684 468 586 331 206 393 427 218 502 444 367 926 839 245 180 764 619 230 420 218 714 812 952 797 647 366 719 983 377 609 747 501 208 756 631 368 827 996 39 608 910 950 312 570 801 695 506 602 952 823 635 530 450 76 509 257 654 188 414 627 51 350 934 39 888 551 604 106 664 796 301 282
67 108 876 595 342 294 454 430 411 83 169 604 432 277 443 893 214 486 168 736 375 870 156 344 619 609 251 237 464 282 620 76 594 715 728 221 628 146 338 687 929 8 445 833 844 230 23 191 697 830 872 892 719 484 283 355 153 427 286 73 131 347 740 295 365 140 544 361 345 115 532 408 947 120 804 465 820 854 65 361 126 237 664 385 123 269 944 432 320 849 108 443 600 243 328 540 841 949 373 639
98 925 694 308 638 191 693 585 772 560 147 725 372 709 656 674 404 408 18 335 443 348 310 214 840 971 460 598 16 199 513 704 116 50 468 330 271 131 380 432 512 447 545 222 467 97 218 269 885 621 822 877 912 286 260 190 217 974 432 830 869 948 310 895 145 624 979 926 539 38 15 356 360 182 843 848 904 750 628 92 501 46 271 563 192 326 692 65 326 116 109 723 197 482 726 710 860 983 565 472
844 641 120 61 72 171 470 669 832 81 392 773 526 238 750 814 584 418 208 646 139 787 29 93 23 825 742 163 487 942 283 450 266 565 87 510 79 89 607 710 978 28 341 989 913 935 867 99 222 792 359 722 758 881 784 444 88 439 126 386 53 921 337 62 207 767 360 291 868 887 260 832 604 41 150 448 637 965 999 233 533 80 110 626 163 95 923 323 253 72 780 813 759 854 336 964 703 782 107 982
461 278 136 786 467 141 801 581 667 203 92 307 950 125 310 199 251 231 975 452 195 774 95 404 711 643 649 104 273 285 419 212 101 112 157 164 966 835 433 720 19 16 458 445 253 35 41 847 783 575 521 462 867 333 928 901 202 251 253 134 231 711 47 521 213 867 447 870 680 277 508 206 106 370 839 694 987 693 321 365 807 193 987 717 199 719 761 218 859 881 623 365 820 678 362 916 593 90 295 809
12 493 718 221 865 962 497 784 223 340 719 738 10 384 54 663 502 755 158 563 230 296 985 443 63 24 119 669 13 409 786 138 458 247 204 772 199 751 315 934 904 310 479 298 186 419 726 602 313 361 276 838 737 150 969 745 135 495 922 629 242 657 361 209 438 699 523 133 356 765 536 668 982 329 553 236 362 314 852 959 579 346 853 19 990 711 781 689 476 398 177 208 113 105 45 166 129 48 677 248
495 250 939 810 537 665 43 472 776 107 0 965 603 355 273 57 54 149 929 666 751 989 231 858 570 559 741 525 597 249 832 844 890 720 815 982 375 759 296 947 391 817 447 832 291 489 541 76 26 682 14 748 761 800 449 302 857 578 759 613 681 614 712 475 952 998 818 281 837 343 477 147 782 110 317 733 49 324 20 895 612 502 376 250 609 431 519 935 532 433 444 652 698 295 23 669 404 432 774 102
247 191 622 808 567 93 636 908 643 519 587 833 486 500 994 871 12 937 359 797 69 934 667 915 572 546 952 113 904 226 920 542 347 769 765 841 841 691 672 315 613 838 727 773 576 295 179 666 575 696 822 369 778 817 289 753 433 118 10 405 480 19 725 509 1 360 953 964 672 318 744 647 141 718 757 673 834 849 450 283 143 815 989 443 300 827 346 545 996 584 426 372 262 352 268 858 612 51 672 868
514 788 258 501 624 145 118 163 51 220 866 388 455 89 706 688 298 811 237 828 649 648 514 567 244 237 927 555 932 526 476 919 271 687 10 296 38 402 192 892 908 421 421 330 443 315 363 60 224 466 418 342 911 460 808 89 695 472 639 885 615 58 403 259 265 96 700 900 824 630 317 920 649 122 990 774 943 850 708 137 598 514 494 543 491 666 868 791 706 68 979 140 826 498 126 275 343 525 231 3
131 768 659 920 882 837 422 290 250 903 997 579 154 297 908 87 122 976 973 46 801 461 660 938 453 138 669 219 363 495 2 48 875 675 281 650 938 167 750 879 904 936 32 720 692 227 248 543 192 677 494 319 471 815 120 146 737 757 972 363 867 826 762 597 830 296 80 153 577 838 232 295 869 593 519 455 662 466 41 159 268 803 868 652 995 7 907 308 692 418 682 206 879 427 153 176 801 546 846 247
853 469 19 1000 110 952 520 934 870 757 234 451 539 98 532 401 204 97 581 823 299 886 379 590 51 450 803 864 762 164 965 966 290 759 0 706 152 633 118 997 308 58 302 172 119 295 572 852 518 691 943 817 191 781 799 592 728 40 150 784 56 449 882 256 107 892 74 489 504 899 929 919 851 946 406 24 433 802 885 552 642 684 302 762 624 99 155 371 713 904 800 620 761 404 731 99 31 297 845 525
354 200 318 851 912 25 263 336 800 52 444 309 481 303 912 407 302 278 809 302 195 597 671 245 788 723 323 382 695 34 755 269 778 590 657 880 660 240 457 611 553 803 955 456 611 300 223 457 895 469 647 739 186 350 749 201 216 58 507 432 655 888 402 224 428 570 744 680 560 683 11 876 128 11 874 965 858 983 276 922 148 642 571 401 978 811 127 131 310 853 491 194 692 508 56 947 958 654 307 574
272 224 707 849 224 288 504 995 554 59 908 791 984 600 692 507 707 673 451 225 475 700 996 530 471 37 511 721 630 740 655 790 598 633 203 269 529 280 564 435 240 878 448 338 970 955 433 494 568 317 3 597 549 319 204 496 111 634 431 140 275 830 467 684 843 708 47 72 703 447 184 700 729 597 721 418 232 995 266 713 901 452 364 416 712 902 639 373 870 389 764 155 557 413 425 939 277 550 122 461
177 466 307 274 60 19 268 961 815 248 814 593 282 751 677 250 870 155 664 668 19 902 900 18 412 958 521 544 391 940 620 128 386 815 136 327 325 496 947 489 850 474 604 957 433 837 12 6 183 655 368 64 562 768 435 638 996 112 299 618 773 757 52 272 426 13 193 632 383 775 733 373 146 330 993 718 647 603 964 334 497 668 581 626 10 770 613 773 434 703 849 73 290 785 31 429 750 505 788 110
180 518 889 488 262 652 751 988 237 433 855 723 248 223 959 99 740 475 888 696 204 993 56 612 794 564 312 807 38 298 182 840 903 857 495 356 472 579 159 599 88 98 867 302 488 279 879 267 926 314 90 258 778 62 581 80 869 292 457 491 400 336 670 220 153 540 172 660 921 1 210 365 850 841 620 643 251 796 969 286 607 443 688 165 731 55 508 336 113 590 607 413 656 713 58 95 100 453 429 620
825 55 645 859 828 120 826 75 474 672 867 436 46 723 544 845 256 750 54 193 302 349 717 219 664 439 769 807 237 448 774 691 592 930 338 621 717 860 971 626 712 660 358 661 230 352 443 827 794 668 968 841 376 877 414 880 16 270 891 608 782 111 531 435 221 928 664 86 997 19 512 95 614 226 928 905 403 619 195 309 362 436 795 597 789 493 76 692 782 710 816 584 549 8 906 318 375 496 701 207
164 332 196 449 253 704 673 101 36 777 500 179 409 942 48 711 833 493 190 720 415 567 696 757 422 31 207 550 144 893 195 114 952 771 138 447 712 855 777 675 805 152 255 90 277 829 373 678 995 379 642 475 695 119 622 167 892 408 393 19 793 113 353 835 771 472 457 673 912 544 563 134 842 276 802 212 750 629 845 421 424 75 304 951 500 478 121 143 933 165 594 985 217 865 431 247 118 460 784 528
119 275 785 866 454 688 344 872 571 521 353 547 981 326 112 773 642 347 108 27 924 994 351 832 564 971 173 488 504 483 935 858 847 282 651 79 292 677 600 503 444 33 770 627 222 423 357 582 586 574 631 587 427 68 816 798 672 631 5 518 509 561 634 831 937 176 403 716 146 744 101 616 912 421 911 963 316 760 9 298 316 459 338 33 452 44 528 732 663 930 696 322 979 785 30 994 572 685 844 600
821 433 367 575 993 32 17 67 937 344 628 428 525 815 943 215 934 418 321 464 758 787 539 185 779 924 202 932 18 360 959 603 156 948 264 376 544 526 928 375 391 708 233 141 408 245 120 276 163 982 813 320 771 324 171 825 739 834 779 14 903 858 240 854 498 736 388 613 424 639 816 876 166 417 637 401 50 373 954 534 316 963 952 990 513 530 673 386 537 804 76 566 599 497 161 896 979 311 950 620
213 654 567 796 541 339 130 581 92 692 192 661 523 758 853 355 164 86 548 158 490 909 537 41 709 696 516 821 686 864 814 339 839 516 541 810 414 996 244 613 436 361 589 637 711 298 150 325 855 296 784 595 168 731 929 546 470 978 518 275 576 588 91 177 962 665 665 760 176 957 409 594 73 79 387 334 177 44 810 608 151 137 565 546 95 291 396 516 973 444 974 554 591 239 292 299 390 205 816 751
540 56 678 575 707 49 501 218 226 766 950 668 238 554 618 973 745 250 716 528 286 405 208 421 821 66 939 743 926 658 156 783 98 734 456 744 31 829 847 593 126 592 67 945 375 582 691 322 810 739 496 109 526 125 562 762 554 293 277 757 918 675 372 935 182 749 541 207 51 651 409 341 419 616 605 950 630 980 174 655 849 911 473 561 672 393 238 809 626 361 380 718 59 821 660 687 147 742 743 700
602 269 201 139 665 479 173 737 820 59 459 436 74 662 351 734 816 561 715 301 101 405 821 618 536 90 576 878 403 824 71 40 846 646 764 458 216 209 189 481 23 299 403 58 179 135 989 394 338 239 563 399 209 643 245 760 677 863 999 168 633 7 383 711 902 788 829 551 181 196 560 691 759 180 203 500 665 210 199 493 618 224 236 778 954 515 434 357 465 755 28 872 487 399 328 324 935 981 645 330
787 583 381 49 634 618 795 245 94 78 12 268 846 524 32 400 615 305 35 250 263 858 273 72 211 284 921 60 511 883 256 328 867 713 426 210 330 393 949 234 29 510 344 144 655 299 103 250 490 772 428 460 730 647 355 155 881 653 184 250 932 180 532 985 959 977 7 436 882 543 627 689 342 31 381 446 861 677 386 428 423 588 530 404 51 996 907 238 576 298 729 283 167 281 124 628 991 694 113 67
163 497 512 287 901 555 173 825 437 962 268 730 216 538 810 154 458 353 35 639 886 502 247 646 905 545 829 327 273 875 680 726 119 760 937 867 565 686 563 951 913 122 648 430 308 928 794 39 48 217 128 45 287 226 833 72 613 282 393 91 585 981 407 649 975 749 686 120 285 330 609 206 679 872 427 862 922 606 190 767 645 122 887 78 175 773 54 230 249 800 920 572 976 202 627 767 189 838 425 435
502 8 152 171 74 325 264 399 234 269 373 848 926 103 457 124 513 399 436 136 675 133 609 277 671 278 196 906 729 752 4 704 350 638 591 497 508 736 616 681 859 839 467 831 730 307 370 922 673 28 613 916 14 218 336 949 621 998 232 590 515 565 731 649 820 547 688 760 337 910 514 564 988 419 131 110 545 419 893 335 206 198 715 270 864 119 893 448 13 811 336 564 154 25 75 639 300 176 770 438
807 618 663 985 970 871 408 2 597 762 753 929 963 431 129 631 559 491 688 85 891 150 588 596 37 576 659 187 581 876 911 816 979 234 778 814 999 76 215 306 727 269 81 49 579 911 629 386 974 421 326 790 530 559 910 164 659 119 23 689 299 30 677 846 273 492 269 651 255 18 243 593 834 16 66 390 952 291 267 294 469 774 685 514 957 844 850 312 836 715 240 298 203 459 837 719 67 967 274 581
687 482 164 277 955 261 429 580 472 309 732 790 409 2 849 226 330 643 795 388 839 912 52 630 798 635 576 214 108 786 398 458 31 598 805 227 824 630 389 394 521 450 384 515 795 381 352 327 750 716 417 81 359 584 515 292 830 753 362 139 504 872 398 867 339 529 273 801 344 392 378 255 317 820 434 733 898 804 461 334 144 50 259 265 947 342 739 964 900 546 31 715 175 514 64 326 698 289 252 400
900 294 739 98 943 99 981 440 187 119 432 726 469 74 791 502 665 39 828 543 429 702 725 290 433 30 135 513 387 646 891 40 28 681 767 342 39 402 673 982 988 1000 821 975 775 41 280 144 322 772 486 344 63 4 950 776 417 911 374 650 215 901 141 337 1000 115 166 406 792 761 506 484 99 796 440 530 303 873 301 705 784 60 246 930 9 285 446 761 41 613 556 641 859 124 705 962 515 11 246 677
160 964 122 534 764 831 796 80 998 188 902 354 699 588 649 120 283 263 983 156 513 294 969 34 529 760 754 489 397 603 39 157 384 500 70 165 693 518 361 220 318 989 789 912 850 732 89 691 351 173 735 452 537 899 122 135 85 61 1000 898 331 47 788 390 458 616 321 841 423 592 154 330 524 136 13 916 280 435 240 656 281 46 1000 781 745 803 582 758 52 300 820 864 628 871 901 263 454 911 911 539
681 303 890 819 46 68 119 91 997 722 712 445 890 269 50 342 853 528 771 444 923 355 363 860 578 322 658 369 820 114 222 898 915 413 357 429 723 674 799 347 349 701 236 139 815 653 58 549 16 782 442 482 829 145 931 176 955 711 501 181 525 151 117 417 805 665 63 829 133 253 507 427 451 794 951 208 600 647 564 703 732 700 190 740 589 760 977 18 36 24 21 764 367 384 678 861 415 331 25 405
9 47 455 723 459 426 913 954 922 130 738 686 140 598 238 82 623 692 207 723 236 363 926 953 116 849 276 131 299 861 208 844 755 417 405 443 484 302 310 137 858 516 980 612 385 549 550 276 317 159 188 902 427 854 462 647 625 670 970 271 168 688 516 366 879 893 63 690 449 512 909 29 620 581 347 233 855 822 84 839 296 355 158 926 172 36 141 938 290 980 596 217 376 316 358 20 763 560 387 234
727 658 739 673 999 552 509 932 743 387 90 922 556 301 822 943 478 697 458 723 345 354 62 72 116 31 360 895 868 859 248 500 151 40 317 293 275 273 174 111 936 307 835 155 568 586 624 458 91 819 554 840 860 402 18 636 868 691 266 188 20 120 352 636 283 879 709 496 631 487 745 132 457 301 834 407 63 504 806 658 26 761 678 564 633 83 192 103 87 774 975 965 624 943 111 42 905 451 694 628
638 533 6 377 227 680 505 352 639 303 850 954 833 760 867 982 135 379 286 928 840 206 907 875 537 53 962 973 192 990 538 872 653 842 117 214 282 631 449 340 795 542 990 389 814 547 316 618 306 553 531 905 21 476 448 595 489 762 317 726 267 81 128 315 173 630 818 691 356 180 426 627 569 329 712 965 108 39 306 563 721 8 525 485 856 560 245 550 387 726 866 787 53 358 394 113 15 929 668 642
98 513 953 95 191 563 922 551 71 474 305 535 599 865 786 108 233 989 362 144 575 158 590 141 360 259 886 16 546 140 899 550 525 370 247 802 458 890 252 663 327 31 539 136 73 572 732 767 893 405 727 722 134 864 356 200 954 166 985 959 9 311 481 295 799 487 358 350 796 180 419 208 49 386 359 192 7 985 241 121 257 90 373 278 869 291 250 776 211 116 838 302 288 88 781 300 705 831 451 524
686 224 632 963 52 7 605 46 223 972 42 820 624 952 921 738 56 79 743 95 147 670 908 631 158 698 967 873 521 428 941 979 576 590 724 860 438 113 409 654 334 730 495 695 783 909 611 341 28 596 33 858 197 789 875 448 989 319 953 822 454 71 705 128 297 887 230 474 534 512 834 327 814 376 871 264 228 358 716 393 595 934 723 381 212 428 960 515 923 273 765 482 632 17 391 709 877 220 711 77
11 87 637 706 840 54 759 739 691 149 769 988 490 463 743 110 373 648 68 892 647 693 694 207 864 104 623 453 156 873 908 959 332 710 44 491 684 234 909 578 689 400 365 17 703 908 182 454 229 677 224 950 274 100 695 671 702 739 490 26 392 802 278 947 743 915 651 921 805 108 21 854 419 677 767 739 316 806 96 995 59 496 262 976 212 185 609 112 570 428 479 925 177 412 716 77 359 285 297 280
573 637 545 454 904 585 901 992 564 245 610 692 170 159 344 800 825 860 318 505 116 17 840 608 252 948 208 908 610 142 430 284 945 940 165 263 830 506 742 52 997 158 806 797 373 570 494 545 533 1 220 228 235 712 210 345 257 667 577 554 868 501 344 468 807 706 951 671 493 52 620 703 490 853 193 692 285 960 447 521 502 637 765 225 145 33 766 475 349 543 22 118 112 53 768 907 330 928 279 466
270 240 87 75 517 706 436 129 725 341 22 342 92 85 321 606 734 736 636 4 187 693 123 266 875 679 800 167 724 859 370 927 457 777 134 306 602 846 914 994 685 561 946 546 335 778 138 255 425 324 758 8 461 130 354 664 225 865 385 570 738 845 383 968 615 628 204 365 203 591 785 3 994 116 553 971 43 330 684 924 899 463 824 500 743 349 878 423 488 893 133 579 237 501 442 932 956 696 374 599
913 961 601 529 463 491 661 313 520 87 257 608 232 694 490 509 641 20 91 677 835 27 711 856 307 599 968 978 63 479 883 168 835 294 265 535 731 47 355 624 318 707 578 868 231 442 969 447 394 252 882 740 276 744 99 503 799 306 748 93 112 660 703 637 217 182 738 415 195 735 531 948 316 1000 26 536 28 612 995 559 138 509 198 297 988 571 666 316 945 949 357 536 71 460 583 198 886 584 27 625
444 426 941 706 178 594 811 210 826 377 382 318 853 429 290 672 106 152 611 698 199 931 545 79 608 16 637 932 656 500 682 240 711 488 348 109 32 38 889 340 414 581 768 280 239 114 713 234 188 248 377 979 917 316 919 803 138 879 408 517 310 354 304 939 864 945 588 401 468 671 296 602 675 567 847 163 216 649 822 401 827 739 675 259 635 619 697 990 46 126 946 446 212 35 14 95 764 537 750 64
648 439 933 239 355 864 874 790 799 77 487 432 104 146 478 493 855 344 182 174 648 251 551 12 439 707 35 668 223 953 496 345 382 220 387 406 512 121 863 511 512 942 996 259 725 780 486 108 327 365 427 296 26 417 323 586 78 321 87 260 2 571 192 448 575 268 943 342 183 752 231 953 154 700 235 398 673 964 730 607 329 241 162 774 871 70 172 959 959 451 44 44 54 466 485 918 109 172 170 432
122 981 843 557 462 702 779 378 379 288 742 562 49 186 671 420 902 389 492 653 260 247 756 794 0 791 843 511 27 117 619 651 674 550 283 347 340 609 676 664 160 262 382 361 160 263 244 935 135 610 948 662 784 676 667 849 726 261 501 701 677 217 568 933 452 66 543 275 677 361 713 304 467 180 697 604 649 18 495 819 784 795 766 118 781 544 348 551 736 916 72 830 437 961 383 373 489 518 746 201
797 36 569 114 272 168 33 665 535 699 307 486 110 81 37 523 362 728 878 89 194 92 722 365 796 225 613 741 101 637 300 454 205 825 270 504 986 114 718 511 413 18 127 338 125 405 587 200 811 270 174 47 356 763 464 153 905 61 168 244 413 994 709 308 141 71 655 919 185 579 515 288 593 439 30 607 536 614 846 281 887 964 988 458 402 479 449 755 167 175 89 83 736 535 584 547 40 413 796 598
104 702 941 679 849 465 8 711 284 68 271 823 76 733 607 837 372 378 531 175 358 57 949 139 234 575 388 938 94 796 628 146 532 160 650 811 767 587 293 374 72 250 583 88 679 776 94 725 967 746 365 516 516 323 645 175 703 335 562 498 400 484 647 544 595 668 599 223 980 588 305 39 561 843 431 245 181 378 792 818 573 790 501 838 673 491 188 701 6 821 433 923 647 702 531 464 429 172 295 387
694 321 174 814 195 183 525 933 67 20 867 32 934 910 876 838 802 558 714 439 684 631 255 827 772 462 582 253 515 996 551 672 242 376 254 633 592 783 67 319 769 199 328 5 344 828 208 416 58 321 781 245 969 743 121 182 621 767 966 606 405 478 685 652 216 212 328 862 996 282 199 538 62 543 723 461 714 981 204 165 713 573 818 883 359 654 229 918 746 611 728 21 634 671 599 241 410 305 711 473
340 942 633 441 542 252 760 116 39 486 48 214 881 830 459 165 34 28 860 33 717 300 109 708 680 506 738 593 263 800 11 863 793 697 654 432 314 953 18 760 456 17 649 577 883 526 106 887 70 700 368 611 843 812 52 989 159 665 866 921 483 23 881 213 874 764 261 850 114 722 218 972 76 226 485 815 726 234 943 882 479 6 147 308 36 123 472 112 483 344 856 282 302 145 484 335 640 104 502 883
917 293 551 611 414 810 474 674 683 241 388 226 937 329 402 900 569 567 526 271 631 856 622 506 473 134 283 154 56 569 515 955 824 754 786 731 937 915 633 863 770 47 984 468 422 258 775 325 320 750 592 301 927 614 359 237 619 416 276 482 810 907 221 348 387 839 546 571 891 574 754 741 422 147 559 763 560 436 394 494 624 0 521 147 986 714 154 406 683 605 463 424 234 538 142 350 750 501 670 403
422 30 917 877 211 364 268 834 864 880 444 62 93 172 629 336 54 752 795 123 931 910 191 43 494 672 961 768 361 81 587 162 158 999 584 154 674 708 362 427 882 858 75 820 973 835 420 273 233 775 709 926 278 419 774 569 177 995 892 538 27 364 685 483 63 359 14 157 429 943 588 173 412 264 690 206 951 808 954 79 373 403 403 879 941 61 43 967 320 664 932 866 854 470 237 84 297 179 741 311
345 961 130 559 885 171 504 505 833 933 324 289 428 278 32 554 342 528 862 884 327 489 450 149 474 693 32 623 244 668 572 880 894 987 806 989 736 81 852 4 77 236 429 663 918 431 889 960 450 35 38 313 33 822 219 639 930 390 722 443 339 463 728 50 540 836 444 299 68 446 314 573 482 640 828 206 540 421 340 669 16 770 869 888 147 296 455 368 160 865 339 908 293 175 843 614 190 176 39 185
114 555 698 74 29 153 160 143 29 215 762 726 408 491 44 353 850 896 610 718 342 292 606 34 327 685 183 185 866 541 222 719 302 488 878 456 661 602 121 910 876 926 106 690 661 254 476 505 143 383 874 363 426 245 974 348 83 423 875 784 186 842 10 753 170 637 717 537 896 188 502 455 360 302 339 987 385 715 583 580 302 532 1000 462 583 966 770 882 916 557 821 354 963 611 896 436 801 638 526 12
572 585 959 383 292 222 794 105 880 466 171 631 676 870 237 865 190 498 468 510 558 35 787 854 895 28 87 858 745 843 421 482 990 862 8 846 553 490 842 222 506 654 757 99 527 289 978 946 533 744 74 614 839 749 537 898 974 733 821 636 804 628 101 449 936 311 660 710 60 899 516 135 655 228 636 867 297 922 581 813 496 189 990 239 932 651 981 298 703 305 629 86 131 429 19 517 617 82 850 910
728 232 767 245 913 92 55 805 549 858 656 110 230 132 783 370 289 266 144 272 190 343 941 196 495 341 973 497 606 478 526 349 777 6 552 435 604 37 432 459 195 874 97 273 790 60 611 803 255 731 180 625 973 143 358 442 218 300 559 284 203 488 700 615 661 596 467 875 583 448 729 979 217 665 213 22 540 48 267 582 445 896 495 298 485 569 77 157 279 9 152 157 899 484 776 829 918 90 720 944
979 465 653 344 18 33 530 443 1000 39 413 154 473 168 344 380 875 851 348 967 864 204 228 582 583 795 211 964 551 650 589 302 617 881 567 345 739 512 234 663 444 823 95 139 235 841 11 214 335 500 348 406 83 168 560 408 107 741 236 796 579 60 865 929 629 359 924 444 396 581 503 807 151 532 331 120 528 63 464 940 402 621 605 741 145 72 817 516 627 542 698 364 897 348 965 83 846 478 336 919
542 145 385 697 433 870 115 164 39 399 182 499 979 764 980 950 246 377 115 760 393 160 384 35 744 505 730 618 922 274 428 18 558 147 315 421 771 883 439 151 628 634 331 145 325 478 140 980 743 238 452 110 792 420 235 517 964 464 656 702 694 676 132 68 727 623 770 584 162 631 174 522 555 241 4 594 729 609 680 644 981 625 839 378 640 850 706 517 590 438 80 498 443 958 216 388 471 755 250 351
770 119 115 74 958 292 654 916 372 984 899 581 926 343 678 237 639 159 90 438 856 610 111 337 568 334 738 170 204 594 578 95 555 61 240 37 803 241 397 342 554 226 749 820 634 569 801 720 350 567 397 387 292 965 475 294 610 95 698 175 750 999 985 710 891 429 512 426 247 493 949 444 906 206 740 42 111 384 278 908 507 295 59 774 701 503 185 595 933 416 956 257 346 284 585 575 201 273 989 359
896 604 746 117 190 383 237 825 609 166 911 578 161 866 150 593 287 985 619 840 796 822 145 866 321 281 776 863 252 537 172 306 994 937 993 449 550 922 476 554 807 922 529 77 449 792 116 291 922 723 496 278 39 447 703 497 786 556 541 620 376 560 454 694 530 461 847 734 167 1000 40 973 523 828 246 716 768 137 314 135 370 267 561 58 226 118 352 246 871 748 109 646 621 835 262 948 745 853 131 239
2 302 311 211 384 945 309 665 758 846 499 453 762 563 642 589 986 232 402 749 295 496 461 732 779 438 713 629 222 378 690 392 678 705 193 522 819 577 858 557 402 292 903 403 61 632 1 581 325 402 381 18 559 673 455 540 552 382 493 718 211 712 505 657 202 237 260 318 802 158 75 419 638 585 828 375 333 936 121 818 980 249 908 709 89 384 231 927 872 700 869 527 788 338 649 864 328 378 159 317
131 418 660 564 579 473 320 346 502 601 860 176 332 624 462 660 889 29 855 661 528 201 156 556 767 623 72 626 958 549 217 879 477 536 975 58 335 112 11 878 929 518 79 854 733 424 648 176 159 592 671 105 573 453 620 619 243 675 329 43 463 726 734 522 175 713 152 731 616 671 961 16 170 8 110 687 110 783 95 602 373 823 492 700 240 792 835 298 272 48 372 972 196 71 98 199 625 347 247 724
420 272 439 379 418 355 352 360 808 901 67 989 829 930 432 878 783 536 168 93 548 708 360 345 516 929 865 538 656 964 492 389 163 323 489 731 239 610 331 352 51 243 954 340 733 789 955 705 253 458 96 55 66 897 330 89 77 601 70 445 162 411 730 854 357 522 605 47 266 934 791 443 866 197 755 51 630 711 788 851 892 640 685 46 49 686 645 770 460 590 962 552 856 306 927 103 786 142 540 144
708 183 967 67 590 462 793 244 976 339 352 442 914 877 561 585 497 950 482 937 199 294 188 287 574 450 894 881 911 310 210 981 202 709 309 665 220 243 138 963 823 14 338 973 128 900 466 972 356 906 755 735 389 145 651 558 310 566 451 8 866 839 219 623 640 669 803 563 736 820 349 323 271 410 608 586 835 234 841 707 936 509 965 528 371 900 574 196 841 779 16 481 628 166 476 547 91 118 607 60
166 657 964 905 793 777 803 948 58 662 126 82 696 976 910 102 579 142 240 803 654 711 787 544 766 625 847 71 771 571 608 921 110 192 324 493 415 991 878 589 596 42 59 589 948 368 154 783 771 664 999 474 801 758 709 48 5 691 954 372 347 987 266 160 516 787 740 50 283 678 50 539 829 855 584 620 735 344 56 508 701 521 336 629 863 303 593 857 177 906 935 511 264 882 825 669 197 394 567 51
532 674 109 224 608 296 18 503 767 882 967 873 659 384 102 776 83 195 261 574 332 834 658 220 219 264 498 166 835 802 62 53 399 739 230 293 148 980 586 117 415 753 276 178 257 301 701 446 267 706 116 359 664 849 790 422 571 503 447 112 549 390 161 330 675 189 855 675 551 846 381 293 43 534 215 661 816 811 559 956 436 70 616 355 496 361 352 340 230 430 767 748 693 102 542 428 491 80 624 202
523 392 346 1 314 929 543 91 929 973 273 118 750 148 289 305 886 525 144 424 416 76 695 139 621 111 481 191 373 73 212 995 230 268 786 872 835 670 465 341 167 949 494 360 107 902 234 291 86 474 142 750 873 174 144 48 348 308 924 165 542 404 227 495 218 578 758 795 179 483 687 376 287 195 999 265 765 720 503 708 808 70 636 858 166 262 296 483 414 79 932 229 35 130 334 276 109 481 234 166
137 122 430 15 828 794 542 853 333 557 924 678 894 240 652 196 516 8 148 648 98 698 846 486 669 697 962 491 936 33 823 242 789 282 732 837 763 789 156 898 658 163 579 399 758 506 317 828 488 459 101 891 711 272 272 362 63 533 37 814 378 591 602 686 188 979 454 846 728 859 733 560 752 276 320 948 100 208 560 446 1 311 734 326 14 182 572 795 752 717 738 151 331 487 665 735 508 755 967 20
131 342 781 649 516 979 87 771 191 590 855 143 622 918 145 214 488 5 918 324 90 541 668 264 187 765 855 603 169 873 526 27 91 972 516 202 426 406 166 904 789 676 161 954 444 104 239 812 308 312 495 196 280 579 890 586 225 809 840 102 119 94 747 138 91 427 833 870 560 675 142 993 791 977 358 791 693 873 27 633 915 944 959 290 361 839 531 758 807 976 549 513 325 957 858 850 721 87 379 520
759 71 522 821 488 355 85 658 856 213 513 807 155 256 93 588 165 368 518 993 276 50 854 905 68 753 131 72 692 15 238 390 853 41 923 521 903 186 544 83 794 188 86 538 1000 107 159 526 943 941 1 757 594 686 173 573 906 756 522 910 12 196 502 771 155 241 16 725 742 484 45 547 403 666 296 178 245 664 452 141 357 893 234 367 528 346 723 885 290 181 86 452 861 225 622 287 723 150 444 951
701 919 28 420 333 671 532 521 383 721 815 148 735 166 809 725 978 730 397 29 429 239 872 893 487 325 486 398 804 591 757 928 320 550 983 863 863 544 721 896 930 953 947 291 947 644 274 927 940 264 348 687 659 390 637 5 372 848 114 836 199 334 69 287 413 805 482 598 516 750 18 305 469 760 582 636 274 127 344 498 551 972 487 553 744 835 267 866 877 474 918 189 564 511 783 881 159 715 774 120
399 408 995 757 476 671 733 766 163 999 939 299 826 412 457 291 819 626 600 558 245 236 217 962 981 925 311 301 77 127 658 447 996 208 368 789 814 76 612 257 941 956 172 68 491 270 504 848 295 641 52 351 714 610 534 593 184 885 389 783 923 68 636 633 721 558 126 383 499 154 386 875 159 984 577 473 824 803 939 826 277 776 456 474 979 521 770 430 380 176 679 184 248 341 524 56 695 412 511 960
635 729 40 468 488 384 382 286 416 909 672 600 82 599 538 913 837 399 135 944 925 34 446 935 3 961 718 727 342 876 485 629 513 192 981 875 736 300 566 463 414 285 260 921 159 550 279 208 580 390 265 802 568 746 606 290 226 974 188 726 971 192 645 671 698 293 446 438 614 306 210 123 685 445 192 535 46 949 36 568 749 146 345 886 854 39 229 669 908 471 613 671 103 805 28 382 215 436 594 560
910 526 445 622 459 178 283 276 914 559 712 954 472 337 115 228 101 967 233 225 223 673 829 887 45 650 595 41 42 396 447 281 896 264 994 281 211 626 375 833 291 599 660 708 215 766 895 766 696 724 373 661 519 633 51 250 690 736 882 466 781 40 339 15 289 914 540 674 385 281 992 320 1 303 574 377 362 748 443 909 109 569 981 528 859 776 0 785 785 304 454 325 586 56 674 708 236 260 524 392
627 405 344 896 199 365 980 490 8 880 676 641 825 981 689 303 321 203 110 391 850 816 112 584 985 72 206 103 978 434 970 302 640 404 114 514 721 102 152 65 83 235 453 747 618 481 186 872 480 32 72 552 113 230 926 707 207 546 348 717 505 586 884 906 931 19 223 413 968 699 664 721 125 430 774 305 150 636 687 524 454 557 916 680 583 921 592 595 95 336 569 422 553 406 68 410 228 350 585 729
460 626 615 182 950 935 737 155 655 497 820 976 250 697 676 330 580 260 124 628 117 509 7 428 105 331 747 738 786 291 421 33 293 418 598 15 243 940 68 389 692 727 22 872 3 839 4 272 226 923 747 927 749 834 622 365 822 411 826 533 221 839 9 670 153 54 740 506 325 353 300 846 500 472 395 354 164 645 591 408 271 919 992 551 183 890 683 605 593 362 208 555 893 682 550 670 863 387 44 882
720 449 225 318 613 572 372 938 950 182 805 724 658 378 127 28 662 496 606 311 432 626 498 278 457 245 858 514 905 716 756 719 888 854 503 12 471 605 386 302 261 58 694 275 496 787 514 925 333 229 99 934 999 675 648 398 740 33 684 784 161 90 869 885 55 922 822 955 539 669 437 328 262 993 244 318 527 514 51 671 524 659 995 655 566 168 778 715 400 640 421 433 871 545 408 963 310 707 952 648
194 394 340 38 913 52 995 743 181 682 665 182 672 58 612 456 325 348 551 819 949 463 638 61 683 336 622 434 36 122 34 329 200 491 483 704 570 978 255 47 589 253 764 473 715 955 951 431 883 14 413 22 454 967 408 771 99 738 621 416 476 382 519 345 262 265 400 251 492 517 81 486 310 230 501 781 848 846 389 944 841 205 924 317 309 280 396 665 973 132 116 438 185 305 167 172 484 574 406 263
751 644 218 710 439 805 220 407 523 766 219 758 455 382 887 154 870 984 288 447 356 471 713 538 238 532 500 88 590 439 670 456 337 181 755 460 742 146 192 12 115 309 888 919 363 164 443 565 334 830 518 503 983 409 209 309 125 653 5 963 270 927 941 229 974 586 398 320 933 712 550 268 290 612 913 693 271 3 640 939 845 428 816 463 156 413 911 856 346 330 525 688 559 243 955 281 75 758 430 372
854 850 662 105 527 376 516 452 480 666 547 124 857 248 817 683 489 72 651 358 821 528 624 608 488 222 503 875 237 793 506 119 715 730 902 202 756 556 562 715 526 802 159 564 787 801 520 381 736 722 123 198 55 148 880 64 152 938 110 444 834 358 886 849 596 631 442 913 429 342 620 134 774 657 109 302 539 58 197 719 785 554 331 943 931 271 818 907 627 665 554 965 860 705 205 908 622 991 282 984
801 369 864 733 112 658 695 731 706 192 903 787 47 915 522 896 223 852 869 946 852 549 811 543 727 359 115 720 22 944 955 673 950 112 402 158 27 332 657 780 535 501 723 994 553 331 312 620 471 581 857 30 86 923 616 120 587 252 336 274 890 846 779 499 547 570 30 58 20 836 750 461 117 540 742 280 60 131 784 614 293 109 125 582 761 106 609 131 719 985 296 573 159 601 566 135 86 719 289 96
725 276 717 503 684 725 26 411 58 492 490 771 273 722 928 191 331 706 234 295 80 290 889 921 232 182 999 568 589 96 450 383 656 3 353 777 368 91 158 988 108 889 852 57 187 717 158 211 113 574 12 194 695 730 639 213 18 402 937 352 917 59 584 604 815 410 97 526 373 633 657 352 777 467 351 725 320 315 734 254 660 769 986 903 368 638 796 943 927 932 581 295 392 152 381 906 27 571 18 974
4 747 423 854 514 736 810 829 151 303 17 380 101 315 908 891 264 110 111 664 572 622 203 703 234 606 399 679 655 102 651 919 620 336 840 137 970 399 554 21 133 226 34 332 996 283 765 386 891 435 341 977 450 753 279 637 837 887 782 997 90 614 503 395 332 503 47 303 341 361 531 914 450 20 113 955 732 452 50 405 686 112 467 146 878 195 693 944 877 46 630 521 326 28 995 368 975 540 504 421
0 432 748 447 869 947 696 780 813 619 847 147 723 485 211 530 448 954 662 878 95 942 172 457 236 414 632 401 233 660 848 258 429 983 945 566 260 968 882 256 151 450 752 532 173 363 133 794 980 715 949 960 280 252 703 128 776 803 210 189 348 915 573 232 963 795 817 608 248 320 783 594 15 97 484 565 208 586 700 289 720 549 150 392 978 599 844 461 532 906 481 400 635 738 391 695 291 15 20 760
477 326 745 923 14 624 555 594 52 459 215 345 316 526 897 44 54 928 267 688 349 602 243 661 321 815 741 673 646 130 770 838 75 118 808 513 604 258 324 178 409 696 901 177 493 824 65 468 910 645 513 460 53 501 906 822 422 228 346 375 695 346 401 311 915 490 869 25 671 617 971 402 496 501 211 70 112 420 695 432 920 309 248 257 94 475 421 796 597 410 199 810 320 545 407 478 790 878 183 840
493 976 549 726 166 679 301 947 422 917 340 139 621 457 115 824 737 698 226 576 479 662 640 932 443 385 904 655 839 250 56 688 430 346 151 161 900 898 178 112 385 730 265 262 308 789 915 857 666 549 686 800 15 51 881 353 664 256 388 333 590 385 257 514 136 592 129 285 418 682 14 639 759 472 516 260 261 99 905 204 761 587 844 976 610 212 357 641 4 49 778 826 248 386 994 305 948 174 147 746
881 937 784 9 681 220 187 372 301 50 685 198 721 190 625 871 199 77 992 480 923 734 739 509 818 994 147 619 102 501 395 48 298 893 868 321 369 304 416 265 788 136 237 802 663 174 378 819 558 477 212 751 168 297 322 880 749 128 731 4 67 403 863 195 551 332 418 116 566 787 837 340 788 370 289 914 147 342 999 157 375 404 985 770 655 723 918 726 409 268 387 808 433 602 171 473 674 45 274 324
722 152 298 890 568 413 616 679 914 501 283 749 616 702 414 355 355 167 350 382 823 393 516 555 106 747 615 72 220 285 141 104 938 46 747 808 25 95 400 4 953 699 565 528 398 705 576 812 994 210 469 136 330 74 993 412 584 534 623 60 479 94 13 717 588 36 326 243 422 112 263 293 920 690 954 232 667 232 628 454 611 509 791 350 675 803 215 666 878 236 0 946 628 585 630 376 113 47 364 181
550 849 884 652 894 583 466 954 77 543 83 456 333 148 431 846 449 200 886 266 184 229 484 653 514 916 102 937 432 379 326 885 870 775 369 452 2 490 371 663 596 520 862 145 399 120 685 167 303 929 56 308 932 596 400 397 350 310 660 999 247 159 201 213 114 834 752 172 814 932 57 449 337 808 812 2 585 685 291 468 314 694 404 638 452 16 588 425 278 347 584 972 558 313 76 549 119 626 572 425
476 79 87 11 781 828 711 468 845 719 243 739 364 422 567 102 385 509 679 30 437 847 334 155 45 253 410 323 123 712 282 382 661 317 247 331 72 21 631 424 357 780 171 364 905 806 124 12 702 328 365 210 514 262 650 693 730 754 392 409 121 686 244 786 386 687 889 652 600 548 552 99 457 351 714 914 380 452 411 851 104 806 330 760 295 852 734 802 884 163 10 87 546 53 278 721 383 390 776 906
488 536 351 37 720 254 332 161 299 575 562 136 537 451 398 939 219 690 936 1 997 861 163 173 280 98 423 804 894 384 741 28 202 575 611 717 907 131 208 248 352 861 1 886 17 636 415 274 646 192 635 576 862 871 88 220 8 456 717 928 330 530 174 695 474 36 772 499 92 26 303 489 234 833 292 574 442 416 395 266 741 727 166 736 740 793 33 507 425 975 272 699 913 27 80 308 212 781 613 258
859 999 683 314 955 875 354 636 874 290 162 146 731 806 305 979 652 721 486 761 193 344 489 722 864 218 51 793 549 881 299 693 520 282 987 102 31 841 562 741 901 278 29 51 596 799 321 91 299 142 9 641 534 942 364 923 364 946 528 356 673 504 511 617 260 718 328 444 680 975 809 278 191 222 705 750 842 778 485 678 656 309 783 993 978 357 182 863 131 616 162 187 58 457 436 646 754 141 728 61
413 206 968 336 525 278 31 484 339 364 991 907 874 392 774 908 862 361 422 749 906 885 56 23 52 305 369 851 103 636 965 831 517 302 846 189 880 143 633 770 359 507 640 907 694 686 437 392 972 875 362 752 929 140 866 49 458 924 123 672 956 156 457 577 264 400 820 98 692 980 295 433 306 629 142 721 837 141 487 959 77 910 46 748 637 325 966 179 709 722 910 52 229 23 437 270 471 506 32 433
820 546 150 987 793 577 84 130 722 512 607 458 848 283 590 519 915 878 116 810 601 277 775 416 728 968 294 199 366 471 13 890 225 200 451 238 84 978 439 95 365 155 420 650 822 770 487 768 424 54 470 714 592 271 258 289 746 813 314 154 150 97 869 963 462 18 650 505 50 408 339 741 321 244 476 741 952 935 533 164 359 372 100 529 307 678 420 356 59 444 872 532 290 489 799 396 264 949 106 352
80 930 51 466 100 320 346 824 730 861 734 1000 989 828 656 903 913 29 669 410 369 452 854 429 102 251 80 775 156 59 224 643 880 430 180 153 254 508 667 892 883 505 800 767 920 937 271 631 42 721 903 269 218 513 71 600 172 852 136 782 51 479 341 81 797 471 166 557 668 302 887 155 165 395 568 892 687 240 763 736 738 624 620 35 794 709 432 802 260 700 535 432 644 969 179 873 963 415 977 389
118 407 508 337 403 965 26 883 626 990 225 380 582 209 299 468 878 740 1000 930 977 455 641 867 727 954 796 955 373 505 582 325 417 272 808 86 387 35 754 835 215 26 738 317 104 791 230 109 747 614 776 203 135 51 276 631 685 114 783 367 707 330 484 153 387 119 749 292 472 936 87 18 556 346 67 737 981 410 84 910 191 871 292 249 324 282 947 594 668 459 63 343 569 118 28 725 52 899 315 129
835 451 231 292 564 94 447 225 480 455 932 916 544 817 762 615 360 436 318 209 675 701 124 50 620 406 712 312 536 334 582 587 418 294 490 730 68 507 498 864 988 411 412 681 494 344 224 236 674 567 178 302 234 955 127 136 866 752 556 966 905 224 167 390 505 41 75 473 505 103 318 715 886 820 591 551 648 794 325 102 851 687 589 492 416 273 811 445 219 458 771 502 880 697 430 682 123 68 808 78
992 847 341 667 71 107 705 336 914 717 743 796 935 163 982 680 42 396 571 151 19 513 286 859 829 732 33 897 117 996 328 462 874 533 273 933 708 410 833 688 994 104 115 492 977 52 819 417 824 827 176 657 301 819 121 936 66 260 811 279 98 829 732 240 182 930 993 834 791 789 123 779 881 698 841 410 211 826 908 621 337 106 155 523 898 383 872 872 67 991 709 897 270 822 112 744 459 266 770 516
204 871 681 613 179 918 58 204 207 116 29 919 870 917 383 648 628 777 348 524 913 589 398 382 636 663 114 263 181 259 529 846 760 592 20 389 197 115 485 707 340 68 64 532 605 712 494 603 457 622 759 275 725 103 874 524 381 121 0 25 840 96 599 614 784 768 790 329 247 730 15 621 776 694 955 188 265 708 807 576 99 734 988 223 592 173 531 146 615 601 170 690 243 292 242 412 445 79 177 1000
85 968 31 370 55 842 830 328 988 71 259 976 546 262 636 837 249 225 239 823 450 359 250 402 845 465 842 487 592 306 512 892 773 34 226 170 567 581 813 458 873 425 202 149 961 846 106 670 150 149 455 739 51 600 159 423 426 987 168 327 278 5 352 769 513 914 608 927 745 655 505 372 683 109 601 633 660 832 626 859 294 741 469 722 484 321 973 644 19 502 518 765 725 715 70 674 169 404 293 451
789 500 93 997 636 438 729 683 988 117 142 597 58 782 788 653 788 799 301 11 693 679 608 624 988 390 859 643 770 337 51 586 753 404 724 476 873 519 580 110 538 115 461 471 696 491 429 697 816 510 681 188 19 375 233 659 254 61 305 776 816 632 275 272 204 1000 67 911 387 579 208 886 59 600 692 120 91 118 715 160 46 112 566 977 183 299 362 420 195 373 528 55 483 203 205 293 889 57 614 800
108 407 52 814 547 807 894 930 832 153 338 974 187 357 765 593 175 654 490 530 629 821 915 270 11 10 294 877 738 210 303 551 227 431 850 70 568 674 676 818 446 632 708 105 817 643 964 872 704 907 920 397 486 346 708 793 141 25 412 875 778 370 446 225 424 323 69 873 744 644 446 228 902 353 235 306 610 723 707 576 249 878 514 728 992 990 906 986 764 915 588 161 102 586 757 827 880 66 731 766
76 149 934 178 505 173 897 279 636 975 11 446 760 243 119 459 262 936 160 492 955 999 554 103 645 388 431 585 771 559 995 189 306 868 378 478 169 262 367 616 695 251 602 381 669 94 31 540 612 549 419 512 90 431 215 948 415 194 37 966 345 399 904 584 867 34 385 737 281 224 988 732 662 856 357 989 110 340 907 484 681 82 310 376 604 809 160 316 22 671 665 734 596 822 935 659 778 74 822 399
9 314 330 735 924 10 750 848 310 760 30 984 117 927 625 844 211 897 215 661 414 956 276 984 442 576 896 411 421 386 288 528 554 603 880 960 151 884 415 964 589 352 191 341 727 61 881 331 896 389 791 606 886 779 622 776 878 864 254 146 910 875 431 224 544 674 570 273 144 11 286 213 716 422 144 955 834 912 618 23 124 237 956 234 532 292 823 928 871 272 213 941 907 790 882 396 20 615 382 725
812 322 605 991 260 828 329 474 749 757 885 163 722 709 75 942 207 201 812 886 525 113 6 535 757 835 955 73 599 494 426 752 188 316 182 230 769 318 535 484 940 932 138 641 272 409 870 625 466 19 112 602 305 468 728 945 462 682 29 639 245 273 249 662 186 778 543 989 954 629 284 341 993 462 411 654 430 66 612 436 390 241 870 861 408 686 861 405 302 43 894 558 210 917 888 896 517 389 707 127
683 717 812 803 189 548 438 761 754 34 73 236 928 999 359 857 523 36 868 78 450 212 242 290 224 517 659 440 789 912 920 960 980 455 560 443 772 685 226 70 978 546 650 829 173 803 736 14 476 366 100 990 541 354 873 485 1 617 738 178 143 60 938 352 101 542 837 381 385 395 966 707 485 376 712 682 952 734 753 661 828 885 59 744 583 947 280 193 199 91 814 614 766 963 115 747 300 716 694 809
769 546 704 265 597 913 532 758 926 283 777 694 547 668 872 391 529 643 585 197 355 932 227 951 599 938 864 78 407 203 95 982 763 593 442 236 959 926 973 34 144 29 824 42 411 291 207 296 845 468 604 587 91 169 200 632 541 716 102 308 677 763 152 879 830 104 844 350 88 752 46 623 568 475 601 653 466 611 232 567 32 758 861 399 466 410 467 762 703 855 704 319 647 996 288 256 117 832 936 105
542 519 617 833 341 610 87 349 754 770 140 755 714 626 271 392 174 562 395 278 194 371 76 578 168 216 837 186 717 317 93 123 634 633 332 622 641 916 544 527 281 324 404 919 972 576 753 54 323 892 450 688 89 13 830 382 845 737 902 547 122 53 639 702 773 994 645 491 113 460 534 184 319 872 781 153 470 87 207 811 35 819 335 299 474 111 873 320 974 168 47 889 474 652 526 179 226 28 606 699
502 894 656 769 861 976 705 841 107 321 724 176 942 232 798 7 280 720 620 96 827 982 67 439 235 380 507 677 513 712 622 809 237 369 806 516 265 520 108 111 297 176 27 267 204 371 571 630 119 291 648 188 720 395 753 836 992 511 363 915 472 675 530 947 655 849 963 161 773 22 210 901 412 378 522 212 474 167 149 932 771 191 336 881 592 361 812 121 223 348 190 456 491 895 209 325 575 361 489 950
862 221 573 440 598 451 23 114 335 74 232 481 130 243 134 38 936 651 520 415 612 140 904 503 304 387 801 727 717 314 105 323 248 318 742 424 222 548 880 645 222 404 566 122 526 378 645 288 268 897 558 664 971 554 477 561 10 347 764 863 442 988 544 563 770 166 345 462 298 494 33 102 841 156 122 758 457 509 971 402 108 376 809 363 758 822 126 775 961 122 581 877 224 67 356 444 378 750 774 479
424 773 450 810 442 418 129 497 644 953 454 638 311 539 347 863 984 147 507 486 823 248 390 53 101 2 128 568 955 207 151 949 83 987 252 963 442 613 228 447 417 471 947 567 98 736 540 402 602 100 200 744 855 214 475 512 717 778 353 804 9 736 121 983 827 661 651 578 589 41 685 357 323 689 436 559 399 479 113 91 911 636 443 21 64 116 410 284 553 690 674 844 269 855 226 300 818 223 375 878
365 492 684 500 964 239 472 279 813 586 82 686 566 331 969 994 161 212 8 405 618 808 735 601 303 308 57 291 297 89 191 796 532 826 51 49 390 476 540 950 455 694 785 475 855 334 4 521 349 661 645 466 235 66 999 926 324 442 267 322 347 790 826 8 451 1000 419 867 116 514 335 388 591 168 102 872 270 497 614 8 872 724 631 843 569 308 251 439 774 484 517 782 163 612 219 984 273 244 905 374
38 487 505 957 532 931 557 720 832 179 733 161 270 833 980 429 886 756 134 303 317 355 790 897 597 658 247 664 695 364 149 855 265 362 622 28 5 197 57 326 720 960 470 276 866 722 2 873 527 275 854 497 432 196 235 928 310 799 801 527 609 358 184 809 606 159 177 373 47 666 855 293 387 624 894 660 546 781 867 99 26 900 841 630 363 867 195 759 34 677 990 651 814 843 223 448 599 239 784 90
2 814 830 179 377 90 208 206 240 500 727 747 404 214 93 540 106 402 757 685 450 433 187 765 385 921 581 80 239 785 821 100 243 889 772 603 245 225 811 950 592 471 879 220 835 68 452 802 115 566 811 208 580 810 438 979 301 280 736 982 837 809 715 515 37 674 552 654 981 853 989 18 367 968 820 158 823 590 874 847 512 729 464 208 482 503 432 897 140 541 375 947 161 574 54 870 835 697 683 517
757 254 883 475 583 366 847 479 892 667 874 252 2 444 433 866 891 400 619 136 321 707 135 150 632 663 603 395 562 157 291 173 575 837 727 467 651 397 288 871 818 49 844 694 379 427 360 649 866 321 791 858 510 730 688 364 342 433 687 506 940 743 62 824 754 783 852 678 724 967 38 843 732 790 173 756 496 96 818 817 705 367 735 92 230 267 850 794 556 901 879 33 822 766 723 239 796 619 527 516
483 35 498 281 214 560 3 121 346 114 105 138 721 287 209 83 742 392 184 958 635 165 733 31 142 413 5 846 897 991 348 206 795 623 92 696 419 319 411 151 656 835 627 431 564 851 38 546 86 586 277 915 447 799 85 788 714 31 368 222 342 833 143 403 923 535 994 544 498 666 783 647 350 545 776 45 863 436 301 233 368 895 483 853 80 774 677 44 211 712 590 349 733 132 828 592 176 61 221 70
356 481 625 776 724 412 764 32 633 980 264 895 526 139 725 281 8 944 923 450 291 545 987 679 282 154 500 193 288 335 69 678 638 598 357 589 668 813 815 907 225 717 841 155 828 446 550 52 563 708 331 69 592 971 246 822 423 629 705 556 999 977 224 350 821 727 427 893 372 236 859 645 32 442 745 693 725 405 960 829 172 192 489 361 293 498 588 678 248 392 977 752 489 151 50 659 305 811 331 235
549 925 67 657 528 578 721 444 968 488 13 777 808 240 674 290 796 702 660 450 919 308 413 22 4 951 597 581 330 558 895 991 903 280 827 348 172 90 453 972 478 625 73 372 638 294 586 875 715 658 415 741 507 177 318 411 504 756 265 828 634 962 240 61 396 450 960 953 324 944 70 639 486 32 5 125 294 932 274 177 12 563 12 64 868 742 80 967 857 462 608 862 843 566 512 338 877 130 733 9
723 868 262 661 208 138 448 198 186 616 749 714 95 35 577 767 739 743 709 797 175 521 568 179 397 354 232 210 15 518 826 140 952 516 166 305 217 922 244 378 669 37 456 914 887 604 58 649 456 541 402 15 698 77 329 246 530 642 756 710 85 663 750 309 45 851 568 859 717 113 312 76 614 774 556 26 975 49 763 396 119 98 925 569 152 750 494 880 286 108 184 774 329 646 428 98 897 897 701 993
286 763 990 686 149 276 155 454 81 759 789 350 240 11 969 273 139 924 21 252 493 863 165 1000 840 958 69 98 543 714 463 100 396 281 213 369 42 507 227 319 453 730 815 798 212 817 115 890 623 754 865 158 687 963 601 239 400 469 321 953 650 861 424 303 822 749 865 166 332 317 23 91 183 614 589 896 459 282 303 143 390 187 298 550 295 474 777 959 76 843 26 600 359 220 296 309 432 447 17 820
206 212 791 917 873 170 867 356 691 479 603 584 176 650 367 175 166 889 384 901 843 208 448 854 778 256 550 448 549 826 305 300 766 96 65 345 143 270 987 236 861 939 223 804 706 133 396 94 737 456 577 104 339 871 130 705 347 207 138 978 772 1 457 14 864 555 423 111 964 232 236 360 268 166 695 7 598 416 947 390 139 512 952 212 842 458 586 731 76 233 323 245 230 696 484 905 489 606 319 44
414 828 722 858 103 890 587 746 852 376 49 124 799 88 692 692 53 473 363 103 119 760 565 89 36 537 638 798 140 887 751 818 80 684 935 823 390 594 228 930 670 264 736 791 862 33 920 662 50 895 945 935 508 332 858 943 229 113 595 2 724 747 427 822 577 733 947 53 799 69 329 709 445 359 242 172 317 673 425 19 0 838 41 717 232 591 804 130 460 547 429 935 676 788 383 883 880 624 467 14
156 0 730 805 230 890 555 85 36 391 55 920 494 987 407 687 630 973 226 825 92 213 202 855 528 352 149 863 621 319 935 17 258 442 715 454 428 452 476 436 511 678 830 889 877 343 377 217 46 328 201 588 927 435 354 375 231 870 976 86 862 605 431 5 982 404 802 157 290 77 387 583 589 594 48 638 983 205 695 998 478 279 549 846 723 656 340 451 205 0 670 515 295 928 770 787 28 152 866 699
627 37 570 564 353 621 271 673 716 222 215 525 307 793 31 318 411 999 225 266 520 751 793 5 299 981 907 277 498 149 994 217 14 516 311 84 566 118 80 66 410 199 361 355 11 353 748 325 153 214 381 868 501 588 171 763 721 573 5 253 17 528 98 676 437 362 285 126 138 16 313 116 646 674 969 818 107 971 435 149 89 912 669 912 18 387 174 362 357 429 740 118 154 699 671 713 429 847 863 239
470 37 409 632 191 582 935 774 117 794 711 944 38 792 237 190 74 85 481 222 313 766 483 907 505 836 9 799 944 980 304 45 337 638 190 713 873 558 239 28 167 387 856 547 601 300 428 967 498 454 240 822 610 552 142 35 445 924 421 393 310 145 439 657 620 604 418 645 545 727 406 977 292 717 944 854 860 886 258 95 988 419 531 996 302 287 866 698 684 155 325 503 255 685 491 780 980 827 242 27
345 728 807 854 908 811 95 99 465 336 255 253 538 294 145 749 108 420 192 215 426 195 507 716 880 512 396 16 921 290 945 219 806 155 585 963 927 136 829 618 664 602 476 637 825 643 95 828 694 785 840 290 560 641 337 868 372 454 203 496 27 483 984 658 332 885 620 93 685 909 345 340 55 300 828 565 172 932 667 504 954 536 905 39 505 828 774 233 769 456 410 328 464 328 827 536 41 199 410 323
682 205 831 942 165 776 908 339 277 434 693 993 393 212 748 134 107 82 810 571 245 859 37 162 510 207 972 492 175 896 959 412 794 970 740 321 410 3 104 677 589 230 963 719 482 386 760 643 63 685 433 967 628 101 642 36 996 763 50 882 517 419 633 517 591 330 926 179 185 557 266 522 247 430 845 962 344 274 416 850 834 239 423 245 603 295 833 179 703 405 115 186 628 399 541 925 122 185 403 666
214 852 931 639 459 213 946 85 147 987 47 257 836 308 280 223 185 955 851 122 449 869 244 761 966 22 771 435 237 559 292 615 155 976 678 222 498 118 488 13 679 66 402 54 636 67 985 466 609 806 544 327 773 670 100 339 445 478 730 425 557 761 475 986 215 977 326 423 713 478 996 567 696 406 673 312 996 570 658 295 925 549 425 636 582 10 631 509 760 836 211 562 861 497 383 861 273 884 477 334
528 668 519 884 844 446 625 558 525 530 355 27 175 926 678 647 438 474 757 886 858 126 933 838 211 131 179 259 496 889 185 551 609 307 316 996 476 231 856 837 357 844 829 413 5 117 536 65 79 764 942 162 837 576 293 333 33 581 673 46 925 28 223 481 238 486 877 93 697 696 618 475 178 287 21 385 252 699 989 99 85 141 835 758 816 291 146 894 16 247 421 612 330 50 245 45 201 187 179 565
54 14 293 162 899 454 654 125 213 377 530 833 251 550 612 519 526 57 900 791 239 9 829 142 202 250 722 167 806 348 474 997 701 529 797 484 587 830 255 713 745 17 388 218 481 202 124 993 944 566 235 245 726 875 104 464 20 868 732 45 90 846 794 181 292 192 938 890 830 465 273 100 315 346 536 999 897 926 960 962 298 927 407 784 399 601 514 294 472 330 500 737 787 250 264 586 962 909 540 530
466 663 415 28 658 887 47 336 642 111 106 944 791 235 254 547 824 473 595 97 921 735 401 908 55 181 512 810 770 135 313 735 710 800 841 947 882 562 280 786 145 486 348 940 597 888 53 500 176 379 986 980 818 609 842 715 519 573 837 937 416 742 737 99 403 169 272 263 390 170 638 854 896 963 946 103 476 84 289 77 148 499 343 132 247 193 361 47 274 902 515 803 253 836 604 758 909 305 733 992
728 143 420 434 799 295 801 628 301 455 916 583 458 775 924 672 156 562 316 169 65 343 275 993 687 997 865 431 115 87 925 437 773 194 966 322 166 122 908 563 612 78 895 900 472 590 436 651 721 875 272 613 545 175 943 660 512 101 198 728 437 671 552 121 133 617 436 142 267 636 838 521 398 523 639 369 193 844 793 476 533 79 624 388 153 214 530 394 106 40 327 891 625 631 686 421 785 444 246 696
231 292 830 54 154 781 135 577 351 437 300 895 103 495 872 434 65 633 83 565 848 481 323 909 52 725 890 284 834 441 88 705 36 246 617 677 132 414 706 558 627 414 553 993 956 52 627 989 227 285 711 138 124 260 280 473 848 329 449 600 283 900 95 616 393 715 558 409 865 889 442 133 126 953 643 177 125 620 565 690 410 589 65 987 256 311 508 718 400 883 422 16 973 993 897 815 259 393 811 997
45 862 401 535 400 328 178 636 831 257 62 26 114 868 738 281 110 905 95 87 946 585 710 109 703 247 754 113 145 630 251 927 217 145 531 4 252 23 533 927 370 921 458 59 537 503 271 910 53 572 668 540 182 179 605 934 272 103 574 767 336 807 768 166 496 195 920 620 854 390 248 425 602 789 826 61 902 825 811 626 40 267 426 488 459 276 195 124 285 434 670 693 270 44 323 736 839 204 314 446
0 815 766 309 832 719 872 49 131 286 234 702 776 568 259 653 998 968 464 721 371 713 418 355 882 882 138 56 33 294 750 743 113 253 463 874 860 988 873 607 355 209 142 359 820 885 643 492 893 487 806 483 407 590 810 756 742 69 267 848 999 690 43 558 880 611 165 324 384 19 961 700 260 581 409 968 470 198 576 663 480 529 311 828 379 800 967 481 419 892 734 833 240 986 110 329 338 458 580 218
744 205 264 452 901 23 223 851 746 908 142 804 717 975 974 305 481 385 40 425 719 342 524 973 89 926 324 479 587 853 573 422 696 107 53 871 164 753 993 256 107 837 81 387 507 457 561 942 159 647 374 705 479 36 412 62 874 144 808 114 202 292 136 470 837 165 564 161 196 584 537 4 109 963 500 785 278 494 440 144 796 206 285 867 829 122 233 212 137 404 736 147 37 145 700 614 84 956 995 851
276 762 853 337 210 949 834 798 62 701 956 581 181 807 418 687 945 583 576 272 30 112 89 835 137 371 313 328 676 144 27 86 389 803 457 568 830 314 411 42 191 321 762 997 131 880 533 52 590 470 660 742 865 477 962 532 628 860 197 420 155 334 919 338 71 338 149 856 198 538 871 218 284 948 241 855 141 609 91 508 445 627 545 499 857 738 30 829 140 345 733 167 404 939 721 822 738 961 815 446
166 658 603 839 960 184 988 299 134 401 152 89 613 922 403 721 844 500 149 313 75 430 365 503 944 649 114 127 202 674 498 193 226 156 334 938 822 493 535 550 843 467 311 474 652 55 172 973 744 348 779 495 219 689 789 293 308 823 355 725 529 569 394 469 512 385 667 697 765 954 612 106 513 446 119 795 924 791 612 508 550 349 903 991 403 832 305 863 658 861 255 511 623 290 401 639 649 245 714 123
146 220 19 766 432 300 233 499 393 763 252 278 218 138 290 328 111 1000 39 69 82 460 853 537 117 748 985 701 899 957 77 246 396 242 758 410 824 439 456 851 958 788 392 746 998 33 748 356 947 97 922 576 853 967 575 756 4 796 915 44 497 988 917 237 792 810 514 657 104 403 646 431 742 296 656 348 66 549 207 132 908 97 123 721 812 792 645 265 398 828 9 996 782 774 838 703 888 836 879 523
78 414 276 340 157 639 241 536 811 99 436 59 19 570 848 953 438 148 802 86 16 242 256 451 75 791 52 572 538 158 930 400 392 106 880 868 288 474 510 419 666 992 916 613 911 723 459 277 325 469 288 943 619 733 594 110 340 68 14 4 925 69 428 821 228 123 494 397 78 680 546 680 170 109 296 810 530 153 178 243 90 969 242 604 936 465 924 408 148 164 824 249 465 184 428 737 173 729 412 137
24 446 232 805 23 37 809 846 777 134 53 176 748 791 49 986 867 437 363 346 34 905 136 64 750 792 254 59 210 468 626 264 366 588 611 902 484 778 878 208 95 198 832 888 877 138 920 109 586 199 577 135 771 566 219 531 932 691 823 615 231 899 180 281 131 439 68 850 217 823 43 616 710 812 419 427 543 161 114 498 630 979 479 568 488 957 592 721 837 481 545 313 671 663 531 927 870 594 749 784
858 740 872 547 7 449 353 657 296 351 695 948 70 322 361 111 627 716 442 247 369 384 827 297 761 227 397 881 820 374 817 155 113 389 737 943 866 446 852 769 222 90 44 892 605 105 334 282 541 494 785 207 902 118 295 852 664 164 222 983 498 656 889 792 91 308 256 205 223 222 464 946 946 40 499 629 915 161 769 598 807 962 345 293 598 238 523 845 295 642 583 77 569 584 607 266 119 824 568 782
377 660 581 385 389 531 50 547 694 58 571 512 852 732 98 387 566 583 880 410 126 742 571 269 345 176 189 208 480 199 570 230 305 486 754 294 992 114 833 613 173 217 136 17 295 599 752 614 831 227 777 292 529 272 588 549 992 181 721 647 547 483 135 585 92 310 257 156 310 208 849 902 358 967 212 75 757 798 985 846 839 462 700 937 222 486 681 415 297 557 441 775 844 302 624 783 186 292 911 880
554 451 343 76 365 877 436 85 935 913 337 542 968 440 624 954 184 426 420 781 869 410 921 214 40 399 320 864 251 401 520 285 457 133 545 143 131 459 788 697 540 398 104 604 922 161 507 334 135 487 331 220 285 692 864 650 415 947 841 848 647 111 460 395 779 568 158 387 990 306 39 428 863 63 110 310 677 27 232 596 950 639 82 626 982 479 163 361 16 575 332 62 58 1000 541 58 760 167 703 153
937 922 891 256 970 308 75 868 100 92 809 254 804 159 560 344 822 526 430 916 527 598 580 790 709 855 448 386 29 169 586 288 497 812 493 587 222 49 482 761 185 264 29 614 286 814 843 400 594 438 166 783 27 14 136 280 665 641 537 630 776 682 158 389 723 933 411 226 892 394 656 181 788 494 218 624 567 170 757 254 640 777 130 448 193 181 787 436 230 599 603 55 218 695 884 674 268 157 454 121
994 802 378 595 825 50 213 785 248 953 999 484 113 502 165 514 481 963 905 886 54 897 463 369 443 131 208 59 898 253 527 513 637 854 375 453 641 843 661 375 493 317 823 133 790 45 518 439 109 513 389 821 990 720 651 758 325 870 345 570 428 798 932 254 454 103 303 903 264 353 895 71 474 668 191 992 464 998 578 323 233 544 110 53 799 981 472 445 571 373 991 964 845 184 249 644 887 703 947 54
405 148 996 271 279 502 635 126 40 714 493 290 958 562 525 254 901 813 586 919 93 502 791 820 35 819 246 63 368 358 463 54 40 269 164 789 6 543 730 228 543 821 514 171 564 199 872 620 534 907 43 7 173 771 884 972 650 519 312 196 464 940 233 755 947 442 773 324 552 188 730 602 823 393 758 900 335 112 437 286 876 699 655 752 81 517 854 275 174 716 397 329 37 756 672 719 80 7 563 170
865 408 543 713 991 322 911 369 628 517 395 406 840 754 818 531 248 411 584 330 323 345 540 618 360 830 870 673 471 335 442 588 221 93 629 738 449 679 692 902 854 482 387 982 202 747 654 415 67 356 159 26 314 417 680 163 824 286 157 930 895 405 884 49 885 249 102 369 756 979 379 384 537 31 461 302 488 833 717 130 227 805 400 383 792 575 435 972 638 51 206 998 596 648 81 924 162 27 300 177
483 396 383 743 315 567 655 670 28 848 578 820 465 669 833 615 720 848 521 48 762 585 232 472 839 452 943 828 268 79 34 416 608 795 998 79 592 279 945 561 258 207 947 647 188 632 691 293 780 680 934 399 974 254 4 122 120 777 908 319 632 935 517 245 64 238 162 109 983 218 420 815 703 888 429 863 91 61 349 136 384 370 327 551 522 170 368 701 867 495 369 802 597 107 197 531 737 267 294 361
888 903 467 708 126 813 568 392 794 397 287 982 527 845 477 527 908 40 80 931 305 390 693 503 257 722 938 370 689 243 437 727 874 678 119 532 949 210 257 787 785 225 343 936 604 520 915 777 280 44 934 313 716 25 259 989 205 611 524 282 10 916 109 395 514 646 202 676 381 41 553 346 256 77 990 118 741 499 840 644 683 562 819 921 218 987 711 468 579 941 668 615 240 715 900 510 944 798 464 222
630 833 445 167 932 315 220 483 213 164 783 457 595 172 940 487 179 465 327 16 530 792 354 139 327 746 434 883 987 934 584 505 526 871 53 849 78 970 951 242 313 830 302 198 430 189 318 485 72 374 529 497 521 547 90 793 768 132 765 917 926 647 598 32 457 152 146 232 995 18 896 502 830 543 688 62 522 108 484 455 368 958 472 965 195 311 877 853 214 655 125 771 484 566 664 675 190 825 89 702
106 549 171 95 101 101 673 68 656 925 897 775 996 34 118 614 277 586 421 507 249 183 333 344 629 734 586 951 305 830 319 270 556 780 627 429 45 986 105 467 296 130 654 941 794 751 863 805 19 867 133 441 835 998 886 385 72 946 301 709 194 559 677 333 4 910 320 628 891 453 532 787 747 862 734 204 153 233 75 411 950 565 36 536 541 936 111 552 99 143 63 547 372 320 755 424 883 192 645 911
190 601 254 397 349 575 288 734 229 848 775 158 751 966 533 374 227 182 169 550 946 381 407 440 91 184 212 590 971 609 877 901 828 179 608 413 268 250 552 309 842 155 808 515 671 847 878 381 910 808 219 189 884 992 63 475 847 540 504 7 360 81 750 537 864 911 937 422 560 647 538 437 370 222 165 901 47 968 587 291 459 479 165 787 756 869 29 943 66 823 478 721 312 773 310 817 76 184 227 175
274 832 492 453 592 251 481 495 398 143 503 829 809 361 298 874 294 339 791 616 678 831 925 187 114 59 295 743 663 460 716 608 920 383 625 475 538 798 295 910 363 691 311 366 498 649 52 701 727 408 108 872 674 580 690 566 296 873 537 779 85 491 541 778 362 40 379 463 457 521 523 566 591 794 488 827 366 354 644 259 932 555 36 218 793 219 396 727 24 658 398 15 141 619 407 360 604 50 721 598
771 74 569 92 68 769 769 537 537 912 163 129 581 567 544 336 127 510 392 985 67 850 211 968 215 265 374 195 267 916 360 142 672 596 155 908 131 795 896 685 400 934 506 762 864 578 789 176 292 395 674 339 753 986 212 246 743 537 603 334 570 399 124 450 292 493 701 568 914 349 833 931 134 483 922 164 210 63 92 905 945 526 47 995 658 747 610 129 408 868 220 846 838 126 662 755 475 509 538 630
144 797 756 715 249 881 488 579 121 680 573 802 199 23 911 443 224 545 459 979 830 721 529 713 618 277 607 204 342 513 763 106 708 858 830 564 296 517 276 305 937 989 382 192 760 260 124 416 705 257 981 675 413 33 799 397 213 482 571 714 820 817 85 72 868 42 358 320 189 364 749 100 198 836 328 274 15 435 754 441 247 128 552 263 941 212 132 914 933 932 480 719 906 563 284 782 92 524 507 842
89 374 376 101 826 490 546 855 577 21 793 279 143 422 899 973 349 850 676 129 9 346 497 875 121 621 201 339 670 643 629 51 196 732 24 975 928 111 45 447 351 19 626 799 18 130 863 957 254 725 423 53 218 253 379 558 989 915 351 819 708 855 284 538 728 480 674 992 395 296 288 411 10 377 392 881 943 253 553 166 66 942 527 839 881 791 237 941 953 463 858 411 422 643 141 297 496 567 541 594
797 373 943 624 951 136 550 283 797 681 26 803 677 700 984 797 666 653 186 16 68 400 575 638 557 71 302 349 425 283 253 86 267 286 764 394 796 889 262 312 541 686 196 255 549 591 392 300 678 611 157 937 390 468 818 962 139 648 224 586 448 693 633 368 968 771 804 853 623 282 885 146 521 286 698 340 604 555 799 913 469 582 310 666 687 628 613 929 786 660 453 729 13 100 162 585 581 216 460 266
459 957 473 30 681 553 660 415 2 100 425 808 398 159 0 661 214 478 388 195 807 275 462 780 921 340 802 1 63 630 116 562 893 616 361 752 105 275 547 861 708 355 653 601 791 862 525 202 604 763 636 57 449 90 978 112 99 821 264 521 196 735 72 225 533 915 700 189 365 542 148 258 189 801 635 979 288 376 520 423 959 44 22 896 66 54 595 406 619 106 234 81 861 640 57 440 103 418 701 329
337 374 47 10 440 747 603 720 131 225 539 687 372 293 525 684 192 814 263 829 816 750 250 991 702 91 573 322 297 376 836 905 486 593 957 213 328 674 70 118 845 353 975 321 601 835 423 131 31 33 264 272 235 179 202 646 319 36 620 212 922 932 279 657 84 454 593 670 19 360 318 550 971 756 249 727 732 794 525 789 439 678 895 338 655 777 734 142 682 525 334 381 735 808 709 329 440 407 812 223
570 415 648 800 684 402 773 972 593 299 410 464 403 950 775 165 8 452 522 146 446 236 872 489 84 463 154 586 969 186 734 891 478 920 647 911 12 873 610 812 400 417 126 916 335 491 21 676 892 149 789 809 962 748 507 670 310 520 721 972 449 226 957 923 437 217 730 415 208 425 368 80 979 671 775 339 697 321 736 429 807 468 736 89 687 652 59 434 664 308 166 19 385 663 729 787 641 849 254 208
461 186 715 817 804 498 362 222 261 669 263 644 383 266 929 353 774 176 966 285 783 719 292 180 936 825 365 849 959 951 864 315 461 559 862 464 271 858 434 856 706 770 836 372 702 638 693 360 653 556 639 524 626 137 854 29 147 106 228 477 903 324 219 375 139 278 547 820 729 959 554 495 162 408 436 375 183 410 523 638 973 447 505 282 310 400 241 468 551 183 581 456 924 369 231 713 112 543 338 918
960 493 267 774 729 135 135 929 530 754 587 749 431 934 695 470 162 323 726 30 630 434 106 529 456 895 656 732 217 746 486 325 247 698 813 903 188 232 817 862 825 147 260 601 323 101 13 806 63 580 378 54 107 188 536 854 770 356 794 485 117 286 306 892 7 50 594 15 903 816 808 373 256 310 177 478 435 562 768 271 175 886 77 530 745 302 295 602 360 972 849 790 564 966 753 505 669 61 502 580
573 609 456 743 206 513 242 483 261 51 184 396 993 814 564 764 393 895 947 857 217 753 907 113 453 404 254 108 551 475 928 472 213 780 482 812 932 748 170 2 81 263 660 325 350 367 867 572 203 545 588 290 538 254 55 566 993 725 226 966 368 666 956 718 790 699 454 573 669 372 2 379 131 850 939 656 709 746 387 412 664 480 323 354 81 270 340 956 695 846 731 193 916 103 925 337 135 775 834 819
908 184 586 750 332 543 47 399 993 530 290 358 71 482 987 488 839 584 51 417 418 912 804 806 25 222 504 136 564 742 686 297 228 335 23 640 199 255 781 157 489 569 319 384 941 249 841 753 893 966 761 220 678 381 642 104 159 835 599 631 872 562 101 444 463 242 287 183 909 183 968 739 857 54 985 957 679 795 181 699 151 581 53 641 327 619 158 50 119 385 339 797 245 109 857 6 858 434 246 764
955 833 982 774 887 518 260 36 486 703 310 372 586 528 79 838 878 815 681 844 926 5 339 457 994 855 761 221 632 947 144 712 51 983 784 826 109 492 363 367 864 408 81 345 282 216 264 155 465 575 823 515 442 765 263 367 102 993 952 318 743 918 212 895 621 904 459 697 832 403 295 240 914 922 801 202 57 123 164 142 849 287 922 662 594 174 273 844 686 857 245 822 703 126 480 260 279 693 614 505
941 742 189 936 399 238 288 947 991 804 90 967 28 374 629 20 743 572 208 571 724 482 752 643 83 901 947 337 929 618 269 773 63 7 611 527 239 265 494 444 238 79 790 685 198 519 379 281 945 689 665 419 303 285 315 538 196 241 128 924 839 706 356 100 74 287 439 524 377 312 705 874 317 740 206 368 225 365 88 26 184 915 587 628 751 180 815 246 88 69 749 335 887 301 716 976 268 615 551 854
332 712 608 751 357 363 79 328 358 443 986 592 983 17 573 889 67 180 948 736 355 93 799 336 475 748 544 992 665 426 435 69 637 686 354 536 648 105 619 570 882 404 415 943 114 862 194 467 73 552 655 571 875 61 915 1000 464 845 482 481 368 580 965 197 762 687 766 383 746 874 597 442 938 394 912 462 935 436 939 298 598 338 58 121 720 559 58 921 679 431 88 809 173 813 261 758 172 414 217 766
434 935 771 484 838 172 182 542 521 12 502 23 973 556 704 66 277 235 168 689 145 111 211 317 116 105 185 78 599 339 499 651 865 828 621 392 188 781 864 729 970 898 315 121 354 523 401 575 826 913 865 173 376 22 290 527 501 856 576 728 496 205 233 26 204 251 385 731 925 333 579 243 153 724 445 414 509 954 235 839 936 572 716 519 457 653 0 918 201 90 990 809 158 386 342 274 616 433 617 884
328 867 201 629 293 299 633 992 711 178 992 109 499 321 278 918 914 745 529 834 201 171 890 627 275 179 460 2 747 629 279 920 139 491 418 654 653 929 511 919 883 218 299 402 933 569 438 313 819 854 378 211 106 967 633 700 100 867 101 459 291 394 534 932 556 920 452 634 639 356 275 89 183 212 422 696 693 166 708 960 576 400 555 993 414 738 665 595 294 634 590 734 28 175 430 805 197 117 444 12
997 64 127 894 614 979 358 969 678 173 185 30 929 828 781 155 633 958 210 825 834 68 599 965 0 385 661 570 997 585 779 866 222 202 90 436 811 482 422 953 183 949 54 932 448 949 875 669 322 124 356 627 60 485 35 966 212 27 101 292 765 549 769 257 796 893 221 152 38 762 957 888 534 904 255 723 383 282 447 133 506 346 244 907 320 412 537 649 864 715 900 441 993 231 843 746 338 479 666 701
674 136 98 356 512 674 115 640 147 542 930 673 847 508 274 233 560 215 492 456 418 735 607 78 90 307 947 794 751 931 491 145 638 366 962 677 954 324 219 184 288 506 845 374 285 247 587 733 729 8 901 546 560 671 624 431 603 207 634 711 78 973 924 561 461 300 26 748 935 323 535 342 910 623 670 653 171 85 496 585 283 1 351 669 742 217 102 717 288 320 195 569 222 197 364 421 750 631 31 48
954 880 846 676 835 657 620 984 731 415 853 360 193 738 581 719 268 715 27 635 297 936 399 441 65 20 853 799 707 701 158 591 137 226 417 693 998 140 747 821 589 761 528 718 407 417 472 764 468 665 627 674 695 688 744 926 841 978 830 917 359 412 329 130 915 251 939 913 977 886 362 128 850 578 423 396 911 185 94 402 981 633 481 164 557 692 31 604 202 736 947 851 266 126 42 513 830 120 190 792
923 286 571 579 183 878 469 513 461 343 792 384 672 508 503 344 556 193 65 337 700 966 584 581 731 244 889 657 206 252 279 257 389 795 380 752 275 155 923 279 628 850 295 860 466 895 427 899 676 599 661 919 818 905 630 789 731 292 439 347 393 356 987 897 995 678 989 901 728 669 201 815 754 898 175 747 94 19 283 943 959 708 330 187 396 197 165 271 113 855 201 878 851 435 540 911 51 647 876 821
33 8 556 845 836 57 933 356 21 327 365 408 695 477 14 72 9 998 26 741 110 255 903 723 726 33 917 500 840 428 609 760 714 79 408 825 128 518 172 989 702 169 662 427 973 849 162 593 632 51 31 279 844 15 537 496 79 837 3 396 524 988 206 105 806 978 184 111 279 316 597 435 8 375 2 376 146 618 162 33 920 476 740 18 483 294 652 907 529 898 833 111 506 798 410 452 287 949 729 358
425 809 146 286 186 570 668 117 62 415 160 114 157 967 74 549 377 872 745 802 250 885 750 625 275 280 406 30 341 799 664 356 704 539 752 313 234 109 812 452 533 52 78 886 787 563 476 17 341 251 646 351 456 85 13 133 765 780 30 407 73 807 254 824 553 245 272 240 685 856 76 300 597 833 12 37 293 942 26 869 763 417 568 2 251 817 734 613 944 258 786 737 102 71 943 446 785 341 40 731
757 585 906 313 347 183 971 762 744 670 756 449 293 673 696 546 589 216 186 768 548 339 741 807 694 771 435 732 115 344 450 445 605 272 666 651 131 613 780 493 721 732 155 639 81 805 436 743 23 899 592 337 582 631 234 439 178 409 443 127 897 740 632 750 33 504 378 167 343 363 167 540 530 55 562 649 48 836 67 825 818 48 369 59 645 51 298 854 951 164 779 27 958 521 649 833 960 559 380 791
793 497 363 879 843 67 549 344 583 177 853 98 986 622 809 273 762 349 195 289 507 417 223 62 487 524 466 624 50 193 16 685 563 536 734 854 162 763 106 62 31 986 995 150 255 614 340 99 831 224 930 717 643 125 712 17 453 162 282 251 212 726 438 936 268 761 786 246 969 664 842 380 409 285 762 574 399 850 182 982 136 230 302 525 307 919 652 17 716 271 281 964 842 409 322 197 460 216 61 573
178 128 83 912 999 380 691 112 847 569 209 941 496 170 440 478 752 502 336 777 987 536 120 202 276 112 144 684 895 468 177 81 185 11 736 60 583 450 171 408 847 789 325 521 745 172 782 604 729 764 389 400 119 846 509 645 800 821 355 388 693 328 902 421 538 864 755 731 927 468 289 492 28 589 187 597 370 93 827 198 949 927 372 864 657 60 534 333 63 530 637 613 167 213 932 817 786 177 261 981
713 284 97 579 182 962 831 592 540 681 135 539 742 74 102 948 456 434 320 194 585 159 895 332 262 420 298 214 666 929 416 394 622 855 366 513 105 173 375 141 409 581 147 120 117 230 337 296 294 254 6 107 11 514 843 63 274 953 162 815 242 893 741 689 333 52 699 645 311 328 736 630 922 341 58 434 309 680 495 775 490 503 619 355 816 597 568 279 834 325 78 804 11 591 753 415 975 891 191 197
150 770 128 345 675 921 127 96 582 771 926 863 169 483 332 350 729 712 297 297 413 822 498 619 577 531 762 879 467 414 506 424 408 234 290 1 557 32 551 273 264 162 910 167 354 534 424 804 49 70 91 319 911 791 147 664 626 122 994 815 59 427 59 909 522 122 842 403 654 88 409 220 812 107 675 999 363 591 358 445 33 355 778 659 763 156 579 675 612 582 601 332 465 580 481 108 718 364 203 269
501 159 608 972 366 150 282 678 732 931 480 645 917 125 778 775 79 849 982 584 220 515 899 123 933 321 408 924 81 206 400 192 541 880 387 298 270 999 274 181 477 856 329 96 637 399 420 223 836 651 235 680 971 78 866 152 140 398 275 118 131 849 22 640 580 661 370 936 173 341 99 530 696 563 212 170 943 137 643 487 820 184 240 535 231 947 23 304 26 996 351 289 116 699 668 643 32 516 665 776
200 727 785 351 496 549 598 378 444 214 767 615 721 279 80 585 457 285 273 117 873 949 669 423 35 872 589 647 628 872 523 154 200 514 870 752 275 461 848 254 152 661 451 635 499 452 939 23 132 334 831 806 343 870 203 848 810 952 52 737 741 899 371 541 156 883 763 920 282 907 735 141 42 294 525 338 984 526 778 261 520 564 948 142 3 14 810 387 830 60 285 276 856 280 910 550 359 194 389 670
534 204 473 808 417 407 669 440 942 914 376 489 744 855 814 52 583 283 387 931 444 786 671 130 716 461 536 122 739 414 580 710 550 112 331 613 531 506 991 745 260 666 704 684 796 805 915 101 341 41 557 750 961 617 733 698 176 590 5 865 566 296 302 76 286 307 562 503 642 504 600 641 691 876 628 703 774 199 318 202 971 440 659 423 490 886 320 590 441 591 167 332 778 780 535 267 657 307 588 452
739 154 610 605 98 174 211 493 225 953 440 868 101 326 924 472 836 597 996 946 582 963 870 572 134 159 832 908 510 416 402 967 670 895 527 524 238 195 262 991 981 969 221 290 909 117 457 655 543 645 407 778 52 421 445 678 330 303 36 141 745 427 97 333 305 385 585 409 62 657 211 516 42 67 785 148 821 233 999 816 928 657 218 793 481 407 96 304 464 197 675 126 905 217 344 122 18 547 694 216
1000 468 578 915 123 300 359 8 836 846 394 506 5 835 621 898 303 493 273 519 455 1 185 414 908 509 172 315 255 447 342 376 189 106 633 575 189 482 516 914 452 65 415 950 47 918 976 774 789 250 144 363 967 946 925 51 991 614 774 786 821 594 721 311 986 768 971 931 352 666 266 93 510 370 928 390 151 165 240 450 926 15 49 619 619 612 242 193 666 652 836 414 317 285 140 272 152 592 969 444
375 508 724 10 120 356 748 181 806 864 718 604 280 219 269 478 350 527 744 827 804 637 415 215 566 550 246 525 778 379 293 237 334 510 93 111 779 810 824 893 723 970 512 788 867 39 470 949 495 350 624 396 846 139 884 877 658 816 318 307 58 959 55 813 925 412 964 767 889 107 134 867 993 908 739 184 118 263 34 331 649 5 399 908 789 85 892 671 707 664 328 49 270 242 301 382 711 170 550 174
226 332 81 771 248 6 183 343 20 0 971 597 222 181 262 656 189 999 945 188 909 240 619 160 999 126 805 144 345 840 10 315 898 439 37 746 296 585 804 234 159 297 963 524 92 55 640 329 805 427 136 750 762 631 88 346 256 60 320 815 718 46 645 871 45 120 164 419 453 361 570 146 158 227 85 34 750 997 291 223 545 718 856 127 740 97 676 760 646 977 597 581 878 27 528 654 48 946 480 795
798 518 265 584 572 86 357 546 356 622 624 137 958 431 792 207 517 840 943 48 647 495 685 689 452 99 457 865 338 951 811 168 410 568 635 662 554 285 786 683 221 269 535 760 178 372 752 718 817 893 267 636 424 822 440 75 578 25 655 302 725 134 942 502 448 692 814 783 641 960 428 630 993 639 882 972 737 471 939 655 767 285 155 754 853 811 733 704 415 318 591 121 201 601 831 770 273 362 419 321
970 479 631 746 284 405 907 850 610 219 831 429 271 565 448 271 94 676 809 644 80 916 826 837 55 129 397 496 104 378 84 564 470 507 992 597 973 603 176 772 772 177 835 1000 918 179 997 129 880 710 828 339 681 477 52 448 266 211 784 290 543 310 329 195 509 340 211 531 214 665 271 53 196 696 797 237 958 621 341 725 700 755 741 808 303 389 70 613 107 251 185 848 19 875 692 255 118 702 314 909
604 594 857 692 291 884 559 318 824 377 583 912 758 2 372 729 749 447 516 853 888 465 598 548 338 346 893 410 589 730 549 217 548 88 116 319 604 509 885 648 345 254 823 391 501 190 242 174 948 830 971 656 730 147 426 197 562 205 252 634 487 761 940 709 437 91 294 580 147 799 411 794 18 636 729 537 50 625 756 676 106 435 683 779 436 164 273 375 54 745 175 151 334 649 469 857 115 679 27 399
786 393 887 778 592 813 715 118 529 739 255 823 48 171 549 229 812 854 419 640 548 985 245 884 403 561 271 165 449 938 325 244 243 482 718 382 504 589 529 927 602 509 236 800 834 245 386 565 177 647 548 625 708 221 658 593 179 660 930 165 828 203 932 67 5 760 287 358 46 414 228 526 664 484 882 399 901 406 188 106 450 363 452 156 527 738 80 467 145 674 491 859 339 951 89 338 255 549 495 688
438 630 466 499 599 629 60 272 558 956 900 82 892 194 746 79 913 301 135 299 661 445 538 328 830 549 128 288 759 132 392 16 328 569 525 998 986 763 505 525 303 234 175 11 803 189 743 345 261 442 954 320 328 647 82 296 759 796 253 686 381 928 593 377 462 646 446 533 624 502 525 262 376 640 655 78 539 854 738 455 273 832 502 88 394 544 940 613 966 260 955 384 601 757 244 777 872 788 62 386
515 745 398 955 592 780 360 626 604 527 611 905 104 92 908 762 910 659 230 337 605 756 204 583 582 206 470 327 481 520 779 24 248 370 663 830 463 594 620 812 986 901 892 647 405 452 56 360 170 84 804 951 999 403 399 885 67 547 726 118 577 311 250 412 138 283 613 998 929 235 326 590 818 730 286 338 862 930 575 123 882 530 172 312 194 141 745 853 810 742 325 348 413 821 402 604 27 458 365 736
613 540 330 954 392 771 173 490 496 433 423 605 773 295 844 654 788 813 236 304 500 436 600 975 305 84 306 870 780 568 868 659 166 597 435 346 163 157 680 672 931 717 637 808 933 51 637 73 69 886 624 820 356 505 527 623 873 512 700 58 627 178 540 899 125 278 516 856 851 265 754 765 978 605 736 783 227 798 48 826 868 769 17 597 582 670 962 563 769 54 366 116 315 904 852 543 261 692 226 580
448 263 505 698 818 597 956 573 96 166 954 679 267 481 166 840 245 899 974 783 254 869 512 245 747 867 932 326 497 126 159 972 473 40 44 6 563 316 295 662 259 557 630 187 689 168 48 247 127 129 561 569 745 950 998 314 651 19 796 885 406 326 357 111 183 607 344 159 27 669 950 216 833 792 49 467 67 718 570 335 906 208 99 433 922 798 45 582 648 40 71 517 641 945 338 608 868 254 978 890
887 311 205 9 779 809 964 681 169 903 485 86 912 871 421 906 206 63 719 708 269 842 772 887 443 41 806 681 977 962 995 433 539 668 662 969 286 147 722 423 554 839 616 261 127 466 651 673 365 599 970 84 801 579 636 269 666 326 343 980 66 124 157 841 381 594 687 537 392 81 415 443 823 659 93 286 297 494 190 108 736 135 806 165 773 652 531 184 146 757 273 119 983 925 647 112 449 665 860 857
890 800 806 164 368 621 651 590 599 684 613 262 772 760 27 510 364 160 168 528 609 640 259 47 118 553 766 645 775 380 207 77 581 382 276 953 948 482 18 453 656 830 805 854 464 23 482 947 885 894 461 632 22 934 791 807 834 45 995 7 74 585 201 386 44 974 593 566 82 798 115 401 916 981 208 358 189 968 625 668 719 846 146 28 521 918 899 998 379 814 749 344 707 971 953 166 537 953 922 957
946 608 908 341 297 642 814 525 645 893 260 304 670 223 99 56 237 267 676 516 865 885 842 320 529 897 933 506 29 266 740 868 419 38 108 823 140 294 861 232 658 742 349 146 390 512 569 1 391 888 21 117 949 577 258 847 596 296 618 981 428 934 199 966 350 379 483 66 183 36 968 978 980 544 283 445 409 272 125 754 25 574 550 329 427 283 111 351 218 881 357 987 636 279 299 508 89 404 412 312
220 201 91 904 220 822 598 73 42 798 211 982 81 234 360 445 218 847 721 246 702 533 992 143 703 388 552 250 457 425 42 956 257 383 446 565 801 761 781 387 39 627 913 324 566 384 952 65 446 719 155 262 250 744 733 174 382 171 43 195 635 426 932 823 162 434 524 606 260 631 85 997 399 348 607 18 201 125 629 551 419 854 996 715 57 897 903 653 529 307 396 556 755 663 617 595 400 476 944 902
698 75 512 320 29 890 953 776 387 305 792 675 751 779 979 238 59 508 745 939 702 835 21 975 561 988 274 904 559 865 420 976 368 269 338 597 289 278 496 155 949 817 473 609 21 879 736 94 669 34 537 115 908 197 249 506 688 201 541 340 78 103 635 84 811 834 730 381 268 95 102 73 318 801 425 598 503 250 692 24 328 342 452 951 653 837 94 695 434 719 548 598 419 106 264 454 941 963 278 684
564 49 635 102 664 328 896 563 917 374 245 739 218 492 572 89 198 275 217 411 696 510 146 228 548 846 22 82 735 15 238 222 387 445 808 480 580 674 512 86 553 128 585 285 388 554 804 852 846 547 295 77 611 223 264 626 626 450 435 771 790 710 283 607 821 940 196 544 188 988 522 194 825 789 508 75 972 443 355 874 292 451 693 203 190 982 441 137 112 901 638 437 239 770 284 489 856 645 461 231
462 519 908 980 750 841 542 739 805 911 100 666 576 419 927 946 336 932 662 252 773 965 198 850 30 137 825 91 54 236 112 842 705 370 275 381 545 662 158 304 293 995 68 969 600 8 146 870 481 870 447 345 59 579 862 32 366 761 587 835 499 902 892 15 401 445 463 505 68 845 163 703 651 553 871 214 155 851 501 637 489 615 588 637 150 8 453 252 68 553 827 74 530 979 976 123 258 840 825 14
303 571 213 83 709 51 621 911 976 319 352 51 958 717 133 641 339 862 427 277 468 812 342 68 909 418 965 448 5 166 936 4 27 892 889 452 81 232 403 466 13 485 541 464 885 523 485 221 143 385 336 322 145 783 627 846 402 851 630 117 775 999 190 490 615 986 958 430 40 507 299 553 71 275 65 966 800 120 19 543 549 99 207 345 427 690 10 645 650 236 756 87 953 668 706 718 403 166 520 722
198 997 812 643 211 858 93 971 517 214 227 328 275 635 652 752 281 999 987 439 457 681 62 608 150 558 367 711 50 160 10 726 154 108 486 604 496 181 189 986 28 327 149 427 110 711 525 363 246 832 255 627 652 588 747 436 909 424 405 638 708 505 389 942 789 113 993 452 53 904 532 526 537 683 973 216 762 924 943 128 91 794 450 166 68 780 148 647 98 572 32 775 756 999 51 748 575 9 132 83
796 403 715 257 15 490 112 259 446 235 362 972 6 283 141 453 752 248 995 465 28 446 692 263 70 805 187 762 361 358 195 965 913 742 679 446 590 282 786 42 340 385 337 850 917 200 97 383 413 350 609 36 689 884 109 150 58 496 578 487 707 191 950 310 230 351 510 856 722 862 16 814 417 997 237 0 435 588 298 907 779 609 301 291 46 525 947 827 778 801 677 995 533 749 935 415 282 964 499 85
308 957 117 993 773 850 61 600 261 743 436 252 583 734 873 563 89 89 244 810 791 925 971 471 155 5 221 615 796 89 554 981 765 287 82 205 323 359 318 507 900 367 858 104 660 266 272 985 643 796 494 873 730 14 420 791 860 449 439 203 531 711 819 444 276 628 943 961 30 450 666 231 128 411 661 520 997 12 400 628 649 114 244 572 299 332 237 130 148 66 617 955 566 990 123 189 508 403 491 815
243 583 133 176 685 925 162 362 93 435 653 594 463 195 201 715 748 967 995 790 624 581 624 49 919 760 35 249 247 663 855 115 956 35 804 797 409 426 441 51 868 393 295 668 392 778 156 389 689 404 387 584 231 66 606 521 769 492 137 314 198 363 203 585 778 640 624 766 413 361 508 9 526 299 732 939 176 837 309 233 84 413 764 23 934 165 837 621 442 775 591 13 515 539 288 93 575 508 662 11
255 861 937 855 304 496 198 318 369 275 471 599 94 395 604 146 316 765 383 688 267 934 956 513 285 269 879 572 71 598 67 188 128 329 927 559 635 180 819 214 730 60 573 557 325 521 264 494 275 826 99 227 638 846 837 763 244 756 845 773 834 68 186 56 441 552 676 201 411 70 403 72 919 570 229 688 345 890 201 209 504 224 572 270 837 50 964 33 649 432 170 713 724 441 582 100 429 52 443 449
770 152 245 582 807 714 900 212 394 851 324 528 437 633 932 859 518 541 196 786 87 885 674 826 118 458 466 564 547 45 27 4 238 504 687 619 988 89 41 166 605 425 595 188 520 181 59 602 742 456 650 467 485 819 786 485 256 49 130 592 518 50 791 6 880 737 231 101 940 547 759 670 411 377 258 436 783 47 645 907 937 269 531 774 479 729 135 629 610 670 907 459 41 26 773 68 495 620 588 433
44 109 120 109 245 540 669 21 333 342 695 676 690 89 718 98 262 219 709 449 241 829 269 667 172 614 782 661 982 639 318 798 851 636 722 314 975 187 425 988 9 253 640 520 870 38 763 177 14 224 948 434 878 631 141 1 412 805 28 167 804 228 91 472 884 596 867 746 206 512 929 667 813 854 848 959 447 413 367 932 85 276 667 159 765 848 286 342 42 484 390 113 970 711 964 821 514 994 150 960
879 933 139 210 975 73 842 365 514 706 404 621 58 818 99 45 689 66 36 212 269 75 975 342 422 725 575 108 367 985 947 942 362 261 136 109 327 596 256 244 106 258 29 567 808 737 699 80 651 646 834 534 334 148 264 901 532 32 895 894 396 246 375 359 335 862 270 215 208 546 226 539 656 255 206 285 166 55 44 585 432 144 675 477 728 879 89 102 876 959 472 245 338 394 59 232 643 291 525 812
951 0 608 489 465 161 22 738 515 549 632 974 74 312 82 21 450 500 596 714 280 342 898 327 708 899 89 836 767 650 144 83 671 977 408 927 337 514 332 956 713 320 628 489 321 533 512 199 351 979 766 811 287 31 457 575 785 599 951 718 956 324 579 540 93 101 972 962 775 282 577 134 487 15 756 270 695 582 242 891 277 79 906 486 309 856 692 869 908 236 353 275 680 203 409 203 226 324 693 887
837 937 721 126 288 652 873 179 192 181 549 845 231 849 80 794 356 827 178 561 65 744 16 435 794 40 196 418 313 800 230 599 602 411 770 401 289 337 105 994 529 870 967 557 383 88 734 468 208 678 17 867 730 346 979 903 1000 179 1 704 267 334 365 562 825 540 565 153 896 626 914 51 256 870 564 706 747 268 660 172 201 952 980 89 174 723 566 745 540 280 317 501 962 856 904 702 770 85 604 78
573 340 437 450 647 889 857 336 458 277 283 978 555 659 248 950 366 208 398 935 732 980 568 315 936 868 608 211 545 548 595 693 0 191 134 806 977 82 150 232 535 247 712 332 184 719 83 207 363 126 350 641 215 569 623 597 744 212 366 807 373 19 743 222 850 284 149 617 64 972 972 443 892 43 969 94 240 322 666 823 894 849 60 38 378 53 416 329 924 991 245 596 67 155 576 723 415 773 615 32
533 81 385 644 8 605 896 277 663 183 935 408 416 153 359 690 347 20 393 631 59 958 106 438 518 531 781 961 458 268 946 937 27 297 682 223 844 584 142 178 563 87 120 821 416 493 181 812 347 847 970 365 503 841 780 40 597 328 396 678 206 961 167 185 35 152 782 86 249 584 918 603 465 755 380 687 560 133 860 988 732 645 101 414 820 603 880 948 504 417 789 299 769 653 305 23 533 18 396 483
116 955 2 945 457 912 496 213 191 254 46 855 736 23 301 443 137 681 646 592 797 749 715 90 879 531 542 716 570 882 6 724 927 387 297 680 555 164 537 931 649 984 682 616 72 50 229 676 342 824 113 265 902 129 190 442 798 672 370 807 291 658 235 241 272 528 645 82 193 466 600 424 413 986 74 409 148 715 940 386 485 316 778 606 683 243 477 859 533 830 525 891 907 222 749 26 283 707 512 173
269 271 563 170 51 639 461 501 788 490 228 639 266 376 537 48 388 319 419 19 701 483 351 269 138 983 247 868 901 678 447 185 593 287 855 503 945 699 179 843 799 610 889 86 378 621 559 80 130 946 445 39 455 364 155 245 81 242 81 476 679 15 240 625 860 747 934 640 372 676 914 827 794 918 267 138 207 284 353 483 58 440 926 830 950 646 133 860 626 233 243 503 722 346 210 341 710 506 645 236
67 359 645 331 423 332 724 107 823 120 897 306 18 888 966 456 114 88 31 660 593 849 133 52 401 162 586 648 750 21 651 841 618 382 106 750 520 676 635 828 272 898 750 989 858 365 716 740 183 803 228 908 58 353 345 771 681 133 499 38 360 332 479 787 640 187 850 811 80 297 839 93 799 93 516 130 611 412 913 164 892 197 945 809 759 34 323 661 425 741 243 931 402 920 757 505 183 976 142 50
611 674 154 966 798 189 194 42 650 91 175 748 135 534 874 797 51 959 47 919 6 602 137 3 266 499 889 492 33 387 345 770 867 674 724 11 229 7 842 85 396 858 309 307 379 247 259 831 286 455 574 733 848 329 51 426 438 411 47 861 856 415 248 615 462 263 305 551 848 420 752 589 126 277 30 224 939 115 192 165 524 787 466 549 676 371 605 617 289 785 303 10 705 79 294 474 534 369 306 893
452 788 153 326 944 845 545 432 83 47 949 496 489 769 939 556 265 36 958 489 673 413 855 462 610 382 853 160 25 165 127 49 725 415 475 243 810 766 476 293 756 401 312 376 305 639 332 456 757 648 224 297 291 528 183 721 38 358 183 708 664 560 962 135 0 164 408 631 952 101 418 420 487 734 319 695 877 269 710 923 735 774 447 316 782 505 303 601 863 263 320 741 393 567 602 61 354 182 139 456
775 509 588 356 171 103 390 126 635 423 704 302 710 809 218 622 357 214 117 133 722 450 891 661 546 571 25 286 668 334 631 964 892 42 538 127 778 388 370 571 967 23 922 258 550 635 195 834 280 341 164 283 430 11 278 163 773 429 905 793 263 442 901 191 277 326 940 273 294 122 25 775 329 277 852 998 360 817 312 772 428 166 92 4 133 725 241 883 927 455 592 547 891 941 336 29 193 47 474 224
618 516 770 982 956 586 622 116 863 208 332 54 594 711 200 517 335 680 372 267 474 543 812 591 994 793 450 572 697 667 300 877 570 634 545 220 85 144 100 347 993 830 699 651 821 705 50 851 947 799 413 286 736 223 454 946 280 573 571 737 965 848 460 728 635 898 370 776 676 961 858 544 50 505 709 210 799 474 903 47 677 735 466 610 376 869 586 722 850 961 434 342 241 829 388 237 489 496 249 69
752 113 358 314 712 651 304 736 634 897 473 800 415 439 595 535 243 717 583 901 803 271 250 610 727 270 208 738 80 540 156 613 856 444 822 826 89 916 409 222 114 279 430 37 352 790 56 872 189 154 693 173 172 293 756 845 513 757 988 814 998 406 744 360 752 163 422 380 301 639 574 65 34 729 108 69 49 534 194 484 767 145 333 922 172 493 290 329 391 314 643 234 209 696 621 541 565 276 282 724
151 788 590 657 173 323 196 558 578 195 581 244 742 222 286 43 477 373 937 387 977 575 176 238 601 300 760 381 562 255 371 837 728 140 115 485 29 859 601 560 263 310 236 152 753 616 798 709 707 977 26 678 406 200 795 261 700 536 309 510 136 240 973 556 270 522 771 928 947 6 623 246 342 543 819 213 669 472 292 905 279 991 65 726 677 514 218 480 550 169 933 108 9 106 210 368 511 648 957 114
1000 305 286 817 583 559 552 397 721 925 854 575 219 539 842 863 858 982 945 920 75 553 111 310 343 730 424 788 108 770 799 278 148 292 124 999 344 644 567 241 138 832 698 64 142 572 810 630 192 363 178 579 650 786 408 35 930 512 181 568 878 7 553 149 668 518 269 184 253 153 56 527 745 694 323 379 786 783 940 244 71 868 905 214 290 484 87 791 171 37 841 94 841 82 88 232 607 968 917 419
472 583 399 631 110 290 89 186 254 265 213 132 998 411 158 787 479 676 88 450 826 219 670 686 179 476 2 269 453 572 185 771 389 259 81 571 9 179 892 890 424 170 667 234 161 515 921 319 18 743 676 814 752 296 573 395 940 357 596 114 385 425 478 732 802 436 57 198 708 275 726 844 430 764 286 714 195 179 481 750 836 836 496 125 349 800 906 896 765 81 968 214 703 821 993 119 848 9 671 339
420 390 813 429 158 661 262 733 216 836 470 241 849 220 340 549 580 897 581 240 652 538 940 973 384 660 127 714 325 50 272 477 576 707 417 33 709 545 291 604 103 248 10 498 546 857 759 883 476 944 361 887 146 575 949 884 261 458 130 160 444 61 535 452 7 514 41 436 685 71 85 758 317 458 351 703 687 292 157 548 570 816 849 386 767 794 88 377 150 100 11 93 796 925 329 306 371 523 964 563
217 481 102 117 419 468 203 725 648 126 373 966 80 918 275 203 550 720 569 196 230 924 595 820 489 941 998 238 759 545 155 98 100 211 914 162 289 651 254 207 998 372 473 720 986 646 551 906 923 938 396 538 239 998 854 169 158 394 93 715 546 31 640 665 598 866 795 826 267 789 227 68 69 505 464 990 547 109 641 535 135 462 461 177 434 161 898 802 47 738 440 914 751 922 895 705 452 638 432 999
588 906 780 520 439 485 358 212 266 564 50 123 784 151 39 285 120 212 771 995 898 181 335 206 403 590 113 880 568 892 469 338 172 177 482 33 333 676 817 741 886 949 546 225 575 857 753 281 164 95 758 54 321 957 462 262 716 743 331 486 764 384 283 221 297 753 383 870 60 851 776 750 215 162 56 842 64 581 774 555 825 547 397 358 783 546 528 514 150 255 26 562 359 609 866 21 826 392 503 467
530 801 201 817 591 696 783 219 40 73 773 945 971 11 947 98 528 458 916 98 488 454 245 201 426 373 699 488 60 247 733 485 474 162 635 610 960 57 444 565 282 306 345 613 206 773 541 722 889 143 803 670 879 902 743 609 836 820 955 882 653 662 423 959 648 964 656 218 158 613 3 709 782 61 774 72 229 998 630 335 768 178 200 865 544 60 73 965 266 833 794 383 880 31 168 816 554 816 657 713
407 162 128 646 821 684 622 545 274 473 531 254 240 201 835 919 508 811 380 746 948 313 965 185 451 215 305 506 420 189 478 987 444 311 947 753 81 150 626 619 383 609 329 925 8 792 204 321 61 14 890 82 922 58 463 576 544 813 852 696 500 714 225 170 867 488 301 919 720 26 766 440 86 4 818 110 601 925 545 854 921 472 281 219 691 729 90 828 685 784 239 809 151 531 979 595 659 58 626 82
781 140 187 230 518 683 494 474 977 619 841 892 619 902 887 167 935 260 161 444 284 36 622 494 160 620 728 299 586 293 363 440 26 756 312 49 314 847 876 736 624 93 629 234 378 79 838 93 341 647 145 485 578 276 344 784 776 748 844 681 672 720 747 491 197 593 400 17 324 209 232 882 450 386 872 288 861 125 556 208 815 593 924 133 272 51 143 92 555 258 286 58 934 113 896 608 57 803 642 511
287 724 87 727 491 15 275 62 301 350 990 306 715 205 414 204 439 10 863 974 990 871 721 955 503 374 780 713 34 465 785 750 461 361 834 943 172 642 379 345 126 272 229 751 317 511 670 581 633 423 615 583 698 646 486 40 67 669 936 712 324 997 213 425 694 164 58 930 325 618 69 329 351 82 376 137 241 827 486 234 359 324 495 81 779 376 621 809 166 634 512 826 876 42 704 926 938 985 488 703
666 620 660 141 743 763 797 681 478 976 408 268 741 434 933 503 941 617 75 165 514 700 579 659 474 811 553 578 778 717 784 680 305 791 672 496 152 413 763 700 360 270 65 173 979 371 410 559 175 571 901 641 319 636 88 486 866 606 865 6 673 581 684 894 733 120 693 74 206 50 121 184 909 517 359 105 32 570 647 422 228 215 759 815 489 798 175 961 500 507 286 552 135 263 352 371 884 271 635 893
577 424 885 338 797 620 308 769 460 670 86 668 765 1 615 521 867 833 808 581 105 765 971 364 746 656 31 761 947 473 986 151 639 244 488 151 543 927 286 744 225 334 794 230 345 521 753 988 896 72 728 750 378 302 793 143 27 123 843 235 756 771 592 565 750 901 154 933 39 405 207 750 279 599 821 637 995 716 580 909 465 992 614 134 219 858 558 594 373 94 484 890 264 296 186 192 496 632 530 605
642 120 980 34 737 663 598 212 842 435 130 709 442 62 36 114 843 377 596 186 19 868 236 474 312 501 623 135 813 365 981 735 860 756 153 801 224 743 758 840 512 293 15 896 241 918 593 50 933 654 752 301 765 998 283 247 923 928 743 772 96 83 15 596 593 481 497 557 577 443 906 951 541 169 332 702 872 27 752 819 410 513 140 924 744 68 17 281 501 538 411 503 322 475 496 305 605 133 223 510
111 289 885 887 894 993 750 35 270 416 703 744 831 506 801 33 131 501 202 924 822 563 963 313 990 795 352 233 731 500 418 968 532 77 207 722 318 781 203 411 53 212 199 773 763 509 808 714 523 179 448 133 166 541 361 713 993 713 953 664 1000 474 194 756 666 810 559 419 493 649 900 218 939 646 384 491 616 383 763 941 445 576 113 183 392 874 87 699 131 110 470 167 383 724 13 88 494 620 177 907
742 51 137 974 80 303 523 517 527 360 318 677 452 966 268 582 575 526 81 338 415 728 414 426 262 911 194 170 326 463 187 169 324 604 574 495 439 207 28 917 708 768 552 586 472 630 211 851 251 686 676 251 941 338 654 695 239 505 291 101 835 463 94 443 212 233 865 396 741 157 773 404 522 309 202 993 32 889 408 108 187 308 959 287 519 563 367 202 124 647 181 175 587 193 809 427 246 933 248 987
204 646 889 365 604 800 890 463 673 285 696 297 620 828 509 229 398 93 181 34 773 668 89 242 172 588 717 636 485 886 562 445 706 806 704 878 461 822 798 428 543 558 493 625 192 874 289 555 334 457 499 435 114 156 674 452 400 850 334 326 734 488 884 629 262 657 794 100 489 488 564 2 287 127 405 245 993 105 779 57 732 405 775 18 766 791 284 723 509 145 491 9 312 672 28 971 120 460 909 514
756 765 409 654 156 550 809 739 90 350 813 810 216 795 641 143 739 702 418 679 360 671 842 853 140 22 223 277 108 713 871 73 200 267 420 676 194 333 136 411 829 413 283 99 120 966 569 129 466 797 486 98 291 219 497 553 11 219 503 301 914 26 197 98 816 950 103 326 943 449 72 214 62 615 142 384 552 999 251 592 631 26 454 544 295 677 555 356 206 250 270 380 350 810 89 43 809 4 44 27
414 390 632 884 292 460 922 848 896 612 99 214 13 653 824 872 684 830 697 839 156 269 841 329 734 574 882 587 942 439 148 679 683 12 66 735 109 38 725 162 107 385 687 239 740 266 977 736 656 481 216 183 142 116 764 212 379 236 566 731 6 809 411 393 155 197 615 376 157 919 30 56 791 746 209 737 485 348 949 83 839 427 632 129 16 350 602 944 466 338 357 790 253 828 356 557 455 706 709 175
666 291 387 761 725 162 523 539 802 947 907 346 645 710 597 612 295 95 917 674 195 243 163 567 68 668 772 977 279 956 762 917 366 209 33 510 306 384 846 729 329 749 482 234 820 965 663 448 918 956 901 314 135 754 734 376 635 544 283 63 594 615 511 837 139 179 326 325 406 126 334 16 717 398 627 807 962 956 738 320 806 31 441 387 639 669 293 616 161 942 21 950 877 643 877 168 467 105 11 848
309 415 269 261 210 807 595 159 37 759 218 241 536 160 925 220 783 885 864 732 340 124 917 386 903 742 684 19 433 68 644 431 712 567 771 103 253 871 955 792 629 488 115 716 491 269 894 926 850 371 754 604 362 513 477 553 540 999 434 874 8 149 697 101 957 840 859 96 926 6 773 221 364 371 431 470 850 376 951 611 68 667 643 722 778 37 934 818 121 290 904 623 870 843 849 933 784 415 411 46
368 689 726 543 77 374 919 415 289 924 234 821 414 263 562 511 36 691 53 861 531 611 112 644 200 219 682 577 327 408 862 188 105 128 832 622 385 551 455 740 473 365 39 996 185 967 329 456 329 259 297 521 342 241 342 224 13 787 242 91 806 117 954 525 65 837 221 673 467 133 729 462 954 736 462 783 224 121 86 100 754 240 417 734 754 916 36 50 990 211 259 835 143 555 902 530 323 25 521 692
289 66 52 681 345 164 334 513 123 578 636 717 470 670 560 44 274 865 30 725 434 369 477 354 830 892 195 565 0 426 580 211 964 954 762 438 232 72 638 398 681 57 744 585 460 480 562 628 495 353 977 85 924 49 541 159 214 196 811 952 555 173 813 816 801 709 523 406 397 602 587 515 628 156 867 375 683 263 930 507 604 395 291 426 503 32 924 812 184 594 232 511 866 851 743 565 542 67 610 893
58 988 525 776 753 961 246 13 120 403 40 279 379 265 145 292 512 318 70 738 508 261 377 20 732 81 297 301 791 957 316 380 973 429 976 800 974 185 98 828 312 805 680 885 611 430 465 120 806 892 721 642 782 617 286 44 47 136 85 260 144 563 958 495 530 517 758 202 84 766 575 448 395 918 970 771 670 789 723 640 292 644 919 342 753 925 459 61 625 74 165 508 445 205 89 588 671 678 962 412
773 966 10 472 417 854 525 492 989 887 721 812 778 674 91 269 919 798 995 838 338 346 618 733 485 919 64 586 327 265 378 955 893 121 839 172 986 145 396 383 183 402 213 193 824 285 738 664 372 99 27 408 105 845 837 25 997 45 560 42 584 339 913 574 679 778 800 512 410 999 961 285 983 896 195 86 571 578 634 831 446 303 46 37 677 98 976 183 393 336 833 258 106 881 822 500 788 635 719 624
492 516 576 350 730 1000 598 915 15 86 148 710 488 552 527 437 23 276 698 324 272 344 729 519 140 327 340 352 265 563 208 762 410 505 160 430 740 261 820 268 738 985 641 401 297 883 811 499 220 144 617 472 254 336 170 49 678 604 506 784 687 167 961 954 498 498 875 939 425 844 853 518 428 795 188 812 182 475 856 139 79 781 939 411 664 591 247 953 1 724 905 978 658 703 223 297 125 709 901 611
171 926 268 118 448 824 285 410 765 737 14 834 661 894 595 52 485 437 297 684 255 940 921 710 779 893 290 739 796 150 358 677 753 973 531 202 942 663 155 874 580 86 9 276 754 518 612 968 303 292 207 472 270 455 33 825 452 503 970 230 319 44 300 434 370 126 326 550 762 444 404 386 887 722 417 92 679 599 878 661 967 706 701 671 931 250 898 172 362 176 482 352 226 982 324 21 814 763 487 867
455 737 293 805 98 860 342 13 844 112 379 378 928 981 204 523 36 448 786 959 339 758 79 405 306 982 771 846 198 783 483 538 301 311 338 959 96 323 795 15 899 754 801 607 868 976 450 514 169 766 882 766 328 286 390 671 115 142 740 418 541 60 844 221 131 205 357 729 454 484 409 306 999 665 517 470 406 859 723 885 507 829 724 328 86 824 80 101 331 495 604 88 757 266 552 171 285 794 935 493
892 516 324 611 71 806 703 351 645 594 175 842 970 291 205 648 684 441 796 69 204 214 43 873 166 789 699 644 314 313 734 84 540 940 231 805 819 985 570 181 682 463 384 157 768 976 753 614 403 927 387 24 998 811 509 713 275 786 115 804 524 988 325 304 400 59 775 684 660 1000 569 5 689 983 685 568 250 288 261 320 826 854 235 169 530 880 165 302 172 537 672 819 897 96 430 372 346 393 790 502
992 119 462 846 584 773 395 290 424 63 295 761 166 832 342 39 395 940 900 150 626 828 443 399 278 52 624 599 805 434 983 83 916 55 361 891 567 381 28 650 183 594 337 256 971 375 991 957 407 370 114 564 796 334 33 176 490 494 327 413 136 731 146 500 672 816 593 115 787 516 330 19 366 169 475 810 941 525 343 871 671 322 58 402 254 575 69 991 352 813 772 764 358 717 283 400 761 381 90 215
345 161 898 521 262 62 640 320 577 264 131 52 366 304 451 78 301 552 576 759 55 979 31 922 468 50 983 5 273 576 913 350 64 119 499 830 267 585 747 525 665 735 431 505 279 374 292 298 537 113 814 720 138 389 461 647 663 977 287 997 710 441 653 539 913 718 485 492 558 910 3 904 1 640 62 648 93 203 328 240 505 749 842 238 821 280 575 875 105 260 613 119 354 349 687 693 133 77 473 1
581 688 43 299 168 395 557 659 576 623 512 947 436 522 788 524 682 378 72 935 674 569 435 407 481 331 74 792 375 747 668 548 694 684 239 856 220 557 321 400 141 383 675 496 13 651 919 666 80 15 645 606 581 688 702 976 566 469 389 404 768 764 733 199 344 137 42 873 678 369 395 14 893 504 942 983 185 57 370 89 109 393 657 913 87 705 941 15 280 430 482 375 42 58 908 159 437 895 902 443
520 424 553 253 777 946 383 70 101 314 767 3 878 818 288 406 729 601 300 559 204 208 25 668 590 371 10 164 672 331 378 343 150 58 196 791 205 784 150 315 343 103 76 433 758 708 705 365 167 34 888 978 198 880 855 367 644 984 310 236 404 871 888 671 134 469 299 756 471 932 19 429 366 929 719 272 453 10 929 172 28 13 112 408 742 298 940 949 288 774 678 864 14 287 657 87 93 104 852 222
33 559 942 803 62 39 478 800 501 374 455 782 566 173 943 283 107 305 265 113 87 868 314 545 186 179 507 19 587 941 317 6 905 587 436 761 856 380 229 840 384 64 572 813 79 924 965 208 898 119 643 481 45 66 774 198 244 558 986 271 297 935 490 198 12 229 183 907 304 816 610 906 963 777 250 41 687 352 774 692 945 917 960 885 72 98 908 102 188 914 94 764 674 580 735 997 879 275 485 259
107 458 530 910 409 876 163 158 91 1000 178 882 538 555 855 860 163 519 558 666 329 601 632 157 723 343 264 80 177 832 855 782 101 115 130 102 980 651 871 939 135 911 663 630 190 111 27 134 942 555 42 733 237 561 280 537 42 64 229 305 829 410 249 112 763 309 268 758 492 0 864 673 454 430 827 614 407 361 46 76 283 827 59 345 34 541 624 123 35 734 589 104 263 728 245 881 399 919 849 296
942 445 555 965 907 969 726 379 466 431 442 110 46 369 188 637 977 348 23 502 100 667 71 122 708 777 700 110 78 588 776 745 433 972 496 980 35 682 889 146 461 840 671 89 64 654 673 985 379 20 843 356 320 613 221 659 582 587 463 490 968 838 333 748 162 572 724 788 748 299 775 925 623 916 719 19 17 98 98 542 638 687 154 266 357 29 218 35 3 380 139 295 391 773 275 699 972 705 475 749
734 758 46 289 264 389 304 96 5 214 469 394 862 77 140 716 33 526 969 484 816 892 960 878 621 554 228 351 681 830 697 110 361 738 667 141 839 796 690 948 791 773 59 766 850 357 376 305 9 765 66 429 175 221 815 38 897 519 944 118 552 731 418 363 758 117 889 11 85 155 703 378 317 457 682 509 192 376 755 246 634 560 62 207 297 808 599 736 735 551 548 933 720 489 711 737 258 92 587 978
743 752 349 591 595 636 787 505 329 985 97 775 575 20 913 597 632 992 18 230 92 554 84 871 100 747 104 995 838 115 381 487 226 966 785 265 243 910 894 21 310 197 981 500 571 1 839 84 366 287 739 418 91 943 444 97 431 87 547 449 196 289 348 375 947 67 422 258 520 613 340 230 438 250 704 449 238 322 371 714 675 385 934 716 730 23 494 436 616 960 428 824 443 276 104 192 912 916 969 512
740 918 789 284 754 630 334 361 294 878 524 557 552 288 723 641 99 299 935 967 353 703 750 656 733 885 205 266 374 827 3 106 842 787 992 139 71 370 478 519 930 909 274 748 438 911 395 733 612 518 400 863 208 508 801 671 263 215 650 641 547 62 680 519 531 469 593 499 849 609 377 191 560 859 789 201 658 617 495 148 712 529 226 79 942 130 365 420 859 536 784 304 202 784 309 228 306 34 380 27
813 63 370 959 970 328 627 323 464 986 977 295 514 129 694 728 530 293 936 674 322 865 449 390 741 563 829 379 822 411 634 181 778 184 10 985 891 614 879 664 400 478 757 211 214 553 320 985 760 880 651 647 355 455 256 635 687 515 783 330 442 338 801 630 217 407 507 337 496 281 340 535 820 392 1000 296 97 853 138 328 546 20 426 630 939 951 73 413 781 199 623 728 960 537 590 432 795 724 252 93
444 502 737 16 301 938 155 772 33 327 249 984 921 296 364 869 871 745 820 189 708 269 917 187 981 550 102 107 19 597 650 530 535 894 345 520 166 223 595 115 712 496 291 440 206 648 190 472 962 353 740 926 121 513 803 389 939 550 508 177 634 230 619 31 337 334 316 701 715 615 488 625 46 702 809 996 526 167 171 108 806 826 204 294 439 185 994 56 943 972 101 512 250 16 33 785 129 604 601 763
810 666 474 293 880 137 524 907 94 825 12 232 9 575 356 801 399 655 456 459 145 788 848 342 490 103 690 780 824 119 290 52 485 433 811 38 756 514 282 798 582 55 135 517 525 618 768 830 932 993 208 536 826 39 968 697 980 280 73 172 420 241 74 27 348 45 304 753 256 352 11 943 699 541 611 194 182 606 114 999 762 316 498 300 26 5 343 781 949 775 788 606 749 253 922 654 692 550 679 205
38 636 660 716 467 667 567 734 257 717 643 395 920 832 545 676 785 280 272 281 155 148 764 498 686 804 758 924 726 172 247 865 991 612 393 117 615 329 750 742 261 355 705 809 11 696 954 816 848 100 365 872 121 414 401 239 68 984 78 270 191 162 604 336 469 716 107 800 96 321 387 696 867 649 502 689 109 219 830 435 730 330 182 188 235 986 788 325 452 860 393 66 776 272 137 230 201 93 910 686
290 301 211 691 454 904 871 153 141 576 640 996 706 333 593 84 694 247 93 304 573 709 218 626 81 855 335 241 816 183 837 516 19 633 248 22 283 303 348 936 617 225 899 76 835 504 65 948 433 628 385 551 90 892 251 934 594 1000 517 390 40 837 20 353 574 578 68 178 591 189 545 856 381 336 550 148 842 868 295 34 59 802 374 351 364 586 353 103 549 883 372 652 610 816 118 901 960 191 60 81
461 20 448 506 804 816 873 691 781 49 404 588 978 700 675 880 816 913 913 821 645 189 603 104 521 432 146 671 806 140 354 651 364 57 590 572 718 592 310 179 361 308 628 861 771 217 166 315 95 170 898 833 517 135 296 325 5 406 159 177 719 51 673 753 454 144 308 799 91 453 796 385 114 230 862 807 257 274 453 867 667 95 216 957 952 759 23 673 780 386 498 101 760 676 887 527 679 291 468 288
510 950 865 949 551 650 254 116 688 977 661 928 343 391 611 609 967 433 952 492 883 193 780 34 714 648 615 374 475 592 101 19 348 315 689 116 775 105 832 795 798 102 90 802 759 43 728 641 984 95 785 997 805 892 431 242 114 83 919 553 692 918 745 767 880 812 514 121 276 689 131 131 536 33 70 295 700 824 512 326 471 970 349 724 255 16 390 585 148 494 805 948 834 65 318 613 440 906 268 182
35 418 40 178 930 639 382 317 429 950 172 154 899 329 3 457 924 776 803 779 962 186 795 921 921 240 367 631 843 757 504 936 333 627 585 230 115 298 33 876 468 812 671 759 448 497 800 82 932 440 184 138 403 577 85 385 947 125 653 811 831 462 477 664 925 807 288 126 465 287 496 670 974 275 122 784 559 192 675 529 796 806 385 316 839 96 237 45 286 523 851 676 809 841 100 35 940 975 75 489
197 392 705 290 408 509 239 216 894 209 90 490 219 4 397 301 428 872 922 950 358 501 58 467 845 502 297 637 233 790 198 159 973 277 623 921 899 339 962 449 686 988 854 729 856 149 927 208 819 56 133 412 366 207 56 144 569 621 675 83 263 956 829 489 297 2 527 151 311 572 432 760 825 584 661 663 886 113 602 463 869 734 49 666 718 66 219 787 387 859 906 206 538 254 366 894 367 539 985 891
479 456 731 719 564 548 744 460 84 972 509 874 925 772 134 856 931 769 371 74 697 534 994 154 572 683 653 815 268 688 444 345 757 260 257 888 462 221 474 441 413 549 337 656 157 394 774 368 913 879 507 338 777 684 865 711 746 215 931 316 635 523 360 352 194 476 341 810 238 322 245 544 992 630 624 728 872 754 131 727 77 58 844 323 882 27 332 995 198 786 401 784 645 148 511 246 886 412 371 969
415 463 89 751 142 127 402 87 694 754 947 816 489 316 599 498 675 43 347 51 245 787 685 515 341 368 550 408 481 416 646 517 918 944 537 48 79 518 787 259 322 785 764 869 978 301 225 206 971 825 658 827 744 100 579 876 985 638 661 646 438 160 495 486 999 612 941 215 270 707 791 133 50 108 918 146 563 452 542 258 660 97 587 925 448 455 712 355 463 132 62 216 101 864 759 859 948 11 143 697
49 39 305 490 636 65 399 659 144 269 283 602 255 770 51 888 371 363 57 251 145 809 623 554 530 302 223 587 842 143 288 449 898 101 814 337 873 544 184 837 729 106 947 726 166 968 944 92 409 335 251 661 761 479 665 957 772 295 44 793 140 963 204 42 635 159 139 287 211 240 266 687 330 154 851 729 472 966 707 906 337 572 847 128 325 588 559 897 810 725 414 497 471 954 960 797 581 68 433 602
845 200 58 830 119 662 197 98 49 5 967 751 347 639 929 564 852 766 147 513 124 539 652 845 463 150 110 744 859 196 182 330 625 713 819 729 633 614 912 80 854 749 612 82 472 601 667 418 611 813 621 902 337 20 555 714 257 731 683 792 634 644 476 397 388 815 714 324 658 384 772 557 301 758 449 909 412 692 348 9 891 151 778 643 515 39 131 491 313 266 930 565 844 414 516 121 692 798 559 778
978 529 957 419 914 952 544 470 145 757 598 951 432 767 539 490 271 468 374 355 777 758 214 901 748 624 567 834 807 928 942 496 8 309 286 22 925 115 986 637 723 442 764 906 941 621 740 446 816 646 151 937 248 409 993 465 3 308 266 866 647 736 526 681 200 111 671 619 791 429 610 518 622 894 2 959 217 432 19 18 459 72 787 486 549 68 240 98 645 273 33 434 365 601 951 213 956 265 274 620
20 550 694 542 101 786 958 574 579 108 985 991 133 278 398 184 748 125 706 960 44 892 322 663 967 670 756 191 824 914 303 438 431 212 220 950 545 345 60 669 841 385 816 928 756 785 159 7 846 621 380 433 269 351 887 238 552 522 790 708 972 661 163 11 738 243 887 507 949 275 585 99 26 343 931 93 736 652 470 437 471 466 256 934 467 593 25 424 475 570 388 601 600 672 326 73 846 548 870 394
740 138 32 580 754 71 733 225 392 430 691 185 882 417 659 157 371 904 367 574 350 273 43 44 137 38 593 673 648 96 954 759 900 224 106 278 262 382 849 894 149 717 716 183 878 76 403 612 678 943 762 839 360 621 129 837 317 405 727 816 497 549 913 499 177 909 951 134 640 967 795 874 946 931 222 334 304 108 224 889 657 592 970 539 390 57 53 504 2 287 388 836 259 661 866 15 846 951 277 203
28 368 663 360 638 227 929 682 251 911 331 760 392 385 462 616 5 635 162 701 496 596 406 896 873 897 696 917 859 965 947 26 583 155 640 33 638 666 766 281 594 597 437 421 826 665 929 115 426 505 688 99 206 121 399 528 691 369 446 927 647 186 497 820 933 407 453 230 725 968 78 790 230 851 10 84 637 557 613 579 281 864 771 448 513 939 164 652 214 826 272 702 631 174 142 646 603 393 306 582
740 272 986 56 373 279 726 698 975 879 594 813 788 165 194 191 604 656 583 610 893 677 802 6 769 0 615 144 197 896 538 788 99 551 512 864 417 505 248 639 594 816 317 938 438 652 379 895 264 868 801 86 951 702 909 496 22 231 384 54 189 686 794 75 398 796 531 540 307 322 145 215 624 346 165 152 48 140 683 827 381 271 849 0 286 511 139 870 294 876 677 435 617 678 643 36 919 93 560 345
254 962 234 863 983 288 48 7 895 908 819 233 993 943 766 103 550 43 755 491 959 535 946 684 506 656 597 977 176 734 530 60 379 76 740 166 930 674 489 105 372 267 30 353 962 68 664 495 341 264 546 215 890 942 6 604 841 934 6 666 849 342 388 399 968 266 899 107 783 229 716 269 701 254 543 893 865 658 207 847 611 46 15 38 910 316 5 582 448 239 77 238 488 406 203 383 582 330 41 462
879 551 369 506 658 782 26 952 136 368 765 568 262 498 491 11 26 672 941 670 662 822 765 532 590 546 610 995 956 678 480 801 143 536 182 757 981 722 810 724 602 588 317 1 101 583 11 831 657 331 912 731 643 80 890 490 828 459 992 834 757 313 43 824 457 740 672 546 184 997 242 282 161 423 265 584 285 526 876 938 795 297 739 955 446 374 537 2 474 293 960 700 520 657 299 711 150 654 992 277
765 619 457 977 131 218 701 202 528 437 671 360 384 637 655 326 495 754 111 635 396 701 54 75 124 124 621 293 75 426 904 105 606 817 122 669 934 287 512 801 778 734 289 117 485 51 438 587 34 178 116 465 981 259 855 915 47 238 124 75 416 317 569 633 818 418 140 844 721 951 952 878 293 693 18 771 998 578 951 556 869 229 771 388 954 4 436 286 508 795 210 87 217 776 927 204 482 961 721 697
164 752 780 310 220 860 894 935 40 236 644 250 978 481 440 965 739 588 483 834 372 496 502 993 560 562 985 399 464 158 948 347 235 851 323 311 620 229 553 799 290 11 27 576 621 635 197 578 741 916 787 660 813 716 313 44 994 989 118 955 940 653 417 225 143 876 877 697 435 490 474 160 994 550 171 681 327 56 486 765 814 656 49 133 709 183 675 775 70 770 865 42 346 49 106 639 344 696 316 359
136 720 394 933 628 862 882 21 135 182 785 630 777 660 442 164 810 881 587 69 437 934 380 811 158 708 114 309 715 140 183 657 999 558 689 829 77 669 140 341 335 539 344 681 891 977 717 46 935 417 138 381 546 185 710 866 895 376 358 833 814 481 649 508 663 915 293 485 869 104 345 30 223 209 164 94 872 243 815 585 131 269 600 859 36 642 873 587 115 383 988 979 985 590 796 773 740 533 102 256
785 51 933 811 387 114 337 575 642 342 815 351 311 173 458 176 473 431 264 775 543 203 341 181 33 815 15 139 651 684 787 440 493 289 359 796 282 890 692 501 710 543 413 138 534 489 925 192 589 770 313 186 453 261 418 584 94 339 176 730 803 638 714 162 61 741 306 879 550 85 2 498 19 764 321 893 582 764 678 530 210 853 414 204 655 691 160 437 47 850 648 667 793 421 584 980 240 117 24 212
30 321 516 424 259 849 167 799 437 55 805 802 821 385 199 989 848 242 256 730 674 748 754 39 997 791 113 922 248 871 692 7 574 937 940 487 825 830 353 412 493 990 617 693 170 685 447 156 655 370 779 36 791 374 54 67 791 223 228 717 49 995 812 472 143 604 928 885 964 713 446 270 653 330 545 163 819 699 796 731 396 745 258 467 825 248 15 448 810 87 98 922 792 22 396 138 946 462 311 751
902 185 195 99 976 184 143 797 848 608 0 355 220 233 178 179 319 670 892 770 664 37 4 18 858 559 870 678 825 417 766 754 273 309 525 465 221 878 328 411 541 396 220 93 794 693 304 600 39 843 29 287 698 870 103 176 34 65 473 737 245 970 651 972 685 375 290 492 690 121 53 898 660 476 358 489 577 169 721 292 679 202 462 624 137 473 46 993 119 218 697 829 605 710 707 113 835 164 991 18
757 691 970 21 278 421 548 62 602 655 552 246 142 720 787 226 566 81 715 831 267 231 376 541 277 65 552 886 610 402 455 138 477 230 53 712 645 721 468 382 883 903 605 85 981 727 710 444 699 817 168 35 230 540 237 387 682 177 905 343 343 46 345 681 604 482 204 844 350 822 592 958 414 141 810 355 230 794 24 478 660 476 171 975 424 459 534 346 737 759 49 599 691 78 510 297 118 499 219 554
126 10 768 693 961 887 861 85 562 351 362 842 124 322 424 974 898 29 140 269 942 774 615 298 230 357 873 162 753 892 986 974 719 85 442 263 747 886 271 23 299 383 691 976 132 730 916 231 527 863 500 247 747 935 111 914 625 447 258 739 335 399 336 330 10 514 513 137 577 968 722 29 716 127 923 121 479 697 55 96 45 709 723 978 496 490 91 582 261 555 996 970 647 361 471 517 327 194 100 335
892 902 992 569 843 582 928 29 76 999 178 179 135 628 692 652 274 235 762 606 453 479 986 893 260 346 805 473 967 590 149 953 228 725 304 128 598 47 977 870 187 946 29 322 455 294 482 791 608 20 589 305 369 904 112 938 1000 829 323 758 849 275 454 57 671 808 885 703 145 311 882 841 598 443 578 885 222 554 628 278 287 449 307 440 28 242 613 681 30 272 974 841 233 341 966 335 339 64 846 430
484 81 54 619 298 442 36 428 221 92 550 204 76 1000 335 496 879 57 894 162 23 215 948 89 879 950 165 257 428 48 225 143 34 649 774 309 140 227 85 630 948 306 829 236 775 475 240 874 12 133 446 581 423 264 550 180 651 974 163 102 104 270 297 323 482 491 703 195 783 309 735 356 372 189 663 70 752 578 684 466 270 351 753 66 410 137 882 44 48 889 838 192 63 481 531 979 570 413 107 714
869 731 240 274 632 530 703 585 135 301 164 862 273 391 214 332 176 403 1 490 507 913 141 804 948 540 915 482 310 329 662 63 281 803 240 450 873 525 389 191 573 279 323 867 363 727 880 392 783 68 66 140 256 996 246 169 992 277 868 716 680 254 266 876 488 379 944 346 261 45 755 898 925 210 832 12 475 161 103 98 640 286 111 896 40 274 42 679 312 433 882 772 378 713 29 641 161 19 403 624
501 456 767 541 984 628 740 818 490 780 413 119 307 113 964 718 623 418 491 706 961 742 634 142 486 802 452 515 428 857 179 198 793 159 204 102 510 211 195 683 801 732 299 225 448 468 284 845 767 575 420 440 502 354 936 11 820 223 918 274 942 652 257 82 623 558 415 251 817 587 539 23 846 653 743 600 658 309 752 170 499 270 521 942 232 105 847 563 939 339 918 659 547 377 504 710 733 877 898 810
602 27 602 880 870 529 58 450 109 529 766 671 685 830 318 581 681 244 798 894 345 36 415 889 163 32 542 619 141 820 341 70 663 92 816 361 323 249 785 828 769 869 776 164 813 430 441 964 791 572 584 754 544 683 967 89 864 244 961 387 339 543 150 506 866 772 229 670 64 377 551 419 33 918 209 672 280 485 135 694 80 485 630 34 576 280 965 868 139 297 460 190 690 263 110 430 126 652 550 932
936 323 857 117 30 841 494 416 640 131 262 831 490 635 982 219 889 159 880 867 298 558 909 151 733 68 975 954 494 158 242 411 430 866 603 786 948 466 544 294 21 778 860 227 668 788 408 502 797 216 701 849 635 634 700 316 486 506 545 646 734 459 190 657 529 390 774 586 503 496 961 542 149 616 549 446 295 624 142 977 767 588 963 111 357 217 153 890 868 611 233 361 273 431 95 934 136 0 382 282
326 402 59 546 773 212 599 318 106 234 572 146 99 853 965 222 871 294 551 573 618 377 711 244 109 613 479 343 368 151 411 84 616 908 807 821 503 609 835 62 388 649 57 161 477 286 161 61 1000 17 965 790 149 237 907 528 201 615 987 887 780 702 733 162 999 44 95 642 884 338 141 584 990 68 106 729 917 23 119 697 298 500 278 162 929 490 764 786 137 919 253 481 553 606 97 665 342 557 986 489
528 356 305 456 462 867 895 412 198 183 902 696 123 101 997 639 555 409 765 220 161 447 436 531 387 585 5 773 939 886 625 260 939 293 626 132 450 138 241 977 60 810 399 229 879 257 874 253 626 650 506 335 796 756 348 246 411 490 509 343 970 279 786 411 269 210 325 753 425 216 698 982 116 316 142 314 570 258 218 168 916 985 107 832 174 616 151 341 386 225 327 577 812 995 102 880 960 920 169 556
5 413 915 184 428 281 53 829 514 415 525 978 110 663 182 960 969 259 86 793 453 45 420 785 447 229 480 631 869 699 330 407 12 769 216 974 946 404 790 514 95 505 107 865 829 51 616 202 946 831 126 581 231 509 694 711 964 327 731 932 866 110 356 851 244 951 854 253 36 249 567 315 924 421 576 95 466 833 398 425 548 180 825 897 600 840 407 353 477 10 211 656 133 117 718 33 19 356 69 823
472 538 787 572 733 943 415 128 717 390 908 384 181 870 58 989 397 974 279 873 604 778 172 493 507 895 334 694 661 715 189 667 573 400 552 102 504 114 764 534 863 3 853 362 770 970 550 910 612 784 22 446 274 0 339 97 769 310 435 744 824 769 356 873 764 192 973 571 685 317 860 183 465 993 655 837 154 354 19 742 183 419 761 559 876 523 342 574 832 259 235 85 279 620 985 219 377 358 510 143
651 230 270 616 333 842 993 371 920 13 948 932 298 859 201 117 45 731 410 304 265 735 438 996 265 634 172 552 322 21 599 446 879 786 830 364 868 942 88 405 875 459 481 741 925 913 968 186 15 122 909 852 312 848 383 784 598 452 737 779 901 273 970 767 59 177 513 877 395 524 601 958 256 503 636 440 330 76 466 381 362 713 110 10 968 296 981 52 1000 354 697 915 5 849 477 533 716 371 941 820
597 827 203 845 452 333 566 58 958 753 880 287 521 235 339 744 424 155 639 87 74 785 910 316 848 289 449 603 401 765 59 329 929 82 287 595 408 282 803 274 174 756 281 246 883 505 769 764 474 337 240 796 320 47 577 671 583 556 775 760 391 436 652 273 547 413 814 66 97 315 930 379 838 794 951 122 727 548 791 142 381 404 537 724 23 957 315 896 600 745 522 483 830 772 948 392 178 629 314 803
414 927 950 963 135 259 938 230 873 184 440 325 613 67 51 272 403 879 385 750 559 9 82 153 628 853 225 10 796 444 59 13 886 843 389 348 513 633 293 581 528 763 880 575 579 702 440 357 248 599 724 839 510 938 189 242 518 492 561 453 468 136 892 136 313 804 775 501 459 496 473 715 243 481 474 574 281 370 429 635 110 685 157 969 984 574 858 51 857 474 544 814 19 334 258 976 532 845 39 657
433 406 844 903 810 650 158 698 938 445 478 363 53 369 733 182 863 797 867 177 18 238 658 869 997 415 493 371 799 168 587 602 988 314 980 611 427 716 164 871 104 944 113 987 404 731 800 324 684 714 173 415 276 402 438 144 192 246 186 36 660 92 220 213 341 806 331 392 74 116 303 944 862 504 166 930 76 895 670 916 247 542 253 669 726 292 111 374 767 939 416 366 123 120 568 213 543 183 625 41
186 63 952 691 764 468 279 61 875 586 662 559 476 646 196 113 231 409 512 290 192 557 842 50 821 837 393 360 116 513 424 368 218 220 350 441 506 104 987 914 613 472 764 929 869 69 644 237 746 621 995 0 909 919 389 804 862 157 631 379 463 287 352 302 760 893 675 30 395 92 516 846 590 257 603 699 193 467 957 861 230 766 265 497 550 673 488 35 904 625 994 695 181 610 233 355 777 344 611 353
958 700 113 888 120 52 659 579 977 950 968 499 41 90 518 795 133 461 664 870 969 772 95 674 401 829 459 307 219 562 641 117 794 344 568 613 734 968 731 271 435 77 634 893 896 346 445 925 237 184 646 230 985 842 412 909 716 197 151 98 453 424 964 433 426 882 813 945 989 352 866 974 646 500 965 928 773 136 42 260 676 116 844 928 71 911 270 310 958 387 898 538 526 44 71 960 446 415 1000 834
473 838 757 586 944 285 437 602 593 216 879 611 915 291 225 394 987 593 818 389 907 355 604 749 446 324 562 271 985 945 10 882 884 181 206 982 90 697 982 964 353 255 895 160 126 71 743 46 0 854 776 711 665 577 319 62 114 961 47 535 466 217 887 971 337 942 272 177 254 301 171 491 995 228 232 620 122 728 582 151 392 121 495 694 636 617 749 809 162 209 380 599 355 710 527 381 918 99 317 650
633 435 17 126 702 591 325 616 960 932 563 563 259 515 463 560 559 77 428 506 491 120 903 590 693 238 242 486 664 470 631 6 966 500 475 513 911 587 336 239 879 589 660 100 997 526 406 753 769 829 200 551 235 671 66 882 955 543 773 519 157 385 803 905 481 483 760 204 648 363 50 815 140 590 278 893 283 171 941 254 999 550 536 931 626 344 846 578 941 878 783 414 912 296 706 704 138 228 14 888
311 486 511 858 837 327 348 698 875 45 107 587 599 679 36 529 644 372 744 70 645 450 521 912 456 632 568 200 744 579 631 319 978 890 23 889 620 707 178 907 206 169 558 120 815 342 351 196 428 333 342 738 142 144 906 616 794 972 934 245 981 216 177 184 602 894 911 617 294 573 366 387 449 674 676 430 955 865 84 39 670 945 522 920 835 412 577 633 95 80 983 659 100 717 116 547 279 761 818 773
789 427 947 396 176 94 807 331 171 335 900 347 608 256 622 587 945 710 15 770 810 930 730 123 784 349 426 844 902 295 996 315 946 848 152 741 891 327 662 65 375 807 794 978 560 972 474 984 13 371 830 914 27 972 112 506 260 227 674 91 810 30 788 624 187 425 202 41 361 827 909 477 922 628 412 605 237 415 659 865 6 951 819 114 508 445 914 598 562 138 698 434 720 392 239 91 941 626 380 673
283 356 670 179 299 273 732 982 620 53 183 236 222 729 496 341 963 389 840 548 853 240 11 858 220 746 526 883 299 171 640 305 544 174 401 646 47 827 217 188 462 19 125 548 243 685 891 901 305 757 953 892 464 175 146 847 1000 258 140 157 433 148 38 970 158 623 340 18 251 898 394 588 824 850 4 25 679 748 612 333 962 565 525 5 986 68 234 879 829 42 55 733 971 259 675 564 739 787 35 463
372 993 751 271 291 631 314 974 41 556 567 301 133 855 600 260 910 33 385 433 43 674 483 132 254 16 685 114 962 235 236 207 759 942 304 572 549 764 474 433 931 575 390 871 97 82 701 352 912 300 80 477 903 94 131 731 653 117 576 875 435 425 974 625 897 118 744 401 259 583 385 492 181 72 267 447 414 319 23 175 753 883 529 815 523 274 114 678 116 385 399 281 664 850 470 44 880 592 612 679
251 420 628 81 416 771 721 701 844 700 307 686 237 466 923 402 741 750 334 717 630 368 916 875 353 901 618 441 944 912 90 663 526 8 430 57 239 306 349 454 145 710 64 20 335 745 345 835 683 425 254 61 464 505 318 180 697 483 646 437 188 992 312 264 274 325 503 969 57 90 692 391 990 698 282 417 758 950 913 263 803 175 191 323 65 255 750 648 661 321 497 909 766 325 876 282 243 434 122 808
219 505 396 24 751 30 158 32 718 771 349 40 996 667 129 666 741 300 828 879 164 665 933 329 690 141 990 552 386 377 711 53 389 104 937 355 564 722 672 356 175 916 262 944 773 660 497 351 489 908 606 394 184 829 127 182 271 96 368 768 236 734 160 1 823 57 584 7 668 599 409 332 145 522 105 104 752 147 103 636 568 80 133 792 243 945 120 912 967 787 919 325 314 395 293 891 870 883 192 682
273 12 738 526 531 88 421 607 809 697 208 421 627 715 849 518 228 634 420 209 757 150 842 838 621 89 995 572 272 373 742 64 687 260 324 558 261 160 248 110 877 580 393 547 50 219 222 236 79 938 872 711 698 382 618 787 248 508 199 695 672 442 869 249 253 626 67 88 453 365 898 238 119 835 455 631 110 351 631 422 468 543 14 60 950 164 484 726 593 54 70 24 971 252 721 459 146 529 291 538
219 447 500 297 167 491 20 788 693 46 134 804 241 307 814 814 407 229 314 177 725 284 708 226 88 603 639 715 256 747 68 470 507 989 235 840 252 504 264 484 63 239 588 776 637 714 307 623 967 864 190 285 193 575 834 253 287 372 490 141 722 622 590 564 528 568 99 114 2 293 77 314 7 91 449 376 842 32 830 596 316 481 895 808 602 852 913 216 172 539 98 351 292 258 900 190 953 560 473 81
18 207 112 897 988 530 384 508 129 362 275 909 269 491 443 898 577 768 193 453 823 36 122 365 781 678 648 363 2 383 453 476 441 11 774 808 636 200 862 585 587 249 931 660 487 425 660 697 6 586 497 681 938 458 53 461 975 941 274 365 1 363 926 600 48 132 748 250 375 697 940 389 722 38 700 808 466 230 226 894 908 23 432 169 737 281 363 880 445 530 558 79 254 335 501 173 9 40 288 245
452 833 757 60 714 43 580 811 597 740 872 86 55 514 542 298 751 760 259 625 494 229 216 95 504 475 804 698 359 228 711 132 463 942 220 83 357 1 61 312 443 733 904 214 322 812 540 356 945 342 515 21 458 133 917 529 159 607 619 394 559 306 585 242 848 470 351 330 340 909 411 294 650 466 392 772 961 884 857 876 95 255 116 215 646 147 227 512 390 253 431 402 564 808 377 880 15 751 760 921
861 660 44 179 434 359 142 722 463 318 196 443 370 424 447 677 699 662 49 451 692 693 385 432 602 163 35 92 576 422 193 567 247 33 816 426 903 429 494 689 615 300 65 488 934 696 291 415 656 79 695 513 54 86 969 223 888 670 600 892 833 657 127 198 680 50 617 783 432 407 628 448 594 944 899 714 330 539 81 862 366 56 563 852 292 979 430 243 782 415 80 97 232 207 705 946 213 120 258 602
52 615 35 533 585 940 187 978 159 384 199 702 496 852 918 619 134 160 325 158 189 672 595 36 867 509 770 684 418 468 893 328 699 332 755 540 281 506 817 609 162 138 51 335 926 692 685 319 964 978 371 903 668 744 843 271 868 295 903 892 70 880 894 608 629 141 334 466 240 705 560 471 850 106 895 207 128 650 923 668 505 644 650 139 912 512 846 312 653 683 299 917 57 184 409 514 43 929 424 249
918 404 867 60 827 208 90 371 220 222 79 367 249 514 434 509 403 740 84 896 962 295 152 873 33 299 546 744 809 279 334 300 86 645 615 350 691 915 873 428 50 725 33 72 991 346 863 141 138 564 230 410 152 243 759 691 110 116 43 694 220 268 235 929 137 25 304 567 452 449 326 500 79 233 53 419 30 611 931 816 555 237 55 571 907 624 483 645 987 990 126 149 606 566 71 949 424 947 386 548
583 351 697 474 725 870 861 189 147 56 994 823 366 749 841 918 174 850 6 848 659 946 475 890 649 350 496 134 502 16 432 181 309 873 846 11 739 55 941 986 42 111 189 395 780 718 277 787 623 616 788 732 261 344 399 421 737 91 321 982 905 664 910 271 951 373 339 758 204 726 838 803 482 571 22 712 554 760 710 709 560 94 102 437 49 330 133 531 844 491 493 481 393 307 805 218 624 100 366 261
209 411 63 560 228 828 330 26 133 86 737 388 76 449 875 123 960 983 762 986 576 759 356 341 376 247 12 897 911 456 162 379 345 153 140 321 919 873 952 179 88 954 722 417 526 492 728 161 727 741 28 375 317 166 207 417 102 310 781 354 716 934 86 522 422 556 753 16 450 258 180 27 373 972 248 357 16 913 975 730 536 405 995 244 960 75 387 827 454 298 771 719 991 717 902 22 936 875 127 472
379 915 108 392 437 823 990 778 642 542 763 592 290 331 780 781 858 49 213 643 597 930 824 440 72 766 482 115 777 306 974 817 745 931 256 674 687 678 767 125 446 112 259 981 13 710 258 215 996 617 921 602 57 506 847 63 771 960 962 15 11 488 253 373 672 127 121 64 924 796 181 893 677 451 700 545 767 18 323 109 357 833 650 661 966 587 378 794 319 644 814 308 916 372 119 808 555 713 147 582
39 620 642 204 366 998 255 952 171 806 533 972 854 879 85 583 617 365 864 261 252 919 467 272 688 800 376 968 420 502 658 39 881 224 847 544 137 825 210 677 687 895 709 73 188 986 374 897 878 817 784 964 631 693 323 820 784 721 331 630 54 424 889 573 582 257 22 454 814 315 974 999 156 943 282 65 414 19 954 296 861 541 431 674 433 720 739 629 280 273 244 354 285 27 299 12 152 229 208 703
25 176 568 482 418 533 208 77 131 886 382 910 706 885 900 796 333 115 713 453 376 593 681 477 920 650 920 348 955 420 390 936 271 760 52 410 835 102 971 316 22 85 869 297 819 714 593 434 846 622 567 977 810 351 991 336 93 340 647 67 602 607 755 387 795 798 365 900 115 124 77 669 305 95 106 2 698 787 258 25 675 24 419 556 21 909 894 845 27 680 639 268 979 704 948 156 486 312 142 600
394 776 305 554 53 974 550 583 768 801 359 392 669 203 993 687 564 311 779 630 954 437 824 529 314 360 280 681 529 962 812 941 473 819 212 166 868 361 875 867 871 106 846 979 623 843 139 768 658 508 633 329 202 53 454 911 26 520 753 605 948 115 100 54 953 849 881 707 435 877 144 30 483 681 629 51 693 959 636 203 203 623 239 808 711 864 25 246 7 360 584 450 646 758 78 853 271 798 536 880
557 169 382 124 831 84 414 750 807 746 355 134 609 902 95 754 761 663 916 76 225 640 40 850 767 303 341 666 498 134 705 374 728 71 573 590 611 728 663 628 601 713 378 169 118 439 720 970 399 831 143 88 618 79 809 817 339 631 219 894 449 221 717 882 321 822 879 949 902 811 600 217 814 11 507 93 815 65 447 23 42 44 893 99 192 742 540 109 454 237 747 362 505 186 6 315 933 821 565 113
371 331 784 661 28 33 651 441 441 448 340 27 828 62 653 661 275 626 451 548 816 717 636 46 542 560 274 1000 742 76 665 55 72 687 553 83 242 619 476 656 825 993 237 814 303 180 332 565 191 982 7 46 246 707 311 873 551 605 385 124 140 322 947 905 717 883 806 647 609 313 397 560 59 414 664 215 250 541 889 14 636 614 567 236 35 454 666 902 587 538 966 91 21 20 462 526 600 504 367 377
130 657 306 297 123 555 735 402 627 418 46 168 797 504 829 136 871 609 394 113 339 853 517 401 601 348 124 838 351 26 897 302 114 737 351 885 784 472 839 427 973 550 612 503 648 38 763 197 731 681 853 42 867 716 829 760 711 722 485 48 85 181 651 530 110 46 757 507 801 368 46 737 125 383 104 708 314 287 736 143 582 271 229 109 46 148 789 404 938 6 179 753 946 604 148 995 139 50 255 33
663 816 720 373 973 230 598 194 201 739 253 564 82 631 534 292 218 945 803 219 396 320 274 363 945 390 306 958 16 117 598 326 942 521 125 211 278 721 467 533 255 252 405 84 31 141 855 906 60 171 665 643 752 557 213 349 882 500 946 923 657 87 859 700 838 208 48 681 838 541 830 242 203 292 866 845 30 476 14 866 520 942 178 793 370 1000 334 597 44 680 408 288 814 583 666 701 636 39 728 377
