1000 100 100
648 706 143 150 236 64 791 936 102 627 198 671 625 831 477 227 970 603 903 176 598 244 972 261 169 347 409 497 354 902 453 375 309 842 592 93 910 882 414 870 620 569 97 184 653 883 199 397 234 933 158 562 783 296 740 652 107 433 874 777 347 150 28 474 906 300 970 415 670 92 138 381 224 24 613 239 690 724 28 434 218 557 129 436 323 508 471 288 212 333 344 680 378 154 628 205 98 998 271 134
532 486 237 242 697 3 937 71 860 450 475 758 223 106 893 82 26 94 217 219 433 30 202 658 167 840 853 923 768 740 405 232 930 616 585 170 221 965 990 650 243 96 419 524 90 686 151 45 132 686 917 15 432 683 895 175 313 905 105 76 673 629 413 75 977 980 684 226 922 92 128 431 106 330 64 746 924 213 551 667 528 221 707 141 432 560 877 650 729 645 143 142 129 359 714 857 470 714 247 700
16 280 322 474 222 309 751 96 835 381 246 653 141 221 774 780 761 211 403 341 59 413 314 725 271 428 462 906 776 339 663 143 685 241 188 998 185 408 805 121 518 826 232 338 917 683 466 231 866 657 185 587 697 305 444 145 700 734 398 278 407 434 908 480 140 37 270 986 907 526 357 579 135 712 870 126 633 509 532 138 6 384 234 581 634 457 288 948 667 892 352 286 501 766 745 438 94 52 862 280
211 361 175 297 943 823 667 268 98 212 58 305 211 375 142 786 352 389 850 237 362 904 916 95 377 979 674 302 829 181 733 348 274 504 864 740 623 429 485 31 223 41 788 867 806 153 902 672 400 217 78 151 473 771 543 754 5 945 590 869 464 902 659 321 223 27 514 176 963 918 774 454 372 620 958 201 804 696 125 387 357 176 497 59 968 715 943 22 613 166 321 612 8 233 495 570 491 705 315 743
942 875 898 823 115 955 848 554 896 183 69 959 186 285 52 342 552 270 817 313 774 304 927 539 510 940 320 63 794 182 431 780 729 853 504 433 670 571 434 658 420 466 373 220 629 733 869 150 22 997 265 988 515 229 43 503 193 410 555 854 392 897 44 406 280 877 269 497 755 345 488 469 672 681 217 277 81 436 897 77 49 474 856 230 487 807 990 485 975 640 919 174 959 202 797 598 976 692 918 698
196 220 377 72 751 651 865 995 436 118 146 879 517 754 411 389 539 133 305 657 202 420 853 517 248 684 500 674 285 749 179 809 747 679 961 297 761 143 229 931 24 319 86 213 821 605 507 0 851 987 962 354 424 602 254 666 461 792 900 111 893 463 646 245 726 609 377 995 549 602 272 269 879 480 863 368 159 850 781 473 945 573 668 297 711 991 486 788 138 406 469 133 724 157 580 960 296 757 732 244
616 353 57 850 923 342 704 957 549 426 8 733 280 102 419 707 661 28 312 680 610 38 867 66 197 799 625 742 508 436 381 127 964 190 504 498 810 64 132 183 23 674 452 433 716 785 731 987 869 414 708 363 199 446 807 472 862 622 107 316 553 661 729 646 774 515 324 5 188 445 78 293 79 331 385 393 39 474 13 568 840 403 541 165 965 862 345 976 711 462 249 479 571 939 739 958 951 258 235 595
943 84 447 685 462 80 739 609 839 475 273 336 312 83 637 153 323 247 503 600 804 51 387 390 27 715 135 175 504 438 75 798 892 785 355 663 751 885 647 301 289 46 802 745 463 10 781 850 977 403 584 864 116 918 77 394 250 907 607 366 262 676 231 464 362 918 621 662 262 808 678 177 995 937 104 609 569 396 613 240 22 286 40 649 724 533 558 773 482 461 879 75 346 967 243 753 513 836 252 107
486 954 466 863 465 662 497 911 67 358 543 13 829 49 380 251 429 445 657 438 399 854 621 624 215 638 386 386 885 310 341 537 580 11 469 393 421 742 75 490 141 536 514 387 517 560 845 356 849 616 615 893 42 943 538 820 388 136 945 987 351 882 201 351 625 158 779 163 454 272 880 329 614 251 588 984 341 370 86 582 918 842 849 936 932 839 453 839 653 48 81 838 339 371 341 690 615 601 918 254
960 509 428 805 534 238 447 408 449 79 397 235 509 496 559 797 497 383 144 456 116 969 196 610 521 542 74 525 320 956 659 682 185 7 62 982 228 650 877 336 353 179 480 395 547 116 52 854 702 653 234 509 980 90 811 982 767 804 519 802 676 792 565 738 790 528 206 943 139 390 565 822 494 590 227 722 971 928 567 448 53 767 100 721 959 656 67 76 402 269 286 617 958 544 906 610 550 417 93 116
598 571 437 87 467 188 746 50 655 291 832 196 854 460 932 877 490 828 571 259 437 899 739 182 994 396 762 756 669 13 515 251 73 812 528 719 788 340 823 409 630 912 330 668 167 807 262 741 33 891 748 255 909 755 382 308 780 84 412 221 88 529 331 40 522 488 540 952 290 395 520 667 527 793 608 705 408 34 487 347 620 914 444 606 537 782 319 470 696 937 77 365 760 543 206 625 841 997 768 293
95 781 90 278 96 784 895 999 69 701 728 328 626 131 534 447 758 945 617 761 190 436 59 356 371 170 647 785 26 66 19 531 207 855 547 135 710 958 628 665 86 188 703 796 658 5 543 68 38 475 306 616 141 423 763 423 101 529 195 450 12 920 402 475 915 656 14 361 303 724 23 724 172 729 339 59 414 1000 774 648 780 27 698 934 399 706 775 738 863 845 516 534 902 324 287 112 876 530 957 537
188 880 266 6 983 942 839 344 994 505 911 150 621 844 279 132 177 644 331 863 639 207 591 46 235 904 130 237 884 857 9 581 741 656 910 140 287 962 416 60 237 970 986 160 449 452 422 528 710 733 457 827 598 28 129 114 737 50 847 698 224 12 21 199 133 398 415 18 382 399 438 970 410 468 869 159 847 928 374 807 915 776 736 307 299 518 370 277 699 602 689 244 153 639 721 478 116 975 864 988
292 891 724 132 620 816 360 91 514 190 970 273 797 900 663 288 30 35 977 108 412 158 695 164 233 681 796 285 154 848 263 858 908 410 973 565 718 909 157 832 258 878 769 879 481 55 47 126 716 854 395 207 130 199 890 389 608 435 100 145 943 663 630 836 550 390 796 183 481 481 910 311 727 47 679 99 925 862 864 375 1 228 129 710 806 225 650 462 539 681 194 34 342 95 161 539 742 348 867 832
460 200 399 654 173 753 129 249 361 376 159 821 244 904 79 890 341 10 140 511 279 456 175 37 366 878 926 386 85 139 671 669 678 633 492 69 265 270 108 847 835 499 6 564 486 474 795 183 952 735 64 323 999 265 148 339 288 175 387 706 441 119 208 691 683 758 425 653 692 682 604 725 20 351 808 910 335 105 707 837 164 36 915 60 376 384 364 231 413 895 446 762 661 197 706 516 558 514 992 6
998 253 844 558 871 567 611 794 877 832 279 262 858 615 821 747 398 755 151 125 30 732 561 925 942 737 365 255 610 59 341 756 1000 815 269 679 424 825 75 757 721 358 205 829 263 536 31 307 557 737 151 973 508 54 465 699 103 354 744 442 368 459 295 262 573 332 690 622 289 57 976 146 13 189 766 514 382 993 983 613 991 355 390 618 400 970 713 483 9 731 976 407 889 99 75 3 269 164 583 859
331 764 418 478 290 691 493 46 49 745 184 735 259 114 147 761 291 644 404 634 326 456 454 174 454 718 340 926 603 726 564 452 48 999 64 555 687 342 136 346 433 244 242 766 668 332 905 306 284 963 113 295 28 202 229 462 564 547 270 901 133 267 2 922 226 592 842 516 729 118 542 123 171 559 236 627 848 504 889 525 262 794 299 945 71 488 673 57 581 664 604 588 520 907 149 435 882 384 197 141
422 829 720 539 181 282 202 479 884 747 620 143 828 190 221 3 860 115 829 830 255 654 220 676 784 620 3 949 619 999 771 677 506 886 262 344 826 753 57 878 103 840 314 969 585 284 73 56 733 689 34 185 695 619 377 448 852 681 351 896 667 671 28 115 835 290 262 768 549 922 923 449 588 373 671 575 982 497 239 523 276 22 134 110 286 528 238 40 747 23 639 449 536 528 260 936 389 447 204 799
685 497 247 996 949 903 222 276 910 157 399 503 396 455 861 207 123 140 510 955 155 618 1 685 747 223 291 559 930 36 57 285 585 175 811 30 556 609 638 93 639 683 806 128 734 558 724 473 35 815 531 608 788 677 832 225 785 373 521 364 561 111 247 259 633 782 591 221 393 245 746 409 589 669 411 345 203 528 624 769 886 95 392 902 540 309 12 604 419 133 126 1 138 523 351 841 684 354 54 567
624 148 128 523 348 207 709 1 54 863 585 937 149 728 619 609 948 365 313 945 424 822 869 87 28 432 61 405 299 924 759 370 531 364 898 17 756 726 257 543 664 278 884 442 517 158 588 11 586 956 8 808 79 215 777 871 328 796 813 831 514 246 940 969 620 536 664 205 277 520 781 823 598 900 150 503 582 527 130 303 254 343 869 225 166 320 540 205 716 761 503 439 697 205 320 951 262 177 506 914
1000 922 969 548 118 542 28 834 269 771 280 644 897 410 675 339 297 847 760 27 632 523 277 14 703 722 172 850 242 129 850 878 202 153 222 413 313 98 300 370 646 167 210 394 913 72 120 667 868 896 764 872 299 755 123 205 588 636 560 183 537 502 272 475 23 354 652 992 188 25 497 251 995 491 917 304 247 825 903 596 678 191 625 393 1000 980 422 518 701 659 969 390 928 86 822 708 444 981 158 123
888 606 279 896 815 895 383 765 14 810 649 712 667 171 599 911 99 152 828 507 610 456 8 489 21 661 113 329 568 17 959 40 833 199 182 14 362 584 447 374 475 65 937 663 182 133 282 723 498 807 965 359 477 530 806 475 857 194 112 788 835 20 776 263 17 615 285 947 889 624 902 859 462 340 446 134 137 904 888 440 707 123 933 873 568 634 889 162 815 941 616 306 31 256 138 839 481 651 716 401
941 844 619 970 10 306 335 471 482 38 251 106 343 578 724 184 750 641 527 848 342 194 362 705 182 807 543 800 356 168 597 446 28 173 284 140 82 488 779 661 130 51 992 120 482 374 244 17 797 618 744 837 526 576 290 891 336 187 646 323 700 845 181 854 248 115 197 761 252 243 286 943 476 851 896 149 240 535 845 609 402 534 508 739 576 821 810 411 155 432 629 54 669 21 322 899 171 64 855 415
366 579 39 519 494 151 765 301 684 57 339 832 643 643 419 468 963 412 401 156 281 848 243 265 746 826 706 400 919 688 973 942 116 479 450 867 740 202 818 514 756 728 595 845 75 484 954 84 272 257 435 445 562 667 46 247 354 949 646 439 81 376 455 883 256 90 601 338 44 125 993 273 649 833 682 669 794 79 602 968 163 533 372 47 396 701 513 502 405 162 748 88 384 232 285 152 515 708 576 666
492 718 944 10 441 979 350 630 943 47 432 862 517 133 817 427 412 955 298 3 748 927 573 356 336 749 203 5 946 973 822 198 479 10 754 911 443 980 151 339 421 520 12 816 904 89 991 700 937 876 910 515 772 656 569 914 669 859 139 247 36 786 502 814 454 347 158 474 886 789 638 311 566 843 765 42 687 896 307 944 743 311 564 996 74 112 895 441 108 184 808 264 996 762 521 110 338 687 620 283
356 919 892 275 199 109 39 888 601 7 13 553 693 868 430 532 364 699 943 388 292 130 515 346 772 640 178 417 695 529 517 406 543 414 474 661 818 389 711 795 36 750 368 919 84 924 129 432 873 631 298 423 80 731 201 278 921 524 418 364 957 937 355 383 134 774 923 346 541 500 6 252 193 493 384 16 212 661 241 812 574 89 683 603 916 5 206 771 142 810 816 209 816 695 679 565 880 25 356 205
787 430 993 314 797 232 790 626 386 657 146 626 357 707 696 639 33 546 698 299 193 431 22 267 276 867 753 278 171 305 84 300 532 1000 424 754 401 167 329 7 860 286 725 481 73 139 712 444 29 183 141 801 597 473 970 511 517 734 466 667 179 224 752 801 594 984 500 892 447 144 786 278 964 352 451 295 876 623 184 188 977 851 60 530 614 403 199 871 669 402 656 595 861 120 205 651 156 374 303 361
450 379 600 631 613 587 570 865 179 944 985 52 831 458 493 931 495 923 911 50 499 355 92 728 7 339 921 547 763 48 729 206 273 280 520 714 322 333 796 277 582 775 10 479 28 206 195 951 701 171 404 927 950 625 259 244 802 941 789 829 973 361 336 653 619 292 403 587 534 955 86 778 760 67 263 2 987 753 785 937 947 852 978 403 889 275 163 222 706 242 703 847 403 216 552 35 394 70 981 67
250 591 588 813 26 433 37 371 98 25 346 599 542 30 659 114 958 882 779 192 38 994 847 148 900 914 149 654 169 605 265 35 74 938 995 730 97 35 905 75 933 988 666 701 346 742 24 144 426 972 511 217 869 182 783 750 512 816 984 511 173 75 943 690 392 108 966 588 463 85 912 569 12 591 95 900 115 534 317 333 835 433 415 310 87 198 372 597 937 299 280 211 815 670 799 165 482 382 269 102
924 129 496 900 759 474 165 225 726 433 441 767 675 797 877 10 758 576 453 588 950 357 160 431 705 97 662 570 525 610 434 950 177 629 889 960 44 426 721 185 991 253 815 831 832 612 296 290 594 727 338 384 431 330 587 174 859 208 536 172 869 73 440 955 94 868 499 604 459 944 758 50 112 488 994 762 259 553 588 553 185 705 253 899 753 587 270 120 720 852 861 827 494 947 754 797 443 608 816 63
905 593 66 232 11 213 208 933 419 703 762 201 969 978 141 890 216 661 86 505 912 666 569 730 801 442 40 983 208 835 787 699 49 771 780 709 573 876 985 963 689 644 924 284 242 19 26 944 557 236 205 63 447 576 149 67 158 72 683 395 723 930 527 960 490 619 688 243 308 664 282 170 118 650 922 529 433 141 360 262 711 811 215 469 219 295 92 858 597 45 15 106 899 376 884 718 155 546 62 659
14 923 922 287 527 352 362 195 643 350 483 40 187 509 67 997 351 23 756 330 441 800 8 630 259 215 803 843 665 768 367 116 689 870 345 407 29 285 782 688 157 320 164 587 986 556 50 527 394 838 435 759 356 115 257 669 112 240 595 429 360 523 273 486 839 905 159 814 605 229 959 545 214 606 687 218 10 562 535 548 87 959 908 956 28 699 182 939 875 350 6 606 766 594 206 479 559 613 56 476
483 828 782 521 488 549 696 27 688 507 134 283 479 352 152 885 159 875 504 939 310 743 814 902 98 218 729 694 52 243 786 55 234 392 235 126 852 557 657 729 346 74 639 411 193 956 908 790 765 874 5 267 976 126 793 911 861 401 839 51 984 607 802 89 56 900 796 141 684 500 355 48 13 836 669 396 218 11 931 351 772 878 386 869 762 169 403 122 646 21 347 406 953 388 211 880 552 31 357 391
859 501 108 375 116 924 594 308 966 750 541 55 900 734 306 79 552 682 580 527 292 274 747 979 559 485 385 306 642 821 433 829 7 896 715 269 558 304 660 524 601 619 571 480 447 703 770 27 924 284 800 190 60 877 150 778 860 215 215 842 679 983 225 842 966 514 24 832 115 440 70 634 547 419 944 725 195 419 656 714 661 585 819 564 79 459 932 448 266 424 845 875 581 722 96 503 759 157 650 520
98 94 776 709 628 189 990 524 580 785 301 256 596 503 704 421 897 316 27 62 965 656 211 734 370 966 991 146 484 288 587 663 194 831 229 899 804 586 29 470 507 585 770 900 267 915 208 301 915 627 972 567 715 778 809 86 398 478 809 418 563 698 558 127 436 182 802 145 631 639 249 78 882 525 376 255 785 181 795 812 180 789 431 546 784 756 506 567 120 829 59 742 388 662 979 345 179 742 794 52
534 867 706 129 327 275 527 670 530 191 870 860 446 225 149 44 761 742 460 682 306 994 621 433 811 722 187 616 232 546 497 661 134 736 858 310 402 652 270 245 490 246 930 225 761 233 295 525 265 205 321 815 789 547 583 803 490 5 297 391 230 5 420 654 376 309 546 35 455 978 792 346 705 804 256 185 764 88 731 577 242 824 902 711 915 310 954 186 508 259 763 473 38 475 324 50 921 421 554 129
930 652 805 131 828 271 738 297 548 887 260 303 387 67 966 60 280 228 475 951 245 307 509 833 741 700 34 621 908 223 367 150 208 74 982 874 104 952 324 192 3 943 798 80 451 178 745 604 476 406 168 722 800 671 140 964 291 503 907 927 146 73 587 444 640 710 878 913 576 347 715 117 675 181 732 363 320 363 841 657 201 467 625 545 214 23 734 536 488 288 287 253 164 182 20 238 241 418 829 226
865 205 630 346 481 599 275 608 425 64 587 835 603 588 720 759 486 510 604 524 259 774 295 389 19 702 616 530 378 291 730 762 169 867 42 984 54 100 29 868 939 744 819 247 181 27 301 318 486 979 355 701 554 709 962 583 141 398 315 280 57 798 765 31 101 656 48 98 695 967 548 426 292 955 571 830 774 308 498 670 891 59 956 694 833 779 276 217 691 258 559 515 422 384 590 975 861 81 802 575
737 511 174 583 238 620 617 548 514 197 509 639 244 936 205 242 726 347 804 610 35 722 832 598 461 168 232 261 909 920 327 585 492 382 6 36 435 872 368 589 108 485 560 575 363 590 783 203 930 758 619 246 193 402 713 69 541 129 553 161 901 737 310 825 655 287 573 428 717 63 434 149 803 535 474 794 445 956 226 855 477 760 415 859 706 192 986 999 343 461 855 33 869 724 134 551 317 95 472 374
202 142 588 327 433 735 864 18 808 612 345 91 749 823 126 751 29 703 566 931 212 292 272 657 72 254 630 469 144 90 973 927 507 255 877 28 808 860 300 545 728 676 892 618 264 478 947 951 111 797 561 122 905 720 864 622 308 324 55 875 96 238 10 382 575 314 214 2 193 452 382 588 394 376 7 353 719 898 189 725 761 630 463 357 302 409 273 118 286 567 795 513 168 796 556 91 933 70 225 240
826 235 941 652 899 346 448 264 690 401 901 988 365 776 904 850 925 469 601 359 14 775 846 964 229 160 261 607 567 596 213 865 276 530 77 264 907 481 213 759 751 765 551 772 622 647 206 35 671 623 256 58 434 610 834 975 864 473 489 214 592 825 504 307 322 461 984 926 705 676 110 597 416 451 452 647 394 228 508 432 312 221 199 220 225 516 841 997 171 104 257 709 180 396 780 161 671 548 453 996
922 1 669 126 943 854 935 288 52 980 277 585 362 872 845 154 474 679 618 184 178 735 520 208 746 965 477 127 582 795 97 66 737 956 488 984 854 566 362 13 953 818 148 494 139 217 117 870 171 785 908 128 230 211 678 607 444 713 353 680 773 35 322 732 99 267 824 128 461 786 656 848 895 352 292 177 1000 482 546 69 640 182 101 417 157 379 831 724 384 547 467 682 578 914 701 368 224 531 533 355
505 619 29 630 65 905 105 612 258 406 448 380 172 101 108 352 801 782 401 848 257 922 928 117 494 567 479 215 631 3 269 559 886 229 726 765 728 961 395 728 747 489 766 135 198 856 280 552 195 789 683 477 517 811 597 960 804 35 93 942 744 306 828 11 727 904 778 238 230 922 359 639 30 906 824 644 552 278 729 462 884 858 965 781 863 753 652 967 15 869 65 503 722 872 429 711 372 568 255 200
997 746 438 603 190 39 726 420 103 19 789 382 565 889 415 370 649 521 869 458 456 687 364 462 634 808 242 538 756 416 463 573 859 138 459 190 339 60 590 745 914 714 433 68 918 768 827 914 849 474 110 612 753 253 87 748 182 727 668 640 111 754 580 241 404 752 825 620 419 358 944 349 832 335 943 136 900 150 181 524 938 68 902 182 151 727 988 376 305 354 186 464 46 884 95 676 976 245 496 228
990 530 726 432 979 51 811 872 122 222 651 269 702 777 491 260 411 714 684 6 727 821 727 248 736 609 1 614 178 263 957 204 801 471 126 738 998 36 309 346 261 190 418 556 17 535 869 450 632 69 117 245 713 834 79 728 82 658 675 464 304 421 801 550 346 890 879 683 475 170 585 705 559 147 307 373 480 194 293 735 324 60 734 727 155 976 559 918 988 290 905 698 958 631 977 815 946 223 463 492
183 162 788 595 651 79 437 884 731 256 590 36 438 96 409 420 682 855 274 795 190 39 525 184 738 765 678 636 874 52 835 315 383 173 174 568 664 365 948 406 904 119 549 100 833 49 621 365 402 361 791 26 134 827 152 2 810 685 868 70 619 576 636 320 707 874 963 41 229 352 690 166 453 670 212 909 486 107 577 834 285 789 325 98 170 164 620 646 92 436 869 691 57 428 756 944 473 72 227 462
838 25 420 405 316 862 908 384 1 751 682 746 890 465 828 989 420 253 740 804 113 39 85 35 891 161 950 573 373 573 996 624 352 393 39 645 926 378 225 254 563 22 291 511 873 679 37 346 319 120 938 590 692 466 504 599 96 718 948 617 175 356 952 616 264 257 443 403 639 666 225 33 495 772 594 981 91 81 967 388 507 657 879 753 938 103 335 323 457 424 100 150 20 536 288 211 447 464 442 896
486 248 856 395 864 278 256 300 179 324 352 863 28 543 111 164 566 767 424 240 346 522 380 569 2 64 164 967 660 597 936 568 609 491 955 911 540 197 790 928 240 984 324 341 78 761 663 166 68 304 8 590 290 268 133 138 10 191 668 521 583 320 724 959 188 715 952 444 680 316 139 314 475 847 738 981 762 133 247 837 909 969 232 577 367 180 676 803 495 728 972 254 98 224 780 951 214 12 888 272
635 719 237 957 548 610 567 847 405 840 541 22 488 732 25 576 436 404 835 453 556 241 612 233 144 475 658 842 85 622 372 437 128 485 479 767 208 906 572 165 676 491 936 851 67 957 775 685 90 47 15 251 259 343 707 981 409 662 616 672 282 715 307 898 13 256 593 775 921 740 96 358 873 326 708 824 870 160 581 907 311 257 5 811 972 81 803 399 726 834 211 413 645 498 256 223 864 227 479 842
921 478 555 315 928 108 76 569 582 724 736 57 794 281 873 736 116 724 502 9 707 703 376 110 699 159 485 326 389 407 120 427 285 727 68 159 330 412 229 600 176 674 859 397 526 946 621 944 722 700 568 952 246 406 946 304 730 133 596 16 980 546 503 440 823 633 292 546 736 260 601 340 88 614 497 595 693 476 951 204 200 125 304 24 418 653 129 155 909 766 848 413 839 191 94 391 611 580 523 608
756 693 363 386 999 297 351 720 941 830 462 614 729 557 533 905 947 11 485 700 752 645 189 289 191 281 750 787 648 673 854 914 450 17 510 94 282 896 278 528 534 855 918 108 627 408 882 954 167 542 591 142 889 397 522 926 766 378 39 722 736 690 501 198 615 24 494 687 595 870 366 846 136 562 324 517 836 612 97 82 437 354 535 898 499 270 771 737 989 531 724 685 261 203 692 594 949 603 396 604
30 398 443 355 298 339 922 736 120 558 141 912 680 1 189 778 803 75 374 811 655 378 189 288 706 101 0 491 618 852 740 215 166 452 589 396 908 553 997 166 689 25 576 160 411 168 718 572 679 123 632 46 396 403 89 924 58 380 685 237 395 265 457 201 685 22 354 718 100 649 949 382 814 595 178 395 233 658 963 281 193 248 164 917 958 794 424 977 149 207 945 777 48 833 428 77 782 761 656 789
295 733 501 924 203 315 169 356 540 968 880 388 545 118 577 277 91 110 420 545 431 503 85 389 683 451 152 765 663 459 121 532 264 26 114 269 580 326 524 830 523 502 615 962 584 357 228 310 979 595 869 709 978 975 617 48 347 916 710 823 207 45 546 685 289 51 623 52 29 581 137 365 661 710 808 671 841 270 929 721 814 612 282 681 32 66 361 41 205 301 39 465 132 692 332 711 831 766 623 738
602 23 616 685 410 251 678 244 384 575 442 61 820 24 307 831 591 366 353 632 774 396 265 675 928 295 889 836 471 33 635 343 83 884 526 697 591 308 436 837 217 957 868 267 357 154 872 44 186 106 886 445 604 221 862 496 706 637 417 354 972 928 933 572 181 134 841 245 732 934 81 879 744 171 637 87 612 623 419 372 598 620 845 549 289 739 512 713 132 249 298 840 657 422 443 478 961 829 620 174
508 422 713 513 190 161 847 11 962 147 859 529 725 389 868 319 329 786 516 995 642 847 476 35 827 451 811 266 148 960 867 86 238 962 791 651 43 562 694 214 705 990 476 301 72 528 237 871 655 291 620 771 517 500 594 369 348 627 969 245 709 846 680 573 757 536 736 34 98 43 41 219 843 957 541 7 568 165 93 822 659 535 809 312 821 207 153 583 632 307 899 280 603 386 729 669 555 41 789 946
878 763 14 19 986 306 734 123 137 742 859 994 547 224 321 627 610 869 583 110 667 86 810 113 303 883 773 646 67 183 303 465 696 187 8 547 473 575 749 834 542 819 702 391 557 100 182 720 646 829 618 10 962 508 248 179 276 335 592 552 652 835 588 665 156 427 700 597 415 776 1 223 257 393 162 50 180 126 13 436 216 556 524 221 238 896 990 623 612 834 732 579 847 742 250 341 237 31 317 833
428 129 601 478 565 92 929 798 697 429 47 51 749 835 780 92 804 141 407 160 810 847 639 592 223 777 302 994 621 449 193 289 509 842 339 914 503 758 327 732 420 64 96 570 977 251 709 190 265 493 774 284 461 143 123 600 330 771 600 791 980 845 166 347 584 159 915 240 873 891 292 808 663 823 851 736 840 220 126 182 696 405 883 408 253 670 8 45 743 775 922 724 780 273 948 308 613 751 634 666
395 105 805 798 275 88 626 746 413 103 394 491 182 391 637 133 389 839 785 393 420 790 835 957 990 377 856 335 895 20 12 109 246 594 402 326 268 875 213 902 949 904 197 216 660 399 475 536 221 978 349 160 178 100 138 96 568 421 17 223 992 413 440 998 987 969 43 503 641 304 434 103 21 218 968 382 764 7 433 809 631 408 433 759 876 64 910 203 837 69 468 56 26 749 954 879 554 898 897 56
362 719 770 362 62 29 98 994 909 235 779 574 970 901 711 801 603 631 275 393 800 256 799 673 282 789 210 140 134 219 253 121 437 88 434 116 841 998 241 558 662 12 903 626 538 699 296 606 663 739 651 240 226 343 754 769 880 227 608 70 845 38 700 393 932 683 148 886 773 509 649 483 87 421 537 73 222 900 320 792 270 307 19 106 854 251 569 29 250 485 228 348 189 445 791 775 711 898 163 379
456 548 304 515 612 377 142 667 950 875 761 892 27 882 87 282 584 88 25 86 803 690 17 434 413 244 376 892 159 912 369 898 418 686 678 600 547 70 739 867 307 512 659 23 333 535 261 963 217 84 685 17 663 355 211 4 648 776 69 908 151 229 614 127 376 40 918 348 553 756 746 295 317 562 634 944 201 70 172 83 877 314 990 746 28 760 98 32 753 783 630 995 708 597 93 793 385 907 131 988
604 36 641 52 810 19 396 234 744 21 185 396 285 512 618 360 229 371 404 779 322 671 963 360 210 269 781 871 496 594 221 501 599 93 351 467 438 36 51 141 721 242 490 812 221 467 912 742 404 559 585 447 923 524 424 160 117 446 444 8 702 239 281 391 898 270 875 715 329 527 597 913 345 560 797 253 406 405 986 564 615 496 882 52 756 171 431 355 890 728 578 684 944 520 576 886 441 735 75 917
218 207 22 255 787 408 172 525 282 306 378 744 285 85 917 588 304 612 952 537 691 68 758 59 185 141 189 900 114 801 274 232 998 316 662 978 55 34 668 237 922 736 452 214 797 354 978 801 663 187 298 484 947 833 108 756 13 565 303 199 418 784 820 969 381 602 109 592 541 797 541 43 334 752 804 779 486 293 457 367 235 313 733 323 860 423 662 40 988 329 512 938 791 496 844 51 51 118 778 989
769 617 371 400 60 679 929 592 151 803 253 87 928 177 798 445 905 34 861 783 801 578 264 832 952 55 961 522 744 235 458 542 502 763 956 201 459 64 572 187 11 227 756 735 417 270 785 143 25 359 752 399 413 564 182 504 919 411 317 731 451 213 497 602 247 127 738 147 588 865 616 407 515 995 332 15 384 54 203 813 820 736 633 93 194 625 458 62 489 277 847 57 931 63 602 397 86 160 541 876
652 868 526 369 636 533 324 96 675 241 497 638 550 837 588 239 260 350 700 474 236 114 681 577 512 300 782 376 671 674 915 944 309 680 284 289 298 765 375 739 665 943 950 121 168 708 954 288 189 238 489 47 302 642 278 216 124 409 11 478 613 356 435 435 531 465 677 304 276 125 379 215 262 783 416 719 319 297 650 726 294 201 951 310 365 514 879 952 976 358 406 448 342 912 280 817 6 232 548 384
17 431 463 116 959 814 854 960 752 366 393 634 528 752 920 457 505 398 594 403 394 111 525 730 342 622 712 572 181 511 69 277 893 707 926 73 952 963 945 5 10 492 568 15 567 580 175 439 911 877 571 616 739 452 810 692 308 665 990 575 234 315 821 115 405 555 773 134 307 480 641 162 425 397 118 56 260 886 302 133 897 54 30 204 531 717 621 244 40 887 734 730 929 72 186 749 666 674 561 119
351 66 155 346 908 951 814 373 636 933 206 457 435 445 205 656 572 812 823 686 700 473 60 800 115 233 97 397 79 814 759 158 925 424 376 121 559 66 665 791 711 246 340 614 199 784 4 418 167 581 340 20 211 193 548 827 977 120 662 129 667 240 146 44 493 496 652 226 571 956 459 863 715 491 400 264 171 629 310 357 102 314 0 401 702 479 397 406 6 226 333 885 722 387 69 323 616 274 433 675
324 718 7 703 55 547 26 219 67 427 973 217 838 109 660 725 193 307 60 856 542 41 254 486 858 347 348 341 179 166 990 216 697 955 707 746 424 473 208 708 958 483 853 114 274 453 452 508 160 497 975 971 38 440 720 713 511 464 302 448 665 538 559 306 219 580 924 710 855 222 743 382 272 847 889 549 787 631 308 179 620 354 894 88 120 763 222 747 66 904 193 607 364 88 501 142 107 574 46 60
965 742 485 364 214 3 516 76 859 511 800 903 198 156 542 3 174 215 57 572 584 301 903 79 862 365 226 470 291 753 385 454 820 305 785 879 842 598 887 578 694 476 648 157 309 697 3 550 684 346 328 838 858 563 315 169 754 211 829 767 155 879 558 888 963 120 671 736 595 178 731 351 592 823 115 983 187 260 824 462 301 278 799 375 312 531 731 596 356 744 782 749 799 334 208 355 93 340 49 664
409 804 613 816 233 167 306 22 871 575 905 248 919 242 138 930 823 251 397 232 42 159 25 238 2 654 692 982 66 231 196 789 554 247 799 373 317 28 500 676 315 606 228 333 397 755 858 602 768 469 597 887 129 3 646 251 341 972 771 894 106 868 42 46 24 617 430 956 805 859 239 38 816 767 860 319 677 343 402 859 817 674 127 584 19 943 720 738 824 432 635 160 285 171 925 726 199 941 387 896
772 198 282 828 466 689 375 671 212 349 625 329 305 733 792 143 775 74 605 975 545 555 462 647 195 524 622 697 174 127 763 174 412 656 163 453 174 978 630 856 338 305 586 802 206 459 763 555 114 505 404 725 787 306 657 788 656 3 78 406 256 427 817 500 376 80 274 146 819 328 431 200 296 750 594 630 584 981 267 300 888 112 309 216 164 190 760 746 2 480 807 870 714 418 775 946 410 297 753 618
783 197 973 963 742 344 869 996 499 601 957 56 285 809 607 825 147 534 217 378 503 928 478 285 325 293 979 28 720 611 309 908 293 260 594 139 405 536 901 23 432 590 408 490 938 999 871 490 749 79 160 841 83 210 187 947 137 479 868 901 177 544 954 515 861 177 851 948 906 855 901 715 258 471 958 507 431 983 515 469 706 908 609 229 222 629 773 621 620 971 21 526 69 680 913 114 916 670 479 487
527 968 437 425 773 274 150 922 781 288 686 811 878 107 575 78 125 616 329 395 625 103 34 169 476 942 332 617 383 155 699 700 104 790 237 645 111 219 686 520 943 196 715 53 214 970 739 903 447 237 59 780 403 376 338 256 935 365 279 481 991 61 346 244 534 473 998 26 813 293 699 609 769 423 507 41 599 686 399 881 147 725 425 364 507 554 607 327 132 829 6 279 72 668 966 772 165 678 963 204
435 504 158 373 332 964 832 832 334 429 327 39 125 338 503 490 331 440 419 980 749 434 108 168 542 613 323 513 162 286 661 758 336 136 826 736 583 399 803 718 654 400 188 93 759 818 578 728 201 779 504 540 196 254 366 538 506 541 386 191 127 993 457 623 561 638 942 736 695 871 578 909 385 111 917 923 964 916 970 3 798 287 123 388 683 15 211 947 724 385 598 64 136 150 869 475 31 655 987 578
550 403 85 946 559 141 97 639 954 483 74 36 350 407 869 653 665 288 313 326 305 849 955 707 776 253 865 920 23 384 671 751 720 349 795 627 438 255 576 974 472 954 963 928 111 837 672 928 239 912 782 637 760 951 290 343 857 201 522 283 512 691 153 917 763 500 404 142 580 331 341 435 301 954 157 62 122 629 610 67 333 296 853 360 509 980 268 706 982 328 823 153 721 192 676 335 454 294 440 900
786 76 38 334 842 476 3 599 29 355 123 124 983 582 748 81 782 890 41 29 178 846 802 484 419 292 362 86 826 361 350 558 460 707 233 18 147 826 861 809 135 392 730 919 593 277 945 291 289 247 721 873 153 725 799 492 543 254 949 69 944 911 107 993 128 762 260 243 830 957 637 145 627 623 606 566 792 467 226 77 285 467 640 61 349 176 975 958 658 538 260 70 634 518 13 27 88 286 932 95
422 783 45 856 991 171 803 311 789 573 799 963 570 93 780 303 358 807 211 852 593 715 601 970 127 39 783 618 111 159 638 145 944 586 941 457 966 716 363 875 247 106 419 30 191 853 853 360 177 847 484 758 205 723 732 213 790 823 744 614 234 172 228 536 556 204 135 268 673 716 297 8 636 57 354 595 150 769 795 733 357 2 105 358 391 780 364 522 334 640 404 426 908 140 77 258 403 43 528 898
162 367 113 350 805 277 459 817 323 483 636 951 727 670 438 52 271 868 13 430 31 94 770 905 447 843 881 160 463 933 687 47 891 633 784 111 47 673 140 285 717 78 103 691 160 263 389 515 994 610 636 940 421 695 960 820 824 421 61 344 308 438 834 450 355 586 248 964 888 918 964 959 799 265 567 852 503 698 123 355 861 73 724 700 328 177 557 918 245 693 522 62 386 676 0 60 786 35 599 493
26 893 781 139 982 380 388 38 410 74 401 102 10 87 747 559 507 618 972 611 347 667 420 947 53 108 517 338 136 295 476 74 572 343 980 286 38 738 116 622 348 357 342 595 89 680 754 712 100 397 912 920 246 903 934 513 827 976 815 726 942 490 165 709 529 603 607 43 480 947 801 438 665 211 996 464 102 891 873 211 950 123 838 339 41 19 321 167 946 176 625 932 929 498 487 186 166 921 884 575
237 662 353 343 825 933 428 132 387 70 313 65 757 597 545 564 688 714 395 310 427 130 120 54 989 353 649 300 769 386 207 744 128 577 597 263 450 491 173 390 301 645 832 678 572 234 421 724 142 104 400 838 208 361 69 46 0 206 936 313 56 34 262 861 390 461 874 383 954 967 313 758 464 744 359 696 881 235 886 420 457 159 458 135 806 972 119 51 983 191 519 819 762 239 53 908 581 522 912 528
697 410 206 939 185 26 382 917 631 507 976 874 76 27 52 951 756 633 333 946 294 965 942 956 410 93 180 580 677 442 503 741 571 745 876 317 673 811 973 662 442 790 140 897 25 630 315 799 600 46 517 451 464 473 160 201 262 587 538 962 97 265 698 886 316 750 963 404 450 360 746 890 359 372 869 709 147 471 542 405 834 434 154 534 858 16 412 605 599 362 808 164 445 223 365 814 702 301 32 96
856 752 647 817 716 76 8 512 801 93 217 728 838 809 548 597 615 897 208 208 640 463 184 600 628 19 110 770 147 17 865 587 887 178 588 212 963 823 46 239 698 814 427 245 266 341 16 665 905 171 800 308 39 661 616 200 890 810 543 158 148 682 432 345 667 860 977 43 414 187 538 631 578 542 429 267 874 297 660 302 884 747 769 160 851 798 721 20 259 776 121 916 308 655 492 559 734 427 854 956
366 501 14 429 180 30 264 45 728 893 193 685 422 552 530 82 936 665 536 378 740 533 581 725 293 384 991 12 156 270 723 197 316 11 541 419 315 719 823 77 492 716 423 513 48 940 294 626 655 449 990 59 382 573 559 196 235 691 951 122 766 99 252 595 143 128 661 720 484 559 439 881 773 835 679 209 386 607 837 479 343 356 888 755 621 623 917 354 613 641 730 828 808 644 522 574 94 3 861 605
172 239 376 394 373 792 715 920 75 65 732 403 81 135 732 529 62 492 325 195 344 64 109 833 629 462 913 896 245 186 162 248 382 573 402 395 897 279 31 930 432 349 166 693 255 442 722 188 650 298 967 920 930 313 851 129 334 194 737 20 242 287 321 451 755 76 412 83 535 465 647 137 830 818 925 341 655 606 459 314 199 732 348 628 517 853 821 860 91 632 558 196 894 786 243 727 381 910 529 92
623 953 270 895 701 256 727 694 764 96 642 845 668 28 306 637 87 995 177 869 503 301 528 916 363 193 576 946 189 583 269 321 1 209 428 643 281 682 888 905 558 564 908 660 458 604 78 295 837 298 233 919 284 541 395 124 189 327 208 602 163 36 990 164 600 681 651 100 54 178 96 344 635 398 527 257 777 311 156 461 701 697 410 391 81 961 349 468 19 802 874 115 777 247 661 862 72 661 406 440
924 144 377 800 944 281 242 832 793 517 770 417 104 441 671 744 27 725 685 808 499 697 102 67 520 925 932 586 276 413 136 594 281 458 925 858 470 602 910 560 499 852 128 311 350 467 771 566 267 571 768 25 585 700 348 233 516 925 49 192 184 852 519 812 42 29 230 128 470 530 845 268 712 946 819 826 686 452 86 779 77 681 92 928 219 440 655 748 250 655 17 300 603 685 997 60 195 595 551 550
237 647 705 342 221 184 501 45 428 235 470 709 935 141 515 664 946 384 660 913 95 788 769 338 162 544 687 245 886 668 310 297 273 870 548 36 407 424 944 430 542 947 944 552 900 776 563 560 295 232 293 844 593 487 949 5 96 442 165 83 525 359 672 609 758 136 482 810 890 181 400 443 447 76 352 98 624 96 528 141 889 262 427 218 335 963 408 648 779 391 559 638 705 85 317 37 106 724 572 492
904 547 602 307 408 356 651 801 522 53 858 893 547 684 488 816 305 168 212 513 953 169 840 466 261 704 356 566 970 911 250 950 162 854 97 525 41 473 267 436 330 851 562 971 765 681 16 812 665 196 87 22 954 572 929 377 872 678 499 675 613 736 321 436 737 518 554 470 285 602 426 117 40 501 677 329 745 84 352 68 542 972 956 484 227 252 423 716 760 160 830 966 916 13 324 950 508 66 759 886
337 863 338 336 283 154 17 90 974 459 957 960 806 795 861 37 398 567 300 966 303 147 82 757 918 715 776 402 203 72 381 116 116 197 843 946 719 329 82 738 783 523 312 462 892 341 893 894 109 448 830 403 998 203 378 870 881 311 245 86 925 392 534 120 496 507 222 263 89 716 716 961 475 669 851 976 941 550 71 328 999 748 367 575 357 9 68 219 16 823 72 703 841 158 382 825 505 178 270 285
575 82 447 285 891 896 199 789 345 142 72 12 312 759 893 975 321 684 868 819 440 98 17 67 168 112 471 387 820 727 544 933 161 965 15 268 692 760 604 590 604 159 776 507 798 188 914 528 617 382 67 649 462 930 725 396 737 147 280 260 36 729 346 416 385 212 610 432 278 685 440 602 621 706 559 335 46 910 830 975 561 189 456 249 280 815 314 655 9 16 804 602 492 713 809 419 441 159 208 192
103 430 246 97 13 208 893 164 287 367 822 49 430 368 151 905 938 802 791 492 221 670 945 64 39 837 77 340 642 408 935 388 181 119 225 618 72 405 682 794 785 830 895 833 251 428 115 2 887 779 529 22 708 645 730 391 675 699 647 256 193 69 158 91 568 592 144 981 840 737 730 96 178 185 81 485 516 941 120 758 880 472 927 337 757 699 840 899 704 457 811 201 417 907 276 330 24 412 245 349
16 230 327 703 715 31 364 288 207 367 438 933 161 777 432 606 951 80 996 263 388 978 606 381 960 207 790 575 447 589 777 970 50 456 386 274 887 210 680 865 387 105 223 566 302 371 34 734 799 397 431 402 797 202 876 242 535 930 688 662 809 97 523 739 906 172 260 933 765 194 1 603 838 708 797 797 461 591 644 467 182 308 522 132 56 356 297 725 393 855 821 751 770 111 421 970 699 119 97 32
23 308 71 692 726 801 198 32 805 676 939 364 983 344 574 308 97 960 973 701 707 888 456 479 580 493 821 219 930 484 815 141 470 176 808 240 806 81 733 396 359 669 207 640 680 620 657 449 334 716 525 883 884 398 121 655 648 737 871 181 940 867 980 942 941 974 715 844 638 825 570 574 105 849 541 370 314 257 804 667 566 978 368 39 556 611 755 320 706 938 952 734 927 140 258 162 276 751 747 288
469 780 963 41 104 343 405 376 129 292 185 902 517 191 82 625 711 873 61 521 249 774 352 517 637 410 431 520 493 547 958 83 618 143 289 347 746 376 168 56 445 365 431 558 769 620 894 517 51 238 574 583 319 696 602 464 271 724 399 686 627 36 313 837 712 141 455 966 386 692 556 133 208 213 852 894 600 191 85 824 145 80 626 309 151 581 456 312 208 678 665 416 201 504 264 473 892 519 95 104
166 278 179 20 327 469 338 122 652 470 101 385 356 355 276 494 96 301 102 862 208 793 510 989 772 882 958 767 495 692 266 611 770 621 853 450 656 418 527 164 885 180 269 176 851 898 451 669 143 411 344 263 727 974 981 762 313 358 309 922 622 935 236 635 882 753 822 41 978 517 919 657 583 192 543 993 370 604 938 457 540 874 873 508 759 954 253 131 74 78 929 566 291 893 449 488 0 742 721 789
414 927 193 489 896 366 73 182 403 508 449 672 334 486 586 909 884 56 375 341 632 425 763 896 550 442 509 895 610 748 204 866 872 615 100 509 452 178 108 534 758 936 659 986 152 83 407 602 387 227 608 19 506 495 466 635 919 143 291 758 367 634 935 982 781 142 663 696 967 949 818 544 814 809 993 636 454 894 381 223 173 151 663 226 79 81 141 322 18 125 575 700 230 185 698 504 133 981 39 311
618 923 197 166 153 488 854 510 146 187 206 53 629 539 502 773 946 287 727 766 702 699 819 500 796 908 241 757 697 536 118 841 874 938 394 627 442 22 228 78 14 99 851 259 24 498 29 357 916 619 839 593 141 482 621 866 456 310 229 505 456 246 743 929 283 759 59 638 942 404 664 308 267 416 372 89 856 940 156 649 680 636 252 396 271 655 772 876 743 483 997 81 281 618 743 856 239 299 264 221
451 73 335 274 204 265 119 542 705 693 148 821 776 193 545 936 237 196 797 552 231 298 319 90 899 496 526 580 332 301 113 111 936 937 177 621 708 747 916 846 201 58 507 968 990 755 734 541 683 711 542 533 292 697 56 909 19 870 713 815 242 724 550 192 146 820 94 384 689 671 711 766 505 598 414 919 629 756 125 172 892 36 987 595 871 669 781 934 857 794 350 61 175 810 31 78 983 690 80 307
806 233 816 398 582 727 105 740 835 715 535 548 895 879 298 221 118 899 54 163 96 754 930 357 344 889 279 73 86 142 914 978 691 140 56 177 365 479 600 843 98 98 506 937 144 7 680 926 339 187 981 174 683 422 190 895 920 238 628 646 357 537 356 239 555 871 35 943 203 159 38 159 641 955 247 508 180 745 887 781 849 550 517 248 777 529 499 868 709 193 126 450 649 793 548 672 912 498 319 672
795 13 962 893 327 418 806 678 626 169 472 110 583 333 721 718 167 990 536 669 531 144 463 999 464 644 608 880 487 99 876 945 794 65 799 117 83 764 193 372 597 609 358 592 969 484 310 227 492 446 290 309 132 46 671 906 132 312 461 177 794 252 381 540 16 121 72 789 813 347 819 766 520 559 333 802 450 719 206 909 272 682 963 125 51 480 14 185 935 600 439 220 769 17 414 991 928 786 882 961
387 763 421 793 579 163 593 201 662 730 670 90 960 733 233 63 464 549 916 713 414 336 938 575 733 849 122 51 970 804 62 982 313 535 873 459 253 219 312 196 646 268 395 209 216 434 961 57 947 454 992 254 921 498 688 795 264 277 541 729 446 933 164 776 311 450 815 28 498 737 375 378 846 464 404 452 658 825 82 617 693 645 768 294 450 259 270 151 432 498 20 769 62 565 427 14 645 809 207 239
700 813 62 338 879 759 749 94 237 482 161 623 540 489 456 39 366 259 715 477 358 75 58 651 10 382 731 831 958 979 676 673 880 942 823 13 710 467 286 161 381 216 584 753 830 707 565 713 798 353 68 230 44 622 227 947 483 700 194 757 57 856 696 992 122 409 556 417 141 915 425 264 941 737 82 830 974 115 421 601 579 30 610 463 181 103 185 474 87 727 958 887 801 584 104 6 424 957 201 405
480 331 719 713 490 543 213 798 144 728 376 431 341 113 507 212 632 500 584 521 910 351 643 214 166 916 683 359 354 851 527 296 1 923 271 741 412 753 553 153 354 354 279 104 322 18 600 135 600 947 14 543 63 795 641 515 343 272 719 820 910 681 769 821 7 417 756 587 624 120 620 431 118 524 678 4 700 414 931 289 850 388 708 548 970 60 513 170 490 290 907 149 248 92 607 535 401 684 933 266
431 865 307 205 382 340 117 48 339 179 127 268 211 857 165 146 574 172 438 882 208 553 177 669 124 448 942 986 575 2 155 834 815 431 838 471 67 797 731 68 301 68 759 308 376 943 999 672 589 80 373 914 77 730 64 969 963 128 932 351 302 708 796 59 170 71 386 796 146 39 252 121 819 945 113 4 466 981 382 696 573 412 177 914 960 75 275 294 78 105 170 408 593 999 418 941 254 810 604 941
759 509 477 549 245 358 55 540 132 174 714 216 182 907 940 74 719 975 795 900 209 370 352 758 377 183 471 82 456 609 1 244 281 223 729 710 42 47 461 932 485 338 383 314 93 568 954 660 598 345 605 512 841 220 44 608 171 958 58 588 994 113 388 650 734 764 662 256 488 764 201 418 653 169 63 649 626 654 895 593 368 249 16 873 411 488 532 351 492 390 94 316 316 883 345 450 499 456 972 665
787 594 701 77 425 57 616 162 550 719 304 919 603 830 269 587 701 319 974 14 249 602 932 977 762 469 61 11 634 790 555 426 54 180 928 378 656 983 614 560 202 805 458 825 678 213 724 216 778 996 810 144 267 288 800 751 557 593 3 277 583 87 740 690 606 153 456 699 21 244 341 709 740 539 166 286 518 752 237 749 498 139 976 484 203 636 190 918 776 461 829 916 322 419 561 852 494 947 255 873
987 747 976 975 530 682 381 979 761 197 418 355 277 164 114 877 596 897 959 250 767 450 170 78 604 408 76 938 755 760 865 78 755 413 447 790 484 11 70 181 833 734 442 890 983 180 751 647 104 118 469 618 68 843 186 506 933 836 558 458 574 450 284 685 370 662 922 605 60 13 833 2 127 14 291 361 664 45 422 119 849 921 930 571 271 929 96 988 600 632 386 272 227 640 309 506 436 587 292 60
134 270 259 892 29 12 235 392 99 295 898 823 384 865 386 715 790 105 961 556 859 56 864 589 645 866 338 671 866 908 666 798 657 270 945 397 26 824 800 738 174 572 728 970 483 126 332 130 563 125 892 636 823 660 65 618 226 607 131 927 850 286 794 642 927 255 47 100 646 950 616 625 874 365 862 740 427 230 739 296 488 821 579 361 110 315 126 705 968 370 317 485 208 595 767 265 873 581 246 735
87 179 853 748 625 476 82 80 311 584 752 288 110 725 212 106 304 431 880 716 582 328 362 457 659 606 457 170 967 196 867 142 985 892 93 839 429 833 581 414 976 28 993 78 504 830 326 398 187 948 147 694 499 174 749 336 461 151 88 210 938 975 424 688 29 312 796 583 701 243 175 976 504 330 281 535 783 367 657 749 852 644 863 517 931 332 919 801 997 250 865 426 942 821 918 798 146 251 970 686
314 858 591 674 321 766 403 144 176 646 431 490 521 749 183 149 127 939 160 554 447 790 678 690 932 762 141 15 745 649 766 742 419 401 599 699 950 964 232 206 355 892 428 756 896 228 86 77 143 169 736 233 366 965 541 501 584 368 585 274 643 955 975 427 582 4 774 773 240 340 529 873 327 221 354 478 704 725 594 226 400 724 955 354 586 368 96 338 745 52 15 886 479 660 861 804 602 591 337 460
723 603 475 725 30 196 842 705 159 241 112 780 488 446 401 243 928 389 628 382 852 338 272 628 608 287 399 696 946 884 420 305 571 249 89 693 620 413 273 411 832 451 243 310 623 224 275 661 597 106 959 134 646 603 784 165 601 744 397 965 742 646 457 803 753 580 443 150 464 81 910 539 622 52 401 365 572 380 496 399 649 657 331 213 750 12 139 388 953 20 791 507 792 952 109 999 54 801 869 781
10 749 421 780 352 573 715 99 646 790 865 56 670 888 774 167 224 735 718 728 921 173 47 263 484 702 549 785 445 807 798 198 475 155 560 795 264 253 616 938 761 884 176 200 768 50 950 55 241 931 315 612 253 400 314 563 387 300 109 182 155 103 451 981 433 726 532 972 143 392 69 0 469 984 506 657 276 228 873 532 752 987 541 126 211 320 437 686 190 755 311 737 965 75 267 507 791 959 36 987
105 77 140 916 242 20 498 813 264 541 45 835 518 373 514 802 864 638 483 408 369 816 532 511 402 51 788 110 824 616 947 775 623 558 191 833 286 694 534 443 314 765 72 411 632 142 241 472 879 922 222 439 946 754 495 856 495 213 148 485 289 989 62 32 664 214 941 228 492 124 969 223 23 232 595 728 520 685 343 98 890 951 1000 464 649 114 607 980 792 748 764 449 110 420 877 483 855 92 754 704
832 428 416 226 513 778 569 942 272 892 922 236 126 107 57 431 643 506 180 735 746 33 134 574 116 484 717 528 374 581 19 900 319 75 160 915 332 480 683 1 685 307 887 556 29 658 432 268 41 314 963 632 95 877 445 686 119 635 6 771 494 230 868 957 44 363 417 784 585 732 124 897 55 963 671 217 433 705 302 246 527 640 929 230 236 313 726 452 728 880 511 527 943 382 900 870 473 823 290 697
858 7 389 908 25 535 743 445 610 136 301 660 282 550 849 42 711 558 175 417 408 804 411 640 570 241 743 748 888 144 315 717 425 295 156 48 600 725 806 436 672 366 989 716 549 480 281 747 946 177 802 815 854 109 70 51 611 23 902 136 995 331 609 517 547 229 554 823 174 212 527 694 8 207 269 329 836 501 909 833 511 244 786 54 24 119 973 422 151 493 648 323 762 227 908 86 648 415 945 170
575 742 808 806 213 106 24 235 973 40 885 512 127 264 201 396 130 974 339 281 644 314 498 966 66 832 4 356 976 856 563 804 748 165 270 242 737 343 657 543 880 547 604 335 271 888 186 67 580 792 450 362 433 985 144 965 158 348 916 704 436 760 305 136 870 466 816 890 781 505 997 89 882 682 738 959 493 229 872 416 633 829 333 669 67 159 907 339 842 914 765 721 716 498 443 362 96 35 726 426
562 60 353 847 516 223 674 47 636 755 734 167 47 627 71 360 740 820 795 946 789 275 623 112 628 910 116 737 614 446 201 11 653 652 540 28 364 371 532 257 910 707 962 994 518 21 63 562 755 458 227 300 280 491 825 68 968 658 244 111 783 772 615 396 960 499 475 822 28 194 554 736 668 477 793 84 939 911 788 66 544 289 656 851 730 168 819 397 301 815 44 618 165 261 965 875 511 284 307 539
524 933 41 720 397 924 103 244 166 162 479 265 931 539 973 920 807 63 51 660 80 7 436 351 504 510 132 700 31 682 296 276 194 258 389 415 486 165 770 782 146 417 9 460 625 162 637 940 842 499 959 269 728 977 150 945 7 510 733 328 435 943 168 825 175 759 974 458 676 726 367 89 880 67 225 853 622 583 671 432 923 847 432 669 79 731 121 785 464 347 84 937 746 335 840 51 528 721 43 846
213 522 993 428 659 349 65 369 900 101 77 468 875 605 506 23 482 66 977 657 691 710 395 513 224 892 358 722 305 939 741 288 695 91 64 922 236 101 208 699 783 284 602 17 326 857 251 936 267 161 586 532 885 257 697 382 323 138 670 841 500 61 830 216 161 189 632 487 800 476 51 929 577 190 106 678 916 499 858 440 169 316 32 284 327 491 276 725 970 231 11 648 457 439 499 904 793 666 80 687
774 275 596 83 940 790 744 472 811 137 492 714 332 963 224 103 23 740 361 182 26 867 936 378 261 706 306 608 772 615 61 287 598 318 92 213 834 588 543 747 74 158 856 498 858 117 13 573 707 474 647 364 878 38 38 702 542 242 545 967 748 724 602 570 690 999 227 499 579 320 413 238 786 679 709 511 766 32 641 402 624 562 884 678 948 326 750 948 391 329 822 230 48 86 27 504 60 538 542 418
938 700 993 499 372 973 910 933 691 154 274 5 753 669 477 141 493 573 272 253 87 54 26 776 348 296 136 297 420 887 856 780 601 669 883 339 691 212 985 576 253 306 519 433 622 854 279 647 269 823 231 421 85 183 973 868 470 277 704 155 409 757 682 203 922 880 23 1000 954 731 616 343 211 228 126 487 912 762 99 429 913 999 698 559 161 742 2 36 578 11 465 497 508 859 733 796 211 269 253 496
109 529 818 150 113 42 234 425 993 836 86 982 166 834 514 61 580 687 600 52 695 796 663 647 522 198 527 836 562 495 972 651 135 933 926 181 973 560 587 880 201 775 798 731 271 700 100 738 32 432 349 417 782 101 982 191 575 152 642 370 913 420 997 430 434 400 137 100 146 596 814 945 617 410 650 763 927 179 121 37 207 586 757 351 802 748 265 811 650 455 313 516 451 69 418 847 870 362 472 155
452 504 332 501 931 154 288 484 118 525 757 757 277 954 533 0 539 950 102 139 931 297 661 343 829 450 999 367 323 103 683 25 994 4 315 940 140 133 188 832 859 351 582 588 652 961 176 370 702 871 934 946 502 54 475 483 457 836 863 486 756 220 681 822 955 115 745 25 70 43 264 661 773 121 209 883 252 681 691 389 139 165 659 669 633 211 873 24 785 780 846 430 808 83 709 1000 248 529 891 878
528 574 683 230 951 405 758 877 260 106 327 77 675 633 26 822 765 308 698 318 487 845 587 568 979 423 966 634 525 72 536 61 409 130 17 325 143 258 478 19 712 474 426 231 635 771 216 786 592 309 64 565 721 972 493 222 133 67 507 979 398 279 859 338 53 997 849 215 582 965 128 929 885 16 991 388 545 197 642 94 860 135 295 292 105 988 327 996 766 745 269 675 873 660 385 465 435 740 953 562
506 653 498 722 80 269 140 915 842 448 484 419 793 902 396 717 616 50 369 650 842 689 428 363 723 709 120 854 592 164 248 913 440 811 722 652 682 599 130 296 449 20 977 471 353 212 374 703 993 751 130 677 807 607 891 56 603 221 548 771 686 707 782 371 773 128 907 791 773 516 928 4 514 204 945 197 63 321 668 750 585 54 247 670 455 695 206 986 140 182 288 721 178 962 299 833 786 340 654 696
817 172 931 230 737 240 908 328 231 517 160 740 821 150 963 557 558 173 610 452 679 667 705 818 856 634 59 157 520 804 114 756 944 869 783 676 516 703 74 958 92 249 904 152 174 344 735 786 243 280 922 929 438 272 329 287 94 664 633 231 544 624 524 146 322 310 843 989 913 947 258 448 629 598 97 890 314 973 88 706 36 871 522 304 443 591 493 570 509 401 296 409 565 838 461 351 731 44 255 665
846 48 757 340 85 710 461 649 532 539 136 269 272 958 55 321 863 925 594 479 163 91 73 722 356 925 201 620 870 19 463 306 570 508 517 209 465 842 964 933 639 293 396 38 968 324 364 43 245 940 159 671 103 491 171 540 665 768 686 581 917 498 91 474 338 440 874 943 645 829 342 381 218 454 803 43 259 664 235 547 482 81 412 592 676 662 56 343 514 852 555 316 281 192 26 244 403 889 836 936
402 74 181 632 339 259 591 579 933 109 399 346 657 15 789 146 477 619 13 117 276 674 333 761 681 7 955 309 911 48 383 773 10 144 814 770 358 348 495 390 336 270 463 93 169 1000 819 113 113 362 23 666 23 304 402 382 473 114 326 871 90 699 544 26 362 509 522 260 64 699 329 78 422 865 931 0 180 646 853 880 886 219 537 99 736 946 566 828 891 302 574 429 634 587 963 191 641 26 367 58
397 155 48 34 606 872 237 63 821 432 608 873 49 787 320 893 643 375 855 377 641 43 875 350 248 706 702 859 399 908 604 895 422 394 673 677 722 311 909 18 864 367 616 14 526 990 478 162 660 350 895 211 821 217 179 511 205 300 638 669 456 576 787 453 28 546 565 158 499 60 125 419 451 955 570 730 687 225 239 187 85 152 270 761 60 429 684 614 860 481 905 221 223 397 614 351 355 625 830 693
157 284 260 473 825 942 692 328 816 406 923 927 764 499 431 863 559 741 914 226 294 536 232 182 462 488 861 298 578 63 472 553 653 726 828 330 964 852 695 17 484 100 116 468 687 912 919 906 121 236 570 760 888 502 699 287 371 343 318 500 671 112 894 784 527 508 310 642 683 99 341 98 362 217 73 144 347 136 568 85 23 469 45 207 753 334 265 409 948 587 972 299 634 139 593 830 66 654 363 963
476 209 733 48 69 497 865 109 314 413 388 129 101 208 150 909 178 839 633 631 837 164 232 406 553 682 398 390 788 235 14 423 629 574 393 449 18 286 430 705 449 40 699 365 480 207 183 409 994 101 672 989 181 457 281 778 300 347 789 222 582 202 18 889 933 999 280 267 687 958 992 766 931 163 451 467 209 581 600 400 310 754 231 477 673 778 280 94 303 284 306 73 811 729 32 201 36 772 755 494
879 341 400 979 81 34 448 550 208 793 162 890 839 474 61 812 529 879 578 381 996 989 529 990 130 318 417 692 622 289 508 638 182 170 431 234 304 402 415 978 904 302 847 251 630 619 562 322 128 399 709 544 54 976 676 613 43 383 221 542 291 686 603 584 937 383 437 703 917 883 347 306 122 4 10 563 700 870 22 610 81 277 99 504 310 699 567 355 23 18 281 161 589 373 924 746 739 792 52 980
375 766 699 54 93 137 340 314 799 677 772 813 590 96 368 200 467 859 977 370 897 982 975 849 664 856 448 673 826 86 392 303 61 329 971 367 232 837 921 690 776 692 891 219 945 102 337 189 184 590 853 153 423 398 559 79 335 162 703 305 824 132 963 386 972 430 32 615 856 430 953 728 513 927 259 244 477 570 250 629 596 983 339 346 898 274 840 715 491 319 249 712 732 90 47 618 560 442 756 733
539 245 912 527 296 475 85 222 367 727 883 713 612 438 438 324 804 669 833 383 851 328 389 925 228 36 773 64 948 269 351 829 19 170 823 463 264 573 218 940 179 72 770 997 146 24 739 370 679 8 576 934 385 425 760 491 419 61 36 704 942 748 51 794 433 822 131 428 572 140 579 613 411 69 476 400 188 923 865 910 561 564 201 475 441 565 427 391 16 115 9 910 653 47 525 558 483 249 517 920
99 853 142 638 408 411 723 578 739 199 564 374 363 87 329 869 622 890 197 927 906 439 288 397 498 847 335 206 217 684 195 665 680 190 834 641 537 0 983 269 210 982 260 74 220 167 866 699 33 614 719 127 900 148 353 246 67 253 873 345 331 466 753 54 555 932 767 216 844 485 517 463 272 251 471 175 396 480 608 744 518 666 135 819 349 156 388 752 660 596 512 310 640 356 698 421 900 882 560 33
539 792 533 351 422 752 610 31 830 755 922 943 256 243 365 468 126 325 324 799 607 597 976 153 825 551 538 67 62 707 61 422 716 59 374 54 770 425 851 131 14 131 382 262 894 198 239 564 597 80 374 193 429 729 123 971 499 414 130 801 905 335 781 866 407 932 562 497 615 922 499 926 171 973 659 318 55 466 254 973 860 914 742 583 713 798 654 235 595 640 687 588 713 12 707 260 355 906 358 113
771 361 683 399 779 574 478 599 178 273 883 871 851 116 937 100 95 955 499 653 615 197 684 726 596 489 135 146 658 91 207 954 216 627 368 976 184 837 983 927 429 808 58 648 315 621 690 755 545 805 655 382 683 386 385 72 521 626 944 278 649 934 683 983 906 595 125 335 520 11 783 842 496 304 150 702 917 430 798 323 423 873 798 774 538 844 121 36 449 98 65 158 418 212 884 584 50 565 641 677
564 226 958 696 712 1 526 643 525 207 677 26 124 565 507 721 682 403 539 519 223 22 712 391 13 992 139 993 491 207 552 926 534 590 894 706 742 957 897 700 35 378 982 18 287 119 299 496 84 25 390 907 768 127 307 770 894 119 206 442 732 727 541 961 337 314 63 943 484 44 781 982 279 486 544 306 825 637 22 207 424 877 241 245 547 583 383 300 336 48 684 932 756 548 422 23 146 551 251 592
384 753 479 852 137 908 115 905 399 663 870 537 193 830 805 157 437 497 259 209 870 910 680 236 354 504 876 323 143 748 284 113 934 205 436 861 5 893 590 164 728 752 880 210 29 936 440 135 111 627 664 432 980 644 751 95 609 715 62 795 582 258 345 744 519 709 944 135 241 468 936 685 822 232 28 798 853 149 242 312 378 928 678 679 361 877 822 537 792 866 879 800 244 378 160 465 728 510 498 285
62 41 40 997 830 328 846 5 300 112 395 749 456 101 690 946 738 601 530 233 715 933 870 586 497 611 409 786 160 568 728 982 996 482 825 761 619 226 711 598 866 209 446 795 572 855 137 531 275 384 916 575 246 683 229 775 985 876 52 472 958 529 878 466 656 780 428 252 508 693 304 6 783 57 204 175 286 918 448 557 179 697 795 904 270 171 911 893 880 751 220 615 730 681 620 898 861 267 152 698
182 507 68 225 363 615 392 554 596 589 235 328 868 187 218 615 66 103 9 969 847 305 575 953 148 388 911 622 840 962 958 882 101 619 331 34 934 394 421 940 329 807 856 476 406 23 621 363 907 578 897 100 310 472 17 843 307 142 479 498 223 578 486 955 28 715 318 944 124 661 685 949 639 748 343 974 973 93 612 42 426 385 641 533 748 103 154 759 128 796 797 956 189 180 123 335 906 922 430 277
365 975 818 576 489 1 722 768 641 280 218 209 466 681 457 767 189 362 706 208 777 777 953 439 489 460 66 747 369 849 490 393 786 559 845 600 442 482 38 930 242 954 302 306 93 744 991 789 14 934 735 325 889 946 311 538 616 69 310 899 534 766 783 858 993 555 826 769 719 138 417 437 621 644 43 69 3 995 958 510 885 254 250 533 707 952 818 607 25 570 56 366 157 502 248 373 167 241 106 540
949 42 208 649 147 106 544 55 736 518 245 284 815 659 996 85 349 710 641 802 550 800 554 4 723 613 475 930 208 741 473 232 423 255 114 880 318 67 416 346 745 185 807 356 10 764 781 355 617 56 222 371 557 223 867 145 995 286 609 213 656 645 357 897 340 480 386 905 193 636 1 86 31 571 228 493 647 188 479 851 440 55 483 110 707 882 356 182 219 782 583 427 792 835 998 401 995 845 856 307
20 654 352 641 715 419 102 62 422 822 719 385 756 313 331 823 891 160 963 180 933 276 620 719 127 690 323 562 98 107 896 888 825 730 23 478 971 423 579 942 505 495 940 710 945 217 988 295 75 378 335 412 265 425 250 884 989 361 992 116 703 309 342 881 800 881 510 19 343 249 0 462 964 715 716 690 63 912 749 751 225 841 905 24 138 80 234 430 652 372 401 382 642 452 130 158 987 69 92 115
922 300 658 580 199 146 942 442 930 893 686 363 210 571 809 583 450 172 848 664 924 127 975 495 494 906 768 695 173 752 1 387 135 307 799 668 530 517 571 508 561 67 902 657 912 9 196 940 987 314 118 208 478 452 744 134 560 140 400 34 998 676 773 993 702 129 932 365 667 44 811 814 787 986 716 998 140 8 949 138 247 905 82 852 387 144 653 242 90 785 203 61 555 752 158 148 308 727 922 87
780 567 958 912 570 926 646 467 544 215 581 738 160 16 669 346 132 882 141 358 691 35 602 726 768 724 243 719 641 731 647 804 261 116 648 158 634 568 29 957 645 762 73 369 279 764 204 368 839 487 550 701 712 671 509 662 635 780 657 803 119 516 770 933 99 278 825 343 405 9 83 536 185 325 557 981 946 448 395 528 638 402 306 877 415 625 502 594 50 403 754 154 519 564 949 20 858 38 732 229
532 801 826 222 285 854 259 223 762 783 593 30 560 793 592 349 732 308 108 251 157 912 513 969 368 58 128 743 705 721 594 199 920 72 841 702 209 501 651 68 912 401 305 138 444 50 92 901 738 158 800 167 998 298 635 481 479 818 268 892 726 930 708 116 921 395 348 853 441 584 874 806 332 726 877 493 876 85 725 837 280 392 839 190 847 363 306 357 273 372 302 340 796 87 21 18 869 168 757 748
542 495 463 842 168 933 222 3 174 952 363 768 905 618 544 376 241 294 209 475 815 847 519 114 566 50 3 600 626 700 205 43 970 217 745 508 889 541 593 222 90 878 76 370 860 436 147 110 666 821 901 293 756 145 799 470 892 904 382 822 743 999 15 489 624 236 553 257 736 26 835 540 765 741 69 947 729 827 487 860 531 688 420 323 292 375 982 124 646 709 37 682 754 585 848 525 391 894 373 653
408 132 814 246 0 715 723 305 116 981 953 246 599 958 374 722 872 958 614 722 813 344 375 103 513 434 715 863 946 962 111 218 590 66 702 672 865 534 390 896 539 103 357 870 818 92 769 612 57 826 105 520 664 846 533 19 386 844 97 529 385 933 56 463 118 412 745 599 713 311 51 327 853 850 237 232 727 920 388 807 283 441 466 73 886 820 323 542 946 770 658 476 205 676 773 860 808 82 423 106
877 512 877 507 446 888 442 10 412 365 24 794 992 307 987 802 32 979 791 520 512 658 662 366 895 181 199 390 614 852 757 772 760 232 92 759 76 570 216 266 802 917 638 971 181 582 688 736 600 24 516 717 896 978 261 866 36 446 448 515 871 49 166 390 273 256 823 803 11 638 790 755 972 78 306 963 830 542 196 549 264 845 220 166 929 896 903 18 683 383 745 379 636 685 201 161 695 453 724 591
209 867 620 293 822 890 337 494 653 993 671 79 146 11 45 422 558 19 846 963 225 888 524 853 745 27 739 300 205 1 607 899 241 564 96 968 349 480 563 401 316 367 173 278 754 876 858 677 725 964 29 262 998 516 487 356 740 602 852 720 670 289 790 823 506 518 680 140 961 513 989 477 55 873 521 206 616 325 249 359 431 710 940 552 298 625 606 204 596 396 534 988 910 48 153 537 158 18 674 136
272 100 47 678 654 925 445 101 254 473 519 742 862 655 159 740 40 172 668 437 515 581 422 656 707 607 256 353 353 543 703 791 787 393 547 297 413 619 136 78 348 319 273 908 344 376 806 2 426 599 769 975 133 140 164 508 644 771 972 486 65 145 44 233 409 161 747 155 503 613 743 956 182 421 285 300 946 444 337 954 362 546 558 508 843 491 789 62 145 260 254 132 95 201 422 244 112 993 670 123
16 316 699 479 203 849 124 156 487 912 888 73 78 142 445 905 445 34 212 832 143 435 490 134 724 814 76 773 664 83 937 989 133 268 657 179 885 315 886 631 213 938 328 364 106 885 320 495 569 445 703 400 825 506 708 497 306 970 847 200 708 921 865 126 444 127 396 719 719 177 123 218 904 146 647 319 219 518 479 509 981 831 749 515 417 910 447 589 230 57 65 538 433 161 580 967 670 651 21 616
744 335 480 862 32 913 612 894 351 383 483 789 233 126 693 988 711 257 372 557 628 823 514 180 33 697 977 897 390 77 360 853 301 523 696 122 633 209 125 552 739 531 863 243 826 290 614 68 308 471 1 259 330 126 304 166 364 928 823 511 208 944 433 486 109 994 160 21 300 791 227 783 479 248 215 919 184 453 933 759 894 826 388 563 43 523 685 983 319 410 478 202 982 816 575 699 995 194 197 108
435 8 487 413 787 550 327 115 138 550 718 502 134 838 631 286 629 112 988 142 812 242 126 41 467 295 192 546 517 653 841 418 831 603 123 898 779 752 830 411 633 109 235 506 76 552 558 616 160 42 320 590 550 459 112 902 14 175 636 246 742 747 240 22 658 513 919 668 644 93 701 590 555 591 771 246 779 432 96 39 519 251 183 264 439 419 713 497 632 915 805 831 225 523 868 169 167 256 127 635
837 799 202 853 294 242 899 87 785 278 170 305 984 987 894 812 773 319 44 143 501 395 618 570 909 536 457 562 617 99 750 252 720 4 564 350 349 898 85 175 555 125 694 69 924 162 862 237 706 22 290 818 720 150 104 653 854 696 406 3 145 622 596 675 104 341 694 192 126 852 859 945 461 374 294 873 748 607 244 257 441 908 880 139 680 341 617 336 619 589 281 66 788 321 266 441 592 940 921 326
392 808 316 895 820 936 885 85 754 589 400 931 647 639 868 476 538 777 249 721 746 774 56 106 232 973 881 526 139 667 465 77 924 257 362 51 647 221 166 645 854 820 485 406 595 599 913 954 62 574 888 15 564 650 70 590 243 105 841 970 339 418 518 754 584 143 625 1 595 269 978 9 635 164 462 410 711 177 958 394 888 993 881 943 861 930 702 644 28 984 489 57 14 186 901 245 83 185 442 605
824 562 916 897 113 27 943 850 985 71 453 555 165 740 387 693 750 503 948 65 407 102 12 351 1 530 606 174 298 742 31 428 409 314 877 588 494 493 943 884 895 501 960 54 535 310 690 34 85 862 169 571 971 192 932 1000 663 539 805 494 762 800 215 814 155 904 47 179 614 364 197 982 882 905 607 180 214 97 220 216 295 597 565 139 301 442 412 977 184 862 949 225 897 278 282 836 29 971 848 94
744 785 942 829 863 45 670 317 50 749 836 639 485 947 746 801 895 168 462 892 352 929 220 893 973 928 141 429 951 258 452 971 725 690 222 314 21 631 740 868 646 647 242 477 447 877 509 703 56 221 150 720 428 884 815 639 923 299 673 262 387 656 866 529 43 280 886 209 765 491 888 898 329 266 987 809 457 307 725 491 816 703 826 588 405 913 525 505 465 362 856 504 758 290 23 39 984 836 666 416
677 233 967 273 734 811 35 953 442 496 219 644 979 606 465 838 704 368 231 318 733 533 315 812 122 806 304 692 567 408 942 166 295 842 478 390 594 228 338 176 875 339 868 31 876 63 804 21 1 18 56 815 724 770 971 358 139 1000 963 678 828 423 624 530 654 177 12 597 56 3 513 802 226 754 28 251 91 849 815 418 662 453 912 52 721 543 880 77 710 619 65 321 614 493 2 866 149 99 184 799
158 79 107 505 856 883 729 884 287 962 483 864 271 70 598 183 866 291 252 114 896 249 807 408 133 145 815 584 737 721 835 73 89 789 657 169 615 84 44 630 466 470 828 335 827 837 399 546 310 527 113 568 936 940 306 814 94 423 729 926 163 297 664 730 169 13 273 76 748 755 698 50 702 403 345 369 692 245 219 975 571 680 539 144 183 934 88 499 995 250 763 923 582 203 495 954 864 669 428 538
58 61 414 783 656 304 66 119 539 804 456 588 902 667 937 95 560 865 607 664 726 720 615 109 24 190 861 927 552 903 177 69 970 315 122 379 159 199 625 991 480 849 506 607 605 620 909 299 588 821 79 950 112 462 982 178 129 648 80 882 487 304 292 119 369 72 442 100 75 177 988 896 139 307 370 206 809 467 661 576 600 520 68 640 999 705 599 205 954 583 279 207 494 512 176 364 154 750 152 568
139 768 464 362 598 141 771 371 893 320 22 460 505 227 840 449 766 971 832 372 794 862 171 36 488 619 372 6 224 199 658 251 143 356 611 481 752 959 710 817 655 407 168 453 890 944 157 306 802 813 439 248 575 392 651 40 311 701 186 273 224 755 277 641 218 197 768 641 835 710 908 199 841 634 866 771 751 394 676 454 607 613 656 396 40 14 358 882 405 17 784 315 193 826 229 574 152 959 56 126
316 923 984 463 925 514 929 627 955 59 259 989 452 194 222 949 369 150 140 321 872 88 726 26 537 293 517 329 82 891 360 201 747 859 778 7 287 430 679 265 400 521 382 556 737 846 485 18 224 250 386 751 367 387 818 224 154 671 366 259 32 121 517 884 798 989 308 882 415 382 827 177 738 7 604 991 563 451 407 139 707 3 631 527 82 936 235 185 753 334 362 565 732 906 205 380 439 986 142 756
937 816 302 910 284 469 351 251 553 647 181 76 408 666 374 184 99 618 293 232 167 271 119 635 729 800 715 104 820 305 868 876 722 908 272 317 524 443 734 523 147 423 53 641 81 614 477 340 658 737 182 935 948 385 402 334 843 626 785 332 511 223 857 381 266 708 489 252 328 864 389 253 883 782 517 929 46 603 274 298 380 334 109 636 992 657 373 84 28 982 471 639 535 680 333 909 775 678 22 461
86 221 731 897 884 309 679 686 95 683 329 446 102 726 420 592 689 417 787 505 52 736 835 785 829 435 153 596 1000 514 476 553 169 506 0 234 778 553 414 295 730 451 433 423 563 686 176 928 369 393 186 48 567 670 237 572 254 455 184 497 477 844 796 773 593 250 615 148 847 692 657 591 485 187 202 148 447 523 670 165 28 939 491 178 284 61 34 382 774 239 32 783 419 841 175 51 816 657 280 842
752 661 530 400 254 458 897 182 394 774 573 382 169 375 458 876 469 134 159 864 142 721 253 96 253 648 642 691 329 651 484 516 332 16 591 944 401 478 25 524 533 832 617 688 406 451 162 477 373 879 262 221 740 531 412 463 628 578 461 137 499 510 642 256 246 437 319 900 558 728 926 109 960 465 854 190 249 403 875 781 111 94 27 998 119 870 295 790 214 239 71 350 456 806 982 975 702 541 220 309
890 963 12 661 308 841 418 299 176 710 546 702 19 493 375 441 158 724 330 664 240 682 147 339 448 351 48 288 186 626 798 230 847 874 802 270 130 591 595 243 423 398 92 758 594 240 821 270 512 312 453 592 554 495 8 488 742 10 678 466 775 671 866 462 269 50 465 519 992 609 956 212 1000 8 431 104 135 317 129 165 989 209 704 782 735 596 332 513 1 282 596 25 933 434 339 435 180 820 520 605
683 58 975 994 943 820 870 942 604 674 67 875 884 965 60 885 718 292 439 269 671 934 855 165 358 177 231 74 40 394 982 144 651 780 624 530 654 308 904 286 859 739 237 726 238 13 389 82 821 43 637 993 120 513 33 413 978 348 623 556 617 787 548 716 776 801 511 571 537 179 503 930 70 841 745 563 677 787 904 931 912 800 698 100 726 777 870 207 524 614 963 26 872 595 241 773 414 283 625 524
945 629 439 402 368 242 689 261 269 181 560 457 797 414 471 39 124 297 399 834 359 506 35 970 442 879 958 928 90 56 829 697 813 181 179 829 372 368 123 131 831 714 460 582 969 300 445 756 530 220 92 804 267 869 347 877 624 356 345 633 84 271 880 978 538 960 232 225 114 181 407 340 201 196 172 352 318 615 195 504 84 209 680 53 580 609 503 3 378 395 263 215 380 618 619 549 504 206 607 698
782 184 803 801 943 205 319 220 717 849 996 245 998 711 1000 921 165 126 487 851 886 729 451 398 859 230 621 390 114 324 101 793 554 755 982 22 930 498 995 474 25 873 859 537 195 883 610 599 895 837 913 834 658 251 641 471 498 276 419 492 836 192 857 125 278 403 451 329 614 28 323 253 866 555 362 281 421 986 691 50 610 881 341 117 22 861 469 649 549 383 187 735 349 743 91 333 956 758 107 261
211 849 21 423 310 207 692 549 668 208 753 564 529 282 725 490 314 464 211 941 912 573 159 883 202 600 183 95 491 894 597 371 977 592 356 546 147 743 343 730 392 187 597 388 654 544 191 409 254 339 985 690 915 608 488 65 689 14 242 115 351 795 230 715 94 95 160 228 835 880 86 121 9 227 242 697 278 564 527 430 500 589 602 488 385 533 182 470 487 1000 628 135 237 920 271 129 958 541 843 25
761 109 422 209 829 730 350 575 174 39 339 992 696 574 902 408 91 578 520 160 601 552 289 517 183 978 769 463 725 122 967 351 975 166 137 356 183 866 1000 305 463 244 229 303 471 884 803 366 866 5 58 956 119 367 965 188 470 886 846 246 277 786 807 467 783 637 946 64 627 517 199 135 581 460 671 562 418 577 872 764 833 634 535 971 185 381 337 840 836 251 472 211 304 115 701 213 141 295 881 303
391 573 375 169 700 765 462 173 270 586 264 387 331 794 658 732 173 621 491 348 595 100 991 676 718 44 45 567 334 757 240 995 465 24 506 73 46 652 607 395 143 921 960 992 163 250 678 240 907 500 336 486 371 403 443 979 598 849 54 591 765 38 772 241 406 722 799 663 670 991 667 113 91 22 654 372 216 391 357 186 999 292 551 573 389 251 549 771 309 442 184 989 758 861 393 554 215 557 176 411
318 357 446 450 969 600 698 745 629 994 643 520 170 395 747 501 524 571 998 95 109 528 691 517 449 579 342 370 317 507 600 925 248 893 937 2 110 702 780 651 141 879 94 834 590 276 81 344 520 543 831 450 255 937 574 863 999 761 363 778 679 982 293 504 97 266 187 734 491 172 170 639 625 408 409 402 425 310 976 720 23 387 280 26 715 449 356 185 114 185 782 76 185 221 799 841 506 524 802 723
162 653 549 214 750 189 854 134 790 678 304 894 925 111 195 481 367 907 251 957 970 700 976 947 846 255 859 575 960 576 638 766 113 340 368 923 385 109 541 205 942 710 342 580 46 383 610 172 575 611 93 982 560 953 20 534 320 748 613 695 15 747 33 265 755 596 347 973 208 672 865 583 266 225 312 241 665 1000 852 790 174 475 794 207 597 280 793 826 878 827 595 132 702 951 959 534 221 162 509 77
279 939 442 25 187 645 488 166 91 389 326 436 557 558 642 804 909 189 879 660 731 895 742 710 702 971 385 482 328 471 16 970 349 403 341 64 348 578 250 398 787 726 84 437 644 677 463 976 569 129 796 528 134 844 160 629 678 764 851 15 381 237 481 519 821 207 86 490 751 453 235 250 578 998 192 512 536 561 565 371 289 893 795 257 379 167 932 731 187 348 754 522 803 302 74 789 445 927 850 246
803 455 68 176 75 684 867 533 154 238 610 238 295 633 475 977 929 77 260 869 692 944 634 588 471 558 3 624 429 867 648 934 469 370 483 792 570 93 200 714 832 433 187 628 119 369 197 550 531 935 481 20 677 428 623 264 665 341 349 738 423 405 197 854 472 569 833 1000 461 669 308 53 994 105 951 263 757 997 357 717 74 526 455 298 791 52 484 989 760 607 472 208 457 958 361 439 344 827 250 772
922 121 149 128 458 298 566 35 904 43 721 727 226 859 775 282 476 482 780 138 762 677 558 673 877 187 103 575 782 394 818 930 573 170 319 537 457 411 203 255 85 563 49 997 22 393 310 932 492 285 332 103 910 979 686 515 641 319 548 73 111 109 441 622 793 536 989 825 377 729 494 506 105 626 749 762 20 395 862 58 650 455 447 228 405 238 872 400 413 142 11 275 635 224 528 26 27 263 349 773
55 633 491 107 697 713 380 995 211 711 963 366 748 112 64 252 134 873 542 623 185 295 894 753 510 130 763 747 384 339 162 938 796 307 416 839 497 107 571 464 320 717 583 476 998 925 891 176 243 311 813 392 454 688 965 99 80 942 736 58 380 171 594 223 353 98 832 195 434 128 733 776 519 945 96 439 15 41 283 278 361 209 611 716 982 182 163 430 154 999 756 976 967 166 223 260 67 127 973 214
108 60 279 809 865 93 573 814 112 665 371 967 323 166 158 216 573 629 961 996 403 302 716 274 487 131 45 659 484 410 955 134 557 825 299 886 476 801 74 385 781 480 970 497 733 991 54 31 504 168 561 103 900 167 515 558 892 440 19 725 961 125 907 878 785 271 761 907 269 864 286 283 14 17 948 175 25 152 309 792 158 352 602 126 514 843 312 899 487 71 366 258 937 510 751 597 317 466 554 204
880 714 75 684 40 632 435 685 92 522 404 905 702 796 457 939 789 954 813 461 506 362 191 337 264 738 543 363 949 163 849 81 910 4 224 688 289 67 160 324 20 643 128 945 763 210 287 1 41 509 701 175 423 586 42 720 423 797 901 486 969 215 664 257 508 546 440 211 51 146 970 903 567 109 528 575 642 772 776 762 267 557 746 871 378 843 73 870 271 782 194 976 582 493 950 76 602 33 946 992
495 838 740 709 781 94 453 784 205 633 730 832 123 389 298 868 940 567 647 627 963 40 235 555 615 874 548 551 604 232 928 909 849 947 454 941 96 928 91 253 595 771 473 20 858 736 209 127 328 858 506 264 8 918 317 60 832 969 75 350 356 28 870 481 216 459 920 932 36 371 673 35 985 626 970 757 146 839 255 369 602 657 512 469 328 165 980 259 174 3 884 105 7 164 396 440 421 727 582 753
778 697 935 354 266 767 748 5 905 872 841 119 381 472 688 568 98 33 973 241 850 429 303 742 837 928 519 770 804 832 555 65 496 736 691 443 408 0 441 56 461 693 738 724 881 634 181 256 798 325 930 87 976 489 393 244 200 544 307 467 181 487 128 56 938 356 665 851 85 356 424 391 227 354 964 850 357 343 618 752 378 751 469 329 43 442 466 681 162 834 9 572 917 179 884 508 812 84 116 287
158 113 428 86 76 814 324 382 693 755 486 116 197 416 888 165 7 621 327 495 599 215 918 887 271 687 999 330 719 872 287 398 735 274 403 906 672 165 868 647 447 212 290 227 398 710 866 142 929 579 876 929 595 743 555 411 668 960 537 433 547 788 447 379 110 332 143 460 164 243 334 898 162 781 347 748 174 177 322 419 225 994 469 456 455 208 753 827 493 304 600 695 826 158 795 954 262 657 155 326
977 22 87 227 706 503 883 266 143 699 61 7 641 893 342 546 389 195 706 717 195 979 550 678 546 896 113 451 880 354 993 494 532 46 33 140 760 203 595 223 780 152 902 461 155 873 628 986 104 612 459 910 671 773 888 124 18 384 107 632 38 172 506 850 648 993 749 339 386 205 578 6 450 697 80 323 178 307 469 95 708 697 877 730 34 264 462 898 665 425 583 332 36 661 933 819 133 525 671 783
833 554 569 421 923 96 977 349 406 55 491 236 53 377 987 545 746 267 540 208 747 499 453 200 779 223 973 217 164 892 15 485 856 80 862 656 601 433 265 442 986 928 158 355 373 569 998 538 233 161 50 558 389 154 635 591 616 612 598 884 918 865 853 10 156 705 403 625 403 390 434 971 967 236 651 348 857 988 969 546 308 733 844 179 202 856 277 33 990 358 19 564 474 564 687 916 447 734 18 222
423 898 570 667 11 518 468 951 576 310 779 404 361 415 613 96 122 113 546 476 604 770 449 322 430 952 669 453 318 230 679 216 127 479 404 965 915 199 551 449 620 192 86 461 145 240 932 558 605 271 427 11 171 365 559 422 729 882 127 62 4 507 152 392 196 446 206 149 329 23 971 279 578 300 233 972 785 537 436 179 822 930 887 427 885 507 163 292 358 431 646 978 212 444 31 658 677 683 88 943
215 106 683 784 404 845 42 326 953 183 244 682 9 5 399 988 765 529 128 402 644 298 107 345 899 673 620 150 264 548 435 750 388 662 778 974 830 659 726 82 941 294 727 102 387 721 116 319 507 315 694 139 144 147 283 661 768 193 271 700 296 632 464 703 543 809 20 884 87 705 159 202 553 267 458 263 459 164 586 496 71 541 933 914 857 794 393 457 458 539 187 329 797 443 895 431 506 996 748 577
695 543 164 334 887 701 331 980 761 548 610 109 878 141 456 795 275 67 266 102 142 257 765 35 990 416 735 679 948 80 974 563 392 610 340 734 964 951 339 317 406 522 559 115 541 436 36 733 579 30 370 513 196 185 71 340 474 158 240 800 267 564 767 237 185 280 24 336 771 63 812 497 838 63 954 800 711 339 370 887 409 179 64 692 479 507 951 328 395 935 416 323 622 730 382 551 469 416 987 260
431 946 916 875 23 111 17 478 123 577 90 426 157 266 118 829 746 332 582 835 876 246 555 483 341 71 829 907 869 972 966 781 286 85 444 938 680 755 529 628 230 34 959 298 832 523 173 406 123 733 749 864 817 723 84 276 215 917 288 867 184 943 699 292 98 994 859 183 221 141 424 483 486 588 68 408 924 111 294 461 793 218 217 272 456 251 196 566 732 932 357 401 474 330 62 6 691 129 985 69
293 845 881 568 398 982 812 27 696 165 854 348 478 449 834 471 561 821 984 385 5 510 938 933 590 841 854 27 636 134 625 318 548 372 593 680 826 636 778 741 231 908 638 526 476 327 395 957 124 358 312 446 440 982 522 756 572 246 38 707 279 28 163 539 417 672 907 487 105 431 123 288 462 836 247 791 780 874 257 183 909 446 580 519 214 554 686 142 833 321 660 473 274 33 369 289 645 92 140 147
604 700 296 13 947 737 967 568 267 470 912 262 899 962 694 589 72 165 222 218 68 987 910 266 530 506 50 127 979 878 183 908 583 622 930 220 686 311 536 622 979 700 630 587 151 568 628 243 514 123 585 258 525 549 652 311 481 921 197 927 124 357 871 457 196 758 878 310 153 990 589 700 452 924 632 150 329 466 857 553 653 347 828 731 605 695 6 716 134 529 140 303 116 555 306 421 393 69 635 336
474 36 311 304 553 107 115 794 733 485 893 727 796 198 395 69 773 933 278 440 901 142 551 593 138 319 22 568 288 544 331 900 216 985 684 330 247 184 830 706 775 616 819 525 865 448 421 205 260 574 277 928 589 869 598 567 463 768 77 122 854 453 987 215 793 282 585 359 503 724 393 237 673 52 332 142 164 694 232 657 157 772 787 515 958 655 708 571 288 635 606 367 862 562 591 735 990 692 926 26
297 410 253 270 788 920 167 862 588 243 884 545 903 786 525 421 60 570 328 483 871 714 55 611 407 917 541 860 475 706 426 210 795 308 619 738 537 285 620 504 795 481 612 624 95 934 552 564 833 991 959 205 719 577 907 246 260 389 968 161 244 904 635 89 781 413 495 982 185 903 924 809 938 563 558 313 984 751 664 948 638 858 447 533 190 104 665 269 80 132 497 430 954 267 563 717 357 223 161 782
919 399 553 353 760 982 41 527 345 327 680 249 137 772 23 728 144 298 791 783 497 647 228 657 88 780 864 373 598 569 653 337 36 898 990 787 672 67 77 316 38 594 214 716 987 711 840 560 851 787 664 598 858 232 975 950 764 726 498 666 80 982 806 487 536 340 466 302 266 971 115 951 216 638 254 870 734 808 318 872 289 609 986 240 444 26 615 115 323 658 747 116 130 330 602 95 757 203 853 611
272 330 658 794 435 296 614 221 108 880 499 295 684 29 122 188 539 155 299 26 179 601 787 985 107 948 763 466 922 403 53 251 321 502 756 599 847 687 557 297 553 841 871 493 88 850 505 16 444 802 418 654 90 413 650 637 461 996 114 867 137 176 589 121 265 837 461 958 344 238 537 841 668 261 230 879 607 958 902 840 523 323 419 579 918 873 473 608 397 728 105 937 130 428 762 328 725 472 475 621
861 838 509 158 54 596 821 757 901 332 781 248 785 39 72 794 559 406 297 866 422 302 968 319 701 822 988 58 395 429 530 19 492 187 475 431 209 669 802 615 523 492 183 783 752 740 967 255 612 556 104 70 83 154 189 864 28 923 299 37 987 965 408 142 22 565 623 522 929 481 153 211 439 928 898 384 15 665 708 352 318 867 24 353 875 568 307 280 499 268 504 478 147 394 148 447 776 617 951 557
743 172 663 861 960 905 446 744 814 901 619 464 744 369 825 493 895 729 35 807 633 389 336 801 347 215 311 265 897 844 665 784 688 637 245 811 663 575 436 922 368 772 236 798 849 596 172 306 592 588 264 594 245 944 715 887 65 634 92 563 397 145 305 926 905 703 936 289 357 517 852 148 899 3 96 263 320 9 311 229 376 994 797 802 907 443 863 467 477 590 358 88 117 401 751 920 138 665 460 325
710 941 282 400 759 550 492 208 365 874 362 579 843 843 176 493 424 550 13 826 16 88 446 435 805 468 583 929 824 220 68 134 393 583 751 367 187 7 679 578 448 752 782 762 802 168 538 771 543 352 569 39 197 922 927 353 260 441 829 404 79 55 918 989 560 527 54 170 701 674 844 882 81 530 206 811 662 431 202 134 477 869 972 842 348 520 43 483 849 737 389 782 190 404 457 971 193 879 152 865
186 818 117 308 265 740 409 705 740 481 115 113 498 805 667 260 513 121 340 44 522 873 194 547 195 224 865 624 225 244 415 187 859 799 73 462 171 250 530 439 845 275 829 316 623 151 309 308 135 173 419 488 245 467 867 449 363 498 446 57 889 254 141 575 313 44 668 974 132 390 760 701 752 414 674 987 946 186 974 405 808 180 276 785 777 721 941 679 176 6 708 556 913 750 443 667 749 988 541 52
502 171 618 412 901 447 151 710 411 873 950 33 848 475 376 443 436 357 501 23 983 627 157 367 152 518 645 508 981 881 416 792 928 863 314 540 196 738 696 769 76 607 697 820 584 889 970 542 86 821 911 954 754 160 556 965 979 128 519 383 984 925 917 219 632 488 756 674 853 249 481 230 669 165 323 627 537 914 694 859 59 686 146 334 537 722 712 809 785 897 493 486 93 771 908 974 156 134 734 141
357 81 880 679 299 470 592 892 671 968 552 240 79 185 429 562 241 418 236 185 898 171 873 392 947 905 768 711 626 489 982 949 962 926 61 616 497 344 631 123 647 282 201 199 365 634 250 694 604 677 8 346 36 408 418 506 645 681 304 304 158 519 738 757 418 132 23 955 667 23 793 980 29 46 196 787 974 499 142 919 826 213 867 903 830 892 24 504 37 497 537 774 349 45 759 936 587 837 673 19
931 347 6 102 545 77 980 722 289 635 582 62 797 397 84 563 220 684 162 126 134 119 907 288 206 102 386 392 80 129 128 220 477 53 337 384 318 461 649 834 440 177 160 463 612 414 771 640 55 181 485 891 518 349 704 111 242 522 911 284 639 571 59 717 834 739 423 680 751 810 458 889 880 662 354 3 434 25 924 60 706 764 282 215 47 972 565 350 140 803 20 37 730 926 196 493 274 580 225 384
556 755 308 146 55 825 368 311 767 55 973 288 377 955 114 942 563 271 592 579 360 602 479 896 616 468 926 601 956 766 535 743 2 447 739 106 942 198 894 716 590 545 496 47 569 190 984 138 871 797 821 277 506 244 105 257 99 252 177 839 997 957 997 497 708 631 26 757 719 559 247 963 160 338 683 973 956 709 722 244 120 431 531 536 822 682 700 890 843 719 522 230 161 328 523 523 336 226 839 788
934 727 520 996 130 903 430 273 644 406 801 101 505 822 665 608 606 722 886 761 445 301 293 249 581 224 575 25 679 531 927 391 827 789 657 5 93 736 980 872 613 21 826 862 179 467 960 682 694 248 359 345 490 249 839 325 522 73 22 710 262 492 606 490 992 710 511 26 104 284 306 536 766 704 8 374 353 585 353 882 846 956 592 857 340 776 806 731 443 41 604 275 884 797 907 438 931 895 352 565
166 713 270 406 740 608 152 352 294 100 859 177 951 41 994 18 369 315 678 184 925 698 968 745 41 845 157 502 818 789 444 192 624 928 766 884 483 670 571 617 558 476 61 905 782 439 87 587 409 603 772 85 684 12 310 312 434 851 618 35 147 739 134 431 320 753 212 508 232 928 753 787 53 288 94 512 835 878 272 239 941 673 785 215 661 696 226 555 611 198 21 163 328 178 294 152 321 890 175 611
339 362 748 767 477 274 121 648 580 351 96 950 865 71 345 202 453 930 685 992 85 48 942 50 132 239 125 161 294 888 608 597 225 194 357 597 542 747 850 108 312 240 330 909 3 449 447 212 677 948 357 970 970 534 438 187 191 632 632 378 177 697 36 476 573 819 634 19 220 305 703 661 833 69 765 810 998 577 778 286 447 80 104 824 392 909 975 589 167 189 400 127 621 460 71 702 184 216 589 277
779 860 861 716 849 329 150 759 932 49 693 929 377 874 565 142 436 550 386 309 791 874 218 339 27 30 807 505 717 662 437 617 772 39 618 183 843 510 143 640 767 119 802 217 3 821 8 550 1 190 298 945 322 711 376 193 8 692 784 584 227 716 888 258 803 988 663 568 453 198 634 331 708 241 900 985 812 517 499 333 193 952 943 432 304 762 599 491 283 45 909 107 250 990 515 193 347 338 696 964
83 967 589 773 88 421 502 716 125 759 82 318 936 549 217 555 565 538 453 9 366 63 705 923 871 823 589 327 609 206 524 410 406 276 891 295 260 854 776 756 770 46 295 8 691 691 794 668 224 676 271 777 966 25 218 576 415 385 294 409 375 612 649 463 457 545 574 785 496 569 884 379 46 248 139 589 245 228 51 394 906 706 674 868 203 734 657 667 633 396 437 931 333 76 556 781 921 350 807 969
339 302 718 746 207 417 193 604 64 376 96 138 503 457 302 300 198 184 545 415 370 625 957 229 583 745 238 504 680 550 569 373 972 442 672 885 119 338 390 545 831 549 706 219 207 800 302 29 733 594 443 965 826 961 817 883 900 675 244 348 986 931 412 293 741 273 211 265 547 522 928 56 700 962 7 582 925 130 712 522 470 967 423 628 268 545 545 126 225 490 281 698 50 602 985 867 408 784 414 977
425 729 984 464 289 917 438 930 943 243 766 649 225 428 468 945 716 406 199 366 765 795 639 719 441 33 746 569 247 856 14 391 145 655 914 324 902 157 510 182 501 392 39 632 859 110 650 802 407 171 205 230 276 496 346 448 35 183 664 471 57 146 864 175 202 639 202 957 144 248 68 870 197 962 487 682 285 46 604 335 226 894 652 464 850 99 50 447 719 109 246 45 104 749 109 562 212 201 518 900
625 467 368 621 167 136 614 311 378 251 791 569 830 450 28 271 633 321 717 14 274 986 903 904 911 509 992 867 718 51 507 615 398 146 978 55 806 343 384 672 406 41 168 463 619 803 489 601 876 511 971 327 587 751 443 406 50 131 216 301 927 274 463 176 410 805 241 578 412 878 353 253 684 240 217 750 381 244 768 838 64 571 819 623 778 298 508 228 758 82 845 245 453 362 657 670 452 270 344 566
523 925 988 195 419 606 406 332 332 124 95 834 200 716 712 36 434 275 922 323 692 750 320 290 602 265 570 776 843 388 499 764 489 994 808 675 577 393 50 94 505 570 244 420 774 969 93 229 339 72 95 149 862 572 883 219 250 327 704 920 805 514 955 162 715 703 941 538 634 251 837 340 29 978 361 704 566 748 425 241 28 690 508 165 504 447 859 383 46 882 29 524 116 300 807 709 441 515 189 499
708 21 382 15 306 319 200 548 958 872 101 176 61 672 568 353 562 617 55 453 442 374 17 69 548 171 844 120 67 459 601 703 101 157 661 238 301 150 456 969 310 241 611 846 478 490 835 756 605 103 870 569 230 573 900 575 590 120 672 556 170 932 381 111 998 59 590 229 595 32 838 718 245 518 868 383 718 363 891 2 144 142 314 329 140 28 727 682 750 443 612 851 783 825 724 776 789 834 230 52
819 484 34 272 593 338 553 951 650 957 405 855 443 749 851 273 890 923 469 204 306 259 763 869 300 998 833 890 651 146 177 385 2 311 345 44 67 195 583 405 305 338 974 685 539 32 587 419 529 328 929 259 681 440 78 591 36 795 29 633 896 346 788 431 639 836 984 575 745 912 517 805 542 788 886 827 701 453 343 586 198 969 996 972 159 744 651 910 776 949 270 764 552 432 984 740 8 230 969 650
834 485 140 496 322 943 359 592 642 610 175 628 208 291 765 245 144 436 364 236 878 412 466 843 397 394 288 254 544 932 36 658 720 293 209 132 34 6 606 553 113 306 567 130 130 980 103 521 499 683 111 549 375 991 27 854 440 24 577 428 643 568 916 0 287 625 205 876 190 123 991 20 301 733 239 575 955 472 996 55 436 452 238 422 420 934 414 826 370 892 203 254 850 155 9 414 544 81 364 414
480 595 778 712 513 306 81 388 565 102 91 753 46 796 133 18 407 151 565 907 997 591 134 379 43 279 988 812 790 986 573 888 522 793 148 4 399 399 858 316 195 776 437 134 11 169 687 737 665 470 915 788 441 8 654 457 426 916 571 801 745 687 523 288 607 974 425 322 321 501 90 380 860 193 247 17 479 899 825 676 294 889 546 31 904 94 414 208 79 145 475 620 135 510 101 684 738 986 882 439
580 950 746 262 818 154 902 633 354 237 968 986 298 484 224 668 81 254 14 725 350 325 324 70 985 162 769 907 172 225 384 551 372 663 824 406 515 68 300 35 537 380 541 93 896 661 841 796 924 440 277 856 688 461 73 556 240 418 516 827 564 975 541 300 594 462 389 116 489 847 477 95 249 704 111 789 357 539 420 9 691 207 104 619 76 488 394 407 523 735 130 373 304 906 348 554 473 972 640 280
506 706 545 552 81 953 0 464 115 846 350 271 110 507 578 607 651 505 856 926 396 837 934 573 90 391 275 601 145 796 613 982 631 235 324 412 415 261 474 564 78 289 645 793 517 929 582 323 280 707 710 443 973 175 859 728 674 92 3 443 429 900 391 450 401 344 750 488 982 588 940 246 966 254 930 685 629 662 42 753 865 288 775 621 460 241 740 284 778 505 383 141 112 134 36 257 977 428 134 387
218 750 65 26 908 942 588 748 965 960 146 776 544 771 274 776 686 558 122 616 907 557 517 482 924 670 649 754 812 956 98 120 862 491 786 198 930 754 926 941 734 49 946 525 385 422 578 822 435 346 723 721 914 109 225 106 86 381 254 857 502 195 561 659 472 246 892 307 997 523 697 219 86 371 100 734 990 32 815 884 214 732 66 124 9 874 470 694 573 498 214 238 34 437 387 863 116 289 107 85
20 364 620 106 847 534 373 660 450 714 493 39 769 374 735 606 912 706 858 18 586 605 754 436 729 63 426 837 955 851 131 571 537 98 275 592 292 627 386 73 90 882 822 641 61 353 24 408 394 234 485 474 626 666 860 482 362 555 462 439 529 221 672 767 30 784 64 659 432 437 655 154 971 512 856 83 512 742 27 442 299 789 315 929 594 987 445 386 897 375 405 380 504 691 888 189 692 325 504 749
505 575 521 898 137 91 426 751 244 204 846 843 869 951 688 950 945 857 101 209 497 679 99 642 926 802 496 598 342 992 44 166 735 777 949 946 681 165 610 556 700 412 507 53 361 654 552 342 875 39 690 360 422 362 147 815 372 826 677 307 441 932 659 421 121 206 957 891 514 238 184 375 925 850 240 587 957 998 273 968 57 645 851 848 433 59 138 326 16 455 429 705 173 789 377 691 491 738 769 313
853 615 222 958 168 562 933 252 485 453 969 773 735 299 683 692 840 382 629 571 80 704 998 190 137 958 507 154 231 463 762 572 98 37 740 58 379 585 287 416 403 873 165 341 217 19 711 58 381 385 921 884 78 446 727 949 220 531 245 809 837 591 869 786 433 223 198 540 195 945 781 817 252 11 74 229 572 798 20 23 874 764 369 570 791 351 652 753 751 853 208 918 916 962 192 702 587 260 886 384
157 679 515 993 771 208 10 927 505 158 762 315 801 805 868 148 500 508 171 560 109 995 427 229 864 862 828 294 519 163 533 618 734 672 737 103 118 651 814 571 649 668 334 971 515 251 273 230 350 691 822 267 273 357 38 271 944 777 658 689 791 253 998 790 775 220 910 683 580 591 824 940 427 88 783 194 11 312 798 656 898 440 586 593 443 635 14 463 848 185 829 198 876 529 891 621 928 936 918 286
43 554 960 619 575 557 319 533 659 471 479 319 361 959 322 402 301 957 452 304 115 244 702 180 539 213 144 989 524 998 512 107 861 129 119 837 40 791 693 561 710 739 91 333 127 886 469 370 319 406 621 242 739 48 670 603 262 845 147 268 296 337 917 60 502 548 605 640 200 205 446 50 710 931 307 672 174 470 512 943 509 466 712 614 457 580 910 713 372 460 101 415 327 63 221 822 242 807 790 874
34 741 11 451 834 985 773 558 430 944 825 22 540 202 364 30 905 555 29 781 700 6 388 437 172 932 949 394 154 288 371 110 342 757 484 892 224 968 331 655 9 977 5 130 186 251 962 449 366 1 49 624 848 826 461 181 142 945 496 661 418 835 796 679 306 554 653 60 151 800 708 673 887 975 789 535 125 66 205 824 973 625 647 307 667 171 594 230 126 703 277 87 482 194 864 726 101 621 36 860
465 487 231 193 878 288 283 333 112 51 25 285 27 752 737 752 891 386 678 365 98 759 427 531 243 375 521 622 600 79 828 823 55 863 779 714 797 121 403 920 985 193 389 412 443 350 542 351 440 582 908 927 586 468 624 335 300 518 906 363 701 418 474 30 523 259 394 578 498 491 888 683 472 226 220 301 546 950 347 310 597 391 682 780 220 918 759 403 407 983 609 644 217 414 38 366 740 604 191 155
784 995 773 952 467 743 497 935 494 820 455 263 827 975 569 848 455 12 13 796 640 474 856 29 30 47 160 451 313 348 85 360 333 925 213 785 215 27 472 839 190 799 888 235 906 327 112 786 356 767 66 721 929 303 790 545 695 264 948 934 128 988 867 829 702 283 80 585 54 354 629 22 508 753 961 250 923 554 142 155 668 428 79 886 283 787 937 172 233 3 477 821 333 648 600 883 838 219 138 920
668 589 606 963 262 408 354 886 432 22 976 991 756 960 806 474 571 190 395 393 496 65 564 213 295 953 365 226 152 391 676 212 143 973 100 653 945 875 837 254 296 21 812 35 771 475 226 878 338 499 155 965 336 989 241 361 357 11 622 3 555 90 209 663 335 217 640 137 70 634 795 988 277 680 22 88 378 776 662 705 577 302 275 766 528 727 241 959 304 998 380 294 738 691 27 914 811 588 510 534
631 612 597 177 305 346 241 294 892 139 704 712 526 828 424 577 283 996 642 976 427 471 81 280 59 648 705 935 609 845 692 779 920 26 817 982 163 350 869 82 220 796 785 19 483 208 958 601 325 755 234 702 606 829 781 732 372 896 875 676 134 727 144 830 357 986 354 7 392 115 23 887 984 357 874 462 551 854 997 420 655 269 793 939 708 882 122 333 641 890 600 27 865 802 810 897 867 599 214 118
194 717 903 584 705 581 160 658 662 525 410 636 808 872 633 250 891 128 968 539 800 723 323 960 63 129 500 241 819 688 528 932 218 570 202 308 8 455 47 16 809 440 761 450 497 665 693 852 553 315 778 760 768 870 272 377 443 895 964 921 138 616 323 229 355 794 260 342 158 415 542 530 44 852 620 136 353 585 176 964 393 183 443 985 612 893 523 43 965 907 25 665 325 194 990 882 652 385 666 673
104 930 425 291 88 84 676 434 703 742 106 209 865 709 206 651 158 824 247 536 876 642 479 39 312 410 777 198 762 439 29 660 234 545 371 3 364 335 751 523 686 323 258 230 237 292 330 896 474 34 715 473 318 841 151 296 47 499 156 767 812 297 979 263 55 700 86 611 411 593 173 128 658 723 669 732 992 301 201 751 731 645 223 218 531 787 183 402 367 176 630 967 655 343 484 858 247 704 645 764
9 868 625 912 658 587 118 61 141 203 138 684 584 959 913 992 882 821 358 118 602 451 179 262 639 582 848 530 558 760 486 379 952 119 460 24 360 455 390 389 570 852 835 344 104 388 59 495 44 830 395 379 943 979 660 181 53 994 482 637 360 603 838 654 409 230 340 770 716 649 814 681 326 889 233 952 152 674 887 483 677 879 444 66 115 865 19 752 142 310 218 906 97 934 896 246 278 914 134 870
251 144 622 304 36 612 759 45 870 964 693 920 377 444 207 900 152 487 773 838 90 65 160 804 422 428 424 958 743 607 853 920 178 477 423 558 25 911 641 587 596 931 711 210 814 738 892 18 281 184 216 574 82 70 775 483 968 107 782 56 83 87 766 667 402 109 697 900 685 946 267 624 507 505 439 5 927 763 670 538 915 292 292 274 759 234 30 53 639 41 818 804 819 72 37 547 443 134 896 358
157 988 607 779 510 26 615 540 950 393 663 703 430 118 674 399 834 293 207 282 466 543 914 854 118 221 231 300 183 474 478 839 515 461 505 124 210 547 786 883 725 780 205 98 228 912 451 239 540 885 614 0 284 965 847 277 60 396 52 906 762 431 409 404 153 287 808 949 962 712 487 370 186 705 5 730 52 270 740 531 300 729 269 450 235 427 377 348 565 985 109 135 106 943 183 710 210 125 825 689
394 750 599 701 85 346 284 186 798 792 495 285 788 646 367 517 760 8 226 732 362 514 453 204 163 462 460 365 350 552 187 208 183 918 239 922 116 304 391 599 127 155 579 173 811 372 180 569 670 219 784 427 271 877 340 98 738 123 877 94 683 538 349 763 46 310 65 179 556 723 253 698 966 861 974 40 75 67 149 648 981 621 742 484 898 835 165 815 145 652 303 474 543 260 690 439 70 290 728 956
646 489 814 996 675 180 443 39 467 322 554 854 226 779 597 784 719 196 523 525 240 435 647 288 250 476 904 985 871 197 342 537 293 42 61 564 289 105 215 308 91 951 120 344 929 453 757 116 203 771 182 415 547 377 506 632 873 273 730 885 316 812 866 849 638 32 964 256 491 805 7 611 242 325 340 439 783 459 780 40 152 227 760 279 470 596 605 821 855 173 51 966 167 287 395 944 542 224 111 733
606 285 274 659 659 93 968 374 220 417 841 248 750 681 130 46 264 284 974 478 746 645 614 177 594 798 335 176 898 859 650 30 831 796 758 74 580 427 81 991 852 353 588 63 744 501 452 901 622 635 998 465 806 911 738 312 805 506 229 898 613 791 627 265 778 862 721 345 9 246 359 120 14 191 367 57 506 328 745 878 365 571 575 299 676 194 102 295 39 686 884 517 983 663 5 594 442 544 493 95
789 811 51 891 746 739 996 847 108 416 791 418 973 814 67 132 618 737 569 158 2 980 730 280 627 960 808 850 724 816 870 252 247 122 168 553 711 576 525 427 565 792 806 768 320 699 687 461 705 166 605 324 220 745 630 275 720 51 65 747 932 681 24 307 994 875 683 902 396 530 899 335 442 244 604 185 906 396 462 351 666 910 635 384 45 360 619 48 119 536 555 229 78 148 124 122 38 610 157 22
869 896 299 830 755 989 774 820 100 257 268 398 688 859 896 793 69 203 22 880 425 678 361 991 583 334 123 113 225 663 386 794 882 662 545 332 582 893 851 356 590 981 681 870 909 727 945 496 144 941 175 627 813 744 601 240 182 293 874 182 93 969 127 906 837 20 475 473 392 218 1000 148 948 959 102 488 114 890 24 3 443 835 323 432 165 564 375 582 8 229 422 760 821 999 783 490 843 137 963 546
415 989 445 546 310 840 477 447 975 337 876 355 430 373 209 981 836 391 357 362 862 454 248 904 291 639 296 298 273 373 11 948 36 994 862 149 249 726 965 148 375 20 402 702 74 409 537 428 830 670 746 219 236 708 338 865 270 958 272 435 661 960 882 461 287 822 955 896 750 644 79 903 52 912 185 176 556 41 562 61 727 807 908 343 467 600 124 303 622 263 668 279 231 616 974 773 319 228 150 773
57 798 685 736 401 430 23 742 820 712 934 836 433 892 726 506 236 263 902 60 999 285 800 597 180 739 883 486 835 296 974 387 641 96 151 928 940 204 891 826 146 920 50 264 103 470 396 647 548 57 794 672 509 206 979 498 580 808 872 744 624 796 545 525 549 516 897 86 164 199 986 889 434 611 423 618 122 400 472 63 926 17 500 946 17 968 340 266 837 346 404 538 774 230 927 152 36 770 833 496
698 987 712 912 218 285 349 941 357 272 553 252 517 596 56 707 265 23 599 201 64 51 132 405 264 283 761 742 64 41 786 990 30 93 582 488 949 927 423 211 255 101 452 908 503 610 158 690 892 265 938 678 7 919 562 359 845 389 30 58 145 717 438 262 490 171 401 100 774 702 741 379 285 779 465 308 439 966 702 403 148 585 408 528 587 697 357 903 904 380 672 290 384 228 515 851 482 485 155 154
843 479 443 856 761 763 822 552 124 75 914 782 418 55 479 759 729 167 652 384 47 689 366 703 757 122 346 1000 147 424 97 300 307 746 216 317 338 977 803 726 481 973 81 490 373 758 23 223 41 221 396 335 980 323 317 764 481 186 336 369 405 478 846 75 535 480 271 783 217 350 486 495 407 102 236 448 135 526 903 951 590 79 433 34 637 64 666 60 156 878 911 257 392 680 51 17 991 479 579 43
222 262 442 156 310 888 782 258 132 635 400 692 312 881 698 256 293 150 198 640 810 934 516 190 90 209 381 226 306 627 430 471 183 208 303 286 515 629 976 392 570 415 210 48 870 588 555 368 366 880 170 383 841 836 995 252 31 478 33 741 495 80 231 551 982 215 778 218 996 194 831 338 832 327 756 284 294 56 796 73 631 748 86 595 675 224 780 181 365 464 595 833 879 505 483 809 185 16 270 376
764 360 919 325 131 32 850 505 197 628 253 478 106 914 128 909 581 410 141 468 290 859 519 142 166 495 647 790 883 381 150 748 82 494 341 833 665 79 535 989 945 179 353 276 248 953 241 747 892 14 675 605 706 89 379 842 861 149 17 368 744 793 361 206 418 871 366 918 171 969 519 766 59 905 550 239 424 834 734 764 972 254 938 815 1000 45 181 383 269 670 483 225 992 237 145 749 438 264 560 392
411 978 916 502 909 95 253 964 936 642 555 488 120 876 387 192 462 931 249 598 833 922 984 5 466 850 508 742 498 575 300 725 837 341 397 422 540 317 890 61 451 881 928 303 506 41 156 265 973 228 389 75 432 477 448 380 935 4 495 36 182 927 315 82 953 489 299 207 28 686 178 176 112 497 1 302 109 672 927 579 566 972 290 566 930 365 274 729 764 434 300 464 168 410 110 471 948 192 167 339
190 500 343 891 84 736 855 286 166 27 54 918 940 119 330 534 908 26 212 855 502 71 394 538 594 446 789 750 800 859 445 599 577 905 606 880 463 948 409 975 914 306 223 185 304 603 922 989 693 140 815 210 273 396 701 850 763 402 753 220 91 684 373 239 569 965 261 590 699 116 728 935 707 792 23 213 178 196 670 294 128 740 95 145 68 658 570 275 630 24 269 62 332 337 789 350 570 939 450 630
160 223 936 95 586 919 374 495 50 148 844 980 338 611 741 606 663 415 92 325 481 970 890 171 847 812 197 260 816 579 116 449 282 53 626 906 379 699 709 115 651 146 472 438 148 525 297 551 204 386 762 199 874 445 932 686 715 267 848 985 995 62 175 80 9 981 674 857 509 608 209 963 357 751 210 823 112 780 851 760 186 568 642 522 478 813 21 227 478 353 848 819 67 420 816 472 723 784 644 282
904 88 531 762 793 421 87 217 197 592 898 366 547 884 269 598 618 898 640 668 822 523 492 345 527 169 138 132 433 854 106 204 6 230 411 529 716 484 895 156 11 207 546 49 239 653 186 591 852 849 872 572 16 232 782 447 997 895 770 16 726 79 738 493 38 413 461 335 349 858 770 326 559 187 111 479 658 774 424 655 834 587 950 89 857 267 882 815 954 984 280 299 473 971 650 422 247 582 476 9
715 796 200 451 249 355 131 735 831 876 778 317 604 190 994 426 214 627 720 152 692 271 940 600 642 798 238 250 760 438 114 45 435 692 759 737 869 894 923 384 813 351 767 686 393 260 578 876 752 91 289 856 269 842 756 967 167 10 18 232 399 382 113 177 185 328 263 515 668 67 34 138 69 705 136 621 636 874 217 335 256 852 44 357 482 899 118 407 38 1 769 605 340 761 535 993 295 427 610 103
516 458 267 848 41 671 126 612 684 267 46 274 133 120 137 980 22 142 108 696 810 334 627 70 88 480 176 197 83 840 870 791 150 523 111 394 250 801 683 769 851 847 86 184 510 679 952 629 66 564 696 532 938 114 234 839 530 111 244 53 733 283 981 624 955 570 962 157 447 435 28 874 466 645 160 534 472 121 907 659 987 503 683 103 471 964 350 190 84 717 713 409 328 118 995 846 274 157 277 591
348 214 934 479 68 606 707 4 143 377 625 698 724 771 592 861 637 650 838 220 897 664 445 810 725 732 249 416 148 266 303 990 194 223 1000 209 511 906 919 709 324 550 228 792 233 502 2 822 276 17 286 781 794 514 393 792 755 245 403 840 22 704 708 637 718 196 967 396 926 578 264 586 519 467 354 390 151 575 726 718 449 756 229 911 799 975 288 385 230 667 786 967 370 402 773 656 209 400 833 289
176 199 541 659 706 292 281 379 71 754 651 273 621 15 879 763 56 703 49 26 267 515 30 260 665 277 945 18 958 754 894 985 477 904 687 228 859 819 58 687 22 985 404 713 743 407 484 190 108 640 247 645 644 991 22 751 131 350 785 432 189 718 409 875 342 155 943 336 909 740 588 306 13 206 82 915 140 705 360 650 334 689 996 376 574 290 472 141 771 166 131 294 701 770 766 504 554 391 617 841
920 449 340 290 837 84 650 509 356 903 441 635 921 449 544 918 263 341 919 387 180 811 646 653 399 749 668 344 726 397 155 742 179 333 981 521 871 724 489 607 461 148 473 897 194 494 542 479 405 608 24 178 162 658 412 101 253 423 768 260 42 533 251 702 811 198 194 822 190 164 492 179 620 636 434 824 214 131 49 562 110 947 353 754 201 997 705 693 485 285 218 476 430 794 930 152 291 148 564 360
269 897 69 795 506 224 120 284 331 172 966 779 703 191 79 434 485 486 302 239 456 500 612 488 493 462 481 420 220 382 437 147 154 334 500 326 9 574 246 945 276 258 550 354 759 446 581 215 238 450 25 820 510 228 111 724 437 243 211 681 253 624 999 876 789 382 396 697 994 937 383 753 384 36 99 904 881 484 93 493 368 51 831 977 74 932 924 37 546 560 454 160 840 692 621 633 235 824 282 767
820 931 511 637 45 680 412 520 364 235 430 711 556 691 439 753 959 508 467 738 215 331 740 82 463 438 458 718 497 812 975 426 374 961 325 625 258 945 356 8 171 924 924 589 317 300 104 177 351 280 45 68 553 391 328 671 299 818 696 758 468 556 18 689 580 660 166 178 995 21 720 822 663 143 677 854 507 663 762 921 142 840 123 12 556 176 594 695 523 446 906 511 825 611 426 252 460 343 190 41
509 486 982 923 359 756 617 600 116 87 714 533 921 330 424 848 851 769 516 772 713 321 237 542 840 450 527 594 955 608 132 956 302 121 944 312 387 375 590 267 535 469 16 549 532 21 435 394 417 681 545 107 702 874 235 33 435 421 958 804 936 201 766 656 890 429 327 965 875 353 463 82 732 279 983 585 232 336 890 439 303 113 428 95 283 274 574 880 124 704 422 140 144 662 306 382 796 349 968 573
57 205 544 866 350 428 226 752 872 711 219 938 137 910 835 425 508 826 687 412 34 467 984 425 929 929 476 906 840 642 130 207 938 971 899 966 880 154 105 718 1 946 155 569 586 267 576 258 371 47 137 35 508 345 110 388 580 478 12 618 564 793 787 290 69 128 301 246 998 91 34 115 546 303 985 530 129 717 3 30 883 747 6 152 855 521 224 209 698 453 34 921 812 82 122 184 276 829 953 336
469 577 496 831 156 891 391 827 692 239 280 891 159 869 110 918 843 271 680 104 989 388 445 894 473 119 959 879 974 565 759 708 259 363 691 614 57 250 35 298 883 477 949 554 368 320 765 412 290 96 675 87 735 937 958 198 677 31 583 657 129 141 176 905 181 278 48 604 278 745 840 838 779 874 297 586 613 789 930 946 485 489 552 896 821 362 989 159 904 176 696 404 607 107 649 92 713 378 466 718
372 215 613 423 521 757 958 893 734 900 789 355 258 650 729 424 939 521 51 486 359 298 429 137 445 429 847 117 170 270 408 542 206 235 867 171 852 9 194 563 283 104 699 764 853 832 506 328 502 125 84 821 156 607 370 686 575 475 878 108 531 942 49 324 151 743 102 873 541 413 884 586 967 413 219 528 510 497 603 182 790 463 530 221 227 226 304 207 207 507 353 589 688 463 530 617 432 553 440 622
873 204 401 882 41 504 158 162 760 429 168 747 406 548 607 81 554 154 714 273 779 981 990 106 377 328 924 72 885 644 672 149 852 68 109 525 282 744 21 393 772 730 650 491 89 308 129 221 222 194 102 93 916 11 699 679 932 186 44 836 159 71 224 544 938 472 616 232 16 698 316 552 294 39 191 981 856 954 703 516 401 849 776 514 951 183 928 307 267 602 738 117 115 399 279 602 342 590 536 148
648 219 831 422 437 965 236 993 669 300 144 837 836 242 644 998 465 486 10 234 611 489 496 918 163 41 881 248 463 615 613 529 117 448 437 3 583 833 347 390 496 238 304 458 475 195 293 934 46 672 444 635 128 889 446 508 953 524 824 505 683 287 951 438 923 554 407 607 846 117 719 524 869 978 507 83 213 584 833 679 7 575 165 227 732 662 438 23 566 290 810 847 850 100 784 126 727 218 501 333
979 389 247 374 678 282 279 944 358 99 495 694 538 968 558 144 414 992 981 216 942 986 177 365 373 74 424 829 415 981 51 428 317 904 14 293 805 796 549 156 50 175 406 559 816 418 727 284 356 913 600 938 294 279 709 207 17 30 827 841 442 587 597 309 484 740 333 59 348 849 482 480 852 818 287 69 35 377 473 388 123 107 158 112 114 996 732 838 613 411 38 811 917 922 151 479 135 207 821 982
262 740 32 294 499 90 129 475 412 689 598 335 913 921 413 104 602 343 908 361 817 230 487 968 311 107 317 109 384 786 191 140 345 335 211 217 217 1000 456 984 294 165 395 787 806 134 543 592 797 669 369 762 562 780 378 910 414 57 7 36 574 224 21 798 395 987 522 223 860 458 571 939 537 184 969 109 257 47 365 43 900 656 922 180 365 116 235 992 861 841 713 994 76 660 964 123 426 377 352 760
546 998 262 569 181 652 295 734 855 929 574 303 932 764 36 843 906 96 127 406 943 545 690 0 764 164 424 350 296 280 21 427 763 955 735 572 735 737 739 878 874 165 938 132 543 443 520 654 617 716 46 357 52 848 46 259 296 627 323 692 325 613 684 734 116 68 750 546 327 180 427 496 178 722 895 176 834 221 496 22 722 563 83 359 752 323 321 603 859 26 482 969 263 239 599 548 719 571 149 992
734 513 445 544 209 56 724 579 300 574 192 512 253 988 72 856 107 699 905 178 966 726 983 737 204 845 994 723 828 898 19 905 966 733 750 394 27 437 98 825 470 524 707 120 336 437 714 511 344 121 93 537 439 939 604 40 798 577 292 373 825 590 446 475 952 656 387 729 851 867 674 769 48 485 7 695 694 785 549 427 291 991 145 439 888 934 217 525 730 229 60 93 96 314 484 93 965 584 800 506
567 690 707 717 226 791 120 838 433 145 321 31 747 425 113 618 589 716 466 525 485 678 137 657 49 400 628 688 573 985 753 535 635 114 233 707 224 751 314 797 789 355 798 556 122 959 940 787 101 89 869 655 383 398 266 705 359 233 270 507 508 501 437 110 924 12 347 910 795 115 174 688 82 10 644 706 62 219 962 333 470 637 266 714 106 458 574 190 386 705 115 734 733 509 483 364 348 510 638 547
810 704 942 365 136 232 56 454 972 77 146 211 979 741 681 20 362 562 908 373 408 101 820 236 963 48 295 391 865 896 736 557 139 488 702 276 458 278 680 603 406 429 214 126 350 204 471 102 873 367 390 24 289 487 361 997 55 633 939 339 905 695 25 285 629 80 49 340 184 372 627 459 303 42 437 853 307 877 731 43 578 567 743 38 902 257 500 465 96 311 934 488 620 34 872 134 442 657 95 707
683 224 854 865 922 100 369 21 500 750 438 629 734 477 287 787 17 482 107 262 899 37 332 97 986 413 469 880 148 958 207 216 222 894 231 956 446 341 239 34 725 935 837 428 646 396 258 261 391 72 521 166 541 115 208 619 398 54 432 151 730 749 969 666 146 69 851 919 380 847 510 463 466 864 184 458 424 724 972 714 212 987 578 707 756 330 939 244 109 667 210 878 534 419 498 923 257 707 753 360
922 241 984 44 290 857 224 881 933 628 758 737 897 775 909 543 559 930 29 45 653 828 277 449 143 436 853 676 793 232 584 326 598 436 935 538 280 659 180 323 973 974 542 981 184 289 859 334 231 154 350 893 743 273 744 13 194 774 606 954 763 158 931 958 43 728 253 702 946 167 524 505 50 262 574 632 109 465 668 538 471 889 522 732 156 331 276 961 751 192 876 824 503 279 821 418 386 600 817 965
469 1 155 333 918 880 730 691 445 999 852 837 259 344 882 702 928 463 625 146 355 605 828 913 5 60 381 61 786 135 933 615 864 237 303 178 703 1000 212 815 255 451 635 813 519 422 737 243 585 767 984 471 466 802 204 130 460 109 20 34 345 116 919 216 598 366 591 719 674 872 934 960 277 330 589 656 548 239 47 473 316 292 28 995 121 160 901 153 567 850 926 140 159 896 266 274 697 240 403 197
183 523 28 236 128 730 469 355 756 603 373 860 255 450 959 291 572 38 729 899 356 714 438 674 355 834 168 117 91 705 630 374 490 403 972 850 410 629 987 338 723 724 948 187 483 106 748 663 832 834 244 161 267 200 586 648 556 424 486 127 18 215 797 352 769 698 386 47 691 958 505 596 168 639 536 667 526 341 87 319 1 808 69 397 206 844 902 729 507 530 968 700 52 57 389 269 207 842 190 279
119 3 64 921 623 733 779 649 31 537 698 282 927 512 909 975 197 10 685 457 448 322 729 801 965 358 901 231 627 470 896 108 252 173 224 386 375 513 410 192 455 455 908 346 511 405 938 475 392 48 805 225 693 261 10 261 723 556 813 310 884 703 328 7 442 600 916 483 709 251 996 234 3 294 352 323 370 857 294 419 892 145 879 742 561 966 73 648 97 431 583 744 32 662 817 811 126 154 637 326
542 406 757 447 242 770 349 981 262 759 702 824 608 322 571 857 17 933 863 942 271 344 999 371 828 762 248 413 119 456 345 440 273 270 209 852 701 470 263 122 787 371 808 375 989 132 919 500 389 389 709 918 422 132 589 920 730 113 361 117 127 460 577 429 507 555 445 430 196 467 467 993 623 709 762 351 40 103 843 445 1 999 630 502 582 274 220 802 166 740 878 910 125 467 397 654 917 751 910 765
681 823 905 281 497 191 280 740 599 657 117 444 352 26 792 986 706 674 151 349 50 838 489 256 268 361 140 816 705 441 372 665 44 410 707 269 572 755 447 128 546 709 894 589 892 246 226 667 457 230 854 286 578 697 365 763 232 537 524 555 1000 304 309 463 483 707 697 831 772 378 714 565 228 663 225 571 766 138 411 120 976 369 155 81 385 170 49 323 171 105 507 873 479 261 939 961 836 433 876 799
930 210 78 665 395 603 589 296 356 70 572 807 840 826 447 490 683 130 422 121 900 41 918 630 838 877 568 225 488 104 369 686 714 726 914 666 975 282 626 7 892 813 976 418 898 951 440 121 316 72 679 166 178 138 442 76 812 314 678 562 683 104 913 229 250 309 600 17 848 708 380 212 844 170 799 440 856 67 12 415 121 282 578 821 734 476 54 541 389 34 891 698 169 571 342 714 399 935 133 544
697 693 487 281 487 515 985 744 821 72 257 43 554 148 135 935 691 55 557 984 325 104 974 82 239 463 14 490 989 902 694 354 349 934 765 282 420 217 363 333 296 375 219 345 346 423 620 578 135 417 461 112 673 889 442 481 669 265 656 766 90 810 862 748 862 688 937 249 699 814 532 800 821 853 572 378 99 102 129 349 231 249 886 297 407 318 770 517 518 919 648 425 676 941 560 752 108 503 148 148
373 422 350 433 209 788 166 288 723 263 505 649 334 778 58 168 668 300 457 346 617 124 82 980 535 377 871 693 670 57 757 794 370 87 303 469 945 96 997 766 120 396 53 324 296 973 825 908 265 141 896 371 869 45 696 997 769 297 484 758 258 963 605 122 270 198 971 85 278 176 181 257 608 996 893 304 55 334 346 175 659 966 146 470 107 501 559 232 584 948 126 441 886 618 944 125 479 379 455 468
584 590 649 351 328 698 21 447 729 442 507 674 741 284 148 276 96 26 133 460 962 619 674 637 845 736 609 339 257 254 256 80 375 685 277 729 355 916 332 605 831 343 75 562 427 208 601 326 729 691 775 311 960 759 992 908 728 676 738 778 461 681 211 44 553 596 500 411 384 912 241 632 29 567 580 826 69 655 266 292 252 44 548 110 548 771 7 147 527 432 763 986 595 35 546 563 640 5 64 294
313 808 797 395 802 742 771 757 780 149 803 449 985 333 58 488 492 814 248 466 531 83 625 713 932 133 353 172 970 71 442 467 290 645 781 183 39 509 266 239 810 967 441 558 605 571 415 425 553 996 134 589 876 33 520 586 537 657 614 167 724 921 714 981 960 320 502 211 893 474 354 448 305 889 339 453 580 678 190 658 910 879 386 521 612 975 954 366 451 737 612 181 506 516 711 369 829 26 701 953
448 793 300 20 492 887 0 923 716 614 894 322 962 132 908 846 816 949 959 615 897 921 795 983 496 541 590 571 943 811 362 334 73 851 804 111 258 939 856 285 428 868 130 495 76 784 100 69 850 503 99 744 634 847 289 929 639 934 144 834 366 201 875 267 701 309 845 447 668 314 376 622 440 805 915 16 487 960 860 856 526 604 70 168 314 379 903 449 964 829 267 100 303 669 570 141 81 849 793 607
9 893 784 171 553 726 408 235 999 966 427 471 426 47 167 937 116 65 501 122 561 858 581 758 484 381 531 5 925 726 245 240 550 328 35 418 207 177 942 468 211 986 818 891 94 426 195 434 599 110 870 961 334 134 778 380 790 907 508 224 140 636 335 783 699 514 848 160 791 317 190 782 860 969 84 978 476 152 957 427 88 193 609 43 578 42 194 453 373 210 466 21 935 240 43 898 382 839 399 210
467 33 894 697 533 527 842 801 40 547 871 64 621 867 882 576 796 476 489 501 913 601 375 587 650 909 224 642 835 992 67 297 319 928 54 961 423 309 188 161 275 582 915 164 858 51 354 643 796 529 812 880 541 536 763 368 872 585 745 817 693 937 85 713 981 467 868 917 875 891 988 337 286 58 88 982 481 979 269 439 119 617 149 587 52 101 681 477 520 609 622 418 788 905 500 611 253 156 122 631
405 883 911 667 48 395 544 1000 205 285 615 68 966 194 178 232 207 959 506 259 46 163 400 504 228 253 447 309 433 215 208 419 154 187 753 307 481 564 653 620 670 175 243 280 15 870 657 440 387 118 468 33 831 711 813 566 783 425 266 925 859 306 39 933 932 113 475 986 557 365 145 531 969 691 109 290 536 385 95 637 835 791 501 156 264 939 347 646 891 644 390 712 795 289 84 148 712 708 12 485
813 450 529 85 855 516 778 307 446 304 754 334 326 901 601 679 632 103 77 312 928 165 199 324 224 969 897 124 371 374 591 658 585 625 486 723 976 735 652 583 247 510 237 181 198 24 741 270 853 924 963 304 305 437 808 908 603 943 773 810 429 649 625 646 613 620 239 972 4 623 998 720 362 40 616 558 206 411 759 784 621 241 296 829 30 850 129 470 510 21 495 381 163 618 647 844 927 857 106 720
606 91 322 441 313 605 322 254 601 802 213 503 399 587 403 754 89 873 941 883 44 585 237 305 553 390 771 836 391 716 354 171 876 168 710 65 214 340 686 360 148 621 194 549 583 92 600 618 270 464 125 153 635 770 509 752 536 713 468 395 862 89 881 885 742 964 319 355 47 536 374 974 633 401 406 486 483 684 559 76 231 315 271 773 350 728 954 306 998 260 498 712 951 524 897 900 139 446 379 742
442 718 321 353 719 867 435 319 465 645 871 312 743 342 361 442 459 705 581 474 31 172 280 997 718 249 804 209 534 832 682 953 998 426 302 453 758 752 467 163 476 816 487 841 602 193 2 250 893 74 81 128 771 184 402 291 398 635 986 45 168 69 266 427 431 29 340 182 63 437 434 632 35 76 339 346 532 66 426 818 677 557 761 864 242 470 671 925 76 825 847 931 108 897 279 6 220 11 896 716
450 841 745 887 51 248 158 746 442 117 407 310 962 160 165 851 215 14 759 489 447 179 629 764 213 614 458 643 541 216 517 230 629 998 629 290 891 542 933 743 644 898 520 319 496 850 543 305 779 671 260 371 170 42 538 756 771 897 479 948 32 496 411 378 945 281 870 325 890 824 240 286 132 537 946 107 957 438 845 627 247 122 680 140 244 210 710 292 613 957 686 305 136 386 374 561 973 976 996 91
123 340 517 837 902 700 670 183 331 383 94 135 911 323 165 340 330 21 775 802 510 816 782 606 201 921 25 643 412 789 654 780 997 546 797 535 602 610 206 216 708 872 403 420 497 541 532 58 98 571 514 825 695 34 467 990 325 431 32 861 625 511 5 35 781 177 927 881 113 653 236 832 843 743 928 184 393 680 949 942 22 180 592 285 862 534 996 646 248 604 907 136 775 766 689 607 41 645 352 705
302 572 1 229 985 396 647 550 832 385 757 571 207 275 469 432 419 251 640 49 675 440 534 545 196 389 77 193 220 749 503 956 292 53 20 167 549 555 689 989 399 708 340 968 478 876 619 139 872 687 794 667 823 132 364 660 303 92 789 546 273 506 310 693 200 345 310 33 16 772 178 238 358 272 853 783 734 225 909 724 644 879 536 359 441 819 700 302 213 713 594 790 759 894 671 315 586 656 663 223
601 687 287 215 163 549 324 970 306 498 632 629 763 696 516 121 757 850 37 341 559 904 149 908 424 238 814 62 635 442 20 741 403 60 482 377 152 762 190 356 913 513 856 428 305 541 453 169 740 209 241 686 713 170 349 918 19 757 538 330 599 957 443 48 516 225 51 371 480 258 785 283 186 22 413 956 531 778 225 107 329 783 808 788 436 792 797 527 25 681 71 912 124 447 468 468 491 336 672 756
482 177 110 519 213 763 348 589 963 212 2 418 271 352 665 284 778 278 751 232 454 588 836 113 771 1000 843 175 176 595 428 288 177 282 292 378 517 231 623 894 930 922 165 994 814 224 52 343 190 103 568 352 920 223 389 641 785 778 238 343 66 415 699 132 227 294 767 197 422 68 2 565 403 967 976 37 127 87 141 67 194 532 62 761 884 596 190 952 796 259 624 933 807 142 290 940 208 480 612 983
770 302 852 74 551 433 130 986 746 180 625 655 197 267 97 155 918 439 634 331 0 299 437 213 110 276 483 925 115 299 504 388 460 708 967 459 29 406 52 133 81 306 147 345 602 853 74 766 338 818 514 440 407 595 904 835 321 309 850 518 698 866 293 216 598 61 64 427 936 417 350 588 342 893 328 266 651 781 417 456 621 659 972 809 460 790 268 119 8 624 978 18 908 533 788 288 967 731 808 300
814 599 587 801 792 770 315 659 401 584 836 658 86 120 209 200 926 774 492 672 560 651 535 630 461 842 856 808 93 151 517 666 612 105 685 575 234 226 921 374 433 204 224 61 12 904 344 587 770 535 822 494 520 571 837 107 442 679 927 186 922 517 908 515 739 704 320 663 723 403 463 352 289 116 967 239 350 914 460 91 874 38 703 988 513 318 20 336 762 582 54 597 801 793 202 995 932 513 835 792
186 732 959 84 280 518 456 140 447 184 611 589 945 49 180 692 688 531 490 103 271 213 290 411 428 404 54 757 749 116 768 275 903 551 517 470 145 815 470 987 35 879 884 18 901 135 749 199 170 674 914 86 120 597 824 679 889 393 248 907 130 305 864 21 796 619 636 806 694 478 92 712 864 658 49 126 377 886 748 668 867 510 250 932 236 749 3 34 333 675 451 385 793 750 269 8 477 300 822 383
346 218 229 203 918 505 392 772 239 957 163 275 281 435 96 859 427 435 930 383 364 646 371 275 279 469 361 119 538 627 516 787 621 715 240 206 390 100 887 477 371 900 864 660 286 722 748 868 901 95 514 406 612 758 72 344 936 408 943 950 156 259 825 140 595 555 316 812 850 223 253 103 141 669 504 551 767 718 715 653 588 256 985 329 932 772 896 486 162 699 518 806 586 41 638 616 231 911 416 903
972 207 648 468 537 279 408 393 515 160 615 874 191 807 675 34 925 386 558 6 221 48 124 97 263 20 222 172 95 670 945 237 56 836 562 376 352 15 792 448 715 446 369 736 354 0 258 922 602 502 393 668 644 950 939 634 168 477 239 675 101 756 719 224 219 514 120 497 353 314 779 510 288 376 895 917 961 319 352 257 787 770 592 947 577 334 753 579 963 258 723 302 775 932 349 191 766 245 727 436
238 161 229 126 986 228 626 487 806 317 930 877 493 382 267 319 159 308 11 893 395 129 480 959 456 880 286 40 293 31 20 332 953 958 712 436 424 241 790 25 21 932 184 401 14 112 503 747 17 789 243 163 703 817 517 908 336 567 437 905 183 763 548 975 170 830 294 82 739 325 255 420 143 530 472 53 618 203 659 363 310 802 907 618 504 68 995 988 646 737 130 581 337 740 906 197 806 378 897 983
974 220 473 898 675 863 379 219 675 653 655 292 302 569 573 149 964 662 686 401 512 242 926 593 364 362 961 447 720 721 618 26 948 616 526 109 465 192 634 548 254 41 28 782 303 736 757 644 938 975 0 90 153 20 186 504 43 888 472 582 808 98 350 657 525 519 285 210 895 219 559 7 826 341 606 506 256 412 163 214 284 954 819 900 91 942 355 514 580 962 879 279 714 775 917 35 377 753 125 141
232 288 364 406 801 925 450 356 490 494 423 719 22 620 129 94 958 320 357 513 494 367 482 558 139 652 558 218 986 209 140 772 985 36 684 331 21 456 105 769 771 638 461 319 807 695 798 970 512 123 90 205 628 807 486 281 72 82 470 997 448 76 309 842 213 212 749 793 677 171 789 625 762 877 949 386 968 439 764 749 792 783 52 410 433 796 212 672 711 775 949 146 91 181 632 743 488 529 280 591
680 145 170 119 483 189 727 819 626 959 584 165 251 476 561 870 900 909 691 446 887 196 355 477 526 690 816 937 11 529 181 214 459 307 964 813 30 811 160 256 501 921 701 849 196 507 167 847 304 951 559 858 949 115 909 482 513 371 236 638 769 151 163 692 923 767 717 952 128 760 830 559 850 644 582 79 504 686 786 222 483 146 592 864 473 288 935 423 382 503 492 193 212 798 531 577 328 583 490 965
925 183 835 66 776 974 271 388 776 520 923 794 166 313 78 340 633 35 988 653 363 723 752 724 527 697 617 17 162 694 9 769 847 992 838 201 242 758 448 686 198 365 832 567 34 985 457 152 563 805 660 139 646 893 380 918 506 966 998 600 244 221 973 256 711 216 3 460 484 901 796 403 204 920 74 597 352 700 868 787 510 872 853 683 276 781 187 516 247 624 874 532 749 463 292 644 67 135 771 834
501 886 678 76 876 977 744 299 809 533 484 608 477 859 825 484 374 993 578 994 93 346 773 550 380 140 946 56 262 571 16 242 778 968 91 7 108 343 555 735 854 43 314 437 751 707 349 432 848 716 801 151 931 625 570 481 292 98 728 983 806 569 24 617 612 194 571 242 112 55 464 676 1 397 845 916 827 568 464 265 298 375 70 587 695 920 506 737 432 707 9 184 147 286 886 252 226 513 137 572
291 531 176 872 611 237 201 779 210 181 493 898 432 440 857 583 737 335 483 918 584 920 689 948 380 192 535 527 661 824 623 982 252 372 985 590 899 501 379 547 764 708 846 49 181 944 672 219 103 494 622 866 509 458 516 301 467 756 21 400 52 33 330 6 653 386 690 747 383 641 392 531 234 696 446 845 456 913 243 666 714 364 268 277 961 266 500 229 913 16 592 902 621 846 650 328 531 234 898 383
507 433 274 747 824 698 636 115 712 932 141 638 346 172 981 18 525 692 623 159 412 370 482 516 851 474 11 345 137 308 548 438 345 354 750 920 81 692 505 723 57 57 159 920 899 579 950 629 317 713 512 675 48 161 890 429 442 762 783 112 390 73 736 229 527 370 57 618 64 960 961 154 3 488 888 406 973 721 73 130 438 742 315 776 775 13 921 160 458 241 328 126 534 973 750 148 891 949 290 203
124 999 392 689 488 847 960 969 838 594 922 219 920 36 249 253 562 124 158 711 664 706 256 517 871 735 550 972 13 218 388 193 938 769 191 909 309 963 845 624 783 135 865 241 600 879 998 354 342 292 637 892 262 620 761 512 14 252 347 345 972 500 565 50 664 282 191 430 686 600 8 134 81 473 338 860 180 631 84 124 975 362 564 706 376 337 744 629 368 57 941 315 868 135 154 722 986 646 570 458
917 572 765 627 60 847 328 379 503 874 391 30 659 691 829 951 336 958 927 9 585 459 852 767 55 840 839 635 505 9 105 698 965 553 510 188 470 393 970 744 647 669 73 608 494 955 941 169 268 848 967 358 689 649 762 418 954 889 518 898 112 40 201 276 937 354 700 177 951 351 358 938 894 757 32 109 602 671 327 198 758 391 834 877 806 534 733 695 456 919 723 142 819 734 137 777 333 219 865 183
417 289 96 832 296 773 842 128 865 926 689 895 21 911 52 32 377 946 675 640 11 685 668 474 448 935 778 344 54 452 124 362 417 635 589 514 345 849 470 416 85 771 175 904 180 591 27 552 420 860 338 107 957 392 60 921 993 17 568 6 448 899 152 490 432 368 154 905 100 97 659 669 745 470 318 307 829 795 248 821 748 587 929 754 408 6 145 892 996 642 279 912 201 530 727 662 922 668 688 903
846 854 136 145 383 730 930 849 601 787 221 503 324 112 10 679 771 909 227 676 27 34 307 513 92 292 999 618 344 580 174 115 408 242 683 109 962 821 169 551 418 943 256 587 533 554 64 328 433 269 416 830 705 893 577 915 775 3 345 747 870 753 807 608 718 547 827 875 346 338 944 713 141 369 68 891 346 227 924 76 465 817 174 654 650 365 614 0 169 801 339 8 517 460 612 657 547 97 666 591
477 71 420 719 764 38 135 2 778 460 704 414 134 655 569 951 971 445 32 512 671 402 29 286 952 281 399 406 896 747 103 838 244 703 584 244 392 402 249 166 485 70 662 52 384 126 520 128 330 547 951 98 456 1000 176 588 341 522 6 466 345 313 838 387 759 887 831 672 282 323 637 60 976 504 320 600 502 964 185 823 125 246 368 899 268 202 271 586 333 524 609 24 358 939 72 599 213 600 155 324
391 206 699 496 37 175 87 247 917 653 13 157 197 764 844 363 63 438 862 218 31 173 346 725 93 154 415 301 496 615 132 189 363 30 799 269 20 270 965 575 397 726 955 930 614 863 389 586 849 433 497 96 935 527 425 997 125 647 951 916 120 710 205 558 399 805 17 657 513 498 908 824 611 40 803 441 807 520 635 651 247 276 377 729 500 885 749 329 898 111 754 194 68 593 495 121 59 69 817 925
372 798 297 673 618 437 206 796 18 152 281 778 694 546 261 434 929 916 19 858 613 521 726 590 220 409 846 150 534 749 484 754 395 203 651 149 51 172 761 468 159 372 803 515 481 393 712 811 148 516 856 908 336 936 799 667 369 873 60 314 742 870 41 561 815 625 917 502 296 324 880 924 434 133 834 20 941 231 55 989 251 593 647 367 410 379 86 925 163 18 856 937 378 734 73 253 995 152 176 221
80 877 620 930 151 969 733 47 311 151 473 654 379 825 846 86 710 44 968 738 176 427 630 706 206 621 270 401 934 348 302 542 206 246 387 682 496 18 991 971 156 5 943 381 416 436 190 77 490 422 792 167 279 43 151 876 798 267 149 665 254 353 936 718 85 834 728 251 545 932 215 305 69 425 868 804 934 551 603 149 435 41 913 527 554 602 907 456 814 309 39 271 377 300 224 529 798 701 685 166
467 476 533 547 246 796 183 357 436 724 216 78 552 38 154 512 606 937 754 332 499 175 49 148 880 360 913 789 629 772 45 739 451 835 639 388 523 819 339 641 952 595 122 749 644 306 977 807 678 751 142 417 874 213 62 426 328 951 259 534 842 109 599 768 393 206 679 277 409 732 357 735 422 150 938 204 39 54 87 400 30 342 81 768 571 621 482 843 692 439 563 804 172 438 16 521 968 927 996 847
326 207 14 472 161 393 747 803 386 717 30 257 853 122 421 363 304 901 632 640 358 474 110 184 650 30 662 422 354 288 10 199 118 612 320 969 568 411 943 378 10 260 663 133 173 95 191 875 626 852 246 941 362 792 592 40 3 390 959 557 892 451 379 441 968 587 975 54 518 996 410 301 481 732 946 183 325 263 911 602 636 604 937 182 975 410 935 939 698 820 882 596 618 916 332 233 57 902 243 615
816 902 177 200 354 337 709 921 922 564 805 361 446 747 599 148 39 806 908 583 157 938 12 52 738 687 813 890 272 870 561 98 325 575 786 82 918 808 434 741 621 561 332 858 579 651 326 548 335 859 101 752 86 553 711 299 935 418 838 908 208 641 913 592 691 48 721 899 619 967 311 898 737 688 380 522 923 955 884 224 540 658 504 146 543 888 964 842 918 221 341 352 271 160 696 764 725 321 70 736
931 639 981 922 990 363 884 960 39 16 957 734 246 959 330 882 5 325 956 409 193 796 813 175 728 315 878 374 764 129 133 999 334 277 616 697 667 208 827 756 183 246 771 544 521 384 783 284 111 425 727 0 758 483 60 729 86 619 581 474 756 232 618 679 246 258 577 696 128 24 938 226 559 976 800 86 594 93 935 72 42 394 409 413 140 234 16 747 934 799 545 962 367 780 983 838 92 867 322 327
404 528 433 461 746 540 850 740 390 920 709 945 612 480 380 221 824 31 346 772 855 808 944 188 932 133 394 512 431 944 73 403 693 314 675 321 790 697 952 17 214 55 381 975 439 833 154 687 607 691 985 684 996 921 979 453 641 368 375 413 733 448 268 155 590 157 872 87 695 114 314 44 503 292 423 120 467 989 212 272 468 988 970 687 865 428 641 758 616 590 692 527 349 12 740 486 318 558 666 698
204 559 320 714 955 393 351 402 985 163 642 81 475 549 198 611 794 396 488 577 375 605 191 524 693 999 378 65 268 143 72 293 675 200 400 855 711 433 176 809 863 230 471 575 802 768 985 485 792 53 82 144 495 160 909 919 256 238 163 760 730 492 355 517 119 350 92 757 399 771 539 83 21 732 930 450 16 183 440 108 590 518 624 886 598 439 436 179 993 250 568 940 116 453 852 121 990 99 55 446
49 521 731 904 868 657 29 749 512 673 748 107 416 658 18 302 720 381 436 717 276 724 29 267 437 915 336 454 375 495 424 355 754 934 296 244 923 15 632 413 237 315 150 180 616 242 867 809 564 357 144 789 559 928 763 505 937 75 370 68 409 182 277 270 89 779 383 87 407 615 602 434 454 726 951 983 223 535 562 951 799 953 629 2 768 572 626 714 79 710 485 419 157 104 361 281 623 44 166 870
653 457 443 194 368 124 13 48 94 142 391 234 703 861 774 457 840 132 320 116 380 622 590 0 605 92 928 476 666 652 257 113 0 50 369 568 265 100 883 90 275 598 785 841 630 911 72 70 457 627 414 589 96 460 349 21 212 382 186 160 215 653 235 190 440 381 864 478 518 261 761 482 642 417 656 54 570 355 312 599 742 46 983 832 98 573 815 390 354 234 66 988 316 539 77 245 588 155 894 992
194 584 990 669 183 332 843 242 519 597 186 959 500 141 214 544 731 102 843 992 760 639 870 220 657 157 504 284 508 730 208 675 398 432 360 368 557 293 98 95 200 511 717 898 587 924 713 371 116 120 294 480 290 950 770 743 968 819 0 500 379 577 114 179 621 515 400 542 750 335 608 989 69 963 898 773 325 129 122 20 437 696 292 638 414 583 747 321 298 447 405 616 870 134 399 268 888 643 242 885
120 325 835 269 396 880 821 746 436 658 512 859 81 133 188 769 171 783 416 764 767 304 210 832 962 716 303 892 277 446 998 588 133 540 632 268 977 389 869 187 208 653 184 113 730 230 893 980 360 665 274 783 125 29 661 685 510 895 899 912 333 288 548 50 498 688 901 388 467 205 196 11 542 980 497 981 971 564 835 250 819 17 346 304 138 661 777 426 380 116 432 808 481 609 588 821 991 212 850 105
24 961 275 772 342 526 806 80 198 959 761 316 679 389 778 543 216 597 44 521 919 389 321 587 527 205 978 332 835 740 368 116 374 656 890 10 775 541 724 191 465 326 513 238 47 446 123 717 617 160 45 586 857 756 524 564 926 489 503 563 430 525 783 104 594 225 74 588 45 285 740 38 546 626 487 271 60 38 613 725 109 233 27 181 986 702 887 726 465 995 156 981 41 981 934 928 901 810 517 572
520 773 939 620 814 990 912 576 997 145 879 480 532 431 922 631 544 796 867 910 376 68 446 213 189 190 95 309 609 719 611 552 571 1 933 977 642 126 234 693 277 889 656 613 580 242 561 256 820 534 667 467 112 586 691 60 868 936 595 605 591 790 757 114 776 923 487 281 665 507 384 995 214 964 140 98 177 929 251 3 735 837 74 848 28 289 43 543 187 210 43 865 770 272 219 464 395 311 337 335
602 227 135 432 198 5 19 804 63 202 705 601 10 188 609 34 294 323 782 19 648 93 743 435 824 360 863 769 773 988 342 443 158 9 7 983 907 654 283 307 533 184 224 916 840 202 874 715 392 474 67 448 65 963 105 128 744 720 593 72 6 629 873 239 350 14 405 389 106 572 919 882 519 694 748 632 602 520 360 486 39 809 200 572 907 76 342 974 505 674 319 35 667 699 116 488 566 267 173 478
113 910 861 413 870 444 899 721 796 409 462 335 730 310 101 212 5 186 352 2 577 667 133 994 165 202 476 635 570 114 282 392 660 477 406 221 727 95 540 433 513 539 220 604 361 216 406 324 530 652 427 99 538 471 634 558 6 867 289 397 183 525 169 457 683 972 333 199 183 973 218 38 147 160 843 301 850 822 388 649 335 345 291 872 225 100 264 239 524 161 4 961 476 679 678 586 880 574 53 982
242 123 676 385 322 409 20 284 562 632 992 538 683 185 910 571 427 144 730 661 938 287 903 898 652 365 396 758 553 861 3 685 527 160 451 807 292 136 955 136 299 753 115 988 295 959 740 567 650 612 397 744 650 157 191 398 297 627 253 974 741 208 316 345 483 968 905 366 839 224 698 487 464 478 181 373 746 646 266 603 678 844 300 440 316 717 375 168 467 397 823 893 295 19 589 298 594 345 852 875
447 486 990 161 833 151 630 383 424 17 578 553 263 491 612 830 712 630 351 524 522 9 780 411 146 436 509 980 770 433 105 784 641 679 669 624 547 993 578 457 342 388 493 632 976 743 403 213 570 487 363 189 920 208 70 470 600 192 525 153 804 213 411 493 354 897 920 844 704 775 212 0 631 518 804 672 851 898 695 44 755 371 298 82 833 884 592 639 566 507 368 409 283 905 991 470 712 689 235 336
55 139 887 272 309 943 452 740 943 642 84 703 83 988 926 844 90 181 581 156 285 759 128 477 750 337 944 541 621 597 399 958 926 129 89 394 397 910 169 995 568 105 914 491 727 88 40 993 591 369 624 118 838 875 666 289 873 62 63 336 75 502 754 270 865 472 248 887 552 939 690 136 237 440 720 283 915 788 30 215 870 442 240 780 533 59 592 647 393 630 249 340 820 417 344 83 11 875 13 246
73 534 134 941 518 74 661 677 629 455 388 557 177 856 884 683 863 400 273 531 635 301 426 427 299 104 835 404 294 887 69 724 955 671 148 313 268 121 716 729 400 403 596 123 197 661 517 736 742 447 37 961 757 849 577 309 539 550 495 678 123 321 448 304 385 847 748 646 778 748 447 892 974 599 815 518 186 865 779 374 464 217 675 988 287 630 418 3 383 402 593 269 224 883 700 660 663 949 649 301
94 43 12 345 924 477 993 268 982 472 392 18 888 192 427 621 708 612 518 149 648 741 782 224 383 355 508 893 55 268 150 369 498 204 900 46 650 295 650 453 6 389 340 689 491 148 535 614 332 956 588 882 211 91 814 959 812 274 224 586 96 752 1000 826 468 302 576 740 715 61 202 386 216 296 266 126 492 572 795 586 744 782 690 705 725 689 958 376 305 909 9 167 967 502 533 469 156 750 198 221
223 607 457 96 630 577 229 628 792 951 255 968 497 653 380 78 635 998 548 460 186 527 654 199 260 915 528 771 361 145 312 538 458 12 895 172 323 520 139 826 84 908 99 123 378 394 405 903 429 964 537 425 833 359 962 790 565 854 846 181 243 126 316 131 717 571 7 725 910 491 360 224 843 185 375 948 939 792 580 986 793 668 676 379 955 137 451 791 46 147 563 401 426 804 782 11 246 510 448 555
676 978 245 907 520 405 644 204 376 590 905 625 273 382 793 35 244 723 587 277 775 121 962 786 149 347 723 131 933 713 883 784 493 433 404 262 215 941 585 920 286 43 31 163 311 130 784 878 379 58 153 29 494 814 895 52 998 519 223 130 765 526 405 329 520 268 147 389 724 196 803 13 170 795 750 637 879 392 89 74 596 241 671 258 616 267 159 496 752 288 323 61 784 38 235 49 257 851 47 831
832 724 180 386 633 729 183 852 672 751 993 292 259 953 253 713 800 434 382 394 445 231 541 32 78 334 224 138 578 641 786 636 139 442 627 962 85 631 292 901 278 948 58 353 160 419 90 560 483 581 957 416 626 42 567 548 125 867 685 534 858 635 388 160 303 900 443 265 769 269 939 470 183 232 999 349 137 533 556 159 983 989 855 673 80 639 703 909 921 109 340 228 415 175 845 19 108 128 766 648
762 609 729 184 222 693 530 281 571 437 307 324 434 875 641 163 784 177 902 778 321 171 194 898 128 276 39 313 449 82 261 44 136 402 509 957 459 536 225 754 110 383 96 997 57 969 719 78 23 567 168 477 194 52 520 649 92 345 365 107 68 330 72 248 319 562 675 127 900 293 738 220 564 737 184 834 692 345 583 46 265 123 876 5 366 662 299 873 288 825 850 172 288 931 178 855 597 623 782 670
778 215 592 920 350 279 520 682 270 840 800 613 189 744 369 899 294 64 773 141 261 883 246 247 599 794 864 467 511 318 286 252 153 882 456 90 981 128 990 217 39 839 916 342 660 338 372 569 872 168 153 610 97 980 94 518 65 626 94 382 260 132 927 126 86 633 550 818 472 269 705 632 963 383 914 717 913 233 752 940 816 588 173 947 490 666 719 704 479 362 791 772 410 764 863 864 167 507 841 196
557 1 585 315 773 19 969 185 419 982 273 522 290 691 746 948 194 911 242 713 712 27 471 865 58 700 354 789 346 365 31 433 296 409 626 810 615 370 970 0 123 793 683 370 719 125 809 562 517 452 637 304 652 476 752 827 464 608 393 14 198 626 97 395 714 841 697 333 435 300 85 402 676 597 393 204 598 957 745 120 39 148 956 873 44 851 487 809 178 364 151 633 862 210 374 760 158 875 189 466
302 273 444 256 173 733 250 360 162 223 483 950 154 546 353 365 807 199 685 374 362 358 543 852 604 741 306 7 601 170 845 472 359 165 446 49 272 700 377 965 888 368 361 260 446 794 832 473 225 460 982 132 955 89 814 929 170 144 97 677 854 227 671 800 944 825 405 351 994 991 417 224 320 641 162 316 176 548 224 96 602 97 291 431 675 533 366 829 220 801 69 274 723 148 978 409 188 799 682 666
805 871 329 960 290 991 435 478 90 130 181 919 255 298 120 349 628 497 733 1 601 49 883 315 737 285 854 944 769 645 968 869 520 683 645 670 748 287 41 314 482 219 174 951 754 483 562 443 818 40 35 681 877 937 440 828 382 576 22 878 473 296 992 895 546 286 408 135 675 430 422 283 772 605 779 572 457 28 226 880 285 959 143 75 936 114 38 566 643 894 863 133 447 693 339 474 373 842 81 763
786 532 742 325 574 938 180 991 314 672 798 641 120 374 303 480 394 901 501 729 305 130 149 85 820 540 714 463 647 733 627 905 887 982 371 945 10 21 435 765 668 557 579 971 695 393 518 856 578 789 985 917 970 265 244 510 356 62 213 545 780 770 177 995 82 386 113 529 856 474 159 513 488 604 820 572 114 900 393 907 105 153 794 174 9 158 318 342 271 270 295 920 619 105 404 864 311 181 694 128
674 595 22 464 963 519 751 854 945 45 415 977 534 675 810 5 545 180 265 646 707 565 956 902 805 892 684 476 423 729 389 993 538 540 323 463 279 453 73 449 876 467 369 234 461 582 510 775 311 271 213 900 682 834 810 288 156 571 494 313 448 946 396 888 732 13 508 486 436 761 47 620 619 483 793 754 783 1000 293 346 727 748 427 952 647 359 200 745 597 567 704 204 15 407 592 998 587 118 632 644
32 867 908 100 305 220 138 310 519 711 303 657 16 225 182 293 147 345 27 291 612 470 365 639 228 6 92 456 239 598 119 419 698 574 692 67 422 232 262 21 198 533 160 179 417 566 331 49 366 227 786 477 465 652 991 992 882 33 128 91 289 337 89 532 552 272 276 553 837 70 855 574 908 616 148 309 974 684 979 815 614 608 913 408 346 871 931 510 492 14 938 361 362 966 522 762 9 902 270 158
130 745 332 562 709 593 917 966 998 931 123 25 405 695 543 522 14 196 780 767 9 695 707 67 690 93 845 408 792 366 921 526 312 768 120 383 267 386 950 214 459 845 404 635 112 50 6 618 327 746 755 914 89 112 274 416 703 700 955 43 347 876 820 65 29 773 710 385 549 934 1000 858 376 749 404 917 837 56 9 327 790 72 1000 811 51 376 572 301 672 462 367 137 239 316 798 98 942 321 168 921
142 507 246 483 651 295 267 389 69 244 242 954 432 357 986 210 54 540 598 746 90 710 636 64 75 57 654 276 709 653 999 498 990 56 104 988 428 674 926 644 817 452 505 264 971 884 187 905 537 606 453 793 962 286 482 456 271 577 691 191 982 729 255 715 682 206 220 600 832 196 618 503 63 380 498 48 520 280 47 467 711 848 638 669 442 473 600 515 495 129 77 941 374 210 86 733 610 414 237 120
112 620 277 523 697 959 919 562 146 752 939 125 756 567 920 983 137 560 263 360 326 784 293 721 691 643 257 443 930 880 75 276 642 535 790 491 901 142 451 814 510 398 201 669 329 639 477 228 561 553 997 403 235 490 967 368 488 356 789 335 678 381 513 342 435 918 780 843 185 301 799 130 855 325 531 807 600 137 329 845 437 212 362 89 500 489 365 749 145 381 111 798 151 668 388 690 268 736 960 577
507 468 535 13 612 395 825 588 646 118 34 184 533 875 113 149 890 433 994 162 752 59 573 414 544 484 917 534 710 937 544 205 776 172 908 27 873 347 899 535 632 905 726 423 309 111 942 794 20 820 782 160 979 688 306 647 23 954 966 603 155 376 326 887 33 243 790 583 694 824 504 117 60 181 957 113 703 999 882 12 74 7 418 154 848 515 616 757 126 284 841 447 887 974 13 694 480 349 154 699
525 443 790 61 609 583 787 92 90 175 494 251 745 788 470 587 356 43 947 868 603 754 826 192 10 359 502 860 56 225 237 873 127 739 539 204 210 558 143 541 10 597 594 867 608 359 36 590 925 3 32 365 925 726 36 375 579 241 755 152 109 957 679 272 888 395 459 102 226 782 1000 510 527 697 868 158 762 361 262 465 937 714 574 829 16 780 62 921 954 781 675 695 844 512 768 259 277 379 127 815
398 293 880 918 255 198 701 506 302 338 71 894 777 29 152 618 482 676 108 55 798 986 436 34 242 576 458 249 783 215 713 748 499 75 289 749 907 714 377 145 203 717 462 572 562 54 921 650 575 192 357 719 294 96 601 632 658 18 726 713 339 252 94 677 846 715 976 121 174 855 355 230 143 755 516 728 842 754 567 405 32 912 516 508 473 460 824 435 641 969 523 896 908 714 280 452 643 492 614 204
318 396 683 241 634 931 583 403 121 12 206 939 80 560 135 682 101 303 774 901 333 182 251 368 231 544 754 325 492 206 972 782 63 832 53 747 806 800 46 980 378 350 983 879 241 199 562 203 23 424 530 50 132 612 246 183 835 144 894 726 518 883 739 801 447 187 84 414 862 528 120 3 3 492 331 78 979 322 322 893 210 416 805 856 365 917 740 279 894 902 749 562 238 306 139 327 159 538 152 377
457 885 291 891 221 123 117 427 320 144 370 710 965 391 528 336 296 788 856 654 172 600 368 636 195 344 287 388 233 94 827 523 90 745 15 427 548 403 534 170 627 417 489 537 866 957 846 525 509 584 974 636 205 11 150 513 523 356 58 888 488 924 190 887 52 456 813 875 821 600 967 792 518 478 866 615 165 864 741 47 557 708 897 281 716 783 904 12 245 720 860 670 761 611 906 764 248 139 810 645
986 344 133 225 74 386 361 852 661 676 549 288 728 577 380 503 665 663 178 926 238 290 392 439 175 867 765 958 163 160 543 237 467 582 513 438 754 223 724 947 828 82 461 482 24 921 435 589 932 430 824 535 767 741 956 2 179 208 783 889 144 222 913 832 900 576 425 279 1000 969 253 941 729 663 56 604 625 498 503 745 694 843 119 957 106 382 934 117 395 338 4 359 179 462 276 571 4 264 604 292
53 225 970 846 45 544 314 499 819 852 491 543 568 335 871 541 861 571 861 91 399 939 867 386 467 256 446 219 594 685 812 122 78 867 141 385 888 579 9 437 700 586 754 765 713 94 638 460 413 75 901 995 850 428 265 926 304 80 337 98 166 691 386 625 709 857 812 535 218 170 328 421 410 715 682 488 784 990 520 590 979 728 15 566 918 628 720 68 287 309 743 676 202 467 419 467 347 520 256 381
471 365 149 174 160 795 881 241 647 312 920 984 898 766 156 920 590 359 730 577 72 720 671 326 879 85 117 143 973 784 562 906 233 9 62 14 977 617 137 71 506 870 828 547 959 689 45 816 670 539 624 602 349 651 700 176 130 239 589 889 792 473 788 558 808 713 949 412 893 176 246 265 220 654 584 307 775 174 709 799 110 593 495 418 245 55 223 782 455 712 920 962 669 658 245 751 231 652 302 737
969 599 340 328 918 335 379 655 810 607 120 904 301 221 880 241 414 111 643 875 717 580 939 392 838 271 252 896 868 650 182 262 144 275 747 112 838 476 724 912 613 936 726 139 890 727 332 376 317 148 376 480 532 257 265 740 878 70 357 794 914 566 872 803 939 134 510 20 756 530 0 198 333 824 801 822 118 997 706 356 573 998 128 223 474 599 71 862 386 644 877 946 412 369 347 340 783 289 540 667
666 372 911 95 785 529 984 819 441 410 139 234 839 44 690 682 578 365 169 169 528 667 284 500 53 861 221 342 277 648 931 596 828 901 579 488 526 577 861 408 191 418 242 352 386 772 565 389 19 646 513 863 813 830 329 120 488 241 262 217 668 763 796 918 358 776 757 77 45 125 969 772 219 351 808 690 340 886 350 978 252 289 262 390 96 635 878 773 36 415 222 65 13 386 505 496 44 886 184 374
862 108 924 534 80 393 970 586 962 227 58 197 573 904 669 861 620 675 769 473 175 25 208 431 609 149 776 414 230 636 426 369 780 3 269 928 732 977 921 717 675 76 598 573 230 761 91 944 736 569 626 959 530 919 127 654 36 324 123 134 526 921 245 898 137 712 859 481 234 843 838 970 222 825 976 201 403 138 299 350 251 754 867 768 577 386 844 715 150 751 524 867 378 845 628 633 667 240 142 29
557 612 204 260 864 596 836 367 291 542 693 63 24 455 937 244 433 5 373 200 599 434 948 217 208 688 998 151 410 602 252 144 468 264 922 307 198 977 278 200 493 941 750 3 854 365 150 958 247 226 850 78 746 265 952 651 681 945 977 928 174 332 517 963 982 525 505 66 531 108 745 570 893 784 566 743 377 529 41 367 508 384 173 497 498 903 896 240 370 617 895 243 245 179 692 365 914 888 563 538
381 463 993 354 958 352 811 953 864 348 496 500 981 29 361 294 428 5 650 818 173 26 147 897 461 994 369 927 771 330 259 471 922 623 924 336 236 62 646 491 163 236 438 966 43 98 17 439 948 265 33 560 608 954 278 551 252 528 714 147 631 924 620 372 560 169 639 708 989 111 120 345 84 893 61 164 330 236 707 518 736 467 769 844 657 589 549 23 426 328 494 825 973 47 843 839 771 83 40 730
323 185 141 67 165 257 705 432 723 0 652 575 235 818 933 126 975 519 742 348 131 874 247 344 937 700 811 211 898 596 874 211 310 271 229 955 808 76 292 980 358 134 192 25 135 975 957 93 593 586 295 939 650 127 790 194 575 121 660 452 984 718 239 717 363 266 648 366 255 337 545 572 193 184 776 887 461 808 175 357 414 383 557 931 929 179 374 784 268 368 923 905 580 32 579 28 443 759 669 263
548 567 369 865 77 414 960 508 479 843 718 273 486 24 908 900 43 747 275 627 159 784 698 103 808 520 522 251 497 643 165 407 39 496 953 720 723 522 831 772 232 265 933 967 356 699 78 760 885 401 0 253 330 676 367 307 798 332 680 430 299 908 526 504 691 562 161 460 601 744 786 515 650 528 634 638 752 975 979 627 8 10 852 339 750 784 367 894 130 363 595 39 531 886 770 374 398 432 237 542
312 792 605 780 306 395 9 384 821 756 731 527 601 901 261 864 451 149 712 106 706 880 151 304 410 558 925 208 463 497 813 723 974 773 273 265 662 347 352 387 153 781 100 615 568 535 528 553 251 212 696 96 598 855 9 153 283 655 786 963 515 633 835 764 311 523 167 467 80 918 561 835 449 458 898 524 395 83 684 861 676 829 715 668 435 508 493 645 963 664 768 552 845 911 85 134 311 933 86 666
159 472 749 965 649 76 443 435 501 240 148 262 873 731 911 695 219 758 323 485 413 637 421 472 5 998 313 36 328 166 500 846 909 267 130 104 206 404 923 782 147 775 638 218 72 992 390 347 333 882 441 462 71 676 511 906 305 309 712 424 781 296 798 151 974 655 647 673 678 523 198 430 599 59 124 409 418 573 727 270 240 595 734 374 385 474 561 967 921 735 835 776 577 645 272 533 21 563 735 178
759 349 172 807 587 741 853 790 619 465 70 280 669 563 398 39 739 168 241 448 341 88 26 553 666 544 923 853 945 472 565 161 651 672 481 454 810 976 180 535 607 757 96 140 767 534 9 421 23 820 257 607 470 221 979 281 662 67 654 795 141 225 409 980 319 467 154 629 574 691 811 63 607 656 17 731 240 104 389 527 946 106 859 335 255 812 455 200 62 729 391 605 929 886 724 88 705 22 956 766
93 659 738 202 417 52 307 430 671 223 116 588 43 7 525 714 613 537 457 781 30 856 951 850 15 271 871 838 668 67 807 737 615 298 916 854 36 10 174 397 902 166 933 869 26 799 74 49 69 980 564 702 411 574 829 638 429 287 757 605 445 250 391 733 690 605 25 498 908 354 80 850 629 510 463 906 155 320 63 687 33 843 365 505 481 944 831 789 317 205 863 59 152 67 385 160 276 772 483 439
554 727 974 341 572 279 69 609 640 685 635 745 47 65 748 641 311 880 565 216 290 872 481 291 830 360 539 299 860 69 683 110 103 370 209 126 578 350 663 39 630 568 993 577 471 654 229 511 157 292 255 728 601 344 352 521 604 949 167 374 604 974 171 506 218 956 356 911 916 510 867 763 32 34 833 641 599 862 450 821 928 78 688 661 625 725 111 517 971 203 808 310 863 366 702 481 455 440 576 796
406 421 657 585 244 859 180 40 976 349 13 109 227 423 6 430 801 829 947 902 971 374 511 761 114 767 551 700 373 68 415 966 265 955 159 532 280 247 566 960 203 884 882 524 102 573 666 220 538 427 204 991 419 689 357 170 599 477 146 743 349 653 925 612 772 100 806 320 38 70 499 994 29 454 929 119 292 457 386 104 134 681 707 196 507 994 585 919 98 552 947 974 0 56 578 129 89 211 891 530
134 993 817 449 192 980 492 470 919 428 315 710 949 368 667 730 701 333 826 734 503 897 494 787 413 191 841 768 362 766 399 408 909 911 200 721 19 221 772 436 252 809 798 689 360 499 222 849 379 569 465 430 557 735 892 281 814 481 317 787 263 347 508 312 973 916 685 680 155 334 696 671 11 858 582 661 290 313 287 484 764 213 10 112 462 368 570 276 308 378 703 917 908 882 660 134 318 389 85 15
919 456 851 153 305 540 362 564 658 229 251 59 567 716 681 889 9 490 396 4 441 134 485 951 605 597 817 681 742 401 871 716 830 487 752 149 301 613 789 923 734 200 116 565 492 262 396 716 517 879 76 497 81 965 427 719 699 720 433 485 680 507 360 444 240 458 572 58 381 268 439 183 27 825 6 735 703 374 38 346 770 293 235 931 887 173 140 231 841 219 840 691 122 594 841 394 891 898 646 712
54 757 34 495 700 883 354 102 49 736 863 256 648 1000 112 811 687 495 970 370 975 791 633 192 21 842 29 687 706 155 156 538 851 637 898 242 557 2 514 552 8 252 461 149 934 748 934 469 879 843 792 565 110 58 943 233 777 954 768 775 625 422 965 535 445 513 502 670 680 474 882 44 120 727 923 796 963 833 301 371 446 474 331 144 754 863 168 906 463 312 428 434 175 890 228 711 89 430 581 137
967 612 470 933 698 634 392 110 894 149 556 715 735 413 274 749 503 351 896 538 406 950 647 62 211 937 675 901 400 720 214 754 480 848 396 892 252 722 253 938 545 674 613 868 544 395 263 316 461 78 986 827 694 710 789 889 995 486 4 395 892 458 538 893 816 701 145 548 99 350 747 60 456 118 69 567 74 0 502 129 241 31 964 552 914 369 696 385 805 97 352 711 649 621 730 294 907 729 451 203
177 217 869 857 437 975 590 488 839 327 250 689 800 138 227 308 179 872 598 121 244 881 558 492 940 463 632 27 526 914 924 966 606 221 228 775 477 882 84 263 467 475 173 286 560 40 941 55 553 746 433 214 519 256 540 230 528 574 335 513 104 903 910 183 574 931 978 804 565 933 983 205 595 219 616 727 596 960 708 229 336 716 641 390 315 647 49 794 461 737 206 844 527 130 595 216 872 348 907 375
681 610 271 279 542 240 292 707 765 231 866 50 501 9 537 559 183 587 332 831 237 273 674 150 68 848 955 551 49 301 308 71 564 417 100 409 139 82 473 161 454 672 19 229 875 778 735 554 498 57 801 404 953 533 199 853 416 418 305 619 921 828 374 807 25 515 563 178 848 829 309 317 714 693 918 121 110 570 584 63 748 956 6 377 352 142 720 814 930 543 242 224 127 682 599 770 207 751 654 480
539 646 369 765 758 331 921 878 966 449 838 380 366 500 612 370 7 189 571 682 721 142 107 173 334 770 163 52 231 279 239 769 134 975 117 923 16 603 103 412 991 884 526 923 932 942 365 182 357 248 800 400 700 187 227 416 839 286 645 67 461 435 350 194 152 988 799 240 470 39 977 943 201 855 9 416 633 804 110 490 8 424 638 76 149 759 397 87 30 100 490 234 86 806 803 455 981 161 70 922
589 94 3 94 287 245 194 377 928 512 688 567 449 860 819 886 380 314 751 975 79 777 549 816 384 126 595 360 562 790 677 114 357 178 402 381 404 966 225 144 876 38 249 233 445 906 196 479 227 9 562 730 618 79 665 484 901 681 208 48 10 133 867 80 90 770 863 604 578 845 164 193 522 774 254 427 290 516 912 527 689 515 360 485 104 799 532 913 586 880 149 149 317 720 94 777 71 509 156 279
826 867 557 663 72 855 874 170 555 59 644 27 755 723 680 439 277 719 270 778 150 160 89 373 826 994 359 666 854 400 163 232 456 796 294 700 217 138 135 385 178 974 541 227 637 961 673 409 12 394 846 557 289 266 887 676 665 776 818 428 120 394 139 232 579 101 643 663 832 640 457 696 493 962 164 873 187 993 935 906 877 255 795 341 136 734 750 562 691 900 694 739 905 537 783 116 858 844 858 28
561 335 911 947 952 953 284 899 544 72 322 833 571 621 766 780 165 648 332 852 808 489 322 504 644 158 691 187 253 312 340 251 485 304 271 465 873 824 716 789 674 296 947 667 564 29 924 236 180 432 723 85 664 473 592 43 291 908 57 586 659 140 949 941 281 418 268 796 251 178 637 150 743 389 721 998 64 854 505 71 546 225 464 5 856 822 656 209 543 943 684 933 529 493 645 144 801 157 925 223
908 207 923 485 553 916 48 368 365 327 634 241 21 676 474 984 969 792 283 313 865 853 45 900 466 510 860 767 405 119 921 31 104 131 804 514 179 954 117 393 129 633 459 777 270 712 70 904 762 59 481 983 246 378 547 287 446 74 628 195 190 928 943 348 766 605 870 46 338 951 655 8 172 349 435 707 880 211 78 314 738 778 681 182 618 779 562 80 259 620 802 659 630 960 40 238 659 501 892 728
431 922 440 235 504 87 370 0 999 345 205 71 3 193 405 164 892 734 327 932 659 798 249 650 550 850 962 103 586 241 896 861 48 514 51 94 915 727 460 332 258 31 208 263 98 45 362 19 815 337 568 647 153 146 60 500 707 273 549 273 464 710 775 306 550 965 966 236 288 950 283 895 223 325 270 472 815 989 955 85 338 909 639 948 432 296 205 549 210 594 970 4 389 641 608 86 90 920 149 838
765 531 366 256 883 490 298 653 851 937 19 106 885 418 543 324 581 371 641 246 128 255 964 142 328 806 553 437 513 655 857 246 455 118 212 484 287 772 159 75 365 912 191 200 793 829 696 657 463 540 672 166 741 834 956 872 403 790 98 463 305 351 6 969 565 523 992 747 100 213 442 498 730 81 565 22 339 308 160 141 134 124 596 348 127 739 289 16 245 106 874 832 200 21 665 640 422 240 596 971
743 988 266 11 159 792 62 603 881 997 66 803 400 390 19 6 662 292 209 700 483 776 629 904 341 593 280 510 554 803 117 831 356 189 16 261 457 11 558 528 593 372 39 442 969 405 191 9 645 509 300 131 305 513 699 925 934 96 98 0 599 725 950 555 552 551 236 546 190 201 740 216 375 687 556 595 974 35 818 543 460 409 398 573 89 172 891 709 460 904 360 831 366 541 301 0 151 457 430 438
611 65 747 992 544 793 264 814 521 569 715 290 210 132 184 415 158 467 912 938 88 638 427 665 402 416 727 411 444 927 180 242 143 302 336 944 602 243 637 501 111 237 420 920 302 633 298 434 233 487 866 488 60 63 172 797 222 804 217 216 85 642 248 819 809 841 423 903 805 900 277 598 450 466 222 560 712 192 72 174 155 334 166 522 20 23 374 544 599 519 228 768 941 834 547 485 859 616 123 97
426 822 97 127 596 459 947 950 197 350 291 903 160 595 157 235 286 298 972 963 10 560 874 39 190 173 616 615 990 284 736 136 571 919 348 714 62 144 973 485 794 0 643 498 134 161 499 565 3 546 161 224 372 610 748 657 890 175 428 779 426 354 654 540 746 646 659 770 791 538 229 99 515 231 676 772 442 264 288 133 892 408 987 907 283 491 611 548 66 207 357 427 909 201 963 210 67 876 506 78
922 250 918 420 730 581 571 602 75 939 795 794 796 714 574 945 448 4 494 840 622 265 380 567 958 587 162 76 692 103 662 953 938 331 881 550 23 648 216 157 28 468 13 861 315 165 900 974 49 107 67 867 84 614 41 89 980 564 706 842 769 410 424 368 518 747 47 291 17 384 465 470 467 313 517 273 639 521 896 222 693 198 553 316 597 86 654 260 861 240 535 322 27 401 975 443 928 18 406 395
783 528 96 922 814 338 685 171 294 229 247 469 29 16 232 598 683 394 196 376 399 112 140 407 248 250 956 423 67 632 375 528 226 343 946 179 459 349 786 258 37 934 846 559 936 209 389 825 434 419 501 271 855 427 47 844 683 970 766 901 314 820 570 990 596 102 900 411 855 627 620 787 286 430 122 847 326 739 428 881 884 963 525 733 235 186 168 753 409 970 99 928 983 888 230 329 257 167 703 887
126 131 554 355 944 784 141 864 295 82 156 369 938 629 768 406 425 921 812 380 36 686 619 805 295 717 573 338 914 817 823 708 220 57 614 614 447 378 994 177 708 953 549 497 465 54 582 598 250 779 294 417 426 951 893 537 352 889 847 927 211 43 93 395 715 662 878 558 492 417 836 941 420 299 337 869 50 601 342 789 562 629 112 608 269 937 902 775 360 286 375 418 974 862 596 661 727 470 543 205
966 628 490 105 178 31 451 104 507 992 761 476 343 223 350 827 947 460 256 704 515 540 898 468 374 65 58 155 40 820 406 651 299 301 1 443 526 752 561 183 426 435 327 627 541 807 164 868 570 140 555 997 468 721 621 378 11 478 267 258 308 768 852 581 69 858 127 872 29 122 71 234 857 117 901 332 773 292 328 490 142 584 99 819 675 193 197 425 706 130 235 290 217 978 395 814 319 669 320 315
152 57 488 466 621 424 563 200 457 591 36 398 474 601 459 698 815 476 723 810 517 932 708 328 51 555 766 726 693 707 682 314 858 832 116 443 507 200 538 83 167 84 938 927 949 37 692 806 214 535 422 618 76 879 676 846 666 495 722 535 324 213 650 221 117 831 736 487 237 982 652 77 588 725 160 496 611 192 88 613 581 190 240 57 433 686 535 36 240 494 958 594 868 840 684 195 669 887 667 163
384 223 345 595 534 1 921 252 230 24 263 565 433 55 869 23 85 426 464 723 411 1 346 16 661 171 816 886 870 710 377 319 80 856 908 660 483 890 460 516 19 418 722 619 925 759 610 841 728 744 749 45 530 769 659 656 721 367 935 530 289 571 468 906 206 804 829 545 603 508 748 102 60 187 541 728 933 960 572 134 508 473 281 618 357 418 612 982 718 718 741 631 420 456 50 215 637 800 37 851
378 494 548 590 433 461 646 4 876 292 480 581 775 480 267 125 667 42 502 533 235 22 590 256 17 313 204 121 896 15 60 964 477 371 314 68 148 65 229 323 298 364 885 769 617 233 750 20 833 386 109 83 69 697 907 64 423 37 157 246 786 447 996 108 163 203 838 512 887 555 262 521 691 131 149 998 133 717 774 217 138 700 269 394 196 478 617 814 517 264 805 62 565 208 59 204 533 854 650 555
407 151 358 556 583 237 270 816 225 37 57 916 739 431 83 78 705 238 45 400 784 417 719 349 800 807 422 512 510 796 240 912 164 50 737 596 93 460 280 769 204 841 932 763 181 679 759 86 935 53 115 868 595 596 851 188 108 187 190 641 438 2 445 957 971 815 825 348 558 873 897 76 117 149 67 870 559 712 780 735 208 998 198 477 29 786 921 342 85 381 378 743 911 40 998 221 388 549 727 66
406 726 818 294 667 334 82 838 303 53 599 328 1 829 476 963 279 512 919 962 931 415 732 353 43 453 509 317 368 674 675 88 241 616 139 487 385 265 730 391 60 319 817 784 788 175 517 316 33 63 615 360 934 574 972 324 571 650 146 511 150 330 877 290 18 982 918 353 350 381 418 713 168 410 325 490 285 112 300 113 1000 973 860 550 629 392 259 829 555 452 291 79 937 637 749 938 116 703 865 458
157 840 859 438 244 185 574 69 977 216 122 80 628 645 535 562 46 25 82 490 865 229 958 323 636 852 129 281 475 248 338 511 443 137 866 904 981 770 668 885 595 103 312 631 294 115 276 553 794 423 898 835 566 40 119 514 274 538 86 799 565 761 342 438 557 762 67 186 809 456 950 611 703 552 67 739 304 696 601 826 75 141 943 471 37 115 948 23 528 727 610 917 923 377 430 207 852 213 310 339
918 992 545 727 643 98 556 73 11 861 541 588 713 351 761 423 128 17 229 488 804 334 20 978 686 368 711 29 891 450 833 93 822 494 707 222 518 354 613 986 229 205 823 418 855 978 850 795 244 563 692 197 836 884 867 337 705 251 432 581 210 781 81 543 711 103 903 413 187 1 204 994 885 5 529 438 890 416 611 953 568 684 373 104 474 151 120 151 699 988 358 159 541 814 314 644 37 749 230 254
637 323 563 362 773 827 872 903 87 122 125 445 643 950 640 430 506 751 386 705 469 594 30 274 985 665 117 968 841 196 205 621 837 148 637 750 230 380 994 932 778 220 982 790 331 113 562 198 241 928 504 29 892 511 739 336 675 267 117 48 494 881 404 795 358 948 386 656 178 667 847 581 805 413 593 480 796 952 117 98 102 816 492 901 332 253 969 62 937 511 509 962 602 748 529 436 513 444 794 928
988 760 220 245 830 79 546 751 368 978 644 957 825 185 700 251 770 489 811 638 507 592 0 417 986 550 813 184 87 413 824 921 955 29 262 493 563 497 631 952 480 801 576 753 232 72 430 0 592 883 594 273 145 603 911 228 407 853 201 685 735 572 887 446 27 296 673 258 817 121 349 781 604 479 704 846 906 931 211 509 153 779 598 712 810 614 133 19 847 533 328 271 710 675 791 932 672 183 713 297
355 929 846 399 997 791 228 531 614 227 38 89 945 68 256 45 332 858 140 911 885 924 256 904 719 292 196 10 560 565 547 891 423 843 120 603 116 99 310 250 64 120 737 269 349 548 737 960 544 873 126 980 148 942 412 454 768 473 466 252 454 773 493 959 319 634 298 367 683 566 342 13 53 662 472 834 875 366 49 107 143 603 967 38 403 604 938 189 877 359 21 69 388 2 403 222 261 611 30 719
166 862 683 258 444 334 373 28 170 980 171 941 969 437 440 279 25 900 868 880 640 511 655 856 393 994 47 668 556 757 889 928 194 113 78 553 786 395 845 105 122 102 127 484 68 86 562 988 596 443 654 65 142 222 825 435 853 38 692 949 205 749 89 184 680 318 274 961 927 371 447 191 569 809 342 623 154 443 257 697 770 718 59 927 353 48 84 970 317 614 793 201 501 535 156 138 144 724 568 925
80 19 202 396 893 262 548 527 662 24 43 484 411 214 336 145 359 524 377 235 70 463 308 79 277 492 633 226 228 862 123 358 528 712 188 306 145 343 425 892 206 19 878 348 713 800 407 367 391 476 588 679 17 401 310 398 366 351 55 445 420 464 553 71 767 253 989 168 484 813 48 463 982 378 979 225 252 252 670 732 699 153 70 6 701 567 644 971 958 50 668 377 373 263 588 394 329 850 195 22
176 139 921 750 83 580 974 924 725 234 21 637 975 638 538 821 723 161 111 854 222 264 751 405 514 563 347 201 35 980 136 626 721 356 921 214 408 747 483 9 221 288 754 574 321 416 720 241 3 938 267 16 840 425 216 836 385 839 431 601 206 708 303 655 623 302 449 375 841 975 591 123 128 390 968 948 317 112 394 538 614 309 938 694 998 791 902 264 510 755 126 555 273 215 887 40 642 501 6 852
804 94 65 146 305 360 43 695 886 224 68 369 292 88 691 481 931 483 649 285 576 595 702 257 684 516 459 625 456 28 433 924 785 807 585 110 606 290 774 773 57 23 537 507 259 826 818 277 792 827 519 848 860 993 339 141 289 730 468 412 913 488 573 170 990 112 157 193 772 877 703 226 467 185 802 342 960 96 636 595 588 985 23 427 353 385 465 688 391 874 988 536 242 780 723 375 484 693 675 231
988 579 475 473 56 54 774 613 17 131 44 49 675 886 610 864 118 188 175 949 243 69 944 420 567 889 3 605 93 153 79 364 557 551 365 907 980 527 374 741 686 809 927 188 696 927 348 507 172 774 225 215 671 944 553 228 439 423 228 668 750 943 607 847 118 950 982 659 817 915 742 912 253 702 814 614 151 304 167 658 720 147 223 546 704 182 210 563 56 391 445 912 995 814 675 475 401 898 221 223
470 3 910 281 328 436 247 325 172 9 853 49 73 132 525 898 878 59 53 212 379 438 988 482 263 801 552 498 997 900 261 223 882 935 766 795 595 399 197 167 162 594 736 416 455 164 943 188 59 356 70 157 276 133 477 17 499 775 675 348 502 377 884 830 481 807 633 787 117 515 304 540 368 632 869 282 99 169 212 538 162 47 167 271 602 365 992 466 673 956 844 78 749 848 876 60 717 607 466 620
103 973 312 761 224 993 138 703 889 748 517 893 212 403 892 960 727 835 987 853 635 18 400 163 549 255 423 232 873 758 271 646 613 840 199 664 388 499 875 614 717 256 975 825 641 186 127 149 719 596 403 957 481 718 211 665 678 111 705 144 112 546 292 55 59 410 104 825 540 446 474 748 78 345 705 793 579 159 131 303 405 264 340 859 772 368 505 548 344 560 861 445 62 542 516 93 116 873 482 794
949 442 387 944 887 316 45 810 594 282 304 390 673 941 606 29 432 857 18 230 516 181 909 161 630 57 638 585 669 35 784 972 178 374 234 453 68 638 546 34 944 24 488 591 214 267 845 326 965 279 125 302 866 736 359 707 943 318 190 443 289 733 132 940 685 494 284 243 258 380 781 569 840 313 526 724 809 776 320 828 135 42 405 141 787 772 120 395 957 385 920 242 957 416 34 873 569 385 959 391
485 593 70 620 324 957 930 602 528 698 545 725 425 187 862 166 521 911 807 801 500 909 109 767 864 791 78 807 748 652 745 855 148 1000 349 636 955 225 772 449 357 842 664 89 42 13 120 345 728 534 873 218 28 751 526 61 846 116 460 587 453 883 365 712 919 840 337 354 957 608 729 371 688 724 689 665 478 993 857 961 248 970 350 507 778 669 867 145 83 176 792 105 435 625 696 463 512 522 42 405
514 72 35 856 418 726 395 317 307 797 722 679 956 994 233 731 407 501 220 992 900 450 402 619 416 448 873 617 57 867 56 130 95 627 102 51 46 766 795 651 244 466 320 92 312 525 710 439 399 349 743 839 35 795 4 404 197 210 575 940 432 337 702 33 114 181 215 515 426 349 359 248 583 159 671 452 181 123 842 381 430 708 811 591 208 757 152 863 321 28 618 461 339 354 491 279 129 499 566 556
844 999 478 697 609 246 715 322 748 106 937 250 615 826 882 998 450 21 559 233 269 987 934 739 79 525 122 59 986 552 575 308 735 189 328 22 126 190 389 373 595 754 929 525 939 616 689 619 296 632 881 609 757 382 499 87 128 86 297 269 445 581 921 823 449 422 855 661 48 459 400 349 145 558 521 643 543 666 246 254 273 827 597 525 930 726 738 524 664 734 208 623 245 820 662 299 368 175 195 16
392 779 646 213 990 631 41 518 97 148 847 517 204 822 652 567 542 447 490 986 46 941 393 129 592 298 809 546 862 54 211 82 767 916 652 487 907 171 451 420 466 599 655 440 740 340 389 534 703 13 398 512 75 565 860 768 956 865 245 618 569 725 895 526 891 894 739 608 886 902 17 643 510 182 348 527 547 187 801 157 499 274 622 252 947 45 39 828 854 318 38 86 471 480 61 435 684 766 857 761
106 656 282 147 104 890 358 472 238 653 545 416 806 732 924 457 145 889 106 377 879 598 241 661 538 369 955 119 14 747 500 134 312 130 109 528 637 537 966 471 865 514 704 713 957 485 991 173 387 848 221 147 10 638 749 37 209 936 924 714 837 146 294 178 768 468 695 206 841 351 0 550 40 817 960 764 917 867 768 828 797 206 545 653 952 538 20 759 261 37 565 804 167 86 676 59 787 31 904 521
150 532 957 717 201 741 907 530 215 571 375 804 516 224 65 143 188 957 613 266 845 841 732 182 252 256 489 129 895 54 619 749 883 773 59 297 636 718 248 948 442 624 980 475 37 497 888 990 675 170 705 825 852 209 203 7 192 229 553 560 61 181 943 56 401 110 895 419 648 359 727 791 65 957 246 360 725 224 530 575 825 203 530 51 243 61 213 598 718 33 682 122 406 791 63 49 771 507 44 903
28 441 47 376 464 189 53 55 436 729 479 138 414 356 232 762 808 516 485 616 115 404 363 6 812 214 864 531 284 58 920 847 87 571 697 483 620 400 266 357 77 423 884 403 761 445 246 602 151 803 759 213 931 732 972 512 620 891 552 897 775 224 102 856 583 546 128 431 455 618 656 244 501 835 172 867 230 476 930 258 569 976 354 712 143 660 710 126 602 5 327 777 177 776 789 454 856 709 443 819
925 679 364 993 124 294 566 978 909 277 803 313 209 926 385 348 427 870 414 962 260 746 35 365 72 604 360 452 252 73 805 64 730 914 315 581 10 532 386 652 805 810 776 907 380 44 666 959 132 558 471 843 641 765 37 263 698 38 537 905 517 191 291 166 885 328 881 413 739 230 390 451 811 539 506 29 319 528 934 211 94 658 577 529 444 69 96 966 237 474 970 954 312 790 20 296 186 237 284 697
528 756 342 713 888 619 502 136 497 785 951 256 665 239 671 490 748 4 592 260 343 204 915 87 290 792 708 712 13 610 369 307 10 743 493 394 4 36 844 626 629 380 16 543 287 226 184 750 570 132 956 963 622 859 525 183 111 639 402 889 611 419 805 450 603 59 429 139 961 823 789 663 67 675 570 353 560 889 493 114 562 991 162 997 506 272 318 277 34 731 982 843 795 304 242 525 650 824 894 550
637 660 483 870 273 817 464 358 384 689 613 673 899 823 882 497 310 854 493 753 463 519 375 392 684 491 987 29 483 678 384 590 391 498 108 83 349 440 116 953 380 982 356 257 143 190 152 787 314 717 529 989 670 751 84 973 435 985 412 585 429 888 995 8 872 6 558 324 123 556 501 838 526 880 846 207 139 971 787 357 651 834 475 291 381 542 108 139 981 503 49 909 27 786 261 345 841 397 682 829
230 409 512 416 153 6 519 831 847 359 846 346 571 973 634 439 663 805 856 855 931 675 146 37 889 510 148 536 864 61 789 698 379 773 514 294 548 768 953 804 238 36 446 60 535 683 783 327 822 870 363 842 768 926 86 166 152 953 209 609 953 309 671 405 879 944 493 242 153 765 287 528 161 168 9 351 736 727 285 783 447 44 245 154 902 297 998 397 873 543 173 164 40 50 576 907 805 618 733 642
449 683 760 242 695 461 804 761 598 294 434 735 839 624 603 802 537 482 646 306 303 596 539 445 834 391 337 531 623 760 892 990 112 444 397 245 834 192 910 865 51 8 828 175 554 470 805 110 311 840 383 180 558 784 930 913 25 826 506 441 720 539 202 226 697 580 678 599 751 279 565 780 97 295 764 209 305 590 888 899 184 531 5 39 742 85 996 633 217 999 343 321 129 791 589 244 973 139 204 32
141 402 172 576 832 732 567 756 738 896 30 514 415 734 289 362 741 535 464 184 789 721 512 586 692 335 661 772 718 901 646 170 441 469 580 202 469 413 368 819 549 750 45 389 589 823 411 548 926 60 709 84 841 517 868 501 272 490 836 288 611 5 58 773 229 500 117 315 474 965 213 116 361 450 223 393 538 215 967 99 46 753 416 613 610 792 458 53 79 80 957 814 442 992 402 955 669 148 749 648
747 643 797 394 404 355 767 168 343 587 389 13 30 324 677 337 173 304 545 12 201 127 441 636 334 130 832 821 85 222 145 388 456 99 798 689 33 576 766 860 316 513 299 189 814 432 528 966 782 88 354 256 443 36 445 436 242 749 395 387 261 271 81 74 782 913 796 638 508 873 598 939 414 989 366 412 934 554 332 838 443 410 154 430 545 873 883 920 235 717 436 843 791 612 557 313 551 292 877 583
501 265 253 513 963 741 230 850 986 734 23 724 953 81 571 3 417 265 883 746 332 56 787 139 272 310 237 589 360 841 528 547 756 558 632 777 440 144 13 575 700 926 539 550 341 231 885 87 12 499 524 938 560 400 863 557 174 891 354 399 17 903 497 698 954 752 101 602 565 413 509 908 99 286 51 196 95 95 290 708 208 854 455 238 372 489 14 708 19 896 103 492 369 317 674 781 315 334 521 635
104 824 904 33 509 520 644 789 562 349 625 369 912 849 56 927 344 111 292 400 53 95 205 752 766 81 722 840 878 911 226 151 4 587 611 124 210 456 969 450 465 479 28 338 238 39 234 241 155 305 81 680 901 389 36 939 776 867 311 492 632 922 36 818 450 119 168 966 628 856 998 994 710 172 574 457 64 821 727 429 227 728 327 944 78 101 308 584 164 121 307 248 8 350 554 614 87 259 923 772
584 431 111 713 398 287 658 874 705 707 718 189 765 631 757 791 430 232 713 667 255 565 973 241 512 263 523 112 325 623 633 834 73 571 753 991 589 523 268 857 54 108 461 265 369 125 572 756 753 810 628 916 20 603 832 184 225 782 873 423 763 550 376 281 987 934 733 425 111 516 804 723 670 835 5 971 31 650 16 14 815 982 747 128 967 759 563 292 456 477 388 885 239 153 138 58 501 465 705 349
296 555 440 979 832 353 785 196 943 542 541 334 143 874 238 739 535 912 947 792 841 710 344 481 119 931 862 793 10 924 981 88 746 801 979 37 852 555 452 458 63 114 702 213 631 959 168 734 316 255 498 823 55 0 337 970 1000 387 825 168 93 709 92 731 764 445 166 20 461 684 303 459 535 261 940 769 362 234 222 120 225 166 30 961 762 509 944 264 771 241 87 669 403 656 316 296 883 988 361 224
699 240 846 668 654 816 793 534 665 806 613 330 869 370 279 301 716 467 996 970 344 648 176 747 786 93 930 68 435 403 472 721 797 875 182 663 50 719 924 955 591 744 585 220 942 119 890 245 796 629 678 671 715 468 468 910 715 893 260 993 892 387 816 236 366 527 103 627 396 24 645 161 80 137 934 685 66 329 477 801 202 685 110 727 798 161 970 163 163 394 232 249 831 261 223 746 334 701 948 65
225 105 617 878 235 209 668 317 153 102 505 185 458 882 66 282 364 161 126 738 184 440 939 191 605 385 126 483 404 228 319 841 171 893 427 608 48 778 30 696 868 442 684 477 974 687 954 860 878 942 981 301 109 255 589 374 364 73 335 931 179 553 558 205 756 88 924 629 420 678 91 206 364 97 718 287 802 170 987 483 707 812 931 156 4 256 146 796 48 572 612 63 32 534 854 714 845 103 600 433
282 506 945 479 498 227 470 81 97 956 590 67 853 82 395 426 949 456 392 227 661 839 948 288 944 751 690 715 913 23 349 510 883 200 7 585 332 983 714 69 762 964 226 923 553 942 118 59 479 683 884 654 173 239 291 68 575 351 661 600 453 717 600 333 114 405 788 926 487 884 395 389 998 504 28 317 885 154 845 198 374 906 487 931 678 537 944 466 434 66 590 84 89 325 843 112 827 491 977 911
31 232 974 470 767 228 760 944 658 589 953 130 49 943 853 570 197 201 383 349 282 823 285 939 489 149 807 656 103 941 60 905 402 156 210 436 207 194 168 904 431 246 671 427 134 938 803 350 873 510 284 506 217 769 381 874 695 272 704 369 287 518 124 326 45 270 871 165 239 914 110 808 324 46 726 270 943 73 593 276 429 955 311 334 910 504 900 568 832 210 532 378 620 198 800 930 214 197 630 470
251 528 841 425 568 926 992 743 584 671 362 937 801 283 537 792 882 38 883 998 114 466 361 277 270 997 250 280 574 476 396 494 756 810 136 105 617 955 34 608 834 461 549 777 182 216 699 992 340 877 187 90 263 474 193 185 779 692 408 373 561 99 274 488 216 769 135 858 19 858 561 453 762 67 491 762 661 585 873 365 438 173 221 488 764 679 120 587 542 51 663 986 5 26 181 863 106 285 789 939
3 26 413 711 748 595 659 499 866 324 483 965 995 386 225 922 327 142 673 314 616 691 844 660 431 103 499 746 749 771 792 198 800 554 630 669 62 287 265 436 605 527 618 433 994 546 986 732 297 368 292 684 177 234 242 713 412 366 181 979 461 773 286 424 981 591 755 139 460 914 60 895 55 122 963 295 732 738 414 413 550 853 190 934 983 569 998 536 555 655 102 410 876 182 985 339 180 255 815 55
567 817 274 231 32 748 407 85 761 104 85 667 753 233 39 853 109 369 316 793 586 823 985 405 961 900 883 707 906 619 936 958 723 190 597 566 470 815 823 134 615 100 274 932 727 657 618 901 993 18 902 675 28 383 442 199 675 568 202 17 617 444 663 920 353 729 319 170 801 164 353 231 288 825 955 482 878 517 816 520 913 588 886 752 677 745 7 155 838 700 428 726 31 313 925 870 202 454 734 500
71 163 613 409 910 676 628 965 230 625 989 222 308 963 241 48 333 745 251 705 301 24 68 654 990 761 532 500 119 104 853 144 183 390 501 600 726 377 677 883 846 824 114 753 418 697 391 328 558 49 919 588 47 832 648 259 161 698 263 833 335 673 994 78 220 429 575 227 540 666 529 758 438 524 513 104 290 622 8 56 826 241 940 179 375 244 843 456 514 254 494 639 115 915 471 509 380 392 750 392
791 822 644 162 525 680 433 668 95 726 345 877 153 597 666 766 369 390 334 43 725 260 810 108 854 32 198 736 483 960 656 335 162 579 566 14 585 336 609 157 886 596 624 108 659 703 466 710 240 884 300 938 145 700 843 538 368 721 495 293 221 114 825 168 436 678 675 535 421 38 305 263 496 957 608 424 107 496 334 392 975 722 521 645 244 357 742 957 690 262 993 871 98 648 912 306 23 591 324 429
881 97 816 112 664 868 21 414 360 533 676 396 674 911 738 228 115 742 388 775 268 272 64 537 29 867 448 801 471 473 996 574 740 842 56 15 75 685 23 200 333 518 248 379 829 523 285 773 408 487 555 1000 584 926 453 188 808 206 724 832 67 430 264 944 128 614 122 676 105 257 681 270 184 500 204 956 418 530 513 588 0 614 943 24 299 348 617 33 799 267 532 822 216 47 244 619 296 159 283 913
910 247 552 963 392 182 643 684 434 805 849 149 175 13 726 856 526 502 16 131 360 42 167 292 476 346 156 91 635 55 676 781 4 539 559 872 169 743 439 106 179 667 425 339 318 726 275 439 495 425 354 395 59 15 902 903 319 685 995 628 915 959 505 392 642 659 205 437 822 120 451 15 283 553 558 706 310 253 447 342 677 138 184 653 471 313 783 935 577 800 887 628 187 405 136 280 344 354 871 540
512 409 219 879 531 114 682 169 954 276 859 934 504 889 949 733 629 816 754 80 121 668 566 284 291 361 705 488 309 780 569 649 772 881 448 138 281 954 484 177 845 507 520 361 622 880 785 137 755 842 692 649 64 545 790 1 874 618 255 603 231 53 315 808 144 979 581 972 652 39 653 829 276 701 240 723 476 334 189 641 268 100 664 607 559 980 992 229 213 279 292 9 141 739 781 299 452 330 722 143
159 450 606 17 360 497 150 122 417 315 978 119 393 538 988 253 486 969 836 388 719 607 670 241 699 773 682 413 377 825 964 28 699 167 77 188 488 993 588 630 322 603 354 621 746 758 503 749 933 772 837 632 586 892 453 82 159 181 891 471 365 949 468 512 393 457 718 319 798 343 662 483 31 145 116 913 809 130 321 533 930 439 50 844 679 894 876 889 58 433 371 987 401 781 876 374 390 221 314 788
457 294 343 866 86 636 434 96 629 29 417 470 557 831 382 542 499 218 387 498 933 47 258 711 55 447 77 418 743 667 910 146 961 352 529 654 955 471 987 453 286 473 818 45 913 317 669 478 905 386 415 793 441 634 993 560 717 785 410 892 685 334 460 376 443 48 641 74 309 18 681 526 742 804 825 715 536 977 454 563 872 875 534 795 558 638 359 945 948 208 311 774 507 991 889 101 512 275 633 546
981 821 72 399 406 239 654 189 26 969 484 99 565 626 804 456 137 69 503 981 522 366 614 121 908 358 585 537 871 826 872 686 718 582 434 106 922 445 644 94 677 458 724 910 353 382 94 928 170 82 910 912 705 36 132 103 106 684 378 875 132 462 497 254 1 179 311 818 108 587 643 326 445 260 370 326 670 208 325 309 407 856 397 684 343 633 589 935 246 72 717 403 330 58 114 956 722 33 111 116
68 531 813 668 674 145 20 74 304 974 974 370 46 691 851 162 220 401 629 591 36 985 504 108 981 509 972 457 130 409 434 203 786 502 863 332 456 278 245 276 346 157 757 521 206 785 601 543 252 924 410 33 424 985 650 183 497 816 231 817 78 286 409 7 111 400 755 480 770 637 298 970 781 669 158 625 205 476 40 959 24 969 917 362 133 785 515 638 734 953 135 360 102 869 65 962 547 627 313 355
311 84 598 102 696 465 104 123 248 549 899 543 870 768 887 657 623 965 877 985 362 967 914 994 783 578 434 480 321 707 921 325 113 722 764 987 508 962 464 163 802 543 349 670 52 654 332 223 968 55 985 123 585 40 186 549 914 994 696 914 597 939 499 969 600 276 988 611 189 69 352 143 206 272 683 588 258 368 511 84 255 767 900 631 786 404 483 25 516 880 147 792 228 282 930 809 197 495 895 232
4 612 73 287 50 479 552 661 399 264 810 579 503 327 403 715 684 6 152 919 202 924 784 213 447 400 15 980 760 505 354 557 965 871 165 837 238 303 291 881 126 141 97 747 812 416 103 376 183 801 461 907 984 335 776 459 231 497 40 370 570 870 631 199 802 250 526 123 707 475 821 659 49 730 579 689 642 240 142 649 696 768 62 781 747 640 867 543 353 368 324 272 649 121 377 360 244 264 472 889
429 288 640 226 828 425 238 260 171 106 114 206 729 397 163 839 746 533 231 914 188 659 388 674 367 653 584 689 925 45 238 66 113 429 222 756 354 931 917 975 144 604 526 904 627 498 493 304 61 341 187 639 947 993 460 934 233 511 129 490 789 756 152 321 491 221 429 612 957 134 44 644 418 38 908 583 182 723 67 393 876 682 417 330 615 474 890 870 934 478 435 599 728 102 848 119 252 159 437 338
791 709 213 191 374 585 968 255 229 894 406 120 610 442 95 811 29 188 731 619 678 522 881 301 286 876 595 362 490 946 966 567 258 298 776 102 421 789 27 172 930 563 361 929 641 499 235 889 110 507 178 913 791 607 840 342 701 917 268 227 875 574 5 245 232 942 347 890 54 133 162 93 178 945 111 480 822 603 545 612 668 630 343 420 891 44 339 485 914 278 448 224 973 957 242 206 18 31 504 394
419 97 885 331 933 290 747 166 848 80 76 128 231 243 502 521 992 892 270 784 506 623 239 917 642 840 681 184 200 200 453 900 330 225 879 116 378 307 706 117 86 182 130 793 38 326 642 32 629 757 731 131 396 327 43 773 515 868 964 801 118 664 43 8 825 562 826 23 940 756 369 391 449 326 625 930 45 661 84 655 841 747 387 653 829 334 613 521 84 275 968 413 410 648 622 829 345 444 164 482
197 57 979 440 464 500 999 314 982 669 539 298 170 526 658 561 369 463 852 21 286 280 455 338 103 557 530 810 244 858 330 845 542 416 832 515 982 976 798 884 765 761 2 760 890 523 10 135 80 726 213 13 650 233 683 146 792 664 662 778 223 605 990 522 42 945 401 621 34 200 292 116 26 649 547 824 843 662 239 475 370 986 165 739 850 40 444 455 771 491 631 516 720 984 53 329 452 377 253 100
601 646 867 163 701 434 317 330 445 367 823 904 236 761 362 761 39 513 350 976 130 205 130 800 309 401 948 339 500 135 874 167 620 637 945 732 43 69 988 154 671 367 724 433 769 807 748 899 628 848 378 736 876 469 337 934 806 64 953 637 4 405 824 323 306 705 761 630 70 211 912 283 949 906 129 736 982 16 562 27 479 800 21 583 139 725 838 54 157 839 88 90 617 971 522 733 570 83 674 328
688 641 420 915 63 400 932 411 863 123 100 127 133 567 636 609 569 959 111 772 255 532 429 682 929 348 189 181 594 436 282 441 757 887 748 670 898 89 892 718 78 282 18 450 861 441 369 386 10 818 257 231 837 992 879 455 58 578 285 162 856 301 705 49 295 802 967 466 767 867 152 518 607 207 960 335 992 13 521 977 471 719 245 128 264 699 835 33 197 787 95 584 74 512 492 579 434 150 195 837
798 554 27 154 336 226 47 348 340 618 226 643 17 838 625 265 703 571 567 338 226 557 768 381 754 603 668 677 209 69 656 0 796 55 993 337 46 396 529 36 417 78 367 505 559 200 243 702 477 702 231 365 516 220 65 717 260 836 647 11 185 68 348 758 673 810 630 951 0 870 604 562 705 10 668 99 713 310 121 26 866 169 204 310 818 533 30 931 453 49 326 135 528 831 866 190 648 526 768 510
345 454 245 799 307 271 632 16 117 975 167 780 556 982 873 446 27 831 831 934 578 297 710 307 289 113 929 155 172 819 931 20 199 820 518 666 718 247 430 520 421 526 877 149 179 962 649 56 136 918 428 488 560 258 299 260 346 206 593 586 918 236 811 812 488 945 22 520 312 932 781 66 644 13 633 62 536 849 229 627 272 557 618 31 955 519 995 642 581 653 258 467 491 913 566 897 924 264 550 682
430 775 628 545 971 868 334 486 827 894 752 67 119 23 456 734 561 432 622 27 310 495 587 855 121 162 767 968 331 518 841 974 440 746 44 890 527 123 357 428 982 643 892 210 235 104 573 879 558 217 905 701 113 873 42 203 320 625 613 293 225 877 258 164 764 69 459 26 9 497 434 358 80 584 875 636 455 246 568 322 250 462 763 846 552 886 401 826 172 140 137 869 98 535 151 901 36 567 485 283
93 687 359 588 873 303 593 815 366 473 954 406 558 343 261 489 213 685 338 486 735 815 907 597 785 165 64 706 852 318 232 674 648 140 410 357 385 192 769 356 684 956 187 336 926 70 387 298 523 681 656 418 790 936 37 371 355 226 223 672 962 392 964 265 968 786 247 550 886 811 837 95 285 231 494 858 536 449 240 932 915 368 105 729 417 93 826 341 495 519 673 975 662 877 842 389 908 61 833 458
600 111 659 237 18 838 209 17 587 658 976 948 464 95 609 140 546 530 407 111 34 110 688 981 826 503 772 813 684 141 73 224 990 145 397 544 980 278 527 53 475 223 564 815 801 415 534 225 478 731 354 624 286 757 175 499 995 377 512 140 814 259 553 124 391 499 831 478 36 678 545 826 798 248 21 905 337 892 971 374 258 148 508 992 375 482 156 228 36 921 882 171 692 664 727 678 80 882 541 264
231 636 553 573 3 426 796 45 822 155 832 605 976 632 476 801 762 465 409 591 159 2 68 1000 962 838 321 459 327 173 702 482 691 657 880 945 581 840 584 698 645 596 101 701 181 344 991 190 212 424 454 880 367 23 126 969 532 199 191 545 235 420 363 468 396 46 193 140 758 59 661 802 164 723 246 824 692 322 892 119 519 614 36 964 311 877 106 638 344 896 709 63 74 62 911 309 607 391 375 598
423 580 32 611 517 793 547 774 732 38 783 567 159 178 791 311 380 957 506 763 260 480 980 36 496 494 504 949 306 768 10 642 185 166 851 98 229 272 912 710 667 15 566 5 199 384 636 139 866 46 596 777 390 892 972 979 525 641 134 490 620 562 517 510 283 175 632 824 526 479 846 708 23 944 206 15 423 999 898 839 79 847 453 671 643 38 458 716 951 295 58 619 688 350 146 291 230 312 579 708
493 86 802 885 627 913 873 952 637 601 49 657 602 942 591 894 211 957 530 382 372 684 613 757 944 906 958 45 663 253 232 994 420 271 565 248 951 219 290 890 684 688 177 302 936 528 283 783 512 245 508 783 483 166 238 931 385 597 678 695 290 8 275 137 418 443 824 6 99 396 5 18 128 274 441 410 198 311 437 74 448 410 123 30 159 704 882 700 397 600 320 122 310 613 316 462 847 587 736 605
309 119 75 896 893 565 672 262 305 826 960 614 751 591 829 737 178 438 428 349 617 414 479 925 931 858 371 266 926 700 709 651 197 370 183 879 312 673 579 768 443 48 151 154 674 42 651 365 785 52 213 685 372 686 958 454 641 557 605 972 95 820 742 363 883 312 540 239 592 64 513 440 117 513 505 920 714 319 185 551 747 86 728 302 131 995 139 417 729 876 228 791 618 957 808 182 419 139 530 924
976 506 68 195 977 20 304 799 655 208 17 638 51 371 152 330 193 889 800 520 904 177 624 455 221 446 377 645 678 618 716 174 718 173 695 175 874 92 108 115 353 990 603 825 599 458 498 665 493 529 104 740 141 213 22 370 22 739 998 452 974 59 526 492 338 348 734 708 224 178 518 7 594 846 816 90 998 217 221 746 888 821 467 795 408 704 737 233 431 614 881 0 396 17 0 158 965 89 390 53
855 224 369 921 976 409 307 540 948 818 236 192 538 80 304 376 991 113 473 611 336 143 31 381 700 593 645 327 418 826 597 347 596 324 403 540 407 126 455 434 401 932 161 298 857 722 589 104 545 443 684 435 179 109 650 49 151 603 78 617 172 830 521 657 971 850 610 787 917 683 186 871 869 932 801 286 53 984 901 175 191 345 251 297 40 891 88 92 259 956 984 204 291 565 958 505 162 336 644 273
499 473 626 791 669 15 366 982 323 445 270 189 355 956 834 112 553 467 653 226 193 567 488 407 672 439 656 139 218 578 156 21 361 763 276 567 245 461 599 86 118 224 330 772 591 774 182 176 844 373 577 55 276 17 943 647 494 558 6 392 724 982 588 488 999 376 133 359 788 997 599 583 599 674 778 268 721 793 440 129 353 790 232 374 565 48 708 78 889 323 424 99 502 836 959 469 930 614 191 549
183 67 603 561 108 984 694 211 495 354 461 602 890 787 418 379 302 605 632 796 843 477 70 179 701 308 703 628 784 927 662 820 286 191 918 996 412 634 732 875 498 729 187 421 480 2 128 383 617 116 929 27 428 273 51 2 735 628 282 50 85 16 80 690 415 738 554 22 801 670 93 780 629 899 406 17 59 499 809 250 568 35 415 28 746 239 835 894 277 524 801 463 931 75 186 317 553 626 964 849
410 237 452 65 629 629 565 942 238 708 571 981 970 587 566 654 72 316 502 207 29 64 165 699 386 866 96 499 997 398 106 892 80 647 53 338 351 830 472 47 810 51 453 579 453 508 795 647 275 75 686 146 960 677 172 268 244 949 847 438 911 11 837 722 130 745 96 250 734 735 734 638 903 353 663 8 935 458 531 178 114 30 204 163 923 140 577 241 6 264 377 337 289 974 597 847 13 365 845 348
909 940 773 73 772 455 56 394 664 506 479 554 972 672 436 178 257 132 11 189 650 224 556 864 922 361 390 236 680 448 626 958 18 368 564 229 62 384 497 756 189 678 742 877 186 20 827 260 764 881 116 250 233 281 409 794 927 975 88 20 482 99 11 463 655 197 506 993 275 875 315 858 983 857 12 464 612 43 286 866 980 649 772 284 525 49 519 287 32 920 495 240 802 38 270 226 204 797 43 854
936 495 761 391 73 162 958 873 831 190 724 511 763 271 96 318 684 330 790 131 477 53 372 485 538 941 375 90 442 139 204 416 226 827 987 168 426 915 157 302 97 297 400 389 332 564 167 870 282 873 373 859 581 883 771 940 175 517 970 37 537 887 271 537 335 831 633 100 758 392 745 5 362 183 13 706 678 95 114 791 796 167 578 316 231 701 234 864 421 256 289 322 815 589 778 233 54 602 54 103
286 630 85 119 346 419 345 694 261 671 431 214 668 66 987 578 288 137 955 691 900 693 244 478 133 152 767 309 936 610 377 150 461 864 268 149 770 941 312 468 403 99 206 766 927 297 779 889 935 994 180 13 85 438 762 549 440 570 287 582 977 930 869 850 297 379 946 345 960 630 997 789 707 883 378 377 859 376 90 596 241 537 397 293 228 775 770 37 545 544 529 204 630 259 652 25 779 260 738 255
360 862 723 543 226 106 381 820 961 25 894 217 147 174 861 463 294 240 732 456 478 801 596 862 540 104 774 949 140 211 605 423 631 228 81 54 480 647 519 218 575 429 819 615 653 743 657 545 355 383 752 248 574 90 160 643 179 181 910 341 420 57 854 884 367 197 246 417 29 877 512 496 681 40 722 727 955 966 2 163 814 139 535 213 262 941 93 885 681 11 989 767 612 957 104 221 184 436 582 391
400 453 145 360 287 922 195 172 331 104 644 98 366 457 994 225 11 374 453 173 129 829 205 605 640 804 60 611 115 918 996 727 306 285 879 898 578 55 658 226 497 933 789 830 683 472 827 616 100 712 534 217 798 308 617 162 266 415 623 345 843 462 515 827 693 137 196 702 410 265 429 728 555 85 200 151 446 59 715 527 366 528 190 23 520 136 490 537 324 577 391 116 722 724 154 963 509 9 365 477
281 749 284 355 8 286 290 692 658 823 814 271 573 225 63 118 317 342 428 228 981 323 745 623 282 745 416 616 460 476 622 66 269 578 250 856 929 220 460 625 424 765 39 85 94 331 708 34 711 925 214 989 873 221 36 940 501 752 117 803 566 267 602 444 793 38 856 846 624 798 435 827 405 540 730 127 607 628 271 436 352 697 751 735 685 310 66 531 830 618 241 290 357 89 461 672 910 458 110 288
871 183 848 461 474 528 850 103 896 912 367 199 401 741 859 492 65 647 127 358 147 889 649 607 727 160 388 931 764 692 386 584 82 176 212 150 935 121 726 509 787 550 462 353 421 628 408 32 656 864 503 684 191 325 156 547 219 909 737 969 991 537 964 144 82 650 15 418 126 572 485 409 110 873 84 691 816 959 244 997 829 453 441 840 791 734 286 601 134 44 509 466 441 396 144 347 851 575 725 488
297 633 224 964 110 276 880 37 548 170 903 840 616 274 199 468 829 485 747 253 158 267 897 701 930 603 403 224 686 205 253 199 627 670 508 147 713 297 480 140 172 706 693 487 115 76 642 333 357 568 311 829 105 894 973 352 585 100 77 201 483 808 720 619 733 924 932 87 646 85 292 934 336 733 290 496 685 250 938 663 177 504 142 617 601 835 703 647 124 892 294 859 368 993 537 825 340 764 374 132
621 965 51 877 63 119 196 109 154 437 651 943 228 7 529 766 421 930 474 817 537 187 846 706 297 706 251 668 811 217 722 505 965 227 393 799 378 651 972 273 829 295 255 858 970 297 768 623 209 736 305 221 454 222 602 983 162 916 908 684 195 509 328 610 144 638 99 681 95 245 31 179 196 663 189 731 859 711 617 754 894 562 706 879 11 167 888 959 823 729 810 440 296 28 18 454 554 384 136 585
394 815 326 654 428 988 817 593 583 645 82 890 303 221 153 98 827 0 479 705 437 56 819 309 736 49 506 8 748 613 304 487 655 18 634 416 316 137 985 377 352 109 459 595 716 202 231 705 272 705 487 494 365 342 158 938 619 169 117 139 813 813 26 311 905 976 65 837 338 12 945 367 513 37 869 367 971 185 871 189 710 96 879 545 525 55 108 682 412 400 752 383 470 418 743 530 980 783 151 935
284 197 998 407 298 861 236 666 587 869 210 941 125 144 863 355 543 943 31 590 467 129 777 419 289 956 722 613 199 927 661 35 387 275 979 742 594 966 819 641 949 276 946 335 839 118 580 990 477 184 238 108 73 276 958 690 445 806 694 142 745 53 805 349 294 478 110 942 652 441 731 666 262 522 803 107 57 457 392 653 746 523 827 358 15 145 23 405 505 196 887 987 228 529 855 267 879 850 157 367
101 356 69 570 827 729 888 812 391 953 802 414 498 874 720 600 618 976 750 545 113 155 609 708 650 32 178 451 269 70 984 883 452 473 969 618 926 828 308 794 127 497 601 468 250 562 843 785 784 325 172 152 271 632 546 435 546 879 758 784 744 745 460 697 581 979 445 48 170 311 182 326 498 954 628 191 540 215 350 202 616 199 18 845 898 30 6 459 488 278 775 708 247 682 755 643 448 8 310 352
639 284 52 149 854 696 13 689 188 832 252 377 520 393 381 323 358 835 315 953 813 815 327 646 376 391 545 771 135 620 561 593 150 243 105 790 326 431 171 590 619 924 742 401 481 928 393 374 234 621 909 463 993 810 793 239 917 542 895 516 254 822 845 938 401 715 397 470 963 309 424 764 653 763 311 706 330 864 860 630 613 629 865 493 465 696 570 683 587 436 852 431 386 844 410 582 160 847 358 112
52 448 548 126 995 988 106 930 542 290 898 78 461 562 992 273 576 232 26 112 968 11 122 5 324 312 172 864 589 937 241 874 270 870 900 329 704 258 632 946 330 73 217 164 391 135 892 495 196 992 241 914 198 882 487 69 365 270 551 445 461 831 771 271 706 225 727 555 65 178 538 643 373 672 973 393 738 484 803 489 753 119 690 879 673 985 623 401 960 851 683 957 411 660 297 894 450 317 49 510
989 86 520 920 775 435 335 610 662 890 824 600 498 7 467 250 283 185 780 731 730 494 554 253 2 785 845 454 85 600 231 793 705 302 688 878 263 9 947 728 800 350 414 298 836 696 28 535 61 435 279 495 148 696 743 761 707 362 926 228 478 366 932 667 854 796 153 642 45 826 583 622 233 194 337 311 720 193 61 412 56 598 44 20 79 365 834 120 140 822 949 734 116 685 482 693 270 408 896 422
954 211 938 174 523 489 157 501 154 396 972 178 682 718 779 240 877 952 118 332 446 597 164 178 248 102 856 720 757 637 125 420 962 949 753 505 196 653 572 368 904 117 524 92 339 361 961 310 306 474 887 187 657 743 68 955 201 484 793 784 511 486 822 791 653 809 638 287 733 428 793 640 392 340 180 402 840 758 29 744 169 102 322 232 132 636 710 789 798 547 300 736 129 842 899 908 542 802 625 423
775 555 879 29 854 769 868 708 995 113 292 707 511 261 917 189 660 163 911 893 196 700 362 620 200 991 280 931 490 326 178 665 72 747 814 577 138 170 783 961 469 645 631 776 219 759 509 16 509 511 362 859 866 156 451 645 869 953 22 5 319 271 784 69 54 235 78 340 506 999 406 414 666 461 781 934 782 332 538 507 181 749 975 109 143 744 950 281 725 941 70 562 865 829 867 624 108 251 815 228
795 954 505 862 932 109 760 307 117 146 612 938 372 783 470 94 312 244 313 118 223 875 438 803 304 329 952 754 538 317 565 814 24 75 632 264 10 519 992 720 864 143 252 961 367 583 519 300 156 841 913 722 494 576 936 654 985 565 636 277 222 401 410 564 494 655 204 506 65 693 978 33 365 157 702 97 798 943 194 540 26 611 866 407 610 320 537 742 93 328 859 823 716 491 224 1 323 542 60 127
11 735 116 266 942 968 908 99 644 65 32 959 588 102 30 869 327 619 902 74 104 631 213 172 327 14 605 561 209 789 741 363 252 298 655 560 117 758 477 968 984 107 834 819 902 161 82 655 337 151 46 789 541 319 89 430 939 330 284 792 430 839 594 870 870 772 655 172 731 270 378 32 237 699 929 312 809 917 508 464 917 259 197 733 131 824 73 174 828 828 88 989 508 745 160 410 518 650 932 344
100 231 969 613 995 533 58 440 645 7 385 196 742 533 610 178 979 849 553 264 201 614 120 70 846 372 2 965 713 108 957 311 203 745 151 866 133 393 546 893 587 45 957 948 150 373 458 325 913 952 262 112 387 300 608 308 653 45 44 61 369 203 667 629 628 550 674 523 359 648 832 752 922 780 215 179 553 629 313 340 803 7 70 31 758 889 771 252 369 387 65 577 244 361 62 743 205 337 49 312
555 308 97 472 962 375 886 299 392 999 128 942 339 290 541 337 924 482 59 549 800 323 821 789 768 725 72 813 66 652 544 589 160 491 99 404 612 971 369 905 628 409 527 729 603 525 416 569 221 46 881 374 945 154 76 899 706 302 538 83 671 92 703 640 390 24 328 48 154 152 67 362 960 546 363 285 537 855 170 100 226 460 92 6 93 313 700 173 728 653 578 471 731 860 894 816 856 22 814 431
713 656 795 197 499 99 568 840 157 828 871 81 420 404 152 562 266 707 660 759 369 663 628 995 788 428 641 118 526 481 512 301 452 913 653 783 901 934 214 563 759 536 747 701 128 840 250 569 339 90 309 915 98 193 63 116 529 269 118 919 237 585 547 154 611 211 9 462 899 921 481 179 645 616 423 586 162 347 916 563 222 535 883 869 412 461 166 157 816 385 112 302 322 520 142 237 68 332 584 644
449 923 369 569 673 520 687 840 247 718 932 480 904 894 548 521 567 442 181 273 579 310 349 140 395 292 473 145 916 22 621 11 683 62 527 678 649 107 691 14 794 65 437 947 50 935 124 615 212 868 958 740 224 166 938 532 148 861 706 517 634 793 541 420 54 528 225 258 660 545 629 542 370 90 237 963 744 183 678 661 186 506 76 6 837 825 750 264 675 794 540 271 610 899 696 382 828 220 351 686
26 555 526 768 172 906 589 20 343 942 476 621 253 970 483 242 979 816 216 945 595 34 312 230 471 974 329 669 766 76 172 243 793 780 735 356 257 617 109 492 788 873 557 237 39 950 291 243 305 360 903 655 338 10 925 335 219 874 303 390 993 960 48 82 35 663 174 771 600 971 868 125 582 481 721 282 466 670 455 142 329 242 161 481 679 836 498 223 128 375 998 337 14 289 903 241 567 566 514 363
790 755 273 228 985 502 854 167 36 735 825 593 533 137 169 181 435 638 853 649 223 673 236 617 971 577 170 998 885 484 546 516 584 447 212 515 546 524 137 231 226 609 197 451 863 571 825 55 499 252 684 239 68 875 266 677 24 172 555 217 456 709 255 374 205 194 773 611 215 715 728 867 483 684 1 410 313 630 578 46 39 382 241 302 971 307 716 826 416 850 708 47 915 554 583 787 753 844 621 372
75 504 251 282 60 776 647 323 929 926 628 223 910 983 763 587 969 938 113 135 618 105 102 406 516 768 326 752 80 255 247 391 354 348 793 1000 723 571 85 213 603 656 376 140 163 917 197 115 0 254 516 425 439 117 41 879 692 942 588 1 407 713 186 541 835 782 730 937 657 643 120 0 264 558 141 470 756 910 99 958 522 211 656 801 548 841 873 718 385 80 14 811 316 304 267 32 196 191 216 632
883 521 43 732 231 996 314 914 89 182 31 547 137 902 26 305 496 905 433 136 724 549 395 609 730 15 600 294 738 454 717 86 65 310 193 989 104 618 152 525 693 283 789 786 670 870 203 112 378 408 643 862 142 904 823 900 258 410 127 407 409 422 454 846 928 436 37 72 430 604 110 279 617 104 682 716 489 735 294 1 614 483 855 56 370 708 170 287 304 928 719 556 196 34 435 426 937 237 503 881
446 801 85 291 793 37 284 650 775 910 932 206 9 508 488 28 382 67 827 214 350 873 61 215 267 653 494 72 561 322 693 337 360 179 453 351 456 61 379 459 527 654 80 205 175 104 887 577 116 493 248 991 251 868 645 745 50 410 245 946 992 706 154 709 382 783 900 43 450 69 207 203 115 457 859 711 753 25 886 863 834 661 120 498 780 66 285 857 21 528 132 188 484 531 408 107 413 845 212 956
471 310 945 335 836 8 240 408 125 862 584 819 429 733 770 507 362 679 350 476 523 229 810 532 901 420 878 476 165 639 653 763 779 489 145 596 481 363 875 804 110 767 964 655 427 751 822 713 157 64 886 239 43 908 726 691 644 770 295 245 396 749 848 548 540 879 48 339 536 604 327 932 579 632 524 762 9 351 316 626 390 259 954 172 202 688 883 594 420 189 906 385 49 81 902 861 276 799 498 106
899 526 724 810 732 153 928 256 287 662 57 182 539 933 361 980 975 299 841 356 909 535 472 972 238 184 715 936 828 391 87 259 480 339 554 201 316 265 366 825 808 470 358 893 412 194 805 756 57 392 858 68 231 423 976 289 114 414 336 503 502 458 573 710 636 696 384 254 820 237 823 332 920 104 653 604 767 361 242 430 840 24 982 116 276 594 660 215 559 558 316 320 474 92 65 304 125 125 679 245
858 389 111 622 506 77 496 177 481 387 280 880 808 375 642 445 721 262 722 956 140 315 133 420 471 570 452 594 474 314 848 101 185 61 501 105 295 265 213 18 305 362 789 77 404 407 398 437 852 303 53 477 266 837 440 598 599 48 331 408 260 297 483 876 632 967 930 602 392 121 447 12 63 754 256 462 819 576 830 91 507 655 436 939 325 67 306 419 482 820 978 492 937 742 760 686 986 872 513 913
357 271 904 832 107 451 200 390 400 135 268 553 496 22 401 203 909 215 365 693 663 772 305 336 56 344 198 518 217 146 600 739 246 851 579 512 770 839 175 125 781 77 487 308 976 651 307 82 274 317 316 990 169 892 785 674 280 623 5 521 943 118 747 684 888 820 994 497 677 166 988 953 409 380 596 828 265 509 609 998 261 537 672 577 580 86 896 849 57 894 386 67 828 899 25 185 741 312 745 919
278 907 449 422 802 883 80 909 478 109 259 117 74 234 138 735 875 375 530 881 691 216 508 169 592 205 818 520 200 35 393 396 273 401 495 105 694 91 64 609 286 761 967 191 464 262 366 470 179 224 102 741 663 555 769 316 734 601 750 633 540 142 163 86 653 606 156 541 905 411 569 330 554 273 360 330 881 769 944 146 536 49 965 686 321 247 442 385 679 456 455 587 879 85 535 946 120 490 548 843
707 859 824 463 548 68 515 722 904 91 551 309 792 115 444 328 57 22 463 19 671 575 823 419 521 139 956 790 153 778 910 72 246 742 969 381 261 345 514 576 857 248 148 783 17 967 475 662 728 642 487 476 417 285 243 758 67 211 701 582 305 982 652 78 937 137 658 182 663 917 497 39 754 169 668 679 760 720 26 982 108 963 164 396 678 833 289 275 364 251 70 46 832 610 770 851 287 204 415 266
499 70 160 827 378 90 547 858 873 952 574 841 117 228 960 42 7 442 755 938 415 17 106 470 861 22 800 562 740 595 135 117 880 139 237 928 878 711 866 231 607 385 508 273 119 302 459 731 291 726 74 78 666 49 405 395 657 430 743 162 938 195 738 829 184 732 311 26 856 614 681 857 560 691 863 635 145 60 175 264 238 791 920 231 751 234 390 385 819 77 235 804 547 61 914 990 407 618 78 566
946 125 522 336 104 155 653 591 659 531 258 207 187 592 863 702 58 811 458 189 134 751 90 933 883 67 406 77 675 750 930 766 528 857 116 381 41 84 9 44 348 141 657 461 319 809 393 159 84 131 442 405 804 287 177 834 226 582 775 58 304 902 27 49 768 457 591 435 687 865 716 327 125 616 81 426 598 652 113 658 871 221 87 392 644 664 715 41 830 969 786 637 202 996 682 641 957 117 899 430
607 227 488 345 527 154 562 58 651 328 301 743 684 239 229 909 2 962 557 412 930 880 588 568 241 177 102 263 175 527 762 920 894 527 198 707 747 444 149 64 330 4 913 144 46 218 595 892 363 569 307 501 174 531 806 963 620 316 83 843 699 701 394 740 364 365 848 24 657 343 498 320 864 133 820 383 60 915 417 884 120 339 553 901 943 74 842 554 138 356 62 934 60 178 893 271 901 667 564 383
105 3 967 11 395 749 252 773 602 997 940 60 697 747 38 224 374 564 462 465 451 942 794 87 530 117 799 184 874 497 325 323 238 1000 581 501 690 967 780 456 116 936 519 464 248 582 17 286 916 151 54 883 689 881 737 964 439 408 615 948 364 730 732 573 126 822 991 336 474 523 768 599 640 88 247 877 840 351 831 802 36 654 873 577 834 944 713 421 934 598 955 367 772 161 799 435 735 98 117 616
120 927 789 195 151 57 286 864 518 233 90 515 24 616 938 24 979 793 702 568 352 496 388 981 680 876 419 606 520 922 314 339 694 715 466 584 782 63 110 592 455 563 533 800 699 60 967 807 186 484 68 617 996 740 201 96 673 895 973 189 174 450 651 478 210 674 400 590 81 673 655 90 803 141 621 330 220 223 499 112 613 563 282 29 555 824 896 580 108 405 771 714 662 737 562 751 70 767 921 734
718 980 592 727 600 511 47 18 788 259 295 358 241 766 301 772 322 97 539 589 798 356 226 889 812 926 670 241 623 312 740 343 921 149 738 985 352 743 858 347 235 20 480 842 191 76 522 923 471 82 320 567 435 948 74 611 98 105 392 449 285 532 706 174 931 329 850 263 177 60 933 134 581 723 225 804 363 647 166 108 508 891 612 323 608 222 101 362 679 540 4 200 769 747 566 112 600 595 335 722
617 983 762 977 268 795 996 424 107 227 303 52 504 178 856 26 269 222 261 102 440 776 888 914 452 696 638 487 379 512 968 237 736 347 186 947 871 515 298 348 277 523 689 678 502 766 630 4 572 604 779 116 220 836 27 914 461 735 429 931 486 661 42 706 10 859 874 962 625 568 311 399 415 722 870 274 204 999 928 675 269 535 208 275 275 845 114 7 397 407 339 717 981 525 89 123 413 1 753 377
264 665 428 452 139 194 353 608 828 22 547 554 143 979 148 363 220 757 430 176 282 415 579 294 152 847 21 349 6 170 169 41 4 229 962 638 175 718 682 878 355 883 870 363 186 278 170 798 823 110 8 679 289 288 200 652 429 705 963 957 554 788 949 355 943 127 128 582 804 209 580 759 79 357 583 22 514 59 342 723 319 995 493 176 237 399 771 586 508 735 256 625 80 146 974 999 14 109 402 205
873 475 103 567 881 147 910 466 268 244 384 216 251 611 18 682 52 669 464 820 847 63 569 499 508 361 34 20 929 534 937 433 75 670 621 286 985 826 193 357 607 485 561 19 976 599 962 720 655 211 725 522 346 591 94 161 936 712 799 90 442 693 643 171 210 541 551 681 103 185 948 147 747 193 554 746 121 242 182 668 836 1000 492 223 898 755 966 824 902 813 956 280 801 98 442 239 946 599 227 696
46 180 513 411 573 951 273 197 538 545 727 728 271 35 361 515 29 512 493 820 881 969 176 171 187 879 610 598 238 377 908 339 253 88 439 298 935 421 966 934 533 582 177 432 355 971 103 152 388 282 783 732 792 600 319 559 892 37 867 956 548 863 127 211 179 500 499 857 969 529 265 575 7 684 651 341 333 574 232 427 887 486 158 118 574 339 163 334 934 271 907 440 1000 25 219 590 890 261 304 773
539 832 490 189 527 353 72 671 986 665 825 397 141 199 924 947 452 7 871 72 202 759 327 484 319 522 643 36 877 812 765 451 218 278 535 702 642 958 330 408 681 205 892 474 497 861 732 182 984 175 7 180 53 334 240 428 160 209 346 403 855 902 235 59 245 305 474 198 9 37 445 927 127 277 933 654 544 193 501 795 659 675 493 256 445 674 984 502 242 13 441 957 596 687 60 526 415 968 596 730
442 703 384 498 979 252 60 624 192 674 823 230 354 729 713 549 111 791 396 878 704 15 121 289 580 761 274 436 367 26 12 827 403 570 835 291 113 690 255 560 711 92 159 522 731 582 375 170 312 765 155 284 462 281 910 220 608 17 117 892 869 545 888 238 832 186 213 492 50 128 612 583 718 753 667 56 108 46 934 819 907 221 426 109 157 313 199 372 869 464 356 110 684 907 341 300 440 108 130 689
644 869 590 957 997 695 574 919 698 752 459 35 612 319 379 275 814 267 892 219 267 170 693 618 975 536 193 695 350 956 437 860 903 407 655 734 265 14 881 43 486 268 809 326 359 173 940 886 908 671 578 383 656 599 612 863 479 374 94 402 204 657 889 834 66 884 738 709 949 458 336 640 968 414 591 485 891 334 592 902 792 957 545 870 302 379 357 241 971 748 639 513 960 222 852 744 736 72 71 918
868 518 918 637 775 716 165 779 149 858 718 228 129 778 851 818 665 450 191 699 230 799 39 785 386 288 61 421 49 922 60 744 931 626 147 634 853 380 846 263 715 507 275 294 221 266 693 929 708 214 492 345 711 619 562 299 287 808 48 566 126 655 783 863 965 311 177 696 340 852 972 626 116 681 411 158 950 674 13 168 920 405 169 834 767 542 330 333 881 462 268 511 19 747 140 233 179 787 129 668
37 744 838 767 414 442 274 413 302 140 662 217 1000 893 201 782 182 877 822 867 699 2 448 403 259 225 529 178 21 862 428 787 867 142 311 125 335 96 628 203 127 969 981 459 931 227 764 150 85 483 595 66 134 920 148 904 722 554 718 440 934 458 351 855 695 421 263 243 845 783 278 170 729 128 432 579 367 556 328 952 346 46 611 150 594 618 630 571 954 410 914 305 796 814 591 180 140 364 178 358
970 570 236 100 241 340 775 630 84 654 772 622 778 38 848 175 866 781 511 648 338 971 204 788 191 716 459 583 20 223 330 996 131 899 265 974 892 299 426 472 815 497 297 873 660 566 106 184 236 946 852 279 962 612 491 216 658 659 879 737 408 759 790 500 871 348 311 1000 112 323 431 609 375 161 696 611 959 606 903 254 808 41 202 332 361 691 438 393 65 620 344 171 175 952 811 191 37 498 769 355
549 991 279 703 934 534 272 483 41 107 393 168 123 554 239 785 655 909 470 352 77 531 497 862 241 92 239 754 201 331 298 783 727 678 602 577 156 559 814 916 987 25 229 284 957 893 254 349 900 931 185 395 427 918 469 920 435 504 356 718 640 662 717 566 242 626 986 629 848 487 753 371 855 763 752 163 236 655 725 42 863 784 732 16 198 423 605 167 823 209 952 991 555 269 1 90 664 316 114 903
537 334 656 823 61 369 546 214 482 700 179 612 730 456 927 869 143 27 795 663 554 880 182 605 114 454 174 528 452 218 359 399 886 134 332 19 959 846 756 336 377 267 899 343 470 821 986 584 11 507 48 412 334 572 478 477 307 438 828 981 224 672 250 962 994 720 464 166 946 879 824 511 740 656 877 922 368 727 735 959 726 471 64 48 815 332 766 147 876 419 873 311 184 388 531 819 432 677 326 759
90 250 283 268 148 27 124 70 18 974 564 337 123 139 678 217 647 324 780 622 914 296 381 742 436 299 820 803 873 42 266 176 95 39 449 761 766 555 947 39 394 798 417 333 406 795 150 562 4 95 995 61 495 586 253 498 809 292 933 473 490 662 638 157 879 519 575 335 892 251 150 61 110 108 311 649 589 683 865 452 593 232 883 343 511 490 666 24 9 540 538 776 581 841 873 574 827 823 659 657
735 101 187 66 847 446 517 207 953 501 84 610 252 173 156 394 165 162 152 922 29 744 617 240 671 432 157 340 498 395 758 434 177 313 238 875 249 832 584 118 256 591 414 780 905 657 793 494 72 739 426 916 513 545 400 335 801 26 477 723 290 558 295 543 613 175 826 645 498 81 758 957 73 481 932 628 322 725 864 193 221 8 827 926 847 165 926 297 705 515 833 975 984 858 295 138 575 147 703 148
590 645 685 194 506 796 982 909 549 834 714 187 115 407 508 354 765 102 256 409 798 394 835 820 307 847 902 942 379 914 647 149 255 804 935 40 726 428 938 411 322 832 178 633 963 558 399 591 218 506 810 307 662 622 333 152 351 809 525 715 149 726 634 995 429 535 652 304 603 818 729 825 628 380 963 354 802 609 766 798 166 756 467 34 48 670 691 83 188 606 860 915 811 833 194 721 105 637 138 492
29 644 292 847 223 727 718 31 636 881 564 208 15 262 131 920 271 385 850 576 295 67 889 994 146 281 41 314 648 366 444 864 379 885 836 951 528 127 328 186 687 588 349 581 533 250 509 961 780 453 555 888 102 95 860 172 476 703 114 840 339 895 26 663 243 614 160 710 171 395 682 607 516 734 814 152 362 113 975 608 586 679 124 380 968 88 601 931 496 996 264 110 174 723 894 796 747 979 246 236
953 864 269 707 205 633 949 678 633 397 67 201 905 986 967 350 29 840 198 104 597 711 714 704 844 511 173 224 325 531 339 666 33 265 927 168 453 499 389 469 958 44 980 53 748 228 598 353 859 448 356 497 879 332 801 643 428 780 853 822 935 105 679 974 670 608 742 772 876 104 672 901 582 581 186 185 625 832 205 681 323 740 293 403 591 749 134 512 603 705 549 493 827 626 414 23 337 592 816 353
440 997 755 517 1 736 117 962 715 303 463 690 445 143 849 235 737 651 783 156 102 324 433 263 825 315 333 237 37 684 129 224 100 675 621 111 567 939 197 633 799 502 287 701 628 564 889 850 730 39 96 277 496 545 433 617 401 87 572 629 292 598 353 194 677 101 816 402 700 933 398 760 573 307 321 182 390 510 486 237 749 50 797 502 303 412 27 975 425 47 444 935 168 31 817 795 932 393 558 784
529 471 777 165 779 852 843 171 709 686 177 40 209 629 934 332 898 467 525 477 422 701 948 652 795 924 270 86 823 324 330 846 341 234 666 585 269 443 975 196 117 272 777 820 672 573 594 374 34 270 243 845 829 555 885 740 568 74 924 935 971 807 591 572 409 23 723 377 717 193 890 792 183 395 239 729 320 966 622 774 304 760 644 13 430 420 877 879 489 225 654 757 602 802 818 403 351 904 368 910
739 859 929 79 970 294 612 862 290 344 794 73 851 921 130 587 685 332 193 286 296 388 388 25 514 369 70 750 290 517 195 15 575 762 276 616 411 733 801 848 855 869 19 431 280 178 95 409 412 547 868 965 433 812 777 68 641 358 449 100 888 332 204 627 934 613 825 92 991 657 303 862 164 650 882 357 121 650 368 790 214 63 821 853 367 540 875 487 263 172 996 856 605 634 128 351 283 958 881 368
686 943 132 721 609 861 905 672 143 782 120 982 71 250 37 298 861 190 660 976 266 153 966 416 411 345 963 872 337 929 298 195 17 667 660 818 115 85 179 252 921 502 382 53 297 897 992 203 110 376 222 32 856 366 237 204 931 11 832 439 458 461 886 202 364 898 885 4 460 22 638 429 930 307 573 958 471 359 594 800 336 635 720 772 989 46 398 726 326 30 877 746 743 30 663 976 632 391 476 18
251 956 521 880 674 608 861 109 527 885 342 684 243 666 580 594 417 486 512 145 111 81 555 333 69 98 147 547 513 228 697 537 524 407 442 56 831 994 277 520 471 40 721 41 335 719 534 735 65 451 211 573 476 157 387 593 833 15 960 37 669 291 520 374 922 471 529 347 285 376 132 134 31 821 185 105 554 499 885 350 269 421 675 549 51 143 646 598 765 702 265 221 273 983 193 978 606 136 540 849
657 989 187 482 155 531 60 940 773 401 491 248 873 128 154 617 886 388 350 620 59 167 86 622 138 460 965 425 924 208 856 8 979 431 726 311 984 839 800 529 821 663 107 16 693 74 936 916 70 811 369 462 591 245 338 669 415 402 600 444 731 312 783 61 828 455 548 478 570 518 621 517 816 803 940 483 984 929 421 266 763 819 327 925 381 260 130 35 430 658 324 540 650 100 513 640 363 351 447 166
490 7 429 778 374 137 667 608 934 772 874 123 826 683 444 202 251 269 583 253 388 518 843 669 41 650 813 964 379 360 652 346 155 234 568 786 531 650 910 442 987 640 147 777 591 965 296 593 943 853 787 770 536 256 941 333 468 86 752 399 438 238 766 950 776 303 247 440 983 981 175 697 232 428 598 646 184 475 411 467 81 438 482 253 737 820 398 625 453 610 175 193 937 556 46 102 633 105 623 135
441 370 214 565 599 2 950 850 261 985 938 403 406 291 761 783 579 683 5 963 146 171 525 408 556 740 589 774 572 782 925 493 179 141 934 136 521 68 43 40 658 445 205 229 591 821 88 164 860 251 523 955 756 93 552 795 820 930 805 751 237 454 576 957 536 819 67 406 952 347 796 517 316 546 730 886 831 487 349 422 525 839 441 714 65 234 763 148 836 739 264 530 771 467 674 488 466 682 134 815
606 429 467 281 771 8 574 749 50 744 781 980 574 308 998 378 806 496 746 348 772 812 539 76 903 536 495 16 311 564 799 491 641 65 544 564 705 724 622 738 397 770 390 612 354 733 466 385 685 854 59 77 921 162 159 549 848 933 480 28 536 179 790 654 537 593 613 863 690 837 57 764 294 930 348 833 405 613 33 282 11 121 296 695 707 618 996 915 625 603 767 373 898 317 480 163 767 413 66 184
247 509 24 566 311 253 424 405 277 400 216 147 621 889 891 911 602 693 825 763 582 216 95 918 921 43 515 75 885 795 79 944 436 248 285 833 636 974 724 390 492 80 882 326 756 210 893 743 619 102 748 685 123 94 64 194 161 157 661 9 52 531 375 753 472 961 3 291 642 983 152 233 505 684 743 851 810 215 429 973 955 293 470 580 75 428 981 738 810 652 529 452 25 899 135 107 719 240 490 9
269 59 674 706 695 568 207 218 986 434 423 786 676 676 158 434 0 957 293 674 969 864 310 277 829 885 600 588 861 382 587 16 672 87 900 21 581 708 571 135 766 717 0 770 829 97 311 549 708 751 942 442 924 606 625 734 166 361 479 105 399 62 721 276 458 483 220 800 908 400 941 859 824 912 362 258 921 604 620 602 514 282 593 10 449 242 515 527 3 766 840 816 819 366 255 364 154 891 820 735
587 548 755 671 85 27 151 217 633 780 577 237 306 928 98 829 574 483 753 136 553 239 130 544 175 225 461 709 811 250 612 68 547 206 923 136 273 305 642 47 262 557 80 335 156 482 601 882 140 36 230 101 657 712 878 285 670 784 136 491 851 695 813 352 435 488 159 294 649 884 836 966 802 82 360 441 819 135 335 215 336 378 815 659 28 993 897 766 918 43 316 34 734 292 341 127 683 813 284 567
517 765 491 215 518 894 765 233 239 553 39 676 470 526 868 148 207 16 272 881 675 623 715 341 863 114 801 690 462 137 840 201 263 29 239 646 770 759 535 404 563 205 763 390 233 769 612 187 497 897 387 444 505 922 447 841 20 125 916 927 78 900 138 215 682 663 108 732 645 691 81 645 47 609 689 712 889 70 503 684 219 274 390 392 281 211 42 143 505 165 90 510 531 218 49 9 176 475 577 418
93 755 785 671 316 261 20 375 677 273 711 182 196 954 765 889 526 223 353 806 790 926 677 123 464 467 395 704 588 804 198 8 637 826 421 709 397 924 822 153 11 86 879 457 547 513 765 60 194 10 737 160 794 340 687 976 613 322 964 507 928 220 452 662 794 556 162 717 654 882 355 998 12 360 228 741 615 283 703 687 42 178 988 808 26 530 76 651 279 152 760 961 281 830 538 233 126 938 883 760
443 996 833 431 368 209 168 882 4 661 110 29 555 354 509 452 757 110 180 1 248 635 69 808 866 227 693 364 887 239 482 639 851 962 344 316 317 407 959 923 392 468 113 450 53 265 690 724 229 363 701 394 462 906 65 334 60 553 616 664 788 676 404 903 392 652 932 950 651 762 654 62 427 897 888 258 434 995 714 841 454 116 938 738 66 99 399 192 419 294 684 397 511 963 147 996 105 638 694 223
36 396 12 27 816 321 24 160 649 554 865 766 2 727 264 988 786 171 904 791 759 337 664 59 869 567 866 617 310 434 509 78 863 6 645 948 651 167 849 986 745 718 55 989 211 541 304 448 150 708 751 758 295 711 71 195 845 592 657 745 781 86 271 46 708 230 232 477 188 861 434 204 879 584 831 490 564 580 575 525 458 870 162 465 246 54 323 140 872 607 880 423 867 415 369 235 531 760 754 56
183 213 194 367 290 698 159 504 832 266 622 644 402 412 80 109 59 529 380 766 198 488 297 270 170 530 373 253 572 785 170 109 193 443 508 254 388 427 884 855 876 735 637 26 527 515 419 395 408 129 626 736 775 692 420 534 448 678 248 194 262 782 374 890 15 197 850 596 80 866 198 269 723 532 230 89 192 631 866 919 934 257 156 313 348 496 54 897 901 148 763 633 219 803 789 988 956 728 264 685
733 247 493 499 310 408 146 342 423 140 5 840 391 163 593 93 637 118 563 553 522 244 662 465 212 738 140 57 2 473 195 429 722 283 111 849 122 430 762 835 510 769 241 864 397 923 506 898 686 311 264 460 537 60 74 138 463 324 718 481 69 143 735 413 598 450 991 516 861 394 388 528 868 204 6 593 580 952 266 432 183 981 43 404 240 691 586 697 196 61 604 306 502 651 770 763 223 440 143 711
554 653 240 877 38 221 508 671 371 805 411 103 590 741 68 750 683 408 195 62 299 154 217 208 787 244 258 657 421 887 962 135 563 59 970 26 66 137 555 867 850 649 93 342 535 577 783 814 122 368 803 909 930 771 455 999 334 63 160 552 56 670 248 843 582 494 269 882 835 852 322 788 431 238 799 885 583 994 553 236 768 735 624 410 15 263 300 686 460 499 323 572 11 123 929 870 849 701 403 790
73 651 316 147 12 463 70 65 236 653 305 948 929 737 86 227 348 2 287 275 217 994 136 215 204 672 260 851 679 180 697 298 687 325 858 45 24 995 116 109 648 641 496 477 400 372 163 400 752 729 556 763 682 326 801 655 763 184 452 626 179 360 656 563 516 357 664 985 548 552 919 955 315 667 208 826 491 768 376 873 199 67 706 999 421 217 799 287 692 580 79 395 76 647 660 68 772 92 726 399
214 83 37 689 44 822 744 182 358 17 899 230 640 231 976 212 802 295 22 990 468 883 444 109 568 17 787 576 225 129 799 547 444 897 917 692 845 703 697 631 837 948 392 156 709 250 118 385 517 13 82 159 925 872 946 302 961 465 756 900 421 433 785 902 779 668 675 483 901 467 638 77 356 921 848 98 740 515 747 313 666 463 542 563 726 384 989 497 256 220 548 147 46 451 523 279 17 453 415 519
541 46 506 930 847 433 602 974 599 755 982 9 924 317 727 523 438 703 268 146 849 520 863 874 59 480 355 197 237 256 519 967 121 914 66 963 723 73 573 225 211 485 861 870 131 859 760 205 103 727 609 114 168 101 481 858 138 491 11 507 520 221 291 865 682 185 332 448 105 599 594 667 953 379 576 858 465 626 808 312 661 409 247 903 793 452 273 850 391 33 627 607 138 45 532 763 536 546 371 696
734 872 938 555 200 866 537 197 582 875 505 28 109 498 343 885 875 55 223 329 167 296 355 48 601 728 155 814 651 556 844 616 611 35 368 522 434 850 814 111 183 840 766 103 499 639 174 36 935 248 536 767 203 536 500 845 407 357 840 223 548 431 684 665 864 145 908 835 290 224 770 461 34 699 693 199 478 317 355 89 238 332 0 834 557 406 233 763 148 963 382 314 385 622 459 260 187 476 941 663
74 605 808 648 309 42 240 829 757 742 540 987 466 168 371 576 870 892 423 385 388 900 356 67 559 890 650 566 438 247 845 182 972 549 588 972 149 129 523 425 717 383 937 95 443 855 337 684 447 279 822 772 202 371 863 563 410 245 390 330 13 681 948 669 220 696 977 286 790 155 163 778 645 13 822 209 27 901 785 402 847 126 694 107 260 134 561 82 844 750 656 238 921 207 374 183 370 354 631 840
889 452 714 506 148 827 957 550 678 553 554 155 224 522 660 840 342 865 657 542 976 514 466 663 460 841 493 96 211 91 899 890 141 836 183 676 701 939 787 677 326 80 856 659 899 917 644 799 3 960 11 607 864 138 930 407 643 756 949 714 731 28 791 391 2 543 17 822 623 317 3 460 806 111 831 543 643 618 110 923 541 677 128 499 325 157 218 606 882 637 467 107 302 465 650 158 619 187 52 268
469 752 968 275 218 667 28 991 388 497 814 679 38 294 877 494 867 869 223 719 363 595 407 221 648 761 739 706 614 319 0 203 14 507 532 200 228 779 71 702 537 69 851 340 542 443 945 387 682 436 952 71 444 432 930 725 304 894 148 929 427 188 34 199 779 755 705 368 349 647 98 810 997 716 735 176 901 111 982 547 478 250 178 611 947 381 650 56 542 123 429 167 118 358 860 370 702 823 443 736
485 118 233 890 393 713 196 566 717 666 611 677 730 597 654 58 548 473 501 23 322 488 942 982 726 986 191 729 187 163 689 403 469 228 155 648 738 39 13 928 421 43 128 64 669 564 268 488 946 433 705 29 942 830 86 909 407 597 746 336 688 901 786 379 583 272 332 433 202 369 826 79 564 242 950 34 161 415 188 34 442 109 924 352 121 326 434 209 848 851 615 293 745 148 70 396 508 283 662 662
188 643 100 326 114 458 823 471 841 560 239 948 385 300 475 270 796 711 803 961 138 877 986 578 534 132 242 65 735 379 756 17 808 680 684 983 123 578 88 949 464 198 311 613 236 834 520 856 28 977 822 735 9 878 721 105 984 796 554 31 122 646 140 103 398 392 619 543 106 442 107 958 403 278 983 223 577 535 489 829 561 629 605 746 199 19 354 128 35 461 5 819 974 180 957 372 431 248 728 43
782 731 560 724 839 698 275 17 365 672 287 701 625 403 388 188 330 434 175 60 734 215 858 899 38 449 749 722 96 901 161 230 219 335 640 503 740 132 182 978 828 514 248 426 690 375 146 826 315 463 728 718 365 327 636 152 774 120 216 238 257 488 605 666 743 222 241 133 696 5 618 316 243 752 102 405 389 563 247 550 180 699 488 142 670 799 230 162 826 991 157 633 197 383 233 982 151 174 181 579
985 484 96 730 638 570 242 228 337 52 655 239 831 758 346 138 851 864 107 441 85 627 368 174 88 876 514 607 979 303 852 241 867 244 68 407 308 397 606 747 756 140 423 279 563 266 277 145 621 647 825 829 108 959 942 549 321 1000 59 339 770 851 991 386 292 43 262 70 492 12 230 893 427 988 29 291 229 634 4 357 540 108 639 985 50 207 850 680 590 902 2 843 32 995 158 870 659 289 774 600
655 967 723 996 61 494 92 595 134 41 55 83 144 507 959 399 116 513 905 205 847 431 947 138 301 828 128 812 757 392 900 849 760 140 512 582 83 687 464 692 161 834 255 484 682 90 986 567 84 1000 2 51 917 816 727 387 702 884 580 371 302 83 552 695 502 973 129 290 361 872 659 66 927 876 690 432 942 87 897 667 331 183 428 946 290 690 251 714 24 969 956 867 264 170 798 307 902 288 394 665
417 464 915 458 14 213 955 948 409 20 16 992 301 851 329 679 429 338 371 364 313 121 185 384 214 995 647 52 439 372 968 893 377 640 812 589 647 818 784 10 43 116 625 533 19 476 102 38 555 955 886 814 437 803 729 337 670 623 523 654 922 258 105 188 596 524 986 480 21 913 698 855 740 741 377 299 717 130 78 646 29 751 719 94 288 738 684 972 406 697 36 818 326 774 372 910 252 120 302 224
502 676 687 560 553 347 834 358 822 823 658 67 142 184 832 483 144 702 316 334 846 399 758 859 779 583 455 206 123 417 907 385 670 843 153 585 406 113 133 358 85 138 921 871 732 109 105 717 742 149 383 93 110 340 571 445 572 299 464 769 201 981 519 534 583 612 864 362 724 626 182 678 676 852 873 267 288 344 629 932 565 657 219 262 42 508 243 115 60 779 372 22 407 567 371 151 958 532 263 177
428 542 994 190 972 290 905 729 71 718 760 576 548 143 725 700 278 483 556 686 506 38 200 340 536 597 960 523 215 54 353 143 679 435 735 980 829 759 109 166 282 563 111 394 23 623 873 173 554 97 314 744 326 274 750 181 979 436 606 900 901 949 398 439 133 332 5 455 260 739 174 688 960 515 478 857 574 553 923 762 824 173 909 729 970 328 932 141 806 668 617 516 290 147 892 895 4 62 945 347
24 265 18 446 940 301 690 606 488 980 377 476 356 186 233 653 62 994 504 843 165 278 352 730 216 58 347 66 118 680 876 270 953 624 669 988 978 969 833 284 228 413 120 387 433 742 923 161 260 120 587 301 364 399 525 353 107 466 458 181 512 869 858 642 449 789 237 647 775 727 974 861 188 840 642 500 536 393 263 153 437 554 968 873 634 982 310 596 68 208 413 639 625 300 969 924 322 268 644 128
773 728 754 662 59 757 572 221 825 749 59 31 179 970 619 91 95 803 708 893 126 307 168 43 927 607 959 33 42 746 718 214 239 274 755 155 514 53 928 661 86 421 610 725 271 826 223 250 556 854 421 57 524 52 846 784 282 96 266 820 766 256 788 206 243 302 370 248 402 600 622 974 289 755 413 567 46 844 340 379 965 368 705 503 598 554 312 912 571 567 681 573 573 969 179 872 347 87 830 144
568 366 429 906 341 756 39 192 411 235 521 10 788 587 124 347 289 966 211 47 711 606 715 247 119 829 38 266 1 969 455 696 196 773 752 276 379 178 993 813 975 695 672 719 478 267 78 229 498 647 429 219 541 890 502 842 197 795 283 478 541 700 714 915 683 969 724 307 765 883 395 410 820 951 571 599 797 512 272 215 20 185 791 642 946 847 185 605 394 698 226 730 316 312 136 912 333 167 581 9
391 667 917 454 729 577 302 217 921 14 113 903 413 822 652 380 389 465 875 901 31 574 469 725 638 726 714 981 780 14 856 490 855 105 775 616 979 135 451 11 172 81 241 135 835 752 328 729 480 918 795 191 773 699 891 434 230 961 804 851 837 382 994 897 862 886 136 393 933 28 452 341 793 504 216 969 155 874 157 472 529 80 837 217 435 519 635 859 636 68 578 886 906 713 485 98 807 742 227 923
843 952 873 528 659 27 956 560 944 826 995 637 520 768 343 935 274 766 436 646 985 28 75 248 944 246 135 307 375 307 420 847 549 206 631 946 472 864 754 681 335 873 686 112 544 446 801 449 104 82 58 217 319 802 329 834 944 861 350 242 753 320 297 175 344 687 16 968 930 526 558 807 403 210 14 983 176 862 937 187 592 393 767 109 68 977 392 427 788 325 886 551 94 537 8 159 812 766 503 700
157 739 591 739 880 212 839 176 186 77 390 393 334 481 225 315 126 868 819 798 749 340 140 538 53 142 581 337 479 268 156 878 133 109 388 187 337 643 514 350 293 395 66 820 750 36 598 871 927 922 216 45 502 648 540 487 465 865 509 391 716 756 30 970 437 30 162 206 626 289 718 613 211 672 13 852 281 538 15 469 998 36 760 308 528 172 319 477 867 892 202 519 31 388 195 114 377 718 555 202
717 698 848 731 676 655 407 444 155 346 577 544 313 789 309 755 155 942 706 886 214 862 437 666 281 990 93 30 303 895 946 578 204 483 184 549 47 325 636 374 138 125 376 248 287 838 114 587 507 4 21 338 405 219 978 946 667 141 468 893 333 258 783 425 865 315 176 67 571 356 782 346 50 716 502 127 232 528 112 462 939 4 609 412 852 819 286 208 835 338 268 45 499 588 384 393 538 742 103 88
851 573 87 149 16 487 517 547 145 318 951 961 982 653 662 177 130 39 730 711 325 92 799 757 655 885 16 518 193 476 606 313 396 797 61 728 979 886 137 74 452 258 74 166 207 800 989 738 15 237 977 68 460 356 588 176 896 807 986 81 599 60 312 667 949 346 826 745 93 366 898 765 113 782 680 813 772 358 661 893 409 787 868 385 240 749 886 617 831 570 889 39 222 351 565 371 205 464 853 568
896 628 659 632 403 655 240 184 716 59 175 706 268 501 347 99 80 517 490 755 581 178 472 286 408 233 671 830 414 926 395 44 438 691 838 331 447 233 677 197 236 58 430 183 191 372 631 344 144 543 286 691 845 144 824 397 78 775 947 492 747 680 615 100 130 764 919 88 982 367 204 912 477 868 939 466 6 503 466 276 518 425 790 436 490 70 300 558 187 696 31 180 190 415 263 163 774 878 732 449
646 28 790 661 205 317 761 551 84 288 332 664 480 182 623 208 609 912 284 353 554 873 9 122 681 372 926 275 136 147 596 314 138 437 128 832 976 928 40 298 684 201 747 932 476 218 469 886 822 231 954 528 160 678 988 287 539 738 397 552 604 511 230 137 664 415 620 429 401 732 965 40 995 772 626 812 173 377 730 437 770 867 113 476 156 220 209 851 860 870 727 272 506 548 134 854 691 954 309 748
573 895 584 91 636 405 793 619 185 61 565 236 662 324 252 442 299 267 671 108 626 578 349 650 363 244 477 71 857 545 604 317 563 118 319 871 278 621 579 281 952 673 542 186 370 204 185 721 732 314 44 714 682 1 384 847 439 449 357 484 208 272 676 83 55 207 587 843 697 974 13 405 610 237 825 862 219 221 397 33 240 318 946 444 891 902 780 409 419 256 376 15 738 796 669 754 688 962 325 48
175 330 511 251 587 108 416 53 271 945 71 877 268 4 571 796 413 428 639 824 910 423 936 175 561 357 216 603 183 687 925 978 9 668 796 942 481 700 310 975 411 40 119 285 203 532 241 18 508 380 834 552 370 87 98 774 400 621 228 304 66 510 402 817 34 292 800 535 560 139 290 387 874 605 608 260 195 697 163 878 949 9 172 224 425 488 737 627 783 535 657 56 252 807 862 897 662 118 950 539
179 620 521 131 515 444 873 704 696 861 324 152 302 840 213 610 472 858 463 417 78 37 27 712 704 443 494 721 385 371 931 500 673 715 711 890 218 949 609 125 671 72 147 636 617 842 112 941 439 197 31 77 617 515 735 385 397 455 332 558 229 845 251 736 407 162 686 808 155 72 965 805 493 490 79 840 41 117 812 671 163 79 439 965 776 918 226 646 615 925 139 15 229 864 904 24 857 232 26 382
245 173 7 711 682 427 857 667 252 628 63 467 14 773 215 357 648 40 744 615 563 315 318 796 622 714 315 503 782 104 133 859 81 970 264 280 774 281 848 493 474 166 776 336 690 799 898 6 77 803 619 489 117 969 373 875 501 995 307 187 23 469 341 503 280 719 189 2 246 206 904 346 916 705 169 382 92 37 443 624 621 525 443 287 329 114 102 608 194 65 905 629 146 780 228 996 769 949 545 768
34 533 561 244 444 108 401 60 433 303 26 424 92 908 925 119 986 629 708 307 3 886 93 6 967 464 881 640 804 875 62 359 759 581 588 820 408 907 280 626 123 619 271 571 623 719 770 175 240 544 45 322 320 208 41 504 741 117 73 478 466 875 610 524 102 606 256 523 20 438 58 137 103 805 186 995 151 357 293 843 802 496 734 195 790 988 109 229 802 645 709 708 54 946 895 280 317 892 892 196
909 622 968 835 932 631 988 593 197 401 264 284 594 445 770 674 869 117 41 432 525 128 508 963 685 673 750 469 746 164 259 553 366 791 155 200 195 82 438 674 916 112 17 355 6 690 805 252 645 315 122 637 160 93 989 155 493 953 933 990 396 456 143 73 710 482 180 152 31 286 847 893 676 761 272 472 560 279 425 501 524 385 136 861 322 344 647 415 308 843 660 226 384 289 177 973 979 149 670 502
130 353 997 676 109 917 278 939 252 334 144 18 408 601 526 358 622 243 346 198 391 252 118 441 310 216 812 10 458 921 408 652 34 778 816 19 665 951 405 398 396 677 605 21 473 546 110 315 900 679 20 297 380 82 571 979 808 278 205 636 3 665 834 357 9 62 265 341 496 633 823 158 177 713 679 194 287 492 559 102 305 356 394 770 158 114 57 447 279 127 775 87 851 558 465 249 961 210 453 185
399 520 52 469 974 795 778 385 844 222 176 635 755 740 589 866 588 154 20 385 283 342 305 690 284 804 797 78 843 861 994 470 122 6 511 179 160 179 313 965 191 67 912 153 953 783 373 685 724 764 52 150 117 488 425 665 58 253 735 431 985 472 565 873 862 381 816 481 118 570 832 148 163 469 671 162 629 430 203 155 338 992 465 689 878 38 440 0 470 576 402 854 948 20 659 646 37 457 679 786
194 695 835 391 414 146 841 368 278 155 276 644 866 14 200 742 524 892 504 184 789 22 327 721 348 720 955 355 731 845 259 787 25 636 994 145 291 548 499 593 181 418 37 924 296 121 968 305 189 800 43 727 816 912 210 370 757 865 791 932 73 849 538 602 678 630 337 149 886 993 41 715 750 764 695 207 306 768 26 286 965 516 437 220 281 479 822 494 38 820 426 615 479 449 318 305 604 905 641 240
876 961 380 17 461 891 258 760 177 182 811 421 676 11 270 911 800 745 667 823 294 661 309 235 72 661 639 372 642 910 717 944 434 317 0 868 681 887 535 765 898 285 662 686 697 791 864 340 902 638 671 435 904 389 728 346 723 828 781 159 135 746 464 482 206 268 15 321 424 681 606 968 902 186 27 83 616 140 984 181 312 881 638 629 409 926 41 496 515 710 233 323 765 306 486 358 208 691 738 114
519 222 445 569 533 601 930 477 430 931 249 448 227 368 664 20 961 131 803 669 898 852 568 147 955 792 501 242 712 546 299 157 611 80 185 68 974 513 456 686 122 645 160 150 320 815 145 990 535 808 173 514 310 719 392 991 960 214 479 162 846 972 649 227 799 765 178 267 671 866 103 562 499 685 681 781 78 277 956 893 357 235 586 96 898 161 402 802 998 638 7 19 773 550 926 660 541 53 816 205
55 509 833 962 913 98 773 74 316 181 717 920 768 15 864 662 909 926 317 481 563 590 918 481 990 779 371 537 568 149 621 886 142 689 927 240 63 975 329 108 913 588 227 49 828 236 478 515 132 177 338 724 312 787 987 957 980 199 1000 16 461 5 136 839 377 743 665 815 386 648 619 893 24 969 896 647 541 902 950 910 246 124 414 363 110 482 832 849 219 297 233 138 640 147 993 446 746 536 829 454
933 660 194 402 60 672 338 76 799 921 282 646 271 410 143 182 479 306 715 740 650 672 906 749 185 29 352 151 124 470 683 59 540 202 860 146 352 958 400 431 470 664 655 181 166 399 276 828 789 120 592 238 962 186 500 81 922 262 285 880 961 282 447 707 491 568 693 835 552 731 346 580 998 579 926 737 525 792 732 81 3 161 323 977 158 377 62 784 14 326 177 377 426 828 387 492 798 909 809 714
495 589 587 854 402 934 74 982 18 41 429 685 89 520 322 359 256 937 628 461 121 867 374 313 563 894 389 773 253 667 98 104 687 303 709 334 302 620 135 695 606 313 316 315 613 778 399 762 643 588 316 270 12 663 110 760 126 490 768 125 921 314 35 475 1000 602 441 884 493 488 366 101 383 758 999 660 812 53 829 169 201 504 374 56 54 876 703 297 335 254 565 801 79 53 73 343 328 405 199 136
767 463 801 309 375 24 62 599 735 235 463 561 880 49 580 147 499 397 463 729 204 709 758 196 957 716 833 558 878 700 773 848 718 538 897 528 144 97 915 299 563 422 531 865 412 583 904 333 93 259 203 881 425 692 244 770 139 882 110 478 244 821 346 430 607 1000 934 907 108 245 95 4 354 84 834 363 722 413 635 139 356 67 625 237 62 988 621 523 525 873 769 136 977 817 289 189 591 450 939 692
302 293 330 240 319 303 572 91 425 946 711 292 667 55 185 441 800 129 223 393 886 699 312 603 388 684 441 580 319 635 574 261 64 533 6 358 98 864 594 207 551 993 622 474 490 479 390 93 770 303 360 20 755 326 904 54 922 662 747 468 213 189 830 132 988 506 629 783 290 257 67 209 441 879 237 243 231 848 568 908 993 203 437 487 950 139 960 587 268 439 490 969 618 184 907 282 548 884 794 454
491 799 578 540 460 705 789 706 993 644 960 566 781 910 347 714 529 837 66 287 796 269 262 564 292 327 105 886 742 873 46 51 354 81 604 163 190 147 408 353 835 893 11 773 121 229 382 904 609 284 600 138 135 99 662 210 358 355 438 652 949 468 350 934 784 57 472 734 203 737 293 811 655 235 946 785 897 411 725 671 685 380 95 580 320 408 476 193 363 672 11 497 494 897 951 228 665 783 507 897
572 717 660 955 296 321 108 905 942 714 293 692 599 897 277 116 482 886 913 966 893 953 35 945 455 705 598 588 217 487 251 529 972 100 561 702 125 118 263 624 861 871 107 158 55 231 98 394 86 326 299 747 479 244 289 215 618 48 911 428 81 467 879 733 122 994 283 324 515 815 907 971 791 947 450 922 841 944 879 127 319 157 65 996 988 503 394 819 836 430 660 336 956 1000 722 918 949 542 759 250
10 866 159 228 40 722 535 152 523 528 339 423 414 45 112 346 808 293 874 722 857 605 641 906 818 677 635 265 13 324 561 305 592 368 999 742 468 90 590 242 69 15 799 33 511 401 449 876 318 44 968 1000 607 472 137 553 337 825 226 799 118 208 741 622 434 363 81 689 20 156 547 278 68 708 122 544 94 520 98 515 824 598 381 477 529 908 763 770 423 755 928 880 592 908 231 433 623 326 382 76
609 634 162 915 325 44 556 217 399 947 216 236 726 428 896 983 489 24 745 314 158 465 530 576 462 823 52 73 775 357 728 296 861 753 230 594 355 130 328 161 955 580 550 64 419 102 545 940 318 566 92 406 156 533 862 526 704 199 266 615 642 901 751 871 933 403 819 591 777 951 639 931 250 395 31 291 191 626 129 290 948 482 931 602 102 297 610 768 617 403 301 241 631 25 908 613 46 730 670 726
661 858 992 209 150 52 892 219 936 544 341 929 554 261 793 736 906 850 181 365 636 251 842 342 499 987 433 74 50 367 112 561 11 766 603 895 320 987 713 670 536 532 303 614 286 88 923 297 453 814 324 471 578 953 945 812 282 941 816 126 577 816 858 447 323 458 252 732 296 392 320 165 845 251 31 40 515 588 919 885 786 43 209 734 830 99 138 949 24 489 187 467 333 944 454 986 310 598 323 248
381 770 667 54 634 722 722 849 418 569 398 988 747 584 737 306 214 385 427 197 373 963 834 574 572 74 784 138 198 749 695 233 99 901 438 373 617 298 918 999 607 557 284 688 899 349 304 640 153 58 238 126 942 660 718 143 604 220 282 825 687 83 276 390 472 500 647 778 543 76 479 111 555 123 471 826 610 389 195 29 890 396 537 609 278 643 200 86 594 703 402 376 221 963 303 804 122 954 850 139
492 918 264 118 783 144 832 14 523 825 70 851 843 794 702 647 370 213 355 776 453 186 59 780 277 361 6 146 407 994 435 37 55 381 424 161 696 456 551 113 189 953 401 775 351 965 905 844 964 340 284 350 53 415 217 623 390 900 243 280 983 139 106 951 476 399 386 922 474 952 764 229 481 964 506 628 262 368 87 813 919 354 919 921 676 16 516 938 506 186 78 499 290 219 340 12 843 230 886 448
868 149 307 125 538 160 244 570 670 883 585 319 972 496 595 261 651 950 912 712 173 649 392 601 33 134 715 724 502 312 699 605 217 748 484 261 834 512 786 804 321 839 510 648 447 207 151 132 386 704 977 828 362 587 993 924 298 258 5 173 869 207 547 868 865 101 742 32 573 6 160 370 879 101 431 67 270 573 180 979 456 462 935 63 492 985 955 284 536 20 220 584 594 428 352 710 370 397 682 597
867 903 934 819 798 838 168 339 132 258 425 163 307 957 60 361 327 510 185 37 616 25 784 671 958 681 358 973 912 117 645 209 20 563 763 757 798 640 174 71 616 839 142 951 379 331 629 882 152 624 615 890 932 317 576 13 906 195 546 62 360 641 863 586 605 608 3 386 820 301 139 101 488 837 165 942 540 822 328 518 167 58 880 715 619 886 761 979 295 407 240 477 967 892 441 439 728 237 619 441
78 259 343 497 894 938 609 36 705 71 484 192 288 471 7 414 839 869 817 786 71 1 498 619 634 65 96 576 686 757 238 794 324 302 814 98 531 734 97 268 778 885 148 209 803 773 714 371 237 388 386 206 365 345 247 176 64 271 331 384 794 957 539 950 609 609 492 872 795 688 655 506 119 260 598 559 580 621 735 852 578 438 796 683 712 734 694 374 937 378 338 318 218 732 895 243 636 680 571 759
798 602 810 107 483 297 632 571 284 968 389 749 994 190 203 502 1 907 563 887 718 837 558 360 198 599 188 593 23 62 681 322 47 293 398 12 834 151 210 26 388 291 644 474 269 613 52 625 151 779 912 349 867 817 228 310 915 998 236 174 143 684 929 133 3 534 5 815 247 890 10 177 859 131 300 187 919 99 730 900 202 979 284 601 41 70 459 759 702 660 543 301 566 806 284 804 580 781 837 460
574 174 552 749 659 350 410 594 15 761 113 592 815 294 37 377 141 332 362 560 81 963 3 331 639 770 396 886 641 406 730 748 869 47 277 768 514 772 723 926 314 443 760 173 115 387 970 77 34 456 72 793 261 721 754 244 402 987 102 430 295 33 397 501 942 899 884 591 783 624 399 368 944 23 190 865 326 769 420 398 45 602 421 889 96 84 722 899 661 566 408 655 201 799 626 889 346 921 881 76
829 243 498 360 220 953 285 10 465 662 202 796 268 602 357 596 989 868 620 925 425 542 61 431 608 37 764 489 813 142 918 599 541 468 79 254 263 472 89 648 555 344 412 535 898 391 539 435 469 92 829 353 374 928 385 189 829 928 802 936 32 953 349 178 310 499 800 710 201 780 330 299 714 512 896 297 303 403 285 316 261 98 743 144 783 355 244 410 307 964 155 428 500 955 483 216 204 230 960 173
202 569 725 413 515 450 444 554 323 380 489 351 445 186 395 23 499 453 903 603 857 897 266 462 277 60 861 94 823 606 2 19 818 995 259 22 290 698 964 125 5 402 901 594 661 755 968 185 282 964 732 777 380 477 751 959 953 835 840 785 311 857 188 114 708 397 676 812 843 422 39 296 444 74 742 579 290 575 417 387 612 938 27 82 775 728 670 861 728 943 188 435 480 88 745 615 992 750 675 371
336 392 229 169 524 14 106 167 125 779 549 220 421 513 881 720 197 414 890 907 793 736 857 461 723 684 496 657 254 528 863 701 158 562 227 890 422 927 315 142 72 135 171 62 377 786 315 384 731 896 568 839 720 891 133 737 529 486 188 611 837 373 454 909 25 711 969 962 495 508 417 118 183 823 470 465 675 707 508 472 879 596 197 712 228 728 161 160 407 440 250 282 896 177 195 287 515 605 622 559
245 422 357 385 229 273 158 922 302 524 190 600 119 391 648 307 776 726 916 888 770 691 706 269 432 474 194 266 104 676 647 908 499 119 289 454 100 432 623 444 50 684 918 59 304 877 310 517 766 984 411 791 108 730 702 610 791 5 128 415 505 907 728 144 979 835 311 354 415 732 875 538 554 237 427 405 192 430 384 278 737 536 471 868 624 817 529 247 300 323 832 566 372 595 245 621 413 23 19 957
62 687 899 716 16 92 840 644 127 171 889 377 146 798 487 851 413 798 151 675 326 504 347 27 198 299 494 306 125 484 148 288 661 901 89 521 425 261 961 644 619 166 819 304 330 118 507 23 26 3 902 229 490 77 340 264 418 577 802 347 730 110 700 781 595 420 901 177 810 872 397 681 596 277 936 701 304 616 184 189 824 729 117 216 950 16 426 142 970 944 599 89 160 305 770 194 419 550 181 626
469 766 99 371 564 591 503 933 608 883 699 42 835 222 771 489 157 647 8 75 256 916 173 829 947 574 112 990 676 683 824 924 404 364 953 108 436 593 85 977 672 161 401 763 478 528 37 945 899 424 562 97 421 891 250 263 533 989 416 547 74 871 451 407 628 284 267 326 346 118 282 212 529 25 624 118 160 919 587 502 404 532 573 177 950 685 843 608 839 590 469 137 886 381 72 589 630 752 993 25
831 442 601 611 174 65 150 46 542 828 35 428 832 873 629 126 63 365 309 172 915 660 629 797 893 592 822 431 255 257 484 108 231 352 633 744 983 212 24 130 647 550 706 950 710 972 306 313 601 341 157 127 510 819 450 287 743 708 892 760 245 324 813 972 412 468 103 135 106 525 923 217 484 291 668 489 865 875 785 160 474 560 586 631 847 194 53 656 627 144 672 381 647 310 898 237 352 141 315 338
208 942 196 773 126 871 182 124 747 154 787 601 938 605 32 716 281 782 491 136 606 52 387 557 132 886 807 873 635 271 464 304 616 837 774 336 499 985 223 365 149 754 741 351 374 257 388 773 835 957 725 705 816 188 574 157 740 964 619 540 303 745 411 541 763 861 367 143 540 199 86 306 268 103 272 569 54 15 51 97 248 400 149 533 721 347 359 118 863 340 843 71 568 497 254 461 728 952 695 751
975 449 573 477 904 758 459 478 370 956 193 431 660 893 140 599 921 109 860 131 874 810 919 53 499 198 639 174 541 939 662 29 257 357 230 947 174 215 978 564 888 86 251 502 986 488 360 51 681 436 159 190 465 139 242 857 207 274 5 403 681 256 815 219 751 242 743 398 614 576 844 438 961 720 692 313 859 173 639 435 118 506 978 78 724 327 187 665 793 988 58 806 327 990 716 113 218 478 477 564
318 286 732 522 396 374 384 891 256 908 975 105 387 111 797 878 951 876 286 124 785 856 641 737 368 257 408 230 318 129 671 735 764 988 810 865 999 900 944 139 265 119 77 484 907 848 320 370 413 558 591 814 581 147 402 234 565 589 857 358 858 257 351 333 47 268 957 616 63 184 638 95 125 784 739 411 50 223 387 686 17 176 653 17 799 161 836 181 871 641 360 107 823 948 612 771 361 905 656 111
736 111 911 132 44 546 185 379 789 209 472 298 627 718 568 838 140 279 113 920 198 34 418 850 101 912 588 265 628 365 242 829 714 993 57 769 429 675 237 874 188 233 113 763 760 561 71 112 2 831 493 269 577 767 672 840 178 828 736 688 44 545 453 739 219 521 563 995 476 435 622 320 230 650 47 661 48 739 189 630 748 383 561 797 684 737 316 188 194 862 578 62 839 688 144 628 420 212 867 123
366 646 891 284 170 817 792 386 168 442 118 663 874 435 964 706 953 750 701 192 994 497 405 690 360 814 654 554 751 237 578 464 726 441 885 397 327 444 466 908 465 670 530 770 349 800 363 830 838 365 186 370 256 382 450 111 455 94 871 101 727 746 695 235 108 383 837 418 805 713 321 749 995 939 261 897 843 222 674 398 349 401 550 26 41 468 807 159 277 893 431 658 831 848 603 170 56 995 816 493
380 879 15 176 544 29 489 767 15 649 639 360 14 797 445 635 772 560 927 530 588 220 699 407 405 841 413 841 192 565 193 418 729 175 728 580 477 626 863 22 984 154 823 386 840 274 134 215 355 272 643 707 347 291 866 294 106 583 62 865 711 801 144 509 516 459 521 187 532 771 903 438 382 163 816 839 755 348 744 225 910 486 782 371 589 590 406 636 941 16 368 716 374 733 274 125 633 790 746 352
509 741 855 497 51 490 343 345 65 166 552 774 418 557 334 329 592 643 128 11 487 806 858 910 174 847 146 304 246 519 785 640 526 85 100 13 671 988 128 989 840 806 82 656 269 882 507 341 950 202 183 482 275 694 830 959 641 538 424 23 622 717 705 327 823 821 617 107 210 806 753 111 429 721 287 717 669 795 364 903 93 240 238 989 528 809 587 539 26 823 333 81 867 284 215 792 241 619 435 143
458 342 590 639 138 666 369 409 690 768 792 255 172 43 586 69 429 61 891 595 140 878 18 878 413 948 562 722 444 972 912 488 88 809 138 853 65 181 877 807 646 433 964 647 765 426 536 494 417 554 638 396 581 678 17 165 730 919 299 433 402 765 930 784 71 947 15 74 97 838 945 183 451 621 898 797 452 660 494 576 764 152 986 205 844 667 851 341 468 722 796 144 992 676 906 488 704 895 288 246
159 794 338 793 363 947 405 975 895 496 892 501 162 520 7 345 836 938 633 120 915 955 721 688 335 450 619 787 35 96 87 221 175 769 161 93 666 837 788 919 8 215 782 877 654 45 641 697 76 354 743 995 851 993 76 130 891 569 236 376 594 709 723 94 995 232 606 430 469 610 94 49 709 851 882 685 457 997 126 40 278 402 874 374 690 724 837 266 467 228 804 236 247 303 52 484 933 416 984 95
50 786 749 831 672 974 503 419 455 579 936 830 460 106 922 685 36 506 274 92 383 236 498 11 789 490 636 942 337 195 791 522 287 614 781 447 1000 290 272 491 313 984 65 652 56 821 306 833 741 300 743 233 528 607 74 894 145 41 41 78 582 270 654 991 834 300 134 681 557 270 705 652 682 456 62 405 942 468 882 87 439 705 892 4 944 486 985 435 807 353 736 869 781 855 657 849 900 19 474 157
236 146 3 895 626 429 732 789 959 482 660 40 711 978 609 383 973 554 204 343 726 686 334 326 680 291 959 991 978 410 875 58 796 52 713 485 724 724 100 236 2 990 98 231 271 814 84 417 64 797 304 108 572 970 490 154 712 569 997 965 928 433 739 888 519 325 874 365 595 645 902 672 638 724 703 164 489 683 958 179 175 765 157 674 97 716 927 623 231 244 626 829 254 745 691 512 465 594 312 447
506 365 267 698 267 377 270 916 567 155 861 88 482 974 44 116 40 263 884 458 203 149 786 122 52 700 489 312 633 571 204 200 724 814 118 416 901 297 262 777 752 497 664 504 429 813 224 365 956 946 458 783 929 728 403 353 545 643 184 573 701 638 301 781 567 288 765 114 662 393 613 330 60 100 508 34 797 306 869 33 126 336 139 939 362 929 568 455 531 226 211 846 120 940 133 420 934 258 681 532
804 706 366 263 152 918 58 941 356 136 708 711 881 894 909 829 51 522 198 737 603 243 155 672 559 760 264 217 592 286 947 474 647 204 847 190 14 410 381 988 902 754 342 573 540 586 974 93 457 605 282 882 298 751 238 294 5 368 476 711 596 656 759 766 581 571 196 789 640 876 137 315 565 697 390 490 159 234 470 636 437 222 773 449 637 822 339 162 224 544 470 460 913 131 740 840 528 778 640 394
762 549 105 874 151 317 98 442 238 284 890 930 307 891 965 478 762 44 69 537 307 778 802 446 99 387 456 337 114 431 950 940 540 364 556 317 803 175 173 552 47 647 231 526 62 6 158 163 148 766 671 648 196 19 631 314 260 528 222 38 104 195 10 315 679 419 716 609 751 692 395 455 871 766 764 143 592 533 110 788 155 521 52 992 431 676 370 275 930 803 704 883 203 38 990 589 45 520 552 945
314 896 514 63 741 771 635 691 110 87 420 464 58 228 62 379 449 278 589 217 395 487 220 826 331 728 540 576 295 108 128 925 807 601 532 919 701 822 276 968 20 287 914 236 208 644 160 327 71 842 650 28 667 150 376 598 191 878 154 678 904 565 634 862 932 441 757 875 867 238 957 916 631 5 169 568 616 466 519 805 478 486 863 980 469 220 564 809 780 541 498 742 762 408 771 884 923 77 796 426
735 905 983 904 82 622 47 934 124 283 282 855 205 456 306 56 313 12 503 991 838 789 416 998 447 815 784 526 746 952 229 971 988 554 708 582 435 964 632 503 717 547 176 119 219 465 932 870 811 764 734 579 160 50 194 793 372 102 276 290 397 144 215 944 953 718 569 653 8 968 997 117 291 407 930 460 752 549 541 14 212 549 644 28 390 430 662 731 55 531 666 90 409 244 511 344 914 187 158 988
658 547 89 716 77 593 736 374 167 88 232 753 111 626 179 445 362 565 732 838 894 402 75 713 194 520 782 591 35 839 271 78 407 850 147 808 440 615 664 831 806 384 216 581 867 696 278 86 659 391 468 631 893 773 532 773 992 548 938 295 984 925 704 303 177 466 459 625 856 732 90 158 755 195 256 542 646 744 266 284 595 253 21 481 361 875 721 578 603 745 752 359 918 259 845 824 443 408 453 542
198 272 922 749 337 196 836 505 378 63 327 383 100 938 279 582 50 149 578 351 420 113 283 986 921 775 578 426 617 257 256 823 140 240 615 684 893 155 915 417 45 717 580 415 415 712 313 900 502 665 760 765 203 614 793 234 928 61 919 777 198 322 414 243 39 451 802 111 138 215 966 549 272 39 273 56 831 118 374 273 104 503 307 885 887 818 440 998 132 783 751 282 605 163 608 526 285 973 146 70
493 809 88 295 326 277 1 410 421 715 845 438 797 663 208 988 397 530 991 623 589 708 892 391 586 189 270 482 376 849 929 388 60 198 76 645 696 99 305 339 580 239 926 335 474 614 98 356 381 6 999 258 961 563 419 352 513 202 465 42 306 68 740 953 479 989 430 663 112 380 392 634 549 101 98 596 541 37 170 302 806 937 472 27 72 716 221 916 239 546 693 186 988 857 524 10 683 363 641 150
422 644 13 267 555 329 737 395 111 851 118 874 783 342 409 242 260 408 687 308 817 228 28 494 158 273 719 712 828 740 566 835 832 472 262 252 611 620 529 514 367 432 316 286 900 318 985 599 690 606 432 211 118 511 553 530 616 951 739 958 746 332 448 926 596 792 430 970 122 722 249 595 581 286 422 364 796 0 305 571 409 716 357 687 785 67 196 116 419 505 602 166 370 338 550 578 374 512 123 962
130 181 125 690 963 386 463 354 525 557 377 408 258 972 53 908 836 614 510 294 667 812 3 887 269 901 120 873 697 141 888 373 24 408 481 206 851 382 127 188 127 822 885 370 338 547 628 878 375 971 223 348 683 37 38 937 704 502 842 360 966 734 886 461 583 365 253 817 626 515 609 859 139 221 136 74 15 849 135 296 528 630 972 759 535 111 540 583 88 820 253 198 410 657 980 301 159 906 257 749
983 205 487 990 411 871 874 440 672 556 919 55 881 935 91 544 1 700 191 686 702 363 414 890 735 223 125 433 221 153 125 329 347 381 180 531 365 420 753 799 624 174 433 444 834 32 366 506 624 502 181 900 597 654 959 100 280 973 99 399 764 21 261 396 501 458 247 989 349 192 373 509 22 282 966 737 471 617 703 198 79 580 967 696 338 528 378 71 794 816 383 281 36 671 654 190 578 768 365 1
267 541 80 891 764 273 516 922 908 91 905 506 698 924 962 114 199 872 289 31 768 635 414 348 749 398 234 962 633 317 130 283 338 557 2 77 591 143 891 570 113 550 355 793 760 648 54 294 828 311 610 642 585 581 769 977 160 720 104 272 225 332 947 336 851 751 490 30 583 598 8 766 571 121 175 628 134 565 539 89 318 636 565 343 986 505 82 952 186 544 969 12 209 667 480 735 528 852 160 870
359 97 117 12 579 916 176 614 342 866 319 986 107 364 734 601 316 617 504 139 865 716 722 41 135 859 313 839 996 103 989 293 815 991 329 155 840 558 686 822 788 68 752 262 261 880 93 406 319 533 510 755 931 280 155 56 880 730 990 588 725 631 194 608 968 966 175 360 878 859 641 559 461 141 468 559 491 734 786 455 690 499 236 509 992 424 463 336 429 393 738 479 232 644 530 515 895 613 402 506
509 788 220 552 145 418 677 198 258 769 605 156 249 890 793 971 350 829 493 119 438 596 922 642 301 196 376 713 853 674 796 983 286 526 938 20 940 697 593 812 24 991 796 599 243 711 122 549 997 342 762 96 331 165 27 741 127 595 788 440 958 314 156 519 959 908 951 519 126 302 659 870 420 68 807 75 770 759 25 880 574 749 50 206 136 422 73 759 584 913 651 919 374 432 427 621 519 246 661 569
803 437 411 762 208 987 264 396 494 699 164 788 71 28 95 380 600 594 624 723 733 18 936 718 393 196 55 962 324 640 922 929 666 421 996 874 69 564 411 38 628 248 31 396 961 849 640 789 795 659 839 911 977 421 995 850 125 32 872 169 902 23 876 699 498 78 157 385 229 183 260 700 846 347 530 898 780 569 655 924 842 125 808 811 936 856 458 354 822 248 870 200 214 77 10 43 837 651 170 191
315 455 394 155 460 674 642 592 755 408 502 522 37 601 370 560 963 11 649 4 635 711 995 869 512 468 208 373 408 932 728 37 735 353 788 862 43 325 562 732 152 842 660 142 998 683 466 247 479 993 533 354 185 896 934 413 537 646 55 881 350 46 777 442 632 513 595 159 783 366 982 486 380 43 334 586 400 300 419 757 146 712 826 435 457 27 39 854 144 738 460 401 464 69 429 453 179 314 874 485
318 172 557 633 315 183 717 208 40 752 926 906 623 806 354 557 354 770 743 800 598 620 645 576 447 293 253 664 304 652 100 685 351 206 618 613 99 921 666 899 350 641 993 209 744 324 92 176 309 208 959 21 83 650 51 308 325 361 9 871 298 279 549 964 691 766 666 801 937 743 762 331 660 538 97 534 146 902 980 614 226 372 52 172 132 778 23 171 95 725 291 130 876 532 179 641 21 311 847 555
249 887 677 192 276 925 129 312 397 971 269 438 828 947 574 942 110 50 211 137 336 876 932 155 720 636 977 429 239 378 553 675 17 585 19 780 413 445 775 980 138 342 940 482 350 235 451 431 780 596 906 283 122 938 516 849 700 469 198 930 385 704 851 555 298 221 819 489 695 155 957 773 448 782 988 880 50 107 236 302 361 536 314 291 242 421 865 966 985 940 934 233 288 534 705 158 501 191 4 412
882 390 596 801 448 805 346 260 473 852 262 985 27 533 951 939 668 719 730 274 862 122 886 812 696 314 838 916 402 536 56 162 972 73 145 467 356 353 218 834 366 654 816 226 287 19 219 364 184 692 360 169 164 737 905 861 887 254 729 643 501 459 969 899 321 102 506 913 206 434 739 394 518 660 960 135 177 860 510 14 250 260 390 615 830 970 695 606 407 49 984 251 317 709 367 922 103 312 332 800
782 407 842 544 192 505 635 798 419 658 47 559 514 13 442 109 400 61 679 202 5 591 766 780 409 411 625 495 7 851 806 982 464 648 834 634 935 783 859 275 838 460 663 207 579 142 684 550 59 234 710 557 211 748 8 995 561 538 857 26 469 505 641 868 23 207 16 92 376 601 580 388 265 933 382 433 381 577 897 578 290 771 266 30 724 683 974 99 825 250 233 137 996 438 915 658 691 324 536 789
653 410 957 184 999 410 982 604 906 854 430 602 870 977 499 792 226 625 701 942 614 833 171 934 238 148 760 38 854 34 105 853 439 631 951 76 435 301 916 251 819 173 803 840 999 517 92 421 111 776 201 367 51 775 807 737 514 375 405 643 337 561 556 298 805 781 475 522 144 474 937 3 597 501 256 852 345 808 607 972 591 672 614 256 293 887 466 513 37 805 18 67 700 857 263 449 607 108 80 765
492 370 550 810 395 59 540 28 53 975 650 839 923 782 129 675 228 461 535 612 377 341 283 826 126 427 619 511 583 44 135 233 502 204 526 203 404 468 858 609 125 428 747 856 536 733 707 161 751 980 134 178 217 122 995 837 99 571 259 893 97 173 756 840 189 505 758 67 430 264 127 521 525 923 171 787 249 760 511 760 663 43 85 581 114 149 869 282 259 59 490 38 608 939 209 484 38 256 546 752
563 723 389 610 834 678 540 481 785 848 306 834 955 380 231 496 106 688 100 458 795 257 154 88 62 859 550 297 106 49 883 732 150 703 262 443 1000 884 184 257 945 448 809 720 223 591 182 552 98 734 24 721 493 161 927 425 992 602 926 606 519 638 465 347 387 250 804 350 244 971 503 742 573 577 727 258 820 58 506 44 232 200 113 281 912 941 526 733 897 686 134 87 787 122 101 909 626 888 80 424
228 850 677 777 360 484 523 410 569 238 261 967 403 679 212 184 399 2 647 32 672 273 843 65 543 519 728 792 711 710 437 122 563 158 76 592 518 329 717 217 243 197 212 860 154 799 765 610 920 89 427 611 558 904 614 106 85 982 641 394 818 552 102 351 780 644 575 565 532 855 609 100 514 569 105 915 826 714 919 775 752 96 469 383 158 244 69 135 478 111 774 750 538 372 313 646 68 299 993 547
509 614 240 763 787 776 157 714 97 434 114 150 581 679 6 729 330 876 890 960 713 201 984 218 166 402 144 348 112 679 121 174 933 535 435 77 235 526 559 225 482 985 803 366 809 652 150 120 738 911 419 459 5 702 107 244 476 546 601 995 358 688 264 726 526 252 403 61 216 238 179 880 711 682 365 181 89 931 484 116 931 284 838 112 997 588 278 600 454 716 894 784 388 362 68 436 82 900 75 975
279 700 493 263 444 131 681 446 56 321 7 865 183 571 847 625 721 867 896 756 2 891 7 637 742 823 202 7 84 34 566 639 935 29 96 920 421 203 48 878 535 380 439 670 269 645 385 551 279 621 308 653 74 98 80 959 852 963 952 874 188 355 267 430 920 567 612 448 823 541 5 3 83 218 56 121 23 699 911 132 370 908 90 544 10 252 997 329 631 448 129 330 362 715 358 79 388 370 578 916
138 724 393 603 83 923 930 987 18 325 659 47 833 843 595 108 663 666 401 547 679 333 983 969 815 376 58 210 464 149 957 39 703 307 555 971 342 601 412 388 841 703 850 305 817 161 983 644 391 672 929 476 463 748 487 18 484 435 680 292 724 425 534 223 540 51 392 271 63 242 139 15 992 214 627 205 49 710 218 862 446 196 214 930 625 483 981 521 967 533 709 314 761 955 209 837 743 234 831 271
589 359 11 708 669 424 607 113 497 287 675 391 460 948 265 650 841 463 211 559 345 757 963 892 147 478 504 295 587 326 446 742 86 564 463 384 763 511 159 379 908 56 971 943 561 464 530 845 251 465 327 131 446 992 904 820 295 441 747 474 39 803 996 56 342 539 693 122 312 212 106 846 546 600 623 560 723 212 864 788 135 528 811 136 55 314 2 669 277 501 266 256 382 13 789 72 238 551 666 480
382 546 693 201 65 934 897 33 412 473 362 875 103 394 578 923 916 776 290 667 76 189 41 264 954 188 863 458 274 941 935 666 78 6 319 652 632 728 479 331 206 782 625 570 925 627 162 9 9 367 933 177 788 452 282 840 372 698 256 554 653 264 797 650 284 12 987 966 692 796 903 889 215 937 313 468 369 752 596 164 59 218 228 625 586 449 821 803 653 298 576 723 838 772 330 523 854 943 169 436
475 608 797 452 624 733 712 835 969 762 90 482 932 975 234 598 905 146 975 886 498 616 388 525 577 818 251 606 86 255 289 573 657 738 96 555 646 958 312 567 662 644 413 506 667 166 841 634 494 76 489 142 34 716 34 761 71 88 287 977 330 351 216 180 30 226 753 580 980 192 568 438 280 290 582 29 774 975 574 235 619 741 692 751 344 21 461 121 184 424 902 634 200 169 431 381 652 453 917 676
304 582 639 138 64 31 375 120 427 800 311 985 427 327 405 399 108 219 823 43 592 422 958 756 801 87 555 956 922 165 637 667 172 745 136 217 125 485 447 132 240 826 144 984 682 174 311 37 42 655 859 905 468 431 524 783 870 719 145 737 500 628 127 815 529 579 711 923 690 215 875 670 494 344 986 280 882 10 656 616 460 418 165 962 207 327 294 20 395 634 628 325 517 268 948 443 938 259 82 21
111 287 35 51 992 137 194 755 949 942 248 199 154 512 299 921 167 441 614 288 615 743 410 323 367 969 791 536 327 305 415 553 918 109 168 739 136 391 940 279 503 643 964 117 897 710 52 767 268 563 664 894 649 569 585 764 974 144 684 751 825 398 806 549 815 765 201 572 162 89 177 922 754 913 576 761 953 962 587 916 628 820 867 395 273 808 709 102 403 165 293 535 27 901 657 655 753 964 800 178
601 864 663 185 500 418 508 471 776 44 812 740 617 205 295 190 888 865 533 631 541 121 795 448 299 752 263 701 243 671 498 385 538 763 235 571 38 692 64 784 793 522 988 627 476 395 182 151 883 665 535 16 526 790 443 883 675 437 56 746 720 634 370 697 259 6 931 19 891 690 44 535 856 194 640 586 954 783 732 393 982 601 107 696 651 44 137 331 153 7 813 975 944 893 559 666 179 325 42 756
638 446 233 476 279 933 333 976 175 511 162 517 492 657 611 261 96 513 572 378 170 984 169 531 862 955 137 880 891 340 651 782 781 869 26 214 863 630 722 736 142 549 66 538 949 648 369 331 559 332 28 911 482 767 943 352 983 541 91 897 361 998 42 389 162 211 886 84 596 221 903 338 956 59 572 419 251 707 207 170 596 456 892 946 326 581 437 478 338 661 190 783 639 397 315 686 303 267 45 579
676 611 445 655 324 557 163 457 822 785 555 436 471 986 220 150 799 548 127 950 295 959 164 727 786 207 791 214 458 647 590 863 757 780 427 263 769 482 338 838 901 421 472 184 201 530 331 618 780 830 727 567 62 789 530 913 459 449 755 815 330 879 184 808 896 2 17 918 829 68 898 542 221 387 904 169 775 964 493 132 168 732 180 651 383 364 85 580 337 438 651 935 532 735 956 943 953 319 230 277
381 251 321 432 390 309 925 107 299 859 898 967 644 453 921 65 849 478 957 683 161 535 202 811 689 563 522 148 801 785 148 787 827 213 928 712 18 473 814 859 611 0 967 12 315 104 295 908 971 908 627 598 660 344 297 425 745 924 521 539 285 156 676 829 435 224 453 898 941 612 15 725 244 441 28 898 714 873 392 135 604 238 108 669 430 844 348 429 267 997 785 294 939 769 95 721 778 234 918 457
145 538 836 456 105 385 181 726 50 159 485 436 797 643 136 873 713 964 341 717 11 41 15 437 751 74 45 186 824 28 193 433 635 747 847 766 377 424 667 711 268 787 349 131 55 106 746 221 593 920 309 682 742 939 847 457 446 666 178 526 3 434 958 120 872 677 583 330 12 688 501 105 450 840 647 920 702 720 128 138 46 538 616 247 363 734 383 813 276 836 414 546 722 498 557 929 255 218 509 648
898 493 224 320 83 366 658 880 721 960 96 41 680 632 401 153 774 806 184 930 839 274 768 860 733 561 925 299 965 220 178 301 473 827 412 830 414 954 341 18 336 501 32 897 251 415 230 646 830 194 612 153 166 145 23 410 65 976 796 832 1000 158 268 390 479 865 447 949 302 920 459 610 711 383 831 155 405 946 799 342 151 219 461 216 24 639 689 942 95 870 53 255 795 922 451 514 582 547 152 446
417 815 906 910 415 546 599 404 307 12 503 909 185 784 227 251 995 660 319 865 897 963 283 635 785 549 25 774 584 177 533 118 108 572 66 465 179 481 74 670 642 317 394 323 684 66 322 155 706 830 203 482 320 19 217 381 623 217 542 211 788 282 871 425 99 232 50 817 987 472 377 639 300 640 896 395 789 963 878 800 158 329 536 980 787 986 876 962 868 259 662 378 576 968 858 163 39 615 177 521
163 818 421 515 459 285 720 176 628 592 48 14 4 560 689 206 333 367 799 738 205 792 408 322 651 981 473 885 244 105 364 473 734 118 34 83 117 262 284 865 635 59 754 358 768 415 380 337 729 460 461 207 412 764 537 406 975 829 984 134 732 96 483 1 93 462 680 535 501 251 419 48 200 507 490 259 959 880 70 333 289 232 698 79 735 361 435 151 327 405 908 10 794 644 695 465 449 878 844 839
141 778 453 19 153 201 0 1 815 512 442 466 357 314 248 96 21 820 792 900 293 582 134 925 260 555 783 642 849 257 629 36 132 43 819 496 972 271 185 101 852 632 120 947 689 556 388 465 968 430 202 495 494 706 571 194 54 165 209 878 624 578 209 691 782 467 264 281 445 756 996 438 576 642 895 975 0 472 189 102 885 399 60 870 207 169 819 852 446 963 550 296 95 969 949 738 144 302 196 632
229 363 228 538 366 243 909 446 250 647 525 286 75 702 959 688 59 753 29 483 463 423 479 565 607 721 976 516 523 281 791 326 728 700 90 719 222 300 246 909 12 810 176 106 119 299 505 888 822 489 4 783 664 873 426 193 139 185 627 704 14 953 334 109 491 195 268 522 382 195 382 263 762 35 20 583 655 48 532 289 999 793 745 971 874 957 413 537 554 501 865 999 28 0 160 361 779 618 870 94
930 360 288 52 475 723 420 570 974 802 684 718 902 900 745 4 352 59 209 652 851 748 635 518 847 351 46 480 628 807 137 522 563 841 568 394 257 538 832 386 267 721 779 606 649 908 744 398 67 499 184 639 561 460 136 325 193 169 218 606 234 827 149 339 828 966 249 789 269 92 400 225 408 174 662 104 80 164 328 27 101 516 419 839 829 681 851 852 382 386 1 579 602 326 351 6 88 144 263 727
164 842 673 243 337 859 570 294 521 884 792 61 382 442 176 610 566 784 873 269 58 572 722 774 538 838 319 358 541 472 13 308 890 354 472 809 911 407 860 36 452 419 28 942 934 148 216 396 56 914 278 587 845 147 184 734 506 348 615 728 246 97 543 493 482 664 447 808 630 273 810 956 256 683 446 67 620 427 114 800 548 647 963 727 970 392 773 853 716 215 226 610 465 545 854 882 142 290 481 869
481 182 631 725 828 775 565 325 311 461 51 712 118 40 314 327 739 521 445 7 524 649 23 978 725 554 381 100 610 603 97 409 2 710 790 234 353 236 741 728 595 663 379 262 999 299 333 458 172 718 568 273 658 468 773 407 245 820 165 557 663 574 442 956 46 696 585 578 263 777 23 996 149 367 813 237 457 588 108 334 126 536 796 994 833 331 626 180 442 542 370 575 564 239 871 473 234 292 645 963
677 673 536 753 496 629 467 203 875 948 898 3 977 857 173 502 653 855 404 916 10 324 567 564 295 911 61 221 778 648 530 364 639 85 557 411 500 134 330 360 846 896 884 950 509 294 170 36 105 925 722 125 46 256 217 251 248 161 541 246 325 44 687 513 538 445 344 199 762 204 188 602 74 434 151 637 101 499 319 858 708 479 155 160 107 251 436 679 314 421 749 799 402 930 947 323 446 679 488 192
539 755 886 413 935 869 446 57 390 213 758 166 326 265 859 955 705 47 172 8 616 334 777 371 287 909 582 831 390 454 291 962 694 913 954 609 964 363 507 869 308 554 544 62 299 938 104 660 179 449 817 755 698 844 502 659 427 110 958 641 524 801 535 168 741 247 616 235 378 894 532 624 159 664 160 772 204 485 741 34 526 981 906 17 880 18 4 39 716 953 43 742 32 633 94 450 84 2 428 600
534 106 964 69 184 917 121 362 622 711 917 168 846 221 52 662 712 384 619 223 238 80 964 994 58 987 871 293 634 318 248 420 792 853 971 36 417 709 175 715 230 760 796 163 714 511 750 488 583 112 784 891 625 105 93 166 992 433 960 245 619 888 669 706 6 117 780 676 872 418 657 132 688 184 449 878 96 387 476 514 338 570 686 390 6 64 208 144 967 729 890 26 881 927 966 16 155 178 272 459
674 778 386 530 603 336 755 564 476 816 865 51 426 897 859 243 467 906 76 835 38 374 920 35 585 690 867 921 243 355 104 679 566 162 927 703 71 38 192 592 680 665 776 920 353 8 39 862 200 735 34 577 55 792 704 727 730 658 133 791 933 964 867 950 511 383 969 366 317 362 547 964 327 803 389 87 351 798 969 448 887 779 303 496 665 47 437 757 358 637 118 550 275 76 122 178 570 681 895 736
814 500 309 888 248 908 610 233 268 498 124 225 970 547 568 440 499 443 841 772 907 687 642 222 138 138 959 785 707 252 874 237 471 40 941 787 305 785 704 778 926 983 273 516 368 660 203 831 796 23 118 826 453 298 214 546 631 775 20 699 29 48 558 954 626 967 616 936 654 995 518 83 622 559 149 542 156 37 940 803 256 911 257 728 177 891 279 953 714 310 326 400 257 437 961 580 624 709 794 244
232 480 869 967 347 284 684 126 536 647 253 967 452 290 62 399 861 856 644 743 379 753 918 916 210 608 799 349 857 233 782 657 908 699 725 469 250 592 879 885 171 512 454 297 511 260 52 721 965 539 306 363 238 68 178 710 981 331 248 17 127 494 672 986 168 68 436 249 895 78 172 540 953 490 519 531 197 698 362 660 709 74 37 946 641 789 461 258 192 734 575 432 530 198 404 161 346 929 50 471
189 181 328 394 117 517 84 804 175 991 402 545 834 626 490 858 672 800 554 144 230 889 319 180 770 281 711 346 368 332 10 241 647 361 778 898 37 451 622 900 162 940 168 511 129 344 448 316 67 659 268 570 748 254 282 28 366 933 932 844 376 695 425 408 442 527 249 167 924 843 745 223 274 177 138 396 285 286 714 244 341 49 8 523 90 36 362 121 112 296 953 965 806 867 170 197 924 362 444 433
769 226 833 154 946 315 778 478 227 0 977 506 304 479 246 936 557 882 80 958 95 944 496 658 508 855 62 265 625 715 763 101 669 786 813 697 820 854 734 607 736 157 390 196 187 27 20 763 253 319 665 286 682 355 843 263 721 734 817 97 765 886 102 423 710 237 658 669 483 364 555 907 966 62 212 708 481 150 148 453 819 335 205 904 630 786 375 914 858 332 581 89 517 73 248 597 392 163 337 343
19 593 850 403 488 325 991 603 454 743 263 80 363 490 734 271 208 213 844 915 602 852 142 545 975 367 442 664 915 129 910 200 57 3 82 833 893 4 890 1000 888 430 344 980 530 394 931 324 820 311 490 474 205 321 576 57 888 486 576 921 310 912 213 626 435 887 739 773 638 448 923 719 238 853 921 506 159 830 129 949 742 999 390 560 130 816 994 790 250 443 756 7 659 114 102 234 705 709 719 273
29 939 841 286 694 366 972 536 707 969 825 502 852 106 302 860 231 990 641 526 564 94 914 914 965 141 190 721 565 369 985 53 411 6 402 131 534 111 241 752 435 8 576 860 357 758 796 820 181 461 766 302 224 304 919 365 451 246 876 141 485 726 511 440 350 958 148 173 607 641 70 715 572 723 314 769 775 128 134 599 287 298 606 60 424 900 837 131 298 945 188 555 703 907 477 860 925 551 640 987
554 356 424 168 806 759 128 555 517 435 898 702 1000 272 722 350 363 846 832 740 538 169 105 534 782 204 671 850 292 728 240 735 512 231 864 828 451 134 105 172 5 184 73 782 958 444 908 501 650 425 120 630 165 12 643 340 938 624 330 79 794 538 501 65 884 90 654 406 831 415 413 385 930 994 294 602 401 15 818 284 793 607 382 545 804 973 320 609 417 732 628 68 901 111 751 279 556 46 216 759
35 237 316 80 529 236 592 239 787 155 622 861 457 710 422 707 318 548 907 877 642 498 711 946 622 645 521 54 498 918 608 460 629 153 677 95 951 414 754 40 143 868 687 323 791 854 542 547 735 809 826 53 383 104 796 744 11 617 161 277 956 964 816 315 411 16 466 808 918 757 167 20 333 657 749 96 429 299 57 339 616 70 94 706 867 691 464 997 242 907 812 791 323 397 300 202 742 537 535 681
869 145 320 930 509 686 835 210 917 760 269 816 184 887 139 423 398 6 417 900 934 550 607 254 836 640 19 830 20 797 1000 653 845 583 601 961 297 609 977 297 105 174 267 296 492 981 177 13 692 239 11 526 460 360 454 597 235 177 596 313 870 90 469 467 886 111 232 617 529 461 448 698 940 3 398 384 283 670 669 994 442 589 95 4 217 785 537 198 842 887 977 597 878 360 580 570 681 840 452 698
316 604 759 489 959 797 773 486 620 162 315 774 457 822 193 944 866 418 98 872 121 273 963 410 714 755 467 812 207 774 497 325 603 707 386 698 788 218 814 905 547 986 288 373 585 92 208 495 83 997 646 413 577 331 217 93 671 902 875 794 232 29 312 270 975 733 795 916 220 389 603 108 164 640 434 241 315 603 731 188 339 263 8 691 409 231 845 570 666 233 352 904 253 391 258 347 367 163 947 882
524 662 465 247 638 823 819 345 758 26 216 260 685 440 896 192 597 48 571 269 914 734 23 221 399 221 696 401 690 216 974 912 709 471 108 319 88 938 354 634 406 113 441 295 331 648 40 647 497 645 445 886 557 708 198 713 175 152 541 966 523 330 8 92 508 3 291 621 250 409 203 405 405 565 603 67 664 566 16 481 191 715 615 886 606 324 380 712 850 22 256 269 304 201 627 987 837 154 10 369
325 29 655 88 89 123 416 934 566 229 223 912 167 552 751 972 485 769 155 133 934 279 323 960 583 417 477 996 324 282 911 535 312 42 997 565 222 664 65 737 285 64 372 691 340 226 7 626 175 294 37 414 981 265 22 870 869 400 500 817 448 566 638 620 394 584 825 789 251 316 398 412 768 356 362 207 516 925 241 951 929 190 209 571 944 640 786 609 708 774 579 368 96 233 790 290 563 360 963 131
340 1000 0 680 885 646 827 624 84 499 537 957 713 840 339 148 256 910 467 342 237 749 144 864 846 186 26 658 332 388 73 955 396 535 270 407 502 896 915 998 401 385 51 869 479 775 770 247 818 233 268 188 914 55 420 628 314 559 595 810 196 43 569 192 5 415 90 891 12 228 660 941 277 185 441 44 986 380 571 192 866 710 473 659 983 203 996 41 124 357 184 498 128 116 844 849 477 202 225 66
235 459 535 796 133 588 57 799 844 861 422 758 255 73 254 265 59 617 263 846 924 542 428 313 334 308 197 80 12 804 114 27 163 954 120 512 508 132 903 916 219 981 730 52 886 112 450 934 293 79 843 700 57 139 776 75 960 133 520 970 687 103 165 689 749 416 720 82 72 142 950 658 610 12 959 37 550 925 666 111 233 707 233 153 809 945 733 877 146 326 793 461 871 967 874 274 216 517 57 156
735 355 431 350 842 77 783 378 918 643 578 429 477 518 978 99 707 447 418 466 428 171 65 339 882 923 888 10 50 646 303 879 602 422 671 843 910 208 867 637 898 250 583 480 101 141 986 458 232 678 34 2 100 962 994 507 3 296 268 581 302 19 208 436 710 718 808 597 604 688 46 299 471 483 253 264 421 264 65 163 314 645 572 822 724 806 571 660 782 12 345 751 631 667 474 583 847 403 235 148
933 76 910 700 754 974 810 595 49 966 971 328 17 528 399 315 346 413 488 542 271 965 950 569 592 41 297 450 250 302 816 978 965 402 885 41 772 56 477 295 157 573 349 173 154 384 641 575 313 493 742 372 316 555 652 504 897 993 161 868 677 254 503 43 222 997 638 238 152 746 939 504 19 137 358 760 790 545 639 837 237 545 200 330 972 834 962 716 994 825 278 924 885 41 702 109 738 551 551 685
438 986 186 591 467 67 129 46 461 805 478 82 80 908 801 922 183 306 24 241 817 761 388 599 136 825 749 610 795 911 387 447 2 298 207 865 103 434 956 772 714 569 926 541 851 627 722 312 316 991 332 938 331 57 615 38 421 746 927 399 107 346 458 478 135 739 732 195 609 189 361 493 455 721 285 924 20 529 446 866 955 895 130 239 762 388 929 6 474 58 167 778 725 526 851 987 504 102 446 41
696 223 712 871 547 716 483 265 265 964 416 267 627 260 475 328 641 699 48 825 551 999 583 669 918 709 982 628 170 447 942 566 847 166 899 411 597 888 130 235 504 175 979 323 678 452 737 758 665 326 686 77 666 565 324 745 195 354 743 352 317 294 532 562 823 131 669 583 122 441 728 809 701 385 263 216 944 849 156 881 798 373 484 455 146 314 498 872 37 108 474 519 777 308 788 270 385 670 421 515
28 724 310 388 486 845 831 465 826 800 591 666 584 82 994 879 582 935 511 233 785 85 160 869 175 331 181 475 449 229 747 807 23 380 99 839 855 268 549 331 106 282 174 224 567 180 451 546 200 920 715 732 906 727 40 346 927 920 697 497 348 46 535 971 592 298 337 143 156 622 999 77 823 153 93 918 909 67 958 273 879 501 594 764 662 222 881 447 373 239 961 308 923 776 274 70 91 84 613 207
197 350 608 406 705 938 495 518 30 175 668 510 519 394 458 909 189 692 673 713 825 425 879 401 223 303 259 37 374 340 348 873 999 811 479 718 844 983 432 623 514 578 754 9 709 985 587 299 210 355 194 54 836 834 699 808 50 841 794 945 311 392 928 918 337 314 877 958 465 173 47 665 238 452 701 210 773 61 336 841 667 304 684 184 222 909 614 556 10 280 273 689 914 105 279 248 745 935 888 188
850 444 491 350 970 198 904 886 878 308 621 448 194 374 698 803 865 583 386 738 844 110 134 176 662 113 750 701 300 452 842 342 526 423 274 877 137 748 92 722 697 624 65 636 439 934 157 773 647 424 136 530 465 493 748 60 845 169 432 639 305 193 147 887 498 231 2 114 74 473 864 838 295 949 844 776 264 520 864 512 557 257 65 521 378 46 861 107 972 613 956 506 610 332 348 760 238 15 244 102
385 636 300 138 961 801 404 795 934 612 20 627 757 812 515 154 518 37 314 594 809 506 964 485 212 980 495 348 755 175 851 16 509 104 563 232 751 919 225 37 773 389 78 664 547 215 912 617 62 712 834 547 333 218 872 858 666 734 428 533 61 57 966 279 193 625 487 527 482 549 553 971 758 752 819 353 715 761 489 17 503 553 845 142 344 393 171 788 325 805 458 304 647 104 693 825 873 258 556 490
540 570 15 283 946 152 453 971 979 992 603 461 868 767 623 561 82 523 937 727 741 315 330 881 887 235 12 872 73 709 235 187 602 437 128 866 356 640 523 371 988 681 580 231 130 158 927 610 971 595 478 528 526 570 203 518 38 423 913 75 507 31 760 742 192 332 527 735 17 24 99 813 761 727 55 609 267 815 814 380 798 587 932 327 542 186 722 351 907 691 9 847 539 816 867 639 662 33 713 79
482 975 462 34 545 841 605 346 866 862 184 290 24 97 716 862 549 428 885 822 419 497 868 108 553 656 741 787 876 380 758 97 165 237 256 517 399 299 538 683 545 268 644 304 469 800 246 793 530 22 277 68 764 695 427 288 470 626 343 473 542 518 749 60 721 606 434 459 612 311 923 894 123 85 206 166 35 76 720 500 495 601 484 411 153 416 9 748 841 125 219 531 816 242 479 439 421 725 783 924
198 763 225 972 813 707 489 409 807 698 436 192 703 67 228 188 51 54 842 288 968 474 231 987 471 921 271 592 897 562 199 90 105 756 333 621 739 698 792 803 256 881 412 25 609 487 525 724 612 33 426 551 370 874 810 595 323 557 846 228 281 140 610 529 203 857 670 650 953 821 23 638 413 388 34 647 436 135 710 952 774 939 78 671 614 602 363 285 694 600 7 274 487 4 123 428 533 543 136 342
983 416 803 223 218 780 735 786 183 369 338 398 750 238 702 898 943 208 864 895 982 733 392 157 759 411 317 857 57 331 417 603 107 953 398 140 580 166 827 901 458 340 259 480 973 556 336 951 54 116 136 498 19 334 965 49 350 290 3 872 867 195 46 79 104 42 572 478 871 300 160 424 611 361 548 114 138 766 761 412 50 341 160 421 47 727 319 35 833 874 872 589 378 924 105 864 204 946 83 950
361 813 87 566 269 351 231 250 846 500 968 290 319 305 838 592 871 616 611 543 14 240 391 863 831 281 705 971 518 19 9 290 7 142 381 578 828 334 24 784 31 888 433 201 713 468 18 84 783 639 655 627 500 434 670 864 167 973 992 162 229 470 121 225 156 983 928 509 960 820 835 221 363 775 915 679 797 962 143 961 776 783 325 682 201 850 742 406 244 254 327 298 665 972 548 589 23 979 691 45
578 220 849 167 625 695 584 836 714 52 359 688 661 885 95 542 654 809 843 782 607 446 25 118 834 652 221 666 965 322 631 788 185 895 331 902 642 874 17 164 128 770 999 585 913 978 256 986 485 163 29 986 497 285 552 746 343 252 399 562 317 838 963 895 603 185 225 300 325 863 593 818 24 932 698 757 260 843 949 372 776 654 537 674 446 968 233 967 238 806 281 88 933 3 364 174 770 93 30 540
349 179 786 230 484 69 928 682 758 104 502 744 769 585 824 5 57 427 833 435 678 319 84 5 169 299 302 446 559 396 232 285 914 545 148 454 744 242 325 293 597 470 155 842 909 728 786 751 671 905 845 174 810 43 943 177 131 239 15 277 646 765 567 300 108 88 732 95 670 623 646 237 643 698 70 735 429 406 925 874 251 519 707 512 41 448 841 675 340 286 662 883 94 959 701 540 453 747 359 972
402 69 212 881 210 963 889 486 14 993 732 69 397 685 48 402 637 252 319 780 596 574 63 222 657 911 851 797 182 584 216 666 498 869 85 456 354 44 732 681 738 684 148 922 928 856 360 145 682 666 75 592 890 120 219 410 736 788 747 861 735 831 163 294 977 227 18 133 895 656 887 343 462 868 806 16 97 760 547 986 983 841 111 751 921 54 398 166 715 21 159 1000 951 425 914 500 906 646 965 438
19 81 540 509 492 898 780 185 707 910 187 181 212 622 93 660 31 454 156 399 497 689 412 330 300 455 351 462 841 45 357 502 139 664 230 818 626 705 978 907 887 304 674 144 718 415 971 687 141 587 324 34 603 577 623 205 312 211 411 653 526 168 180 440 101 89 567 511 178 726 783 753 202 323 473 366 735 565 514 221 880 302 409 11 625 808 559 664 668 970 36 888 389 122 993 559 481 186 594 260
435 419 969 242 745 108 783 408 916 437 679 798 627 945 123 621 591 235 263 71 30 758 797 630 1000 983 700 914 510 58 799 583 549 256 714 333 803 798 807 384 388 301 417 286 840 248 388 215 323 919 151 314 655 714 905 292 114 335 421 726 793 528 640 913 818 675 591 534 96 178 42 779 582 262 406 495 954 81 475 307 786 988 332 39 298 958 233 233 273 586 710 189 698 322 441 933 479 40 976 16
929 795 316 471 173 104 280 65 979 876 132 670 566 750 389 321 974 145 659 369 662 524 681 324 161 102 903 984 88 650 257 91 635 316 531 284 878 129 437 230 400 708 949 68 177 374 457 990 362 837 481 907 738 88 822 94 584 175 502 583 490 766 702 469 423 15 728 266 732 816 77 817 982 898 479 191 552 342 593 933 812 95 100 339 714 258 92 894 507 377 819 840 736 61 988 768 544 268 401 7
433 307 986 241 369 747 291 18 935 101 559 44 78 366 627 190 800 704 531 881 136 97 373 629 950 558 312 640 890 215 634 540 523 495 9 536 83 283 1000 873 568 186 379 132 757 95 867 735 277 986 258 635 99 577 81 415 607 513 404 414 617 173 509 527 616 308 591 507 285 926 516 68 501 467 55 780 950 217 708 84 30 850 577 837 115 323 321 781 838 302 317 251 926 216 279 890 256 736 583 893
407 470 870 158 747 119 189 318 943 893 425 662 500 49 943 188 652 786 849 759 794 147 459 481 907 580 123 361 114 551 32 22 957 647 197 777 715 92 315 990 116 685 976 7 673 945 923 392 858 321 701 717 257 315 504 977 575 311 823 125 252 339 896 218 337 601 709 772 484 432 864 17 970 904 838 630 858 395 823 506 36 124 122 403 35 291 969 584 792 197 681 108 904 185 588 663 597 252 669 114
272 34 532 325 690 230 496 183 123 577 45 337 313 984 213 310 567 18 392 939 807 501 111 535 918 774 328 593 542 996 150 595 844 868 271 585 334 192 874 865 91 308 391 230 497 224 515 887 675 208 551 49 362 109 294 485 808 347 931 621 990 299 347 828 353 899 823 581 577 229 344 957 556 845 776 553 508 303 779 451 837 236 375 415 555 549 643 850 148 991 587 951 484 450 418 386 720 45 243 144
540 428 335 355 571 524 354 928 427 356 7 511 360 547 503 976 52 550 555 364 537 131 666 19 140 843 703 493 341 680 864 331 995 14 584 87 629 329 189 766 869 535 335 860 724 880 201 516 188 563 742 29 27 874 164 429 365 560 138 167 677 940 194 997 958 69 152 339 561 983 329 253 535 641 248 288 880 734 355 260 8 665 493 816 61 23 984 572 124 24 411 488 158 938 985 255 18 728 852 333
535 680 336 16 108 427 519 331 775 798 252 11 456 613 146 932 739 234 384 603 253 803 629 368 121 839 310 729 44 896 423 21 743 162 80 373 788 868 376 541 724 559 610 77 392 18 192 323 859 215 177 878 0 579 68 283 800 11 437 776 670 618 933 245 455 190 677 549 680 181 834 77 721 4 353 613 211 930 939 625 154 42 252 949 759 293 453 200 189 599 844 852 762 716 558 644 539 324 5 815
765 490 540 895 205 667 457 975 635 599 499 441 448 733 639 395 433 744 19 2 187 346 860 875 648 953 158 908 65 741 337 843 404 889 428 256 45 238 715 969 509 616 180 152 329 165 783 285 760 263 919 579 3 939 744 267 67 241 732 750 633 779 80 583 660 417 908 253 570 449 332 271 124 834 410 507 731 248 344 851 433 582 302 624 40 205 400 270 720 925 381 204 206 590 227 582 593 118 159 873
319 954 271 371 167 201 322 509 805 235 867 789 794 109 754 785 172 551 871 395 554 6 889 645 521 802 419 305 351 673 560 525 905 92 740 207 51 415 777 738 635 327 324 993 339 240 541 709 451 325 455 85 583 798 309 424 612 407 988 744 975 969 605 956 95 285 793 307 160 550 864 980 512 603 220 745 477 664 796 103 507 115 622 535 146 441 310 774 342 958 556 426 209 979 563 425 11 301 574 360
724 9 819 813 159 178 383 311 22 916 514 790 806 714 259 429 577 350 666 219 280 138 843 840 994 293 986 95 865 486 797 640 810 608 643 418 426 955 693 737 320 76 145 625 843 228 113 514 533 79 100 201 515 809 472 541 644 871 246 684 131 451 959 966 574 958 17 113 80 93 442 469 816 125 791 9 458 138 666 796 652 181 761 636 88 311 182 892 528 151 767 433 981 158 696 453 459 511 267 521
390 299 892 477 675 536 970 575 985 201 222 859 394 602 730 33 507 590 748 652 191 39 343 914 94 577 381 73 277 10 895 905 829 320 4 743 583 716 158 552 343 414 669 79 315 640 278 158 276 863 438 78 538 311 401 39 165 494 233 257 436 505 780 888 601 41 104 178 921 478 539 626 19 654 107 247 409 376 73 813 311 119 417 405 265 244 640 418 50 987 349 580 441 807 698 551 582 333 371 408
682 309 754 845 543 859 98 967 489 332 335 493 662 613 113 490 980 983 443 386 417 10 312 391 410 486 149 716 601 712 827 121 678 469 442 690 274 364 557 957 857 262 402 978 131 668 755 31 200 985 765 413 339 412 395 66 71 869 124 557 153 686 705 327 444 189 149 594 593 91 304 758 103 174 196 679 849 939 261 520 848 205 957 669 288 929 90 592 810 628 519 851 95 422 422 752 758 994 645 407
987 480 490 647 856 891 570 951 486 141 542 215 942 242 702 35 594 936 278 573 883 686 463 3 24 944 755 255 390 909 678 509 791 739 522 196 249 245 104 850 298 519 771 835 26 312 298 765 206 849 376 466 401 685 61 600 642 480 581 292 500 979 856 254 181 288 834 880 722 630 306 749 446 511 576 118 753 472 468 731 1000 87 227 481 623 386 757 688 591 192 643 655 151 386 433 211 547 835 478 271
284 361 779 470 757 658 490 890 659 627 922 367 852 826 906 102 336 741 105 253 396 849 252 697 671 84 555 776 241 346 527 911 702 500 303 383 873 636 644 171 716 172 943 666 658 296 54 438 947 415 607 300 265 254 695 683 125 765 288 361 78 473 100 535 625 678 793 438 688 855 196 596 991 285 75 165 539 778 547 598 988 304 229 843 195 204 490 950 730 89 131 650 826 654 34 231 969 79 230 541
322 392 830 163 315 510 612 864 584 207 891 999 426 921 533 312 46 775 519 407 767 6 767 315 903 94 557 845 380 331 590 275 894 875 989 841 31 625 846 613 99 247 862 935 534 63 680 798 265 729 839 660 979 819 780 960 914 793 460 56 575 188 186 451 962 585 57 498 868 241 930 390 661 748 651 532 927 314 474 346 19 103 625 529 847 631 326 672 738 640 523 61 823 716 286 320 843 97 801 220
976 877 876 412 906 738 839 298 428 568 472 384 460 996 740 464 65 540 11 871 218 777 383 287 904 697 372 523 99 529 290 574 168 547 277 676 659 968 338 641 425 989 884 153 167 390 36 917 992 111 272 776 733 963 239 135 365 584 243 193 278 959 971 562 924 716 444 867 76 524 847 32 166 698 425 957 508 473 228 21 190 999 802 698 469 309 588 884 32 86 283 933 738 572 363 866 540 457 614 911
929 498 992 353 25 989 436 112 121 440 36 173 969 94 851 28 139 889 64 76 630 308 224 494 452 460 521 57 521 865 741 126 127 498 872 877 314 44 752 944 313 463 332 485 222 987 299 304 203 707 908 273 94 244 711 630 134 248 724 879 893 31 86 674 685 795 5 655 310 544 545 854 39 308 268 859 577 217 312 415 905 35 747 812 699 725 40 893 166 48 696 352 745 681 842 388 924 471 388 96
315 885 91 274 420 866 804 800 661 742 142 391 308 101 225 83 715 501 862 586 649 535 233 907 725 504 51 783 797 672 984 172 277 995 74 847 402 3 370 391 746 849 902 646 551 209 11 581 544 155 537 73 267 487 819 426 935 745 371 826 33 202 215 685 666 76 987 688 698 748 849 12 707 928 644 738 535 813 98 757 154 482 945 706 283 717 888 72 829 193 315 75 832 200 165 443 598 495 532 554
362 271 290 976 358 553 968 304 31 266 890 224 422 789 485 787 979 978 876 310 63 459 141 99 898 595 410 17 37 441 916 741 586 820 432 726 280 931 172 765 800 292 312 126 158 336 728 962 325 430 11 741 261 929 838 165 363 731 936 46 237 181 691 538 916 5 123 612 939 641 994 29 206 501 334 519 549 487 128 71 61 233 612 598 588 651 828 339 105 424 814 999 158 490 197 314 760 171 832 141
433 9 753 901 422 274 850 786 752 847 222 804 979 813 155 44 362 586 640 450 331 575 779 133 276 920 39 455 160 525 687 458 15 718 710 243 250 200 88 133 587 313 964 710 629 686 567 716 719 906 732 154 811 297 258 19 111 549 521 672 174 758 321 580 873 153 383 416 459 589 475 610 454 626 860 684 899 55 331 134 571 13 302 653 798 423 631 375 232 235 594 313 533 897 259 598 337 177 548 450
9 569 444 421 4 703 741 805 116 722 587 286 220 627 216 568 185 105 506 174 935 721 836 993 161 679 782 145 516 667 680 39 935 501 920 82 639 950 504 122 920 765 68 985 299 737 107 310 560 679 383 631 129 238 570 816 419 431 886 461 37 408 764 517 317 956 468 841 799 633 311 231 563 673 511 418 435 836 27 598 760 566 990 98 568 313 504 612 921 840 271 715 246 810 153 572 524 634 481 437
985 196 409 164 364 621 639 242 623 676 991 457 684 730 433 856 217 609 506 275 903 799 361 731 218 135 921 274 809 501 14 629 478 351 125 183 809 969 38 43 343 871 737 660 987 615 166 944 501 223 191 295 227 407 463 886 628 96 803 790 558 782 988 743 432 950 811 306 815 633 227 838 738 275 629 636 511 168 469 28 55 652 11 294 814 23 261 171 716 365 267 163 722 905 858 807 495 515 552 733
108 812 526 170 148 312 969 891 748 7 439 345 30 225 854 671 378 332 500 999 763 807 311 727 342 109 71 856 877 339 432 834 204 33 271 556 814 25 153 512 205 27 529 468 623 454 737 360 896 353 532 627 424 74 14 988 81 15 603 309 357 995 398 711 365 512 228 12 949 473 470 931 509 211 612 433 363 693 737 879 51 945 252 923 335 555 806 671 899 19 223 938 851 997 325 428 350 341 501 216
575 986 460 546 935 8 128 498 943 954 140 111 381 318 982 662 239 256 294 960 180 39 623 267 947 317 774 584 719 965 957 781 330 67 624 448 789 481 573 691 279 639 247 719 1000 629 672 929 97 948 778 387 741 640 93 560 799 823 824 175 373 460 924 602 31 158 361 635 833 579 379 636 966 748 96 321 940 86 328 612 357 396 883 796 604 52 732 830 148 823 707 230 154 346 962 481 439 956 300 42
742 247 100 860 341 399 98 195 261 855 754 160 378 439 742 885 443 207 667 994 250 416 906 827 763 938 885 121 957 734 191 273 798 910 915 719 300 347 950 60 558 430 400 766 266 16 271 894 949 500 15 340 783 982 153 919 673 898 852 337 562 796 741 674 771 283 922 892 252 240 655 539 806 525 935 564 667 452 181 64 803 71 205 469 293 643 681 599 412 586 642 140 47 511 964 66 604 864 255 430
468 690 901 98 81 386 37 394 865 211 875 151 495 708 960 257 248 191 209 804 392 404 380 770 516 821 521 902 434 988 897 334 496 716 534 4 120 407 226 63 603 283 785 148 303 445 969 520 271 801 619 536 711 405 831 47 490 142 437 514 474 248 770 853 225 129 433 736 255 560 879 632 699 418 977 100 252 942 50 840 83 418 378 166 796 19 976 202 493 759 230 279 109 149 506 861 276 871 605 511
410 920 435 72 943 852 268 970 637 85 129 2 497 92 854 720 314 532 577 858 589 96 110 816 590 973 371 208 930 763 388 393 566 870 516 48 487 973 995 610 859 62 195 130 318 573 731 176 523 46 29 53 789 646 420 168 776 853 356 989 23 561 504 338 590 110 783 970 359 470 898 784 670 524 50 728 238 770 932 431 763 166 496 212 641 808 24 123 961 966 113 92 874 658 735 302 49 245 490 15
502 611 411 55 946 723 322 623 126 423 347 979 294 636 112 340 812 799 290 975 801 139 563 32 733 243 450 603 836 791 652 726 78 582 539 837 642 978 814 938 993 552 667 363 321 239 816 406 228 153 285 865 407 658 233 253 549 314 438 485 716 679 352 114 676 997 158 298 905 688 921 312 733 284 226 802 48 805 979 79 229 447 78 385 390 843 704 561 118 337 238 790 49 189 145 480 862 288 296 310
750 715 967 341 30 865 484 34 761 327 434 670 415 913 28 690 136 110 272 61 346 870 236 742 940 5 903 94 5 766 818 7 971 637 137 602 866 897 950 133 256 546 842 919 939 658 664 5 575 300 735 179 785 976 18 797 700 332 817 627 119 399 21 807 464 101 492 90 139 837 67 920 666 699 430 915 82 421 628 432 707 320 952 406 673 333 605 568 850 127 254 19 731 339 608 104 407 930 639 62
757 856 444 785 577 698 307 451 126 356 195 863 217 375 247 75 952 368 891 466 46 77 640 424 684 390 703 526 127 313 741 556 438 146 930 878 121 704 39 697 660 69 681 459 863 790 365 834 838 81 927 72 834 625 89 621 812 758 490 163 699 864 94 920 1000 186 451 468 635 869 594 926 39 580 800 538 183 938 224 923 693 396 613 87 781 863 197 722 689 591 379 431 971 158 296 433 479 778 464 617
878 138 475 613 658 525 419 55 103 281 645 264 837 587 353 142 381 481 943 16 556 464 112 976 259 307 762 155 354 673 253 688 861 315 166 523 240 821 424 719 75 709 976 810 348 952 540 881 865 203 778 575 32 744 32 798 444 599 671 749 648 758 861 575 333 0 437 254 181 835 704 922 787 197 452 123 768 276 955 956 824 788 744 977 533 486 268 845 639 789 156 445 751 312 501 268 898 514 659 992
916 323 877 959 183 773 714 314 743 811 79 810 125 211 893 632 514 4 429 22 349 339 724 414 75 362 618 393 84 530 262 563 717 750 913 476 976 405 530 616 937 618 168 525 303 846 546 408 239 543 222 282 697 483 538 558 702 348 914 615 617 648 668 145 122 68 472 6 519 180 412 742 76 975 714 558 519 629 114 566 1 193 481 17 694 800 383 368 587 754 554 720 66 615 347 921 649 972 149 420
327 394 363 817 154 370 600 218 648 4 110 787 119 427 694 714 294 214 928 200 569 109 897 854 308 480 937 310 805 123 810 857 578 377 542 951 658 434 289 431 966 5 146 787 887 375 760 860 806 99 678 571 507 998 75 261 906 931 689 471 440 648 12 694 474 56 914 815 548 979 300 838 878 928 914 521 930 942 802 862 399 680 428 110 635 221 430 529 761 486 952 227 6 264 303 777 820 402 681 904
804 281 621 374 792 100 881 82 982 70 450 488 750 92 386 893 346 353 315 545 104 473 73 674 4 80 626 44 773 493 987 540 972 658 366 291 802 756 883 914 627 452 720 480 173 3 751 870 384 799 283 245 420 763 202 418 583 552 598 547 819 283 803 605 904 690 521 47 623 695 613 432 167 7 689 466 954 754 800 856 147 184 740 603 145 658 791 368 483 413 315 813 970 239 677 613 463 977 583 673
978 524 97 39 706 724 821 917 888 77 716 464 72 247 924 565 436 120 768 383 942 604 125 413 836 938 796 437 140 42 440 210 30 931 758 470 823 534 494 139 204 540 346 334 504 478 613 231 140 854 801 349 614 404 716 202 911 233 275 343 307 813 988 401 515 610 208 65 172 135 373 481 131 557 268 225 786 639 296 672 14 267 752 578 346 297 438 564 703 471 906 540 922 840 219 635 471 492 887 341
762 492 556 458 157 602 159 482 617 367 18 527 263 176 674 211 920 185 608 194 809 758 138 568 109 565 348 642 684 527 558 611 323 65 764 963 941 933 779 796 899 251 539 897 946 734 89 444 826 824 965 633 76 905 624 804 496 272 558 857 47 29 152 417 464 384 539 14 560 968 33 866 343 239 175 631 470 264 991 155 739 274 481 110 256 934 863 900 159 569 684 73 111 128 13 629 985 938 877 639
649 180 749 570 584 614 142 515 858 361 848 224 269 556 980 14 305 531 626 547 570 569 329 464 77 786 582 173 14 585 574 685 950 743 10 10 126 211 673 249 632 259 616 766 987 705 530 448 972 37 840 498 852 965 440 878 723 900 774 92 526 484 945 889 465 61 57 568 334 292 556 801 794 976 929 644 823 277 343 850 128 165 161 435 745 727 765 724 609 813 655 116 383 662 792 202 944 496 800 995
399 543 35 536 229 417 241 649 925 81 940 899 726 411 944 30 343 83 657 192 995 924 251 157 97 513 432 838 970 939 583 321 601 731 307 902 482 5 545 511 477 305 21 870 190 387 102 317 18 200 275 393 784 300 341 903 747 479 599 148 929 735 654 679 676 87 585 956 423 588 734 928 911 783 657 415 105 756 979 261 602 955 985 900 796 763 56 472 574 240 196 554 194 16 468 295 9 800 100 13
142 776 59 248 286 140 752 426 58 273 852 393 156 86 616 859 786 271 246 971 834 205 298 513 903 357 42 161 696 159 812 841 999 272 773 857 323 286 59 951 438 137 520 506 427 388 731 617 183 135 305 50 769 316 379 215 793 848 476 479 58 755 494 580 144 461 864 178 123 172 806 644 673 490 746 505 958 836 942 565 147 15 801 534 628 465 989 231 359 370 165 272 397 965 440 618 515 539 981 265
429 518 430 151 918 837 185 845 956 272 548 43 943 977 580 653 465 339 381 404 302 906 734 273 930 256 143 215 469 434 815 203 855 183 170 21 85 635 40 587 7 767 414 352 215 633 421 756 81 94 512 122 229 136 404 756 440 788 466 187 594 340 571 372 495 328 29 563 626 793 857 266 412 407 933 601 325 299 718 686 572 601 854 261 684 31 871 647 302 458 306 600 514 112 101 784 538 700 521 225
385 983 622 763 138 717 661 123 132 237 416 79 942 147 846 764 909 556 959 641 503 37 259 943 521 236 550 911 199 932 166 331 965 292 915 406 593 741 912 650 58 1000 324 624 514 382 12 880 406 804 334 847 84 604 51 844 610 720 203 638 507 729 367 965 414 446 31 89 63 832 377 263 378 581 686 297 712 316 931 756 284 347 181 662 394 810 625 718 8 513 228 367 207 95 159 930 186 354 659 958
677 198 550 640 849 405 335 672 291 572 134 710 487 374 894 790 985 124 233 320 226 90 933 284 749 822 234 148 920 201 687 344 490 454 755 228 64 511 515 260 37 903 225 370 648 373 956 159 714 757 819 513 494 951 711 22 564 576 754 304 417 160 825 441 158 516 480 68 371 91 492 344 52 259 472 12 868 150 645 485 239 946 425 732 316 326 88 767 120 761 624 361 567 374 668 124 603 456 847 882
464 868 247 390 215 561 232 549 501 459 702 776 809 627 459 643 675 118 916 979 892 823 410 29 942 412 891 259 314 86 173 886 573 894 822 536 238 54 227 838 299 910 350 317 812 299 996 978 668 37 291 976 862 208 447 290 848 676 722 855 502 164 198 370 394 882 575 568 987 452 703 739 907 389 589 782 599 864 259 503 584 728 397 102 233 568 114 348 224 51 80 215 964 420 331 815 273 306 409 415
337 908 821 133 826 790 119 801 176 894 822 328 352 393 798 98 298 157 18 462 262 341 518 720 525 244 318 373 880 336 918 265 269 401 530 642 484 147 239 300 934 807 741 839 745 195 704 98 934 780 309 647 191 41 957 777 999 349 714 284 459 7 465 946 52 859 805 733 861 566 229 875 956 514 201 543 667 425 771 292 350 69 924 65 525 251 345 679 966 770 759 204 60 462 961 7 119 51 949 766
746 388 102 173 53 6 170 39 746 149 544 295 500 553 308 959 396 337 635 51 944 294 893 150 578 574 436 848 64 665 866 401 9 967 612 350 245 954 757 955 324 996 891 275 742 175 733 539 169 168 283 230 229 72 169 655 311 507 227 492 379 412 381 580 949 787 954 195 768 525 544 187 551 85 255 880 997 828 850 136 208 558 798 614 551 521 917 773 279 210 966 428 567 956 764 604 916 956 4 506
506 488 743 540 289 125 854 559 754 19 909 820 988 844 26 240 992 806 83 62 864 712 984 533 17 762 971 595 744 902 463 289 835 441 411 921 897 935 301 141 640 728 6 717 806 482 914 66 836 554 13 139 718 257 956 248 117 241 794 271 402 165 96 863 512 505 623 635 362 879 697 2 164 607 841 5 219 952 763 78 361 25 506 876 52 411 634 72 419 343 928 845 583 89 152 74 481 648 312 825
779 411 968 580 469 233 566 549 659 413 81 281 760 696 374 482 115 134 872 723 314 137 616 258 984 852 421 392 794 204 33 642 259 164 413 496 393 710 364 243 757 540 162 256 172 817 713 119 226 801 294 459 770 248 772 787 488 890 845 446 703 447 948 300 189 192 111 395 799 625 731 535 296 43 793 527 575 797 75 920 947 793 416 733 214 126 381 101 911 948 60 124 852 233 355 70 271 89 986 77
992 395 379 881 940 589 279 904 176 620 728 624 964 40 52 511 400 572 705 658 517 327 701 589 198 614 277 479 609 610 551 871 502 318 952 65 593 682 222 173 269 786 738 22 202 543 348 855 665 695 300 123 964 414 776 96 492 20 142 767 526 948 519 107 207 492 931 257 147 753 763 161 55 399 480 577 49 713 986 318 376 348 419 578 886 942 174 102 73 663 919 798 397 733 417 857 904 72 998 908
448 511 327 909 944 860 122 293 342 812 225 601 898 804 849 125 376 455 795 382 578 71 56 654 723 917 789 767 741 51 621 539 464 813 959 593 529 413 219 650 544 245 407 889 159 642 967 960 534 355 63 924 317 635 488 288 470 315 956 778 310 32 695 376 651 944 357 685 351 886 646 899 8 977 13 869 431 626 214 785 810 131 787 692 704 162 889 904 55 612 74 914 235 100 481 377 804 26 751 852
442 451 573 691 146 463 349 157 122 788 704 218 709 435 909 764 79 963 175 973 622 347 243 874 724 162 383 709 15 472 160 726 796 541 247 323 607 750 195 212 20 888 832 156 263 907 45 274 224 26 258 193 687 338 770 500 808 288 738 404 904 536 645 505 362 779 589 546 771 902 815 156 560 678 610 825 599 625 386 200 211 677 360 921 915 255 161 524 497 914 208 77 522 593 82 314 939 23 841 936
396 437 562 125 466 545 357 378 547 734 485 906 637 69 793 887 18 578 515 719 578 392 863 633 399 225 44 557 464 467 421 95 373 11 632 990 78 887 542 633 115 73 796 653 829 942 227 452 915 711 931 968 993 605 428 793 748 387 774 256 192 468 986 78 827 25 369 305 973 242 959 309 751 444 597 475 5 298 356 127 10 833 467 581 986 817 447 604 556 169 386 599 651 938 836 851 316 833 936 259
609 776 851 95 703 170 450 610 789 972 691 799 710 485 479 957 773 595 544 907 140 256 224 635 542 913 268 670 923 157 124 250 818 283 31 558 230 529 469 691 595 776 581 527 357 130 498 822 61 855 712 470 630 509 858 173 176 542 866 780 711 506 180 895 659 471 190 840 221 479 506 579 220 154 398 688 842 735 386 729 901 30 577 673 733 937 100 483 637 312 637 359 51 366 136 734 421 71 335 45
983 130 635 337 314 682 785 537 143 984 733 480 324 836 545 489 712 905 742 455 526 385 486 670 106 183 11 440 894 761 759 816 998 978 418 376 624 870 569 515 293 593 354 703 650 504 958 116 349 238 408 80 538 281 49 928 477 7 824 629 194 832 274 786 910 897 996 500 863 521 84 503 13 855 74 309 761 88 91 224 73 885 370 522 831 628 803 597 163 982 877 647 861 311 297 125 390 409 336 849
33 911 822 495 255 331 617 584 568 5 777 165 487 255 332 580 743 514 888 63 778 305 48 302 214 29 615 129 575 868 127 765 853 916 559 475 205 437 849 364 716 638 850 236 881 330 975 93 680 424 691 374 973 957 929 144 155 77 899 580 127 680 892 251 409 996 482 744 382 457 930 869 625 80 794 266 911 824 709 633 430 273 148 383 574 543 77 883 655 642 168 845 628 218 970 754 355 534 708 89
211 803 836 300 684 574 889 60 129 438 165 879 318 886 930 606 65 94 464 394 487 600 87 104 384 790 206 357 35 891 329 942 333 646 188 303 7 521 578 187 301 68 292 232 42 265 167 92 849 635 939 566 44 105 825 743 751 735 855 585 331 826 777 948 831 433 241 224 557 61 827 799 441 160 216 532 614 133 890 930 304 601 108 600 213 459 627 855 461 144 741 190 566 188 262 608 716 372 900 886
597 922 698 761 167 475 381 517 385 902 118 689 466 239 107 8 635 734 123 300 366 54 386 798 15 834 762 653 927 383 304 425 240 738 558 818 794 492 61 339 428 408 821 363 819 757 479 882 321 157 22 522 810 318 64 855 960 246 86 0 826 296 157 564 960 447 722 357 791 719 819 879 33 298 678 616 772 151 954 70 322 934 978 979 71 591 171 195 798 653 264 100 323 964 599 266 930 975 536 300
480 560 283 17 372 783 917 793 811 877 757 234 165 296 630 211 888 459 822 673 249 445 11 625 755 251 925 434 704 214 752 277 55 656 133 556 882 245 322 534 227 975 168 150 211 323 676 87 86 608 531 530 845 268 430 446 550 390 177 782 38 506 847 743 197 685 81 150 329 167 820 707 980 244 415 927 637 941 548 297 377 374 93 921 505 167 917 788 615 999 610 631 745 577 574 938 245 686 885 30
492 161 731 303 891 923 163 234 825 683 387 105 535 994 85 408 829 498 214 573 149 683 487 288 527 609 691 79 336 796 78 361 613 165 844 896 601 569 480 416 659 446 101 805 227 204 847 660 213 855 39 455 1000 284 451 810 916 244 327 268 178 405 317 264 81 992 73 515 469 335 856 706 853 104 570 353 4 503 784 330 36 13 267 762 297 752 552 327 548 778 767 672 533 989 637 713 354 939 342 469
732 852 511 72 649 649 900 870 792 771 83 434 877 607 486 870 568 587 283 574 220 226 76 210 931 333 820 632 284 625 96 641 740 506 788 47 592 230 820 967 966 807 832 896 542 590 195 450 594 190 394 451 196 388 332 169 374 484 956 309 95 118 350 309 378 782 23 664 200 322 108 875 585 455 54 300 925 260 500 477 954 117 802 499 999 190 690 19 767 389 773 25 685 56 62 440 595 536 921 879
389 381 425 119 29 895 979 703 490 62 506 950 162 980 142 373 412 586 201 228 376 126 205 857 200 925 878 671 26 847 372 944 408 217 68 520 817 352 208 823 946 257 983 731 661 940 715 182 648 175 435 458 444 261 734 47 979 154 901 377 382 284 576 589 932 587 317 584 481 321 156 941 904 125 559 732 705 822 955 147 867 731 65 402 690 606 264 199 323 556 403 751 291 601 678 285 435 400 998 629
432 988 732 260 843 895 287 911 286 407 441 270 100 86 470 339 357 904 210 348 989 712 166 533 773 150 443 713 610 554 709 125 882 425 892 1 254 831 98 845 628 136 674 966 664 966 56 965 684 649 628 5 339 216 891 187 935 485 721 892 948 910 885 623 505 685 550 871 992 672 595 433 286 232 465 681 354 65 986 353 430 746 886 149 699 346 420 793 637 246 815 509 397 471 76 288 967 763 178 347
685 583 245 377 402 278 72 721 835 287 476 342 780 832 456 72 218 570 235 806 10 795 804 230 34 118 54 905 531 425 791 788 204 212 434 512 742 957 235 609 879 420 228 714 313 948 703 667 627 545 551 465 804 778 154 187 418 575 345 221 132 477 850 535 970 140 584 555 527 180 768 384 749 130 316 801 986 402 46 979 439 923 789 781 889 173 405 225 863 32 121 55 104 547 133 254 352 811 97 979
313 423 675 368 536 84 192 517 763 828 910 468 19 302 369 709 864 154 409 838 601 359 623 698 438 6 33 497 233 767 880 356 30 121 460 875 320 981 437 854 742 975 327 225 32 108 595 674 726 523 182 410 98 199 523 789 327 6 762 360 899 264 682 940 173 385 892 430 91 659 406 911 193 568 123 50 684 299 871 573 734 353 154 134 333 779 719 243 591 356 262 607 915 421 723 121 23 138 25 513
599 647 258 994 318 912 946 554 319 171 610 934 312 394 551 400 854 269 166 268 670 21 754 452 954 602 688 680 418 237 161 39 961 904 577 887 617 529 808 855 68 150 541 189 715 276 980 143 663 451 238 148 443 555 85 863 172 817 641 839 338 928 979 970 391 682 716 373 389 710 126 829 650 106 68 26 839 192 195 952 480 945 91 861 436 889 395 64 943 249 256 319 118 479 26 864 573 920 913 682
986 6 487 142 586 247 241 491 131 414 917 875 405 132 767 81 513 342 174 890 207 450 207 90 410 966 73 544 727 42 281 63 890 437 843 855 159 584 478 294 503 876 616 921 785 439 730 517 580 388 696 484 565 323 563 246 706 807 689 740 852 332 105 420 117 400 128 781 598 311 581 830 182 715 731 843 529 45 290 805 79 104 34 537 235 607 254 230 235 693 765 783 993 961 717 707 534 381 813 683
678 571 210 495 3 333 862 796 471 712 582 965 298 392 427 557 544 239 266 83 779 411 219 14 18 717 491 932 215 942 837 565 322 126 977 130 170 642 894 673 863 641 760 854 148 738 952 45 652 359 485 576 919 356 464 271 710 389 381 42 425 572 991 186 76 235 505 788 15 299 898 177 961 682 932 86 688 833 149 612 847 45 459 673 294 245 492 888 849 683 107 701 385 280 440 949 145 541 561 255
108 770 621 809 977 685 281 423 744 773 776 352 210 906 568 493 894 966 650 898 519 632 979 431 834 19 104 608 856 500 370 881 425 81 705 448 618 383 43 254 426 913 838 34 527 67 691 638 193 531 248 371 903 40 798 435 166 126 529 829 709 932 956 713 831 980 145 602 471 603 365 556 990 538 866 513 563 29 443 261 241 590 53 671 666 649 602 204 949 649 57 639 368 948 642 647 389 680 421 330
780 677 352 828 690 517 190 711 533 524 5 295 3 604 992 908 6 69 263 269 413 317 747 790 744 762 345 492 509 228 420 5 491 154 71 322 8 275 287 803 203 590 308 271 616 963 496 307 921 351 643 945 250 638 157 829 907 760 872 37 794 947 795 51 318 321 836 346 522 585 8 549 565 448 373 294 329 960 643 737 894 321 426 136 222 238 885 393 528 788 74 296 24 535 692 711 146 638 736 668
647 140 392 658 344 230 136 89 163 520 45 681 510 236 806 259 799 779 408 362 377 156 477 749 252 259 242 527 249 846 622 917 595 426 747 493 383 727 472 329 461 923 12 138 370 162 252 841 959 749 194 42 842 568 156 220 641 242 122 519 939 298 999 225 203 650 919 256 632 932 111 227 349 975 546 929 804 141 33 206 757 77 806 55 790 879 909 747 113 786 960 450 985 993 535 905 333 895 123 503
94 389 215 98 215 492 762 352 521 648 765 83 928 715 933 804 480 484 939 236 922 765 120 812 409 764 755 369 875 468 645 38 398 335 612 933 532 546 30 738 917 833 19 526 551 818 692 621 234 41 670 673 37 195 183 674 481 200 265 496 963 989 950 352 705 953 777 336 469 363 702 679 165 348 163 991 541 953 521 734 864 424 754 161 623 560 631 576 966 859 541 431 479 457 319 845 825 626 595 611
306 450 204 178 227 267 749 111 77 494 654 100 276 666 51 950 124 362 718 158 173 684 475 313 688 837 733 188 591 32 203 31 458 305 866 888 800 31 88 500 991 115 941 359 996 308 508 331 875 455 483 451 929 469 642 110 886 746 71 857 151 666 217 702 983 172 306 423 77 996 309 849 818 18 334 37 497 912 348 11 835 557 899 720 279 119 77 155 781 874 992 282 279 937 714 409 886 257 635 502
53 144 502 547 955 982 210 950 502 599 872 645 91 264 584 848 270 799 962 526 12 582 995 522 751 615 76 512 688 790 235 246 726 165 180 566 99 524 90 749 542 670 845 781 153 697 465 564 734 277 1000 368 470 936 337 694 289 709 245 953 624 944 85 216 271 657 594 911 251 682 640 251 417 203 17 43 956 123 22 804 579 670 131 198 183 289 828 847 673 520 534 331 77 726 574 892 473 304 832 155
74 452 936 170 796 351 831 949 830 431 477 379 703 840 391 591 901 171 71 702 21 890 671 124 757 85 323 158 91 468 726 154 976 724 629 157 721 607 298 611 225 424 769 887 281 652 93 225 281 671 927 30 553 505 50 657 94 134 73 705 663 876 829 53 586 82 988 893 54 260 770 510 407 377 221 219 950 1000 534 989 736 518 235 502 967 992 464 311 764 520 189 291 112 912 403 242 968 427 39 111
48 841 625 354 190 739 313 511 214 902 11 532 853 106 917 901 539 74 178 976 826 728 596 805 449 585 464 330 406 903 502 360 643 827 394 31 388 719 828 541 121 338 294 415 183 243 951 446 984 806 398 403 755 194 525 825 697 975 13 991 10 55 98 425 729 528 179 742 314 145 372 404 341 775 270 878 503 105 148 202 449 974 432 706 572 355 764 834 31 424 852 627 162 344 30 92 517 208 751 92
612 692 322 799 190 792 85 258 902 881 896 530 434 402 102 881 166 907 917 952 818 447 220 133 861 180 146 248 635 766 475 382 417 572 636 229 651 59 51 132 930 407 183 602 263 510 288 357 478 75 269 670 542 47 289 45 282 646 260 99 951 61 331 11 826 829 203 10 365 335 595 533 128 996 334 312 553 878 693 405 706 872 511 14 548 606 750 657 11 27 856 909 955 899 544 572 921 645 889 982
973 302 839 798 607 105 727 50 654 368 267 436 62 163 810 48 186 412 613 517 871 796 398 990 109 464 456 299 24 279 701 393 816 250 267 305 576 886 680 188 555 43 664 706 306 843 645 697 795 233 685 766 991 950 197 153 914 426 808 728 740 481 937 857 555 176 621 289 782 356 33 808 129 569 190 252 784 314 965 63 696 622 803 467 251 158 835 9 134 79 488 230 80 85 241 440 829 29 875 146
720 393 155 540 827 834 649 646 429 922 176 249 944 898 425 204 703 811 366 995 729 256 904 659 899 348 364 400 854 13 791 231 100 256 84 731 619 600 919 772 739 672 905 307 61 893 471 267 47 991 771 89 124 486 603 454 236 229 136 263 578 319 231 567 473 545 962 861 912 452 26 853 640 34 836 862 4 670 679 376 786 992 584 243 335 580 768 44 901 789 185 35 779 851 349 501 586 766 555 228
815 23 911 560 638 481 38 152 48 55 223 814 791 563 569 178 433 572 572 239 837 67 916 337 928 248 893 818 608 782 217 237 530 337 721 339 16 368 855 903 187 707 102 44 221 972 263 9 126 452 7 609 495 548 128 247 905 938 138 171 582 409 766 157 859 539 303 412 215 553 472 901 227 381 895 216 685 11 805 273 928 909 55 343 288 940 748 478 438 349 370 315 6 383 465 519 858 820 222 173
834 184 716 778 827 233 328 924 781 854 468 20 419 552 875 958 984 580 470 214 330 72 773 600 687 134 596 836 602 296 316 766 742 697 90 271 71 802 132 593 43 296 506 512 592 101 768 499 938 485 146 496 78 563 239 113 112 782 987 761 517 478 168 721 286 442 423 585 47 633 841 580 503 605 328 55 495 215 196 939 655 984 220 828 964 244 300 184 777 248 574 106 273 309 394 558 19 918 40 424
668 983 422 46 959 178 110 143 670 859 252 104 64 765 366 660 929 446 145 763 265 857 785 305 919 880 973 742 959 730 301 576 324 852 495 90 311 358 871 156 556 668 60 676 279 202 786 709 939 431 204 981 273 660 443 266 982 776 944 436 769 66 122 215 839 573 430 794 310 995 20 531 69 667 629 899 150 507 40 606 410 52 719 130 63 956 395 553 352 392 546 971 923 559 555 658 593 390 899 108
868 932 824 184 194 59 8 868 838 86 156 160 679 484 626 23 841 969 652 150 792 502 99 522 393 155 301 258 729 360 980 505 444 359 988 933 493 289 552 985 777 817 926 322 653 571 78 867 305 622 296 424 156 52 256 323 257 977 687 164 466 468 870 44 575 424 986 608 433 114 649 714 607 167 355 434 760 811 494 666 322 6 924 932 983 223 734 380 783 139 896 366 755 809 364 208 885 578 667 6
976 446 410 270 995 894 931 921 42 461 676 938 70 735 490 866 674 708 547 341 688 43 254 530 927 892 763 537 792 433 983 567 427 433 590 707 367 426 419 500 612 50 854 357 844 226 307 924 163 969 940 433 598 875 448 972 519 790 49 605 578 155 520 734 104 731 776 425 553 257 266 494 468 831 993 673 542 304 688 524 4 185 503 865 508 650 237 49 257 225 940 289 544 855 602 305 267 760 687 457
494 638 453 346 28 407 877 237 487 167 57 257 280 171 999 677 339 893 208 281 266 334 894 315 681 511 718 574 339 892 761 520 901 152 987 981 915 947 719 426 424 27 566 336 328 727 769 350 661 760 961 204 855 753 211 322 661 329 899 520 849 769 384 385 657 314 685 359 361 657 41 655 359 577 153 925 775 204 626 360 190 876 70 311 996 498 700 455 669 145 245 633 791 214 124 627 146 236 650 878
272 416 242 714 353 626 107 622 598 489 222 618 584 640 318 46 369 964 357 635 921 30 351 353 388 170 282 966 895 245 583 281 634 556 983 44 685 501 877 48 264 20 362 907 206 997 838 462 416 834 351 172 536 91 602 26 403 192 217 272 879 830 714 323 693 857 713 526 989 876 493 765 69 118 253 292 632 780 984 87 114 156 33 948 284 945 692 525 644 134 414 611 863 118 732 527 967 332 965 157
214 357 136 714 804 250 465 683 487 897 24 335 613 577 151 211 239 645 611 689 529 649 345 34 513 305 839 542 820 78 343 269 798 682 138 492 77 678 941 536 334 446 972 182 351 154 985 517 103 373 727 573 43 521 225 771 253 607 430 958 469 358 891 943 14 209 201 451 263 936 306 761 988 434 338 768 20 518 687 341 333 442 1 892 534 601 339 655 167 689 43 743 559 897 899 301 969 201 54 998
450 234 753 768 634 431 772 753 452 380 584 210 549 787 477 582 132 320 973 770 967 668 639 494 230 990 567 650 580 218 257 763 974 771 62 236 790 821 991 490 239 772 989 174 924 63 766 688 112 556 754 389 847 651 145 554 813 682 76 526 396 839 174 293 808 327 954 465 639 837 346 565 927 44 692 912 93 675 159 350 190 30 729 11 906 119 80 424 295 883 729 955 820 531 372 108 610 86 331 10
580 634 91 276 588 989 910 848 890 531 211 842 84 217 714 901 48 814 125 653 105 304 918 744 726 283 262 342 720 419 404 465 341 404 556 7 238 699 550 737 760 500 483 504 705 641 267 543 675 69 351 735 959 591 498 44 837 945 588 918 519 113 869 261 269 8 256 379 208 822 88 463 22 955 761 97 475 942 240 631 293 547 797 604 883 398 494 59 326 23 349 953 511 225 713 625 340 142 782 924
641 875 806 965 552 922 141 15 354 952 710 552 778 523 504 273 717 255 128 170 799 815 594 799 611 738 686 196 490 481 759 601 874 424 263 466 103 39 18 185 32 574 600 38 625 17 17 772 616 761 440 573 969 744 314 48 959 717 484 190 890 125 957 685 939 385 624 573 816 343 140 510 678 561 75 556 94 597 750 432 277 486 3 168 129 911 823 406 572 187 317 386 537 804 34 733 661 73 607 323
404 594 818 35 42 726 690 352 385 397 627 214 237 960 359 507 107 127 989 337 926 364 483 370 696 593 510 193 179 822 200 768 975 792 390 471 718 541 497 846 234 16 447 715 212 714 922 38 444 734 616 967 284 289 464 36 135 768 516 915 560 751 232 186 689 39 810 715 671 185 835 453 28 793 355 672 145 109 610 132 422 238 237 682 360 520 965 683 111 350 168 437 771 424 246 769 167 151 236 627
91 1000 96 721 196 832 238 142 800 125 471 150 527 525 873 696 930 551 746 694 962 167 94 400 836 833 801 301 532 266 311 755 431 978 217 15 48 451 318 830 118 770 40 353 91 808 91 508 729 581 243 168 124 503 621 552 928 337 38 562 204 397 928 827 651 677 842 274 609 52 511 66 546 700 905 56 186 824 803 824 532 0 988 194 550 565 508 145 414 428 436 500 996 759 153 148 393 133 955 981
931 715 389 510 224 832 310 132 311 911 607 235 390 790 947 734 992 645 599 920 376 691 437 391 941 200 611 455 81 799 145 653 186 349 776 767 810 212 440 322 192 112 756 950 477 485 9 237 312 175 184 462 502 696 35 369 478 423 666 85 255 618 275 817 896 852 137 42 200 178 670 831 354 652 281 253 783 143 992 945 832 326 759 495 423 605 633 612 237 779 128 69 210 283 267 614 19 96 184 83
161 140 183 515 48 727 701 887 935 677 619 433 279 195 491 791 64 49 53 177 485 135 719 947 756 598 298 109 723 817 673 10 500 921 52 123 431 756 385 502 591 572 745 428 926 842 897 206 40 507 265 681 740 318 44 598 100 903 585 522 69 453 975 19 528 261 618 23 989 252 186 483 679 793 743 634 436 785 101 479 579 726 728 949 845 893 754 222 336 299 75 79 480 44 278 388 50 903 228 735
604 158 764 34 641 558 848 282 430 889 359 326 603 1 280 239 221 157 920 506 979 423 47 954 430 615 298 728 709 590 118 739 761 563 31 445 509 835 506 606 440 323 787 73 695 216 222 161 587 28 705 988 129 672 717 94 476 324 341 521 22 734 159 36 610 844 56 706 747 249 138 0 475 361 532 417 406 542 226 219 446 786 881 329 734 308 516 655 492 794 564 276 170 384 637 92 199 447 651 892
371 781 145 271 888 525 30 743 407 403 904 175 193 740 563 208 161 310 483 463 275 434 839 231 929 435 528 232 826 126 319 872 661 578 461 111 678 545 252 589 103 56 95 865 357 676 971 966 719 492 5 104 819 697 712 861 134 663 189 526 124 711 720 847 654 626 875 652 136 219 478 58 984 437 144 750 197 966 864 811 753 462 520 8 363 897 810 196 29 556 322 739 138 317 940 325 387 779 113 126
421 349 115 158 4 478 879 982 891 430 933 207 523 202 183 576 131 722 278 283 761 818 111 153 832 251 795 562 658 376 636 378 908 677 568 346 698 545 74 618 314 427 207 758 769 135 358 395 887 731 538 703 1 450 503 464 19 566 187 804 28 283 758 640 900 853 464 303 663 826 269 313 917 934 318 35 511 727 694 810 334 319 297 75 657 107 608 233 547 905 696 798 18 848 776 804 35 455 130 434
322 64 902 370 78 919 510 549 379 12 873 367 289 958 197 794 29 781 545 796 932 692 277 145 37 350 146 881 465 71 63 9 114 149 49 166 255 313 718 832 956 389 996 276 398 382 992 866 362 788 80 69 508 288 902 267 769 866 551 318 565 715 62 10 474 796 877 345 133 496 814 530 370 29 744 492 374 906 906 761 166 380 233 215 136 8 617 452 255 625 120 620 414 593 410 374 172 276 281 269
994 435 469 165 825 744 474 668 166 150 893 518 960 421 559 575 446 235 707 196 446 264 619 559 234 431 114 260 488 978 855 435 514 16 788 997 320 731 415 407 972 672 729 589 572 74 934 10 171 274 987 682 772 820 572 245 907 170 899 233 989 666 78 309 953 425 142 36 142 362 950 125 757 247 274 670 510 110 142 896 703 736 926 254 860 978 569 561 323 309 749 813 327 21 671 66 896 371 354 16
343 134 670 739 788 16 102 397 231 87 895 98 439 919 448 449 342 696 746 805 430 287 9 348 744 59 610 657 527 991 338 531 914 723 949 221 963 483 49 470 263 69 824 423 370 89 97 629 381 806 917 258 921 796 700 194 212 961 43 665 871 500 361 863 735 143 952 268 368 330 906 379 674 414 259 771 613 216 942 708 870 114 393 365 642 962 336 273 765 472 978 643 888 740 621 306 887 753 743 443
619 453 969 676 748 381 830 819 823 408 555 539 23 820 475 172 515 194 948 217 159 548 970 128 466 695 818 429 330 270 511 399 849 633 603 854 387 681 552 81 444 238 887 847 553 841 163 950 818 339 757 20 631 777 441 360 262 220 219 780 516 803 287 31 406 865 437 739 70 205 564 877 688 427 500 218 166 860 300 322 766 334 844 414 882 573 529 474 616 879 346 26 413 74 582 598 747 610 25 337
323 315 458 203 752 480 175 375 317 948 698 64 659 798 994 668 694 285 670 653 896 123 468 920 127 315 988 797 704 37 636 791 219 285 702 710 794 838 352 484 867 695 305 661 745 415 36 673 993 843 843 497 647 190 671 14 82 660 919 380 400 442 52 947 314 15 960 917 956 121 588 697 839 453 313 390 552 557 484 18 315 990 902 502 905 225 935 167 465 712 693 378 870 168 324 827 473 431 839 645
487 243 248 333 857 993 296 272 290 861 153 389 594 531 831 918 950 267 352 905 793 199 797 693 759 199 69 452 863 339 153 301 921 668 800 328 750 842 145 992 334 356 693 656 409 160 733 957 346 437 337 562 637 257 79 728 843 971 244 677 24 739 241 165 908 937 718 936 183 304 911 609 193 293 632 266 837 778 225 847 894 234 319 49 492 683 128 481 469 702 319 0 108 375 217 626 67 176 50 285
934 975 774 3 922 626 372 701 262 644 82 469 383 518 856 243 470 521 816 569 682 181 368 645 31 133 468 216 943 427 327 487 253 505 38 916 781 909 838 697 199 685 594 612 980 142 835 657 761 120 27 782 943 778 475 46 273 323 939 220 2 624 726 380 1000 345 619 998 245 937 20 148 948 831 259 842 451 96 506 185 648 847 996 446 102 677 235 598 427 342 535 526 719 637 629 415 9 437 409 648
501 900 202 408 484 424 450 224 819 301 380 59 975 950 930 95 136 880 761 497 258 322 496 980 910 303 272 527 711 363 603 659 657 614 337 988 32 747 179 211 389 252 856 146 333 28 911 295 107 13 29 262 331 214 577 279 137 535 961 415 51 740 87 410 156 403 228 534 73 286 144 264 862 319 901 876 327 963 34 779 508 530 811 235 44 724 350 690 743 166 413 785 105 828 257 575 303 638 737 705
707 993 670 344 451 238 205 477 371 226 291 70 579 691 707 794 531 810 368 415 595 453 823 935 25 35 13 54 7 497 573 373 738 821 638 859 150 703 283 162 491 265 133 167 38 964 191 746 623 435 726 742 92 258 295 146 461 566 805 53 370 606 938 302 842 127 819 642 445 496 901 400 799 168 190 70 281 71 584 248 412 911 316 604 715 764 67 488 44 518 630 496 819 736 56 22 715 620 495 932
273 955 98 238 558 949 116 978 112 810 562 934 804 732 235 416 810 234 660 271 904 556 424 965 424 834 450 375 875 424 558 405 117 89 14 477 833 703 900 674 994 11 451 211 947 395 338 366 517 741 683 321 672 209 988 821 136 48 179 573 63 387 161 494 8 703 815 682 925 49 779 140 898 80 291 321 486 955 243 112 74 326 10 413 821 812 597 691 217 273 677 860 537 498 487 278 917 21 882 129
330 610 246 385 653 711 827 728 922 968 894 135 988 212 241 889 496 25 543 792 585 603 928 991 712 644 317 32 570 790 85 470 862 314 420 677 77 382 893 552 713 219 371 459 509 769 512 138 797 683 227 772 280 137 589 255 948 85 879 447 993 253 861 778 100 763 983 610 72 259 215 17 2 163 919 345 118 107 333 59 810 399 612 291 745 302 788 87 428 720 770 42 636 626 303 790 338 382 578 566
346 586 880 493 501 802 548 437 565 327 120 158 241 814 926 619 351 751 230 450 747 752 953 67 96 991 163 191 582 766 325 138 833 78 787 418 849 46 8 133 45 47 575 191 727 256 424 885 194 469 343 353 525 318 341 59 512 550 772 796 808 653 656 214 543 418 584 35 339 790 519 190 385 798 615 607 673 696 246 737 37 543 543 735 178 688 249 686 90 713 482 519 328 540 482 763 287 220 801 349
187 8 231 268 336 97 545 205 260 962 390 218 2 46 642 295 233 784 37 537 388 475 709 763 204 828 15 9 7 748 919 862 161 169 536 552 725 642 766 328 334 746 930 846 776 360 609 159 27 502 438 675 305 14 434 717 201 722 94 55 679 159 867 499 315 674 902 94 154 864 531 424 656 820 153 320 984 926 686 762 537 760 857 804 584 440 761 585 329 541 927 400 369 451 319 939 293 875 399 877
978 225 11 78 144 6 149 510 916 5 871 678 591 16 511 289 571 814 150 222 285 432 319 58 44 16 948 835 532 372 722 959 942 10 676 47 527 996 228 519 791 1 167 324 910 487 146 41 939 183 167 198 930 168 325 447 352 332 174 848 822 420 955 209 91 469 721 403 208 695 474 832 566 504 480 448 641 844 736 163 877 2 183 360 57 981 191 921 430 906 773 231 688 947 695 435 340 905 917 73
816 437 763 953 49 133 198 194 276 442 190 535 638 127 352 504 608 248 819 418 91 688 588 818 128 272 144 939 284 506 417 175 345 814 623 125 901 550 72 338 262 719 626 196 32 805 331 363 948 110 943 872 852 232 693 252 930 860 416 178 730 341 24 794 650 176 123 775 511 639 834 376 486 327 608 242 594 315 62 506 411 309 11 686 521 510 406 723 928 882 788 433 159 329 249 852 986 114 392 782
205 116 224 853 257 712 341 589 738 830 50 642 524 114 35 612 132 547 421 230 99 621 948 977 855 888 783 381 833 204 189 846 493 441 761 715 146 431 319 698 878 494 316 75 672 143 355 150 107 231 109 892 499 700 434 226 372 250 457 382 732 517 545 264 804 69 710 324 201 269 1 295 926 819 273 221 851 256 398 47 724 72 665 729 402 247 409 187 722 364 777 882 13 350 187 139 497 132 976 76
310 554 886 317 579 551 720 894 732 467 891 218 185 266 274 867 652 970 127 921 574 941 126 438 728 831 604 994 253 586 644 473 295 116 2 464 536 430 102 188 594 821 762 43 302 637 25 163 463 8 579 766 868 705 600 13 224 253 382 849 219 717 426 146 434 81 923 205 774 200 467 159 193 612 527 824 554 438 936 258 594 813 285 722 824 322 349 637 1000 484 411 227 596 150 891 454 609 860 676 467
300 400 132 230 589 660 892 912 928 93 356 747 676 423 117 681 459 136 978 783 486 444 333 321 792 574 774 492 838 676 617 640 797 54 361 294 362 831 797 742 521 797 222 538 470 916 139 615 932 782 745 158 400 480 279 57 454 841 179 745 999 88 544 539 521 363 70 83 629 458 642 596 222 580 887 219 930 380 916 440 626 568 493 586 27 32 118 687 724 902 447 212 91 360 38 671 2 938 754 929
158 481 234 885 546 966 162 382 31 8 969 828 397 386 583 761 240 562 16 250 968 633 10 924 725 810 73 310 587 575 487 782 966 529 191 120 728 891 787 56 628 528 10 984 315 867 397 64 888 78 307 884 622 680 194 327 499 502 913 435 170 917 396 668 63 256 749 487 153 488 709 29 76 824 212 101 747 562 9 762 941 798 599 809 888 284 128 896 16 715 387 766 343 661 924 913 33 883 997 843
226 421 862 603 956 845 243 924 837 505 27 742 999 895 197 12 233 871 99 435 4 852 386 496 402 559 480 468 461 557 755 142 473 83 477 827 830 261 5 469 860 432 602 198 782 621 600 496 581 195 149 240 591 472 741 332 394 431 795 702 89 456 601 963 403 575 169 833 434 874 467 933 536 921 82 917 880 424 671 114 901 821 905 87 223 421 100 747 954 734 776 866 974 20 172 99 350 711 351 239
696 349 140 819 926 61 785 594 812 509 415 426 42 444 975 287 807 118 595 705 508 62 159 334 144 18 46 71 672 263 505 367 923 950 967 65 332 888 225 13 899 780 141 342 155 950 482 471 10 134 716 26 748 401 568 35 585 756 731 183 594 260 88 76 694 170 602 497 227 464 643 427 468 509 59 547 19 63 298 581 101 231 862 588 427 292 619 111 58 579 438 118 951 694 225 725 333 548 265 480
35 472 363 424 27 978 656 401 422 593 285 1 705 963 556 896 694 941 137 321 339 696 627 191 662 925 652 870 866 418 741 593 828 63 46 964 793 905 869 106 854 327 449 886 100 991 629 785 856 643 863 270 665 877 107 630 228 516 302 442 626 289 815 430 288 878 112 480 994 608 498 719 609 39 111 696 485 67 947 930 378 636 848 879 692 782 121 10 230 289 593 832 513 791 210 755 137 935 883 350
959 273 813 185 135 183 21 637 3 190 864 365 612 669 238 206 511 743 980 853 642 599 303 286 293 367 778 755 141 243 881 86 107 958 677 81 455 798 503 72 437 679 566 446 613 541 570 110 887 831 780 876 90 654 794 105 876 175 224 15 179 622 727 630 37 440 727 404 528 827 843 281 54 881 92 654 278 290 130 828 893 477 693 275 739 222 762 769 978 549 555 370 954 146 946 940 95 460 179 947
543 21 860 276 452 217 492 926 335 32 342 735 940 855 892 109 568 99 695 107 40 570 160 477 117 470 260 294 311 136 567 153 590 288 718 295 530 241 596 564 824 77 909 670 832 2 602 339 312 932 967 561 19 513 311 600 937 469 328 557 136 701 918 766 73 690 987 337 417 875 126 469 288 63 77 481 98 393 910 135 334 202 362 429 295 865 748 351 634 298 550 861 511 602 281 778 467 522 965 549
911 717 186 787 605 665 325 377 690 708 49 348 309 390 824 660 888 306 3 988 691 544 501 644 542 562 173 72 231 156 693 57 259 875 924 234 237 993 67 345 196 723 525 176 661 375 535 544 621 418 281 882 664 48 760 457 699 179 807 625 69 133 754 474 604 537 344 623 375 166 382 549 208 35 520 641 743 362 461 644 129 81 208 925 380 22 735 117 574 98 397 416 330 714 420 478 942 252 899 161
495 371 448 194 698 608 795 829 705 407 812 493 542 175 545 242 678 257 563 930 418 5 796 539 302 192 879 418 277 801 992 403 299 194 394 656 977 386 469 957 726 163 82 980 949 57 254 74 29 484 285 342 227 479 776 848 308 926 417 689 41 255 440 109 98 826 202 471 292 977 55 475 516 687 462 339 95 5 371 73 966 118 660 709 782 635 714 540 306 253 160 410 210 600 976 886 711 907 298 620
402 382 818 258 298 368 197 581 363 662 906 697 432 731 557 533 728 36 999 882 430 478 899 343 936 769 157 309 565 295 250 120 528 419 256 713 609 290 343 924 727 777 687 327 853 887 924 943 932 295 618 958 55 91 567 535 347 338 172 787 115 682 803 803 687 251 771 332 683 821 475 941 520 517 724 267 712 520 768 531 555 406 150 546 865 801 881 534 125 55 760 978 182 813 771 527 22 445 138 210
133 595 329 304 164 453 594 530 928 545 293 766 12 905 396 269 149 564 86 991 373 297 785 161 62 398 995 187 689 828 680 466 14 339 622 672 93 393 843 173 759 730 196 320 473 437 713 669 751 706 81 738 454 232 130 962 113 583 446 989 694 43 361 403 740 372 455 538 772 989 651 923 115 370 895 81 299 525 621 342 269 739 344 80 299 927 476 172 707 635 941 947 231 426 830 387 95 915 289 549
149 663 354 918 963 259 882 90 990 333 58 49 228 33 739 62 391 495 487 17 37 296 530 212 937 729 615 568 791 671 447 620 962 442 365 12 606 267 359 174 713 185 641 66 917 851 360 530 432 560 876 367 868 361 16 857 216 374 747 438 197 872 48 931 108 552 276 471 117 210 81 975 850 697 390 378 360 829 999 211 424 850 239 186 884 784 191 309 844 643 393 622 494 405 801 294 648 624 182 120
434 475 414 425 295 530 984 366 296 131 265 913 40 718 438 769 848 261 624 693 299 431 322 222 27 444 162 253 327 573 989 399 166 62 52 30 656 871 191 292 526 995 230 585 708 848 579 260 754 966 241 60 256 50 862 860 597 183 49 769 214 44 910 649 127 572 655 374 466 140 537 299 86 532 4 811 650 366 790 671 679 69 253 755 417 597 447 443 429 816 324 161 771 932 778 562 913 728 304 686
351 857 982 611 207 86 897 363 834 261 404 775 512 476 996 21 715 681 640 186 729 625 341 46 77 883 204 753 986 545 847 212 158 867 361 343 111 655 13 587 845 683 98 947 830 703 316 878 711 356 444 760 505 164 26 529 708 729 621 348 407 820 800 928 329 32 599 796 915 416 902 902 181 468 861 926 526 152 415 957 557 780 368 266 310 606 988 417 340 358 875 554 960 213 838 66 736 381 942 512
209 559 90 238 496 226 741 123 308 984 840 754 699 465 826 10 11 756 645 73 198 735 671 273 606 720 32 740 175 619 199 543 810 788 54 750 119 782 163 708 200 366 802 519 401 540 907 974 136 877 176 219 395 927 727 710 653 904 568 823 258 939 602 869 274 42 628 452 24 321 234 477 626 413 988 773 70 487 944 967 369 325 127 226 620 714 320 926 40 788 993 531 841 460 612 932 608 811 367 882
937 356 249 918 527 976 556 109 834 227 274 711 43 519 467 695 509 279 986 464 861 326 72 365 134 599 279 832 402 581 631 821 548 799 939 242 235 488 119 317 690 509 635 372 995 445 142 399 819 731 271 906 276 989 33 569 387 907 734 868 311 415 163 343 871 280 763 868 884 687 269 271 51 581 477 363 516 300 428 64 222 140 501 50 281 111 555 443 791 380 897 441 547 250 825 775 385 347 886 730
577 353 211 285 646 811 900 947 668 517 629 625 747 565 52 607 194 41 291 240 855 700 39 267 991 438 194 266 298 267 641 607 302 737 259 424 545 98 585 458 503 470 775 880 356 762 683 361 168 394 562 914 374 815 81 366 231 124 320 524 26 116 987 626 51 406 296 395 640 40 558 241 509 816 370 251 227 662 540 697 525 688 740 767 771 716 693 566 134 106 140 761 151 3 567 76 62 555 764 524
908 547 232 448 598 19 817 105 851 215 195 969 588 850 827 151 58 187 81 880 441 820 289 904 526 883 770 17 863 594 82 39 251 668 329 554 736 702 387 439 630 445 660 873 143 148 308 59 641 176 314 446 923 595 906 459 998 715 686 662 475 704 919 632 802 217 46 624 365 959 988 423 285 490 389 530 729 324 174 481 655 480 61 631 4 710 245 614 901 160 635 636 165 576 490 223 845 364 509 23
47 240 136 565 842 994 376 24 200 894 372 330 581 640 170 65 427 995 873 466 983 792 937 585 884 94 986 675 964 57 852 900 477 715 592 421 69 102 448 195 917 772 217 972 545 57 611 406 529 516 613 672 579 946 884 820 278 262 636 462 758 734 642 973 733 336 704 333 823 892 879 100 684 649 971 311 717 245 78 179 658 902 815 618 733 474 782 65 779 425 276 217 170 24 676 37 389 712 676 825
76 897 412 808 193 212 658 450 374 772 495 621 129 121 880 683 777 915 279 771 71 649 522 45 69 592 676 637 235 758 812 800 186 592 910 801 85 741 716 702 334 226 22 853 820 790 399 520 863 818 401 254 429 76 45 704 512 279 364 228 13 9 543 674 921 51 333 264 444 300 750 228 882 492 30 72 509 683 949 144 924 338 832 519 476 738 295 270 179 751 824 703 781 381 942 939 885 32 711 769
471 687 941 372 787 256 196 93 328 768 416 243 707 662 332 177 397 501 393 27 550 737 846 596 818 655 863 446 246 633 678 479 850 34 935 456 754 540 134 164 40 569 557 959 186 534 546 156 236 792 891 886 964 17 231 543 265 734 27 470 957 336 712 505 687 127 350 573 119 332 958 843 140 8 625 240 896 114 546 836 368 692 526 580 126 361 825 808 384 417 624 860 365 392 60 196 801 534 977 884
620 369 750 768 336 731 421 641 286 854 212 520 985 412 732 332 309 255 256 313 427 231 849 902 953 860 564 875 758 638 390 471 199 533 846 409 910 762 292 980 676 968 421 374 265 543 752 957 671 259 726 136 168 496 233 985 472 515 974 578 915 234 699 13 123 4 685 523 714 299 581 807 28 148 663 755 107 885 948 799 661 554 255 551 879 47 499 6 618 144 970 179 596 204 818 574 353 315 40 778
570 274 479 379 891 559 549 201 406 266 570 13 803 187 602 869 61 279 40 650 209 918 952 887 792 18 357 865 104 966 294 178 723 761 664 118 778 523 671 91 482 841 11 578 848 610 309 185 623 349 892 158 659 59 195 802 722 875 624 701 478 123 855 912 926 204 79 987 626 696 435 478 198 553 131 883 192 797 412 675 775 849 903 128 342 931 774 944 341 422 782 824 63 869 260 326 603 404 247 204
462 781 984 325 202 850 962 38 747 95 36 789 336 343 104 973 466 597 104 667 383 112 911 333 402 518 980 339 725 128 954 702 739 589 910 233 787 358 560 811 543 493 181 252 419 172 534 271 908 337 855 567 787 861 1 683 632 773 475 206 8 921 672 623 66 232 911 511 210 555 413 77 828 924 842 105 804 62 926 616 924 755 748 109 289 538 508 435 322 63 234 590 709 115 45 979 858 468 875 307
916 90 47 184 122 321 332 711 408 654 459 87 318 193 398 268 545 732 469 568 922 488 490 118 770 868 601 890 344 822 788 362 144 963 293 331 594 816 127 370 67 569 717 725 125 963 471 167 267 540 473 890 557 363 747 358 765 304 261 357 550 386 320 180 329 602 647 806 629 636 509 133 601 773 843 893 874 138 140 946 937 6 747 879 213 225 903 235 73 285 184 641 23 265 834 314 279 576 221 751
231 165 649 302 521 766 477 34 676 504 850 780 683 705 791 142 817 713 103 922 361 961 692 853 210 873 962 294 632 496 741 535 775 98 34 611 862 298 110 949 677 348 622 919 460 1 416 339 242 332 724 216 600 492 298 100 710 563 678 142 439 954 266 101 914 623 345 314 420 928 763 170 585 280 755 232 78 651 707 263 48 147 387 136 864 96 891 116 348 104 819 153 354 251 884 175 264 845 844 533
368 954 783 985 651 787 602 386 111 365 32 517 450 32 567 473 412 892 291 671 199 512 123 790 804 96 984 76 655 949 685 476 812 101 997 703 621 66 495 0 149 191 845 958 150 973 424 645 812 911 110 157 101 502 345 120 481 850 846 642 980 20 904 499 38 576 499 825 257 618 180 538 472 196 793 1000 729 814 366 433 341 817 339 374 527 582 268 545 325 888 681 114 6 51 529 279 338 598 187 547
67 665 790 142 156 569 720 362 725 665 294 597 889 73 47 983 722 85 859 607 620 46 945 324 806 694 774 324 130 593 188 268 838 182 499 272 446 577 459 913 411 335 736 457 608 884 565 321 304 965 642 194 39 303 420 240 19 906 636 114 861 308 613 356 492 684 948 641 465 535 141 428 692 425 41 424 400 474 524 263 864 535 488 603 587 955 924 774 19 582 169 761 381 613 1000 759 498 748 744 881
718 238 250 797 299 543 796 576 314 313 157 577 896 167 775 599 19 635 136 148 702 920 589 743 812 318 284 712 197 90 131 92 903 12 945 70 247 747 486 723 764 233 234 506 7 653 405 284 960 242 379 930 822 450 809 450 84 670 542 423 497 929 855 298 24 142 378 26 399 659 519 971 766 935 622 103 11 946 458 954 600 627 69 137 1 987 310 132 417 85 701 944 449 297 974 250 332 155 83 383
707 232 624 792 40 844 588 623 683 411 665 954 886 466 292 918 362 647 472 942 641 567 176 765 38 0 407 422 149 949 220 176 349 697 377 380 884 10 110 147 152 962 654 340 702 432 148 83 114 861 155 402 615 980 608 412 975 740 809 630 121 442 838 772 532 982 126 320 954 414 1000 792 187 817 995 991 681 596 74 803 303 247 620 184 292 576 566 563 755 732 764 324 7 99 865 18 280 965 528 215
88 410 417 259 936 333 465 981 505 601 805 168 934 439 514 183 929 775 884 130 564 869 954 164 467 855 679 648 53 782 317 836 170 913 46 839 70 376 428 779 843 809 416 204 186 990 385 741 328 980 662 917 963 52 400 582 271 821 664 167 552 730 936 53 568 375 433 725 177 938 331 399 964 980 901 784 524 499 442 116 19 414 923 375 729 25 967 56 495 103 44 811 95 292 958 183 837 657 718 492
740 144 712 966 755 357 335 999 75 579 109 443 90 802 712 54 129 914 863 771 64 485 395 940 261 314 359 342 151 89 728 2 50 184 631 409 443 442 455 442 720 553 562 45 436 506 329 209 826 125 539 301 838 200 348 432 123 354 68 360 431 758 869 660 718 361 247 704 638 265 339 855 634 747 396 498 52 662 1 419 202 290 977 967 850 139 136 193 691 310 802 769 283 567 195 293 915 124 474 729
117 282 154 570 95 826 560 760 825 571 536 564 824 990 581 143 347 695 521 399 828 237 279 478 674 540 906 858 888 269 3 174 949 320 542 156 960 280 913 327 614 931 678 4 200 882 76 479 196 884 237 958 382 148 303 777 912 913 429 663 727 954 546 125 40 621 457 386 660 657 517 300 77 758 902 827 529 293 105 752 631 989 758 631 726 79 983 2 491 770 749 476 700 381 350 182 90 597 106 375
689 502 412 386 655 396 121 154 524 492 613 677 681 603 219 890 307 206 479 848 722 810 988 325 653 273 387 981 902 42 698 728 40 248 633 579 559 308 380 479 470 362 84 48 271 473 596 378 550 451 949 170 663 599 292 151 693 73 825 823 728 517 343 463 125 653 727 122 463 13 99 294 357 665 129 84 521 996 745 273 527 88 415 834 324 611 53 767 790 952 263 767 430 595 902 952 204 914 180 165
813 372 529 760 450 716 239 902 588 733 62 331 419 715 633 818 900 465 505 157 949 531 413 996 816 1000 763 417 117 228 724 795 239 226 240 865 698 556 416 39 957 658 698 530 56 334 483 327 577 977 107 391 580 91 781 243 659 588 437 234 900 655 978 436 859 71 799 642 339 487 298 496 921 202 163 374 441 988 344 573 428 686 416 782 147 635 17 739 258 206 98 110 17 755 866 95 178 791 753 529
988 68 286 729 778 612 879 835 673 99 687 418 900 74 73 798 267 802 977 993 60 624 344 283 340 428 346 130 719 400 254 806 14 546 52 177 621 159 986 873 419 231 415 127 932 425 691 562 126 134 543 327 362 673 664 638 653 934 266 924 441 667 374 320 511 70 238 673 955 357 644 98 927 908 857 450 65 488 854 9 518 509 371 422 887 682 300 26 292 622 176 741 910 888 609 499 272 613 771 334
113 322 534 409 394 391 826 698 24 909 977 786 828 876 2 264 858 100 660 564 580 875 796 345 259 675 76 940 778 85 802 306 721 555 566 187 348 535 248 729 580 19 452 798 823 978 890 454 449 901 981 545 99 972 210 250 998 205 621 297 536 266 906 621 943 684 33 870 634 9 767 125 684 112 508 958 560 964 949 158 369 949 675 872 659 434 933 930 42 942 452 184 267 502 91 750 282 991 63 578
945 130 686 751 612 897 561 98 845 243 154 934 688 234 492 587 162 520 100 415 279 604 242 292 593 122 373 678 902 519 101 792 823 536 66 316 545 644 180 727 671 360 23 958 780 108 799 410 672 524 123 15 579 791 993 759 988 830 325 83 226 50 515 697 622 618 385 905 953 51 320 528 61 288 313 853 367 583 320 604 919 885 58 641 123 527 802 290 636 925 843 23 6 573 117 394 412 139 889 957
716 213 768 385 161 548 726 610 994 404 609 969 676 816 452 909 254 346 17 221 861 23 322 704 556 436 57 116 518 198 495 438 806 876 124 877 268 744 703 289 825 342 162 740 42 53 362 748 364 11 641 307 464 573 490 26 555 706 981 413 569 381 784 905 439 45 684 243 403 385 378 828 22 978 568 939 350 447 862 875 779 247 390 763 557 657 471 590 908 896 604 724 255 189 273 283 956 383 67 367
264 313 753 478 606 184 734 397 67 858 511 497 171 648 803 988 52 104 89 448 725 874 84 429 71 112 509 695 882 805 902 292 730 154 608 945 879 745 417 262 780 259 785 765 26 61 162 316 184 321 658 991 366 243 980 86 164 304 198 746 503 764 157 976 812 410 204 999 496 376 948 59 304 780 218 363 552 971 369 893 279 54 919 522 872 406 607 85 284 237 185 489 497 330 945 147 531 146 223 747
812 636 938 860 202 424 77 79 312 788 866 960 768 874 296 387 374 301 399 254 149 498 593 318 102 96 786 724 352 704 218 77 403 639 275 727 257 687 30 523 926 388 79 765 313 504 458 632 609 619 523 41 27 143 816 822 375 366 395 56 987 168 138 357 706 435 428 29 819 907 485 756 5 225 648 806 363 911 356 970 75 533 457 444 713 510 428 136 632 588 437 152 764 530 348 12 450 964 152 515
559 149 579 42 695 852 933 971 169 304 190 679 464 237 126 971 949 601 733 212 719 801 603 710 11 381 814 131 874 153 521 244 442 47 395 76 737 995 931 141 424 484 735 637 237 916 61 739 698 951 462 251 825 883 429 93 431 416 564 889 990 433 691 814 474 299 800 7 412 113 539 969 389 981 860 176 120 763 617 166 222 74 594 399 345 163 556 215 658 992 647 44 724 557 783 831 21 207 812 261
235 198 128 80 582 143 94 678 764 656 304 572 970 466 473 6 717 245 44 633 873 269 903 458 277 136 548 59 235 33 183 949 198 990 379 655 961 30 138 454 477 573 108 753 912 4 737 632 478 136 612 958 552 813 456 727 397 130 25 906 187 473 829 793 77 487 386 547 473 205 197 700 711 653 929 641 143 227 639 128 981 514 307 453 237 47 189 913 387 372 838 763 978 791 462 1000 666 109 657 925
308 926 377 918 260 923 133 738 245 491 443 557 625 183 401 26 978 772 535 323 354 800 354 65 618 357 62 149 461 188 205 735 500 807 188 296 514 821 256 979 931 760 335 128 617 469 115 397 741 981 168 298 255 881 680 18 53 795 273 534 616 303 915 607 423 453 633 624 920 275 444 315 326 804 208 719 924 170 502 333 228 624 306 151 758 198 183 345 177 987 946 621 224 194 221 356 83 114 233 450
909 69 894 885 85 133 559 562 65 305 78 839 814 514 55 796 297 189 838 228 504 346 484 158 638 791 2 944 873 745 983 538 775 645 164 82 848 727 508 11 408 719 490 159 654 477 519 513 68 769 34 956 474 31 802 299 872 241 444 901 908 556 344 279 817 609 281 953 741 799 525 974 429 237 517 838 147 155 564 182 932 992 545 773 731 638 10 20 898 461 6 595 542 587 822 234 679 753 69 851
905 170 282 787 87 816 401 213 372 378 705 48 505 929 967 157 702 455 520 161 481 250 647 114 38 288 484 911 750 27 330 897 491 484 237 590 512 192 991 835 28 644 73 491 631 974 668 751 489 668 634 884 268 209 319 55 629 277 441 74 946 999 503 956 704 592 652 625 570 635 483 869 143 585 555 705 286 556 214 684 990 216 272 347 910 120 757 899 479 290 704 786 686 374 358 832 566 757 74 159
440 150 305 352 829 654 720 826 68 246 725 855 31 289 199 520 445 272 665 87 815 976 914 121 697 674 308 586 321 242 285 353 108 240 745 187 228 42 481 648 573 745 695 347 501 212 437 539 769 685 943 738 511 339 748 660 330 778 482 318 837 141 873 591 869 142 44 935 322 666 803 374 430 557 919 140 456 556 939 678 609 253 382 526 777 964 917 772 882 275 871 898 132 360 135 552 810 308 69 721
519 249 683 217 456 326 344 136 988 806 331 814 415 711 257 427 66 825 521 444 457 673 324 28 785 269 221 227 298 703 54 677 739 388 347 591 859 236 338 548 130 152 168 456 601 33 6 689 281 671 351 744 847 418 356 529 235 529 644 583 324 246 790 607 584 551 282 251 405 170 69 706 379 880 738 673 779 515 161 745 327 135 329 906 951 505 361 103 43 362 28 203 266 365 553 548 502 626 754 67
835 562 207 813 242 845 523 955 242 5 560 545 361 599 690 121 931 48 226 13 81 921 491 113 333 174 181 570 28 322 33 155 756 733 88 535 309 21 67 326 667 404 528 56 829 75 481 305 234 449 676 603 211 30 946 208 83 960 844 670 91 359 158 250 548 261 364 895 641 440 564 775 893 790 264 135 706 977 293 764 419 334 621 27 361 453 134 696 511 970 35 295 779 728 260 865 655 782 436 506
782 6 149 172 809 645 396 257 713 894 279 851 857 843 831 565 739 655 905 777 577 981 527 72 472 109 739 889 15 17 987 527 302 245 625 446 731 704 971 529 651 262 192 467 859 983 693 299 870 269 535 529 429 350 797 956 274 16 750 420 491 999 822 552 99 32 764 947 271 319 913 416 495 776 297 165 604 122 841 26 920 605 570 716 984 878 784 38 333 411 630 65 877 851 901 621 100 413 850 928
427 302 32 583 675 844 796 829 857 839 70 259 635 18 648 544 433 354 931 777 146 779 65 19 150 798 873 488 34 787 210 851 563 481 332 874 215 236 828 730 473 524 722 458 285 292 747 751 735 254 136 600 970 590 203 802 970 884 127 458 751 560 93 700 856 962 3 144 721 276 859 425 848 993 103 712 787 80 303 718 150 62 137 954 168 672 588 270 754 281 502 695 942 77 866 685 30 720 965 149
532 499 941 573 481 86 494 304 987 211 138 634 777 299 361 895 852 475 135 925 913 40 340 367 606 833 900 660 54 56 669 814 727 763 345 414 545 222 542 974 66 292 188 697 758 562 730 274 976 230 425 905 418 342 80 425 885 887 829 492 517 696 102 174 971 280 303 751 53 710 46 646 37 373 334 229 319 687 444 505 339 704 301 387 887 347 713 171 417 226 64 76 146 860 71 839 711 497 208 606
656 440 352 736 630 745 689 409 95 648 181 566 397 451 215 131 679 824 317 855 397 187 846 199 432 372 437 244 417 516 721 388 661 923 803 313 709 447 270 260 425 781 556 287 522 778 893 168 141 333 3 757 561 17 740 189 37 764 379 838 100 494 194 891 727 243 79 919 976 775 935 38 351 655 256 910 559 41 55 83 105 104 253 510 474 112 656 84 514 936 760 66 462 742 661 995 768 955 145 176
274 817 959 311 389 7 367 787 11 390 988 179 728 999 945 857 813 480 836 80 54 414 236 262 115 663 441 374 812 488 219 773 623 311 240 931 617 923 681 871 504 157 10 70 851 813 562 78 101 250 727 230 748 3 248 940 849 134 954 867 747 898 66 976 675 671 215 182 817 444 430 961 402 548 188 771 92 836 460 57 758 508 91 285 614 659 363 446 22 537 148 63 269 153 566 49 169 802 649 159
68 300 635 323 1 396 954 380 376 440 198 423 379 152 35 28 508 375 297 235 775 426 509 585 82 351 441 115 118 371 525 368 954 152 319 730 301 609 923 974 196 922 267 490 404 126 385 553 732 136 721 289 48 168 947 218 496 975 897 877 352 726 310 518 788 536 84 499 343 222 409 41 603 322 874 288 310 569 977 358 529 35 834 555 939 957 715 358 663 310 368 578 535 998 2 961 159 561 923 957
193 382 900 844 516 918 987 957 783 317 120 475 385 279 901 395 686 888 879 186 47 143 43 172 979 577 665 789 543 210 785 129 617 920 699 972 824 497 576 116 73 401 200 859 530 515 460 13 336 186 239 74 440 63 600 980 712 539 308 817 545 246 851 855 950 553 434 619 435 716 436 450 880 462 39 61 717 801 779 266 377 829 207 164 665 40 990 949 779 469 239 405 319 482 305 987 180 707 612 45
206 460 224 565 602 769 403 71 611 651 96 796 153 867 180 388 279 761 927 544 924 263 849 544 119 950 199 907 359 141 332 203 476 289 81 995 172 640 531 875 566 584 486 688 732 38 26 28 24 400 854 29 974 365 178 255 126 216 716 667 104 356 557 322 626 508 231 463 679 713 934 785 509 5 291 728 88 966 468 873 342 508 751 441 412 78 968 64 970 397 684 227 481 40 904 790 814 927 993 368
883 494 601 85 120 762 151 472 699 299 494 573 574 834 843 14 18 987 879 545 88 776 535 514 119 808 498 501 965 53 651 316 319 664 341 445 276 855 567 641 952 793 652 414 256 732 421 247 281 737 459 136 735 206 328 933 203 283 895 664 918 758 961 524 735 141 943 481 448 110 974 394 897 840 641 848 475 307 283 584 494 820 530 637 929 687 756 943 106 381 604 603 339 501 901 395 817 309 815 573
73 624 77 273 97 652 863 554 570 4 14 509 275 286 251 695 437 735 573 332 936 905 328 755 703 455 380 885 111 999 533 378 606 618 355 495 527 579 161 155 41 962 638 696 639 195 805 870 21 492 530 765 295 215 743 158 250 142 922 167 265 95 752 151 404 206 807 442 723 353 530 12 512 597 696 411 286 13 212 321 501 893 13 207 814 69 192 969 779 457 852 736 966 94 237 881 254 407 447 858
583 239 657 464 358 345 813 564 526 522 636 549 603 309 772 697 96 490 995 119 923 694 651 287 385 128 927 37 259 113 463 868 555 156 353 151 887 94 357 300 569 69 339 265 845 811 780 818 993 82 148 745 39 705 467 970 604 651 535 306 340 365 749 490 924 588 776 822 767 29 624 660 619 948 519 536 467 470 433 519 990 898 987 427 717 807 638 715 545 284 165 593 280 81 548 938 636 930 711 63
25 107 260 779 560 275 659 303 892 791 651 817 340 253 722 653 64 362 244 126 793 325 264 158 329 518 990 128 933 431 6 211 531 125 989 806 78 113 712 608 499 794 33 870 948 552 794 157 56 579 251 570 883 710 157 62 568 1000 966 176 471 789 310 132 84 296 585 269 184 565 373 2 333 240 565 241 529 337 36 682 247 372 735 519 294 702 862 450 890 116 145 513 436 253 171 83 825 376 849 913
729 241 530 321 601 530 126 310 414 786 242 42 14 637 731 288 69 406 461 771 179 549 240 43 328 356 295 837 371 526 71 971 956 968 110 854 879 646 952 562 234 335 125 145 852 809 178 524 653 622 211 44 507 313 612 772 909 728 82 103 999 685 52 577 374 308 172 626 450 167 525 128 928 578 661 40 419 450 579 806 959 437 862 569 207 63 107 651 240 936 914 256 373 792 638 567 723 968 55 738
474 215 120 342 336 792 538 656 521 385 398 986 199 475 869 299 479 770 542 477 211 810 565 554 740 830 398 466 801 326 941 87 537 113 299 103 544 747 600 420 104 944 418 697 433 392 696 143 479 356 361 13 139 674 540 587 365 702 583 42 962 108 444 324 348 394 89 86 851 181 599 54 657 357 834 31 86 1 222 353 176 626 609 137 145 194 251 872 709 309 582 447 245 998 202 55 202 942 612 734
18 759 907 105 205 709 48 301 797 497 733 435 524 77 588 380 448 95 454 918 309 202 833 893 638 177 450 219 705 879 779 660 381 871 684 37 88 857 191 341 152 158 406 462 703 79 383 862 854 51 330 828 177 510 689 878 241 879 901 195 156 649 904 137 820 777 836 95 191 553 421 229 991 307 452 604 636 510 394 775 552 568 716 48 124 168 721 635 399 302 72 256 370 208 954 769 568 717 147 479
553 729 154 31 999 400 576 409 266 127 791 301 817 681 363 383 408 453 258 364 839 24 343 290 327 987 10 221 411 398 991 269 67 194 871 257 702 360 918 617 356 737 807 745 23 799 324 263 307 764 93 718 529 850 140 837 727 321 386 706 421 279 269 578 545 958 211 166 393 197 279 375 917 390 813 817 813 38 330 700 932 854 218 359 489 194 41 78 382 195 256 860 411 435 691 482 939 676 214 793
269 858 585 479 197 812 862 389 322 427 605 667 176 690 880 4 724 421 24 271 439 424 809 511 832 456 58 890 221 41 143 520 718 682 927 881 386 547 699 507 223 602 432 230 413 293 46 274 130 284 99 965 512 220 793 659 665 591 298 874 555 831 812 915 767 835 682 742 251 270 283 786 42 515 338 978 465 656 781 624 678 904 765 406 307 51 488 580 537 935 862 314 771 113 8 276 628 979 259 4
257 972 618 949 662 359 404 95 1 584 364 650 398 517 807 931 776 349 517 167 38 363 862 935 903 368 363 912 161 548 527 114 255 672 473 880 394 402 529 225 937 38 64 986 480 208 896 294 159 212 680 244 496 379 51 736 362 49 895 128 451 705 525 528 266 498 949 131 643 331 162 983 540 857 410 577 474 504 804 550 879 686 403 947 468 932 981 989 761 442 481 7 166 989 57 210 102 251 810 385
379 292 597 833 367 240 504 853 609 539 922 392 244 639 640 776 213 320 508 331 949 849 342 830 824 45 379 533 301 386 725 519 438 997 381 486 34 147 518 1 607 620 582 524 735 251 453 350 979 979 132 386 295 509 904 925 933 418 38 165 198 333 61 253 682 127 369 535 762 33 980 542 21 578 882 861 572 831 372 713 546 56 681 1 241 850 937 815 15 660 679 696 362 723 343 86 589 836 691 292
479 569 802 738 896 227 262 157 114 973 170 417 68 450 241 827 828 730 616 394 13 648 6 316 411 845 661 678 728 971 364 388 414 207 25 628 751 479 897 657 560 370 965 941 219 762 293 21 304 636 792 242 123 347 191 932 112 783 818 341 418 675 798 851 65 849 15 445 820 34 467 428 829 375 477 636 69 775 520 85 788 322 302 911 163 53 715 718 460 986 282 411 739 570 290 130 485 757 115 581
900 251 829 535 778 176 598 677 39 485 310 656 57 950 724 429 995 292 473 731 61 255 943 912 720 885 601 501 628 530 436 625 865 150 38 681 868 687 719 674 686 792 314 911 155 426 340 614 978 978 737 110 714 44 557 676 776 423 380 603 153 113 988 749 117 617 948 772 609 925 957 348 142 295 723 504 104 621 428 349 978 951 984 80 364 474 959 644 438 314 754 810 419 439 183 994 692 189 96 227
270 47 198 235 328 357 17 918 896 421 238 292 954 294 659 587 542 21 96 816 986 195 138 636 727 603 772 398 595 881 810 494 734 331 782 449 122 654 795 689 680 897 542 587 518 437 537 982 765 690 573 946 679 75 628 173 53 728 653 386 381 878 510 957 788 323 445 312 387 879 710 144 945 700 576 799 715 889 651 672 935 245 681 616 538 362 715 631 39 307 850 757 261 814 270 750 361 987 744 603
647 442 714 661 390 840 714 399 348 388 712 397 996 716 159 871 598 478 814 618 441 277 586 588 610 667 759 183 976 936 564 104 777 170 976 826 804 47 959 367 743 13 508 765 130 738 120 223 38 8 301 384 457 1 618 154 754 103 75 479 584 344 482 54 966 515 263 673 165 874 584 131 831 450 259 389 553 867 547 110 689 464 364 863 35 121 678 114 20 447 36 0 473 677 920 386 347 920 663 649
869 155 589 946 963 814 575 106 984 437 431 6 35 640 320 439 489 71 890 20 418 222 232 924 451 355 637 773 458 664 536 501 346 162 858 118 466 317 134 14 259 398 141 975 86 207 373 705 177 882 826 912 212 100 765 656 342 249 166 895 796 229 301 996 381 777 34 438 670 112 259 651 495 376 321 198 931 400 152 137 500 531 76 737 126 710 414 965 266 416 97 395 199 558 768 338 462 352 177 97
777 614 365 8 574 713 506 221 581 66 241 663 329 163 999 268 318 723 684 584 658 764 497 257 679 358 528 737 867 356 765 93 998 502 104 287 529 858 10 710 173 343 585 955 488 84 366 263 863 607 502 254 741 152 969 8 268 737 120 124 5 201 599 62 986 240 971 36 666 982 990 761 825 625 835 921 548 125 205 801 38 616 698 566 977 1000 560 660 400 558 845 113 520 132 100 296 649 385 95 684
689 259 649 19 446 604 946 632 885 746 10 785 914 629 881 222 624 207 625 753 306 35 21 685 671 457 943 473 182 124 704 426 124 8 830 407 275 344 479 545 716 966 72 676 394 363 379 944 523 983 276 555 886 891 825 934 543 307 876 281 514 554 676 668 835 649 850 0 425 648 216 356 945 736 546 234 594 572 648 146 875 693 212 301 500 577 95 904 496 392 761 809 303 29 283 799 654 479 647 851
643 100 63 608 889 100 560 914 352 550 9 252 525 777 916 542 331 317 667 420 907 914 803 51 190 865 886 454 447 391 579 764 393 503 410 107 393 139 805 397 452 22 434 467 806 256 276 39 731 816 132 890 472 148 104 513 803 675 133 949 648 253 526 23 76 35 392 203 611 301 800 457 370 55 939 293 844 86 523 947 41 46 961 814 341 248 453 647 605 27 566 486 21 11 147 741 798 577 503 571
146 143 683 848 212 854 607 334 126 364 120 941 489 959 548 440 534 22 514 467 268 981 104 934 929 854 312 337 720 562 46 671 705 136 26 368 348 549 964 760 680 762 260 825 955 202 700 968 755 867 597 8 740 128 950 483 86 433 510 370 121 98 875 189 363 979 820 878 362 818 78 458 111 600 911 906 786 672 797 501 88 228 525 498 749 415 422 514 186 691 375 618 702 746 304 87 504 970 724 233
152 957 594 841 455 425 749 843 552 737 551 315 867 600 609 891 447 716 754 162 566 150 368 142 715 143 406 742 98 76 756 918 123 19 404 348 999 810 660 484 117 318 243 355 732 654 481 756 640 492 404 1000 221 812 32 498 219 231 57 905 315 765 23 709 357 679 20 14 382 711 572 757 365 493 172 544 809 648 814 491 683 776 440 519 1 999 795 325 115 884 154 816 138 50 209 19 605 426 848 332
848 112 537 167 290 525 369 468 521 134 215 559 143 697 791 470 687 763 705 234 42 356 882 797 524 999 607 489 36 973 377 293 74 831 137 956 340 427 433 186 211 687 704 308 854 235 13 974 570 116 753 608 110 923 275 271 921 910 417 856 937 196 618 282 890 239 907 432 760 947 274 83 48 642 755 53 94 823 729 166 603 716 283 325 126 315 342 155 655 693 204 800 961 528 997 996 17 149 668 838
515 743 792 200 797 24 17 945 839 443 890 413 747 518 659 219 246 316 698 921 905 10 97 173 968 69 995 329 967 948 364 822 680 805 851 984 400 359 518 332 199 710 149 224 521 795 851 235 706 911 685 830 796 184 313 369 856 831 711 448 860 150 711 265 156 761 302 268 786 779 91 385 351 133 704 661 896 759 831 597 439 187 820 660 743 522 450 132 44 849 322 663 696 630 48 752 623 412 787 627
557 762 726 919 970 683 140 621 100 125 809 436 967 484 861 741 735 621 449 526 245 595 183 342 912 117 736 447 236 695 663 66 757 983 904 431 517 332 995 24 954 501 213 497 219 502 516 232 363 422 751 365 590 893 718 390 303 527 216 540 522 184 122 899 293 725 832 198 366 577 574 84 491 264 455 53 785 518 410 944 165 813 195 848 368 54 93 692 983 710 705 88 189 894 835 515 550 263 523 868
40 105 937 581 899 396 559 512 698 648 924 216 640 907 414 184 908 23 931 701 971 264 503 1000 164 342 507 906 924 4 850 430 720 934 847 563 896 374 304 188 688 757 270 59 574 563 307 715 313 34 494 780 991 134 722 835 872 582 769 730 844 230 865 280 70 21 560 27 124 766 957 153 219 84 601 105 638 327 742 593 862 100 339 137 991 790 155 887 565 601 464 527 122 552 226 88 703 939 412 190
11 635 733 427 90 145 325 852 332 910 768 415 112 329 589 962 896 557 183 231 922 700 375 873 224 760 751 80 196 347 709 950 422 958 747 785 125 661 567 570 830 893 262 672 370 884 29 595 144 118 904 740 948 266 336 597 932 689 907 958 498 301 190 20 193 948 369 284 5 989 313 285 968 822 727 14 98 926 670 889 585 106 36 374 912 265 294 627 808 371 181 525 104 366 198 792 690 629 567 85
699 860 838 89 992 25 824 496 742 499 807 874 845 493 563 696 147 870 822 141 802 41 445 165 460 193 951 929 802 478 786 133 342 855 917 264 170 385 233 881 116 273 647 291 566 96 149 27 952 1 910 241 435 295 364 256 200 859 889 713 790 696 894 174 961 646 10 52 619 152 126 856 495 535 934 94 413 403 240 58 776 294 982 680 860 627 873 663 466 332 858 679 472 713 977 381 225 931 395 367
680 182 691 667 718 728 871 742 84 499 929 681 242 494 550 77 470 24 966 805 726 686 430 825 431 650 628 820 718 943 389 17 549 229 581 402 112 555 438 49 633 322 571 920 462 390 488 632 955 49 1000 79 732 494 977 954 288 223 194 940 224 983 925 851 469 315 71 596 250 898 548 18 327 193 698 166 230 549 784 478 786 343 664 4 798 839 198 995 499 665 589 215 74 105 866 746 148 987 474 659
855 653 582 289 213 33 264 293 368 201 89 705 873 775 787 193 486 873 578 56 449 920 535 532 241 653 707 41 750 807 637 825 714 373 530 990 45 704 810 719 11 96 277 50 51 951 878 332 426 317 302 616 958 381 752 351 204 890 988 226 731 418 383 933 746 788 373 54 842 520 955 612 288 658 433 429 168 334 162 239 590 938 397 631 544 933 372 955 947 23 940 206 451 900 852 402 139 378 950 245
294 842 384 235 740 987 304 747 940 748 603 748 733 53 811 42 67 88 322 556 265 367 464 420 239 318 400 175 45 292 885 168 960 836 437 494 304 664 198 353 853 446 150 610 874 300 242 547 61 636 489 70 536 424 927 489 865 110 334 243 621 789 340 424 713 466 46 816 846 527 539 315 773 998 598 618 701 821 770 322 552 262 941 908 4 2 249 598 367 590 144 407 733 152 466 983 39 734 800 234
535 188 259 353 267 333 990 406 651 687 456 965 96 539 4 268 0 392 942 305 613 335 305 55 314 169 160 658 74 808 788 214 551 629 367 315 569 2 192 63 116 475 210 709 744 222 272 91 470 96 710 38 572 584 338 185 994 109 719 819 640 230 308 832 906 100 940 230 164 865 219 516 579 283 337 319 701 953 172 853 441 853 601 80 49 83 191 755 915 966 961 999 989 889 28 897 366 832 295 745
472 809 942 387 189 999 310 976 222 272 133 600 543 871 537 387 568 523 576 562 414 400 836 427 513 37 144 97 714 638 543 614 494 867 52 534 154 389 984 489 673 325 536 795 575 999 441 504 908 31 355 96 774 861 496 406 104 813 601 933 478 427 468 310 528 747 487 779 746 687 824 966 510 221 771 149 214 637 957 370 479 363 856 332 145 323 9 662 925 9 562 702 39 832 319 598 645 894 898 351
189 848 645 284 439 949 59 308 708 542 482 337 820 744 457 325 466 126 516 809 502 729 392 129 943 916 208 351 694 777 12 493 904 894 712 887 387 450 81 245 601 555 563 201 187 809 132 965 305 852 893 359 66 515 424 12 774 342 389 125 457 706 654 837 114 661 20 291 859 766 144 830 45 183 851 690 885 281 767 790 255 375 308 859 63 844 309 424 256 338 390 838 894 274 994 240 204 2 672 459
953 402 54 352 535 301 257 884 781 33 381 949 314 454 816 990 131 125 131 860 954 203 993 89 982 372 150 323 196 742 893 383 865 3 52 417 905 463 237 223 301 51 228 833 613 895 420 121 327 509 638 970 560 46 599 392 715 825 25 979 642 36 930 398 178 142 296 247 87 718 323 773 419 970 180 454 14 491 807 302 208 149 976 935 190 401 45 356 569 931 603 174 444 964 631 875 949 613 30 534
72 599 427 525 1 457 879 133 121 205 416 856 676 151 507 8 360 467 182 627 133 874 834 832 415 357 14 312 602 463 891 43 988 517 485 275 295 922 495 561 51 756 565 490 220 133 220 387 725 994 713 786 556 398 744 13 134 650 54 787 909 867 479 170 727 381 607 422 508 854 868 739 308 375 134 270 333 800 2 473 120 395 423 156 135 556 176 756 524 235 412 718 781 357 873 268 744 955 528 727
862 633 3 235 159 340 149 33 671 127 494 847 477 103 397 390 863 590 55 941 826 308 600 941 8 10 646 140 397 357 913 800 632 735 682 144 120 909 990 627 507 398 329 535 843 892 451 38 708 249 307 818 890 817 853 500 650 560 848 180 233 940 369 544 849 322 276 919 861 115 405 606 703 231 618 776 618 688 79 259 356 317 403 771 276 709 424 936 907 409 413 853 781 442 520 111 917 190 299 476
737 84 683 940 210 887 226 226 414 409 112 145 319 774 59 865 211 882 553 465 745 37 158 152 564 716 317 302 951 600 112 765 958 669 678 573 989 440 305 691 721 632 26 577 324 465 112 789 66 751 523 702 373 699 407 472 820 874 417 347 97 841 682 529 561 713 868 635 183 710 208 701 750 659 186 336 875 939 399 105 959 589 886 532 194 722 246 899 312 131 831 166 282 331 991 610 197 792 359 187
143 255 391 973 129 642 232 661 305 756 772 445 554 192 630 918 987 225 111 424 239 380 312 563 323 117 223 549 468 388 412 118 916 82 348 380 689 254 865 93 382 899 965 997 723 188 699 749 738 251 99 284 687 473 390 729 201 780 173 207 698 733 868 363 706 793 150 383 23 547 719 667 370 552 736 663 247 423 769 827 494 523 965 185 231 688 604 373 426 778 507 450 853 621 906 102 348 944 982 397
813 326 420 43 628 904 487 333 288 692 319 888 929 145 27 229 715 725 846 201 25 77 60 601 180 528 106 696 357 363 102 451 984 104 413 760 953 391 811 994 483 459 741 472 211 404 994 250 384 934 582 286 437 29 177 702 586 12 160 830 794 660 794 917 993 30 669 267 704 389 422 69 652 244 501 381 165 733 145 186 938 248 509 37 440 270 808 482 632 564 693 591 566 248 235 590 853 27 31 609
79 886 288 3 431 177 559 400 44 251 383 824 250 139 465 456 548 601 784 821 600 615 375 801 105 144 35 505 869 466 121 984 243 177 951 885 771 946 128 335 628 355 216 330 156 377 668 408 655 931 700 880 78 141 952 853 470 54 874 890 510 73 95 836 631 79 363 679 798 20 883 674 926 71 45 758 876 234 822 643 160 729 55 703 789 562 786 114 483 322 978 530 965 909 403 503 219 7 624 372
117 90 884 355 518 625 968 774 450 574 265 983 314 974 86 749 956 495 57 509 921 902 737 228 871 750 328 84 735 931 824 259 599 914 744 909 221 769 270 380 198 233 372 209 977 867 453 694 895 384 446 850 328 463 559 605 832 418 597 120 581 437 783 717 580 536 802 468 415 142 794 968 420 893 699 282 878 784 900 493 81 985 487 44 952 743 357 140 82 86 173 388 403 364 28 186 5 512 145 977
72 457 764 644 205 41 205 552 742 10 896 426 4 30 544 379 81 649 145 212 223 340 571 180 548 990 400 444 3 221 724 53 742 937 623 720 988 972 979 269 541 381 787 257 737 428 934 968 998 165 688 221 156 148 152 152 436 288 246 700 345 347 902 917 114 962 618 292 698 566 202 813 234 328 998 830 334 105 405 944 855 883 810 405 301 817 651 708 560 11 641 540 250 952 566 219 635 121 661 779
920 509 386 971 764 769 428 582 203 609 24 628 724 11 559 367 284 19 569 396 233 465 845 989 508 944 395 71 431 565 777 373 579 957 569 716 720 691 295 682 213 19 806 927 928 573 728 367 99 760 729 939 140 984 418 460 999 419 263 468 649 394 313 838 755 350 567 874 161 11 845 320 48 179 656 645 10 210 794 958 299 91 216 933 600 747 59 137 422 961 761 885 861 169 64 125 565 813 161 130
859 977 321 888 619 129 953 982 384 168 842 331 563 703 6 307 278 28 239 840 101 192 374 704 337 692 964 893 489 641 921 42 312 730 556 704 892 892 471 106 22 698 258 244 570 954 991 490 972 173 67 179 202 767 429 875 543 910 706 303 530 386 238 247 720 111 802 181 84 888 825 630 495 320 98 297 670 151 245 412 946 235 969 607 825 657 436 5 503 69 931 729 968 854 710 894 412 307 770 160
744 796 387 412 865 280 113 184 55 300 124 334 547 951 590 537 565 693 383 745 570 963 477 279 810 224 925 170 788 251 858 96 803 696 958 505 175 873 767 374 781 137 705 623 522 388 365 256 604 59 832 426 74 135 649 103 39 461 928 847 11 419 946 440 668 297 31 777 233 733 520 465 617 108 60 15 792 218 559 896 807 532 308 338 411 76 499 872 889 598 231 248 588 844 943 567 285 248 886 209
772 141 70 469 637 982 284 990 40 400 497 925 365 841 521 847 676 238 845 316 676 867 419 962 685 233 958 998 865 633 421 648 205 965 9 927 594 993 250 586 620 608 655 10 67 639 462 564 261 201 208 315 891 743 885 436 732 696 257 395 870 159 243 536 874 710 197 24 83 315 443 640 5 428 102 707 348 309 340 120 682 414 862 933 31 35 511 297 20 549 607 997 389 679 128 720 992 679 241 123
613 660 620 450 57 86 184 135 543 404 166 535 661 336 149 201 374 709 46 90 22 368 322 418 891 622 832 151 779 57 311 764 840 806 163 528 214 325 367 553 839 932 488 364 687 90 641 491 162 826 341 341 377 626 335 889 904 69 875 313 0 477 45 807 173 784 935 711 274 182 471 809 851 736 207 363 26 325 318 56 355 17 887 924 832 506 456 734 405 981 58 175 571 873 960 577 520 205 856 171
44 483 449 752 568 787 24 811 710 106 864 681 408 993 533 506 244 197 865 340 529 602 210 27 767 503 964 409 435 2 337 237 305 340 69 335 415 147 499 281 456 616 387 356 381 149 619 694 687 752 849 255 899 736 631 107 185 689 444 5 432 443 730 610 531 360 448 822 995 910 834 634 55 165 59 949 569 795 402 531 265 977 445 895 527 5 406 513 537 665 378 174 716 852 423 499 120 78 269 147
865 103 746 841 595 583 729 454 256 413 945 796 384 134 918 944 145 990 4 507 724 838 276 624 765 904 497 444 461 846 291 288 897 701 595 520 564 568 87 733 887 444 86 98 948 150 846 20 616 565 489 276 162 145 995 460 877 61 429 605 604 116 312 672 423 492 687 965 484 286 681 799 782 973 132 486 115 274 361 675 732 594 434 852 617 816 91 519 664 116 620 901 223 472 245 21 931 113 293 198
292 513 66 961 327 781 118 654 79 650 532 919 894 67 985 297 791 978 249 246 664 677 896 742 276 839 8 605 888 91 396 937 948 297 164 528 286 873 148 829 437 120 919 103 444 888 377 406 341 193 686 765 952 721 455 553 787 230 756 687 513 351 953 319 153 478 526 585 820 396 566 334 591 463 724 43 477 290 340 211 798 137 628 777 256 262 347 313 997 205 703 194 953 11 193 830 247 979 223 604
546 698 408 200 46 667 11 242 400 215 366 889 502 915 901 490 33 122 601 167 850 838 513 553 718 568 847 675 570 921 215 45 956 219 970 888 116 355 123 315 681 95 821 862 366 617 267 661 977 91 200 792 738 641 792 727 82 562 681 178 869 542 784 362 257 382 562 248 493 129 784 265 41 939 595 435 93 371 992 987 437 310 640 148 949 843 572 810 783 854 10 2 296 346 885 745 993 622 991 266
393 961 409 294 941 611 828 443 983 901 674 884 847 408 70 795 232 812 179 421 375 543 387 348 406 825 409 322 868 651 3 544 374 411 254 824 19 666 316 764 772 864 831 370 740 117 538 99 582 224 426 563 871 242 90 175 251 35 584 353 709 568 173 968 944 430 301 671 786 205 612 786 557 84 501 507 781 966 578 528 330 905 472 504 755 383 206 109 163 143 805 434 403 219 524 705 779 750 140 77
722 261 450 490 661 753 628 785 40 600 936 554 236 771 291 852 656 357 7 547 117 238 907 499 712 557 341 542 339 787 857 202 351 953 870 65 65 500 824 873 36 983 240 166 575 81 236 106 164 677 712 738 965 122 380 946 52 814 151 815 987 593 836 874 803 856 960 786 821 861 799 855 993 324 952 754 15 517 502 144 560 47 412 962 512 366 490 410 363 186 702 528 248 615 605 646 435 275 915 584
660 419 830 796 817 116 586 619 673 361 377 891 73 593 745 647 1000 257 636 277 545 130 436 99 533 758 864 501 240 9 577 887 51 576 733 463 385 202 288 468 219 710 740 655 708 427 290 297 776 853 496 431 114 383 639 234 888 750 204 639 654 386 134 540 710 793 626 813 121 721 649 836 965 384 117 490 828 386 713 845 912 521 47 157 668 172 850 992 431 909 495 716 461 374 712 144 338 630 70 612
875 736 608 269 312 157 28 666 806 630 530 115 319 348 283 435 558 694 779 276 988 165 366 313 307 991 632 950 768 707 385 99 66 779 982 482 781 758 401 993 692 958 280 374 616 615 248 394 814 187 736 605 274 847 423 180 652 960 680 20 483 431 145 121 371 784 766 354 790 222 936 928 739 730 205 771 55 295 733 706 889 564 713 838 281 812 694 878 842 154 739 924 158 867 992 582 243 778 941 961
6 722 186 413 477 587 17 850 177 353 871 698 6 970 679 709 152 176 934 506 250 29 796 560 951 636 704 722 314 181 908 684 302 734 579 110 71 574 657 303 704 302 901 771 581 386 658 807 397 277 415 607 201 52 492 134 991 135 701 622 314 727 958 599 799 696 246 367 468 313 530 1 551 192 66 909 557 842 748 419 294 305 780 284 1000 383 848 624 347 464 61 596 481 420 172 807 172 181 985 147
367 76 456 844 689 622 16 608 923 426 30 391 990 247 515 15 37 284 437 238 629 525 332 381 236 124 91 909 128 21 359 984 296 312 545 763 489 2 947 786 61 285 525 918 340 775 701 173 175 4 860 792 383 751 381 948 619 777 300 210 65 799 698 197 822 806 6 146 863 811 800 435 380 23 217 957 930 26 375 332 178 793 154 158 697 70 805 639 438 167 366 529 331 334 964 495 72 873 725 825
35 429 464 106 77 222 39 104 617 937 188 451 569 757 501 340 771 541 720 763 264 32 21 667 517 364 202 997 695 868 268 484 913 815 336 415 660 381 85 671 706 453 664 744 210 920 199 589 501 913 242 554 429 201 413 894 980 596 125 207 173 320 67 176 964 875 206 235 730 4 676 504 354 637 227 807 852 889 271 355 462 184 397 411 556 480 40 898 337 939 875 474 791 693 499 67 477 7 671 879
279 115 470 853 241 351 422 800 483 449 120 186 654 542 867 285 193 601 589 697 132 871 355 604 323 954 623 30 160 603 501 380 127 192 260 56 645 788 913 327 348 698 903 136 847 286 769 485 266 538 23 718 160 984 249 981 434 230 263 959 94 529 130 911 534 824 454 445 133 501 827 692 756 808 424 357 189 38 992 824 58 649 886 972 424 108 476 562 217 667 690 134 301 635 487 195 704 281 258 665
83 205 804 218 82 434 180 747 189 447 72 403 2 488 896 803 326 483 562 645 605 95 995 921 786 740 794 726 113 249 950 631 361 226 932 186 361 583 85 124 318 451 366 980 616 509 881 311 616 534 410 655 195 454 443 760 543 269 653 244 953 51 295 166 256 929 36 823 892 928 303 396 178 451 260 163 142 309 313 21 635 510 328 309 997 562 445 292 522 274 656 934 320 358 582 680 250 454 319 836
529 169 293 620 834 960 441 435 58 765 261 194 798 80 470 385 263 113 490 460 898 774 697 6 389 831 417 312 901 937 111 163 275 783 434 60 577 425 322 467 463 170 967 810 512 139 529 997 439 143 637 252 743 266 438 801 797 886 656 687 73 540 741 421 158 79 422 610 873 465 358 816 975 830 864 318 700 79 326 805 0 341 964 594 160 557 285 53 924 564 13 177 956 634 440 987 236 581 699 411
42 477 114 375 742 806 378 416 845 746 822 893 423 653 438 59 626 984 570 559 859 670 812 109 993 243 46 369 785 524 396 40 519 530 714 890 19 922 946 330 889 214 266 796 710 428 64 730 30 906 264 266 707 690 903 366 61 430 421 22 239 620 245 66 501 781 588 670 395 490 478 962 33 255 475 786 112 629 605 320 718 468 178 183 300 919 957 654 270 730 837 463 587 539 411 505 120 535 693 362
542 73 495 616 81 927 701 818 319 193 348 861 937 33 916 224 7 934 755 421 88 593 63 657 7 680 452 912 242 403 838 757 688 914 956 696 945 738 481 142 762 804 76 329 521 87 1 515 145 77 516 859 544 582 900 218 390 871 400 586 106 22 423 286 697 732 292 527 27 491 952 231 92 559 807 863 401 64 461 751 568 541 834 707 418 133 762 528 800 830 508 796 204 644 611 234 457 361 229 441
736 763 966 13 481 200 675 608 797 190 880 938 561 966 105 731 627 532 847 267 200 259 853 696 751 581 759 915 690 423 381 925 73 688 268 774 554 13 138 560 223 703 170 76 639 556 753 958 286 359 131 254 194 400 980 331 657 340 684 542 755 791 681 470 492 682 334 317 447 322 446 958 803 123 467 261 531 109 192 619 743 165 369 980 81 960 425 502 135 505 958 167 498 585 783 619 610 209 680 452
547 981 7 346 961 757 487 121 64 723 951 768 704 2 744 263 614 532 195 881 518 31 966 433 895 503 31 367 667 418 726 702 69 196 211 532 83 597 297 531 863 414 792 669 512 822 976 393 618 595 0 794 761 704 448 341 375 462 390 924 867 713 935 360 957 437 270 39 216 74 900 955 207 938 0 430 91 16 974 498 705 751 705 214 81 758 201 812 772 947 952 750 745 18 245 535 305 60 318 79
507 149 75 219 166 802 155 273 82 549 910 41 395 384 789 582 307 953 731 346 22 527 15 958 786 331 489 484 394 559 707 91 335 450 873 913 449 554 209 834 283 132 44 414 240 224 299 220 423 684 224 339 177 964 938 908 870 298 712 637 960 569 553 328 392 591 31 449 518 318 964 417 507 806 292 456 795 974 201 594 805 472 646 130 400 335 117 173 706 519 177 968 527 771 871 756 538 849 200 511
449 784 449 649 403 731 199 106 323 383 718 409 40 910 727 915 83 988 948 795 556 103 7 415 355 69 396 60 164 695 367 71 494 415 961 187 900 6 259 765 350 105 782 705 191 21 286 26 896 411 732 502 182 823 859 83 707 742 910 614 941 247 242 688 229 503 35 203 641 997 312 353 184 593 848 556 2 605 499 532 620 579 639 668 569 342 361 233 497 291 440 447 274 505 228 100 24 870 317 805
583 715 204 235 226 124 877 234 249 526 976 722 651 43 459 78 302 415 569 651 201 650 142 13 705 417 283 807 317 933 220 762 865 31 840 853 145 403 121 764 17 249 51 341 598 884 973 503 500 104 180 9 393 868 69 674 363 891 903 603 90 745 490 1 724 815 532 658 58 173 925 375 293 923 432 724 948 911 206 963 488 942 690 495 833 874 681 139 406 896 972 729 76 160 407 666 40 267 101 456
248 950 874 858 962 759 473 869 300 486 902 33 425 816 197 528 956 652 871 219 664 763 407 210 681 262 598 792 659 268 348 786 918 631 584 527 648 907 89 471 815 946 986 683 273 522 378 530 137 178 743 493 762 82 283 837 429 153 903 33 872 203 801 228 488 809 48 568 405 173 434 452 561 446 708 810 865 324 562 579 989 835 758 422 656 237 928 404 459 955 287 933 962 960 174 486 828 830 975 591
809 428 558 667 358 474 235 422 893 21 148 266 462 534 682 320 677 961 94 81 355 430 992 640 733 455 43 41 85 327 460 976 851 823 605 135 589 551 753 756 394 33 599 451 295 782 582 244 689 276 658 125 458 228 443 97 869 103 821 194 139 967 572 859 133 489 250 169 773 680 548 152 898 74 304 649 148 425 306 841 591 933 257 476 780 83 524 616 96 535 80 469 634 669 626 902 464 312 273 240
152 602 857 506 902 952 785 288 315 890 349 877 739 200 352 483 986 251 405 334 270 52 702 367 553 258 782 609 69 197 715 200 556 829 500 60 827 60 458 972 419 93 357 507 576 423 335 402 840 489 78 19 226 345 401 715 115 396 555 614 625 268 755 47 801 537 484 226 992 218 54 598 986 29 222 694 276 373 582 977 263 169 288 219 514 463 171 436 649 931 162 459 113 232 146 334 90 802 103 407
345 702 295 702 610 330 465 976 251 325 797 601 566 592 353 209 91 815 13 604 544 923 405 41 944 430 322 552 735 327 539 133 404 745 135 549 605 117 846 859 964 972 206 141 151 628 287 460 500 97 439 434 680 113 84 537 203 27 566 204 444 378 171 125 871 90 158 466 796 215 11 719 283 255 961 868 253 251 683 504 997 264 422 655 970 280 353 994 474 887 125 996 343 810 166 646 499 600 303 286
517 997 852 226 443 672 962 202 284 847 104 233 203 424 557 136 414 29 57 23 429 589 882 926 966 102 263 570 956 286 82 998 651 613 514 889 602 696 345 207 173 995 86 198 741 616 667 169 687 607 475 866 963 585 827 501 689 360 480 148 71 579 555 697 703 889 381 134 994 350 80 433 523 563 38 979 863 722 183 909 356 774 909 301 184 756 389 562 651 445 445 375 358 541 260 703 537 671 731 68
87 498 125 335 549 180 974 242 475 908 876 346 769 567 381 949 136 350 788 71 446 406 723 910 275 207 297 20 592 973 309 416 706 564 52 794 64 129 104 664 20 459 25 223 459 24 29 253 225 896 55 930 124 57 709 427 347 667 954 719 367 556 220 101 863 230 121 115 820 882 250 477 253 749 569 737 245 572 891 395 14 147 150 53 864 964 667 168 687 808 149 0 593 569 170 823 395 213 289 697
431 466 30 280 334 915 39 790 704 697 622 529 395 807 243 309 783 719 375 711 757 762 473 628 624 783 923 516 673 473 675 380 782 890 141 175 303 167 14 26 414 152 771 62 688 616 939 611 281 51 234 181 312 163 18 515 375 158 10 106 712 745 932 854 741 890 165 588 97 878 768 828 929 83 856 638 865 174 476 348 13 830 385 83 638 280 692 20 394 669 902 304 68 38 823 924 267 889 537 203
1 429 707 279 247 965 935 204 90 317 745 308 467 413 298 893 851 128 202 864 92 357 221 53 458 648 486 951 777 947 197 998 537 757 269 674 482 487 620 478 461 225 971 342 131 681 344 696 200 655 56 36 373 325 692 615 593 911 223 697 835 15 122 336 768 747 386 57 471 200 426 209 494 724 820 636 665 941 887 390 179 270 393 105 290 305 482 497 36 316 56 430 324 849 732 703 753 12 420 625
513 751 861 652 474 296 413 456 116 932 118 989 887 158 681 745 90 372 807 72 928 286 760 880 380 485 32 854 695 173 597 753 115 218 963 247 51 655 54 344 682 543 854 832 721 401 576 332 241 17 0 499 920 989 77 770 782 961 552 850 445 354 334 671 668 68 847 324 451 231 534 550 471 355 515 487 480 974 23 9 685 633 537 571 204 253 550 111 765 463 797 741 372 977 617 335 229 746 856 513
64 961 664 250 537 16 984 624 578 10 521 799 327 255 702 13 544 907 568 450 854 603 826 844 86 173 756 648 820 730 943 134 554 70 542 53 801 175 492 200 537 510 322 302 121 435 525 819 105 288 966 310 879 901 107 521 389 362 862 424 320 820 372 510 531 265 139 555 441 606 323 755 532 988 663 927 529 457 635 857 857 326 157 56 561 278 873 625 110 512 599 44 937 262 555 288 490 347 51 490
258 521 116 817 764 972 309 683 125 841 834 565 56 565 939 485 644 109 588 344 235 572 87 794 414 334 536 544 552 471 788 227 115 995 288 16 736 682 130 743 433 358 754 909 244 128 535 789 69 388 760 665 550 858 130 608 905 496 379 118 777 459 615 172 38 544 338 843 253 883 804 971 554 736 491 288 102 663 903 877 639 466 832 121 860 594 456 383 700 644 316 328 838 944 640 5 300 641 329 279
102 829 535 20 688 875 843 15 401 967 930 12 151 951 370 865 295 60 837 533 310 872 571 640 665 813 230 227 638 619 570 918 731 982 396 238 144 981 509 67 836 963 638 252 506 129 657 237 134 722 81 395 462 888 942 663 401 2 147 316 661 776 327 444 308 603 853 73 946 394 951 437 712 992 332 476 998 756 907 934 298 351 623 533 185 963 757 851 782 766 233 272 913 515 611 345 57 935 559 847
667 456 279 424 457 505 80 25 991 281 392 514 939 763 207 703 383 234 268 578 375 431 68 837 158 87 96 500 255 538 724 230 714 956 178 274 30 344 154 277 982 565 882 752 474 5 479 477 738 766 644 30 129 512 905 359 346 415 251 925 253 445 446 494 598 377 209 801 909 137 167 249 701 489 688 913 692 851 366 411 331 359 894 96 209 318 471 273 966 586 204 24 599 753 995 222 602 273 505 950
396 119 492 836 17 152 926 620 205 376 696 454 239 872 456 992 622 559 249 925 1000 15 47 672 277 663 398 261 767 389 242 34 66 568 727 926 530 41 443 190 538 986 474 349 317 554 193 735 769 71 243 523 568 452 620 998 701 874 958 147 232 999 222 676 60 64 753 278 864 92 83 670 23 15 517 191 592 404 710 748 417 927 958 132 466 898 645 325 574 389 505 256 807 72 274 338 602 395 689 434
978 986 212 701 110 330 946 513 584 895 412 941 333 755 836 401 812 315 529 666 592 798 973 638 913 574 340 745 729 799 832 569 862 119 829 108 269 182 363 767 49 845 748 238 222 436 385 93 747 783 279 888 734 397 295 131 74 254 940 699 814 501 710 289 332 338 216 262 170 252 505 819 396 896 625 569 843 367 375 218 83 480 0 733 702 678 424 469 261 655 787 354 77 901 544 832 672 332 770 643
255 662 340 604 290 363 189 71 249 804 438 807 891 607 28 527 802 943 353 17 48 182 973 6 695 582 908 619 945 913 487 362 597 339 437 86 845 478 261 494 509 196 876 578 403 136 555 40 579 175 873 986 602 977 168 289 475 719 61 865 946 661 180 288 110 873 832 66 716 91 275 110 82 738 154 505 192 307 75 471 62 503 510 884 475 563 999 297 746 307 816 333 81 659 910 444 340 591 440 51
16 289 717 621 371 867 301 226 385 82 345 194 791 344 792 742 809 154 291 684 247 507 480 854 165 545 675 492 553 32 898 459 129 384 489 490 414 183 946 518 774 705 535 345 90 681 669 858 6 555 360 344 215 123 815 233 225 78 717 712 517 454 444 51 416 251 817 688 150 80 815 24 647 431 981 626 764 119 333 782 815 536 195 181 28 338 976 121 868 787 556 425 157 777 697 317 192 349 402 302
641 980 975 782 5 260 940 865 233 223 495 700 987 827 582 689 122 113 476 217 258 439 874 608 859 642 309 940 358 103 948 278 787 971 508 152 927 858 340 355 154 662 573 274 867 297 983 782 542 398 504 129 481 132 403 289 457 769 871 745 321 820 39 129 391 977 785 775 440 546 174 531 384 145 637 402 709 534 142 647 657 72 199 505 170 906 106 298 19 661 640 213 926 476 40 186 503 407 667 602
722 175 291 948 164 558 912 344 897 934 599 980 835 147 502 582 708 446 338 456 641 634 22 836 41 23 458 70 845 827 468 981 354 835 264 102 331 810 511 593 872 707 501 249 63 943 826 879 12 994 741 810 922 580 894 917 385 598 575 91 705 741 994 163 775 799 134 364 460 589 298 538 626 747 702 653 931 740 452 1 945 938 891 15 256 151 964 268 371 164 469 164 912 213 979 718 371 931 171 174
388 615 788 217 269 553 800 641 2 192 442 945 984 252 33 370 84 761 141 788 492 50 950 231 832 817 964 497 626 313 829 823 233 701 130 258 714 131 763 171 503 798 162 453 359 370 940 973 505 637 885 686 482 895 893 491 111 501 99 622 74 961 922 214 508 417 373 286 896 310 753 743 433 909 459 440 649 277 465 138 786 254 391 499 671 927 789 539 210 300 12 956 538 672 844 611 306 670 332 962
580 654 732 192 776 292 262 551 199 552 858 360 640 729 766 379 844 9 716 347 573 184 698 535 174 278 672 653 172 898 263 633 786 618 178 428 339 546 254 449 852 354 174 351 921 366 724 330 2 585 970 770 241 690 315 426 554 520 963 251 116 364 95 922 104 416 30 130 520 587 277 592 664 379 853 347 319 380 681 60 459 540 874 421 115 613 456 501 465 257 805 961 814 921 905 560 671 616 240 501
782 204 98 413 553 99 679 690 601 898 62 769 403 1 441 941 389 393 183 971 644 872 789 521 941 666 326 972 193 866 765 870 882 599 197 876 825 811 273 538 635 23 567 348 12 37 364 468 163 402 275 372 501 578 336 840 897 595 800 377 683 546 722 562 790 980 920 701 286 988 239 289 51 695 905 49 190 834 964 142 270 505 852 570 558 783 90 604 838 87 619 334 771 363 809 801 648 764 269 407
186 236 845 140 928 951 557 614 553 931 717 483 229 49 701 474 720 948 497 935 612 912 225 519 835 78 824 234 333 592 205 994 545 135 159 356 852 51 850 937 668 855 367 920 901 106 210 765 620 244 248 255 634 651 424 410 88 136 446 501 942 480 406 297 999 808 603 56 100 160 856 606 749 482 729 821 447 373 479 927 717 158 288 787 717 455 666 323 740 248 680 602 950 481 516 153 402 501 506 521
818 370 369 434 525 180 88 348 209 943 976 119 790 105 946 535 367 5 40 740 785 890 119 670 238 37 485 131 516 985 24 873 272 486 247 667 394 542 164 614 326 73 554 527 893 303 874 322 1 966 995 698 491 633 972 699 673 769 564 422 834 947 478 816 64 569 968 787 50 485 607 162 197 288 989 577 654 616 415 37 215 180 364 874 351 58 489 599 374 505 14 446 532 296 719 103 204 502 110 828
276 739 842 643 648 585 643 496 702 1 202 488 293 964 401 114 969 595 580 58 35 984 594 14 597 138 489 453 516 874 191 510 611 962 639 512 872 888 429 314 993 943 674 8 241 12 644 496 522 237 670 809 108 472 990 641 684 61 830 245 779 73 192 794 470 95 559 395 12 314 111 587 279 121 344 855 592 486 912 904 599 267 47 483 137 760 778 353 514 351 709 148 270 193 272 800 830 362 184 96
569 541 163 397 679 937 36 958 429 641 51 412 238 474 445 790 287 549 703 254 912 863 627 446 313 337 869 406 308 877 682 497 951 201 422 476 35 535 611 130 730 962 995 180 625 35 146 328 418 837 186 46 322 643 369 680 355 872 378 264 451 952 265 131 571 257 784 300 771 800 381 198 648 787 443 430 836 675 186 509 82 202 415 824 185 188 207 286 969 329 49 696 152 609 285 576 788 274 695 656
513 526 491 679 473 155 982 483 102 626 824 313 408 672 367 822 186 547 401 310 132 821 691 407 404 452 52 970 594 244 270 917 309 700 289 169 770 145 411 301 454 140 958 37 934 240 903 980 39 960 514 808 805 395 991 372 685 424 777 529 777 749 600 621 576 334 421 483 789 6 744 391 26 609 383 16 16 197 660 48 138 778 259 178 213 848 632 636 240 75 521 40 874 785 181 919 779 897 326 898
47 147 456 500 556 211 968 691 397 172 402 554 377 735 882 623 848 638 170 766 163 594 506 169 664 77 564 347 538 861 440 903 215 184 27 681 702 514 53 682 857 780 330 901 377 443 247 794 64 846 939 630 604 331 861 5 520 13 66 89 519 484 295 836 699 940 77 281 141 699 849 965 79 297 792 527 161 532 329 532 189 412 550 169 500 353 696 267 597 82 705 209 110 23 297 829 325 254 616 290
294 33 416 490 72 618 479 146 622 239 199 132 313 60 941 239 797 256 882 287 717 987 682 314 83 693 61 562 655 856 271 470 662 450 761 494 89 309 607 284 600 761 716 571 519 120 872 681 378 295 558 56 767 568 585 129 971 215 595 428 954 9 680 951 751 847 62 739 15 909 450 190 454 447 721 945 333 550 78 398 96 18 827 837 831 320 672 89 917 869 532 546 255 643 263 258 290 509 313 343
840 291 317 615 922 942 557 5 850 436 323 221 597 649 539 370 876 19 951 409 735 35 55 581 555 214 74 7 669 240 553 431 289 958 538 34 104 530 189 660 305 536 15 119 990 259 491 841 353 50 700 419 32 693 539 705 779 869 114 413 200 870 288 791 251 101 756 668 218 546 3 364 941 850 574 131 669 73 556 735 572 753 141 237 268 168 799 604 534 574 389 734 165 963 291 244 461 369 590 55
279 979 171 745 17 898 537 618 23 873 42 63 513 463 640 30 842 266 791 625 512 223 180 422 153 773 555 126 554 935 279 352 484 354 919 524 853 90 112 152 321 87 388 586 586 288 214 563 598 953 593 453 284 981 201 588 667 802 379 398 247 702 474 815 186 970 69 257 92 182 800 56 73 708 456 242 997 681 759 940 180 912 409 923 712 148 272 720 832 801 712 271 4 488 360 816 797 14 168 79
488 43 784 634 570 632 154 575 45 311 75 911 333 657 602 339 638 96 100 990 248 442 868 427 88 119 814 519 179 932 942 474 881 828 718 559 332 508 253 435 801 612 490 741 380 685 106 298 774 58 979 290 868 427 772 19 631 496 188 353 465 814 488 280 69 440 9 542 108 465 77 643 631 188 686 502 587 222 238 681 340 341 779 104 110 984 661 872 783 738 935 668 711 724 918 309 819 939 186 650
961 308 396 20 114 222 236 17 254 602 232 126 737 758 126 180 693 450 353 971 863 558 604 483 78 425 915 341 564 6 829 451 666 667 854 407 481 608 609 249 861 279 345 68 71 280 910 247 716 31 956 640 655 107 990 103 764 309 519 11 383 993 686 889 864 426 584 378 5 672 911 755 237 693 898 17 306 498 84 282 439 21 361 783 379 561 282 102 125 395 775 518 258 909 238 665 612 312 333 641
927 948 639 277 9 93 529 340 579 832 458 636 339 468 277 383 30 616 168 408 69 251 544 756 627 139 97 552 247 226 937 710 498 239 143 745 467 114 823 54 217 300 912 405 148 969 730 281 660 509 694 468 503 888 609 402 513 998 374 283 399 775 969 842 644 665 245 166 471 290 160 712 138 166 280 16 408 233 994 329 954 759 902 987 111 532 436 765 180 774 864 735 919 955 451 443 993 793 572 3
493 361 152 156 72 682 383 675 280 157 644 479 910 400 804 318 298 154 836 673 260 941 845 919 724 948 833 629 175 774 375 609 430 453 46 795 583 966 477 838 303 259 740 426 117 358 706 533 246 428 856 525 9 999 852 377 937 601 739 963 476 443 403 869 981 949 149 856 945 928 879 922 538 605 886 717 698 822 797 157 844 842 574 68 260 804 480 971 889 13 846 943 391 645 697 57 378 94 809 313
250 599 708 768 821 688 237 551 30 58 144 14 808 696 617 867 193 58 423 112 886 495 859 150 89 391 634 562 440 423 959 586 579 537 690 153 401 830 864 73 875 386 841 1 1000 677 256 706 201 692 605 278 92 58 208 831 992 484 320 731 524 284 631 19 690 492 741 316 805 312 998 950 390 554 652 468 883 365 604 331 359 575 144 769 266 327 164 144 389 651 432 161 854 920 975 121 197 93 979 912
943 202 313 300 561 686 262 804 194 58 903 812 851 823 852 651 335 222 355 498 847 808 558 803 549 26 547 701 244 216 63 937 257 473 605 57 279 296 594 923 745 338 942 164 509 648 61 326 375 885 716 956 856 24 323 819 684 847 312 800 455 722 15 863 447 709 645 648 805 497 614 459 499 384 947 486 58 141 20 251 736 239 402 71 150 566 544 622 446 958 16 249 533 579 72 433 934 691 656 269
652 35 240 567 505 228 328 231 495 263 940 57 177 612 651 868 691 785 252 393 665 908 783 866 902 47 771 501 585 839 604 585 151 911 771 932 704 969 5 297 431 696 770 719 89 780 829 589 751 407 460 421 735 851 605 486 11 327 322 215 357 97 233 558 828 360 270 78 343 502 721 699 757 877 77 220 641 604 720 903 425 533 708 270 993 767 989 540 347 746 345 474 819 577 669 850 22 761 358 910
148 31 910 969 287 560 262 293 783 806 161 560 538 806 763 547 560 419 293 172 762 10 769 351 40 617 899 175 630 700 987 250 293 633 984 114 228 196 625 569 605 740 426 386 717 424 861 322 988 799 224 860 665 907 615 897 783 981 979 804 797 289 618 356 417 955 765 448 89 837 564 210 676 769 706 459 628 103 34 39 754 243 660 525 656 722 237 303 280 638 988 775 795 611 395 162 642 945 381 351
658 777 845 612 725 682 294 481 193 49 388 672 239 29 672 862 475 742 118 602 400 492 70 169 175 756 485 770 331 214 192 427 402 754 596 830 332 802 871 237 157 980 228 590 309 214 678 338 558 919 689 751 380 393 321 374 549 159 58 815 194 636 481 931 776 970 42 936 793 611 146 969 630 100 816 811 452 592 562 505 52 115 691 229 623 864 59 234 513 803 66 859 83 577 558 858 820 16 616 626
276 295 522 910 239 747 465 816 343 88 45 344 197 719 670 349 686 571 587 997 927 213 621 633 402 143 787 192 679 697 543 545 914 707 249 275 942 841 543 586 386 246 90 491 353 696 624 132 314 659 815 449 184 727 671 390 670 135 153 303 414 97 341 226 815 559 457 297 970 966 698 521 177 547 552 644 546 940 889 540 576 678 80 429 268 185 242 330 350 171 213 992 837 223 371 998 61 12 530 574
473 777 559 992 154 759 267 259 894 843 236 442 345 943 72 262 274 341 429 254 432 827 970 833 42 596 704 8 771 656 488 48 519 579 605 715 347 837 234 335 303 142 899 318 63 800 277 669 99 608 81 14 690 334 925 535 153 530 973 404 786 192 743 176 600 217 442 274 388 936 735 498 588 676 472 947 692 874 245 311 858 746 750 142 694 230 491 410 625 665 683 973 131 200 343 590 456 991 552 281
388 727 96 179 14 493 12 328 518 398 912 511 238 95 206 906 895 642 444 525 124 75 925 38 900 23 332 434 949 366 380 689 981 374 497 967 56 907 566 348 580 754 400 751 933 885 146 199 91 608 980 664 904 203 924 334 461 1 965 693 878 396 627 312 278 178 456 831 766 229 806 773 321 353 618 656 47 173 825 559 591 326 508 288 15 476 977 95 746 622 629 149 565 395 183 733 725 247 672 700
359 708 625 913 953 650 520 819 780 385 446 263 550 726 907 92 745 786 127 375 301 854 369 160 922 417 774 695 440 610 133 709 1 307 782 47 535 92 573 602 930 147 18 535 29 91 903 87 965 165 481 913 206 931 43 323 1 169 643 405 286 392 785 443 336 277 176 809 350 316 519 600 970 891 471 960 313 364 937 639 508 592 121 220 598 132 803 641 151 595 619 803 222 557 275 378 608 189 517 818
320 966 207 565 47 926 110 80 409 294 331 911 381 511 857 28 331 694 352 279 106 986 643 862 909 89 390 674 64 356 27 362 699 310 968 293 865 94 627 528 511 638 528 902 651 82 799 890 295 787 293 172 633 300 560 391 151 839 187 763 677 130 940 196 333 760 793 259 29 428 355 571 276 539 68 113 731 147 141 803 313 666 829 982 469 246 663 151 391 330 677 981 0 742 555 679 492 57 614 320
306 52 730 281 205 218 676 267 139 282 530 127 386 967 572 580 424 729 62 437 937 773 851 39 651 74 958 403 106 529 724 138 35 533 642 279 714 586 41 645 287 807 383 777 128 461 430 93 750 184 407 717 199 225 427 519 965 96 963 385 433 147 582 595 806 661 679 9 386 177 537 857 250 72 837 806 503 358 591 715 422 633 748 108 727 332 628 793 757 989 516 869 859 867 532 105 292 172 184 529
899 756 80 643 499 833 810 949 197 729 211 611 530 392 871 25 817 655 677 176 676 672 35 587 126 519 659 707 590 86 732 539 607 265 528 324 6 89 81 190 928 160 542 509 286 125 714 441 716 364 378 244 968 332 606 699 845 440 317 781 837 835 995 594 333 130 159 160 393 262 910 54 76 521 756 154 367 203 329 653 153 73 547 543 945 184 364 579 498 474 738 235 970 742 239 940 559 343 409 723
11 189 85 207 460 438 87 44 645 387 546 67 708 469 561 411 103 6 713 520 791 702 941 499 760 881 940 256 843 169 348 334 697 604 880 669 386 303 936 130 80 175 63 348 718 11 93 113 6 406 410 761 384 977 884 53 609 218 597 67 522 360 310 189 983 651 663 389 436 711 874 600 781 101 471 927 1000 826 345 192 452 161 864 318 756 43 443 547 435 217 608 926 552 639 285 154 445 320 44 328
534 288 981 72 958 259 821 436 622 483 364 838 859 596 820 532 233 782 609 538 17 894 133 992 135 549 358 684 27 927 169 561 600 645 257 26 857 14 69 200 936 399 767 60 136 350 751 716 124 401 685 17 660 124 870 924 72 790 427 778 725 905 465 312 407 229 258 459 528 753 740 338 603 438 360 872 701 72 314 163 484 765 533 414 702 608 201 753 524 821 50 616 982 46 660 420 345 625 701 808
879 906 425 147 287 875 565 284 25 500 772 804 631 981 265 915 968 228 757 135 14 138 663 508 922 827 247 659 284 614 732 447 607 201 278 430 811 376 199 372 582 16 538 1 187 248 166 815 856 122 734 299 406 667 465 739 360 605 519 954 795 80 329 65 550 753 514 705 121 914 408 694 939 751 930 848 9 160 466 27 870 363 185 568 91 673 17 877 338 187 617 608 93 77 663 621 503 564 807 436
916 828 981 152 435 607 708 925 638 0 601 387 863 840 508 418 212 305 922 815 884 200 890 88 261 141 490 296 982 331 456 134 881 895 767 624 1000 898 155 159 852 143 233 958 852 412 928 863 772 529 108 133 868 633 753 288 199 608 980 631 796 970 638 556 387 42 519 342 467 321 873 153 982 801 64 474 880 874 813 24 132 663 1000 383 410 752 385 143 481 818 776 460 10 641 153 619 759 265 561 942
748 6 669 729 897 361 129 900 149 599 964 175 97 342 746 235 720 886 60 769 162 452 219 616 664 328 683 110 911 641 689 915 674 283 724 880 577 96 90 843 484 990 353 462 25 829 795 130 33 904 547 955 926 232 701 843 947 694 741 464 769 760 653 362 877 202 643 511 207 227 567 849 15 585 551 786 491 986 767 565 598 179 295 218 450 189 824 896 544 666 470 345 541 861 499 744 641 72 850 533
651 490 698 54 301 590 398 928 681 456 990 763 709 450 165 352 270 49 516 891 144 911 701 388 117 877 890 458 760 972 893 227 20 142 146 389 445 91 149 849 179 462 496 917 485 508 496 82 271 775 321 139 933 253 163 297 467 415 535 455 885 418 754 208 422 472 74 163 360 258 241 740 223 420 193 72 645 425 828 521 401 430 150 635 55 373 933 37 895 769 120 676 87 633 936 900 439 603 177 823
502 97 945 900 486 433 588 383 84 844 948 394 74 922 493 106 239 754 608 778 760 415 190 750 429 966 106 9 792 242 668 340 509 741 303 290 883 430 809 21 893 717 108 997 902 588 797 596 624 405 197 691 824 443 513 652 257 339 292 814 446 353 5 505 756 782 333 683 983 598 488 508 6 189 552 108 383 997 626 421 244 213 271 33 214 507 419 332 495 828 789 549 657 335 242 611 459 463 757 115
945 736 651 705 130 185 249 48 720 513 167 16 66 442 909 563 312 755 596 324 264 452 561 445 586 817 934 265 738 891 866 277 769 112 395 570 635 998 300 820 408 243 224 400 416 886 936 533 839 96 697 477 555 319 891 933 413 403 701 108 107 75 422 24 255 354 461 24 930 813 802 862 553 383 785 550 73 804 690 907 708 233 914 952 417 908 308 814 149 711 652 568 793 473 241 204 101 395 542 511
944 731 339 332 475 155 850 601 266 346 577 31 681 589 774 197 620 424 597 618 987 220 976 923 376 168 870 465 596 895 200 764 323 937 775 843 760 293 430 765 343 971 876 62 612 421 170 555 402 427 314 500 235 500 204 36 721 271 803 614 968 574 860 542 174 95 569 217 167 750 460 915 780 247 725 153 126 20 781 737 959 905 483 192 998 484 933 657 316 652 810 109 155 904 105 513 485 894 396 371
229 639 994 715 889 880 253 277 775 535 276 471 539 470 628 728 740 78 15 67 775 90 304 598 372 757 651 57 617 924 242 818 193 70 118 507 246 189 418 612 396 437 177 680 156 986 822 249 570 137 580 313 171 81 883 20 56 388 69 694 572 153 22 230 852 870 236 399 433 382 809 991 255 378 585 96 441 928 253 910 220 733 36 947 444 532 51 129 781 894 174 737 289 8 688 977 273 135 94 402
267 726 797 239 216 384 437 511 7 70 157 952 598 322 544 297 647 796 282 186 963 905 814 34 145 609 659 18 893 567 656 214 219 896 422 264 150 763 291 245 2 833 419 199 256 502 610 526 496 534 960 330 101 749 102 716 613 924 77 656 793 771 569 439 428 312 450 189 772 362 573 879 955 393 644 466 652 773 682 407 883 470 548 469 390 1 344 887 501 518 683 305 69 457 599 605 743 483 424 39
241 56 956 494 739 148 745 217 851 641 178 911 422 817 61 71 804 887 61 874 379 291 258 574 760 608 733 922 505 167 345 249 721 758 641 125 72 267 91 543 13 951 338 117 227 546 109 553 633 235 687 42 410 464 472 494 944 916 517 326 196 313 323 436 857 208 483 42 677 983 621 714 833 126 867 4 144 683 752 405 227 468 982 171 740 421 854 436 457 686 442 908 280 462 138 375 259 830 483 289
511 112 922 339 756 335 961 915 474 32 465 861 394 27 529 246 915 120 790 640 42 326 470 784 854 442 291 310 958 513 748 979 469 8 691 233 898 320 914 860 641 721 173 472 483 18 93 624 336 467 672 226 360 452 65 759 794 71 390 532 752 442 192 479 766 310 944 16 911 194 613 647 505 71 274 568 865 19 863 66 641 469 495 605 685 642 408 770 892 313 262 812 150 184 928 299 126 800 106 762
976 61 156 807 1000 89 260 139 126 251 175 408 207 68 100 354 204 472 295 991 343 176 77 416 50 79 8 533 914 381 915 921 995 982 857 321 639 251 594 693 973 889 569 545 572 93 894 236 897 362 296 19 914 968 477 352 960 377 524 130 902 555 378 304 331 166 749 149 46 823 999 228 547 961 141 504 790 338 645 742 85 682 257 995 867 15 740 133 55 728 413 423 349 169 210 24 718 634 796 239
379 148 71 238 510 36 542 487 960 778 472 786 52 44 780 100 313 617 662 632 628 119 964 247 70 222 908 655 268 186 369 851 312 752 139 558 445 1000 996 699 146 907 953 427 837 237 971 820 676 89 336 192 690 150 523 365 49 228 823 270 136 836 1000 925 813 906 390 923 624 881 293 941 109 548 535 824 648 868 707 936 540 731 976 481 859 734 796 687 48 889 220 875 838 106 626 40 534 970 911 916
296 533 638 21 749 200 196 600 842 538 137 435 447 103 293 759 586 109 694 136 835 34 224 548 680 865 976 425 889 730 964 954 488 208 940 879 213 909 611 896 484 314 387 395 128 129 434 974 289 749 425 922 493 826 161 353 78 671 240 409 934 289 623 218 442 372 176 128 982 324 211 872 711 794 129 241 702 146 296 536 572 814 288 202 230 106 106 842 882 258 505 457 49 225 924 831 897 60 251 256
449 918 556 597 605 242 465 922 574 334 516 197 118 713 887 472 472 958 463 93 588 359 303 308 903 328 611 67 863 344 536 194 973 80 746 35 468 870 233 63 938 932 571 146 162 884 446 377 169 58 396 309 80 919 914 143 619 960 656 214 54 32 125 634 412 234 141 340 603 2 596 901 950 89 891 916 445 234 284 254 565 558 631 651 724 128 35 390 442 594 829 382 133 548 14 213 483 282 774 57
763 582 333 310 732 636 929 118 456 529 340 289 430 20 912 992 389 41 718 795 21 121 26 842 445 157 557 144 588 576 373 823 475 943 314 413 745 904 124 717 676 540 669 571 126 945 748 331 784 530 283 756 475 307 462 892 664 686 923 730 314 14 202 852 541 31 283 772 660 430 118 187 421 605 62 910 425 875 102 56 847 708 4 365 144 397 732 994 993 643 687 661 559 0 792 723 712 139 492 564
479 703 162 150 364 200 257 363 306 494 485 852 542 130 532 114 490 113 173 623 936 871 434 197 442 172 514 740 918 0 491 157 799 818 339 780 640 324 186 112 194 521 240 638 75 227 68 429 983 931 274 964 779 442 184 242 465 170 340 638 276 32 234 735 727 808 82 454 494 650 341 433 146 958 546 799 344 111 340 120 601 418 905 834 41 102 829 174 456 554 493 230 448 519 108 955 705 976 149 125
986 775 459 781 158 145 169 837 732 642 179 838 804 637 300 895 52 230 749 517 351 736 869 681 114 736 525 341 839 389 578 341 397 881 980 777 157 366 258 223 765 805 198 505 332 405 224 469 67 803 129 520 990 249 600 377 810 83 103 685 981 203 103 180 626 612 508 291 383 431 538 924 676 288 0 72 285 764 697 86 390 613 699 870 806 855 28 760 906 359 758 599 649 551 182 389 514 169 136 372
374 464 375 913 458 888 252 127 953 931 180 803 726 336 798 124 185 717 837 930 552 315 824 275 362 927 576 234 454 994 900 705 895 477 893 526 590 596 871 386 501 995 712 473 918 107 599 897 80 534 797 57 307 878 580 3 954 635 589 906 39 959 346 382 719 129 711 160 304 576 38 193 675 475 843 163 356 767 651 450 484 364 761 262 653 840 730 89 211 427 572 211 220 514 967 754 410 572 36 360
671 666 354 638 43 335 95 447 905 576 550 26 436 204 870 471 956 871 120 491 731 182 671 521 715 545 532 674 533 566 249 882 856 488 270 704 239 184 3 610 102 173 906 536 26 306 188 994 995 220 817 261 46 969 74 16 301 103 5 803 472 278 771 429 808 699 322 73 956 539 912 748 505 118 322 572 642 13 459 988 376 38 892 217 679 620 301 808 156 327 253 477 834 97 551 512 98 585 421 398
784 152 205 67 303 516 375 19 312 189 446 413 542 207 261 341 579 707 886 706 204 961 18 199 961 472 686 388 118 425 581 646 744 735 71 60 578 479 102 700 731 735 238 798 303 912 807 225 985 594 78 682 602 721 376 352 242 81 780 832 235 127 79 638 16 466 871 797 337 997 244 938 425 647 292 183 70 36 296 338 415 442 447 288 519 79 33 89 841 642 125 591 710 321 180 429 487 688 889 409
979 873 242 536 343 257 731 601 386 977 757 624 62 617 953 389 43 223 414 734 311 280 83 182 353 88 706 918 806 716 386 524 262 766 871 384 671 813 452 136 14 863 784 195 632 666 662 163 999 309 889 600 580 330 984 700 230 604 508 393 361 424 946 461 537 489 493 468 738 277 627 570 604 790 839 970 278 453 246 589 155 441 876 57 27 696 926 883 894 460 298 827 848 465 16 341 772 437 595 117
123 834 787 523 798 480 80 433 465 462 570 445 777 860 348 707 291 390 143 428 222 67 594 296 975 940 323 352 635 977 855 430 531 866 783 391 935 604 922 741 743 246 41 253 561 602 202 636 110 524 283 992 761 2 100 154 410 559 470 141 349 818 148 371 878 238 114 107 325 104 301 118 655 110 484 49 875 839 967 371 87 822 169 914 447 212 879 492 254 585 846 581 619 992 838 117 823 716 584 205
61 207 759 645 953 923 88 102 598 928 815 389 886 924 286 982 893 24 62 41 397 212 924 109 204 322 416 475 324 762 189 846 561 857 688 778 648 674 589 568 823 922 472 800 749 755 401 490 580 16 236 499 579 994 15 99 256 579 393 633 452 68 718 878 481 389 817 19 445 217 503 655 427 828 686 960 956 243 261 780 746 736 747 526 137 369 216 219 536 151 503 524 263 301 82 134 45 770 508 929
397 30 937 438 622 193 525 284 471 323 621 910 287 747 631 214 954 769 375 322 721 752 535 806 903 500 656 356 798 927 829 969 564 568 789 184 591 549 846 625 976 155 855 159 962 838 416 356 726 707 353 643 104 290 20 458 23 234 550 448 590 499 275 735 57 635 942 717 728 413 490 940 371 801 51 814 87 357 315 940 76 580 674 975 951 599 680 225 717 656 72 303 986 756 754 466 103 364 679 797
822 15 58 343 173 684 704 931 842 439 939 369 35 986 946 144 544 863 876 129 132 449 379 848 300 25 427 941 45 880 470 967 640 676 961 415 62 277 180 832 176 408 36 239 124 533 320 443 493 822 972 735 472 785 83 470 51 117 243 951 532 596 457 546 653 828 576 456 792 433 664 910 952 111 602 991 805 463 717 143 864 282 543 868 50 503 176 133 334 842 798 611 889 200 797 828 609 823 290 921
833 801 335 933 341 753 681 417 65 468 612 336 646 621 971 760 31 100 565 187 389 22 879 308 51 591 929 842 760 787 476 886 734 687 34 573 264 743 315 741 399 290 17 425 216 33 341 652 406 282 954 88 762 130 29 331 448 650 29 640 351 10 970 575 414 472 541 217 215 610 867 152 33 432 823 618 325 285 472 991 940 189 874 460 906 429 230 878 882 392 771 166 719 818 725 582 414 924 519 144
245 388 50 961 680 736 527 817 193 698 786 598 962 114 429 797 458 97 49 14 521 137 626 395 609 557 247 893 208 833 536 145 521 60 763 175 968 358 535 358 728 253 929 224 755 256 717 389 173 853 793 195 301 913 359 814 645 198 417 318 512 16 319 70 467 921 650 927 747 27 739 381 775 164 729 440 373 78 451 202 156 146 333 218 892 813 382 598 782 119 19 835 521 477 865 579 196 433 0 203
58 354 865 538 176 413 343 866 531 152 899 427 109 927 901 413 688 830 927 827 102 806 250 319 953 904 743 333 285 389 275 514 279 38 365 107 99 458 239 220 96 196 294 553 43 39 645 735 37 125 516 872 599 578 242 869 503 75 234 608 897 46 7 825 138 765 291 487 731 50 179 793 573 867 593 914 986 788 557 348 918 248 606 370 840 74 609 886 278 188 814 237 40 394 22 917 264 917 788 152
151 364 424 343 435 265 431 124 44 756 789 353 200 915 385 726 737 876 580 558 786 883 311 862 253 472 233 534 646 399 203 421 40 558 279 540 258 759 652 732 836 684 64 646 600 783 654 619 5 640 897 922 752 229 655 208 340 270 838 179 642 205 259 270 551 435 448 141 442 568 610 780 220 691 607 53 193 175 752 467 516 160 835 85 454 912 132 195 757 604 732 684 625 963 464 502 940 304 572 336
321 960 128 447 819 763 523 783 106 25 289 388 378 861 71 945 960 980 870 506 906 906 76 911 799 62 224 651 165 958 958 697 54 772 833 926 315 756 734 514 998 907 627 719 256 828 615 280 553 654 351 153 713 725 465 83 145 63 720 196 272 72 129 875 578 284 300 911 107 784 555 959 914 976 439 619 942 806 64 992 291 616 134 144 816 629 152 806 212 212 341 865 76 516 620 960 723 551 594 113
788 507 92 668 24 69 61 492 824 559 665 354 154 390 595 563 282 455 855 289 918 898 31 605 959 251 670 472 228 500 554 565 750 283 647 191 177 209 961 390 866 619 106 778 1 358 393 222 623 237 258 876 42 190 873 325 243 349 37 180 404 867 493 481 474 320 424 257 523 900 909 155 200 933 716 153 920 780 672 633 411 839 838 284 982 94 572 182 938 924 803 472 792 246 654 216 2 230 818 294
365 437 170 338 378 290 782 441 50 676 893 30 113 994 106 532 267 791 811 650 15 543 191 904 138 468 364 979 667 754 224 755 220 67 47 820 907 124 972 369 722 311 303 264 44 633 643 812 13 131 898 162 240 569 938 444 523 614 918 353 580 844 213 86 65 312 944 476 677 84 773 250 401 619 257 429 92 591 384 502 544 603 898 244 373 742 853 267 869 725 392 441 314 529 789 872 141 181 100 54
435 210 584 390 202 444 983 55 761 47 526 469 648 639 821 649 248 762 139 183 602 83 64 810 759 148 19 165 635 296 249 431 668 307 297 83 835 623 968 202 864 583 136 7 484 615 402 318 440 780 785 671 730 706 462 753 525 607 492 947 223 876 341 259 323 268 698 521 730 510 646 14 103 967 974 676 115 780 703 433 694 945 989 227 114 474 378 204 677 311 668 809 727 506 899 570 894 671 492 919
673 158 94 97 962 298 771 157 342 950 289 543 927 416 29 936 419 181 674 141 640 250 713 962 323 774 372 542 315 216 872 33 160 989 944 268 263 981 679 521 24 846 837 996 12 189 14 419 792 487 990 743 564 403 560 699 952 497 837 665 838 342 327 801 242 170 700 461 555 356 42 217 200 360 885 232 888 544 877 514 689 270 377 250 244 704 57 308 234 559 448 470 462 866 154 136 301 157 812 563
623 514 126 450 399 553 767 83 28 788 974 289 291 5 504 968 950 933 688 799 656 159 564 814 375 23 299 986 408 218 816 459 317 685 259 786 166 245 519 902 56 32 158 573 435 730 100 412 774 555 439 610 671 942 839 996 515 492 954 815 772 971 788 754 738 392 692 174 484 500 713 433 717 80 100 243 318 607 344 320 954 320 779 597 670 305 357 115 805 434 978 389 998 8 148 160 326 854 70 205
947 433 753 520 81 914 308 528 855 70 441 374 497 591 50 999 443 958 967 215 445 781 228 68 855 672 129 156 455 881 463 791 141 438 368 281 107 703 674 301 197 697 304 616 962 448 431 100 250 976 738 497 838 256 787 900 386 237 417 364 30 728 202 28 634 53 444 708 867 210 673 61 520 198 279 985 854 379 306 7 526 349 573 234 194 76 292 973 332 995 829 633 307 719 817 214 578 500 653 672
716 564 969 518 168 985 667 677 878 554 620 854 750 133 350 157 166 497 60 359 530 221 267 81 736 888 826 890 245 124 646 907 432 853 917 368 345 97 77 710 312 787 923 404 270 984 954 806 341 618 803 266 138 94 822 508 987 651 845 431 740 835 477 448 181 360 587 644 57 845 294 737 235 552 693 376 386 99 840 984 595 70 760 57 596 613 780 25 371 921 660 268 142 161 723 388 484 130 193 623
547 872 661 366 110 605 605 941 764 920 312 221 340 266 403 175 40 180 538 442 514 714 456 227 303 473 695 294 618 385 221 490 702 636 824 795 461 562 785 277 362 445 32 73 836 239 750 137 464 894 760 569 407 225 424 403 457 880 432 109 487 408 824 506 570 216 188 389 593 879 111 72 546 228 202 665 690 893 202 914 12 266 70 908 750 735 993 279 55 919 610 838 124 494 820 368 194 927 521 107
417 893 531 485 640 551 430 145 699 840 947 48 605 654 815 194 209 782 266 377 967 749 80 531 634 921 746 248 17 672 594 116 274 105 478 909 346 279 858 768 29 694 105 153 512 992 821 109 842 938 211 741 725 973 386 665 233 375 13 91 186 337 260 714 891 575 859 905 313 701 455 599 302 817 676 903 37 972 328 339 165 680 802 929 982 865 134 422 667 708 702 932 205 561 989 139 926 124 56 187
376 78 797 729 397 538 93 901 52 498 234 397 573 945 263 707 115 378 864 204 369 268 883 215 119 91 806 876 813 350 964 591 784 327 614 525 740 678 77 911 424 850 769 956 698 226 453 599 719 395 202 956 429 35 713 599 767 258 140 887 411 345 155 296 128 540 899 783 717 85 700 329 109 162 297 876 109 456 405 460 477 685 608 212 931 522 92 630 669 315 100 399 616 344 267 56 283 804 651 296
573 521 235 331 576 834 677 922 488 4 926 673 381 191 333 494 127 405 234 780 131 988 616 819 399 327 72 277 986 814 161 504 97 313 745 688 217 497 210 692 850 120 826 329 5 146 990 698 654 213 676 477 441 907 790 212 417 81 946 120 613 957 24 859 365 118 973 683 719 793 792 608 942 586 830 583 373 644 794 375 480 220 707 184 345 835 722 674 943 576 757 610 694 854 116 422 435 99 308 978
131 758 217 295 730 635 578 732 921 457 930 586 446 476 193 399 806 437 759 67 1 439 40 781 457 627 392 690 124 583 507 325 586 755 631 160 558 155 869 792 213 355 701 459 524 442 981 832 274 511 531 902 253 731 360 966 613 307 521 83 294 779 629 722 199 479 196 695 189 991 121 381 461 670 587 461 593 883 183 63 209 909 374 948 608 44 887 742 131 892 198 965 419 798 464 35 651 458 53 844
703 880 451 982 43 504 812 692 437 576 439 223 35 894 674 582 181 732 748 586 235 450 814 905 690 614 855 197 900 858 673 12 699 141 26 692 220 51 604 841 119 280 165 328 513 117 815 86 812 125 22 482 963 460 457 942 41 90 477 470 968 494 985 178 65 15 554 968 787 336 415 773 703 250 817 834 747 372 974 917 436 440 170 269 697 842 612 601 708 662 450 208 859 243 981 714 993 987 127 44
884 782 458 47 662 397 334 41 520 184 10 30 607 520 151 380 959 665 571 716 155 347 809 45 274 265 226 64 503 386 709 813 542 981 3 444 688 217 837 20 0 762 357 440 461 848 805 129 100 92 484 314 600 775 93 120 254 43 170 975 305 52 279 636 83 466 804 994 620 296 234 564 822 198 825 321 303 291 408 323 786 789 931 264 725 977 469 340 404 185 572 433 784 488 159 962 160 607 786 926
760 206 153 229 496 225 561 860 612 775 330 59 409 764 120 188 163 26 302 769 376 414 347 182 457 491 50 207 370 691 637 600 80 811 726 264 428 949 891 973 813 100 33 934 960 66 429 816 397 810 58 621 618 798 592 76 678 628 501 83 662 778 968 225 843 573 996 914 550 924 147 717 715 343 264 394 258 744 642 434 858 885 329 353 94 984 690 573 602 938 282 823 374 642 149 745 818 243 754 461
52 671 591 793 101 598 478 509 393 269 118 749 323 746 844 918 850 512 941 421 906 787 591 776 582 638 798 503 929 719 673 454 869 139 798 630 62 338 22 426 527 273 301 755 339 622 273 701 679 272 247 516 636 676 650 880 257 235 977 695 474 589 967 10 112 395 667 444 741 670 255 732 540 976 96 284 147 966 194 163 117 315 997 310 192 759 35 877 193 289 661 628 408 410 507 481 838 63 645 357
473 365 474 36 593 863 466 616 194 743 782 793 338 407 950 94 651 577 938 542 105 923 248 106 759 293 514 272 23 172 47 687 756 302 97 828 25 217 317 593 758 398 630 66 628 120 848 377 727 114 436 724 463 603 251 461 698 634 605 507 114 922 335 342 551 193 741 452 158 582 814 798 96 591 458 137 15 812 669 355 1 900 992 257 926 566 188 465 800 643 280 46 950 972 204 826 445 962 144 550
415 506 387 769 803 144 134 411 697 636 807 614 35 625 783 334 17 604 892 27 873 522 832 451 343 377 307 558 424 473 698 969 476 188 349 960 501 418 79 223 765 396 773 511 415 950 850 617 776 208 9 447 146 32 752 570 711 118 813 281 250 518 512 72 49 458 237 341 407 633 495 798 210 872 29 398 310 164 886 460 150 761 725 107 435 986 990 887 271 346 548 652 198 984 261 658 387 321 342 344
177 845 108 928 574 116 70 594 829 428 396 515 492 749 436 511 137 945 243 235 412 356 236 279 332 859 752 990 709 764 133 882 990 108 366 586 604 702 266 782 196 355 604 169 998 564 373 711 837 415 273 861 455 627 304 788 409 377 985 576 246 833 172 759 97 589 256 895 36 721 234 148 41 837 437 134 833 649 875 282 245 563 19 668 477 590 763 908 290 808 941 476 416 549 149 135 581 717 18 356
603 351 123 860 840 390 40 284 440 478 58 355 641 994 773 880 384 440 171 256 441 623 923 931 974 477 842 460 99 204 110 827 620 519 492 98 303 427 836 175 485 339 657 657 388 680 335 381 16 90 477 687 546 262 276 387 460 10 192 346 340 950 347 763 237 654 946 286 693 726 896 844 486 787 451 939 45 469 732 847 530 443 983 988 780 587 776 382 775 938 367 15 930 838 457 793 424 29 952 999
181 112 793 901 400 579 569 280 722 251 954 609 702 13 747 134 330 904 355 126 357 563 227 973 920 66 939 730 408 633 813 345 565 807 101 8 95 529 130 228 424 821 571 878 541 441 253 941 665 86 997 329 535 583 155 524 664 107 511 793 416 88 705 319 477 263 459 637 437 806 494 397 922 912 677 340 985 683 511 696 549 70 616 70 549 661 243 746 987 736 536 477 217 298 325 150 949 568 389 999
124 9 558 522 994 47 273 565 125 691 960 353 561 168 435 819 28 253 362 421 526 550 294 623 177 831 786 608 717 0 227 490 69 662 819 122 106 26 132 213 779 333 538 710 571 507 688 893 714 906 411 857 614 993 227 567 915 390 987 622 579 989 361 266 726 940 373 15 7 801 145 787 90 70 241 373 440 362 256 923 734 203 672 614 286 2 806 680 798 729 783 202 699 414 65 695 692 899 921 56
131 566 420 116 126 443 741 340 676 967 70 87 238 420 811 70 868 844 758 188 743 79 904 574 276 509 916 5 557 818 716 940 422 623 506 321 516 903 260 957 441 726 453 907 185 315 530 553 946 154 39 948 351 671 953 59 132 36 234 256 660 277 449 831 816 180 273 735 661 829 647 758 324 25 341 971 33 765 720 466 803 303 821 619 77 388 44 432 269 87 722 566 897 106 640 751 489 205 466 372
649 571 291 177 696 987 467 954 273 827 276 994 792 685 397 147 692 70 506 24 54 450 232 875 346 295 496 284 112 561 772 627 909 905 58 364 840 954 995 596 228 681 409 968 67 815 606 122 307 975 799 961 574 231 73 230 626 417 982 603 437 484 37 275 938 362 442 557 995 249 41 406 9 949 194 925 533 370 775 335 453 769 911 471 218 452 588 101 962 873 970 104 465 251 577 79 568 72 745 459
503 813 354 908 20 814 287 308 311 812 661 882 120 721 899 409 159 668 889 636 168 461 736 297 30 158 51 150 414 603 713 643 945 824 582 376 758 200 914 353 905 190 514 262 245 237 384 54 497 345 230 793 877 973 444 987 143 834 676 243 928 379 841 20 60 171 23 814 144 112 111 726 941 605 142 811 16 309 804 754 851 333 434 274 471 682 13 709 75 91 831 999 478 390 234 514 613 322 410 854
818 182 253 860 324 578 805 532 688 659 919 355 676 762 337 779 27 739 522 472 1 339 399 273 885 236 41 526 939 676 724 86 703 941 501 778 102 843 888 895 413 524 475 732 966 629 165 627 700 868 619 408 411 677 400 946 659 489 797 237 437 808 162 679 118 439 869 48 799 29 278 534 226 946 665 962 120 352 609 941 70 404 494 956 899 87 819 934 25 282 446 403 176 897 93 161 814 35 858 180
962 545 451 985 992 679 382 148 458 604 80 99 201 12 404 465 737 689 990 418 700 911 671 77 591 445 220 476 4 468 209 77 318 486 649 196 706 795 774 333 865 79 652 394 467 869 66 679 759 850 243 891 689 521 198 616 967 915 932 346 463 103 190 368 875 857 883 836 837 855 924 208 80 799 415 944 939 190 769 756 587 803 546 831 789 37 789 7 549 49 40 754 168 159 119 183 371 687 329 221
681 13 348 952 912 418 634 290 930 512 669 791 206 296 830 391 860 718 282 707 205 577 114 986 872 163 609 58 825 879 916 344 220 330 154 279 757 131 131 770 817 948 319 660 608 29 234 637 121 184 266 502 873 534 815 278 50 202 268 688 683 970 91 473 33 360 626 852 628 709 30 721 782 287 260 560 830 204 784 243 268 532 361 14 132 795 341 652 988 872 298 520 54 533 138 854 493 821 768 875
543 72 563 122 535 426 614 781 480 857 747 756 798 63 61 248 149 930 379 11 979 377 206 866 21 690 317 58 253 555 591 848 214 360 440 135 417 737 206 304 589 554 293 304 959 537 376 275 996 519 739 180 60 191 264 443 636 278 582 206 370 655 831 199 626 43 999 372 325 324 631 153 105 60 846 888 337 163 435 843 97 628 706 455 672 739 285 85 104 949 61 892 651 293 150 371 108 871 119 168
98 190 581 767 206 550 644 320 621 323 47 42 227 66 477 645 928 468 934 706 642 271 664 996 791 621 87 763 453 588 224 233 278 134 525 706 403 698 659 177 312 879 115 23 859 286 623 411 795 560 313 640 144 435 608 711 560 187 480 944 467 610 391 596 174 4 113 126 309 505 165 468 90 855 954 364 840 760 46 666 82 611 78 899 738 46 793 829 542 827 870 388 532 349 236 426 905 331 213 738
458 115 898 869 141 770 717 776 744 519 965 150 853 303 319 936 636 346 300 280 9 665 408 237 561 854 910 477 47 905 530 300 697 86 784 159 502 720 770 840 779 114 667 30 443 95 744 81 124 751 970 731 157 565 758 202 800 738 186 439 275 135 833 575 467 775 756 670 49 837 769 860 173 229 643 744 183 157 343 664 187 862 490 435 981 111 520 367 107 960 703 721 963 485 670 585 853 686 949 141
387 235 223 739 730 930 969 481 485 750 755 155 786 561 997 257 162 173 34 641 947 651 373 591 965 383 157 222 202 680 901 511 829 664 426 249 133 874 720 246 86 924 162 438 718 390 861 103 243 383 442 466 818 591 517 900 948 217 178 306 417 5 738 587 338 119 957 618 414 853 747 398 236 900 434 607 446 713 998 912 474 56 234 590 718 984 780 494 554 571 609 598 329 491 424 125 176 772 199 953
367 270 648 936 605 781 932 276 71 833 490 840 244 537 621 647 735 524 988 535 983 456 20 385 28 229 348 662 230 898 629 456 634 857 585 435 76 394 59 138 555 562 959 807 695 815 541 506 675 395 329 728 253 880 556 245 900 422 933 372 190 997 665 815 148 837 8 760 335 991 61 254 669 105 972 946 653 522 437 294 298 947 324 414 10 146 697 586 56 65 622 478 317 497 513 515 451 81 938 944
841 397 828 529 189 139 409 838 567 221 433 666 275 327 890 968 616 622 509 956 472 759 126 315 394 320 759 22 779 537 812 176 49 857 826 279 579 52 687 271 130 847 492 92 78 810 152 517 614 522 95 690 709 821 177 872 52 656 422 214 242 272 710 745 966 972 5 796 603 289 838 501 282 311 334 56 484 552 490 485 424 726 464 705 98 252 546 335 897 291 986 930 375 617 427 898 805 257 542 829
971 279 599 122 765 749 279 145 766 183 909 815 308 429 743 211 992 632 227 619 616 777 549 791 621 601 512 760 42 178 442 240 318 938 530 168 774 96 344 643 348 885 738 629 435 92 45 659 271 530 287 4 328 889 340 89 237 638 759 689 805 397 327 582 136 781 139 680 24 45 458 335 89 635 339 425 823 101 623 35 628 911 147 506 998 366 496 917 341 923 655 73 827 843 369 839 590 662 173 695
833 308 105 806 901 773 196 576 621 911 278 110 158 831 240 772 781 92 630 893 708 972 218 870 483 402 672 989 249 727 175 783 60 156 352 614 584 890 221 135 853 870 433 695 159 923 376 144 717 217 519 903 76 748 235 140 263 558 319 434 719 117 825 719 504 21 271 944 169 39 586 189 279 248 727 8 455 66 307 679 512 495 771 584 804 109 596 707 121 352 306 462 127 848 59 872 116 688 730 167
639 795 477 302 734 419 979 728 636 592 395 430 937 348 731 789 583 438 926 760 714 875 669 163 116 245 827 826 614 294 918 831 34 551 472 709 317 628 655 832 562 471 642 821 288 893 716 196 316 334 647 97 15 252 244 133 248 726 720 413 398 360 489 93 562 247 392 519 461 227 600 62 621 524 457 915 450 334 279 179 710 713 914 428 720 559 279 388 81 858 372 582 313 145 394 389 580 373 440 669
41 153 833 832 270 816 406 455 143 770 248 856 299 950 705 214 425 501 317 39 628 260 564 329 259 265 571 386 897 270 40 268 150 285 879 686 464 810 627 212 286 699 289 997 164 302 835 856 209 980 711 170 506 885 603 483 901 293 106 264 862 35 349 775 706 245 927 627 913 749 328 305 907 359 829 316 502 207 531 627 221 744 707 133 940 424 328 742 13 246 703 771 533 282 472 120 872 255 137 584
599 436 387 228 745 364 672 782 726 530 675 861 160 517 917 339 600 697 349 921 892 387 255 670 969 19 151 466 659 924 968 120 751 619 892 473 257 301 426 172 301 774 430 278 487 578 778 197 575 466 271 499 814 953 51 809 518 77 415 74 566 201 792 294 380 713 681 179 78 24 846 300 808 106 785 303 577 781 735 35 20 487 171 367 27 778 988 344 879 149 583 932 68 814 960 734 593 999 601 219
851 535 103 810 486 515 994 69 423 800 484 779 941 400 488 902 33 20 203 230 758 668 18 302 865 145 562 464 70 188 694 366 808 113 328 551 832 748 704 316 577 825 838 339 789 874 387 73 996 456 166 240 507 496 683 580 372 849 91 912 855 377 337 760 598 926 513 977 99 277 408 618 606 494 824 904 724 549 331 74 259 843 641 130 51 461 415 69 681 572 435 863 702 395 446 265 873 788 229 163
831 651 916 395 389 117 523 849 853 756 604 991 566 824 439 17 438 356 5 660 432 799 698 276 559 525 312 688 837 52 794 887 626 844 137 187 534 541 757 258 613 744 257 85 681 737 613 198 813 536 733 743 56 81 157 911 533 403 246 289 729 581 547 830 658 877 363 814 327 371 100 823 329 951 81 571 563 652 526 417 262 233 288 751 620 876 718 838 420 300 454 340 215 381 372 903 949 646 555 3
434 683 537 30 240 922 318 980 276 440 828 528 533 21 382 907 375 757 673 876 831 299 521 50 927 16 454 515 431 570 143 954 997 668 898 420 307 500 983 484 342 724 569 103 97 81 537 896 883 231 193 46 916 627 234 747 426 607 137 70 522 981 462 581 268 369 803 670 737 815 277 838 593 293 110 160 259 207 91 257 196 1 526 602 547 776 910 889 376 413 976 696 722 304 869 832 30 357 900 269
443 76 980 606 810 300 806 699 296 796 712 689 896 79 680 30 555 199 780 101 38 801 17 41 318 806 50 725 815 972 526 682 187 342 18 253 223 460 313 448 359 53 650 318 800 806 716 320 831 236 50 814 863 405 750 320 821 491 921 76 617 554 634 74 666 745 72 628 210 935 413 467 258 26 688 907 638 7 226 952 688 551 798 347 359 456 874 775 848 298 576 385 339 19 778 451 727 907 365 18
54 969 810 220 741 803 371 597 86 645 507 526 419 114 183 170 799 277 210 504 439 425 559 442 621 82 122 957 506 289 938 82 379 995 237 86 975 327 605 768 624 661 917 357 663 1 820 647 943 103 154 992 592 498 318 82 328 390 867 434 661 845 900 826 366 50 597 411 764 106 956 58 304 360 343 520 828 913 59 292 456 261 677 569 346 136 595 455 795 857 918 743 304 369 231 303 644 643 675 793
352 856 597 398 733 840 947 56 748 464 965 812 813 659 142 69 16 432 435 17 796 774 478 261 483 467 121 374 852 531 207 731 466 891 282 61 50 814 21 722 565 764 905 760 910 511 393 861 741 426 198 906 952 452 427 433 196 59 777 184 338 650 497 123 657 604 475 494 608 989 757 811 402 253 531 595 656 197 678 149 341 840 239 253 44 636 415 429 52 973 875 661 979 200 51 710 454 630 283 884
929 254 3 286 101 941 87 386 557 371 902 666 999 417 686 891 820 969 839 767 91 918 543 723 136 995 277 10 552 136 368 910 822 203 129 485 905 685 228 519 781 502 471 287 961 199 134 980 425 488 217 329 302 927 64 43 264 928 534 604 879 400 157 629 115 836 25 453 606 590 459 11 659 945 392 91 239 14 726 581 139 298 639 934 456 587 383 133 988 239 367 285 959 361 184 360 284 304 905 294
776 196 166 517 959 329 809 346 327 148 345 527 888 283 647 744 952 461 255 151 40 536 176 198 500 772 447 564 599 519 207 16 282 259 817 340 594 958 997 785 323 687 948 692 834 296 976 460 880 936 248 844 595 524 579 259 776 356 796 362 528 390 420 371 322 29 174 347 190 568 563 287 345 57 14 81 856 319 168 930 814 505 714 744 427 695 802 275 447 371 827 954 956 712 179 220 242 731 809 379
487 358 675 50 435 482 861 792 627 51 532 645 297 463 723 463 906 321 841 319 906 322 486 837 927 425 450 244 812 33 789 300 828 868 822 726 683 80 805 688 809 811 3 141 231 680 118 650 124 206 455 55 878 813 593 680 285 822 46 580 696 615 616 93 348 614 306 359 507 701 274 588 980 889 683 656 437 408 192 65 727 426 139 195 613 819 582 197 689 794 708 184 576 222 255 590 134 919 481 354
761 751 657 613 178 379 732 118 740 344 507 622 130 777 891 889 565 730 744 637 754 119 219 74 138 932 764 445 693 288 571 459 60 365 805 778 601 685 188 223 614 933 231 408 870 731 736 749 182 913 832 4 251 204 548 770 35 933 712 184 307 609 437 13 441 512 600 645 920 410 435 667 885 606 590 402 908 3 590 259 674 61 336 93 487 396 381 869 533 777 970 665 343 284 800 612 567 333 858 835
698 815 350 802 676 946 809 242 245 915 961 287 313 948 897 969 819 90 957 915 795 878 22 808 780 435 370 888 569 484 799 944 848 131 65 580 632 806 475 374 306 530 74 471 784 223 480 963 364 508 426 23 578 505 121 680 489 960 66 769 885 496 489 472 257 870 855 432 967 14 706 208 672 790 546 159 417 718 568 457 568 475 433 5 269 814 484 259 797 709 574 642 615 77 470 914 188 150 511 271
530 401 770 470 338 915 9 735 395 858 51 181 652 742 608 82 251 174 5 844 771 730 123 223 920 616 688 871 360 381 259 187 970 551 404 922 436 595 69 605 124 579 590 538 799 173 977 934 641 682 415 146 185 586 386 721 588 657 404 275 633 307 239 837 710 11 553 905 965 561 137 345 433 973 641 981 932 779 245 465 324 415 312 429 854 826 848 769 714 186 626 209 54 809 500 638 318 875 864 688
622 203 600 385 11 196 345 468 959 32 898 251 702 637 233 882 524 100 644 261 884 276 97 211 139 576 114 240 766 251 85 675 665 403 33 278 216 557 562 629 28 986 750 921 782 629 661 151 818 860 260 777 613 938 830 880 244 690 298 786 440 525 127 188 980 845 769 718 799 397 59 934 721 945 34 998 700 63 243 591 142 320 189 730 481 51 990 755 8 259 582 282 973 964 410 934 363 867 244 830
101 925 466 270 373 225 52 979 177 395 39 24 697 563 455 211 475 112 213 702 428 706 422 110 692 357 576 103 155 125 565 296 586 335 298 241 384 789 325 865 297 897 610 916 219 233 448 151 247 642 32 575 986 150 536 61 608 0 531 660 975 472 525 927 862 368 269 728 203 460 403 662 238 499 156 152 426 265 188 524 971 532 461 904 840 601 225 999 560 211 898 24 269 711 450 29 163 0 233 741
147 671 159 628 216 818 962 622 755 90 465 579 53 145 824 361 850 539 114 295 78 346 456 607 894 241 79 5 769 160 906 333 522 873 360 407 815 160 617 405 915 278 207 806 236 83 221 875 658 120 769 31 369 539 673 353 645 188 256 121 131 413 589 912 854 50 944 538 512 343 748 85 228 954 201 847 664 308 452 594 680 179 264 636 820 510 298 384 209 555 565 20 56 355 853 187 949 73 559 887
808 154 341 983 74 228 23 38 781 430 462 880 903 545 122 830 375 538 938 804 796 768 169 182 647 952 11 419 942 97 660 668 399 507 837 952 6 994 814 603 235 405 495 908 208 224 890 721 342 321 777 393 886 73 623 12 289 223 314 183 256 718 728 100 749 822 646 910 587 707 291 357 939 330 389 277 713 924 147 332 570 338 591 159 172 404 50 197 136 741 345 283 953 786 112 965 272 792 454 395
542 150 639 269 139 64 786 934 735 301 680 372 283 267 25 475 163 188 163 776 751 242 21 276 230 375 456 94 130 833 437 552 903 631 210 81 464 48 779 142 495 550 503 861 668 339 196 921 379 713 906 191 927 86 210 280 338 492 619 100 866 903 973 225 799 942 813 684 21 593 634 554 721 592 781 466 333 103 726 839 993 467 558 720 839 420 459 200 820 513 828 78 881 19 764 763 864 470 542 334
857 417 374 80 916 623 689 575 769 320 326 102 235 121 112 829 699 26 626 928 577 783 799 200 32 352 808 312 278 45 896 695 214 481 605 881 723 388 125 766 846 438 555 833 866 671 646 723 831 103 972 656 841 695 558 712 963 231 800 956 630 974 532 560 340 650 941 844 979 48 698 741 905 589 944 138 493 600 746 757 869 916 343 553 970 961 947 496 248 980 284 28 510 660 135 171 673 311 138 755
512 326 987 955 485 57 834 710 438 512 365 838 943 400 160 949 346 391 36 63 774 453 512 499 440 625 316 177 671 98 406 610 157 909 66 54 494 54 545 452 404 934 195 624 515 883 284 673 560 423 250 305 114 872 354 163 53 671 744 817 567 104 845 368 101 589 437 41 316 733 828 581 280 406 892 677 154 365 476 657 793 307 341 632 249 125 749 60 636 325 900 222 153 791 843 962 105 213 943 877
796 431 150 503 376 213 266 55 373 282 314 236 296 74 316 727 867 260 936 280 214 309 582 557 180 693 245 580 171 542 990 272 511 628 181 709 340 22 811 401 174 802 894 552 120 85 768 320 747 739 46 937 861 802 990 388 752 700 927 842 88 604 615 307 615 605 212 183 128 599 361 67 20 702 892 566 877 553 852 958 419 693 900 489 595 105 692 36 237 913 265 628 440 289 876 870 227 103 647 896
83 719 82 205 698 105 948 955 569 630 213 668 87 585 155 985 82 629 802 690 271 944 203 932 873 308 173 885 679 473 136 111 971 943 62 504 549 294 710 572 421 335 181 308 429 739 404 313 640 134 696 959 837 889 827 741 409 782 45 623 806 917 671 309 317 43 565 446 661 793 715 514 626 32 639 850 537 285 970 37 372 770 826 819 991 305 577 702 883 506 14 6 713 661 594 616 308 321 409 579
407 286 272 26 403 36 211 316 22 945 919 584 500 675 962 132 518 285 30 129 582 716 283 106 935 716 910 781 366 940 370 386 914 697 461 293 307 793 641 611 212 784 559 90 267 667 399 300 135 281 40 131 795 617 439 428 969 692 744 723 912 624 216 148 597 801 841 402 666 890 636 389 995 848 349 0 410 228 114 924 606 563 670 456 595 320 347 952 148 316 854 631 837 588 158 918 592 885 934 225
684 761 797 885 265 317 763 623 501 722 763 561 886 736 54 262 649 958 683 336 27 638 143 885 698 963 754 56 1000 845 814 706 578 402 882 824 217 704 712 877 340 457 591 754 969 700 810 665 551 122 331 649 71 952 333 579 429 809 269 631 667 595 723 312 23 608 452 268 905 257 657 12 199 959 786 640 942 68 588 383 553 987 30 147 15 84 692 316 800 773 65 604 691 996 634 346 858 595 234 431
279 607 812 682 987 861 835 705 750 751 956 604 54 407 422 863 263 708 221 587 92 868 228 66 647 916 613 971 462 953 860 220 919 496 30 299 722 649 357 414 601 300 342 292 834 656 390 442 261 130 111 593 811 553 505 859 237 239 290 578 8 398 758 620 736 222 142 260 678 114 515 566 595 753 324 645 233 682 147 528 693 454 254 203 364 349 24 974 310 699 657 308 174 945 80 989 532 947 167 789
441 540 614 70 586 809 434 839 489 273 533 392 108 875 815 715 383 710 726 708 552 838 758 73 284 14 427 837 950 738 267 690 814 921 162 156 155 71 365 210 658 28 262 33 813 853 899 402 941 318 796 228 269 690 223 880 930 159 235 618 300 191 114 187 741 994 218 577 413 367 259 231 894 393 514 132 433 316 723 81 90 603 222 477 47 683 98 250 331 528 393 129 220 262 258 195 233 40 784 112
502 566 425 71 589 811 264 794 460 606 446 522 633 74 731 733 267 346 900 540 304 560 322 907 614 162 4 424 283 698 594 288 426 115 945 132 33 946 488 385 115 31 92 812 106 548 747 259 405 727 817 207 92 695 268 988 641 851 440 135 170 623 301 25 956 480 586 329 477 368 546 7 401 600 33 853 38 912 428 536 63 373 744 579 84 993 811 272 991 980 974 272 204 916 650 233 885 764 264 754
684 20 975 264 177 929 348 390 312 687 473 495 77 76 839 704 744 693 57 87 744 90 290 518 167 941 325 926 972 901 775 586 534 992 673 497 640 755 228 127 255 586 393 460 600 278 3 908 46 31 276 97 560 76 4 130 993 303 171 108 14 795 971 803 288 773 83 762 934 368 620 554 891 164 69 959 220 81 305 556 985 472 468 17 241 754 969 940 953 537 13 928 350 705 664 607 427 303 972 11
870 531 24 490 629 774 355 969 842 143 76 657 354 831 278 239 946 972 502 712 576 677 49 140 484 767 348 986 531 701 350 451 29 365 436 854 567 503 389 551 854 306 613 951 640 248 172 567 58 590 516 83 186 195 338 996 785 205 550 630 80 772 468 432 601 258 942 170 446 372 816 590 149 662 63 637 962 165 297 969 392 11 259 584 873 943 20 169 914 124 747 888 999 207 906 985 592 296 24 253
156 347 966 626 986 791 657 390 85 785 812 325 835 613 489 35 12 756 238 85 938 796 895 495 687 712 436 727 445 354 547 774 459 432 368 390 680 5 445 374 6 902 301 274 851 776 138 698 300 495 862 779 326 448 639 31 309 349 404 37 169 588 791 108 496 557 879 749 548 828 320 288 753 410 299 643 559 144 580 960 676 796 910 819 280 544 583 23 176 492 348 337 115 178 387 160 769 362 852 417
886 234 590 83 730 134 255 227 54 671 580 906 475 720 912 240 791 445 325 738 794 866 100 520 330 773 332 918 235 66 422 538 911 866 422 853 919 800 724 132 553 211 477 682 852 341 71 568 762 450 242 910 345 684 100 185 492 943 623 738 823 738 783 854 299 700 562 715 466 351 847 957 572 500 672 336 781 639 367 359 54 411 588 688 505 963 553 468 293 112 588 523 634 324 539 701 753 620 856 727
928 559 736 52 605 692 665 851 796 399 84 377 422 441 509 709 77 633 862 299 847 587 711 757 299 411 627 221 925 152 917 722 715 22 485 770 121 179 17 998 548 762 987 784 296 518 498 95 903 547 588 804 856 676 717 258 822 549 904 142 660 943 735 584 317 263 52 170 566 582 48 539 22 570 243 462 395 582 744 417 437 301 44 913 884 295 427 592 188 564 157 571 823 422 863 744 996 708 4 382
450 653 889 910 526 985 103 318 962 359 141 539 486 620 215 685 169 205 379 369 198 957 135 107 320 544 372 973 876 29 283 863 182 781 43 531 344 36 71 858 157 746 211 940 664 15 614 143 571 0 2 2 815 618 704 562 208 29 64 946 74 307 961 993 305 209 523 536 719 954 121 384 422 367 341 643 84 783 653 158 616 819 639 593 260 150 365 8 196 196 364 491 880 255 888 763 378 892 698 260
524 403 955 540 549 818 923 611 767 267 67 600 789 296 328 92 72 457 823 721 803 255 142 829 106 145 135 738 625 46 275 360 134 873 892 698 828 288 837 501 647 274 384 792 362 78 111 815 389 984 17 707 302 915 996 426 360 917 956 940 975 63 205 760 30 218 485 351 167 32 21 807 534 959 994 173 383 824 665 754 337 929 298 287 256 79 521 561 503 513 584 169 286 514 907 410 526 538 602 486
426 288 887 489 908 230 747 341 95 260 383 419 176 171 742 717 938 780 950 585 407 714 209 805 369 939 926 896 286 160 603 309 206 462 313 394 1 705 146 347 558 537 131 125 768 338 47 125 762 785 870 704 48 384 285 686 756 287 712 185 218 20 363 595 199 802 898 175 214 20 362 322 687 197 859 236 788 28 906 571 685 765 381 83 406 452 95 758 808 386 316 774 157 870 276 45 296 684 985 754
751 584 91 289 244 501 687 95 917 518 818 829 565 782 876 176 189 15 544 804 39 288 830 668 467 628 261 423 955 896 909 375 212 692 892 946 435 869 555 350 833 706 888 243 176 741 282 755 281 106 609 559 164 791 879 225 179 230 200 905 53 268 239 593 935 415 579 692 351 952 440 643 440 281 845 972 698 780 193 752 199 380 714 561 75 364 100 466 596 532 293 274 615 774 965 276 743 265 521 207
870 385 934 904 641 485 927 594 162 772 371 742 317 977 202 300 575 535 7 180 917 153 119 313 650 238 152 657 358 756 97 903 240 432 733 249 651 441 463 877 862 883 128 365 312 368 306 700 432 841 760 556 272 285 342 563 988 587 838 674 805 111 405 21 110 606 862 570 870 440 208 938 939 297 773 101 144 489 987 369 816 496 508 436 346 461 521 935 500 122 377 707 236 952 531 584 258 237 289 469
562 230 82 733 593 980 399 28 262 626 903 66 147 722 29 734 871 756 138 257 874 699 935 420 677 635 708 492 886 214 194 860 926 757 580 612 523 946 177 99 540 140 209 346 315 56 294 126 900 715 297 264 395 876 139 125 412 256 714 700 238 498 865 924 401 241 171 179 881 228 355 625 591 414 839 599 18 493 822 350 245 783 748 286 983 157 967 192 76 185 410 135 858 65 306 268 973 93 320 962
95 796 988 153 103 826 846 349 644 517 941 581 860 793 4 522 75 957 788 591 425 706 548 938 624 495 933 767 861 547 975 695 681 881 341 208 483 225 726 763 293 373 639 930 690 11 873 372 534 696 906 332 851 577 551 145 498 34 324 502 931 130 387 890 30 645 238 389 609 583 159 2 782 741 162 628 739 812 729 623 602 293 383 507 734 789 782 4 514 924 133 357 587 222 412 736 624 813 627 274
443 504 217 99 446 574 319 142 610 365 741 901 906 776 622 582 140 718 508 658 172 880 524 941 242 358 924 461 123 556 301 121 661 469 684 769 888 658 619 45 997 201 191 554 38 427 501 751 177 771 447 872 232 172 90 910 302 33 532 912 872 750 750 572 797 534 857 588 272 267 601 730 941 981 934 363 103 724 827 918 329 127 354 125 305 264 58 986 173 497 652 30 516 272 222 109 719 400 992 569
899 964 73 55 698 147 651 623 406 216 296 880 627 15 928 592 863 893 922 584 200 442 571 60 628 687 277 70 983 368 270 419 496 842 435 291 783 984 606 215 636 357 34 420 661 330 50 413 507 974 853 98 523 456 379 841 36 270 973 501 250 128 787 47 811 510 725 596 672 905 914 654 15 382 639 673 239 752 490 692 476 553 495 775 317 56 115 72 97 537 924 713 980 811 327 141 749 84 517 845
990 905 820 498 139 437 940 599 721 381 875 497 978 633 589 90 40 634 943 651 410 778 246 165 490 844 143 724 757 784 309 388 696 404 647 448 762 780 829 261 124 202 342 192 424 515 365 198 438 151 756 841 840 152 601 522 832 732 412 724 70 943 617 871 403 76 357 826 990 749 647 196 437 44 727 408 784 511 938 931 621 640 272 434 59 146 812 960 746 511 146 131 991 353 626 729 914 692 148 699
980 848 182 700 852 168 513 773 667 952 717 136 517 236 971 172 79 484 588 44 321 103 788 335 591 796 821 621 608 800 905 93 377 34 827 998 655 222 188 134 54 550 718 995 959 405 403 317 663 223 14 934 130 163 851 908 731 103 770 429 301 814 222 729 760 422 361 19 136 639 555 692 834 778 914 97 931 250 538 98 445 199 227 436 573 265 243 454 264 522 758 438 239 485 762 955 212 411 16 700
251 146 835 111 838 645 791 453 12 289 164 928 755 310 916 163 816 187 763 65 931 0 571 317 824 266 131 482 149 180 287 515 295 859 52 812 645 85 648 877 632 242 841 343 128 33 914 125 940 19 494 985 327 620 249 268 332 909 190 351 779 474 380 570 209 717 856 632 452 292 457 335 559 659 378 980 152 334 408 508 874 72 600 66 582 443 997 113 322 915 729 160 487 823 622 284 512 931 494 8
719 504 475 54 777 890 570 10 944 66 555 389 120 510 102 163 803 688 839 935 601 380 726 680 131 811 106 489 997 318 242 543 671 885 548 543 526 127 178 726 114 700 420 780 960 154 638 335 263 836 760 464 885 591 195 569 289 812 424 779 137 987 282 277 610 549 884 967 914 432 368 844 863 212 345 180 732 497 148 240 683 519 212 857 520 41 771 722 907 727 711 534 553 975 122 777 468 518 231 801
248 717 254 677 786 29 512 949 11 53 749 94 116 356 769 636 706 244 546 979 633 958 915 212 677 955 817 731 745 750 656 306 409 912 449 776 426 478 911 434 146 754 809 55 82 248 969 828 38 507 119 654 613 352 734 188 426 237 812 990 923 87 569 152 456 321 846 129 276 682 637 693 244 899 585 750 63 522 340 519 235 894 522 239 281 394 545 9 761 710 556 757 275 230 257 843 568 743 327 514
456 191 268 914 668 194 885 771 193 211 740 55 325 73 841 197 142 952 83 197 362 81 474 399 537 887 158 875 627 435 388 494 92 288 859 394 295 459 163 572 260 508 323 147 971 85 487 827 284 36 631 697 296 674 449 262 908 784 299 489 429 309 774 794 440 46 499 205 573 561 732 429 415 445 263 793 51 481 699 789 704 945 527 255 657 748 648 109 605 37 850 950 410 930 492 512 444 705 549 777
9 993 180 36 803 68 708 471 597 807 379 107 245 824 563 944 343 743 400 730 833 461 979 35 951 467 347 471 372 798 197 276 350 468 103 663 524 117 291 678 703 21 691 194 420 267 366 140 896 343 258 589 691 457 563 74 887 595 389 684 472 63 1000 484 131 374 254 492 702 59 643 696 859 911 717 427 768 189 423 466 318 79 42 87 901 42 862 10 832 421 595 34 984 218 856 652 161 724 486 927
223 932 536 672 274 763 567 192 600 57 287 11 644 784 532 895 847 39 689 404 434 92 56 936 620 520 398 435 753 390 843 229 226 440 254 392 99 379 6 905 444 282 640 233 586 616 525 705 658 901 468 198 889 198 974 705 911 515 476 440 808 267 496 483 414 187 850 639 484 765 393 156 0 912 363 655 687 34 50 668 888 286 683 481 76 405 879 195 502 983 876 461 983 583 551 935 168 72 224 983
156 963 360 751 203 643 558 511 879 732 230 199 19 754 784 754 320 798 422 189 318 946 56 795 577 219 972 777 546 646 211 272 540 220 279 270 821 810 93 461 540 749 267 949 212 619 83 725 852 928 704 283 721 523 432 491 907 437 126 296 48 304 214 112 994 900 981 170 109 280 140 210 298 676 366 162 778 572 262 35 56 283 624 991 168 472 576 390 276 155 736 189 344 219 941 528 328 287 278 777
254 218 879 553 883 887 64 885 625 983 87 79 860 86 418 114 863 724 463 704 301 972 993 366 775 901 396 941 974 544 959 399 961 209 433 391 359 419 332 349 367 519 601 681 52 38 565 106 423 90 411 271 768 300 681 493 761 895 992 711 299 680 897 477 154 139 442 560 849 988 117 730 593 707 114 375 524 583 770 372 989 139 706 923 24 102 387 246 613 409 618 17 168 588 168 284 246 856 736 180
113 746 89 870 826 776 134 668 434 373 682 425 795 678 857 298 226 880 831 272 338 953 706 278 398 387 151 256 665 421 635 475 188 994 18 327 487 33 102 252 489 260 783 848 226 73 66 103 851 790 431 963 496 58 241 919 889 689 184 119 215 507 512 403 351 680 351 509 741 261 203 534 13 580 522 63 937 629 334 820 414 167 699 343 347 29 672 946 965 8 503 666 201 105 288 401 147 662 279 993
26 861 95 280 161 140 896 770 670 532 711 160 723 120 239 521 746 448 627 972 380 598 958 287 538 784 866 187 581 860 560 122 11 809 728 864 2 908 40 764 433 977 101 661 677 406 285 750 657 185 452 320 596 975 98 676 458 955 170 215 517 625 380 67 643 971 334 665 171 72 683 757 270 394 201 318 660 789 195 944 980 431 698 132 712 998 473 2 479 393 493 712 765 134 181 997 394 844 649 726
606 357 868 484 79 628 887 47 452 241 226 467 795 407 921 368 45 393 551 926 979 366 521 563 500 299 916 676 505 483 106 663 528 12 474 427 850 502 345 647 538 808 82 731 72 352 915 659 486 134 348 733 207 213 198 787 371 415 407 473 848 795 362 219 946 902 147 509 158 896 668 577 42 982 950 227 991 24 302 141 261 294 232 914 517 344 507 856 406 875 581 243 307 644 402 726 269 948 883 169
980 222 54 708 364 776 949 317 550 736 660 607 358 488 171 93 158 190 333 434 580 96 907 297 176 286 337 387 314 394 664 305 561 179 81 667 819 784 360 993 174 74 618 745 543 630 874 381 536 204 599 39 299 94 798 260 764 972 658 810 295 324 948 273 21 928 750 865 749 130 679 78 606 99 148 246 401 741 219 229 197 624 892 312 415 206 673 980 758 206 959 769 68 911 363 865 194 835 471 98
288 216 923 892 461 240 627 607 4 183 316 42 245 967 536 497 707 689 603 731 227 109 494 847 326 635 681 550 442 782 996 233 850 250 743 239 83 424 694 699 294 642 221 277 961 528 210 420 862 821 528 244 501 937 11 40 523 506 296 601 410 300 828 709 96 654 627 297 64 614 203 598 3 738 85 152 854 855 916 826 755 175 992 209 504 762 739 178 923 455 568 883 288 699 505 992 569 486 599 743
