1000 100 100
305 790 820 678 138 75 598 205 464 904 63 3 458 161 369 115 142 984 722 55 137 662 995 842 122 169 715 614 822 92 927 53 216 707 263 250 699 971 124 103 64 168 870 488 493 80 571 68 133 372 771 179 486 276 973 115 366 866 854 484 844 981 579 705 427 520 333 226 326 258 539 681 934 387 205 750 215 933 48 841 714 367 368 150 690 186 783 328 717 971 557 290 771 310 743 422 603 58 42 936
640 113 572 309 713 104 406 718 286 182 154 647 715 472 591 85 180 770 141 125 317 845 808 381 958 895 719 0 490 908 947 33 763 163 948 355 67 240 886 688 362 376 239 157 499 521 61 70 666 333 612 530 630 571 370 206 209 543 801 23 538 356 867 757 670 569 40 631 164 338 69 994 336 527 786 243 275 892 141 899 998 858 699 975 558 766 774 347 514 70 174 997 913 639 853 797 193 184 512 371
232 576 942 373 112 808 390 126 747 757 262 845 136 172 263 867 768 345 951 962 147 307 16 106 805 448 529 213 658 283 324 138 995 445 931 657 61 589 661 379 348 932 447 741 125 884 124 877 903 495 945 192 551 164 798 823 946 439 230 282 719 703 564 600 403 967 866 14 634 772 67 370 82 549 514 561 94 677 122 396 560 835 885 360 588 189 943 409 977 101 824 746 338 952 49 255 258 439 326 144
397 476 879 437 438 187 413 263 145 52 875 613 578 317 439 668 717 208 302 264 956 116 215 717 241 59 320 816 528 981 432 642 969 412 189 770 654 845 772 869 978 793 956 194 674 630 229 879 167 307 655 697 494 968 748 800 118 429 969 364 791 869 574 957 513 678 760 519 840 264 236 567 197 782 829 994 122 608 280 805 407 111 954 472 50 166 729 861 241 128 495 57 751 270 64 758 913 485 248 869
875 469 737 461 533 490 931 21 738 706 428 485 321 437 592 271 21 436 702 750 353 481 623 677 526 651 139 478 283 351 319 375 182 375 56 130 39 554 666 231 825 432 713 826 884 688 227 835 959 196 201 524 750 816 779 398 90 18 65 921 14 832 716 613 488 921 427 724 519 725 384 311 445 729 865 163 188 55 45 521 28 385 156 221 726 888 626 940 997 61 446 434 95 442 141 300 233 34 653 966
194 146 529 667 570 190 587 576 236 110 968 576 363 473 687 726 224 567 911 777 575 213 144 563 858 876 12 374 472 701 673 972 856 897 148 713 916 252 553 698 594 949 811 735 821 595 617 655 15 340 271 141 562 771 626 499 914 699 487 13 398 507 418 19 947 333 396 557 440 798 797 777 141 324 828 750 782 140 618 55 896 821 76 333 236 361 351 641 522 324 961 94 334 766 542 269 205 880 380 922
929 969 268 871 60 219 917 588 972 739 232 226 874 114 20 11 840 640 691 705 762 330 709 948 939 281 5 26 934 301 532 149 821 889 177 773 929 820 382 746 46 375 569 288 890 721 913 183 597 952 51 927 304 841 404 246 283 68 153 668 656 989 943 536 554 622 445 607 642 67 550 407 493 366 653 363 371 350 630 840 54 204 807 215 816 538 465 426 864 79 660 908 981 356 71 398 953 694 246 2
714 376 241 510 881 286 239 665 334 968 207 901 317 720 484 301 61 418 958 495 451 61 799 305 688 893 508 726 546 354 689 652 248 235 647 948 341 525 639 537 242 48 555 589 799 337 970 356 362 111 176 513 894 478 58 808 225 639 725 642 838 122 28 432 740 767 10 988 267 638 506 487 446 758 948 232 736 497 863 275 930 806 110 569 217 184 170 482 172 752 125 843 928 232 620 854 372 178 729 690
744 92 789 473 869 472 397 597 109 583 935 747 473 228 789 140 427 48 742 459 826 713 318 974 967 632 738 860 286 449 771 876 982 396 369 227 540 752 965 794 445 447 589 560 48 151 430 765 867 87 533 70 538 498 665 661 329 354 432 608 727 729 884 91 59 950 199 653 172 199 884 686 984 677 131 383 517 856 10 816 385 899 236 607 41 554 173 42 712 389 206 921 440 437 229 352 942 0 944 179
478 999 746 987 16 163 943 865 78 13 740 239 66 791 639 755 281 975 676 503 278 706 655 606 985 139 999 9 200 879 116 763 478 235 277 212 160 122 520 332 187 409 951 505 867 725 548 356 771 370 322 731 675 542 738 618 353 452 707 131 802 212 493 435 647 921 827 231 563 574 437 415 200 892 101 461 815 752 916 329 300 76 742 903 972 225 678 604 699 708 806 757 635 114 982 593 522 507 774 874
940 273 786 222 271 6 386 918 991 1000 203 824 405 964 644 665 641 996 321 290 776 60 782 812 721 268 338 940 40 603 431 878 617 721 301 639 928 280 306 252 724 878 613 786 236 921 132 128 690 297 265 205 107 246 482 169 773 181 151 278 988 811 164 789 720 179 832 745 772 583 338 379 201 855 672 935 89 311 791 322 698 393 480 540 906 265 626 551 828 228 759 464 408 484 644 466 674 787 590 725
922 168 375 758 981 123 170 74 319 675 94 63 339 919 619 662 346 886 693 102 477 107 355 666 713 749 923 913 268 432 82 282 158 151 778 582 16 205 936 651 444 585 151 824 40 829 904 813 576 871 483 510 698 506 924 477 372 567 954 109 282 426 908 890 316 539 215 321 107 578 895 677 149 583 509 486 135 846 147 376 126 234 484 929 453 615 322 510 61 158 40 611 598 223 94 924 761 739 17 999
376 539 602 742 95 665 420 672 155 892 179 298 52 656 420 353 684 659 647 521 843 555 597 748 182 815 382 22 235 592 507 11 266 244 99 330 817 909 565 632 916 867 376 952 716 958 315 393 10 543 400 654 892 94 553 81 465 665 636 901 59 406 535 815 721 976 230 756 419 538 477 231 970 825 283 725 510 739 546 526 396 922 488 250 724 802 945 279 386 61 175 957 375 209 649 212 876 576 543 745
247 32 735 436 313 887 682 675 526 805 619 837 643 170 49 290 480 578 446 928 231 384 756 793 829 503 459 76 818 25 59 733 624 120 74 951 469 835 399 224 471 614 93 549 869 373 901 405 229 355 971 580 654 52 462 379 484 386 685 534 466 749 21 304 596 154 347 466 344 235 641 917 184 948 881 705 465 954 785 952 842 554 333 753 213 537 222 482 7 141 584 699 814 667 354 837 825 265 952 184
483 128 780 326 520 773 712 866 903 476 197 514 800 986 936 818 220 636 627 321 697 510 818 700 573 966 215 379 523 324 928 682 33 335 21 424 823 281 226 156 791 480 556 705 613 416 792 576 179 408 445 309 101 813 21 846 972 165 127 459 495 325 82 977 835 123 163 506 755 197 173 227 992 683 883 652 437 114 445 545 496 418 856 335 766 905 869 142 994 799 299 962 479 232 442 926 309 618 849 755
319 975 742 646 327 115 317 932 634 463 44 102 514 171 544 374 371 611 655 620 541 617 995 856 410 421 632 691 322 471 89 24 358 255 461 1 231 251 744 943 35 909 394 383 457 406 709 81 886 953 54 527 846 613 6 351 40 206 520 343 466 95 793 991 891 806 508 311 759 980 875 8 417 10 9 898 138 624 436 705 476 765 863 502 542 696 438 0 740 473 760 482 642 688 704 514 98 184 898 899
625 833 138 180 976 111 768 546 533 688 432 866 316 971 581 702 761 406 43 450 417 192 227 562 168 737 290 254 775 558 256 721 939 356 772 44 829 154 994 413 867 793 246 895 787 266 539 521 379 809 309 342 300 213 596 532 276 119 769 13 287 381 70 729 145 73 952 385 503 307 749 555 273 479 843 423 101 407 758 819 354 821 433 850 749 14 981 840 699 805 593 688 229 748 187 412 93 849 735 759
601 625 989 603 219 221 803 609 923 433 703 607 599 659 9 411 412 190 834 964 115 450 160 140 791 492 113 183 753 179 398 868 102 302 266 24 633 614 674 664 989 987 770 168 971 988 597 834 701 868 91 20 392 951 989 709 382 63 586 983 132 743 251 446 528 433 805 328 404 450 194 849 542 172 333 723 870 461 32 769 456 720 774 205 334 992 336 401 447 908 897 634 143 761 565 374 992 896 588 819
776 362 9 366 463 338 37 81 12 11 208 987 335 768 633 663 504 228 630 475 331 764 442 783 958 130 383 243 878 98 40 976 791 585 85 411 674 734 1000 504 438 975 384 503 615 221 80 990 966 128 24 141 15 607 655 56 519 270 225 152 751 193 377 245 587 792 34 164 936 126 55 796 390 463 774 878 750 799 137 90 690 791 593 942 32 26 687 204 21 919 709 563 153 391 492 687 398 864 855 683
532 413 718 380 27 345 742 535 765 756 312 867 801 571 755 450 36 134 431 561 117 382 321 146 642 249 599 995 925 493 44 883 413 40 544 483 601 216 196 719 567 61 626 692 514 16 449 438 408 207 632 637 523 932 792 930 522 148 56 468 860 200 264 943 748 299 610 949 80 756 646 8 639 178 759 326 261 661 242 911 52 411 180 535 232 833 71 256 96 408 722 424 861 352 9 146 925 897 430 973
975 607 833 651 436 567 424 706 978 583 767 638 987 265 787 348 834 140 101 529 487 561 449 912 533 666 227 385 424 514 627 839 688 711 918 85 394 116 132 509 355 774 981 7 40 840 836 945 598 926 470 305 954 232 486 591 142 721 979 533 282 224 135 219 294 300 589 765 92 440 900 656 367 63 956 479 695 651 710 948 783 414 588 987 896 979 393 841 872 739 562 802 975 518 357 396 186 626 857 618
248 703 993 792 710 333 963 786 940 391 17 285 469 707 927 367 728 896 318 769 745 642 607 303 16 187 817 580 888 119 907 755 717 934 56 722 906 565 803 388 548 223 640 181 942 751 467 361 752 722 607 902 16 239 900 722 438 712 851 809 21 699 896 225 981 820 925 605 411 717 446 221 441 835 878 856 621 240 650 376 386 801 894 203 279 183 665 279 966 141 744 280 937 429 385 653 220 1 217 766
568 964 664 186 615 399 218 940 976 49 577 310 648 962 500 44 365 618 468 364 666 699 313 413 254 987 194 680 489 565 335 152 221 443 548 615 859 511 637 410 432 268 587 37 374 985 517 380 261 838 782 765 123 251 843 191 890 319 122 306 874 485 919 595 530 921 356 186 498 539 425 529 553 28 738 883 482 983 184 874 573 741 274 841 953 640 243 762 218 672 427 155 183 581 815 585 54 702 493 748
488 780 81 786 777 868 509 21 787 478 452 292 685 707 673 802 282 557 635 976 177 816 240 653 673 61 118 774 603 774 631 560 68 769 506 846 105 608 413 620 438 471 562 417 566 129 676 639 251 991 899 171 954 411 317 329 755 331 54 490 698 903 935 413 707 365 572 926 240 50 875 597 232 937 781 255 429 803 654 481 839 559 394 994 200 361 271 173 457 200 943 520 719 608 904 39 15 927 782 163
873 949 846 717 343 898 969 357 466 514 143 877 86 97 386 659 566 486 13 709 536 809 554 685 526 467 917 22 214 240 909 343 361 632 29 565 435 945 888 432 667 518 922 212 217 22 239 63 926 917 89 956 963 711 542 526 860 880 943 208 47 290 642 385 907 153 520 487 351 427 204 960 761 751 536 437 790 697 956 783 582 695 341 97 152 800 7 324 2 604 522 631 755 386 122 237 810 169 945 605
982 484 732 331 343 652 71 140 939 747 93 483 374 57 600 431 677 521 342 770 954 661 533 559 842 340 614 257 761 968 92 518 2 301 295 176 976 499 809 241 315 316 853 937 682 372 786 300 289 634 310 639 499 959 358 719 493 867 675 779 18 648 787 643 465 838 700 947 531 300 92 188 963 750 993 747 342 904 527 282 12 962 470 893 178 172 253 150 671 740 761 822 150 546 701 56 670 701 206 983
251 834 8 954 410 344 255 718 195 904 879 455 466 479 745 515 485 629 396 977 439 661 434 705 134 59 868 340 10 725 43 178 815 530 867 128 710 719 553 975 505 171 793 803 135 908 749 953 652 345 135 248 27 517 407 5 494 401 285 325 766 2 640 718 35 318 708 598 265 143 921 216 297 5 212 318 605 44 171 521 35 753 50 732 679 584 43 614 298 188 820 881 288 53 814 649 693 224 551 686
470 749 191 12 729 617 806 237 518 379 297 676 691 73 653 128 877 526 838 179 969 754 394 582 693 310 901 754 495 194 441 440 306 27 176 915 288 286 230 438 876 734 956 380 430 856 942 305 812 940 231 613 974 903 385 943 440 700 282 247 704 766 596 361 849 416 890 652 487 282 804 696 413 970 619 276 462 917 177 292 129 107 197 420 218 739 866 937 307 636 679 429 1000 989 154 465 392 127 496 401
440 588 511 857 884 142 155 536 107 453 387 546 932 218 119 389 489 469 661 435 984 657 249 642 631 108 560 208 923 467 684 32 988 247 493 982 704 144 387 198 444 7 363 110 205 393 209 330 450 772 669 292 306 761 800 182 705 488 949 332 784 606 441 204 115 921 667 857 525 131 982 367 123 705 998 852 278 793 432 9 707 426 579 752 540 40 197 867 478 105 195 801 862 719 8 732 314 716 416 422
301 230 80 932 350 603 731 754 43 254 760 861 516 918 813 899 647 484 569 480 203 695 269 222 316 903 308 141 586 598 301 646 807 650 837 532 460 263 357 231 340 169 667 392 373 136 412 813 936 156 275 803 554 145 230 736 14 790 374 159 839 325 11 296 432 960 630 142 830 28 937 856 225 361 222 992 954 528 608 424 230 164 460 421 165 241 174 412 657 166 89 763 427 29 554 69 792 652 375 448
448 832 805 209 728 71 764 398 981 124 42 850 322 503 382 175 610 364 731 198 236 772 315 797 482 573 853 131 177 315 170 756 137 431 92 601 642 208 296 489 49 41 916 141 225 158 995 460 460 675 379 184 931 886 101 964 322 302 774 163 875 883 838 413 747 891 783 411 687 298 338 866 39 442 487 112 840 743 147 451 188 20 507 148 456 7 815 581 877 585 685 415 331 283 255 360 110 830 948 226
780 595 202 156 425 901 599 582 813 762 409 466 741 43 754 94 816 700 731 108 966 42 504 96 667 528 914 401 238 129 189 894 96 471 158 379 784 873 678 844 486 360 480 673 63 199 53 233 200 839 956 845 844 320 375 355 516 883 61 13 401 574 417 299 15 118 512 444 974 738 236 146 563 876 525 879 982 544 859 138 250 243 188 858 293 525 257 275 292 266 956 220 982 470 585 891 142 403 421 425
947 662 338 458 764 348 848 434 55 434 670 336 8 374 785 722 781 687 761 453 332 203 315 416 329 21 251 391 411 879 698 628 697 411 182 348 704 855 878 632 615 393 755 309 969 464 717 727 81 792 704 514 358 67 325 55 554 653 407 986 317 23 195 817 513 101 660 125 423 600 607 933 288 211 887 680 357 48 808 229 811 715 566 25 889 419 858 415 684 622 525 328 803 205 745 184 265 581 709 946
113 477 486 785 92 657 664 217 216 705 689 842 849 631 730 644 220 891 165 912 405 452 272 351 102 666 613 453 166 694 859 411 4 300 118 775 215 638 768 888 196 961 776 794 239 650 139 12 497 723 934 658 669 780 381 946 231 336 992 125 252 956 355 695 428 545 499 331 639 129 180 756 61 631 479 927 481 963 22 648 46 315 710 549 389 342 854 86 276 696 751 409 560 668 358 219 856 116 712 723
356 704 203 697 245 705 8 319 650 340 571 15 302 76 985 702 868 637 640 872 675 881 161 656 507 181 342 864 518 624 856 842 182 357 789 147 12 320 364 228 15 359 581 516 160 684 313 282 878 686 296 538 334 741 293 159 157 121 279 595 578 303 596 8 829 333 900 755 269 418 103 470 443 118 350 183 841 546 808 552 87 414 487 122 277 934 820 653 794 87 795 726 967 345 328 732 423 240 584 727
240 872 953 334 388 524 118 875 223 266 179 191 602 73 373 405 536 164 8 466 65 530 713 111 935 703 154 24 596 359 735 712 500 732 55 953 224 416 334 332 829 565 20 388 853 825 346 340 410 980 967 662 766 447 779 797 517 230 831 762 544 581 523 605 746 636 755 354 840 219 809 281 677 15 420 845 145 506 565 480 889 575 226 441 663 37 551 184 506 120 423 87 131 110 907 119 269 193 975 408
272 314 201 279 51 387 805 177 359 722 717 23 846 97 174 999 504 589 170 497 329 922 641 833 713 89 982 833 419 480 857 553 392 964 847 688 697 862 900 209 782 187 971 9 425 295 331 719 720 821 509 125 65 496 320 523 438 761 256 864 479 407 22 805 716 982 796 592 251 105 667 383 2 544 989 917 897 390 753 810 108 976 71 807 729 457 94 374 46 407 672 426 312 562 509 203 561 467 522 570
589 603 305 946 796 256 327 239 866 176 638 564 170 970 732 215 349 360 187 808 390 345 788 418 618 593 191 232 399 709 739 140 2 453 397 623 811 987 829 891 205 544 471 145 593 736 939 345 76 832 609 783 434 256 634 635 289 710 370 450 189 344 452 78 553 532 307 872 519 476 549 218 654 870 449 678 467 673 6 7 472 461 633 785 100 13 44 773 407 791 621 882 650 985 135 5 416 750 159 943
970 577 695 581 500 834 872 833 86 738 402 369 587 953 568 256 974 562 626 158 80 407 77 971 914 581 662 662 930 590 331 69 131 656 277 543 667 622 469 758 306 962 645 572 690 817 794 750 936 730 600 556 264 344 535 86 534 235 719 575 6 674 9 171 685 573 840 801 960 769 412 695 195 216 616 175 322 282 133 821 19 177 745 794 299 82 566 695 801 1000 998 931 672 671 739 782 841 500 527 536
319 179 934 885 311 917 181 941 66 772 727 612 354 638 295 983 888 414 696 772 599 283 567 179 323 362 270 74 948 311 818 613 194 433 127 832 899 182 918 508 111 427 602 672 78 315 45 922 33 287 450 760 981 221 147 689 97 489 869 83 413 47 342 633 887 40 341 990 92 996 928 386 244 766 829 740 577 86 448 600 712 479 594 862 734 441 382 685 473 387 137 429 102 156 528 617 615 489 550 189
89 491 354 820 546 552 952 231 382 210 779 323 844 209 583 622 68 100 236 194 142 316 793 867 206 199 512 819 81 149 268 190 915 377 974 980 308 342 719 924 846 823 503 992 471 27 221 471 709 140 571 253 881 635 716 418 738 45 559 848 812 952 226 147 232 955 556 226 555 290 513 61 813 746 170 836 963 624 893 955 128 829 932 309 833 250 570 888 122 998 883 550 111 807 632 977 603 599 165 583
441 332 273 430 141 890 925 166 740 540 230 914 290 651 947 963 989 30 684 367 441 767 734 229 171 948 51 585 14 829 53 75 57 274 616 744 194 219 602 635 593 804 212 923 296 166 5 385 480 928 15 956 325 797 970 248 402 416 982 588 51 826 965 901 788 570 933 150 800 166 976 303 434 987 754 708 647 678 236 853 434 222 666 595 364 208 914 617 857 999 400 787 421 37 282 628 525 507 55 116
393 259 597 144 77 984 729 733 920 382 320 628 237 864 212 896 866 66 467 513 678 519 29 314 0 358 223 332 727 307 472 761 207 761 846 125 384 346 817 901 948 473 460 516 344 22 403 519 280 472 44 204 364 674 297 713 865 243 236 934 669 451 998 406 886 980 723 169 925 595 445 821 420 441 688 528 435 408 719 924 69 504 514 116 424 913 38 438 462 616 484 896 255 760 157 129 181 67 238 141
639 892 39 585 210 797 319 266 402 238 493 451 664 25 653 371 955 610 257 593 889 560 513 436 620 576 631 447 635 858 639 701 542 903 539 642 818 14 587 308 100 193 377 814 56 859 89 143 600 52 860 943 284 984 595 229 789 616 662 178 25 840 455 335 430 909 326 545 251 488 10 122 873 965 522 789 50 478 435 689 221 969 810 506 542 34 783 989 705 337 153 804 499 406 941 610 651 401 620 778
853 278 509 554 226 441 507 173 90 332 911 23 116 475 68 158 853 521 444 929 701 935 840 764 883 528 186 55 983 629 115 883 349 926 274 617 302 37 441 510 393 831 399 49 150 878 797 983 981 230 893 317 509 389 317 898 462 664 242 938 851 176 522 617 841 652 411 603 528 631 586 387 765 980 158 183 564 285 172 232 434 929 828 901 878 363 484 920 220 95 174 508 718 478 429 561 598 570 960 7
611 34 399 703 967 527 796 0 886 878 708 485 31 230 546 149 456 328 751 961 437 177 898 251 956 702 860 706 440 301 921 235 54 515 340 662 758 706 466 53 474 138 994 429 415 866 553 750 135 802 215 378 334 97 601 2 269 112 874 396 903 889 127 448 811 443 28 508 198 582 681 999 832 588 878 283 430 598 683 293 418 955 1 222 631 375 744 59 769 725 927 194 810 898 237 180 475 27 35 347
27 32 66 865 481 600 560 882 463 798 829 591 492 904 186 423 13 127 437 604 510 341 8 13 824 85 717 544 437 929 133 846 529 6 956 803 159 815 90 809 840 683 88 25 425 141 648 503 270 178 571 677 740 669 774 634 628 876 570 144 368 493 527 970 283 690 700 855 214 690 495 420 254 618 524 740 74 984 707 658 575 335 374 157 694 646 228 533 247 404 247 442 572 878 622 849 434 597 494 571
698 746 245 468 51 483 917 394 983 626 296 855 666 500 302 393 211 84 340 772 613 36 936 903 970 27 138 749 358 729 766 785 718 84 705 519 710 979 771 273 321 922 1 146 162 218 902 867 253 942 388 787 764 285 284 858 329 831 576 944 498 163 792 28 578 584 926 19 500 744 691 238 407 653 820 568 370 80 576 436 413 227 446 459 64 940 188 902 23 17 570 13 529 889 393 712 851 560 372 353
519 102 770 229 510 749 991 636 584 301 211 269 456 953 750 444 649 229 429 939 296 778 817 654 204 908 978 383 58 160 582 468 825 531 84 275 482 523 517 852 819 586 298 957 84 952 91 909 523 46 496 375 799 280 434 204 620 194 181 766 154 888 768 364 804 403 288 447 210 671 987 422 891 89 140 945 894 282 26 347 228 156 69 330 885 436 388 425 754 389 390 9 624 880 504 127 905 55 690 42
483 238 257 234 944 855 831 306 613 521 32 44 331 102 612 5 403 571 332 390 341 294 275 327 864 204 588 409 485 642 490 578 357 153 119 733 0 489 361 1 448 138 946 124 399 491 984 459 267 740 684 664 537 743 976 630 195 395 767 214 380 502 116 70 405 143 785 228 845 779 165 735 86 655 276 16 850 622 877 992 963 74 901 873 564 480 817 760 443 997 542 625 817 651 484 834 766 998 672 661
289 926 549 396 930 133 957 740 779 521 640 645 546 93 414 887 79 960 1 969 616 352 819 575 572 274 489 968 778 112 866 553 991 55 305 525 880 555 61 852 894 449 884 964 686 96 425 375 841 544 804 666 675 193 995 810 706 698 66 556 939 762 566 31 962 762 760 935 223 698 293 91 183 143 278 42 363 733 860 849 458 167 7 466 119 656 762 676 768 353 0 634 821 60 696 828 173 577 946 541
396 399 440 821 350 222 294 562 900 431 3 482 556 47 636 519 876 781 756 993 943 758 640 157 790 55 77 133 492 812 834 790 889 344 744 110 773 557 753 793 794 165 522 1000 872 440 424 873 780 437 789 277 544 925 643 381 106 986 382 298 997 890 913 754 725 332 736 458 112 245 829 378 802 860 752 246 779 793 268 973 651 17 781 886 636 304 471 410 613 878 238 48 706 941 743 750 411 988 954 365
270 291 526 782 304 137 616 424 984 67 363 444 618 784 14 870 598 68 986 444 511 771 391 145 775 319 803 592 910 384 515 675 710 194 921 333 99 906 773 634 3 33 447 564 611 513 672 2 188 628 415 421 673 920 420 192 501 268 270 684 997 28 408 272 980 979 245 1 475 105 850 301 171 228 436 955 753 14 624 884 974 416 615 811 489 930 216 806 810 322 897 175 504 755 797 227 818 845 260 591
455 695 99 142 228 194 40 559 340 213 852 624 586 763 5 782 97 661 22 143 421 659 331 5 582 417 111 104 413 101 279 153 603 648 552 518 862 602 846 449 367 25 588 20 684 865 812 70 623 404 183 404 417 198 660 633 272 127 199 311 880 566 647 801 457 178 488 64 268 703 321 508 172 643 440 863 578 732 482 833 101 987 389 34 990 872 136 696 447 146 587 246 888 368 437 466 446 517 180 719
640 225 765 773 919 86 288 189 684 508 442 152 740 530 455 253 564 704 21 643 521 952 746 213 613 978 59 447 571 562 773 22 566 765 28 946 654 224 175 556 533 411 20 945 513 709 955 979 298 651 340 137 183 85 307 700 111 5 414 784 766 442 154 793 671 232 904 388 895 905 174 554 784 277 491 44 1 16 362 260 198 725 188 921 531 466 265 890 291 361 89 545 668 395 869 578 525 294 635 611
479 408 679 761 725 348 654 46 547 838 296 232 705 492 482 745 551 414 72 498 303 278 365 855 326 669 619 824 766 66 160 378 811 709 894 4 405 129 521 764 678 17 766 744 32 576 665 204 225 352 619 44 634 524 629 488 311 263 518 46 940 189 134 83 130 726 233 31 283 539 881 796 606 735 425 913 62 663 430 80 715 361 659 888 156 693 302 401 867 462 806 385 372 574 976 316 195 849 458 917
488 930 21 179 150 867 611 133 250 118 213 937 913 391 167 553 94 214 235 661 937 878 319 417 983 569 627 390 337 557 694 509 888 847 17 789 534 484 200 279 998 182 818 887 671 966 206 42 549 266 974 648 557 307 448 929 473 153 269 530 67 354 488 625 158 362 338 857 961 205 906 696 551 702 522 694 43 572 210 379 204 466 547 292 782 898 939 72 711 610 821 891 533 717 318 688 696 932 245 519
247 635 960 116 12 742 393 537 416 482 655 232 772 993 338 685 138 45 460 280 986 333 895 651 664 907 517 429 446 148 787 139 919 473 105 896 624 123 965 706 59 130 186 836 214 281 132 392 902 252 14 104 184 105 361 701 417 234 686 868 325 92 816 542 338 181 541 841 804 50 551 96 403 679 875 661 390 369 531 707 529 318 617 359 880 465 933 12 798 222 250 335 300 259 241 2 580 559 550 896
529 204 728 585 227 299 743 718 876 165 220 223 772 609 8 934 896 130 835 509 907 869 486 632 452 738 40 483 762 91 912 579 841 825 367 308 33 338 550 753 512 478 781 488 435 181 158 721 820 414 604 61 88 781 971 896 996 792 999 579 318 834 318 793 708 350 689 28 194 808 367 18 825 67 70 87 82 706 362 834 236 108 290 217 910 349 233 716 612 170 12 983 568 924 864 141 625 830 978 461
317 427 700 972 259 286 277 344 939 246 444 750 65 838 673 833 284 144 585 583 115 382 31 883 563 598 125 818 312 290 612 430 556 798 567 5 249 221 18 668 984 781 309 992 688 363 23 240 529 245 105 545 857 228 462 459 878 983 398 247 940 530 222 458 888 313 432 146 667 86 845 362 760 753 213 842 351 332 90 428 226 301 770 771 437 901 264 608 116 859 311 368 927 672 378 428 447 51 310 237
87 0 743 689 719 730 778 904 369 146 747 638 455 172 575 588 784 713 608 388 911 173 91 502 127 464 616 18 0 897 751 104 410 357 788 863 667 622 562 468 666 553 658 474 972 950 607 631 619 403 813 248 600 77 240 828 938 681 366 462 617 905 17 440 463 774 316 224 446 139 232 165 581 380 902 53 573 366 312 232 441 522 631 855 221 440 376 953 552 455 522 430 981 880 96 948 420 25 585 162
470 308 604 233 991 286 495 974 254 693 449 348 800 72 58 549 542 875 609 628 381 739 652 672 561 821 408 946 736 427 330 97 14 169 890 838 889 245 126 833 432 284 994 774 676 120 98 870 213 631 287 86 1000 487 218 784 244 867 9 864 844 776 819 232 403 230 16 503 722 551 158 997 233 588 60 993 342 410 402 368 407 933 574 680 497 770 33 534 186 217 54 769 16 416 859 981 185 335 835 99
23 448 442 504 614 989 358 941 282 628 419 895 220 39 859 74 155 172 69 587 561 812 685 523 387 67 379 951 898 700 813 824 887 145 706 399 161 981 375 671 232 698 1 426 907 208 836 837 822 751 602 719 78 204 787 659 82 432 556 826 645 585 295 807 640 810 646 889 856 907 37 465 624 772 812 144 178 705 436 487 850 775 953 914 720 643 555 285 845 619 13 673 233 169 774 698 586 545 85 873
616 433 330 292 721 338 647 812 440 241 916 686 330 500 799 349 338 404 334 764 192 347 491 707 486 582 339 379 140 973 819 697 150 354 575 177 279 539 160 211 329 121 72 25 126 642 571 567 817 610 145 979 482 91 213 306 204 681 969 92 575 729 796 228 904 845 772 612 618 176 526 271 334 985 545 775 376 529 429 964 758 174 587 464 64 572 979 473 831 661 249 371 262 429 250 449 815 769 432 62
809 351 795 690 892 11 57 125 569 51 111 735 717 553 117 718 977 95 311 48 100 191 291 846 115 412 26 691 560 43 162 985 251 500 244 499 531 75 854 721 472 71 81 31 959 94 211 912 268 71 449 890 522 515 379 158 555 186 5 47 773 21 484 776 345 57 569 430 330 716 815 246 54 960 507 629 753 179 74 118 406 437 678 272 431 419 180 59 625 920 664 888 890 11 242 799 191 900 621 238
425 870 444 445 498 532 449 445 412 308 8 486 648 443 122 508 371 270 572 997 533 727 969 155 219 971 808 851 497 247 548 19 586 595 69 193 762 571 677 457 138 268 780 578 111 577 404 150 849 392 564 323 805 120 724 945 971 816 368 384 93 176 603 895 659 20 779 509 362 519 348 35 450 541 100 548 2 291 543 863 682 712 557 182 389 946 916 429 341 104 337 612 399 258 468 959 208 848 558 704
348 439 13 122 32 485 159 62 831 587 678 642 196 711 890 397 873 819 14 894 680 43 962 176 608 865 218 527 784 72 514 619 511 423 114 475 395 284 230 404 538 347 349 123 652 187 437 259 261 931 516 261 924 885 597 261 665 169 43 193 844 982 6 834 600 982 793 46 683 756 153 409 559 890 947 995 128 474 643 124 446 977 713 471 865 400 998 228 318 972 954 830 370 978 751 418 76 876 438 302
36 272 139 237 565 525 419 413 255 14 985 912 51 96 681 36 246 392 72 244 917 108 901 201 854 256 253 798 57 826 838 922 110 383 886 127 395 477 756 652 195 11 984 220 608 560 600 522 409 25 818 329 840 726 6 424 399 651 557 708 135 550 91 767 175 500 481 406 141 939 904 106 348 72 51 274 621 481 670 22 197 808 48 807 662 267 572 738 627 821 73 656 809 693 501 321 232 559 992 150
18 269 104 862 578 878 397 981 157 815 322 314 666 650 172 968 299 98 664 480 945 988 685 787 34 198 972 416 436 15 305 204 848 858 519 476 930 177 294 315 118 98 950 288 765 643 407 717 385 819 934 923 647 413 582 775 188 285 220 236 658 468 317 85 922 926 860 428 781 290 326 592 981 886 485 168 362 70 275 48 659 552 7 686 433 539 81 662 591 624 704 826 363 732 293 481 450 284 599 248
127 677 791 151 212 979 41 896 573 419 331 908 213 317 768 101 905 387 314 679 381 765 897 587 132 413 724 147 360 297 588 102 172 351 762 764 922 466 321 344 894 929 176 395 954 549 202 558 525 929 983 782 364 630 890 721 506 880 413 313 248 902 109 465 575 279 558 820 8 879 121 649 210 210 939 475 4 2 11 622 799 286 575 317 596 290 787 218 975 101 108 82 2 25 742 16 568 516 723 782
479 447 60 490 727 890 597 23 765 326 654 232 901 578 474 223 607 988 662 13 895 353 689 886 374 283 333 212 37 116 810 715 323 872 130 694 311 566 193 256 483 656 951 45 320 341 371 81 780 375 819 411 518 121 522 567 26 879 803 636 884 760 28 149 415 496 742 534 58 420 285 351 903 857 827 561 668 199 33 160 744 990 402 696 727 968 115 916 916 875 213 810 828 12 896 32 305 225 992 559
650 814 512 357 343 909 471 90 282 105 397 310 136 902 536 67 663 255 822 217 60 628 215 223 681 691 850 358 153 783 354 151 759 809 811 921 139 324 794 145 904 864 993 107 802 632 721 124 258 46 70 952 616 95 492 543 459 127 651 815 567 220 535 513 807 576 204 753 170 317 150 4 352 701 467 712 787 486 638 499 550 322 851 220 759 506 906 250 4 888 748 479 991 883 412 470 105 913 110 308
345 263 574 343 93 100 543 936 936 354 744 800 700 429 361 508 349 666 417 134 613 416 679 374 168 442 324 233 89 967 148 847 600 180 519 172 145 12 212 535 928 67 250 79 361 340 416 885 748 693 41 169 359 259 236 562 621 380 798 422 130 615 253 483 695 464 748 129 449 49 387 940 400 313 179 692 367 832 815 146 209 639 67 123 203 141 109 950 364 250 159 997 702 306 876 215 167 38 52 657
48 272 767 656 908 888 946 257 562 503 462 267 885 524 148 238 469 936 6 131 685 566 476 267 619 416 480 849 130 680 575 915 401 33 903 696 187 58 458 440 388 224 519 751 426 596 797 740 236 477 472 113 156 812 1000 192 740 792 681 92 504 474 168 533 127 444 454 440 286 756 694 97 182 74 68 196 24 823 501 704 802 732 13 333 656 879 689 16 750 250 976 912 220 489 932 406 430 220 703 985
786 610 914 539 82 367 890 83 480 450 640 412 981 335 77 18 200 3 346 69 25 734 329 507 378 749 436 318 120 668 655 318 571 452 791 969 772 566 972 584 188 6 986 359 482 133 989 142 10 355 88 785 371 454 699 815 905 771 42 852 989 164 454 313 483 604 553 440 338 267 95 24 701 98 296 107 288 881 651 113 439 118 605 731 760 821 49 127 305 323 726 380 416 100 239 54 968 512 211 231
619 434 44 750 228 863 968 676 668 970 617 476 918 151 982 60 397 172 548 748 820 660 520 451 895 477 312 985 761 864 574 417 953 269 276 625 452 260 782 858 263 315 862 320 746 762 357 23 938 704 437 710 259 575 115 777 522 302 455 767 52 276 528 146 733 24 122 431 107 654 66 740 127 366 745 739 498 916 607 766 95 252 862 338 266 753 267 480 492 220 592 462 649 583 813 451 334 749 608 77
512 174 55 580 801 811 510 374 541 103 674 773 215 187 283 842 340 716 858 911 788 824 251 349 37 761 236 294 902 531 101 56 940 762 168 138 845 7 769 398 749 429 667 143 892 665 185 759 772 917 848 915 22 948 20 840 66 206 25 758 727 134 682 796 872 478 258 622 143 638 962 946 20 724 184 12 538 851 313 341 909 316 340 939 423 464 760 963 743 77 684 964 706 330 238 635 581 676 58 770
71 157 520 745 352 645 91 746 442 432 798 131 175 493 581 539 134 542 244 748 60 5 833 878 117 562 259 744 669 711 347 878 318 698 98 94 154 694 802 482 656 128 143 231 65 933 963 947 771 316 952 893 517 74 954 639 723 970 678 698 571 826 349 821 116 145 638 720 431 183 367 565 537 419 693 261 102 930 786 920 754 515 819 618 644 442 259 558 603 710 222 643 358 922 596 572 199 713 575 591
91 217 574 758 592 405 414 513 725 923 963 15 977 848 1000 689 898 162 500 116 865 541 816 632 932 278 871 474 471 326 741 474 144 968 784 772 647 341 319 987 466 122 59 567 276 375 644 2 705 180 714 4 485 161 117 248 492 143 298 500 134 979 288 290 564 363 789 780 879 156 60 694 289 917 752 99 267 913 313 325 106 720 536 816 925 763 519 643 704 786 245 530 982 988 414 845 527 186 653 844
647 498 391 316 829 474 921 161 797 737 993 568 232 502 349 36 367 814 167 844 940 236 615 531 492 214 509 67 709 127 69 176 947 496 344 60 566 710 864 496 801 181 266 976 69 484 508 548 996 772 998 737 12 342 725 358 650 731 54 877 614 915 663 750 822 446 555 477 612 195 197 310 171 928 331 716 224 964 879 90 314 757 112 777 40 897 218 459 681 246 675 405 363 107 968 19 548 317 615 270
573 348 608 793 387 507 589 240 870 341 980 195 778 587 147 443 755 59 922 60 391 280 245 611 607 460 711 268 237 976 793 941 13 19 76 414 595 176 760 848 172 705 795 913 778 833 28 465 649 434 870 257 398 501 616 616 868 884 763 583 795 695 278 931 826 926 594 121 182 13 954 594 918 272 963 553 633 31 515 948 839 826 163 399 648 46 33 816 238 310 738 644 908 610 62 6 828 527 131 798
479 80 887 128 830 695 965 88 754 140 37 199 896 151 973 861 103 717 137 171 3 49 321 331 201 877 330 669 542 24 666 534 54 153 258 541 891 476 537 671 675 745 640 296 881 650 39 26 503 502 244 608 819 484 139 26 703 350 455 829 22 206 956 896 578 617 322 487 769 91 257 700 731 728 714 483 246 584 861 133 104 309 328 472 383 796 851 954 132 385 825 884 96 240 339 324 521 594 841 16
171 875 576 268 837 13 834 512 828 274 320 750 54 759 309 21 51 987 614 476 178 391 938 83 449 746 971 823 357 489 649 566 430 800 556 885 117 170 816 631 370 786 414 922 976 375 237 473 628 202 882 485 271 479 547 753 790 860 665 3 659 471 700 123 392 590 46 181 835 327 529 692 371 830 145 726 388 392 12 573 796 652 204 17 588 172 782 27 995 922 852 614 252 948 593 177 837 648 672 93
427 30 819 402 908 177 40 955 150 63 336 943 586 912 6 549 192 897 449 884 700 864 217 758 370 659 653 948 768 101 180 405 521 943 174 335 316 610 317 163 782 291 875 788 638 21 626 354 974 986 319 528 428 434 735 462 825 574 880 650 576 592 537 581 917 693 956 48 482 553 333 442 683 454 896 377 947 84 348 592 603 269 889 192 369 238 547 884 325 339 902 967 358 521 721 114 624 423 247 742
884 527 807 688 616 365 261 836 51 673 387 734 714 495 474 321 352 322 378 384 985 837 874 5 950 904 739 608 799 13 562 924 696 802 860 566 368 97 205 887 453 389 762 246 475 997 328 963 882 556 826 469 161 590 999 226 717 363 984 316 842 76 941 104 508 371 556 483 362 687 508 630 80 6 787 47 842 366 994 150 692 906 291 287 196 687 205 802 949 342 421 695 387 758 546 579 377 668 994 494
417 622 532 30 644 432 33 344 110 446 755 5 43 305 141 644 173 85 830 812 125 818 476 514 930 151 998 709 418 910 456 787 479 522 406 766 473 484 436 363 509 449 701 946 280 953 624 177 706 157 917 588 686 110 521 644 488 346 101 457 313 992 229 838 792 127 515 330 979 487 352 864 780 463 703 300 826 751 623 191 695 289 498 77 695 594 959 980 792 494 961 936 163 319 855 380 519 386 465 176
937 778 578 294 709 327 892 530 293 380 412 304 569 669 571 237 814 836 141 845 434 871 560 191 279 72 389 727 835 510 681 642 632 1000 497 318 913 566 924 234 115 904 95 124 986 61 324 903 677 953 557 364 984 621 825 585 364 688 227 384 552 406 151 499 577 764 451 707 368 148 57 180 970 356 900 428 226 49 194 685 980 464 451 630 187 240 529 170 676 958 937 901 296 894 432 612 499 274 813 105
981 311 544 414 645 945 364 282 303 132 699 142 928 375 714 449 535 912 959 80 232 496 706 245 737 557 601 655 620 318 624 721 994 437 475 461 521 365 194 875 770 517 629 925 955 857 621 308 401 960 154 405 806 978 204 5 694 604 584 994 111 62 775 825 309 170 716 89 218 520 523 207 419 196 511 974 176 805 800 407 823 78 578 626 663 31 22 528 639 431 503 852 837 854 572 812 734 56 600 815
811 633 945 684 604 663 86 82 494 466 74 489 866 401 565 171 176 34 782 131 238 84 443 663 675 549 121 490 980 109 471 313 386 937 498 155 88 52 194 385 227 406 894 546 522 440 553 266 615 565 103 726 821 286 329 524 414 805 672 225 926 929 732 312 280 709 225 863 821 892 97 152 76 932 991 824 279 298 566 150 866 631 233 239 373 54 996 259 977 586 15 961 711 980 958 943 875 428 780 21
3 315 838 827 363 44 543 174 95 691 502 314 552 794 57 195 422 969 109 205 893 851 677 45 102 335 793 424 376 354 943 269 826 292 405 993 381 53 268 823 115 361 91 592 486 850 209 996 595 492 284 371 131 716 756 929 400 432 6 973 245 866 696 727 860 44 513 821 879 246 923 53 367 481 204 733 351 863 843 601 826 700 238 538 655 996 544 477 956 934 311 126 281 109 548 707 821 178 147 815
435 963 49 755 17 428 489 218 67 58 87 626 774 461 580 492 685 407 387 700 676 770 900 569 200 793 223 80 282 730 765 246 40 543 535 613 394 149 763 834 895 139 305 18 336 256 932 199 324 362 609 425 730 146 642 692 95 359 111 557 147 624 156 71 21 45 7 840 471 915 14 684 899 969 200 433 55 787 514 649 225 83 412 8 342 502 974 253 498 655 991 92 667 902 422 687 409 147 598 736
799 753 100 826 655 465 366 146 80 229 962 472 270 301 557 433 712 251 258 569 55 915 364 787 58 625 820 976 849 539 278 65 844 423 678 377 966 232 310 268 975 206 693 100 55 775 113 697 810 537 257 774 390 884 657 166 977 706 353 906 53 106 258 200 593 95 223 463 306 501 919 107 24 281 286 274 736 381 695 295 393 530 742 150 52 191 199 84 55 714 916 719 926 129 224 516 261 476 621 22
320 133 35 30 974 817 0 682 901 590 103 183 632 676 75 376 252 762 945 472 129 570 37 784 852 963 104 183 617 474 908 302 435 244 115 573 660 99 41 332 717 320 343 243 280 123 997 41 963 605 574 997 540 985 16 517 182 302 841 77 998 76 928 56 374 897 437 642 984 33 456 641 614 415 698 930 186 703 607 890 975 799 70 976 268 198 195 30 52 881 787 227 830 336 993 949 962 414 700 659
841 240 369 329 32 576 404 667 234 322 983 371 417 650 817 223 468 225 409 599 193 81 113 20 203 6 301 57 685 230 177 750 33 424 263 641 85 678 268 872 983 225 883 490 362 542 264 756 406 385 307 789 54 816 486 103 827 842 517 21 477 1000 245 852 758 86 399 622 613 644 811 152 458 307 80 333 374 356 335 215 561 637 155 770 192 738 204 335 291 544 334 277 373 240 735 798 973 569 994 564
519 33 505 265 467 684 111 896 13 794 984 817 612 551 216 350 343 675 582 352 392 124 909 790 254 965 931 478 249 897 838 94 904 693 343 803 653 965 833 55 246 997 835 929 992 701 919 495 536 234 421 711 576 756 613 255 46 938 818 486 702 127 74 779 454 362 224 685 41 771 248 417 412 81 801 182 435 350 284 125 882 533 65 786 178 415 474 59 956 531 194 592 295 155 583 585 328 98 808 1000
448 636 335 123 121 465 177 382 60 735 268 735 489 892 486 929 304 278 822 49 203 458 356 767 893 433 496 565 890 795 312 112 927 648 675 277 306 202 292 768 602 462 723 458 949 144 904 743 39 626 550 621 431 177 839 943 581 486 614 471 215 569 836 305 589 599 909 265 525 829 811 413 96 805 288 761 553 370 976 52 104 148 458 420 80 316 217 34 873 152 274 667 784 327 934 988 731 636 932 477
927 315 598 124 336 899 355 438 264 137 385 588 246 678 608 871 36 300 682 904 924 181 50 139 676 571 255 178 683 229 226 541 389 395 710 450 420 461 860 798 938 558 251 242 406 945 930 97 910 498 205 248 387 67 824 177 572 195 341 727 651 127 669 278 635 410 117 694 297 830 849 227 744 42 322 268 837 716 209 316 587 319 873 60 757 968 406 723 111 475 559 625 971 143 435 801 500 922 458 674
405 330 396 474 587 785 187 185 481 283 445 907 853 437 276 396 315 381 961 989 426 498 104 747 551 734 445 16 282 650 83 694 603 217 175 252 807 298 870 564 560 744 170 370 833 217 660 133 73 151 64 399 180 740 640 143 610 987 577 882 352 293 501 725 358 871 564 21 976 429 672 168 331 558 745 489 101 668 415 98 469 439 116 818 399 632 162 759 136 984 924 325 272 208 512 611 411 31 879 378
311 73 787 126 690 245 357 691 839 741 103 666 716 914 490 704 493 965 969 534 635 769 862 606 168 530 783 138 939 271 656 945 334 115 41 409 880 397 946 597 218 63 633 424 316 329 973 577 220 477 951 932 567 598 71 689 594 834 355 810 743 717 271 732 316 255 168 177 816 841 829 271 942 403 559 88 348 417 999 567 849 619 388 860 263 896 672 409 726 796 991 447 567 894 414 415 660 596 420 818
193 846 554 153 134 549 299 131 492 237 478 940 691 613 446 43 110 484 369 710 184 764 268 567 21 868 918 434 26 491 322 180 591 879 789 503 467 920 894 184 645 343 554 379 944 746 935 297 650 773 990 299 276 217 442 989 496 524 504 230 879 889 556 482 187 491 435 738 298 328 426 199 996 851 638 868 548 229 999 123 128 374 441 697 814 1 926 360 429 60 0 23 850 632 592 540 362 771 716 763
503 828 433 418 970 584 521 419 520 48 318 766 590 963 449 437 714 527 796 3 938 240 717 290 500 81 683 708 525 951 297 243 512 100 408 269 344 171 651 265 504 379 808 497 178 970 169 115 224 13 166 988 316 375 769 794 284 277 315 176 500 70 129 891 97 990 275 805 980 260 417 282 799 178 221 321 406 926 388 258 950 475 682 446 538 858 771 640 307 458 294 532 416 470 521 447 104 111 610 238
487 620 614 255 945 508 366 187 861 110 263 557 587 14 719 863 197 365 671 78 893 18 357 331 620 548 499 101 516 924 801 494 984 785 620 808 239 435 351 661 583 905 94 583 975 426 282 24 494 515 596 900 413 447 651 998 195 658 498 620 161 548 54 278 582 812 689 324 885 626 165 430 673 487 948 164 224 189 453 396 5 990 34 992 928 793 278 701 202 650 308 616 420 562 406 295 588 501 579 928
524 269 259 882 7 171 597 688 92 330 469 311 998 626 935 805 178 529 382 733 742 831 326 297 59 20 336 936 102 190 872 461 93 204 222 64 82 947 629 73 976 169 344 174 723 700 529 110 156 158 817 766 404 204 712 340 959 438 867 221 346 886 214 1 700 937 491 961 23 655 981 35 845 456 877 424 61 995 61 500 420 907 577 89 55 826 952 925 76 727 362 90 888 3 312 976 674 642 435 741
690 114 130 957 255 369 18 151 612 502 999 738 492 797 971 735 334 625 742 732 115 897 192 990 57 603 809 561 454 33 51 598 974 385 831 977 757 301 958 497 202 169 935 590 247 20 382 610 247 282 387 794 681 602 518 384 187 468 166 15 652 715 254 298 247 57 556 276 351 30 448 151 739 365 849 885 653 236 841 292 927 383 668 941 239 436 975 435 157 967 461 255 848 62 960 810 373 344 674 479
524 295 966 647 360 378 316 291 245 579 637 83 476 802 532 480 996 465 301 958 660 110 566 158 442 396 802 66 731 193 195 860 122 780 128 970 68 158 759 217 418 532 406 799 330 357 419 600 246 182 298 66 564 68 465 522 512 417 319 211 391 943 406 380 756 402 54 446 756 760 156 338 246 605 434 564 643 333 590 828 843 877 69 682 949 183 80 161 999 87 244 91 410 151 510 796 707 472 621 106
820 836 562 265 704 458 197 343 759 67 438 3 995 240 760 343 545 679 334 810 985 936 240 733 24 577 746 540 28 356 127 409 107 656 151 833 887 949 962 806 860 181 553 159 761 479 983 793 618 691 318 526 39 897 438 522 658 767 969 404 963 785 785 391 754 138 614 783 426 463 681 278 204 727 270 884 928 251 273 977 616 419 714 764 477 122 6 555 849 716 175 417 959 713 203 732 982 768 861 336
713 130 399 532 890 190 656 927 51 314 380 116 671 403 377 781 284 926 505 495 183 620 479 670 804 970 670 92 539 228 972 241 358 457 333 782 435 398 684 63 713 307 703 546 872 90 363 77 402 141 451 341 333 219 754 227 191 402 348 936 266 935 313 996 125 422 942 467 642 1000 491 450 140 830 161 875 746 541 751 305 779 197 496 144 89 119 970 782 725 186 377 477 918 159 260 760 875 395 819 905
561 957 440 327 964 621 13 842 567 263 652 317 968 433 826 870 299 541 436 364 467 30 848 626 460 769 537 322 271 794 302 315 206 537 445 950 401 508 108 194 504 676 508 308 533 857 83 785 584 936 217 459 515 626 437 989 384 273 503 947 525 740 712 912 248 25 762 136 51 570 34 190 988 744 414 188 799 929 788 416 827 148 942 494 838 689 215 903 256 382 657 722 974 903 554 144 35 217 909 225
14 727 150 880 862 875 445 45 229 842 934 817 311 489 496 230 332 209 138 226 744 714 203 226 72 756 39 354 567 272 855 69 550 467 522 950 972 624 619 387 412 356 819 581 48 983 62 646 388 262 483 850 609 391 632 647 556 573 274 845 943 607 461 541 820 334 224 709 220 304 170 210 554 170 458 984 227 324 399 377 388 208 583 705 889 777 441 578 65 755 200 416 810 17 675 396 554 369 963 369
463 254 941 136 237 363 189 572 526 170 119 894 570 19 700 462 991 430 815 939 413 84 199 114 198 542 49 464 76 588 966 735 38 849 465 227 922 104 883 377 837 719 528 265 318 727 376 645 717 689 655 87 222 119 179 73 605 799 606 730 856 80 884 938 566 819 580 923 271 532 10 112 887 773 792 949 469 632 792 711 706 845 612 231 345 335 425 208 698 456 288 847 328 633 632 190 405 682 160 868
861 816 395 236 379 282 878 460 953 26 868 49 62 784 836 363 450 323 418 675 905 152 667 650 20 515 554 244 607 343 626 607 0 43 251 786 122 869 31 442 914 436 807 125 510 373 10 840 253 796 448 935 109 535 303 98 826 494 753 993 674 283 409 674 463 527 775 335 565 640 534 587 605 436 781 168 852 32 221 504 897 537 526 130 283 168 579 867 656 852 557 306 590 61 550 538 550 20 323 170
371 484 954 197 961 48 155 473 69 603 530 187 86 389 890 964 654 373 819 26 372 575 771 33 50 830 324 971 829 678 768 944 391 250 345 458 234 285 794 450 159 608 447 730 443 928 735 407 929 500 182 73 386 658 876 904 10 687 465 611 140 925 13 681 990 672 956 548 242 292 141 63 321 446 542 567 801 302 364 389 183 620 53 275 816 956 713 459 90 374 457 883 760 612 480 733 950 406 353 465
341 390 320 40 118 313 521 887 280 700 650 61 771 575 307 77 533 120 844 169 499 226 800 401 920 979 785 930 789 604 51 145 824 476 3 132 987 140 622 746 121 828 731 133 781 82 203 201 673 266 239 790 188 594 963 4 879 497 610 983 815 735 620 782 476 114 567 636 703 983 771 644 489 645 962 528 672 558 347 942 105 987 720 111 327 904 914 245 531 64 265 921 608 611 859 93 442 430 623 261
946 861 279 813 21 362 506 218 192 391 706 217 238 51 509 340 887 348 529 678 791 980 544 221 51 769 230 835 382 61 132 160 747 276 399 214 101 898 739 342 717 283 976 884 519 27 498 423 611 809 712 955 80 32 414 138 136 577 239 792 471 646 123 375 731 25 808 844 757 841 83 1000 878 50 982 936 782 529 431 723 105 593 624 813 862 924 703 803 694 863 246 88 954 578 204 218 119 591 475 618
955 483 196 366 824 857 90 188 665 614 16 148 174 379 959 158 440 824 805 315 298 503 188 493 356 614 535 135 168 332 443 362 258 328 756 113 146 231 869 936 625 170 504 834 471 61 784 768 994 490 504 939 856 327 862 917 606 869 167 724 905 102 37 40 974 33 74 753 522 509 0 923 154 58 151 899 588 342 988 374 312 191 640 423 311 785 648 97 943 827 729 755 715 284 803 312 90 40 532 796
0 157 455 45 195 759 701 678 880 17 507 908 590 204 61 277 598 737 720 974 863 243 428 816 316 838 11 180 619 1000 529 543 518 561 742 601 603 376 312 856 323 337 847 719 281 629 790 322 262 257 238 393 596 107 42 844 341 394 697 683 204 395 76 624 530 482 185 389 392 377 71 13 891 970 431 636 456 488 399 851 905 429 719 777 446 770 20 195 987 893 168 983 805 82 33 692 121 6 59 741
284 36 221 489 176 82 821 305 318 665 492 350 405 523 86 186 544 539 817 840 354 493 685 351 667 751 662 654 818 194 949 358 707 98 306 842 48 258 801 744 111 277 849 107 885 569 999 883 882 241 311 892 698 563 662 885 555 186 284 367 869 708 824 136 12 355 186 83 146 232 421 612 912 292 221 811 901 60 536 833 250 213 504 460 264 909 734 347 440 835 78 802 447 457 474 829 760 23 286 318
61 731 733 435 831 202 825 500 742 83 457 886 868 525 567 784 821 874 864 915 653 952 140 108 203 353 892 727 550 344 200 453 493 21 474 764 1000 995 265 531 686 755 72 567 147 194 361 139 752 638 721 821 431 813 660 307 523 550 598 501 703 49 987 639 655 813 608 792 624 58 934 491 572 668 490 282 994 529 611 848 540 394 662 939 750 592 426 573 254 694 252 624 164 963 246 863 283 893 608 546
33 838 145 426 93 507 673 508 537 993 785 604 647 747 151 945 417 950 882 925 616 222 393 184 969 843 960 753 561 567 807 399 194 951 88 152 943 848 932 514 474 530 763 575 342 997 530 109 610 319 178 902 431 229 260 154 602 327 168 570 94 816 984 226 187 563 850 169 394 151 888 943 311 124 234 246 804 575 62 189 756 356 393 575 143 410 654 181 473 123 212 65 451 290 587 257 145 262 75 497
283 343 560 831 5 182 253 307 430 110 400 339 127 343 401 146 721 546 686 327 621 211 428 548 373 531 698 982 606 650 342 52 481 860 64 505 813 878 222 854 192 710 403 426 456 701 446 580 756 999 496 453 171 935 821 367 796 64 544 457 930 477 462 349 738 430 666 336 869 874 692 494 678 175 802 161 235 732 364 606 393 107 682 726 770 51 826 550 335 356 513 144 21 92 310 858 955 719 552 794
770 42 366 430 755 507 117 68 707 133 144 683 525 677 669 292 667 365 401 272 791 169 604 821 270 352 296 42 456 119 116 238 165 668 189 242 310 782 373 632 847 377 897 223 143 923 865 530 24 136 882 395 481 795 372 321 617 724 912 992 460 457 876 635 875 153 844 868 287 53 863 347 491 274 635 329 834 215 830 319 319 49 838 900 254 137 782 814 17 747 398 920 459 465 450 486 337 111 943 634
155 377 333 705 660 369 503 279 813 567 308 221 252 63 550 348 894 356 771 422 764 728 505 53 747 920 159 524 466 12 598 433 481 182 516 292 833 487 716 836 109 913 929 891 314 816 162 818 841 801 664 260 198 392 864 707 785 89 699 453 774 115 226 749 574 453 127 514 51 349 983 398 182 376 587 520 149 746 320 637 332 863 417 182 522 754 808 315 25 834 756 53 267 149 599 35 296 275 342 239
532 723 488 909 904 514 283 40 884 251 820 366 524 653 937 84 80 513 572 846 289 703 776 284 342 252 61 3 623 125 424 7 168 280 510 293 982 769 812 153 962 802 615 189 93 503 655 43 93 940 79 245 466 419 36 283 454 716 274 899 472 910 878 463 276 819 329 272 626 15 754 217 507 1000 162 609 396 862 156 872 420 894 255 906 684 198 527 376 818 882 739 175 462 287 609 195 877 303 835 856
40 751 297 755 91 863 383 519 428 449 872 193 123 267 446 683 171 298 194 784 129 607 849 949 461 801 764 815 325 477 918 85 887 824 190 591 651 364 536 522 465 665 257 976 665 821 584 429 352 670 551 201 617 613 251 279 517 826 884 617 961 961 336 861 129 65 411 985 276 258 336 608 163 313 517 536 534 845 21 39 81 693 973 884 619 530 10 905 461 738 503 554 245 758 693 315 284 235 868 15
95 923 899 673 309 652 215 576 775 642 814 301 252 18 44 31 112 817 168 884 127 145 517 525 289 463 961 512 569 499 351 411 143 492 85 875 590 548 80 812 8 69 871 383 603 468 702 393 915 101 96 860 44 768 357 734 470 897 734 173 640 745 653 197 825 320 141 784 331 460 327 339 383 7 323 624 288 786 857 354 79 857 825 300 519 768 410 630 928 700 950 301 660 378 591 221 830 795 507 559
118 231 823 725 201 910 115 42 557 734 782 990 501 999 953 864 770 294 648 408 858 598 237 702 43 222 809 357 832 668 926 142 825 810 756 125 841 230 437 1000 295 952 920 824 559 755 662 271 31 824 463 187 301 942 802 305 162 460 237 642 335 36 827 167 377 387 707 321 863 660 16 247 4 799 667 843 608 830 809 668 440 376 353 806 137 685 175 762 918 621 890 79 660 384 821 610 606 503 316 518
453 435 904 510 714 602 673 108 484 421 115 641 272 700 918 494 641 242 585 817 276 974 104 79 602 268 40 432 967 704 863 436 4 522 256 789 979 783 252 57 166 556 214 940 765 697 649 749 177 296 812 802 36 525 807 954 114 951 404 639 893 22 944 307 747 356 489 356 964 632 530 699 637 30 864 178 672 87 341 117 312 707 257 546 701 402 822 609 600 510 876 86 776 178 162 730 983 901 250 737
57 617 401 500 211 230 36 988 810 268 629 31 51 70 999 869 523 906 313 123 729 71 240 74 603 197 352 400 937 402 336 345 629 282 754 909 665 775 430 894 944 472 485 500 385 450 172 110 711 549 865 913 76 653 872 305 500 272 338 628 808 867 296 988 75 429 345 225 351 94 681 896 864 362 883 735 44 878 318 703 516 832 717 312 91 511 197 974 711 291 969 528 474 68 419 812 275 294 610 611
976 28 106 527 507 74 425 213 738 197 351 481 946 636 738 387 549 35 30 291 625 74 75 477 94 404 185 913 267 513 995 872 647 439 122 724 418 475 963 283 476 695 510 662 930 440 105 841 833 528 464 87 458 258 618 995 65 45 585 215 453 69 312 256 642 962 24 282 790 701 49 683 140 67 42 816 958 579 403 309 555 257 347 121 203 258 605 241 410 201 499 771 694 181 689 562 220 246 345 164
828 25 245 348 863 701 544 277 54 266 143 38 764 658 846 311 489 688 209 973 860 646 362 266 34 697 404 759 143 47 150 661 834 240 35 211 45 70 130 100 143 527 993 438 696 249 499 165 981 76 722 237 49 508 770 368 1000 583 871 292 473 558 967 608 370 895 112 747 905 138 782 511 940 916 994 281 750 590 240 136 985 641 344 605 443 903 410 521 315 741 72 982 227 8 386 419 978 119 818 598
556 645 256 334 678 462 58 487 396 960 481 53 214 677 95 530 500 745 90 231 355 39 184 689 303 746 807 859 276 796 871 979 254 598 880 58 25 392 391 395 632 634 415 546 139 18 54 80 65 680 737 746 715 512 741 552 303 437 147 290 599 779 402 14 994 794 668 374 58 359 594 849 499 307 540 451 631 195 667 148 409 735 143 885 152 946 504 194 989 692 712 507 925 51 774 283 261 6 477 47
180 732 734 522 337 15 68 517 678 155 55 823 27 675 960 704 720 406 117 282 955 921 196 923 66 147 97 222 130 884 473 135 905 588 843 378 423 904 966 73 939 646 408 267 984 943 938 174 862 426 743 323 139 573 911 238 689 337 493 375 203 151 832 850 34 176 962 637 310 150 681 236 197 830 386 777 409 998 381 223 871 819 560 433 374 412 266 683 389 49 295 344 429 576 28 158 546 394 37 747
190 542 341 540 721 257 246 428 171 786 752 156 26 966 717 316 325 565 47 519 565 993 505 938 677 183 86 929 563 504 108 737 957 597 84 78 201 495 824 550 825 348 616 722 777 662 59 830 86 341 796 510 893 980 455 555 895 218 353 218 641 34 250 230 29 751 796 219 210 100 579 38 700 118 602 452 904 870 915 113 154 451 103 219 750 55 816 513 434 846 432 563 388 837 238 993 917 641 862 47
676 776 292 347 682 362 297 528 294 338 917 105 807 600 805 339 865 532 703 970 631 539 548 733 180 697 535 980 88 543 484 980 411 551 687 501 138 960 766 633 707 424 301 328 879 726 813 868 356 664 997 77 7 961 398 497 991 13 447 825 848 426 905 343 148 333 879 84 319 583 572 210 862 601 338 463 548 380 41 274 484 954 339 740 448 449 122 649 718 71 117 426 657 710 298 205 745 764 70 643
898 117 287 797 418 922 139 419 99 865 673 686 630 181 987 701 351 678 242 642 514 641 730 463 718 650 268 894 157 15 818 392 943 240 215 331 198 907 604 273 991 701 433 486 347 36 251 426 887 700 202 608 78 349 540 521 453 513 458 824 198 134 261 644 982 603 540 150 496 633 621 892 652 683 962 870 213 444 454 105 371 170 530 650 592 693 695 701 578 259 508 540 945 489 828 226 849 209 905 722
124 235 906 583 585 511 689 111 798 393 599 954 8 656 904 514 368 426 97 108 309 62 499 483 59 696 402 697 618 833 992 666 835 646 868 979 908 636 973 574 114 582 669 757 542 823 180 589 127 792 650 67 647 309 172 375 261 532 489 725 730 859 496 425 657 0 896 197 498 476 836 34 436 152 72 600 323 79 378 400 945 371 789 32 543 293 773 735 921 725 920 306 482 898 898 274 447 379 849 35
67 954 74 102 922 523 596 54 52 920 166 185 575 271 819 531 53 316 677 686 613 254 848 270 731 396 787 622 702 274 234 605 642 274 889 207 137 119 359 724 449 220 723 626 391 597 954 702 606 925 488 947 73 745 359 512 640 447 978 566 35 215 732 500 92 170 890 681 153 172 96 953 365 801 489 373 335 480 298 50 312 563 292 352 515 312 456 240 715 689 800 622 312 888 253 12 305 79 896 389
890 503 310 224 468 807 142 804 46 281 152 182 790 276 112 760 685 248 9 417 421 105 859 525 86 714 106 423 675 191 805 194 465 661 375 720 438 162 946 114 520 354 184 575 701 232 803 894 952 434 903 611 401 321 941 605 952 634 413 665 123 555 466 681 300 522 258 586 550 961 671 352 712 649 725 838 181 200 701 285 268 737 911 822 853 815 185 44 77 701 704 538 91 312 358 919 261 331 767 589
737 396 49 512 447 841 18 753 179 898 741 993 971 780 924 603 742 927 189 746 189 134 778 439 738 507 771 811 700 824 659 709 603 418 190 834 659 717 821 392 42 617 313 721 183 180 85 838 580 468 721 298 746 101 182 613 481 814 493 208 639 66 421 649 308 814 249 983 742 70 137 133 235 521 680 815 839 572 615 39 55 68 628 326 632 910 185 431 216 190 872 445 781 887 486 948 875 722 621 573
494 412 482 493 359 29 188 913 129 466 261 740 874 509 310 986 508 591 963 257 197 276 709 2 467 764 994 371 795 617 452 420 495 346 253 667 935 448 360 818 550 173 871 565 1 641 464 441 358 759 646 607 683 455 776 853 288 133 402 716 364 286 909 854 235 710 636 550 695 862 341 527 889 182 112 751 302 386 63 337 557 59 371 55 268 975 865 533 198 270 733 378 399 534 60 155 781 312 22 169
147 257 494 522 384 369 358 450 290 329 762 18 431 519 268 468 978 627 786 88 229 126 443 503 723 702 236 905 915 902 584 689 135 954 656 771 742 235 578 284 617 877 489 557 308 760 746 667 9 123 303 982 418 159 998 606 58 843 133 490 724 641 278 253 870 269 636 23 809 322 384 183 119 668 650 973 854 346 721 765 239 947 462 220 558 316 402 862 540 55 226 431 663 163 573 251 827 395 908 134
692 613 248 236 350 433 985 913 291 218 776 32 739 678 867 692 275 185 125 24 438 836 792 106 121 129 874 25 35 910 670 985 103 172 584 737 282 33 913 109 213 525 176 390 450 251 595 638 709 75 788 186 509 163 536 67 471 611 318 636 987 982 865 518 779 345 339 748 490 836 1000 876 534 960 375 5 667 478 929 31 809 616 264 338 71 323 91 445 687 674 689 837 109 197 968 554 344 636 775 402
969 601 914 449 459 817 230 186 649 266 906 919 328 780 643 497 552 843 15 436 449 848 757 490 856 822 55 64 780 511 983 610 367 38 269 88 524 404 373 607 880 927 392 153 224 668 281 170 306 93 578 66 922 367 22 203 320 587 103 474 26 894 58 470 935 929 987 264 370 453 299 948 631 926 777 748 410 49 54 168 478 559 160 62 475 537 441 534 263 750 56 429 617 414 415 0 407 929 441 26
66 834 847 454 164 422 752 977 410 25 888 951 898 859 358 905 71 889 828 604 5 368 597 966 675 832 953 821 392 636 947 578 696 918 481 906 14 997 499 750 758 534 364 638 603 265 270 157 234 797 870 809 345 727 949 857 275 869 805 143 921 183 176 939 877 501 837 852 325 982 763 341 646 641 142 928 643 605 668 233 811 808 575 122 899 324 134 668 221 136 423 820 866 675 892 166 606 181 957 443
311 250 293 975 525 653 437 134 535 147 643 693 554 488 35 797 791 285 176 155 168 588 153 788 458 956 35 826 251 14 461 612 749 118 885 650 227 528 896 905 344 181 509 844 626 823 619 943 783 364 362 686 345 564 353 36 541 466 140 200 682 514 240 401 41 688 179 202 900 226 747 607 7 97 385 461 960 192 805 286 863 148 911 260 807 644 922 471 943 105 834 766 417 42 431 547 159 9 440 883
888 150 985 146 750 730 660 812 106 896 756 276 883 282 450 478 668 725 258 442 424 525 862 128 576 458 376 898 599 10 920 114 141 905 81 305 89 545 358 7 876 356 239 337 266 781 185 808 857 516 760 111 746 572 388 334 185 703 438 124 238 896 14 176 795 708 765 155 821 322 877 663 563 914 552 444 482 587 143 174 177 695 375 242 236 376 185 538 34 619 925 725 719 888 905 130 894 504 613 147
433 836 926 386 23 97 966 665 435 179 503 177 797 64 923 545 994 178 522 114 862 524 204 78 422 626 196 69 704 422 25 190 589 210 706 935 676 714 191 157 281 899 189 995 2 488 966 857 36 848 617 657 546 551 757 914 295 205 128 991 778 339 562 142 687 427 139 436 251 845 358 425 716 486 535 440 341 359 846 478 445 516 661 690 754 360 368 666 967 34 28 980 147 396 187 952 883 311 585 446
898 223 687 777 958 459 186 228 521 271 836 503 618 235 319 539 497 722 3 744 446 645 421 387 856 625 127 854 514 897 24 54 96 29 174 128 982 12 639 376 792 346 353 286 796 402 811 118 423 261 311 922 958 26 54 959 489 369 166 385 45 407 845 979 374 819 790 762 346 273 145 503 760 53 767 414 438 323 518 860 903 340 341 680 852 954 66 278 180 264 287 969 322 171 337 348 240 676 254 158
960 88 999 870 909 213 912 819 655 149 850 254 21 773 874 360 568 893 246 647 178 797 868 78 537 483 730 573 106 434 968 501 921 88 720 880 295 857 433 527 767 494 164 244 776 593 509 774 533 124 557 517 457 29 750 940 197 433 8 614 770 601 799 437 701 569 368 673 522 585 408 384 969 924 114 622 529 717 810 343 316 942 476 640 923 783 103 682 192 119 11 690 49 258 322 90 489 939 566 845
127 664 754 246 309 849 155 414 833 877 123 681 946 116 413 545 47 134 505 647 677 607 670 9 575 853 934 647 587 118 308 782 261 30 405 598 107 433 581 335 606 470 933 377 509 932 240 361 502 114 668 637 136 355 649 462 860 437 8 222 165 226 64 379 437 993 92 315 922 535 109 891 11 22 786 26 498 751 98 329 295 174 418 484 132 647 379 876 646 98 541 777 897 909 400 460 83 487 822 30
543 928 310 669 891 980 925 154 409 104 136 965 937 608 484 795 838 170 594 594 393 450 254 770 566 219 852 878 752 876 986 479 66 142 961 984 490 113 42 858 915 748 267 460 5 825 671 581 822 807 679 954 884 598 872 648 682 483 90 812 886 570 436 512 964 916 995 260 276 100 583 808 725 951 258 839 423 506 597 91 732 460 154 381 278 7 522 195 30 101 655 944 345 39 983 564 64 480 999 620
20 235 791 982 793 71 597 309 934 220 318 758 178 99 130 339 329 544 540 454 339 947 558 959 801 58 932 450 198 734 335 544 71 570 197 238 401 74 274 4 807 253 604 85 36 77 973 309 347 956 395 192 417 604 565 130 321 735 984 709 615 827 772 649 668 957 483 193 374 748 893 640 185 44 55 10 621 556 68 971 61 825 338 558 377 122 529 26 587 176 705 987 544 274 46 153 971 687 279 314
20 702 981 812 597 809 806 687 768 963 10 512 517 244 706 209 82 839 588 397 439 69 159 177 316 544 891 407 582 278 974 365 894 391 142 516 15 889 36 288 595 263 74 624 979 837 24 949 887 782 903 360 35 313 970 519 230 641 621 100 392 980 638 350 675 582 430 975 263 718 546 266 733 289 11 93 634 712 150 395 951 245 604 187 610 167 627 117 615 265 610 575 659 857 908 243 814 812 729 742
386 834 803 477 727 220 579 511 184 719 275 317 561 784 82 72 296 872 713 485 400 883 108 662 953 994 766 524 794 391 762 821 257 839 183 894 742 799 648 418 133 642 597 177 244 143 631 365 825 165 568 36 10 682 132 170 814 967 401 999 796 611 650 467 680 448 152 26 729 886 22 913 322 647 279 751 517 139 457 670 812 580 27 308 937 992 225 433 292 646 75 505 455 826 814 706 662 747 253 883
676 842 200 820 415 42 319 844 674 788 161 979 223 411 5 944 618 388 679 499 758 527 847 339 41 326 326 957 844 999 522 609 301 621 548 39 953 72 595 342 906 718 677 493 559 752 850 741 559 521 510 809 416 431 835 820 363 647 540 254 236 89 426 585 399 830 857 164 526 989 320 304 761 294 906 819 6 213 343 408 756 757 977 916 196 669 597 736 721 21 588 354 587 312 256 207 105 486 257 24
753 657 694 156 539 95 857 305 374 109 552 793 660 371 493 369 485 67 361 815 419 540 27 144 44 995 754 204 965 284 949 297 813 305 863 96 629 569 15 762 173 292 877 309 30 708 799 930 575 689 66 558 608 707 543 426 352 372 38 736 137 393 235 50 420 751 920 519 103 747 96 313 705 173 620 176 268 39 315 102 44 102 175 406 348 303 275 67 231 749 226 778 712 191 35 856 197 969 716 307
201 865 995 114 325 856 101 223 680 489 33 826 813 717 903 79 214 489 163 563 860 975 334 748 279 612 840 217 567 83 575 431 545 559 448 430 992 772 407 164 271 437 510 374 674 479 274 492 718 259 274 734 573 261 5 641 371 523 865 107 610 16 455 1000 933 97 701 556 930 422 437 801 254 184 48 871 686 618 862 369 841 751 367 122 550 930 350 279 552 94 790 75 111 672 262 379 376 653 499 458
857 216 701 125 546 66 117 121 295 202 744 383 30 925 149 499 445 404 220 584 589 635 444 15 384 939 68 510 590 104 195 645 229 792 234 522 107 666 315 647 397 215 384 783 38 165 882 889 37 479 270 155 530 614 80 581 673 5 890 5 607 308 583 754 487 331 676 499 834 580 254 796 252 48 555 94 483 503 873 92 443 69 68 291 157 889 358 250 624 809 663 249 316 504 896 74 567 302 924 112
113 842 610 557 538 66 628 605 492 875 253 40 882 267 192 655 808 970 269 541 317 207 682 669 288 289 441 848 265 906 215 138 661 376 583 913 509 142 730 459 790 493 41 488 320 796 415 186 828 145 302 804 527 535 649 702 278 657 352 116 32 429 471 192 720 942 106 658 346 593 810 713 779 325 40 579 165 373 388 60 187 479 109 524 500 698 137 349 166 463 856 960 290 547 984 664 17 842 827 290
70 679 293 971 244 941 116 219 305 466 10 943 601 545 70 159 560 979 57 253 614 129 880 702 971 289 901 396 108 342 325 57 706 676 741 484 468 495 101 880 371 216 465 79 47 678 91 862 427 679 874 685 969 361 525 536 195 569 127 594 345 91 18 331 785 306 67 637 814 643 708 917 55 12 948 593 166 548 623 81 335 623 863 61 253 971 440 124 790 372 829 455 707 922 373 666 803 668 444 87
3 960 367 920 35 10 484 936 643 829 804 914 592 974 834 512 989 916 789 236 255 657 113 457 850 827 243 552 839 55 650 572 281 812 432 116 549 588 297 383 849 319 320 403 781 85 533 239 898 886 990 154 714 395 792 795 959 211 868 143 231 991 320 623 469 1 112 929 54 244 183 116 652 511 274 305 969 309 823 89 373 93 109 966 592 198 644 976 655 494 712 327 955 802 440 815 444 874 701 280
391 68 241 547 811 496 144 664 943 223 275 969 162 93 496 142 928 481 857 447 610 935 856 786 556 754 840 105 875 459 564 997 884 789 986 347 422 134 39 561 589 544 323 319 831 72 214 499 245 979 432 156 294 540 945 816 941 571 18 948 612 291 906 918 595 553 828 702 208 692 655 555 4 301 669 686 398 1 825 850 225 299 535 371 846 29 463 904 742 896 531 248 151 178 472 821 352 319 85 557
289 955 748 444 870 311 943 546 859 265 428 447 235 913 697 664 787 418 864 147 669 463 947 148 790 950 106 98 163 823 907 291 953 129 577 539 16 660 226 260 149 338 595 490 914 271 188 184 756 875 252 161 284 280 99 836 639 343 955 221 703 502 876 826 748 15 323 966 135 412 931 220 260 29 722 30 572 129 175 881 251 399 637 714 599 598 147 959 496 382 467 427 274 34 105 657 76 736 52 818
734 505 232 764 753 223 699 938 967 219 491 994 737 104 335 383 669 138 59 79 555 992 762 169 865 592 754 349 371 345 958 222 22 554 3 187 27 865 357 889 299 251 859 61 783 504 924 776 818 505 241 36 632 962 374 511 110 634 761 264 471 412 814 990 961 126 879 89 624 419 47 958 63 334 669 210 770 945 806 947 749 991 0 258 40 914 449 886 101 933 141 559 961 121 209 125 982 243 535 462
887 785 88 122 646 612 805 752 483 111 347 851 588 716 952 71 433 488 460 281 223 985 119 204 564 330 320 217 267 21 168 784 936 454 309 157 187 466 885 718 800 446 657 512 7 626 966 697 186 877 403 145 954 479 605 388 223 955 840 133 518 581 138 166 50 527 403 822 637 30 877 213 645 238 703 556 976 332 691 146 477 977 793 332 771 457 561 79 31 462 832 958 953 23 747 14 393 766 709 486
315 906 672 547 983 197 860 85 859 913 946 945 333 880 427 804 912 549 230 586 389 726 4 606 722 936 793 88 6 874 201 869 795 788 651 734 455 975 813 789 441 337 197 93 88 586 592 176 581 394 538 165 120 723 526 763 395 815 126 514 3 389 861 347 666 48 606 368 397 161 405 253 752 144 567 601 381 928 491 586 186 280 797 223 480 644 436 256 844 834 68 103 742 286 244 622 339 962 293 106
210 906 649 548 805 845 872 362 234 268 763 883 427 415 157 371 96 625 596 861 168 100 601 313 627 12 813 234 856 233 742 409 73 231 780 326 763 207 136 992 620 335 928 762 994 318 540 714 253 346 944 778 258 413 786 670 78 665 91 577 897 666 196 28 156 805 140 75 993 528 399 225 261 486 500 752 730 457 999 948 69 428 50 262 728 640 262 951 196 0 725 975 784 595 449 91 337 904 474 595
708 33 234 557 73 192 748 816 778 547 606 177 592 904 348 878 419 150 761 635 863 709 146 750 409 786 16 821 495 479 869 244 5 334 41 263 796 454 650 770 371 878 382 19 923 940 366 211 129 220 837 563 211 694 147 310 242 160 259 20 849 754 216 405 623 68 126 930 311 153 284 53 624 685 532 6 993 124 669 43 422 65 923 577 969 898 55 518 471 895 441 729 229 220 742 477 390 844 544 0
204 370 367 433 46 187 608 621 438 424 376 802 482 980 971 541 386 422 437 478 859 666 423 316 860 663 232 804 7 707 89 241 588 239 813 975 404 164 693 65 824 937 605 539 697 40 546 388 263 754 780 614 748 753 292 283 615 830 883 108 116 507 865 733 204 537 597 206 523 982 271 200 655 787 174 751 162 307 428 825 632 758 593 518 812 63 435 236 44 524 773 445 300 954 13 714 576 659 65 714
405 560 971 476 253 587 677 784 284 127 570 269 915 226 162 898 723 900 513 76 709 67 132 241 431 610 215 336 346 465 929 674 321 805 124 593 693 938 971 293 645 465 133 949 373 695 161 519 842 492 182 63 645 761 57 768 461 547 513 530 354 931 374 433 465 967 588 564 829 380 282 971 471 629 497 468 823 592 4 7 133 523 941 156 553 760 819 52 664 423 993 424 392 38 985 168 363 600 526 798
925 248 253 73 154 16 904 920 163 811 420 445 77 917 479 445 419 549 922 110 132 667 558 836 874 33 492 757 453 522 512 134 129 32 817 787 753 415 50 989 891 525 789 428 520 789 346 33 583 321 513 884 870 604 232 410 41 87 518 529 661 514 812 839 294 468 946 634 270 684 438 417 86 813 539 495 705 129 8 934 330 15 289 739 214 101 728 451 92 929 873 766 225 593 287 261 724 66 629 466
151 595 940 854 157 301 896 795 114 875 863 496 43 535 925 970 151 993 501 427 206 260 72 939 745 818 872 152 463 854 763 523 733 896 498 7 494 961 846 686 165 260 402 336 430 676 338 470 743 466 13 451 934 898 491 40 29 650 870 632 37 64 275 205 857 955 413 94 131 51 142 824 580 425 254 939 992 797 87 692 743 223 213 460 794 809 85 582 137 184 245 498 212 921 815 669 187 43 880 586
46 975 178 678 293 983 890 69 331 539 744 507 388 407 918 162 169 712 241 241 47 873 366 544 239 915 760 354 266 744 444 761 939 989 288 645 833 0 957 448 245 552 390 764 323 782 17 305 301 887 67 157 295 940 152 77 351 76 158 328 54 56 496 792 751 148 513 924 585 968 142 343 758 457 457 43 113 421 414 879 308 844 247 361 888 168 841 668 330 610 179 755 662 132 106 386 353 437 847 442
675 176 277 964 154 196 616 409 363 368 457 537 994 538 630 828 747 105 911 241 617 294 827 918 225 298 14 757 154 267 931 845 568 155 416 312 542 913 419 596 970 980 390 568 690 545 895 427 304 207 288 851 756 788 656 106 580 58 123 419 418 102 266 510 866 478 774 719 713 889 876 500 711 274 976 868 440 569 679 223 738 944 547 140 414 734 145 853 891 793 360 295 387 186 252 325 612 796 968 215
735 245 127 4 287 900 420 439 838 346 910 700 508 169 300 471 996 743 957 232 545 643 738 219 262 357 71 644 189 859 174 315 859 752 566 855 492 427 496 259 131 494 455 279 858 204 853 320 497 423 118 293 792 832 360 884 250 66 218 426 479 636 501 276 136 522 831 620 514 927 224 887 602 821 764 879 306 461 786 459 683 766 238 179 866 130 194 581 815 84 70 381 625 64 138 914 339 766 511 368
659 537 263 742 277 776 959 176 910 811 933 129 838 394 686 848 878 746 301 416 576 149 760 901 151 812 764 806 419 874 586 497 154 392 38 816 18 188 769 981 171 325 976 493 948 648 561 830 989 116 728 404 7 740 98 197 564 317 168 412 650 795 547 579 26 234 110 486 135 421 582 824 317 968 629 665 978 302 380 245 616 123 231 637 988 107 154 548 610 216 947 384 46 735 214 680 739 121 629 813
486 7 33 263 418 533 938 145 384 185 596 761 610 395 685 539 58 317 769 909 992 786 756 141 818 669 840 903 57 993 875 739 662 533 940 655 235 452 593 458 1 641 320 5 380 516 75 208 930 663 649 887 489 155 735 945 475 398 841 725 370 745 185 453 91 91 930 221 342 302 885 365 616 523 509 296 712 510 926 713 567 966 647 573 151 655 542 50 297 687 200 349 139 734 84 985 607 326 713 985
236 83 473 544 907 707 893 318 581 772 69 304 881 854 89 411 610 666 653 149 754 21 380 313 339 986 643 598 4 153 839 477 523 51 623 160 820 227 350 408 649 690 438 439 967 858 760 336 859 473 506 932 904 966 562 762 434 753 36 611 951 411 469 829 206 431 356 220 530 700 694 309 123 550 104 792 640 121 551 309 8 228 353 358 874 978 794 136 136 5 458 284 588 52 859 551 192 834 128 355
783 289 581 393 544 201 731 431 306 35 442 446 576 435 668 120 229 947 834 482 42 922 522 213 917 873 76 72 865 297 484 775 965 644 120 41 175 899 751 431 300 515 16 549 163 24 847 747 515 702 190 345 681 321 512 732 608 150 632 104 143 565 580 336 312 918 199 991 73 857 431 237 906 364 880 652 41 471 997 937 857 159 656 509 681 44 88 769 143 564 650 552 110 978 80 73 689 832 749 969
85 950 478 132 884 113 292 112 949 283 6 641 579 301 915 272 961 686 36 723 692 72 591 31 803 68 391 962 205 800 995 687 275 474 948 767 259 103 682 907 431 308 727 226 482 482 920 345 381 483 454 471 676 288 328 874 336 926 197 859 909 836 584 655 78 642 344 197 826 141 18 491 818 797 768 786 293 31 348 483 277 117 638 245 340 70 509 860 188 231 704 329 255 546 122 544 535 737 690 876
482 468 470 166 442 998 546 978 409 963 388 333 106 408 142 292 94 485 698 684 667 810 898 211 428 918 959 532 235 80 954 895 449 301 118 769 305 143 619 649 767 690 851 651 916 202 152 829 686 555 268 795 431 927 428 842 935 701 499 115 787 33 998 300 934 11 771 315 985 281 493 171 631 826 959 959 564 530 178 938 661 417 731 213 357 718 406 722 627 954 782 653 38 289 434 589 883 29 894 499
864 261 179 706 47 766 109 963 146 60 23 866 915 693 227 669 669 668 27 761 870 153 964 515 861 510 57 121 539 409 854 427 747 326 447 165 301 805 650 934 828 774 506 465 407 728 22 688 409 393 380 971 946 857 755 100 56 17 436 540 780 342 576 489 99 636 467 445 660 841 794 670 881 153 847 276 331 560 81 713 911 742 137 63 280 969 892 114 302 547 140 91 433 459 35 420 16 816 337 850
750 769 584 395 830 398 843 186 859 301 786 535 526 441 607 46 343 798 171 981 950 751 790 60 387 22 517 235 742 697 148 532 581 85 24 779 916 749 649 252 772 1000 835 999 529 396 873 396 306 606 774 667 623 765 74 875 55 634 285 943 333 870 367 79 575 180 750 205 620 216 581 108 950 319 288 553 483 290 345 122 74 38 566 230 586 547 269 893 929 618 577 847 616 710 590 747 14 293 114 524
497 617 117 318 159 246 272 279 351 650 486 127 171 537 171 932 630 454 703 232 363 165 468 995 75 814 356 759 844 8 204 623 91 974 557 46 882 222 657 802 963 950 721 657 274 589 97 795 500 667 127 644 584 593 328 113 404 351 865 696 468 397 452 118 146 955 691 916 6 498 177 471 413 600 126 395 807 686 738 645 556 922 119 594 257 453 993 14 655 449 870 333 203 361 730 267 793 569 835 923
366 795 743 377 732 888 644 236 476 793 124 977 15 432 803 761 111 995 299 42 480 648 233 26 638 157 690 674 628 884 213 836 416 88 745 476 379 32 728 518 417 707 1000 6 636 373 219 472 221 983 657 701 141 254 216 930 341 707 985 148 469 802 903 221 430 315 779 514 189 939 983 653 732 496 796 340 461 997 643 873 396 465 539 494 796 771 343 214 691 187 298 695 202 373 646 307 631 361 419 539
675 565 424 677 932 355 277 837 449 293 685 482 571 782 636 723 906 8 673 527 847 6 852 438 241 856 439 969 399 413 353 905 341 492 11 754 584 489 534 60 92 793 932 624 481 450 411 547 979 491 786 195 179 538 162 512 449 921 749 35 431 872 633 806 690 237 975 823 386 319 784 675 880 869 193 118 792 853 469 817 16 56 151 815 196 113 243 692 760 76 29 25 840 451 76 469 112 879 8 919
512 579 768 735 462 142 132 407 689 114 834 314 860 8 935 944 71 739 391 36 190 948 166 391 87 952 592 105 309 634 688 19 101 339 498 712 704 119 562 768 832 44 615 863 763 293 875 234 654 801 147 999 664 722 833 394 845 429 721 203 366 410 292 746 991 241 589 101 143 667 448 179 965 907 467 835 254 895 308 5 15 780 41 192 391 865 505 284 644 461 770 325 406 527 62 38 59 117 993 83
69 879 980 373 29 563 580 282 391 565 746 932 537 650 404 746 463 348 315 634 248 389 790 435 552 393 653 807 426 13 626 140 650 707 766 969 570 418 256 256 277 567 566 267 874 322 480 350 52 610 495 132 105 340 677 182 828 766 428 942 526 515 935 52 798 265 691 138 658 771 574 211 27 551 121 413 136 343 696 965 718 406 590 702 85 158 51 703 538 934 577 70 567 317 763 458 814 96 805 124
671 569 846 781 87 918 896 726 969 710 882 309 368 184 650 115 944 570 688 974 708 43 552 404 520 982 776 607 841 71 26 533 557 793 192 364 751 892 735 50 328 208 617 398 366 806 479 662 958 293 59 815 944 895 480 105 725 596 356 453 589 679 354 590 450 432 565 845 365 640 138 671 600 535 451 694 104 360 518 291 130 651 685 304 34 597 304 552 576 382 398 395 643 559 194 856 156 627 564 675
513 501 723 984 644 529 359 786 484 542 359 814 374 64 537 922 401 63 957 485 558 61 772 148 829 972 13 100 16 968 846 196 367 469 195 865 228 340 93 223 545 362 436 744 547 277 336 411 967 597 991 840 178 294 7 438 474 418 311 812 527 601 93 469 795 796 711 667 0 849 244 859 176 317 434 602 598 968 644 291 709 211 636 612 47 586 855 956 733 684 678 106 48 691 898 176 564 378 928 603
975 232 332 92 192 634 22 312 682 162 577 842 779 504 102 425 803 897 161 162 168 22 487 53 286 943 978 955 765 245 456 857 269 511 411 492 432 418 610 475 431 564 100 986 167 201 546 381 471 248 563 583 815 750 176 664 243 936 407 84 364 87 775 752 630 123 573 383 363 873 563 641 131 967 232 924 191 116 686 26 409 549 626 44 594 124 837 81 454 338 678 934 968 155 161 948 179 981 370 76
546 222 535 35 17 349 917 176 556 254 986 660 138 303 163 508 382 57 276 590 627 108 877 820 418 581 816 38 946 460 483 940 392 496 935 795 490 719 955 103 542 577 160 442 595 984 516 558 896 466 218 526 101 591 758 243 594 15 969 940 230 961 621 815 636 532 120 749 252 57 777 884 995 363 696 858 122 404 35 647 624 633 719 688 152 645 821 89 454 739 406 823 98 719 401 769 455 244 431 93
125 496 796 671 762 918 576 37 680 23 848 747 768 659 636 957 334 699 395 713 166 936 602 293 591 548 526 29 267 150 287 420 775 770 185 295 541 533 449 311 930 82 997 408 753 975 143 235 951 576 350 868 158 678 524 685 300 439 678 592 725 532 970 206 964 377 487 281 644 607 83 924 17 432 290 835 851 817 431 34 331 126 803 633 908 398 251 48 464 473 821 52 623 485 162 788 321 464 73 103
217 117 731 489 864 159 152 869 491 265 789 274 118 288 550 717 405 283 401 606 375 364 669 695 792 229 571 22 516 777 936 621 501 300 725 663 289 311 487 313 17 103 169 397 354 84 480 404 523 224 595 12 578 208 174 85 306 861 735 291 464 921 529 66 899 848 794 705 170 54 516 771 79 948 362 859 327 784 565 48 174 56 634 541 786 452 403 910 498 721 460 513 951 858 348 257 458 417 380 991
880 804 181 586 41 180 77 878 177 55 105 69 709 927 129 790 203 244 278 188 663 63 273 175 997 20 143 662 193 65 59 218 135 87 44 358 888 58 341 544 388 190 619 41 593 234 396 504 740 732 181 887 690 524 370 880 698 34 583 351 104 381 869 277 169 108 687 901 130 724 783 827 304 458 642 188 0 378 867 445 677 605 740 660 608 552 697 346 883 57 956 711 705 962 435 386 571 244 113 970
82 258 394 638 735 748 214 963 820 599 348 721 339 428 84 563 53 485 39 901 107 911 701 130 963 755 546 74 616 212 301 291 227 694 480 188 52 240 750 381 327 145 436 313 485 579 201 762 915 755 786 633 251 184 462 897 632 977 478 484 711 614 947 993 77 488 766 52 352 61 214 674 534 642 864 234 72 161 641 505 599 792 155 160 933 986 194 784 537 453 564 812 991 589 449 380 305 927 243 461
430 562 466 196 317 887 692 472 528 456 907 98 335 21 346 793 655 577 914 911 694 542 707 433 490 972 529 175 976 515 944 714 966 289 754 124 951 233 529 189 972 838 646 953 129 447 332 593 140 894 179 694 866 286 14 728 233 89 362 323 640 876 284 876 781 212 264 970 956 743 63 754 71 590 633 215 896 715 665 542 179 881 506 638 790 539 117 442 110 314 445 745 127 64 68 96 808 231 545 835
182 127 984 327 281 295 200 547 601 718 342 814 452 310 305 246 232 401 515 395 794 217 578 389 945 366 195 287 985 956 64 183 869 920 561 357 99 238 966 347 193 280 850 234 393 797 940 114 138 602 642 55 40 816 162 981 544 905 611 388 736 861 52 375 502 933 256 582 731 454 586 884 909 971 767 723 452 449 649 607 158 460 171 939 275 536 234 789 883 424 322 691 974 99 210 167 257 53 62 719
555 819 567 195 525 856 571 519 12 499 29 0 178 295 951 727 503 43 3 503 65 725 525 5 198 549 777 820 16 284 58 744 906 556 321 812 69 280 906 66 729 177 73 328 350 38 116 170 441 881 850 803 849 3 773 491 739 1 506 799 276 79 91 601 551 639 620 408 664 722 721 294 849 954 54 977 47 183 193 628 470 439 477 710 922 459 604 471 598 423 815 844 372 66 392 977 201 412 741 728
866 363 180 762 697 34 302 421 42 71 575 112 360 514 564 209 223 206 505 85 904 564 729 601 496 741 3 878 236 508 358 480 153 427 398 261 664 710 54 64 706 290 612 169 168 348 963 210 62 936 94 263 577 677 947 613 180 711 676 606 405 994 512 23 491 126 809 573 794 999 244 664 970 158 719 892 883 717 362 624 28 493 297 640 32 226 214 599 496 815 648 819 866 136 81 434 811 536 289 876
782 768 668 381 676 58 183 586 9 78 139 461 913 324 64 661 1 673 790 511 96 397 279 641 828 721 363 599 666 150 655 231 906 606 718 872 919 653 295 479 917 817 983 660 748 959 177 520 415 322 650 849 107 952 730 633 571 627 815 830 640 209 43 928 417 948 815 717 994 653 660 156 154 467 129 172 623 198 567 309 392 409 424 143 898 681 845 829 486 701 564 182 873 947 483 586 997 909 981 196
830 465 615 795 66 424 534 329 540 341 856 717 51 730 313 422 336 594 457 277 904 327 62 50 357 224 381 525 611 30 465 263 99 430 902 685 870 5 802 829 878 538 958 984 716 667 841 210 527 469 888 273 697 28 111 587 251 709 432 875 827 557 616 257 733 596 908 890 851 612 41 344 251 170 842 559 692 519 343 849 601 969 990 175 276 817 861 722 338 798 159 436 345 584 442 202 530 2 123 652
651 677 319 686 987 355 85 849 559 737 761 445 497 372 530 224 785 19 86 783 972 166 806 281 251 851 16 193 708 784 133 38 386 678 35 154 417 389 441 170 328 401 528 398 862 721 789 52 443 14 295 901 702 365 598 496 333 372 856 998 873 871 252 639 307 620 537 892 942 341 630 552 898 589 613 871 603 781 768 473 318 112 710 775 619 654 31 562 236 595 319 196 524 362 703 901 472 72 348 780
603 273 143 525 313 634 861 133 278 297 323 378 780 512 918 900 40 997 247 589 675 595 286 805 725 896 688 833 677 859 579 241 220 274 838 436 926 317 282 768 403 105 813 115 134 179 979 549 421 127 751 394 476 580 310 533 560 912 429 573 594 62 472 945 242 906 466 653 74 992 121 607 99 283 823 313 59 920 944 33 827 821 826 924 190 890 21 579 894 684 556 572 418 648 529 872 325 107 126 139
874 873 564 672 520 51 147 244 935 890 889 890 338 733 389 433 437 590 291 860 155 809 128 611 856 701 493 118 179 123 891 102 516 32 359 578 264 312 357 158 6 724 427 743 544 156 35 696 238 298 333 942 893 680 565 940 698 316 377 764 561 719 349 504 709 236 204 725 195 98 358 591 244 664 442 442 384 306 379 821 481 391 484 87 473 98 432 366 885 227 120 306 866 488 137 767 89 952 489 435
785 516 954 612 707 540 632 381 95 908 85 511 553 126 528 936 972 30 963 368 637 908 769 972 940 177 155 112 119 215 361 857 128 954 307 208 866 932 94 496 920 663 4 830 728 578 519 143 185 952 184 640 965 343 54 772 806 424 343 256 644 752 154 123 602 202 93 731 291 451 752 191 884 509 778 399 626 364 849 445 464 958 633 299 824 275 335 607 293 606 171 820 719 364 525 82 551 999 978 843
320 893 863 967 845 190 751 783 992 52 275 537 105 410 153 366 824 135 786 114 314 303 234 602 245 597 746 699 516 466 253 104 253 242 349 6 275 647 893 83 500 413 545 22 71 371 982 78 294 675 529 324 523 350 485 685 783 779 814 794 272 375 647 47 332 319 357 37 70 723 439 628 354 681 147 24 256 145 721 850 406 95 946 875 486 935 465 959 724 275 632 945 93 704 351 209 965 416 201 94
911 889 130 529 208 140 544 551 780 596 613 546 8 873 224 170 799 950 530 773 12 204 794 431 202 512 791 795 489 177 604 581 659 261 996 336 588 236 777 167 178 296 975 629 702 733 466 122 95 843 372 49 870 246 186 228 838 340 152 514 813 13 268 754 419 815 249 563 399 260 332 232 21 821 558 846 250 106 339 767 309 900 260 692 276 950 177 352 855 104 123 665 473 172 615 326 14 269 522 20
459 861 179 302 168 377 111 418 562 120 8 840 773 428 50 833 229 50 331 332 785 491 938 837 247 397 120 408 62 390 625 768 68 225 845 176 630 320 469 953 299 65 212 664 995 828 297 584 929 47 234 703 451 313 205 792 804 303 769 514 528 129 337 508 942 187 264 190 241 436 146 608 512 927 216 722 528 102 758 223 540 478 846 333 450 809 242 45 672 517 732 688 570 110 233 120 489 198 798 854
588 283 749 329 278 724 181 458 843 112 597 697 490 949 352 591 22 355 93 253 884 286 600 387 717 151 801 361 650 220 237 410 991 307 886 565 318 514 490 424 427 238 489 842 100 671 873 393 408 538 978 677 687 832 903 163 718 251 140 227 826 70 517 411 915 481 3 218 946 835 241 443 236 87 993 960 916 26 879 248 568 770 175 478 942 695 493 368 501 693 321 365 747 771 947 331 619 305 151 633
990 801 303 519 9 622 38 628 885 60 425 80 288 767 539 919 274 180 192 704 761 533 203 436 764 620 52 963 128 205 580 826 663 889 54 187 976 362 238 832 305 599 936 769 269 208 261 440 240 24 103 256 725 150 231 579 508 665 344 530 912 454 357 214 856 72 85 940 255 987 985 46 308 396 927 907 372 626 1 354 340 379 538 691 704 314 311 754 273 756 402 45 848 398 984 439 345 774 185 253
475 700 8 614 621 35 715 535 188 384 705 976 812 196 371 531 178 712 312 411 521 743 952 802 973 164 735 548 991 168 90 147 52 615 636 921 398 920 933 221 756 74 605 133 268 749 677 227 156 670 276 750 285 31 651 126 773 333 312 101 387 793 612 664 717 653 743 168 147 975 392 618 491 386 349 337 990 409 441 227 662 800 694 804 725 604 782 735 559 164 643 351 578 973 136 378 220 890 234 335
497 843 931 129 790 113 214 618 30 895 823 414 272 756 454 723 488 466 804 419 477 347 826 921 529 457 559 226 204 2 730 883 284 670 83 722 205 901 630 983 491 166 953 841 785 730 569 48 161 894 776 85 49 90 740 709 35 547 975 311 187 813 392 969 86 820 11 261 4 850 619 103 115 664 387 237 604 30 217 595 823 67 10 606 262 188 926 62 489 573 764 116 214 345 555 138 32 898 174 660
267 977 124 684 958 882 863 842 548 757 960 59 815 247 641 899 809 796 466 133 677 433 764 468 424 771 483 148 322 613 693 839 1 102 273 412 576 597 943 539 311 723 499 19 364 87 771 431 975 275 932 836 948 864 115 602 738 704 432 533 879 350 162 89 581 720 819 538 397 676 711 198 395 831 660 907 785 962 518 801 332 759 881 516 14 892 135 116 734 0 677 394 931 340 564 443 409 882 332 15
947 28 902 166 99 850 599 698 617 424 123 637 101 48 881 592 266 506 998 966 939 306 219 738 242 953 556 78 752 396 861 958 426 571 280 733 121 628 212 705 803 530 521 726 412 359 398 618 698 120 840 427 653 537 398 891 503 350 71 580 436 674 710 802 794 369 209 63 310 174 803 316 736 923 11 916 369 447 920 633 639 263 597 193 835 722 820 730 877 918 983 126 623 459 569 14 734 593 244 188
365 823 837 344 839 899 599 7 627 993 945 993 641 475 346 223 288 357 153 492 417 929 520 494 809 798 289 936 802 704 574 244 192 826 289 798 648 478 207 435 359 724 641 184 305 82 215 493 692 756 399 972 435 227 681 994 198 775 266 130 436 132 471 820 222 682 446 16 263 189 77 895 991 140 719 506 367 600 298 945 312 870 684 430 248 488 196 984 74 760 27 172 814 460 116 658 832 758 102 202
818 200 926 691 63 832 329 922 441 638 304 277 221 346 615 429 111 583 90 395 167 645 594 837 422 653 695 939 108 147 475 342 418 112 962 59 745 267 314 829 896 111 155 781 52 50 859 779 723 917 363 598 882 658 585 627 593 908 341 916 19 934 609 559 99 931 952 150 361 350 676 336 826 645 527 2 662 149 826 253 258 756 663 4 538 722 646 520 979 209 190 274 768 542 286 52 232 212 554 646
176 400 888 781 113 135 286 222 268 349 805 963 693 888 362 767 650 301 612 161 327 94 139 48 425 313 575 928 296 188 247 50 513 69 665 303 902 276 292 982 22 278 267 799 179 551 717 358 592 756 232 368 920 680 926 400 298 304 671 498 913 365 77 590 280 129 543 452 963 639 182 211 44 464 941 57 980 568 123 558 158 420 141 467 96 609 371 217 904 657 711 299 192 279 989 622 312 746 606 929
733 62 559 489 65 909 565 222 715 134 466 111 721 282 704 749 962 474 79 920 866 860 72 248 500 915 140 513 258 699 87 119 482 507 513 445 84 731 723 935 61 796 410 66 146 146 997 845 869 585 643 714 55 339 734 394 681 373 764 473 307 52 761 750 166 669 365 974 591 726 487 34 888 223 792 706 5 506 161 349 614 999 17 39 172 151 207 914 640 652 532 499 478 830 950 438 919 310 516 383
681 393 989 422 381 548 692 599 207 464 632 364 87 398 883 488 658 615 842 35 627 197 199 427 448 842 514 892 242 748 944 394 306 435 95 562 127 932 233 921 210 311 728 738 354 925 927 492 816 966 679 965 844 130 265 33 711 838 429 639 717 694 377 145 352 299 651 17 469 597 207 242 763 773 874 546 184 509 102 182 595 948 447 171 213 667 986 427 756 617 469 840 50 100 976 641 510 870 566 451
709 678 103 649 949 134 883 354 686 30 238 11 118 663 479 532 713 75 223 194 546 140 607 62 770 196 767 175 62 626 501 825 421 22 742 81 731 318 734 726 256 914 95 204 703 351 293 955 471 417 674 219 888 746 648 309 195 539 683 175 955 118 558 224 459 251 911 108 41 535 440 597 238 186 552 32 581 670 157 850 986 846 16 654 791 655 110 991 265 386 284 9 796 879 477 647 744 455 845 39
209 192 436 27 776 950 506 979 640 845 832 294 811 536 358 597 831 527 640 952 847 327 532 93 142 855 906 98 2 171 935 893 831 876 15 905 472 361 300 37 719 778 699 473 676 408 187 428 284 172 63 626 3 620 14 381 911 101 65 161 948 952 374 423 540 545 704 395 93 220 911 439 738 730 1 978 990 294 266 822 769 498 619 890 636 753 336 972 907 743 996 970 598 304 957 90 464 811 9 571
344 919 888 903 431 571 381 214 968 531 681 761 487 607 346 240 672 759 760 813 557 468 426 295 222 451 771 32 248 845 778 772 677 971 735 477 467 183 657 720 687 291 201 925 510 973 308 1000 239 838 3 443 228 123 944 265 375 157 287 316 87 711 11 979 75 991 610 478 249 285 542 291 855 957 114 219 701 64 430 605 386 586 389 353 240 267 478 142 111 85 659 591 589 132 327 158 960 212 646 529
990 724 192 795 189 559 911 208 729 124 521 277 574 479 500 603 524 389 906 1000 536 378 987 442 515 261 148 660 403 982 731 47 744 85 737 874 93 477 740 222 412 225 739 156 390 313 955 92 701 797 795 154 939 953 353 593 244 690 398 563 557 790 677 366 897 872 62 768 411 6 99 949 783 432 448 368 28 730 379 254 471 104 394 418 245 305 505 972 534 176 664 97 897 392 773 402 407 380 386 603
366 820 761 188 969 579 918 933 36 234 723 850 549 203 914 497 226 683 18 180 251 243 457 249 870 205 205 258 276 288 80 491 573 914 177 680 170 872 365 750 957 765 371 160 466 721 93 335 519 912 261 183 323 18 357 827 53 698 784 821 73 183 175 982 788 457 607 646 696 878 430 799 607 462 184 194 186 194 324 90 832 215 770 873 504 844 906 62 442 155 150 888 314 47 427 420 210 151 65 863
864 954 349 329 375 175 445 642 875 673 432 737 321 627 874 560 193 300 896 730 679 654 397 519 101 15 160 278 677 818 60 804 196 273 143 187 234 638 771 843 35 547 323 545 520 821 377 359 167 719 26 725 627 129 601 27 189 129 400 625 495 264 25 271 980 535 37 504 687 860 780 647 879 76 409 450 303 389 153 813 404 714 633 293 581 274 280 178 906 924 479 808 175 28 817 34 247 209 515 1
705 352 483 343 252 937 540 397 703 424 934 3 495 753 249 147 354 102 913 63 822 709 410 501 594 50 683 570 377 453 958 198 845 41 810 890 63 332 53 441 840 343 935 573 755 230 316 638 615 634 996 957 212 373 725 350 58 751 854 652 926 875 706 923 765 249 956 59 105 347 504 822 663 801 734 553 298 870 949 480 519 144 760 118 973 340 583 837 658 249 523 376 981 730 476 395 89 922 13 257
255 508 300 174 222 986 545 727 703 155 579 319 376 725 450 265 847 556 969 815 429 417 550 830 212 361 761 83 659 749 13 584 738 789 250 815 409 655 83 755 356 603 574 238 666 974 374 930 236 919 882 195 458 834 840 816 670 316 260 915 580 431 6 609 308 120 826 433 996 478 353 253 143 871 942 211 587 415 245 614 787 531 156 769 680 779 20 159 938 470 288 389 712 238 251 788 542 175 771 650
129 429 597 509 377 449 829 710 545 609 802 414 871 280 992 416 766 280 732 57 251 806 74 199 884 495 305 726 707 993 675 18 831 151 922 826 950 50 588 218 389 680 714 964 413 103 468 624 731 577 116 331 288 471 463 519 111 932 212 986 38 58 319 13 517 658 704 652 549 598 156 75 748 256 600 585 889 771 215 991 340 662 906 19 636 998 239 783 17 923 607 443 972 713 298 416 702 536 580 783
450 94 848 392 993 360 111 780 102 884 877 498 113 161 531 541 45 468 608 582 353 507 881 312 320 935 102 863 310 317 478 362 94 634 709 443 221 12 408 754 634 214 795 248 688 294 967 227 119 837 604 939 502 80 212 51 751 924 183 686 354 566 539 447 807 221 932 567 565 457 40 723 18 225 479 319 904 493 397 356 513 547 130 693 775 676 14 1000 438 743 780 159 416 69 67 862 956 188 330 683
172 518 2 21 672 539 895 841 16 990 433 442 309 238 1 872 526 232 427 102 507 433 620 708 700 206 587 56 764 855 26 525 588 807 188 391 534 240 998 18 680 413 448 62 209 659 517 20 59 219 641 896 289 324 588 732 306 318 516 391 278 826 38 738 947 941 388 815 665 337 186 146 266 698 623 867 506 707 624 127 327 602 94 727 246 426 830 64 39 744 421 507 232 818 536 452 385 400 320 416
209 707 166 991 839 92 958 603 826 427 884 993 83 892 457 126 160 981 875 358 836 660 469 220 792 444 721 580 432 933 200 709 298 539 70 608 111 574 870 235 198 385 36 760 129 469 977 143 873 290 499 809 39 256 924 700 908 821 935 354 602 730 709 225 164 858 27 752 337 608 437 153 283 857 316 236 757 686 312 94 327 916 510 476 518 208 975 947 610 746 121 847 813 392 411 709 336 707 570 772
478 300 467 135 399 916 873 82 737 875 580 868 567 956 233 146 675 936 254 776 892 763 699 290 31 329 791 569 812 343 449 27 658 937 869 0 994 770 728 874 530 990 831 732 503 427 185 899 54 531 155 752 923 948 336 190 273 508 607 470 619 73 567 124 677 697 913 989 26 964 697 954 541 87 66 103 271 632 273 495 530 771 745 77 324 549 496 311 115 496 216 765 98 788 982 140 143 721 681 266
490 463 293 832 400 96 120 134 854 3 20 234 474 864 787 572 422 795 975 294 332 418 145 428 460 613 651 722 245 198 844 877 502 332 138 422 747 566 547 10 92 642 149 175 924 305 49 929 52 914 541 582 470 684 56 722 866 896 348 29 915 645 111 352 69 252 260 708 403 373 679 295 603 866 179 385 392 959 894 888 275 237 716 748 744 991 741 671 195 597 679 533 662 339 826 8 368 128 235 638
801 69 566 903 38 629 546 80 73 551 833 910 670 597 717 142 331 65 979 361 246 570 799 787 123 365 142 172 106 51 365 849 618 607 401 862 232 283 618 303 829 912 957 632 744 469 175 560 249 672 164 67 443 305 268 270 422 329 342 207 25 19 588 351 1000 943 629 100 801 302 867 913 214 569 603 15 850 509 136 239 362 634 609 36 562 433 374 100 462 284 743 845 267 764 475 391 993 617 972 385
353 400 388 695 337 56 800 601 969 131 747 407 289 788 598 224 646 368 122 309 393 359 926 449 695 758 163 918 777 801 77 450 275 536 746 411 785 24 859 308 35 228 325 221 623 361 815 263 402 297 540 613 802 755 188 286 485 50 753 539 505 95 82 555 816 681 246 409 871 662 598 533 276 643 685 286 891 768 479 76 988 25 941 233 259 419 503 150 76 912 173 697 651 514 28 205 419 518 343 379
216 579 990 267 32 521 255 36 856 714 397 453 756 625 833 263 288 717 746 528 161 388 530 874 528 292 214 933 494 731 95 213 869 991 880 446 10 883 13 752 33 748 699 956 39 588 137 489 716 768 788 69 349 443 413 478 349 512 208 722 855 745 202 566 208 300 256 226 872 188 169 327 106 391 60 249 76 913 13 813 269 158 621 570 96 756 592 635 227 132 981 678 94 871 641 858 147 924 297 413
70 580 506 262 392 887 440 538 528 967 138 202 342 906 768 322 933 958 46 563 72 794 699 366 808 244 953 553 253 79 740 618 848 813 646 820 236 699 262 506 740 847 312 590 152 505 113 202 968 519 393 897 404 809 519 644 757 952 290 161 935 572 520 979 812 694 129 906 331 245 668 270 850 805 167 38 163 997 456 471 698 448 889 330 758 734 993 599 432 871 755 821 399 813 177 434 389 179 743 667
333 772 516 198 96 337 536 505 252 139 915 683 360 494 381 338 751 288 195 972 555 469 100 692 827 811 822 832 974 260 684 108 914 311 723 753 194 901 414 992 34 188 805 298 181 570 586 347 720 165 268 508 30 563 176 293 320 508 753 193 353 106 781 877 669 652 975 661 986 167 387 342 557 231 674 504 886 130 17 522 585 194 544 862 214 106 152 695 384 141 928 400 883 750 255 616 276 287 0 503
489 581 37 188 304 754 788 869 226 309 783 355 867 998 247 553 424 572 620 378 91 856 490 249 213 327 53 590 426 457 224 7 22 486 283 318 349 951 63 618 875 487 516 19 456 96 865 127 408 244 731 694 305 488 605 38 177 970 83 47 654 83 100 242 608 518 20 516 121 926 391 74 826 844 829 939 337 563 472 191 228 98 807 34 302 79 943 289 283 199 614 934 504 262 956 423 908 321 52 185
360 23 353 382 732 122 383 284 595 808 55 50 341 299 843 549 221 885 654 899 235 167 532 230 33 899 833 128 93 565 89 581 703 269 683 722 45 531 689 168 44 189 219 922 322 175 73 917 496 271 568 159 638 267 141 747 947 513 816 213 463 596 962 2 919 791 74 26 534 818 645 806 40 2 769 193 916 370 420 85 888 173 504 491 206 658 926 228 628 343 433 607 356 657 163 913 882 333 431 166
464 99 312 285 231 769 469 818 171 8 129 650 479 825 427 871 636 562 659 249 820 943 524 321 845 332 786 508 635 951 379 164 155 261 964 59 897 757 681 780 203 222 941 14 904 806 350 268 337 679 862 699 294 192 327 987 177 656 553 940 404 375 329 598 918 664 78 939 533 549 661 667 491 757 269 470 369 228 813 231 98 50 958 717 79 197 165 46 946 589 684 851 768 103 813 17 950 219 116 266
132 502 130 616 895 827 830 114 109 111 698 396 44 334 604 563 757 147 438 51 502 477 863 58 176 974 856 157 338 881 989 520 244 911 756 996 960 623 968 782 544 579 254 748 187 844 257 747 114 503 662 93 971 193 202 114 73 497 416 138 159 46 589 993 649 648 149 631 373 495 407 917 683 253 629 377 544 589 716 197 720 70 724 22 962 890 642 312 126 949 228 768 250 501 100 325 32 332 340 815
827 709 521 615 958 624 712 903 375 790 58 517 375 350 780 812 547 173 732 854 586 735 805 50 402 250 738 931 773 365 449 927 24 686 684 52 28 284 121 492 45 572 104 486 866 484 679 163 213 416 962 616 588 844 793 855 566 788 634 338 758 610 613 408 617 759 593 462 69 837 649 789 534 873 565 781 412 983 418 770 460 680 508 235 71 397 183 804 323 846 26 613 575 313 399 496 39 682 689 581
63 270 953 168 66 364 370 799 322 165 744 458 994 439 64 472 392 422 241 774 700 10 745 842 389 14 949 481 344 369 969 584 114 96 6 663 954 876 770 919 479 60 352 451 392 583 272 196 741 814 911 805 804 226 293 212 95 170 185 23 207 565 288 419 540 316 832 375 419 653 410 911 808 76 105 519 900 40 7 519 353 438 526 796 347 884 320 213 991 968 878 338 115 839 951 38 147 590 645 20
853 98 193 88 813 749 105 820 625 189 599 284 151 888 274 803 700 485 270 281 643 946 472 347 215 744 898 386 817 890 509 687 969 831 558 440 19 772 163 612 238 216 815 70 997 540 164 420 509 912 102 380 52 91 300 263 29 364 177 118 377 100 77 950 453 447 177 159 532 908 549 858 705 663 712 4 34 525 635 530 94 172 144 732 54 92 20 450 982 801 305 812 18 374 246 506 485 15 817 593
936 87 862 244 121 506 392 440 101 562 48 700 109 962 493 756 272 741 578 563 568 813 412 433 798 942 67 958 767 67 36 53 419 868 682 896 739 896 215 959 300 310 868 148 158 188 901 649 519 375 665 241 860 321 367 650 60 61 423 436 94 974 107 596 398 484 352 131 933 948 333 475 188 13 925 148 823 950 760 205 897 622 811 399 470 898 504 10 469 966 121 256 169 229 843 703 819 666 468 619
845 45 344 513 761 590 770 762 377 477 744 231 263 162 643 730 265 634 962 130 820 510 672 311 699 884 212 883 696 878 296 161 1000 296 575 234 301 55 836 784 744 306 588 832 837 63 532 463 298 726 41 721 812 794 69 370 924 902 15 253 844 181 309 718 948 497 367 745 758 978 844 449 301 248 199 62 318 123 848 820 182 548 835 400 814 605 459 2 172 194 864 361 319 83 92 486 826 406 207 11
113 566 360 479 851 369 197 529 217 885 732 815 608 182 303 281 972 314 611 343 427 256 606 58 175 974 212 38 766 411 948 922 734 770 364 721 408 634 796 535 113 781 871 487 20 85 863 744 65 828 668 98 772 349 755 361 224 187 960 491 159 924 521 219 145 881 808 27 384 868 567 771 325 971 178 824 459 100 67 924 397 655 254 399 613 56 572 510 603 342 17 594 764 377 529 544 905 452 491 405
515 190 765 928 601 740 864 961 599 746 531 148 269 114 679 624 405 149 493 480 623 482 653 62 496 437 772 918 873 505 331 778 297 915 597 819 370 42 489 196 582 106 782 476 825 852 654 753 83 86 765 827 236 674 569 984 763 987 612 784 155 988 868 44 563 109 372 518 433 290 296 762 429 362 100 630 583 589 880 797 425 412 827 342 965 185 778 56 719 993 800 21 605 234 533 104 857 458 616 12
439 341 463 741 233 78 955 368 258 469 783 508 259 867 279 894 52 125 596 408 184 166 399 870 90 744 780 730 26 242 880 762 535 242 551 789 499 218 202 975 725 712 556 683 831 694 362 474 102 377 459 309 753 830 145 772 158 16 16 308 900 840 792 648 679 190 798 13 290 857 240 881 886 869 40 537 409 673 506 518 825 699 950 528 368 175 59 699 834 192 120 307 390 477 417 954 202 70 174 200
398 583 427 924 969 826 162 378 246 725 553 70 723 454 298 896 898 310 269 469 657 437 97 878 630 382 996 408 222 471 33 826 242 60 807 438 216 315 163 784 92 272 961 967 264 967 613 863 130 73 251 824 72 572 385 700 325 153 141 534 48 585 549 414 265 30 71 874 470 899 15 573 609 756 345 594 756 853 967 137 448 747 393 731 4 682 11 881 602 15 653 484 971 547 336 898 126 711 633 199
575 623 612 81 590 202 591 510 353 253 207 307 300 104 807 691 484 9 658 486 870 260 816 304 544 350 75 304 938 818 115 225 937 690 93 109 784 734 731 862 787 707 228 169 695 508 287 415 515 575 599 128 818 942 262 78 813 750 489 472 675 185 80 829 820 181 586 846 287 197 192 600 354 588 321 107 573 61 379 353 136 617 160 648 150 584 637 818 49 303 764 883 114 728 504 409 661 971 723 811
615 259 51 866 682 323 980 159 220 432 287 487 865 653 278 393 928 934 902 875 789 445 278 427 378 770 818 80 884 796 530 105 235 887 116 513 306 665 788 287 302 343 701 323 573 810 210 936 398 934 702 612 837 982 736 842 881 985 399 362 140 686 96 31 308 115 965 911 945 737 564 476 177 649 60 606 162 162 956 189 416 756 817 791 945 155 698 529 431 697 600 167 498 820 119 139 912 459 781 102
549 566 632 517 947 764 162 527 388 773 465 979 699 224 93 630 841 239 583 708 826 207 595 223 579 83 530 526 742 948 434 210 595 623 408 500 300 26 864 875 626 489 305 656 48 754 206 381 686 92 875 941 540 877 472 661 613 726 122 244 906 340 432 706 123 914 8 977 925 952 482 457 858 775 671 19 688 99 740 833 447 679 495 547 434 700 30 907 130 828 762 736 516 376 819 834 696 561 330 941
257 565 823 321 470 231 848 791 353 946 776 853 478 361 357 871 666 558 493 642 85 774 82 144 493 196 908 489 617 742 373 929 805 489 596 536 35 547 157 930 787 380 971 749 448 972 165 912 976 392 489 645 512 151 97 136 69 747 876 644 362 201 457 544 198 562 603 57 320 839 327 689 332 159 675 760 764 672 221 980 805 78 112 634 649 264 3 546 483 713 86 469 545 202 473 589 967 363 689 453
445 257 693 892 171 870 52 717 136 47 145 630 966 2 187 913 491 72 605 448 668 971 723 301 0 50 543 145 566 226 975 260 462 945 418 80 858 745 139 67 241 517 450 992 559 4 433 527 748 403 656 399 400 649 233 883 977 446 932 240 426 738 770 662 240 897 952 321 881 834 824 566 740 615 281 978 199 939 958 266 709 137 29 542 349 509 741 676 475 181 138 277 520 940 356 584 440 688 833 415
134 997 746 909 916 853 241 257 283 689 178 473 361 256 963 117 239 760 898 283 123 484 496 439 118 326 954 982 146 308 475 102 783 698 238 371 758 156 161 593 234 456 436 488 901 915 602 139 129 579 267 759 954 518 470 907 229 929 706 672 80 605 78 493 754 430 815 545 201 820 710 107 756 554 872 737 142 391 119 334 429 218 810 560 25 969 69 354 556 24 910 26 413 453 539 341 929 989 89 822
492 949 121 217 737 720 909 466 489 44 78 840 2 510 43 670 672 144 884 418 512 561 179 342 299 8 528 646 600 109 778 394 704 177 271 180 795 335 168 292 672 482 123 674 33 602 296 973 783 61 660 749 226 844 23 430 127 577 463 603 952 116 340 312 244 992 340 538 183 398 389 778 544 266 385 5 139 539 688 466 131 459 542 534 516 443 336 795 695 336 839 821 637 413 818 460 837 267 526 449
977 399 532 231 351 507 35 677 844 840 519 641 529 641 806 505 679 968 956 110 29 593 172 351 434 88 496 888 558 519 836 612 576 884 227 261 396 455 444 117 39 529 342 61 630 343 455 878 966 1 38 828 313 779 176 892 184 741 134 995 525 727 754 756 391 141 498 796 331 69 892 909 662 770 83 670 311 127 489 753 92 769 862 504 917 409 403 244 689 550 325 681 809 637 612 520 478 148 410 392
628 321 771 616 857 814 571 724 56 804 885 117 601 564 120 892 580 397 405 355 778 270 953 363 655 788 114 421 553 75 67 934 684 653 41 530 706 55 897 938 536 976 207 555 506 16 320 142 797 796 857 146 636 298 330 444 350 807 92 148 264 676 36 776 721 367 824 75 372 832 552 78 523 114 588 937 710 313 612 597 967 643 191 737 944 12 134 642 558 360 669 764 945 337 907 561 947 819 515 148
263 643 616 377 147 628 632 955 10 514 851 672 158 465 550 218 659 272 437 906 97 174 297 206 687 409 144 1000 312 136 136 127 519 117 77 438 539 376 991 754 76 590 740 851 415 371 572 773 735 542 842 955 532 767 799 329 334 62 511 708 320 281 375 517 516 943 461 94 644 199 846 392 883 649 112 816 988 668 8 246 9 67 175 95 353 460 734 359 1000 662 436 264 122 358 186 504 57 968 786 737
454 192 503 512 998 472 611 766 628 493 274 318 826 755 302 740 682 18 743 500 586 744 45 159 982 508 773 906 113 59 166 553 458 277 455 546 173 87 775 278 617 816 156 129 504 482 597 225 615 1 986 472 243 423 340 70 873 785 954 894 787 362 263 914 330 932 895 69 59 792 681 981 890 588 626 845 522 822 720 927 352 518 293 439 982 959 74 689 654 939 46 574 973 520 921 440 810 525 819 321
96 999 547 834 549 730 954 108 240 211 730 730 511 546 71 272 81 235 840 194 114 923 280 360 148 669 961 732 376 957 280 717 797 910 94 916 788 514 137 811 271 695 475 514 217 615 527 308 719 526 289 850 662 534 925 575 326 962 989 268 160 109 669 526 912 409 963 630 918 751 573 962 385 143 483 595 26 951 533 13 837 579 207 477 920 744 213 612 350 237 659 550 459 802 170 690 364 390 810 133
249 236 484 445 787 820 554 48 442 563 376 860 515 561 425 777 932 322 275 27 690 363 231 201 62 43 9 573 769 29 372 387 383 341 178 204 327 214 407 476 184 99 922 837 759 110 701 508 364 584 69 396 734 462 360 53 517 619 592 523 706 146 700 227 629 258 639 777 407 5 653 110 620 842 298 715 909 952 133 175 229 138 771 475 410 967 305 339 527 999 236 829 823 900 247 899 279 476 725 280
707 727 432 397 563 335 40 737 332 903 210 715 174 92 309 763 394 134 913 540 970 427 394 970 509 127 911 368 891 161 391 948 738 927 724 386 242 737 878 462 266 848 234 657 366 555 411 999 292 86 298 932 174 249 934 61 774 518 987 806 503 847 189 825 869 836 245 431 423 27 347 3 957 895 329 170 1000 951 209 982 330 668 537 807 181 817 374 771 977 686 767 401 77 961 663 582 258 103 270 206
372 247 19 8 796 19 13 255 843 452 824 272 616 871 76 481 984 264 253 423 538 599 897 718 788 565 24 451 187 175 275 897 362 617 352 362 446 723 602 512 107 712 941 91 635 89 705 255 877 943 596 574 958 453 789 937 349 246 394 963 979 35 584 423 344 586 495 888 4 93 814 275 834 431 182 296 820 621 452 388 726 381 832 168 170 677 27 896 465 614 815 233 232 291 387 386 326 697 36 861
622 761 574 140 867 134 573 7 638 566 407 58 681 650 798 125 823 353 346 166 379 401 883 7 145 803 454 388 334 315 443 693 502 441 763 824 231 614 542 561 831 189 626 121 87 758 264 622 958 828 157 463 508 566 863 404 798 757 478 882 634 655 617 764 161 929 96 842 485 690 687 107 210 147 606 667 595 293 850 1 201 722 665 771 369 673 672 21 82 72 717 515 466 188 557 474 746 939 503 267
546 266 465 837 321 371 856 444 408 312 990 530 871 75 924 507 602 338 892 375 136 795 63 159 101 552 675 541 578 326 178 487 153 329 660 755 235 976 91 576 345 33 965 990 161 55 933 418 709 892 888 139 237 455 291 404 906 492 398 380 996 439 786 412 714 948 126 223 985 800 949 459 197 55 131 10 686 834 561 919 211 806 873 769 879 157 246 682 695 806 472 874 302 719 965 498 712 404 157 440
267 554 20 296 557 297 657 447 962 934 565 531 743 233 10 349 685 774 940 869 791 976 226 118 654 685 862 454 981 658 177 191 313 114 840 18 699 723 549 801 341 983 370 860 760 380 981 136 251 37 720 619 345 605 211 339 507 281 439 836 763 260 571 554 914 423 165 987 800 172 54 237 965 21 122 959 749 448 216 175 54 491 503 374 481 39 488 393 94 278 871 449 135 51 458 604 254 780 812 37
708 809 855 25 570 662 909 738 611 45 36 675 603 325 179 768 39 990 198 93 313 168 308 565 378 99 97 433 915 938 962 169 965 385 646 273 651 922 609 461 30 427 711 963 452 664 13 688 186 569 706 64 187 92 385 74 356 224 255 961 815 496 549 776 492 163 236 720 392 283 255 547 31 871 911 388 49 894 983 118 573 880 194 514 153 133 74 395 620 218 823 596 570 318 587 858 590 634 468 782
446 480 670 670 624 730 486 886 371 986 690 248 990 346 337 181 684 647 961 633 132 512 77 190 478 450 413 49 395 122 875 387 391 841 380 612 586 81 609 890 527 449 342 143 609 917 868 570 882 160 690 930 285 700 449 365 240 632 390 619 314 351 939 327 826 752 62 693 377 700 661 50 56 971 827 91 78 293 201 490 635 186 679 958 598 287 678 108 640 982 806 327 753 768 312 117 552 544 491 956
123 341 677 649 94 675 274 942 85 642 667 666 237 393 377 994 437 96 265 541 697 14 864 51 161 981 885 277 11 51 334 336 699 566 852 50 253 680 657 183 304 747 962 872 759 437 448 934 902 98 438 470 762 226 509 541 621 810 513 442 512 222 836 768 388 321 287 676 844 261 701 928 312 824 811 254 52 399 123 621 722 536 387 564 975 449 22 105 62 642 566 542 682 39 292 385 875 906 36 726
238 253 671 447 611 317 185 736 28 533 565 369 229 607 642 718 954 501 964 940 634 694 522 987 497 630 963 296 80 244 0 949 631 1 227 837 978 50 599 779 701 114 607 461 301 826 937 395 502 313 448 809 164 552 602 130 654 248 12 444 336 623 632 974 412 60 399 674 669 428 797 710 240 38 552 957 445 337 756 663 623 177 209 629 556 993 265 965 336 154 187 300 6 208 957 394 645 51 545 611
646 246 912 238 300 56 922 841 539 635 207 780 676 54 152 135 738 622 818 335 441 338 719 717 497 709 77 831 274 13 154 654 904 907 58 205 173 370 900 77 400 534 133 675 875 987 309 389 273 641 714 893 457 447 825 214 616 11 536 883 433 305 798 835 238 201 572 313 80 72 123 44 718 707 352 165 169 914 53 564 556 232 276 897 542 831 311 697 904 336 53 531 53 940 282 44 939 406 384 454
572 511 732 239 30 641 822 698 614 303 203 767 547 731 158 823 401 274 967 392 449 421 284 932 586 483 571 365 186 11 292 840 241 73 586 941 832 440 908 848 236 417 851 891 804 160 93 591 611 565 944 695 412 307 780 837 41 14 901 642 517 413 247 341 80 198 189 452 155 143 473 415 128 947 241 809 787 473 408 205 553 753 781 469 377 578 338 36 163 164 380 871 433 81 850 607 673 364 110 265
701 554 890 663 414 293 935 369 69 929 121 581 270 370 130 491 649 400 158 15 416 91 125 278 483 184 193 964 876 623 335 482 145 64 558 624 968 467 411 341 564 174 532 10 542 407 924 542 460 847 153 620 156 330 171 294 388 280 69 585 973 261 662 228 742 348 536 49 598 795 459 661 6 393 393 557 583 722 563 462 40 143 12 214 501 269 478 230 657 254 25 506 820 836 563 799 775 477 285 777
922 136 99 44 325 293 947 317 738 578 934 875 500 848 334 107 938 573 302 384 457 40 249 173 712 342 940 190 480 397 474 695 65 639 534 71 426 105 209 104 514 931 769 730 172 856 1000 922 263 233 834 931 856 617 568 214 335 733 390 781 62 854 927 809 129 638 156 409 558 694 130 925 292 954 680 300 584 575 270 696 540 294 70 396 139 125 763 692 753 728 340 268 21 214 772 119 132 88 50 695
666 121 855 642 24 47 892 841 333 116 71 86 514 683 338 353 470 120 922 767 673 847 203 804 458 315 513 869 16 383 212 942 53 242 320 178 323 160 696 498 841 468 605 887 34 443 413 653 337 425 860 321 557 314 277 675 869 920 833 574 23 441 683 405 959 76 556 474 1000 825 336 886 627 758 615 751 51 690 971 961 314 472 970 704 188 755 955 66 544 915 673 812 349 731 367 595 509 63 237 217
990 663 175 434 734 868 16 550 309 289 912 777 834 418 494 36 221 205 865 728 142 188 628 101 448 881 976 880 373 211 62 729 503 423 267 133 848 837 706 265 972 986 697 188 570 284 89 160 703 220 515 819 180 562 289 982 63 643 690 195 942 920 874 824 0 96 105 699 707 977 429 441 402 727 190 358 623 502 729 362 990 874 709 454 752 941 767 938 241 971 956 771 502 591 780 909 121 953 129 1
28 421 442 36 660 312 739 347 540 835 722 706 184 685 452 223 350 37 363 151 999 265 382 841 821 342 838 913 939 823 866 901 900 278 851 396 69 963 261 770 652 333 78 886 640 726 164 579 985 711 670 862 445 509 133 838 971 638 233 953 129 452 457 247 356 873 80 597 423 135 359 217 7 363 631 278 73 624 258 355 913 22 147 491 849 215 473 635 698 253 109 58 933 962 408 427 216 137 829 147
234 318 919 902 858 543 572 135 457 245 335 613 776 343 20 918 778 867 366 688 374 352 24 757 69 130 714 827 60 2 404 263 641 642 687 12 494 184 629 838 319 342 175 639 92 240 78 248 743 431 969 647 397 818 590 394 703 490 29 965 651 874 83 787 75 146 284 8 437 748 773 99 508 943 968 604 790 424 63 230 484 3 746 172 289 789 723 733 910 338 352 230 39 799 878 33 353 251 974 914
478 468 947 787 235 993 116 362 797 24 390 997 446 795 157 974 170 98 972 61 634 724 940 159 965 434 449 675 881 38 597 128 751 462 80 653 655 449 834 671 586 704 981 685 0 351 834 840 637 366 953 771 234 726 981 613 807 894 831 881 474 202 75 62 980 315 169 226 419 213 304 511 67 359 892 6 8 810 957 199 886 508 911 942 851 130 688 989 87 557 753 487 692 776 424 884 448 533 718 138
289 991 685 866 657 652 704 700 201 771 966 478 562 253 569 698 734 661 543 858 15 652 240 99 837 11 39 755 903 843 878 5 145 855 169 721 316 618 110 347 971 484 451 912 759 382 822 619 543 373 352 755 692 760 449 454 583 829 839 539 292 375 408 910 200 419 115 501 170 313 508 86 95 714 748 395 510 238 749 182 586 831 945 570 621 706 950 380 176 48 74 720 517 133 309 816 79 995 570 273
15 900 769 595 883 722 523 937 154 841 903 601 858 608 222 463 271 941 712 145 636 346 762 493 360 34 232 41 862 524 630 859 487 39 190 537 57 309 181 89 493 924 700 729 430 305 513 195 507 210 18 925 826 446 371 431 16 213 438 466 706 464 583 15 581 888 46 659 50 840 896 451 272 179 190 466 56 234 607 416 445 911 488 664 83 938 526 793 229 294 161 922 40 215 76 996 722 894 624 139
739 375 383 913 598 473 297 386 180 315 277 907 218 284 891 464 622 630 156 474 939 318 997 282 287 455 495 259 799 994 861 21 25 376 570 251 100 611 258 189 812 186 0 174 937 494 157 854 505 739 520 277 557 965 138 685 986 907 168 129 847 272 832 693 101 366 423 721 784 794 486 903 287 456 986 865 815 352 42 125 266 247 293 791 314 420 13 827 760 621 831 938 639 27 784 795 842 613 438 987
832 837 254 720 1 321 41 84 797 631 431 228 965 857 769 447 632 791 632 702 682 643 536 338 962 590 969 473 436 681 888 265 499 299 762 419 637 496 290 540 968 144 854 601 31 400 201 805 386 712 891 453 816 543 988 869 448 446 914 48 325 988 753 703 926 372 452 197 531 247 198 140 8 303 968 732 854 86 927 931 605 454 88 304 18 48 79 797 986 958 971 671 740 254 925 955 416 965 597 206
21 890 497 471 180 41 434 704 199 48 600 523 922 539 766 284 61 816 775 733 170 292 158 743 535 103 516 364 215 578 817 599 92 707 55 511 931 173 167 371 438 947 577 995 806 211 876 817 172 181 639 643 917 153 36 298 7 733 490 990 478 809 591 558 574 927 778 942 389 870 722 455 436 165 884 719 667 466 425 312 102 966 785 755 451 610 591 602 747 616 416 435 67 446 196 831 755 734 380 145
518 212 575 483 68 510 102 135 136 902 43 631 975 616 470 878 583 504 988 706 107 598 691 556 843 934 628 344 826 580 981 219 342 517 56 47 430 387 736 281 995 330 85 60 345 621 366 494 7 504 844 15 263 890 410 474 896 683 313 29 625 282 525 865 599 644 105 291 524 357 279 419 325 496 548 129 922 725 656 916 385 772 270 751 321 990 405 317 133 200 166 240 515 297 11 523 599 903 517 507
609 140 340 714 660 682 864 906 167 992 136 926 890 485 430 828 681 324 218 515 714 5 678 8 82 859 545 330 611 968 486 245 625 750 449 653 157 22 481 850 550 402 342 673 39 323 632 820 485 389 295 899 85 830 295 370 716 801 758 879 325 946 391 724 4 188 800 851 369 162 370 324 993 431 194 198 846 15 644 20 925 121 951 937 862 460 848 480 936 941 465 55 979 825 774 642 255 133 330 77
163 501 450 333 39 893 919 916 785 984 51 738 275 354 253 819 338 774 716 135 154 308 919 686 377 566 527 265 273 156 272 332 230 758 524 774 623 163 875 936 754 231 709 911 251 285 186 99 161 60 643 870 20 703 232 94 889 447 634 110 291 827 188 922 632 87 983 450 368 930 391 401 992 78 750 180 219 872 468 788 213 403 906 400 80 775 947 597 835 680 611 14 500 711 777 118 882 305 660 437
968 760 28 601 741 420 308 754 542 33 362 38 634 245 420 502 38 22 102 660 682 205 678 438 497 194 98 214 149 643 921 982 462 148 447 418 602 758 213 703 11 865 884 528 902 225 496 23 139 843 731 919 859 61 664 160 514 772 488 494 115 483 557 868 159 657 577 109 107 394 544 736 254 279 613 47 241 402 5 175 257 958 840 535 500 960 157 381 361 293 289 789 295 448 502 593 369 438 459 214
179 139 600 248 912 15 524 4 858 593 504 567 425 248 30 659 71 793 971 870 518 909 252 658 223 121 101 295 60 414 158 113 105 397 437 48 375 109 912 839 565 809 920 255 722 525 746 340 520 860 951 386 599 23 59 772 481 485 399 162 20 805 102 352 531 772 19 999 401 633 476 552 969 560 87 948 65 628 378 570 256 327 489 482 669 888 959 245 687 187 430 557 954 220 619 165 740 897 7 346
345 79 249 223 303 13 134 58 502 366 580 290 312 912 20 402 484 315 435 912 232 437 323 437 622 525 86 960 681 96 882 690 858 865 158 219 462 78 651 44 286 507 252 575 608 682 505 527 346 319 791 84 714 615 920 859 279 242 883 976 480 116 250 810 76 25 229 590 102 585 235 714 741 652 886 304 469 866 957 160 291 879 685 42 74 77 296 753 435 694 385 378 297 805 174 509 834 936 929 194
989 277 520 20 204 115 316 14 854 443 109 475 974 767 527 796 101 386 824 962 218 135 394 624 98 382 578 882 127 838 9 813 578 141 674 480 61 444 225 754 78 971 100 940 131 613 78 433 186 973 935 899 222 582 88 488 993 446 72 229 724 363 267 261 382 403 791 991 217 836 656 360 30 318 124 738 540 99 733 38 21 824 526 98 843 74 329 967 784 526 315 189 607 862 535 750 72 769 87 301
37 736 429 690 958 941 965 20 612 51 434 203 774 874 381 172 80 224 97 874 358 587 798 375 553 969 500 202 673 427 521 433 999 546 274 514 374 378 240 205 274 384 256 886 120 275 397 178 692 983 25 694 690 239 327 565 666 940 701 651 555 952 353 29 209 910 554 378 235 733 34 970 337 703 46 43 41 899 265 976 67 270 831 268 686 15 785 51 879 306 23 63 877 341 459 434 73 421 853 933
53 913 609 310 2 0 743 603 79 768 581 628 994 348 833 370 899 742 163 348 960 404 570 751 476 384 459 123 145 665 813 462 32 366 631 626 393 320 308 7 98 331 342 122 101 961 137 737 159 741 37 290 953 639 659 363 523 727 768 158 778 620 671 993 18 207 606 374 613 948 488 515 713 600 497 344 46 281 95 655 891 55 669 951 144 99 953 435 847 364 110 470 123 336 533 202 777 198 673 689
597 12 856 179 169 719 775 647 816 301 176 307 769 354 141 616 940 123 952 436 241 269 832 365 82 311 18 561 875 316 892 409 439 827 218 941 476 553 406 833 962 441 816 910 960 47 197 605 553 780 97 821 728 589 377 51 354 978 929 840 978 260 351 965 78 596 516 562 786 456 33 514 747 17 202 357 64 553 180 292 845 442 906 812 841 962 999 364 937 174 978 397 658 883 408 594 233 424 777 128
233 292 582 846 767 582 642 316 29 162 991 215 996 661 902 276 868 235 163 880 931 313 334 422 565 232 272 690 522 598 698 17 200 754 92 583 575 543 409 580 943 130 181 66 392 791 82 39 157 604 670 737 399 824 675 235 585 71 241 543 912 930 21 174 135 11 921 167 989 320 598 626 182 662 928 820 922 431 889 36 262 137 331 400 594 52 93 136 475 686 995 76 7 918 66 129 634 406 701 887
862 528 345 841 127 699 749 860 824 938 933 338 191 751 144 439 584 404 515 838 868 66 779 655 192 348 402 49 504 536 816 625 775 752 211 34 114 216 621 358 206 748 721 572 398 929 836 174 329 638 674 833 926 297 903 741 542 234 901 978 766 253 179 254 237 342 135 911 300 702 592 416 122 336 182 439 369 977 185 308 671 982 279 436 505 211 654 150 129 410 473 202 774 858 641 254 278 759 833 50
799 284 184 28 881 736 482 952 465 794 965 261 419 326 159 505 692 579 830 641 241 797 936 135 121 155 84 576 491 438 502 351 586 549 483 515 90 445 961 700 432 675 604 427 766 13 440 81 383 226 891 764 79 943 761 795 218 457 368 841 175 221 164 703 384 756 708 730 401 189 72 363 201 599 106 117 689 953 59 95 828 462 199 428 266 157 286 115 38 864 54 690 58 129 753 608 176 587 387 355
791 364 264 414 298 40 182 452 36 159 142 916 706 958 35 347 843 693 791 619 447 378 304 158 449 20 53 323 963 590 257 637 138 468 262 376 694 103 571 71 549 143 167 987 352 845 403 540 381 745 763 261 485 403 283 752 182 127 954 367 907 319 313 276 779 143 354 655 791 109 837 799 869 110 554 846 981 308 450 630 327 259 200 99 460 56 287 581 726 902 909 394 727 907 91 624 120 12 532 762
254 326 137 781 898 910 245 818 333 719 339 660 239 972 301 712 468 312 948 551 787 475 868 110 243 432 265 223 17 352 248 212 471 486 405 969 959 98 68 911 12 965 771 459 993 740 252 823 472 160 974 710 129 925 563 215 221 720 943 959 534 187 424 870 773 528 259 576 168 31 44 393 526 630 821 744 240 935 809 216 633 312 585 451 180 179 948 122 132 488 99 493 793 293 166 318 805 822 269 814
698 570 234 324 126 80 148 851 428 406 723 195 132 853 53 218 663 475 509 642 444 218 237 862 754 245 388 738 404 226 915 790 875 247 309 578 581 413 440 634 890 863 142 911 445 891 387 15 52 881 857 610 996 142 685 55 871 381 771 24 764 867 807 568 735 787 278 853 984 187 306 114 849 795 622 676 920 445 577 934 755 356 525 180 961 738 541 286 704 761 573 901 279 353 111 811 328 585 843 908
966 597 210 366 30 578 389 793 754 944 163 800 657 200 360 301 894 909 320 877 724 131 575 117 460 378 699 136 437 374 954 642 819 497 418 4 605 391 442 621 978 479 359 114 731 623 538 333 760 131 807 0 475 831 978 297 395 167 349 21 51 888 987 166 583 759 105 830 143 925 124 789 292 686 364 649 631 588 269 115 999 226 630 262 915 334 471 582 94 377 140 722 624 815 82 848 933 100 474 334
401 968 284 765 341 661 472 822 180 451 572 80 675 338 326 446 205 211 626 522 534 233 469 576 551 463 561 977 122 23 38 395 62 86 671 359 788 331 239 552 941 898 628 875 981 794 136 889 226 623 324 639 713 267 710 957 859 141 682 469 825 712 91 507 815 177 10 840 798 799 995 999 885 156 279 336 246 585 792 981 985 843 222 289 475 346 52 177 486 522 374 338 387 941 614 827 553 551 952 546
672 760 858 109 927 955 125 976 689 414 325 760 156 543 84 15 303 324 167 981 897 457 3 985 142 328 731 490 850 863 78 850 374 277 341 617 826 418 979 896 492 710 346 683 187 68 522 645 669 509 134 461 264 49 878 255 544 145 784 302 321 739 710 282 485 161 235 967 17 800 255 589 708 979 924 923 828 763 367 502 327 11 782 708 362 365 861 293 505 617 253 960 602 896 888 898 353 546 916 517
907 396 498 179 834 367 355 609 627 964 599 919 291 951 18 862 129 735 711 127 958 484 92 876 358 366 776 604 390 419 906 548 416 72 976 333 331 536 539 787 420 202 738 408 622 387 207 245 355 547 212 266 732 616 858 648 15 929 37 584 450 323 741 71 502 314 681 407 937 62 925 469 595 592 943 291 257 669 517 801 760 464 884 217 205 116 908 572 857 323 539 215 408 213 964 463 590 653 25 165
723 796 748 379 518 934 394 769 777 73 508 106 653 775 798 709 684 373 170 511 213 530 401 312 645 631 79 645 851 821 601 328 850 9 5 500 542 934 879 785 550 375 971 339 749 453 637 195 680 724 801 318 326 123 284 434 148 456 839 283 369 661 212 275 363 297 193 943 793 700 656 2 475 803 928 239 700 125 641 437 547 495 569 622 404 181 243 32 757 686 196 586 129 727 417 664 978 986 747 314
429 515 224 42 982 510 488 334 606 621 37 397 83 698 365 409 797 677 373 676 760 13 287 945 132 630 138 319 783 739 77 109 722 259 305 112 86 832 641 364 208 875 328 758 98 924 247 328 170 771 617 652 780 997 419 872 914 321 183 219 264 967 127 207 936 323 572 570 930 574 498 865 563 284 611 873 290 160 758 994 636 522 459 791 833 12 662 206 113 331 249 918 464 999 450 117 193 13 523 454
429 805 82 842 74 28 797 375 584 460 259 168 878 383 330 442 66 765 842 712 587 213 631 506 215 176 909 659 840 709 757 928 207 407 648 486 962 115 211 935 931 443 851 324 837 46 584 569 142 230 676 966 657 412 346 50 368 458 653 35 314 252 803 654 775 130 763 950 669 992 841 208 204 328 104 360 977 310 241 314 159 29 713 408 992 111 194 293 608 51 270 306 701 716 808 348 674 899 203 240
137 507 350 76 646 563 383 679 148 563 531 726 72 503 119 409 17 157 255 36 345 55 250 179 577 22 11 790 666 109 406 593 766 613 848 190 828 730 924 368 609 23 876 39 474 415 587 656 143 103 180 979 588 868 464 246 295 746 305 678 852 667 223 551 158 82 952 229 641 710 565 764 155 635 529 62 220 246 818 35 247 675 106 155 430 335 47 298 116 880 684 254 456 629 825 670 528 972 220 230
360 532 570 725 874 717 233 144 663 97 97 7 739 474 93 244 845 32 235 973 377 879 892 513 794 274 761 515 588 67 42 714 921 923 419 772 744 198 123 218 285 220 162 54 978 888 441 654 102 162 101 803 141 959 158 218 316 938 893 663 278 75 793 349 51 674 445 426 574 443 577 210 501 166 771 172 276 634 894 549 196 560 618 194 402 364 486 371 43 491 803 235 363 642 79 624 772 29 583 519
964 181 706 119 344 467 413 217 338 492 379 655 608 994 22 470 786 433 769 371 310 567 346 100 589 578 46 621 634 555 98 15 263 279 621 453 201 807 324 766 164 595 976 388 522 326 294 979 669 411 985 698 893 824 16 449 266 124 789 524 596 851 520 944 391 771 56 864 515 950 57 819 339 229 256 733 567 927 402 361 232 356 843 618 970 79 978 522 573 897 902 472 498 205 188 115 415 6 729 483
407 29 442 447 549 729 925 83 431 578 280 759 786 315 858 339 111 239 239 917 177 122 535 629 171 160 997 116 83 821 543 918 473 821 856 612 298 828 187 110 278 923 490 897 569 720 204 230 439 744 560 272 787 716 757 864 466 493 42 969 194 121 544 912 869 382 931 371 985 808 332 79 962 900 894 798 0 509 396 830 144 471 617 495 407 788 846 704 188 974 177 732 111 564 253 882 682 271 984 898
785 67 916 921 515 239 506 412 347 43 119 300 376 308 955 63 983 393 178 506 216 270 620 811 383 994 900 46 736 89 338 406 799 282 37 519 151 570 356 863 122 288 612 437 883 566 385 253 652 215 153 325 65 710 373 790 436 299 533 995 657 513 95 877 928 456 698 117 893 94 569 537 398 531 63 595 603 615 547 222 975 234 858 728 111 533 425 636 449 21 281 184 213 922 421 365 244 468 239 490
184 881 838 621 584 847 241 28 890 104 334 784 87 103 837 5 136 958 498 914 614 629 613 817 600 66 30 769 168 1000 956 149 381 902 626 797 725 819 641 976 520 402 735 72 13 865 47 898 926 488 171 282 449 497 36 859 509 578 410 345 44 38 236 899 528 989 438 619 690 676 361 457 888 617 784 695 383 678 842 955 757 21 786 969 687 591 597 372 161 297 784 126 149 298 655 818 552 699 704 902
567 909 184 149 955 100 268 994 129 326 852 459 133 702 589 377 174 302 80 236 780 889 629 797 498 394 300 964 811 981 245 263 287 779 289 109 47 457 451 742 856 429 458 558 243 14 318 402 70 414 415 73 285 292 320 741 34 745 201 608 994 143 946 142 6 484 429 365 582 714 913 205 290 670 171 473 301 70 836 557 439 559 252 329 945 843 712 209 971 413 618 801 467 656 857 370 757 928 947 719
587 696 897 326 87 369 972 809 228 353 471 26 973 545 562 840 429 660 697 155 674 992 506 313 325 595 904 937 248 840 192 696 681 489 942 142 912 63 643 883 133 768 794 162 881 896 737 943 747 796 992 338 554 501 93 928 501 536 795 255 699 560 4 651 248 19 257 963 543 98 848 378 479 752 891 957 426 529 432 963 115 156 459 256 115 50 1 301 745 167 560 59 253 117 330 464 957 873 316 128
233 806 507 555 266 387 963 907 161 141 289 233 733 356 801 809 499 235 819 598 806 355 550 440 999 31 553 39 849 257 169 362 5 190 905 60 838 291 954 447 409 426 230 983 983 240 267 271 689 445 373 947 674 537 815 490 347 165 748 96 197 571 486 999 843 117 413 438 148 463 614 468 610 204 598 883 596 547 852 286 894 381 771 106 963 422 290 572 118 971 689 613 932 262 484 976 272 586 54 944
459 715 525 130 4 578 487 740 991 442 141 57 587 362 51 191 57 48 65 670 584 186 469 579 576 796 173 360 637 195 179 362 74 486 722 614 574 651 728 494 879 220 517 567 610 694 869 446 137 41 35 149 609 79 699 781 840 837 906 629 493 834 638 549 147 368 623 422 230 921 590 467 995 990 186 336 299 442 561 903 271 243 261 239 495 23 569 503 402 964 954 184 667 968 325 476 110 304 207 42
263 746 6 282 741 741 552 694 64 423 540 412 75 480 277 754 664 3 785 962 176 912 858 417 725 350 938 548 14 242 846 674 848 447 269 693 613 730 674 208 587 337 345 485 600 553 755 870 707 372 996 643 334 357 287 693 719 355 185 84 838 119 581 299 691 405 605 513 932 866 129 202 515 189 20 91 104 923 859 858 16 827 231 712 61 488 762 783 762 629 692 232 194 802 159 871 735 894 333 368
565 577 817 581 425 551 801 232 100 899 67 983 100 60 934 620 188 880 815 827 189 905 215 299 998 788 619 611 799 178 669 104 63 603 809 293 704 504 850 23 963 960 644 573 783 993 522 687 626 510 611 956 805 431 902 980 418 933 253 378 297 469 628 960 251 536 743 599 541 247 19 360 26 152 885 469 314 219 800 739 442 780 567 222 784 921 204 387 607 391 468 484 950 460 935 810 449 213 626 406
32 254 76 336 626 938 120 333 738 775 279 711 954 763 120 315 560 801 873 160 29 100 142 686 311 973 698 163 614 855 576 190 819 261 476 241 432 321 444 361 180 130 826 598 826 456 152 947 317 984 496 209 7 796 9 941 629 362 525 354 485 540 111 714 726 881 131 116 235 775 679 187 845 243 740 774 773 223 25 76 417 835 852 618 222 133 309 337 269 103 216 878 810 139 862 685 877 47 202 528
275 451 560 179 867 628 931 587 33 876 612 525 494 176 507 195 331 172 811 99 797 887 282 749 33 991 724 261 160 915 324 818 235 971 959 773 313 941 663 422 995 494 644 616 293 213 701 191 807 331 780 702 468 325 781 746 443 336 196 883 194 952 605 888 291 973 676 842 552 977 869 662 649 617 115 665 206 348 492 306 760 164 868 475 897 259 956 21 875 774 752 834 901 805 988 543 982 315 46 489
709 675 891 550 419 761 188 896 734 63 150 567 427 480 451 631 71 489 2 887 406 462 316 955 573 654 163 709 938 225 854 95 202 121 553 346 554 567 527 533 886 693 296 45 223 269 150 118 138 479 975 523 650 933 857 625 418 373 908 111 445 387 508 272 818 968 283 889 299 268 307 656 590 508 174 984 480 729 133 688 955 531 726 813 441 114 681 541 134 858 851 351 579 890 335 513 486 34 282 936
734 373 228 475 172 384 403 424 679 925 289 442 886 140 114 923 260 17 546 925 86 263 201 849 943 904 580 809 72 654 313 639 113 60 285 683 508 193 792 198 438 615 288 253 919 278 566 574 408 274 473 399 235 931 217 827 681 454 929 718 832 949 453 224 441 5 318 291 604 735 559 946 84 676 108 338 543 318 601 981 807 564 520 886 962 613 68 804 557 648 690 861 633 694 798 455 791 608 915 451
489 519 747 325 310 381 107 654 236 72 399 157 52 466 888 168 814 763 214 607 807 937 657 407 541 47 570 591 573 512 967 765 177 865 863 61 408 600 635 255 603 44 136 783 311 694 371 445 317 332 979 482 755 17 359 798 188 262 95 207 122 214 846 413 215 76 299 653 877 28 650 531 377 160 892 689 557 617 887 313 651 941 613 181 264 412 752 373 925 646 785 8 401 933 530 642 883 993 920 446
729 861 941 361 461 527 595 862 594 926 860 922 715 867 845 526 624 485 816 350 29 871 834 814 599 507 725 222 907 256 301 976 317 483 909 904 296 739 853 917 581 368 545 883 664 298 997 326 416 33 14 702 849 257 556 785 891 709 674 268 78 377 576 788 703 371 249 426 928 504 161 211 551 333 326 167 68 817 966 306 631 853 328 113 696 419 149 526 312 371 371 186 662 786 219 154 431 830 346 296
995 414 747 581 65 361 747 835 313 435 112 281 393 283 300 489 404 311 75 253 896 625 450 609 268 620 251 819 368 229 453 439 600 407 597 3 980 852 427 936 260 754 103 542 895 808 267 334 284 814 483 280 684 252 576 923 631 596 332 132 835 672 934 193 556 206 549 836 513 38 688 326 25 90 346 746 297 629 482 550 564 23 356 644 288 309 811 311 656 194 861 357 678 673 933 272 581 162 156 609
77 68 246 689 137 226 583 625 557 304 117 629 176 836 564 55 438 939 992 56 322 449 235 672 430 117 1 247 185 420 841 634 676 276 400 94 207 715 863 325 692 154 987 190 590 267 58 684 382 186 500 583 487 129 316 979 297 644 640 774 11 93 933 65 465 241 264 840 751 482 318 262 216 701 118 61 445 902 611 148 875 150 20 173 646 925 380 334 314 978 966 558 792 671 678 649 832 148 113 27
676 695 561 34 170 604 373 559 56 0 176 84 925 513 714 421 723 341 848 672 440 584 795 386 305 295 487 125 387 431 563 333 207 829 755 282 152 711 222 223 763 102 369 457 149 659 20 881 623 668 401 755 38 726 180 767 842 542 830 876 195 928 548 338 568 170 519 638 106 896 973 640 46 38 181 616 685 291 273 881 968 251 610 600 266 11 885 41 432 169 359 456 386 533 754 117 643 722 768 213
991 114 574 348 819 206 513 579 635 870 87 853 593 643 295 571 356 548 229 277 760 225 21 670 130 606 40 399 131 724 159 64 644 771 679 752 657 22 406 477 822 433 971 903 958 467 792 105 303 620 756 332 884 811 282 390 899 327 72 673 237 841 568 892 784 436 235 818 131 508 959 840 861 541 126 693 12 70 351 934 118 82 800 43 628 306 67 553 587 610 732 699 870 907 693 817 380 674 928 469
588 602 7 216 6 430 432 75 135 89 666 529 770 509 94 160 373 848 605 932 853 330 970 967 241 165 770 421 670 561 930 264 316 343 474 617 141 759 347 790 351 777 118 69 466 901 712 478 399 797 169 373 753 608 223 834 650 643 917 688 666 264 7 160 199 530 598 369 609 87 838 922 941 802 508 351 58 10 565 582 16 916 486 725 28 417 757 655 900 257 393 935 424 437 722 540 525 335 706 744
537 860 385 135 356 155 39 270 646 0 497 681 261 124 342 355 966 843 602 764 776 700 159 181 176 62 707 544 244 520 200 589 387 679 36 493 858 243 659 80 203 276 110 825 951 580 235 303 406 956 976 924 83 114 800 131 767 57 474 484 558 368 929 658 12 67 3 351 818 890 658 788 330 807 605 618 422 931 365 255 598 366 31 563 115 58 610 988 392 122 86 627 739 658 518 796 4 459 587 725
286 672 148 434 892 733 893 883 974 170 808 289 786 379 606 911 834 354 744 566 668 32 675 0 438 679 932 812 743 318 352 495 57 563 547 405 277 188 979 686 414 549 884 218 802 980 553 372 161 970 211 393 323 51 775 300 677 812 379 860 491 195 445 648 465 969 139 628 581 681 794 77 362 665 608 118 535 192 214 668 221 345 131 458 530 151 824 916 191 772 711 65 772 935 919 19 803 156 44 182
878 882 980 296 405 363 585 721 321 341 222 707 762 485 411 732 800 883 75 234 969 894 382 166 879 213 715 255 227 952 15 808 332 302 125 298 674 521 365 65 106 79 212 324 912 785 166 23 841 757 35 110 846 913 387 845 803 495 310 338 600 184 624 429 488 709 717 409 710 946 942 598 718 912 440 453 250 256 716 56 795 316 990 133 146 962 919 362 890 666 36 443 767 594 578 159 801 386 502 384
31 627 988 193 727 685 52 834 306 452 533 996 523 222 304 742 897 838 230 552 35 714 589 499 144 309 438 419 157 841 875 710 802 688 454 718 492 958 280 897 795 55 748 524 91 815 278 639 837 130 374 418 419 775 978 501 282 556 926 702 548 959 362 294 81 898 69 231 579 835 642 401 68 622 311 711 869 785 141 705 446 735 794 572 987 26 128 590 513 973 286 561 913 981 21 477 393 91 465 930
605 214 267 578 263 102 973 869 478 150 678 147 69 330 517 562 799 252 749 807 213 54 599 162 193 827 755 940 568 577 328 982 240 167 752 665 71 353 871 88 691 339 974 683 736 962 540 506 785 876 719 836 308 267 726 192 560 955 997 230 954 375 287 118 673 337 735 596 519 680 9 628 407 346 936 505 741 941 241 137 198 302 734 630 416 317 916 574 524 684 533 642 496 174 122 956 249 665 419 700
499 627 357 442 801 155 185 380 323 155 491 507 691 944 380 35 403 531 758 459 920 821 90 903 519 499 16 187 440 513 483 294 116 764 271 722 995 370 720 322 959 897 267 307 570 345 380 426 717 923 759 604 804 219 61 449 145 811 487 902 691 116 396 391 332 544 81 512 424 31 522 920 219 273 819 621 835 764 443 690 923 515 954 78 50 760 131 685 186 268 44 463 265 479 923 468 144 809 133 143
507 840 748 240 919 405 239 760 319 136 265 950 710 164 918 611 522 566 566 885 818 214 366 958 553 978 544 85 886 431 790 764 241 235 501 790 824 787 143 390 462 161 648 223 232 991 252 795 257 674 339 318 356 259 226 118 725 778 459 183 953 879 957 895 523 411 394 303 702 817 577 914 652 815 868 652 352 549 709 990 672 790 341 763 1 452 748 267 945 122 493 583 276 260 327 338 735 260 193 636
56 197 812 10 0 267 986 493 352 546 142 160 823 453 57 855 966 633 789 665 588 819 515 828 576 727 983 927 197 78 838 398 146 164 252 535 622 273 845 259 962 924 864 441 637 186 571 372 493 401 301 451 52 258 79 861 692 842 425 813 167 558 577 696 398 326 145 574 613 891 251 395 808 186 309 5 300 878 285 538 558 636 944 143 485 716 789 104 829 452 418 280 574 244 549 846 104 439 164 960
191 28 970 559 267 406 786 275 609 744 7 976 258 278 811 177 132 567 280 679 53 274 815 502 26 527 721 750 493 272 242 738 742 671 510 937 340 401 826 384 879 215 893 348 402 317 881 26 267 86 647 564 683 527 701 468 274 33 43 459 129 367 562 401 880 175 784 448 783 889 464 603 790 824 384 653 372 826 385 722 222 95 441 214 326 188 244 732 405 565 18 984 212 165 673 309 227 480 510 625
744 835 879 606 106 513 199 514 844 967 230 73 879 360 348 370 805 777 413 995 204 960 386 131 386 1000 279 377 95 722 160 901 357 552 443 308 738 804 296 663 878 936 877 336 40 870 278 82 814 460 489 149 732 918 998 331 547 579 859 221 282 668 748 463 123 670 949 104 879 989 624 909 251 746 685 634 702 297 425 276 163 561 165 395 558 60 123 627 774 711 600 510 211 123 329 814 236 327 976 384
840 839 267 129 553 738 428 315 386 721 514 322 493 888 609 142 296 657 383 225 86 152 917 270 736 437 238 251 999 341 35 135 703 306 425 488 682 90 961 183 740 5 768 722 975 385 861 291 653 916 892 135 947 37 625 92 112 306 93 190 453 782 210 48 192 161 188 411 658 146 952 33 687 117 472 70 243 135 353 887 444 370 594 263 189 514 529 239 758 738 997 202 444 223 48 267 553 321 829 366
671 952 974 259 723 429 148 425 812 639 815 410 387 665 662 550 162 987 103 120 527 721 20 158 735 566 592 586 869 954 646 802 899 837 490 909 84 784 419 344 413 152 955 446 827 89 58 467 340 663 702 821 645 972 879 824 332 794 610 1000 365 649 639 667 360 399 505 567 298 470 437 937 112 187 946 582 343 731 143 55 905 650 964 321 149 94 181 674 517 181 553 539 375 925 677 151 46 690 366 419
824 63 808 779 638 45 7 508 813 731 451 299 244 882 806 858 761 351 404 893 906 157 1 84 744 704 158 543 977 521 528 646 917 581 320 747 606 969 373 162 675 37 311 838 708 966 106 87 967 517 127 881 71 152 42 249 917 383 856 239 206 316 65 845 867 232 745 888 366 617 673 887 696 168 181 137 727 164 888 978 841 521 226 809 254 766 296 516 648 264 462 637 378 102 707 969 807 510 209 471
601 511 505 357 106 756 517 720 187 373 778 323 290 748 445 113 967 911 166 413 435 312 548 704 338 339 27 831 953 455 778 966 1 865 651 121 917 660 496 368 575 797 654 377 876 710 223 875 314 323 272 704 696 757 174 201 464 568 204 235 217 254 161 361 946 447 608 144 424 617 114 992 306 925 999 438 505 590 593 139 375 55 435 110 969 638 62 92 613 652 736 696 837 97 647 982 591 97 591 635
152 635 206 330 46 65 547 963 335 699 518 982 48 203 471 263 834 142 176 348 291 73 231 477 381 169 600 439 418 730 194 742 782 766 382 582 856 680 994 866 209 301 331 535 790 480 147 118 958 240 636 744 171 231 574 429 851 553 268 805 611 363 317 544 821 554 5 983 239 880 143 743 40 81 881 100 682 820 718 74 824 388 547 392 820 455 894 469 664 395 338 875 371 267 723 664 686 610 236 850
993 871 437 107 964 52 984 406 669 780 363 67 673 86 81 370 442 353 862 887 788 109 975 604 337 447 209 896 762 657 952 966 117 155 755 748 904 548 357 173 698 754 226 85 743 752 422 897 709 876 115 877 932 40 853 962 232 821 761 821 552 306 670 258 603 544 414 479 751 414 800 760 251 741 390 613 627 364 329 410 551 886 228 503 546 443 69 323 978 143 464 284 77 973 4 142 149 870 818 171
656 694 133 915 624 144 836 254 777 762 35 283 459 341 98 890 54 120 295 73 665 467 760 844 23 419 42 626 176 58 417 829 880 216 388 176 480 189 706 133 487 742 564 704 661 276 440 700 956 278 746 579 598 421 72 851 784 131 401 441 298 39 797 861 481 858 902 347 177 402 70 867 297 304 593 786 240 154 858 461 938 816 569 633 899 328 234 149 889 362 284 101 406 297 889 874 139 924 883 810
269 844 959 658 691 557 308 109 757 490 549 689 302 518 983 320 989 761 285 198 222 160 986 738 394 947 372 153 631 623 839 92 923 679 652 699 878 172 279 336 517 565 841 528 460 306 295 786 966 847 102 100 656 70 399 927 482 517 613 457 200 744 90 9 680 497 32 56 319 458 145 938 19 195 471 23 154 577 695 407 455 113 529 529 423 473 104 657 855 127 273 241 497 481 909 174 543 842 56 842
762 992 726 987 588 371 612 971 800 828 398 615 36 961 487 945 104 349 863 502 446 11 142 162 16 508 560 988 496 882 101 645 253 639 754 265 281 245 740 479 617 0 223 17 52 559 31 473 650 61 428 419 5 536 763 369 325 608 444 361 346 354 561 22 548 921 58 106 312 524 621 836 891 124 756 494 772 716 618 786 331 164 568 678 555 821 136 421 263 813 917 690 922 857 759 785 351 130 469 822
85 747 386 333 88 905 798 28 546 336 805 23 428 470 486 179 596 466 137 869 312 324 982 229 200 650 621 835 662 672 271 303 636 495 529 926 571 310 896 871 829 248 643 444 31 188 677 701 241 564 925 908 785 564 14 129 561 840 22 73 28 892 509 170 514 940 819 750 434 644 807 131 458 823 912 832 476 1000 778 86 803 112 272 594 953 745 380 585 273 984 675 428 928 627 744 72 986 150 531 299
114 774 474 578 559 882 498 98 762 731 40 314 735 759 617 765 333 914 969 692 227 579 753 255 964 809 676 523 817 292 481 100 48 647 116 864 810 274 747 874 817 78 623 581 391 650 94 839 711 854 99 482 437 943 465 941 474 96 72 328 876 302 696 155 961 310 486 76 566 901 809 485 30 749 452 129 570 101 271 324 586 444 894 206 16 44 930 432 748 128 690 226 476 273 613 527 511 440 891 999
7 562 752 991 549 110 859 3 490 575 932 364 126 726 762 569 867 937 182 230 712 386 229 962 148 3 113 241 850 334 662 681 615 18 840 277 854 679 176 305 172 124 545 194 486 604 153 589 228 918 828 385 52 308 32 834 492 743 635 675 729 790 197 117 557 14 419 786 433 292 417 243 949 565 744 699 824 217 376 719 70 629 866 422 846 131 288 88 817 85 4 63 728 88 537 356 43 916 376 35
509 334 808 608 875 324 581 981 698 210 229 318 145 871 662 138 716 566 205 835 997 914 32 824 112 108 275 190 602 130 770 130 138 145 958 725 975 523 600 716 877 271 672 776 563 496 242 816 49 636 121 962 383 998 922 875 57 661 844 558 548 218 528 806 914 450 601 75 189 323 932 573 182 753 620 900 235 75 673 799 258 754 345 478 515 951 173 355 490 154 372 69 909 680 271 572 299 30 790 519
362 288 79 629 764 829 609 58 355 343 796 56 964 843 817 69 785 573 634 627 913 134 92 732 774 723 444 704 58 816 856 799 106 592 526 695 672 485 357 112 706 731 849 50 505 280 854 69 919 533 324 23 562 602 147 926 519 933 143 791 174 414 41 220 512 797 241 871 690 762 999 563 75 160 298 620 24 233 772 824 841 617 873 915 324 159 536 693 609 230 177 215 756 351 938 363 321 59 640 118
547 802 765 885 240 571 968 207 475 351 287 662 183 766 329 401 104 221 871 59 776 998 512 627 862 605 744 281 419 653 115 868 150 306 735 854 29 392 256 730 693 318 649 764 212 748 937 641 191 404 419 939 556 823 611 303 170 818 16 85 749 923 312 8 230 305 468 5 468 378 503 663 734 353 962 374 774 92 787 330 940 698 603 790 238 861 247 615 393 831 91 922 54 457 758 940 891 380 72 856
510 346 338 439 603 63 263 145 89 23 21 906 331 865 619 949 364 202 763 511 265 475 354 481 433 995 142 10 141 619 46 194 254 659 360 514 798 280 727 45 501 331 907 295 214 601 623 812 346 830 739 559 346 611 166 283 175 884 20 588 454 521 74 791 367 530 771 877 807 322 944 827 130 609 580 807 147 186 625 440 322 24 750 206 904 950 795 51 84 815 301 592 291 884 372 276 34 229 507 499
376 672 721 57 559 900 654 665 488 35 55 704 841 382 618 767 676 612 343 132 246 352 401 296 593 516 406 603 50 588 125 345 261 442 362 842 947 241 65 895 4 649 205 422 904 324 661 927 960 3 380 31 897 632 116 814 355 383 306 25 156 957 723 217 581 66 644 46 125 246 831 472 457 76 607 590 422 21 97 683 923 27 169 571 887 800 780 121 686 851 295 341 349 294 800 323 723 929 852 291
737 909 718 158 999 443 487 893 469 814 899 658 802 555 301 964 60 477 0 684 552 29 824 919 472 371 138 423 970 298 817 204 55 901 641 173 122 276 741 995 317 192 312 279 752 514 779 457 421 186 435 458 429 310 506 17 323 573 171 241 409 661 593 686 932 830 428 576 170 288 498 311 410 649 661 904 709 761 191 452 673 162 508 153 576 279 48 406 948 274 746 628 609 694 93 504 46 72 568 483
118 55 26 651 718 603 231 54 504 708 663 452 493 812 13 544 87 581 735 284 938 135 984 483 362 137 20 775 849 129 675 735 37 61 133 711 273 443 987 16 143 231 440 754 606 306 329 759 127 693 885 858 869 879 94 226 117 58 276 13 480 792 473 898 728 955 163 612 936 351 312 523 6 575 789 324 291 349 514 873 107 476 334 246 828 161 727 911 705 218 483 742 896 714 787 420 71 614 229 497
934 826 756 13 259 53 279 834 857 108 610 810 210 752 242 112 339 774 612 927 323 635 530 163 723 419 632 678 722 225 737 485 51 110 661 446 812 299 248 812 901 919 246 376 246 76 335 666 207 110 560 125 497 361 154 376 322 340 461 436 817 960 774 81 58 393 607 535 123 780 129 824 551 571 599 314 661 163 487 764 906 55 830 874 320 510 230 322 444 629 0 364 439 935 294 165 731 476 719 621
15 613 519 662 423 285 626 395 960 547 918 860 482 844 985 464 921 551 839 929 229 137 727 591 969 616 804 655 597 21 359 280 629 322 152 469 419 825 642 789 972 781 43 578 127 904 948 267 355 925 933 729 109 147 135 594 211 282 50 415 623 487 116 518 464 123 170 491 832 234 736 195 399 713 256 13 669 882 562 362 526 29 894 375 787 412 918 512 708 647 532 70 969 278 115 258 104 731 67 52
528 778 542 661 413 28 360 615 414 324 406 681 574 172 989 481 152 843 19 36 623 199 14 3 932 541 300 8 586 73 351 59 688 800 463 439 940 620 368 12 795 880 760 486 438 344 17 442 562 33 569 82 219 96 345 281 83 644 889 353 806 200 71 983 556 978 402 63 76 489 956 381 487 25 263 577 544 118 893 0 744 378 623 173 177 904 818 568 954 444 790 996 26 201 872 87 926 729 317 58
337 466 863 449 204 190 66 972 226 589 612 60 11 31 729 689 51 910 324 639 665 228 497 54 244 910 269 120 116 487 242 240 576 973 755 309 522 177 50 467 716 533 348 163 355 373 408 717 967 989 574 792 32 264 723 280 242 291 912 390 670 327 226 891 867 992 764 522 473 115 682 383 320 448 290 117 547 383 329 776 441 161 872 454 271 650 168 891 823 868 461 331 777 809 408 705 635 748 187 457
321 259 226 565 250 37 80 747 195 112 57 266 961 703 899 890 340 268 83 485 228 709 64 227 262 220 96 28 881 806 846 457 921 788 105 177 157 342 485 268 201 491 177 81 733 102 733 775 922 255 224 298 374 351 858 611 659 151 90 1000 77 389 81 627 25 299 679 115 481 383 688 734 26 475 313 779 397 700 266 949 252 763 125 841 703 187 93 282 61 990 806 728 232 710 946 547 42 533 153 823
330 479 484 120 328 271 960 276 476 552 328 968 843 507 446 928 564 687 453 925 32 935 67 413 940 545 849 586 997 418 435 831 549 650 380 301 700 464 598 846 661 576 378 550 103 396 756 988 109 291 465 855 245 266 430 336 204 852 510 174 170 506 31 547 610 235 81 221 604 57 624 725 292 205 271 848 748 974 670 56 394 183 267 858 340 574 196 182 684 321 289 385 927 907 538 486 240 891 328 579
194 868 792 572 314 121 219 453 102 841 341 593 968 67 72 157 180 372 233 104 108 641 461 670 966 782 806 344 922 728 516 755 427 457 565 95 995 252 129 828 3 255 185 533 958 168 376 488 432 596 474 688 850 298 420 441 380 384 282 717 138 778 421 681 779 166 442 302 249 703 233 92 289 499 214 527 10 394 469 4 929 748 715 682 827 521 546 661 75 578 921 508 939 632 257 294 543 655 102 926
993 320 560 555 483 600 17 916 854 620 356 544 492 526 218 662 484 669 173 745 450 124 324 763 56 177 946 967 386 862 916 208 910 917 593 389 180 422 173 562 718 854 292 951 701 47 345 679 561 842 236 425 302 456 282 104 13 178 872 288 915 878 979 567 793 275 321 352 678 57 368 32 441 727 523 980 954 859 817 727 926 715 420 565 135 766 482 829 948 734 430 927 269 332 191 247 953 525 851 361
309 467 777 384 271 832 12 54 513 352 612 673 218 244 677 865 784 965 941 714 419 302 273 230 680 418 557 970 50 654 606 552 760 46 93 333 791 923 537 295 30 162 654 226 914 138 941 565 129 828 353 282 103 148 341 769 775 967 96 294 235 671 78 400 594 60 718 382 658 16 88 521 738 248 812 398 647 154 654 859 358 393 48 388 877 394 550 500 432 930 795 228 281 815 596 724 392 224 864 196
310 785 366 90 141 240 287 89 230 516 845 51 789 230 111 281 191 371 388 696 38 423 749 417 309 363 840 978 340 569 229 606 554 709 948 958 1 545 830 803 813 494 734 5 744 261 127 656 570 827 809 715 38 688 108 343 532 630 534 215 530 569 868 335 687 818 898 285 325 355 560 94 29 323 329 17 616 122 310 102 895 675 695 785 194 297 890 405 526 815 129 755 922 742 745 956 865 482 329 663
891 366 882 879 549 197 816 491 455 648 390 810 199 766 741 261 244 579 634 14 916 213 330 11 502 785 918 487 45 566 262 45 888 201 236 425 137 794 811 530 987 740 717 771 752 571 590 300 378 445 409 991 706 776 217 634 849 312 184 437 326 737 78 377 154 653 411 961 686 613 177 610 192 652 517 427 196 327 290 408 916 213 273 506 343 458 333 852 92 78 125 199 511 832 476 792 168 120 949 2
781 363 223 123 34 217 875 598 679 789 189 227 841 571 185 936 176 1000 858 615 219 220 196 307 52 760 776 355 674 528 388 749 197 165 235 709 770 712 19 221 199 482 414 387 317 598 882 671 31 982 525 729 210 156 477 994 357 725 281 110 825 697 423 187 480 4 733 94 458 823 1000 28 637 856 711 692 398 962 471 640 435 801 69 212 56 551 945 793 862 315 64 317 448 760 400 401 930 761 381 668
203 125 326 415 975 760 880 59 378 318 28 330 386 644 197 822 880 577 331 9 710 20 411 218 7 691 889 473 195 739 512 60 228 755 491 690 897 422 579 325 735 290 531 396 777 86 291 698 17 390 609 970 680 226 55 740 628 603 519 371 636 532 965 901 323 66 161 541 908 521 935 528 893 32 1 882 146 840 807 46 516 570 361 394 121 10 385 828 555 886 178 350 763 756 546 506 364 184 251 849
49 99 0 13 403 555 915 524 629 768 378 299 931 906 17 367 238 352 825 717 467 497 58 227 47 115 294 306 112 608 301 213 265 169 213 93 510 46 779 97 10 178 991 112 753 542 209 73 220 307 56 688 245 458 66 660 458 106 19 353 652 61 898 946 509 627 802 661 818 147 301 746 554 998 568 133 13 280 190 496 888 393 578 286 489 309 576 786 904 597 241 353 865 166 835 894 725 405 387 609
503 855 734 965 486 502 999 828 289 667 503 326 457 999 528 785 39 623 580 950 301 254 935 553 404 140 307 326 20 432 38 180 891 874 206 533 390 596 452 0 153 497 761 17 903 671 904 327 485 516 737 232 437 209 671 424 499 252 989 377 726 413 622 158 928 396 679 921 135 377 21 510 525 717 572 620 983 385 253 714 143 972 686 849 431 538 25 380 923 758 216 899 269 914 566 634 811 945 529 895
149 365 890 127 199 143 609 982 323 838 449 664 489 915 679 597 97 975 125 213 51 932 951 524 323 543 713 31 691 383 188 423 286 257 334 933 410 828 86 206 658 463 502 12 949 787 199 777 289 110 354 201 431 401 597 294 117 920 219 653 347 818 957 774 55 526 487 656 499 680 751 60 964 330 451 784 871 365 82 980 387 38 520 887 314 338 568 218 163 249 807 164 547 387 566 924 321 262 204 660
777 40 329 728 377 427 144 277 982 235 919 295 817 320 433 308 773 643 440 258 33 712 557 744 971 692 258 11 535 374 576 893 653 849 845 99 322 940 441 131 952 696 227 268 749 348 492 88 280 342 329 207 70 676 319 376 219 355 789 296 555 357 514 790 207 820 307 861 734 75 772 551 880 369 188 412 841 724 493 390 189 18 66 870 445 666 783 202 449 155 510 756 564 63 896 21 16 717 887 505
746 120 838 636 840 126 793 584 85 293 500 878 35 794 26 388 682 500 686 175 779 558 960 24 942 468 63 598 199 679 934 119 382 697 92 587 824 492 446 587 982 914 639 525 976 431 586 356 431 441 274 905 355 438 656 289 950 737 793 483 585 345 215 178 840 15 514 317 797 173 757 933 309 19 711 986 476 56 316 441 464 440 486 228 44 706 689 723 384 837 448 86 116 273 622 915 838 1 526 991
511 299 930 423 329 8 171 897 873 422 498 402 35 962 13 200 493 743 380 257 308 456 94 964 313 140 92 165 46 870 114 312 528 720 676 925 726 77 824 266 228 624 980 454 249 452 737 246 714 884 357 916 410 678 636 854 524 49 409 487 920 686 392 926 350 556 841 691 233 322 307 467 583 895 992 525 642 8 419 187 462 206 809 162 117 578 956 799 821 865 200 189 594 310 716 672 10 517 43 272
651 680 726 909 986 107 821 576 329 161 878 34 796 18 232 59 623 485 118 938 484 870 635 924 236 876 260 909 94 278 521 36 238 145 881 509 654 448 86 790 332 618 586 94 669 467 185 757 691 299 85 275 504 209 256 337 713 39 897 293 728 10 767 95 280 309 381 406 950 376 711 691 587 356 839 945 52 594 293 209 681 670 501 295 684 775 932 330 136 323 599 171 505 914 386 890 422 329 645 38
847 293 470 924 426 157 289 958 946 206 736 282 890 633 652 553 381 774 150 983 161 287 858 141 165 536 392 884 296 598 261 827 921 680 482 531 737 508 475 656 721 458 546 88 141 674 505 808 464 72 567 446 643 843 691 577 958 914 824 562 510 612 955 257 493 681 169 546 348 197 885 231 607 620 248 830 604 761 597 625 394 616 130 283 883 166 74 421 188 166 507 504 554 257 725 918 956 523 438 406
542 954 67 509 229 723 296 827 693 887 865 203 796 380 221 34 729 813 901 183 453 490 698 891 392 943 27 782 694 345 935 175 482 85 645 858 414 651 618 175 355 858 383 618 620 719 333 140 754 55 461 944 855 787 265 213 200 693 869 845 390 459 253 796 174 939 265 79 750 634 236 645 197 818 734 281 127 161 175 800 996 476 95 235 681 753 853 201 235 392 77 900 694 456 900 601 177 463 866 993
245 845 726 767 74 700 225 416 439 95 898 421 359 362 779 409 168 825 492 605 189 86 274 715 87 931 102 610 137 551 132 43 558 862 180 822 722 284 287 944 422 766 403 502 822 838 855 630 143 169 300 701 761 614 355 781 617 479 340 865 496 303 801 649 750 740 781 431 419 420 313 570 719 367 986 72 93 996 880 352 521 596 35 470 782 375 459 844 781 192 269 475 579 665 789 72 11 756 885 904
901 731 797 571 513 16 559 721 448 632 339 514 764 652 957 238 715 988 504 213 259 213 968 969 668 871 948 386 843 650 217 181 678 542 245 652 114 232 748 377 840 626 1 146 994 464 511 68 471 993 824 494 218 447 805 24 876 612 124 247 942 235 892 32 937 893 204 126 663 415 632 627 312 211 912 532 900 753 903 37 125 763 880 662 323 388 737 97 63 316 731 889 908 443 32 452 788 118 98 248
794 928 705 328 192 823 638 472 31 212 856 675 420 703 969 788 864 824 506 144 909 353 612 578 112 148 214 182 32 52 95 688 304 549 928 893 354 768 779 22 411 848 410 549 764 25 78 90 893 137 474 540 835 321 640 362 851 502 400 493 279 624 435 74 149 28 344 533 94 266 595 940 740 163 819 635 439 424 276 733 601 555 413 708 870 905 956 704 313 288 156 205 758 341 94 182 408 639 79 56
409 234 38 533 478 848 578 587 98 866 977 182 801 453 116 374 376 200 48 377 375 235 171 587 911 181 186 233 877 42 369 611 810 444 215 816 515 565 764 837 242 530 144 565 84 312 646 774 786 167 146 170 382 141 932 297 280 529 999 836 678 546 9 946 157 188 396 900 434 923 398 865 8 617 71 336 54 298 162 769 561 258 325 891 877 767 373 583 524 363 860 834 215 245 650 557 39 486 33 781
848 146 846 958 850 43 225 408 275 737 117 482 402 755 559 449 2 601 376 175 925 992 876 55 155 826 665 26 270 451 702 943 156 232 691 335 130 842 892 837 12 286 297 387 239 639 970 628 634 516 108 200 544 523 553 507 297 988 136 604 282 685 250 740 728 392 413 980 336 30 562 78 350 867 219 700 993 358 819 887 178 275 237 375 511 860 385 28 630 789 374 367 779 176 612 430 623 653 438 855
471 302 190 414 547 556 366 901 374 513 802 743 149 923 867 263 798 30 500 466 837 362 146 846 706 222 143 11 248 256 283 995 279 159 670 892 460 568 972 289 944 311 25 182 452 172 163 629 74 684 148 7 365 592 860 294 219 469 84 369 889 783 522 716 130 201 824 119 317 155 844 224 154 190 977 959 504 356 706 639 833 81 346 577 947 884 18 521 901 668 441 573 48 946 146 169 936 139 699 159
773 51 63 729 246 207 150 572 997 57 896 527 616 727 933 769 388 21 681 398 995 492 20 771 8 648 140 8 717 462 724 456 636 635 753 596 91 477 63 179 115 26 624 962 377 681 244 312 925 808 326 935 455 19 691 959 197 641 885 205 70 458 616 38 848 84 103 448 124 121 926 122 26 469 710 451 108 758 876 94 581 686 196 812 807 42 352 736 663 415 451 945 571 31 543 810 887 663 703 22
100 206 265 39 203 306 632 983 256 999 151 500 912 442 438 256 109 377 163 572 357 675 521 735 83 291 816 132 545 203 992 52 411 953 502 405 103 918 859 415 142 585 772 498 899 618 224 24 962 781 310 644 281 645 136 633 370 980 55 262 479 511 655 155 362 435 563 719 575 985 694 206 388 322 716 789 846 584 81 291 658 661 643 831 879 251 899 987 518 298 68 112 314 593 722 674 45 47 619 832
797 727 271 231 536 278 775 985 704 947 64 346 798 840 648 30 396 536 372 963 246 20 108 779 362 956 660 554 706 312 61 396 943 595 42 713 384 606 866 819 727 50 587 18 760 187 428 673 311 269 205 167 692 868 384 909 191 81 219 443 314 926 291 192 53 831 711 634 411 203 797 405 140 631 634 593 93 898 507 506 326 727 304 450 648 681 569 333 166 542 635 705 57 305 316 652 859 900 288 147
434 489 219 190 838 937 81 41 693 476 842 926 636 756 739 212 406 243 992 61 314 629 458 548 342 72 404 920 64 913 75 37 86 107 4 922 476 149 486 209 558 635 496 414 2 664 600 376 478 100 177 690 118 176 462 365 0 327 966 567 739 694 652 894 14 614 170 323 744 473 481 187 187 854 970 417 566 8 534 882 815 41 784 754 941 79 535 96 588 657 852 777 241 121 31 492 902 600 822 415
925 827 356 410 62 397 889 934 288 35 342 356 818 121 245 954 913 316 228 871 80 565 299 134 114 763 773 994 595 524 256 470 838 177 170 797 370 292 478 108 445 821 966 948 500 778 620 274 607 455 258 269 269 560 854 782 0 311 822 436 203 104 398 620 645 843 53 8 558 959 226 110 958 74 565 184 888 113 385 811 892 67 778 916 246 201 946 162 813 135 6 590 687 463 863 354 970 11 855 961
346 806 311 83 577 478 827 732 650 508 131 323 795 322 247 443 304 561 521 506 789 666 535 790 346 975 907 643 141 162 655 127 386 653 197 387 348 860 147 681 629 274 73 497 985 58 650 425 754 457 762 571 161 972 529 917 33 477 194 321 461 428 798 167 36 609 755 596 843 977 749 245 976 581 317 330 225 743 479 827 860 74 39 26 443 296 13 154 354 674 838 127 250 411 718 192 309 307 171 180
137 864 179 267 59 925 311 29 857 346 790 558 984 103 680 229 455 853 900 289 415 839 431 493 24 905 924 998 77 943 213 189 745 3 579 764 378 38 676 709 734 553 329 447 246 597 574 673 739 153 711 251 34 634 213 537 156 671 176 273 994 79 983 998 260 778 236 248 630 472 692 489 725 55 444 956 605 192 299 888 658 401 706 786 118 477 696 190 593 414 246 459 922 643 773 436 165 332 6 756
965 971 870 92 9 992 423 283 298 330 940 360 765 715 801 459 947 993 967 349 51 979 716 791 493 90 496 296 643 680 336 415 969 10 793 796 139 653 30 933 274 183 377 943 499 687 400 807 282 219 366 614 996 996 170 998 714 226 454 1000 325 391 395 600 660 819 536 950 287 835 390 830 517 194 560 709 591 326 853 151 103 161 704 598 912 511 714 218 998 857 924 756 97 159 331 730 89 335 897 609
992 832 273 835 290 321 258 572 190 368 974 176 527 62 285 197 275 537 989 478 348 225 113 888 936 516 653 750 83 565 106 241 433 991 675 515 52 935 834 511 349 689 828 434 660 169 810 127 971 187 236 823 210 73 235 740 446 260 375 197 133 387 899 988 286 183 703 973 676 839 806 397 559 891 174 82 571 216 452 87 163 868 910 326 7 126 95 679 473 207 29 865 605 19 848 878 654 624 458 571
81 584 319 880 467 371 402 413 200 254 254 578 584 589 824 910 36 648 102 766 873 942 53 33 723 863 431 717 478 863 431 133 802 473 92 363 518 757 425 249 584 268 106 680 56 730 337 682 156 366 816 132 511 928 582 672 48 292 555 144 446 213 106 721 103 438 343 601 100 203 898 87 518 923 768 94 221 197 319 963 850 380 220 741 188 696 558 383 833 793 144 901 50 942 924 345 703 683 940 157
763 230 718 559 678 518 736 530 504 250 7 836 453 50 206 359 350 198 536 824 817 712 444 207 113 774 13 225 898 987 881 80 154 654 61 258 747 888 756 582 100 939 494 41 490 287 350 355 853 742 907 692 861 965 461 645 98 475 773 338 355 944 471 333 866 311 625 696 733 831 654 85 874 990 597 921 149 942 105 76 687 281 95 839 104 35 66 86 264 231 239 96 670 152 800 847 562 438 175 432
841 914 766 301 73 297 218 721 23 320 802 307 489 925 148 935 758 904 732 649 323 338 22 107 154 22 499 367 349 459 932 412 81 696 836 924 473 434 995 639 607 462 657 179 681 344 147 359 747 925 128 867 6 662 185 671 183 524 409 511 499 309 592 178 522 840 782 813 563 996 301 613 624 138 677 186 179 468 295 730 178 222 789 136 379 726 64 181 118 765 276 761 835 174 794 252 353 863 586 633
626 750 569 480 864 103 304 139 682 211 809 916 899 335 176 732 225 373 547 22 438 145 663 322 232 30 555 157 37 745 965 494 858 714 859 669 521 698 767 948 210 187 711 324 631 524 873 498 142 489 835 770 155 696 624 848 729 202 562 780 606 681 886 905 931 338 26 366 5 435 813 2 497 330 816 871 785 874 29 786 793 166 438 602 36 801 934 784 968 617 942 96 778 856 650 397 682 177 19 296
353 717 531 928 88 478 640 23 601 921 501 542 73 627 181 734 406 136 854 125 784 151 691 124 514 658 196 163 725 38 336 453 981 451 999 691 632 700 563 92 641 542 758 189 599 468 938 985 112 178 434 316 24 162 73 117 101 59 793 26 716 629 933 885 997 549 502 843 767 974 889 700 599 374 470 69 812 589 540 315 179 918 128 567 148 941 634 21 385 753 827 647 812 646 544 125 448 905 729 797
786 955 718 477 108 120 608 201 27 164 975 228 11 758 642 344 516 932 850 595 82 308 584 531 683 477 433 882 143 182 58 665 783 630 906 518 950 271 679 590 700 862 336 344 204 634 810 557 913 284 986 278 474 443 354 545 849 257 44 677 760 889 869 156 455 245 676 701 472 564 383 266 106 505 649 711 518 896 591 19 33 816 151 153 335 393 639 980 39 234 153 288 237 378 230 790 81 523 991 866
105 573 499 631 523 436 210 829 237 458 296 332 980 460 309 290 750 576 325 118 646 17 380 603 488 91 753 872 164 314 865 578 426 400 745 437 48 170 36 811 115 830 526 173 75 669 545 870 338 624 49 667 610 152 754 274 657 950 754 443 30 778 152 242 106 509 615 239 697 445 496 984 438 604 501 577 131 804 698 746 42 443 679 649 347 494 624 545 121 746 405 474 922 386 103 239 375 579 282 370
203 357 216 782 417 276 21 914 868 339 436 983 388 853 956 819 96 506 576 965 647 41 688 970 544 247 739 696 604 601 366 260 965 885 653 302 84 93 750 434 400 839 886 378 355 518 463 855 23 563 689 283 300 220 633 897 723 568 301 820 647 4 232 132 676 454 407 207 425 695 660 512 947 890 490 364 171 66 683 671 548 383 568 190 22 95 968 232 220 307 723 365 113 43 736 27 244 659 191 672
542 900 814 769 101 563 724 357 915 867 595 721 651 133 326 854 272 852 444 896 23 410 997 652 800 255 693 29 993 552 64 319 888 167 826 953 224 203 122 930 463 189 420 509 253 34 414 121 485 586 366 769 232 38 665 310 949 400 793 360 712 424 621 405 623 950 856 590 431 454 886 398 309 944 442 910 680 232 170 409 139 598 888 892 448 978 155 969 801 141 581 803 840 449 295 656 41 404 581 804
766 547 168 761 78 261 839 662 254 642 137 33 857 484 156 932 350 610 293 850 688 99 562 900 96 367 960 890 579 935 812 172 898 68 251 625 346 23 724 993 398 639 75 680 626 893 778 351 204 922 662 419 943 493 626 611 509 567 946 165 372 469 466 263 880 842 229 99 700 758 235 517 130 944 591 173 309 142 711 558 853 42 572 921 222 484 943 874 304 344 874 245 680 845 750 809 1 602 390 30
865 252 591 707 368 679 566 222 201 203 728 145 486 30 797 252 337 918 20 236 243 529 241 276 302 438 272 665 529 567 608 762 997 918 336 769 39 632 810 960 298 847 714 166 192 267 425 589 743 68 956 773 618 955 116 825 809 156 292 551 890 938 276 581 624 176 550 449 999 220 728 895 484 65 452 667 239 138 819 41 379 621 773 810 373 931 627 250 877 733 759 922 789 698 387 768 653 453 35 432
481 39 359 66 864 16 59 532 301 194 684 849 779 645 911 671 367 399 649 848 233 101 521 286 530 852 861 604 785 939 651 482 674 398 776 938 98 773 651 473 355 147 296 430 982 537 286 632 39 628 277 529 668 640 877 664 108 837 862 738 748 90 690 283 761 997 854 309 628 315 140 378 876 926 285 536 805 387 403 381 281 191 269 7 690 971 580 807 776 848 226 101 992 199 180 867 567 615 783 698
785 903 678 122 444 630 641 16 754 389 160 111 539 664 521 202 166 745 807 188 242 732 570 270 110 515 96 471 52 102 858 606 901 927 676 55 606 699 796 156 867 854 82 535 913 76 229 138 483 215 568 638 828 123 951 500 945 932 451 899 761 914 116 563 966 124 220 801 146 850 465 703 12 58 967 855 511 497 837 656 159 195 439 145 932 670 274 489 669 416 921 364 974 474 182 881 68 503 527 259
270 840 992 734 102 986 151 882 595 335 415 994 650 193 840 412 202 981 704 904 834 448 302 119 224 563 777 318 694 959 855 695 802 6 318 597 668 367 951 699 861 182 90 154 551 853 445 333 239 287 704 989 41 246 796 806 414 75 328 136 308 382 571 728 428 864 739 585 709 769 0 315 548 74 872 790 766 189 870 303 68 476 403 889 69 762 512 347 841 487 222 463 445 551 668 816 635 765 371 496
988 567 268 393 870 244 589 618 297 376 206 245 362 183 392 862 422 492 200 265 50 121 64 898 614 494 712 928 684 661 350 801 914 102 502 964 528 226 23 603 981 11 496 206 539 770 997 929 534 666 671 772 913 703 386 105 527 755 154 289 149 660 486 40 413 994 530 767 514 471 609 946 441 123 155 754 765 408 875 686 295 976 394 658 905 159 474 25 98 531 405 596 696 271 262 473 763 656 468 851
639 608 700 775 1 896 576 19 483 250 647 839 731 990 779 366 401 216 947 72 452 59 481 940 887 256 865 563 688 522 194 810 19 117 132 40 622 499 667 226 732 759 795 504 367 397 86 380 554 207 930 682 110 110 597 627 215 943 471 515 588 870 995 699 481 630 907 886 821 639 818 695 430 5 565 541 933 440 609 124 887 533 34 306 503 682 717 387 167 185 940 683 369 224 262 661 940 903 244 450
397 220 268 908 37 460 32 314 255 547 860 433 595 761 668 405 870 476 561 341 601 698 628 747 860 880 87 269 369 931 474 498 368 458 686 473 875 28 538 314 373 990 394 672 136 141 169 935 786 241 502 54 630 317 364 533 839 948 636 327 513 987 353 582 443 973 10 806 553 132 138 880 295 727 684 120 896 33 826 177 269 301 760 941 322 640 346 322 897 376 457 342 34 594 685 813 966 419 230 507
986 803 792 800 445 266 658 773 584 877 779 534 66 592 121 904 367 534 968 240 629 967 432 399 507 810 329 540 717 378 692 244 509 127 470 262 873 815 51 514 193 648 362 390 564 633 291 698 154 907 838 664 707 301 521 773 178 903 859 281 532 235 440 322 696 833 324 232 633 472 251 11 766 25 474 151 678 830 747 829 131 368 545 742 34 363 23 350 986 443 720 133 135 375 6 485 268 792 875 895
503 55 699 883 982 291 387 353 329 37 698 445 879 561 244 184 751 905 498 671 447 306 503 336 76 567 988 372 581 194 459 246 718 652 659 315 352 734 770 397 266 627 350 160 789 126 575 985 133 510 208 463 54 183 213 445 214 850 718 287 37 563 964 816 291 628 493 149 608 118 76 201 743 897 528 534 352 425 572 165 125 774 292 772 20 438 834 186 631 379 735 166 73 561 583 58 206 884 66 695
410 368 931 803 928 636 810 92 656 89 853 298 228 821 62 106 461 535 696 665 578 776 237 549 585 808 245 403 244 137 715 426 382 867 28 536 891 393 543 30 604 168 686 187 553 140 358 686 697 839 595 348 606 406 333 764 848 357 825 990 845 921 716 926 962 11 571 587 179 435 981 32 137 459 38 187 964 680 852 468 143 968 957 113 641 518 794 27 627 423 759 958 941 376 70 606 197 977 108 344
448 978 425 508 731 310 262 241 430 209 257 218 991 983 64 796 792 520 891 349 237 51 768 804 802 108 842 421 844 882 890 493 804 172 343 516 127 712 62 865 923 206 956 430 174 684 2 950 726 115 529 352 25 830 253 621 829 218 146 140 706 817 913 8 911 183 36 818 467 558 535 634 301 308 95 858 416 716 493 268 471 794 359 29 516 155 219 502 528 434 923 1 823 89 853 279 118 810 998 294
22 8 626 364 481 252 955 906 713 944 495 385 178 234 733 339 444 111 330 643 679 84 755 577 332 35 755 608 258 163 122 659 559 503 132 240 394 621 696 907 567 43 674 263 813 721 698 310 970 85 675 140 349 784 391 612 220 46 725 3 19 29 887 552 228 145 57 439 72 577 701 897 956 378 488 810 782 418 875 511 83 689 609 204 249 645 817 914 308 581 433 595 105 6 715 950 675 142 729 957
530 902 668 185 534 985 305 256 446 796 200 651 537 382 311 993 877 972 448 523 309 726 988 139 624 337 794 183 338 50 456 822 826 611 706 204 664 374 439 984 541 990 546 278 219 280 392 114 574 870 511 713 478 103 965 504 926 783 277 426 720 896 296 249 970 754 943 457 650 257 957 908 166 20 279 868 164 341 939 889 301 956 622 246 187 993 728 512 219 275 555 160 581 433 521 23 383 68 95 683
412 432 775 798 607 97 599 531 404 660 369 659 916 408 99 808 533 635 288 533 596 563 950 245 176 623 429 317 836 607 823 605 659 127 71 74 663 138 598 166 874 307 669 6 401 638 949 554 966 65 134 267 825 725 722 996 202 623 612 916 670 836 556 848 48 469 663 451 129 759 344 20 68 396 648 561 652 866 494 463 627 583 339 717 82 911 708 843 599 75 545 607 763 344 593 462 593 589 198 327
504 422 675 238 802 781 793 396 786 682 622 1000 752 382 676 646 57 828 578 527 256 341 467 302 801 583 130 811 313 560 574 553 479 227 956 454 3 473 631 878 384 652 343 375 531 326 591 472 896 991 603 727 403 605 509 361 228 402 276 992 240 919 345 705 230 92 47 217 882 360 967 12 221 833 490 365 614 493 319 880 475 252 262 130 79 239 803 917 445 375 153 585 755 468 16 125 336 602 837 330
206 420 865 938 78 117 829 320 8 750 262 858 631 834 648 194 78 745 876 841 308 693 284 689 826 624 433 663 775 756 921 854 965 92 687 934 567 660 296 49 458 943 519 429 510 461 716 174 830 453 588 884 794 957 710 615 544 680 448 150 417 63 318 568 359 262 836 735 497 553 289 328 836 921 696 918 304 847 12 887 522 255 508 16 161 399 203 44 574 932 957 513 329 725 388 29 155 394 535 255
511 963 871 304 51 134 272 114 740 536 373 703 921 198 463 378 673 114 69 789 45 298 73 413 837 563 639 803 299 661 72 994 708 951 945 870 571 713 809 19 701 653 534 331 197 439 566 497 341 685 794 509 69 815 401 969 275 965 915 787 566 621 849 837 975 309 151 394 616 921 606 962 140 211 840 568 796 413 439 216 35 390 702 63 900 600 68 478 426 988 398 72 224 731 822 424 32 630 318 424
348 22 438 44 400 908 457 704 621 800 594 62 945 921 582 234 208 969 183 683 58 908 74 622 138 500 603 540 407 692 238 924 205 914 689 119 100 683 880 600 841 91 931 714 73 756 797 148 784 589 54 114 687 944 769 504 684 865 331 489 352 308 716 740 881 89 656 663 268 335 54 118 578 949 943 157 434 542 261 396 541 420 50 876 284 854 961 397 83 489 254 9 920 312 673 79 104 861 1 632
741 64 793 903 411 54 294 137 987 567 113 540 449 428 769 849 535 239 414 924 109 844 415 103 931 866 538 317 674 762 131 749 494 249 572 424 56 542 592 843 538 19 212 971 289 550 830 239 521 15 89 774 770 703 232 13 649 298 512 518 935 881 11 809 886 308 470 120 870 442 370 865 675 118 970 873 789 758 797 751 45 219 486 785 946 461 355 698 128 254 652 625 231 942 606 326 914 965 729 508
118 5 335 842 909 581 696 327 725 433 710 695 977 628 470 110 117 186 311 609 618 497 199 516 247 494 440 480 33 580 204 231 677 143 401 227 315 853 9 590 825 313 109 765 164 477 948 543 431 385 472 374 799 361 884 351 37 891 351 480 451 26 404 147 618 583 365 926 427 405 189 75 133 65 95 843 168 512 534 689 120 99 187 545 430 105 118 508 227 910 500 637 796 176 980 259 173 565 174 519
231 925 680 551 934 452 288 10 816 16 267 161 497 413 184 79 105 899 272 545 404 726 573 669 384 808 770 76 781 478 467 530 12 424 822 465 446 811 925 596 153 526 626 903 846 593 668 224 559 987 328 336 549 0 434 729 914 197 811 260 563 994 419 46 556 480 711 659 360 541 785 592 315 190 84 619 3 703 360 491 693 153 777 62 492 214 984 450 895 306 503 667 41 352 315 681 216 163 722 131
47 985 495 477 599 677 103 819 541 68 528 290 220 710 360 914 185 39 559 810 110 825 536 406 831 993 194 726 612 699 658 323 503 808 764 176 336 115 367 477 741 645 62 707 570 37 474 192 20 597 360 161 254 516 973 10 338 822 635 994 176 228 812 352 301 22 981 406 758 830 890 615 27 279 352 322 107 75 827 274 368 479 296 536 702 513 254 904 120 692 881 101 430 121 799 847 997 532 825 922
921 343 272 502 3 828 948 58 484 628 220 450 14 572 147 470 320 497 558 89 738 287 216 546 363 670 701 257 864 581 721 107 528 896 182 670 807 544 255 734 282 8 724 115 917 497 520 635 329 732 857 730 619 543 478 378 192 707 640 281 938 50 903 335 968 86 967 352 987 418 502 431 696 387 538 708 488 556 385 717 731 211 952 456 846 58 75 497 543 915 677 222 710 828 210 933 132 809 723 817
485 305 987 510 171 113 764 309 68 72 629 590 260 316 201 72 19 290 267 120 496 653 134 763 876 118 927 113 569 555 645 531 496 603 985 423 210 577 345 302 157 619 883 970 426 433 975 534 503 915 117 78 951 258 273 717 658 702 497 173 468 743 114 510 888 672 954 66 143 301 309 430 260 832 331 846 14 657 752 388 638 22 458 952 679 278 443 365 996 750 964 186 190 410 269 705 479 762 94 668
961 740 745 863 426 532 709 565 313 932 993 21 481 38 852 35 726 983 255 350 909 980 172 815 574 975 52 450 577 641 699 866 257 147 34 722 817 487 766 199 484 586 770 257 706 31 489 660 635 677 970 528 548 383 808 12 394 38 924 52 609 117 229 526 66 376 986 933 305 237 999 37 125 255 351 360 601 46 676 142 84 544 887 877 401 666 348 707 571 43 207 110 188 662 949 750 198 230 524 690
355 192 357 606 168 58 877 810 869 456 695 135 151 305 839 914 407 42 978 804 88 530 979 628 613 712 674 508 615 573 655 758 498 688 348 885 229 845 915 542 386 643 933 54 467 3 642 173 564 15 639 808 440 700 952 576 21 949 702 838 197 717 808 371 605 590 164 315 280 374 194 1000 380 143 922 808 894 598 515 71 94 336 632 192 600 879 118 110 728 873 607 313 371 922 435 185 796 708 306 622
39 51 307 686 323 632 418 32 29 522 361 916 455 379 531 321 127 65 465 935 286 863 932 897 85 935 481 242 789 344 728 44 544 547 988 158 532 896 486 527 381 586 27 356 26 514 913 864 131 603 651 135 806 879 300 341 680 267 228 503 40 893 281 486 724 514 35 676 937 458 932 322 108 1 328 726 688 263 836 378 108 383 94 318 63 857 630 886 773 796 93 134 918 220 844 411 546 599 17 65
539 316 710 66 723 304 19 644 38 827 783 131 50 970 499 465 884 794 463 775 269 389 576 613 305 731 84 443 199 765 912 981 149 858 272 307 76 219 721 901 794 911 773 225 680 485 276 260 810 227 998 948 737 425 756 231 988 616 932 468 760 940 974 860 838 593 531 351 614 446 885 638 989 40 939 338 274 761 690 325 776 609 617 707 884 463 766 846 142 418 448 290 768 917 852 452 718 132 660 65
193 206 249 516 456 888 747 875 494 674 381 945 134 973 814 704 564 454 162 701 794 719 181 327 276 633 906 867 845 70 499 504 406 445 508 124 601 864 159 444 323 18 129 811 455 738 687 904 643 136 791 294 818 584 316 747 939 971 107 483 318 544 322 563 46 868 728 401 742 533 76 7 534 75 643 303 781 115 253 107 102 755 825 392 630 958 870 436 896 891 642 531 784 977 881 45 834 946 177 507
705 890 109 770 745 886 744 542 252 964 434 36 543 780 324 313 636 132 502 173 66 4 603 380 898 953 719 119 277 205 172 153 899 863 141 670 858 212 422 621 940 194 573 985 128 178 472 549 255 876 262 19 190 675 570 515 126 736 9 921 931 748 137 976 311 371 777 874 653 250 114 284 895 728 240 894 865 753 211 425 99 611 951 2 269 650 429 354 337 1000 425 864 112 515 323 908 642 434 605 994
758 707 561 924 425 527 211 262 617 758 695 990 730 776 737 686 174 611 175 822 847 214 352 329 551 793 473 342 239 507 418 433 756 818 835 628 630 832 361 728 46 833 66 407 115 43 745 16 273 903 847 614 648 750 250 889 391 139 648 89 789 369 603 716 585 625 260 748 466 361 634 926 684 923 330 705 502 489 786 20 636 564 967 751 347 765 492 448 578 97 139 269 209 233 416 468 942 832 730 987
821 437 973 972 878 636 571 704 88 535 173 113 107 484 45 575 288 9 451 218 94 877 316 574 475 719 646 895 712 284 440 380 533 73 484 353 659 544 922 635 18 262 436 956 152 106 783 349 614 880 232 840 369 650 879 857 135 362 167 75 807 75 787 519 562 299 616 148 974 802 21 388 436 628 620 695 278 434 269 421 302 749 654 247 963 364 86 261 692 444 98 866 858 103 51 972 930 648 870 620
599 326 718 725 799 521 910 772 221 590 892 234 304 891 459 352 451 220 981 841 91 73 532 779 318 839 434 807 825 225 511 685 15 822 400 577 30 688 127 304 349 416 75 782 788 836 443 393 851 815 693 893 536 266 270 375 429 313 188 640 823 644 302 357 306 473 370 752 617 762 596 66 350 115 561 909 144 43 526 696 995 546 209 282 760 338 603 724 418 594 992 146 907 288 221 729 369 793 595 325
423 131 839 677 283 994 737 761 543 974 823 867 965 668 56 99 875 963 731 526 208 799 289 122 725 825 957 66 382 616 839 126 793 99 721 467 564 240 753 484 424 820 571 609 903 779 647 664 316 422 187 531 620 748 442 867 62 404 904 108 523 653 602 544 804 342 775 857 199 741 929 735 943 659 482 234 464 621 72 527 372 952 932 948 213 89 550 73 480 219 818 831 973 287 921 193 757 193 233 233
297 412 288 334 259 231 448 343 968 617 59 507 928 495 917 90 664 830 864 156 781 391 287 755 966 876 856 794 794 346 983 297 434 635 32 611 994 482 817 131 717 925 495 342 477 149 411 997 924 965 229 259 704 413 573 440 762 397 242 358 683 741 703 959 165 785 401 594 775 907 443 823 395 420 379 711 472 619 744 732 323 431 86 444 378 944 401 28 718 820 546 407 521 30 86 763 347 864 111 185
844 641 321 774 916 861 878 554 596 467 9 848 370 74 31 650 342 157 710 947 181 860 125 723 215 490 109 458 816 869 674 402 285 288 559 615 36 142 771 162 320 285 703 974 447 46 343 612 56 456 877 289 762 274 597 609 537 987 722 204 575 90 907 501 372 525 329 285 819 522 428 936 48 317 757 39 75 834 204 783 195 154 436 919 297 972 464 582 904 746 494 576 625 271 8 823 622 86 606 898
578 884 242 656 616 677 578 128 162 318 596 661 975 268 630 841 47 898 72 927 365 165 979 579 13 55 979 921 418 523 371 735 54 952 244 333 929 66 36 524 659 322 957 857 726 638 605 78 121 906 953 801 375 674 613 29 709 500 931 21 15 911 102 561 800 474 359 255 765 365 351 886 523 898 356 934 165 522 363 663 872 631 358 169 410 578 54 477 367 322 977 189 325 553 566 581 238 788 575 316
371 489 338 259 477 980 538 860 756 456 319 705 682 816 877 117 748 812 10 396 355 158 655 562 803 84 663 518 93 904 22 225 778 106 530 415 737 592 477 193 511 388 17 136 386 855 926 54 314 317 69 444 874 703 935 589 971 303 923 562 178 609 280 673 281 153 196 463 236 562 425 557 507 370 588 668 558 781 370 852 310 376 67 421 24 367 142 712 598 518 506 150 425 750 352 60 976 264 92 770
480 38 35 942 426 725 349 213 245 18 492 63 425 47 876 450 413 417 145 86 618 932 291 387 743 730 544 825 45 286 230 812 744 755 137 496 463 197 684 178 377 517 9 915 356 826 643 524 260 525 772 757 614 310 781 504 173 754 369 463 28 156 288 227 514 467 641 64 402 492 621 848 627 601 118 966 608 531 121 437 872 899 900 318 434 466 362 560 632 773 710 576 223 513 591 779 396 354 976 612
250 899 316 778 562 899 973 422 754 771 659 222 51 13 107 530 74 983 335 188 360 200 988 126 763 893 892 494 498 956 593 711 223 210 624 695 67 244 165 432 297 37 240 184 784 203 213 613 109 630 62 211 274 677 619 749 285 69 640 470 141 874 96 452 392 802 62 698 83 197 94 458 747 412 518 62 187 324 903 324 481 100 587 837 751 181 721 238 667 584 287 529 909 928 97 262 78 79 940 329
842 486 31 806 281 608 172 928 296 286 279 847 601 644 426 258 252 47 780 575 239 43 229 844 451 156 301 721 453 236 807 693 685 866 274 650 63 336 393 111 919 32 142 328 776 817 928 83 502 709 990 152 483 56 766 616 59 27 968 579 888 612 576 868 884 437 312 825 188 833 961 804 721 566 466 508 856 629 403 938 440 107 175 590 57 838 180 54 114 660 182 428 58 233 816 759 661 363 499 424
182 253 474 916 440 44 323 623 96 490 371 7 343 899 169 44 268 101 192 172 77 402 700 572 700 517 734 79 407 291 809 28 914 992 797 681 148 110 923 716 838 861 969 448 801 63 216 818 787 915 758 638 412 534 897 112 794 659 113 38 44 6 26 353 129 35 546 463 867 587 526 632 99 290 890 742 40 76 776 842 581 639 66 212 213 806 542 461 862 386 500 633 219 342 692 244 383 927 445 278
32 565 166 91 736 357 570 974 305 544 128 291 552 651 694 685 689 862 383 85 1000 803 379 656 277 859 656 340 282 890 643 501 698 228 367 944 632 219 499 205 366 353 333 282 240 445 135 24 494 428 17 657 999 194 744 563 60 782 963 100 383 457 469 341 683 872 220 337 688 888 183 217 543 967 545 895 992 401 470 171 208 458 290 879 605 985 795 513 376 898 790 469 182 869 601 792 14 674 583 905
201 729 305 918 283 81 700 437 73 258 505 257 107 516 954 401 593 591 150 71 150 259 617 698 345 642 478 32 278 144 644 973 775 133 123 95 970 770 585 463 78 502 42 730 761 918 647 774 745 556 877 212 119 837 845 822 836 567 338 199 544 715 80 751 326 591 754 16 828 337 819 28 485 406 307 891 540 300 213 498 439 612 380 752 931 462 535 822 683 965 709 747 537 946 841 582 659 761 191 502
150 400 5 1 950 790 704 736 940 13 639 797 262 741 499 244 849 75 659 360 893 642 910 233 11 685 964 277 490 858 726 671 66 869 780 126 910 112 409 425 508 408 332 316 450 561 476 350 162 86 345 59 345 434 552 783 783 497 342 384 534 276 527 52 947 902 830 564 904 277 836 314 749 89 734 890 464 706 252 637 429 744 74 898 361 530 633 755 868 105 537 698 293 143 872 525 336 551 549 771
621 180 72 409 562 963 559 142 503 394 129 514 660 72 743 890 12 680 967 276 832 612 10 869 356 459 129 768 129 369 671 419 694 632 721 871 667 688 993 893 21 672 64 243 240 0 769 968 344 557 603 214 372 651 115 612 538 825 717 865 87 440 824 712 175 920 26 424 437 451 884 724 969 899 423 921 268 278 923 806 235 808 954 322 581 613 571 874 369 759 817 905 558 107 225 541 453 975 248 396
657 265 635 312 885 169 866 962 874 341 354 333 245 523 527 403 361 363 16 927 833 669 410 105 951 902 681 740 212 456 279 980 925 344 3 79 21 267 334 239 796 302 967 908 785 953 291 960 448 236 719 282 455 586 91 886 122 473 370 0 428 114 381 633 197 488 295 741 912 90 435 480 267 616 322 166 85 278 789 408 490 349 442 790 709 324 197 947 435 253 96 280 349 891 565 1 351 954 911 874
509 887 493 920 51 156 174 485 726 649 306 754 195 723 529 455 85 644 310 462 223 681 590 42 378 13 64 597 619 428 197 484 238 162 732 708 153 72 253 183 34 597 309 849 778 100 687 466 495 441 698 75 26 871 623 976 494 297 897 288 54 497 341 399 250 75 378 6 191 972 170 101 145 725 413 786 3 98 399 304 80 337 443 893 817 575 292 915 909 493 832 298 845 58 38 186 170 439 258 671
226 125 155 247 544 828 501 756 898 39 529 433 372 302 877 399 345 907 944 984 567 586 37 870 401 341 235 401 682 571 825 784 784 409 252 183 257 223 716 406 707 198 996 969 965 982 883 659 457 32 372 328 152 50 279 629 845 918 970 237 652 634 405 133 749 385 104 399 435 982 823 734 261 436 975 611 481 132 14 553 557 901 157 644 523 235 182 732 66 615 322 914 878 805 0 452 844 321 187 273
712 69 407 262 143 83 616 926 373 591 979 51 620 953 718 787 278 296 630 974 162 492 366 12 208 857 735 279 577 565 857 666 279 166 902 850 310 556 905 332 841 863 82 677 483 568 186 251 830 965 149 55 180 409 107 662 557 227 288 790 464 287 310 123 423 532 294 602 207 373 918 561 77 668 378 656 148 374 121 491 986 781 383 756 222 871 477 504 399 744 592 521 791 630 627 307 543 465 390 732
428 350 582 32 677 382 2 486 290 603 798 893 341 906 773 748 666 65 961 538 81 142 377 409 66 398 212 412 860 100 586 840 60 559 30 903 316 279 724 316 542 486 778 65 687 702 204 925 458 186 562 83 705 803 132 916 651 157 811 727 668 876 375 181 931 93 839 738 894 86 994 212 567 482 459 834 909 188 942 865 947 586 982 660 65 280 615 678 984 879 607 199 945 253 791 733 748 739 212 110
176 227 223 116 449 665 615 746 214 92 487 153 988 763 20 210 98 717 271 679 20 82 103 366 972 632 574 891 105 704 120 606 379 437 815 97 249 421 283 937 639 525 129 978 620 307 459 931 777 470 47 936 685 846 378 548 32 724 414 814 537 321 937 166 392 667 232 74 723 906 154 60 807 24 969 220 709 36 919 225 97 616 421 38 570 689 54 668 156 884 428 855 266 647 997 220 350 194 565 585
855 542 951 4 164 591 576 225 960 248 718 7 790 763 602 65 645 874 759 743 828 33 818 505 868 673 202 666 554 666 232 193 51 391 747 65 964 113 460 658 40 80 778 235 298 56 832 500 358 928 49 699 185 255 954 154 217 209 529 755 404 586 774 734 913 68 340 466 605 924 9 491 170 897 58 892 306 234 255 259 527 372 311 330 76 113 383 838 550 485 66 649 331 230 109 267 631 86 158 699
232 371 433 728 620 367 301 476 955 194 387 243 493 475 718 56 341 481 981 23 73 881 851 866 64 149 163 732 155 496 95 290 652 571 912 310 242 432 513 783 276 854 304 399 356 594 1000 499 678 952 516 462 761 232 659 500 517 703 264 629 62 243 307 507 977 888 214 227 965 345 720 298 232 647 410 347 368 593 446 480 647 551 355 472 64 56 379 818 367 376 179 271 767 175 763 313 464 821 25 256
143 690 906 895 377 420 67 905 300 5 846 258 333 643 113 373 6 452 348 574 246 203 992 350 431 809 969 214 243 274 400 196 997 217 17 353 358 622 959 670 691 353 218 725 592 447 825 29 906 516 860 569 864 463 300 17 811 772 968 488 570 638 669 762 256 419 301 87 856 863 0 565 664 717 164 573 263 61 460 669 262 639 119 168 111 725 292 351 94 478 830 166 960 671 469 450 284 444 428 536
435 160 704 292 254 417 653 432 516 218 909 3 203 804 760 652 159 277 778 6 473 584 292 381 628 216 28 469 923 6 322 524 389 289 192 27 947 365 927 948 246 299 975 819 526 890 450 394 494 918 890 235 374 613 999 542 287 94 200 74 25 84 325 692 754 49 23 124 903 103 69 41 793 847 512 790 443 672 494 822 194 324 176 908 453 528 69 420 140 874 439 161 521 450 779 866 296 101 924 348
580 693 686 211 544 999 669 372 415 45 24 482 273 671 60 710 423 245 337 855 711 800 93 471 626 187 34 319 175 780 483 364 327 247 836 712 310 531 282 455 42 731 878 728 668 526 575 427 993 999 353 788 562 928 218 909 738 958 634 483 545 378 908 505 682 560 62 194 542 745 417 182 654 814 55 870 892 28 893 448 55 511 655 57 841 714 164 932 0 283 326 753 743 232 447 538 449 998 959 382
339 611 47 394 902 58 450 492 73 879 383 781 934 538 665 16 595 637 764 812 786 271 511 874 110 722 471 552 198 695 323 62 613 108 165 137 938 343 723 674 140 378 989 456 192 578 70 124 923 204 431 734 366 318 324 892 787 596 102 202 142 968 965 471 747 951 71 104 789 65 448 990 549 295 327 406 316 207 679 781 698 210 98 435 979 524 821 869 354 515 631 6 272 627 916 317 35 829 69 502
626 539 834 798 682 380 560 477 122 9 408 494 722 226 848 45 396 851 345 342 223 144 1 182 611 860 817 829 39 600 32 952 440 6 920 266 593 41 76 267 221 311 314 626 849 746 264 138 622 492 253 752 443 7 23 406 561 595 251 183 858 656 2 50 654 80 879 240 204 241 710 656 545 373 92 463 16 365 515 893 377 434 908 370 931 941 297 817 121 897 515 238 657 403 914 141 68 384 631 135
187 769 401 577 150 108 9 132 94 109 968 912 558 627 311 754 695 906 937 419 251 290 729 15 791 249 281 550 428 386 122 724 868 468 817 373 776 678 588 900 22 540 444 808 142 583 161 268 211 153 474 76 481 429 664 127 218 79 582 340 377 43 941 625 579 188 287 476 804 83 574 193 65 187 644 705 69 845 956 817 115 185 458 81 640 697 270 978 376 244 880 120 309 572 499 463 760 518 949 935
758 146 340 680 861 386 693 647 121 777 853 170 817 781 770 11 901 282 750 28 782 70 205 579 245 247 820 514 982 301 661 565 313 116 545 626 471 891 425 336 833 732 974 129 156 862 48 517 217 440 804 181 5 301 144 298 337 247 970 880 489 260 828 827 751 293 451 650 999 675 214 97 552 936 682 306 352 170 268 904 439 362 85 589 599 843 57 817 651 774 866 922 528 671 887 372 928 255 486 422
572 654 949 302 197 214 800 682 659 864 459 593 472 146 35 932 919 344 116 375 460 421 85 919 994 154 713 215 790 375 182 632 606 594 990 872 563 400 401 151 169 176 808 452 431 880 73 713 241 100 239 644 56 952 210 72 134 887 770 107 725 855 891 446 292 599 826 491 636 788 874 188 400 144 327 486 627 459 837 37 62 534 638 487 323 140 223 969 250 476 896 489 128 453 794 575 609 22 500 769
317 778 483 315 700 596 891 182 0 782 900 515 636 612 438 200 727 824 957 798 414 272 577 984 128 640 708 583 30 427 409 236 698 744 721 100 123 14 538 786 492 932 825 766 542 61 126 997 500 596 277 418 205 685 547 872 319 461 694 725 664 487 285 201 129 251 300 648 743 964 75 620 382 227 197 991 203 162 348 869 378 870 371 621 264 117 774 288 799 671 886 298 566 137 827 634 309 536 292 465
789 552 286 879 513 40 258 985 335 799 1000 908 476 219 648 742 863 953 548 682 864 44 579 448 828 795 149 826 257 746 857 812 718 909 810 535 171 831 835 285 938 818 702 937 852 88 303 587 565 642 260 632 977 441 241 463 312 621 776 43 24 463 895 778 279 534 993 234 569 184 298 402 413 385 307 827 295 866 854 346 921 715 961 290 154 262 98 371 157 105 209 112 926 754 169 901 319 740 306 656
962 59 662 11 866 446 525 194 981 343 305 542 360 453 852 375 3 974 558 277 350 705 292 77 67 992 263 724 731 483 209 225 807 298 600 903 357 515 504 48 440 572 400 593 578 545 58 570 939 322 173 132 896 66 596 536 203 959 578 586 390 975 966 96 620 407 265 420 737 333 979 999 575 106 589 754 191 394 214 435 812 712 551 86 733 718 497 478 543 924 470 156 310 482 725 119 830 185 865 44
768 346 825 80 508 419 678 137 857 752 659 498 439 256 765 778 934 342 989 887 10 78 664 269 192 539 854 972 529 503 989 125 102 692 999 87 765 71 235 163 247 157 394 622 619 110 171 177 712 469 507 270 227 56 263 853 438 456 341 287 907 841 738 840 370 696 894 928 688 537 305 69 844 718 515 38 298 968 787 708 244 206 867 401 442 478 73 190 702 933 617 893 823 675 203 855 180 944 373 465
407 520 962 742 270 883 805 909 884 108 690 127 325 238 913 271 200 796 478 594 948 329 684 990 455 450 185 326 449 787 1 618 352 947 358 759 329 702 746 585 41 822 634 121 885 694 332 56 557 17 225 611 55 179 79 928 473 590 68 138 337 27 471 800 116 217 329 606 15 254 990 562 501 677 34 821 466 266 168 487 947 153 243 581 752 999 358 106 488 526 149 100 684 355 714 887 749 99 976 624
361 286 647 929 792 336 53 987 384 363 862 683 373 320 641 293 864 753 41 487 689 855 30 443 712 456 86 15 604 944 703 804 89 38 290 456 651 484 390 125 311 165 428 153 9 937 717 400 328 979 199 382 820 767 1 288 802 5 802 880 865 167 943 71 725 456 929 321 356 101 845 793 596 319 939 659 412 734 93 715 952 657 907 406 307 592 166 666 954 489 443 433 303 678 968 892 142 48 181 751
475 942 373 434 199 107 723 245 36 622 263 37 6 503 300 147 225 671 287 61 875 776 131 231 952 242 121 960 818 334 75 173 919 28 324 438 644 299 486 380 532 462 446 559 200 869 38 25 786 28 817 874 815 16 60 150 744 424 938 919 388 278 695 147 954 871 868 966 28 452 15 497 624 156 280 571 266 986 881 411 491 491 109 132 722 521 847 191 532 975 940 95 202 995 92 151 912 165 27 326
925 500 865 277 167 720 20 949 331 384 125 836 259 122 54 578 770 12 971 684 909 601 346 715 306 117 317 344 222 122 413 495 234 524 448 329 407 760 644 99 306 719 434 505 964 236 382 806 333 330 652 408 257 889 39 509 318 942 232 232 958 509 357 491 235 606 541 813 483 946 479 954 682 808 501 543 944 201 544 504 501 477 190 173 406 675 371 310 473 948 282 108 484 584 743 841 931 365 748 236
691 105 952 278 247 932 398 200 186 765 223 226 741 384 639 64 927 344 241 964 994 278 500 55 121 744 179 157 531 646 863 479 735 531 273 812 432 956 95 153 176 515 990 916 792 707 667 868 846 80 48 241 91 773 838 966 938 350 742 218 794 640 542 751 468 315 593 354 861 43 75 141 451 381 125 630 500 825 238 159 418 854 262 340 624 323 24 202 971 966 495 509 850 137 43 466 463 348 545 90
436 770 507 617 586 958 447 760 399 892 883 665 363 681 914 582 270 289 630 616 412 969 552 751 412 570 706 766 664 518 55 708 719 869 548 987 891 769 350 363 775 336 121 880 838 500 139 849 103 700 42 129 290 420 229 363 615 568 255 801 130 76 800 815 561 685 549 369 853 285 779 804 107 623 547 590 745 508 84 549 174 103 498 358 759 41 845 61 215 467 688 304 443 991 89 270 645 26 76 385
895 44 848 564 983 743 2 971 388 46 693 325 977 410 911 371 408 32 944 447 684 772 379 556 546 984 73 142 723 271 921 180 153 807 530 609 159 372 449 305 115 229 650 889 390 138 552 748 385 154 417 112 927 482 650 145 594 183 311 448 875 322 216 950 412 270 512 55 980 143 734 158 209 750 610 506 621 473 40 104 215 772 999 529 329 50 826 722 557 181 822 620 269 986 531 640 752 2 286 196
39 121 745 598 220 730 841 906 660 996 583 4 396 630 499 371 118 923 212 170 938 145 205 840 289 202 393 622 397 144 605 104 759 793 922 592 10 486 288 842 944 984 939 912 467 388 235 900 447 532 303 18 977 413 735 352 543 64 598 37 971 345 969 117 165 25 167 498 330 295 652 610 147 849 699 261 561 398 787 570 492 241 320 794 956 507 832 702 572 703 280 602 970 524 448 81 30 685 460 743
632 473 398 420 674 260 663 547 937 945 933 788 836 742 802 753 433 667 221 944 912 711 608 678 725 500 556 196 898 80 234 441 937 692 519 151 563 844 74 612 98 46 419 459 929 102 602 708 219 465 556 75 976 780 914 200 61 541 830 149 547 1000 938 485 965 531 639 291 681 931 622 384 988 609 871 289 304 904 897 729 369 808 127 666 340 867 719 559 737 556 970 966 816 313 855 916 177 753 840 647
47 400 765 587 424 93 532 245 360 146 971 218 826 256 551 761 969 117 761 244 323 129 595 586 922 279 190 858 533 471 721 623 456 358 451 131 105 162 963 182 295 705 275 4 262 537 372 712 569 488 552 512 480 871 289 844 805 449 676 48 481 625 82 28 628 135 586 848 290 440 213 407 619 790 518 53 738 984 868 275 138 645 841 519 838 527 770 788 655 636 619 736 234 29 776 479 756 465 174 546
619 995 945 37 492 150 788 370 625 859 471 61 302 204 393 524 666 510 187 338 821 368 498 653 130 60 944 895 155 908 470 668 158 748 410 626 655 966 157 14 497 695 677 815 573 226 358 961 118 3 636 879 889 590 306 873 417 396 229 990 589 681 946 983 189 775 771 396 883 177 677 273 817 152 326 2 982 637 991 965 330 320 599 114 862 789 898 697 104 110 15 841 402 613 347 17 482 434 723 507
793 601 728 372 145 720 909 290 472 531 203 232 990 112 368 994 264 950 919 462 1000 311 280 817 662 345 858 295 418 971 790 87 530 755 65 583 182 446 714 33 337 957 670 627 385 84 450 101 131 659 150 963 84 790 157 56 199 74 428 415 397 193 897 98 617 506 256 738 249 266 646 273 451 467 894 589 226 47 604 290 386 194 691 910 877 158 288 562 346 698 682 282 311 221 534 995 858 706 586 524
235 153 412 964 592 387 166 982 28 351 755 582 253 225 273 353 498 298 680 421 923 963 263 893 839 395 347 109 586 683 942 123 176 135 883 770 454 575 972 644 305 887 252 235 607 14 763 590 256 540 853 167 726 170 351 305 317 471 698 491 126 410 388 983 632 997 175 302 842 832 867 824 725 989 153 408 294 948 755 981 1 521 860 469 868 119 693 477 0 323 909 943 702 360 707 514 528 259 484 266
80 810 100 995 520 53 752 410 468 45 233 859 61 12 788 561 413 139 592 383 654 674 410 471 109 339 772 425 758 582 829 56 2 941 638 476 275 320 79 484 79 531 39 790 224 542 444 88 709 758 662 365 572 251 151 940 6 490 261 528 774 453 919 71 847 804 73 642 228 722 348 739 88 481 304 965 52 380 133 129 503 845 178 920 463 365 30 742 649 451 254 866 136 363 453 430 705 580 20 400
655 338 477 825 632 952 798 165 682 39 801 472 81 57 254 730 251 805 296 545 967 876 30 671 182 355 95 77 674 565 262 451 251 219 866 689 559 176 208 954 228 647 546 11 630 294 577 146 706 621 641 895 631 736 302 361 272 775 406 542 117 398 415 656 816 475 428 158 447 121 235 356 248 154 494 408 317 926 497 752 54 461 15 313 575 129 365 171 836 529 172 101 291 346 536 797 488 104 797 98
515 138 872 521 96 424 774 926 423 832 683 695 460 698 94 496 629 469 490 846 153 93 971 362 556 550 635 651 297 682 467 992 718 189 916 820 522 513 978 329 526 390 826 544 561 322 693 171 279 365 119 692 866 980 235 939 67 750 748 406 850 35 71 99 144 111 571 415 533 498 79 278 87 397 617 798 310 703 798 42 675 877 925 181 601 770 678 697 786 266 651 289 170 698 569 35 906 270 351 871
331 702 767 167 894 139 554 645 336 75 804 142 209 872 972 763 881 285 745 173 698 184 923 333 170 214 561 4 772 128 845 751 809 649 250 819 799 391 275 623 429 271 265 601 774 608 63 423 948 412 33 964 535 531 173 452 873 511 923 472 785 360 598 798 474 108 306 547 253 569 912 800 546 132 970 327 347 878 719 436 532 458 300 417 200 407 442 237 11 115 918 31 897 960 433 849 549 932 64 587
849 216 892 835 744 251 955 558 44 807 682 78 691 317 177 979 303 809 63 645 82 261 765 509 144 674 460 686 957 180 476 777 517 184 999 939 731 852 614 355 842 124 483 837 952 66 57 91 500 589 850 638 416 377 196 265 379 367 330 801 766 483 418 100 663 620 850 735 13 925 286 210 391 88 523 189 824 105 592 751 104 189 106 281 77 743 464 25 755 744 803 65 436 151 820 887 221 705 510 587
465 353 78 929 591 405 328 591 616 972 7 325 510 692 450 831 763 526 432 452 626 987 999 957 166 367 282 814 397 197 975 468 174 766 636 643 30 459 765 694 742 218 965 699 716 411 98 775 251 802 15 67 169 275 353 776 493 323 514 813 580 510 402 265 892 269 959 467 991 592 487 550 604 903 832 274 263 192 205 696 970 141 144 954 328 153 427 475 766 238 592 523 64 541 456 226 85 976 311 885
459 806 118 971 611 65 933 632 474 879 71 645 257 421 890 219 180 958 482 14 899 533 187 809 280 28 759 916 360 723 126 810 347 715 14 459 200 888 395 597 284 131 262 234 211 161 627 369 85 797 513 980 25 466 644 697 632 572 564 274 958 175 988 80 966 981 850 734 715 792 489 891 424 917 532 13 393 902 424 669 989 948 42 779 883 109 288 514 415 609 944 805 230 562 730 121 247 932 956 409
790 735 678 669 859 104 746 594 315 911 955 543 183 785 280 439 272 222 782 695 670 454 986 232 25 871 656 695 295 811 440 274 698 15 533 681 572 93 475 897 622 252 319 834 802 860 783 660 199 1000 407 240 254 197 877 339 348 531 134 970 802 261 873 498 484 483 744 746 29 771 468 163 583 935 654 748 839 169 989 721 977 664 51 716 306 69 623 585 308 268 505 407 994 383 247 138 823 113 314 513
151 785 148 724 706 215 441 212 104 778 472 425 152 395 15 933 288 307 536 617 683 637 266 916 867 412 431 329 78 350 779 493 676 558 69 356 136 983 20 425 473 641 830 756 809 483 375 816 847 258 261 457 817 991 910 70 815 382 452 292 644 473 483 108 553 611 901 730 545 251 106 432 77 751 32 50 322 806 585 365 547 503 650 214 39 709 557 245 724 545 417 87 98 846 381 279 236 588 701 733
85 711 189 871 758 134 234 278 235 257 168 144 629 383 720 958 871 748 466 546 464 512 865 900 294 773 137 550 372 28 869 299 264 294 688 105 955 850 489 568 861 252 667 895 612 784 217 411 256 768 894 280 629 638 771 564 402 607 564 482 388 305 498 878 154 562 587 887 322 990 236 133 55 946 940 423 400 212 116 34 592 670 356 663 895 176 266 137 222 264 925 378 1 584 517 950 159 874 976 608
64 906 73 674 584 41 346 718 631 80 119 299 515 686 697 837 951 583 85 835 107 748 6 763 993 105 111 139 167 536 110 162 791 880 664 476 169 379 502 949 600 548 613 115 817 945 357 23 436 642 410 541 57 197 756 580 100 890 349 272 253 555 990 982 567 311 599 961 917 240 724 725 725 921 510 390 411 245 855 1000 762 426 866 680 208 565 380 312 542 838 834 644 361 775 101 76 331 770 336 221
664 17 598 965 708 763 710 531 530 762 336 473 609 839 445 599 102 648 569 369 396 59 333 175 481 425 427 225 149 263 397 506 265 208 862 448 222 102 325 724 426 226 822 604 98 192 880 892 172 430 384 975 225 788 844 915 951 860 703 195 671 823 89 768 219 304 799 618 548 867 771 466 403 33 646 61 967 76 220 5 248 635 254 481 71 483 358 547 863 654 533 530 700 813 81 600 88 450 158 247
755 434 50 95 887 752 160 440 201 557 402 495 417 886 464 744 348 605 244 435 248 720 429 676 148 811 797 812 702 896 773 933 638 848 132 472 876 673 982 748 667 529 740 188 837 783 123 702 206 635 656 448 598 56 11 573 874 119 314 777 176 76 50 373 459 357 663 520 916 935 210 762 452 456 565 252 731 897 673 488 950 885 841 740 807 510 482 241 959 89 593 928 710 741 687 455 163 62 936 515
961 505 955 456 39 104 585 892 880 506 609 306 610 427 491 565 188 225 57 847 446 697 28 318 585 421 459 849 514 461 798 796 804 796 255 185 949 650 982 996 747 797 122 870 340 545 422 531 283 98 501 53 878 295 504 649 91 180 517 226 165 217 560 279 875 107 699 848 881 199 734 436 49 354 858 780 405 247 190 644 75 149 533 606 364 93 546 655 63 971 472 533 863 671 707 1000 932 14 70 139
772 751 402 854 815 813 537 344 345 668 797 37 446 257 954 208 268 875 405 480 375 987 605 645 749 87 152 674 91 689 195 708 13 683 505 189 762 625 544 326 143 761 302 481 805 787 830 158 640 935 563 904 629 265 186 992 661 412 536 181 984 551 260 551 736 613 154 72 160 937 871 29 733 321 593 6 383 807 749 118 38 513 127 575 6 686 28 128 45 875 719 418 138 251 449 251 803 639 993 320
820 927 996 662 945 313 834 35 91 792 393 650 27 531 749 362 741 666 774 346 674 390 543 703 634 515 847 412 39 859 77 858 958 44 604 980 279 172 476 487 208 497 631 239 500 750 285 98 27 463 845 953 527 621 785 119 997 215 384 170 598 324 657 150 841 983 873 801 711 692 779 225 386 936 411 486 864 515 652 592 317 210 794 453 241 961 808 819 89 192 22 171 138 21 377 249 104 396 181 942
136 209 987 431 883 789 351 448 949 788 844 207 96 270 584 590 44 485 51 955 255 85 991 783 63 745 730 937 153 915 995 143 489 906 861 589 346 503 859 951 653 197 75 216 76 130 387 787 453 951 994 849 277 91 69 109 155 565 717 887 704 522 235 550 366 14 300 5 136 90 827 242 582 251 372 632 800 109 388 793 779 146 282 396 318 529 228 385 40 623 972 392 47 581 450 136 557 120 824 507
360 418 68 52 129 253 204 51 947 886 203 863 808 72 947 483 864 663 468 750 531 20 289 999 238 368 763 441 611 454 188 641 628 285 846 951 253 569 226 352 236 391 304 313 72 830 405 572 489 258 351 25 515 588 159 578 472 572 582 514 688 315 125 470 562 804 666 283 967 287 374 989 398 485 457 661 261 443 631 525 631 865 568 256 875 609 178 641 114 538 800 460 847 842 103 299 639 903 164 718
70 621 613 207 793 360 303 367 965 8 154 150 540 508 232 825 783 933 76 76 809 22 911 416 224 199 970 792 780 787 429 254 884 425 288 565 343 801 415 942 540 277 840 871 132 862 587 25 691 641 217 992 800 349 790 683 704 562 918 675 694 418 386 156 638 342 655 512 18 338 218 568 898 906 555 631 890 977 920 675 663 474 757 763 389 934 809 358 761 544 176 347 964 283 483 496 718 126 50 831
472 568 191 558 665 778 489 394 722 406 883 112 992 99 531 258 201 550 152 127 231 374 736 393 313 568 9 99 762 687 368 409 827 376 597 8 500 691 755 981 127 607 981 456 645 650 355 617 249 329 827 910 836 436 27 735 865 478 91 433 906 5 255 864 224 782 115 265 739 398 233 824 902 880 224 378 297 427 878 949 184 391 704 789 236 472 951 394 381 120 708 167 341 998 600 7 243 779 293 610
643 668 168 86 142 810 880 16 348 971 192 247 704 268 394 391 582 466 443 954 346 334 941 724 804 37 377 3 781 156 682 786 902 659 292 525 43 342 864 274 55 921 875 340 798 597 114 544 840 551 371 212 392 0 913 241 159 616 262 453 709 322 800 748 117 887 394 115 839 821 397 625 948 419 823 391 887 667 669 85 375 610 339 107 383 715 168 750 824 279 815 39 37 999 640 114 862 604 154 897
832 902 113 439 941 455 150 397 527 588 283 382 317 762 790 1 966 457 159 437 250 438 272 611 548 553 27 885 199 776 322 866 687 658 737 254 357 855 339 848 559 80 267 21 424 52 471 168 552 109 909 773 819 667 705 470 741 3 157 348 334 787 167 860 629 99 252 9 826 311 918 488 746 183 97 359 857 563 533 51 49 147 577 459 264 574 217 791 75 792 360 549 431 715 939 775 470 428 224 96
416 184 472 635 139 673 281 579 757 488 893 826 532 612 303 352 275 293 12 594 347 349 483 268 870 564 567 705 476 623 251 696 183 937 141 734 687 271 735 201 44 869 965 320 421 674 548 755 863 658 818 477 973 955 521 606 155 404 795 57 204 563 209 18 501 28 479 835 517 237 243 547 466 180 271 547 829 329 336 91 847 272 205 630 827 304 756 256 673 845 624 27 610 96 759 500 462 519 973 779
44 631 783 26 268 231 8 453 265 242 765 90 798 473 350 260 279 802 111 302 641 10 106 482 6 780 157 282 457 805 561 556 830 970 537 894 281 145 187 539 838 234 965 950 52 667 669 935 898 264 266 609 58 557 111 450 538 649 525 702 168 541 224 298 984 741 820 710 663 506 289 971 478 7 631 848 585 860 615 297 291 897 276 534 610 119 247 657 547 288 61 996 157 146 698 409 927 516 891 453
465 566 325 416 866 123 150 912 749 106 101 201 438 606 641 781 93 494 58 859 968 446 684 950 867 479 300 695 400 936 278 8 513 926 165 43 869 692 24 72 754 15 936 404 947 308 488 177 594 748 699 779 138 488 178 225 587 225 70 642 283 474 404 66 262 123 207 52 162 474 404 277 375 403 30 9 778 990 805 220 42 114 78 386 888 610 764 265 995 967 383 66 290 93 42 490 628 634 347 6
757 493 757 340 749 810 870 7 473 959 693 217 807 58 800 143 923 334 315 807 675 82 651 393 849 859 633 19 446 908 52 806 848 613 965 682 127 481 711 703 758 391 545 533 797 854 647 598 358 932 264 642 583 626 384 495 119 559 145 767 325 50 644 226 62 767 698 909 183 367 857 403 927 965 105 682 307 543 333 76 440 169 864 220 223 192 552 189 625 543 20 317 179 388 779 604 494 820 730 987
686 741 69 270 154 213 316 149 105 366 442 371 464 229 888 673 140 538 265 561 541 336 674 173 99 808 550 403 890 831 168 487 256 621 445 193 424 392 544 358 121 699 352 764 603 275 124 845 383 2 895 361 592 450 83 4 943 91 736 494 817 265 384 56 703 593 472 730 415 878 208 123 410 137 538 627 470 986 680 803 722 577 170 212 546 135 32 605 812 764 913 105 987 339 314 21 186 330 838 741
820 480 758 537 440 389 934 293 688 160 317 994 324 223 885 551 362 74 269 874 419 466 483 645 5 649 958 561 616 741 469 228 15 771 968 422 147 789 310 532 497 210 306 582 24 188 254 746 837 393 193 703 356 349 219 532 272 937 426 133 717 706 951 856 633 568 577 437 917 766 38 382 348 512 938 881 833 390 159 938 56 966 487 393 39 822 920 966 458 831 892 875 531 976 564 429 395 506 743 802
898 936 902 859 669 986 706 334 532 960 963 350 316 270 52 31 395 205 754 911 822 993 243 305 59 590 0 841 992 476 981 362 48 280 530 592 523 147 306 60 70 10 307 603 87 440 25 77 166 466 206 856 411 63 418 551 444 878 680 134 737 942 594 814 374 102 164 648 361 28 567 79 535 696 52 358 485 57 850 752 710 754 480 403 999 788 405 864 359 762 655 938 518 575 539 862 36 341 267 617
338 518 327 170 905 215 568 995 857 364 111 124 15 122 391 44 618 704 40 906 867 61 175 887 705 684 2 816 810 59 966 796 462 71 328 180 225 808 669 630 801 619 994 473 137 698 132 900 963 354 324 513 682 860 359 586 123 73 793 603 669 329 341 171 786 831 775 231 230 345 91 20 153 870 746 534 428 825 372 207 783 509 664 378 499 378 231 564 586 213 405 713 645 285 804 100 230 257 910 921
791 801 217 812 178 196 418 121 625 150 472 847 520 341 382 305 200 766 483 920 556 998 535 347 326 469 62 757 603 53 308 399 817 487 845 442 936 683 869 720 623 784 624 867 179 359 165 342 404 478 16 812 214 894 949 824 666 639 28 645 271 723 549 812 985 954 449 13 853 442 587 902 30 193 918 962 521 837 324 545 687 106 621 895 593 387 282 698 586 943 564 707 703 288 61 987 624 743 295 432
621 745 585 564 457 181 323 845 457 304 971 496 343 974 35 136 138 609 157 985 37 418 679 252 861 764 800 936 374 959 406 869 491 755 813 324 472 61 776 732 678 57 937 690 746 867 742 889 209 318 671 93 707 307 228 317 570 569 875 253 321 151 139 415 715 586 173 64 526 804 350 183 500 355 912 23 284 675 68 891 204 761 694 256 22 261 983 943 893 564 917 593 978 807 658 664 585 568 787 270
778 491 752 983 139 533 18 788 605 470 484 310 683 609 897 394 662 325 827 477 246 751 515 68 814 102 236 985 210 807 299 706 584 758 491 726 809 541 462 166 236 400 945 316 306 38 52 835 347 347 628 698 830 227 3 327 850 277 142 722 829 664 664 807 799 669 547 507 889 210 158 106 396 35 879 612 669 547 960 531 898 908 68 279 485 880 43 538 482 551 180 697 629 932 60 83 629 712 679 674
205 504 513 759 706 334 636 52 561 33 291 795 652 604 741 398 879 229 577 479 365 291 548 645 937 718 592 267 545 742 257 792 235 919 178 530 809 154 766 478 26 219 827 635 254 263 783 122 450 154 482 662 772 87 300 578 270 543 788 849 257 119 664 886 154 552 244 112 649 454 708 556 534 944 436 56 212 311 614 876 59 46 743 820 112 38 331 546 372 840 142 840 245 78 773 55 443 278 676 788
995 755 159 254 303 494 133 256 85 4 911 776 730 271 66 820 25 426 750 702 843 518 472 785 332 868 759 65 715 146 31 625 833 121 969 392 607 583 877 609 620 635 557 595 124 942 267 337 9 237 273 764 454 229 488 74 831 461 29 991 347 424 139 592 254 609 966 264 686 428 109 216 528 828 643 635 848 359 364 417 991 52 308 122 515 211 953 877 188 134 675 375 467 301 787 685 733 850 313 896
866 931 357 277 577 438 960 930 872 456 841 897 502 137 617 773 215 289 893 658 613 101 897 458 193 960 17 175 4 852 333 719 873 544 335 620 855 255 547 771 350 735 702 85 900 788 177 282 173 86 708 543 189 165 275 589 763 418 542 528 801 509 950 168 29 107 181 650 199 395 187 915 662 182 372 695 280 353 84 842 415 414 125 579 171 649 477 823 115 676 927 338 364 819 165 725 336 965 570 989
733 889 448 214 329 213 581 524 267 416 478 705 988 362 282 827 392 131 972 433 958 569 387 193 713 982 188 997 45 863 443 645 152 476 189 686 763 292 884 325 416 222 328 121 763 599 971 444 581 208 992 712 480 286 138 819 341 121 351 313 52 617 888 507 250 294 688 414 478 727 782 927 234 135 360 619 487 39 194 807 165 629 347 926 254 432 16 686 828 157 986 877 847 901 499 609 608 98 577 431
319 459 724 821 679 283 505 2 342 471 181 689 9 64 783 496 188 221 667 618 586 830 115 26 30 355 395 567 431 934 885 24 516 974 65 500 286 173 121 231 941 505 510 8 1 59 267 679 114 424 967 837 374 756 617 778 455 702 873 933 264 270 914 731 957 915 235 102 711 694 588 738 723 16 484 847 293 81 962 951 372 791 590 306 531 978 723 2 456 381 541 905 605 713 899 3 62 47 520 222
33 94 289 670 520 401 541 620 966 935 117 449 596 249 335 872 408 757 213 694 990 668 851 594 922 743 517 511 313 566 272 281 711 627 609 337 274 988 20 334 667 518 702 803 399 499 132 347 356 85 253 109 817 897 164 507 284 150 282 776 714 325 487 551 749 794 960 413 375 705 39 754 55 402 396 866 418 649 163 866 414 864 770 77 325 243 750 982 206 342 886 927 275 814 305 593 973 814 652 194
112 959 838 141 605 550 156 938 625 793 165 552 747 888 662 525 396 344 56 116 846 804 560 399 321 541 491 991 333 276 476 687 689 255 637 856 275 613 427 565 407 879 777 600 838 669 202 480 812 174 406 344 273 356 755 353 416 649 812 354 947 869 44 582 73 951 280 654 274 905 692 862 750 239 806 830 647 464 949 312 287 579 11 855 14 533 40 781 560 796 358 174 211 641 972 542 265 154 713 749
363 70 398 235 451 979 118 545 187 754 67 186 993 613 103 875 749 168 322 155 710 294 991 223 50 94 299 920 190 178 61 117 742 79 401 937 349 940 785 258 204 447 354 67 581 890 655 737 422 240 80 544 180 849 24 947 85 886 767 373 703 524 510 427 753 580 314 205 339 246 165 894 420 572 182 608 169 195 933 770 214 273 936 840 711 505 746 911 824 558 970 385 833 402 946 663 785 384 967 510
217 793 597 642 120 285 556 5 910 178 373 695 732 881 69 725 551 871 65 695 489 238 385 459 331 893 967 709 828 735 327 175 252 53 671 94 81 98 199 468 754 631 764 99 874 248 762 321 733 68 112 895 759 175 159 675 684 868 640 467 709 487 948 450 545 97 439 84 884 667 156 922 272 321 367 822 437 517 661 840 819 3 710 949 473 359 638 498 50 207 91 198 230 509 230 832 453 577 114 720
392 304 24 373 806 598 752 288 769 853 502 189 522 317 510 412 940 522 102 244 950 573 460 268 929 362 751 58 691 705 291 853 576 447 992 92 601 358 831 818 327 108 372 703 514 880 564 393 94 475 326 71 411 805 309 591 397 641 866 356 827 991 119 135 692 379 669 445 729 683 512 209 721 205 172 700 102 98 112 524 532 777 954 146 689 972 718 27 908 92 471 416 506 848 668 604 743 395 974 681
19 469 242 231 260 87 852 318 850 291 712 149 392 503 699 696 190 237 413 520 939 555 344 654 246 313 996 692 539 895 802 473 777 146 726 551 663 639 867 867 357 482 572 174 947 807 642 506 501 577 400 997 51 59 653 119 551 106 185 751 622 304 877 718 571 944 293 116 284 93 576 97 662 216 687 488 803 824 952 803 765 205 909 555 480 177 492 370 304 372 79 135 302 487 0 147 952 511 521 93
505 464 344 458 729 186 390 38 937 439 432 840 489 163 707 142 231 766 273 698 828 600 948 958 619 83 596 601 838 807 383 837 9 779 274 408 679 275 962 811 386 177 153 625 197 925 410 169 829 621 938 442 889 697 443 521 436 168 494 2 279 374 771 473 633 183 390 762 623 72 271 292 219 73 969 446 174 944 997 46 528 577 44 381 331 583 370 82 650 567 579 56 137 922 773 935 750 744 432 639
774 734 945 54 173 494 54 533 526 667 460 878 558 421 639 608 340 722 134 825 109 667 19 746 980 977 46 321 226 202 275 763 724 640 793 150 899 397 229 524 482 797 525 291 313 439 958 605 188 26 314 459 991 447 781 460 527 7 894 55 110 785 782 749 118 867 330 149 31 797 75 253 173 331 915 726 886 96 773 936 479 971 734 753 82 82 980 766 408 800 303 864 499 303 76 69 481 635 367 69
302 150 591 331 12 357 344 640 179 784 904 475 837 580 189 192 952 154 651 500 901 564 753 504 900 875 422 311 39 835 418 632 711 532 81 625 505 265 961 542 984 779 331 541 778 435 868 736 213 681 142 736 596 112 484 985 79 648 992 997 273 466 131 762 109 201 666 503 260 130 168 261 268 375 792 71 201 737 516 511 239 564 808 382 537 964 295 901 690 774 885 466 46 524 134 125 56 671 838 485
190 593 824 1 168 871 80 39 466 691 919 525 141 773 24 590 633 547 278 981 990 421 93 694 982 273 519 885 940 948 142 320 208 66 301 99 783 272 784 78 722 730 882 23 719 398 253 951 903 535 536 23 515 570 253 879 158 998 233 927 957 585 188 642 536 180 557 187 281 725 552 466 44 774 293 15 301 288 257 363 49 246 594 739 682 655 195 835 146 440 397 815 275 845 998 534 867 759 216 239
994 664 455 502 530 999 279 656 381 276 167 127 5 670 536 276 486 781 116 152 203 522 744 302 104 893 978 964 596 282 476 574 732 774 671 845 764 833 403 852 430 689 718 243 8 878 963 295 420 993 257 644 855 550 557 353 900 326 696 160 168 192 680 850 798 130 24 787 308 6 537 871 641 482 568 93 824 685 849 69 930 650 594 203 129 957 939 611 207 948 521 112 437 23 892 273 277 849 107 669
800 166 348 136 310 261 875 862 720 159 384 801 1 570 878 196 259 463 997 214 172 139 510 985 866 363 617 336 949 263 713 340 101 160 735 657 445 802 221 839 459 315 142 659 235 289 260 753 286 299 998 959 845 590 198 481 555 336 143 380 799 199 47 50 513 255 942 584 149 856 814 132 358 447 76 279 192 963 998 908 255 252 447 38 6 123 885 982 795 802 340 773 629 336 806 240 615 593 47 375
820 967 490 600 801 846 848 229 349 508 651 261 561 484 283 914 351 644 567 408 171 291 614 937 987 581 496 324 413 884 739 311 170 149 660 976 863 404 393 774 948 252 76 612 811 898 351 623 431 942 641 967 786 993 534 191 619 364 608 814 70 869 596 57 555 686 757 706 64 622 990 356 693 697 676 349 377 470 246 43 985 469 250 93 492 348 364 259 311 645 861 995 273 599 128 607 310 118 824 121
138 721 634 295 104 335 981 615 696 83 553 152 591 265 623 383 255 928 473 69 701 809 876 260 697 233 62 786 207 368 645 642 357 828 303 496 689 756 568 636 434 555 37 462 363 436 723 961 907 486 766 784 773 756 940 658 964 4 530 341 19 860 67 557 569 381 593 119 163 850 838 23 881 504 299 877 479 181 985 452 736 701 276 82 626 489 98 861 733 820 494 133 759 63 372 887 830 881 511 517
939 587 253 34 117 338 45 419 170 616 423 233 413 480 141 587 110 148 124 533 132 149 836 944 980 906 785 619 968 6 449 135 765 649 426 441 310 166 770 604 507 507 943 498 422 247 153 856 867 59 617 12 583 147 1 388 181 47 54 250 410 631 607 101 74 526 327 684 540 157 868 196 66 428 479 822 833 759 905 208 62 555 156 221 705 769 556 804 473 63 592 276 599 485 381 909 908 670 545 539
386 2 394 348 28 512 926 482 348 339 193 136 900 193 857 548 794 975 550 842 969 160 235 749 322 355 35 430 806 841 621 839 482 72 346 808 785 489 934 608 428 803 346 876 874 811 952 458 881 554 477 282 340 179 714 559 930 467 644 246 507 136 153 499 0 456 546 337 828 800 464 389 512 767 105 12 742 580 829 991 667 398 880 653 653 124 537 187 434 996 437 567 472 194 481 449 448 790 929 454
166 697 178 163 300 828 497 445 584 875 6 62 777 748 589 143 372 945 26 229 648 967 434 766 682 254 325 769 229 896 4 398 224 629 611 751 511 297 322 998 844 32 13 203 432 196 867 150 867 610 312 899 812 596 658 992 334 715 663 601 313 710 115 29 793 225 449 761 864 147 137 35 347 546 11 520 1 974 436 584 148 799 736 498 242 91 178 910 486 568 799 7 557 54 471 967 462 212 214 753
942 264 610 850 573 616 799 160 579 681 83 599 512 654 230 574 101 663 178 205 265 498 719 633 897 158 859 425 302 0 15 96 675 350 122 243 5 970 496 984 959 26 954 364 885 98 701 201 999 402 440 477 257 454 107 157 935 927 330 709 948 546 969 900 129 26 941 459 844 43 41 856 215 772 520 18 61 780 672 352 894 79 212 27 879 862 750 829 769 847 183 857 729 788 174 618 145 493 346 78
322 458 272 357 614 938 456 506 983 922 307 143 211 168 392 991 593 12 410 388 337 351 933 993 490 15 983 989 153 223 962 515 307 190 238 320 766 50 133 351 562 673 814 649 760 490 424 566 737 715 270 407 547 754 758 341 418 837 295 544 394 164 656 357 304 658 784 167 701 498 328 124 987 392 755 380 727 981 218 372 945 241 942 62 33 962 697 63 445 478 761 398 323 175 287 466 380 87 494 716
734 209 351 973 210 777 671 365 11 285 9 585 820 705 717 995 579 256 22 287 724 157 839 770 156 465 982 856 186 517 402 612 883 240 275 770 942 56 49 579 544 169 803 51 276 95 406 238 186 152 352 702 362 528 864 552 257 696 146 720 749 518 837 807 723 200 312 932 545 174 646 532 596 997 746 503 881 148 880 34 873 309 485 394 621 111 976 528 94 157 369 316 601 783 197 549 936 970 48 275
24 48 336 397 347 669 125 476 747 403 92 179 940 26 444 812 931 97 960 372 15 795 41 469 589 490 507 409 124 652 627 707 748 292 718 922 827 449 977 844 513 520 16 989 285 319 367 288 710 592 692 655 433 289 923 662 691 580 999 748 599 378 947 898 358 506 930 991 474 255 249 731 842 799 279 902 701 127 487 502 15 321 35 869 552 632 216 987 589 363 871 594 580 666 354 564 850 265 66 387
865 49 821 861 429 362 109 632 622 691 809 954 595 807 493 21 186 998 649 752 147 963 533 906 731 949 543 223 853 621 288 756 364 269 453 203 600 523 659 469 209 502 871 470 915 966 660 690 381 291 299 619 850 671 280 763 173 83 277 749 82 199 811 693 501 283 985 5 87 927 208 466 880 988 466 820 441 20 331 462 185 9 433 208 612 981 197 44 116 877 252 579 232 897 292 491 215 629 458 796
967 119 493 798 477 512 555 979 494 831 606 981 538 510 532 764 774 597 851 389 67 208 895 69 277 86 664 418 884 18 855 962 261 270 528 869 174 771 963 422 956 620 421 693 798 507 928 300 676 90 696 254 653 995 305 410 105 572 597 351 196 105 737 823 880 591 380 563 48 889 191 102 334 935 66 176 394 240 966 471 317 265 280 24 423 851 825 421 769 883 282 160 963 441 383 4 765 200 120 61
703 55 160 937 151 257 128 138 464 567 574 408 462 56 674 927 940 4 435 554 699 937 926 59 451 944 849 347 524 407 428 571 666 289 471 349 52 326 236 706 927 491 839 965 691 419 725 156 464 408 190 925 333 112 450 938 115 341 970 360 493 548 70 329 908 98 928 405 524 497 227 615 930 756 772 588 36 78 471 990 585 905 763 608 534 637 855 520 255 873 68 163 474 755 600 821 158 238 208 588
672 516 882 596 579 498 722 759 221 452 74 775 343 636 657 658 246 332 751 517 356 535 716 456 535 274 361 855 881 807 286 561 537 101 842 373 12 45 646 723 854 718 254 277 783 790 741 58 831 516 99 118 689 285 635 685 945 806 598 592 759 221 800 365 438 372 872 664 962 803 940 11 496 808 505 547 51 513 544 960 186 307 355 22 649 601 303 925 360 142 3 645 973 18 874 268 458 829 515 222
978 632 743 703 59 1000 534 108 234 978 190 478 759 291 999 758 324 831 880 716 881 331 820 242 933 350 882 112 718 901 171 379 46 863 920 872 903 420 480 139 427 696 422 235 814 673 951 741 547 541 87 93 80 817 581 396 652 716 34 403 151 898 640 371 790 381 135 509 795 563 290 394 202 964 235 264 173 60 771 821 433 796 944 239 655 248 98 889 119 715 865 609 886 187 554 365 542 337 348 508
208 819 367 578 668 306 37 314 94 608 987 158 225 776 472 954 640 801 374 130 125 855 497 568 5 921 742 144 760 42 38 263 523 180 641 989 988 476 536 296 761 968 508 885 847 508 822 742 156 23 412 552 492 828 485 620 23 646 499 161 114 566 542 132 1 893 157 939 284 844 692 787 765 751 546 225 862 208 31 909 605 503 324 968 985 389 443 74 466 224 14 956 127 354 547 241 336 607 336 119
640 117 845 943 738 475 276 463 953 13 495 177 296 180 809 187 742 297 434 308 90 38 772 708 608 973 556 798 247 496 845 365 547 798 291 258 32 527 578 940 121 235 309 1 666 179 546 512 687 988 390 549 507 0 696 919 754 530 178 720 756 776 552 92 794 415 236 851 394 885 160 594 641 804 4 781 247 434 606 695 84 451 389 304 154 525 177 695 953 194 293 900 671 840 217 63 280 313 539 738
218 203 586 836 159 806 931 17 357 145 421 392 603 572 724 130 480 687 191 837 226 662 724 940 165 879 945 962 986 900 503 380 504 711 36 268 111 632 447 783 797 471 301 954 171 521 532 570 887 221 374 396 891 127 336 458 904 529 552 67 720 547 436 714 256 336 249 89 848 21 158 47 22 159 567 958 125 54 85 83 503 654 564 369 698 370 111 374 797 79 338 58 940 776 38 677 58 24 451 399
434 796 66 310 592 99 994 39 229 508 589 105 887 279 462 582 220 256 225 954 192 397 668 296 863 800 642 141 669 527 36 618 215 283 109 463 792 493 308 690 720 338 135 39 431 298 432 220 982 609 880 611 839 410 9 164 191 126 598 449 989 594 120 341 52 39 406 755 980 647 392 148 910 596 235 782 71 965 409 764 216 659 95 675 208 87 825 302 653 477 921 974 393 476 73 398 845 671 938 501
868 197 281 771 182 5 85 75 978 82 833 342 718 475 928 817 401 53 974 914 370 280 399 333 436 586 307 356 658 550 559 636 638 602 526 124 852 225 247 772 353 904 406 587 392 937 463 648 626 323 665 862 61 687 837 805 219 985 229 222 386 706 283 38 43 945 321 659 925 934 682 47 251 300 4 954 868 798 461 295 219 641 173 261 232 212 512 386 229 617 62 371 40 182 935 670 943 734 283 529
426 344 29 192 685 129 755 97 231 909 278 78 761 137 88 353 916 551 754 268 953 317 727 236 129 297 897 256 834 608 130 812 964 658 683 712 785 237 836 205 168 259 452 733 327 905 313 596 882 205 711 103 755 98 807 911 54 329 122 7 349 776 90 764 988 669 875 966 23 405 873 499 463 136 186 232 895 95 723 949 486 461 221 188 359 218 171 500 368 235 31 881 643 459 556 260 562 757 931 918
30 374 462 338 435 259 703 991 607 373 783 139 292 926 826 817 699 192 97 633 630 615 279 436 480 358 940 857 874 835 631 513 425 120 894 135 318 264 960 157 917 648 731 278 729 265 802 884 789 358 815 464 998 827 597 941 851 361 534 901 13 460 287 333 67 899 841 541 287 613 791 741 158 127 331 830 949 584 93 103 413 980 888 883 439 502 814 530 117 937 163 981 542 835 524 587 190 952 906 554
802 325 813 580 146 264 204 752 986 398 695 620 143 258 894 915 512 646 460 505 489 215 955 950 994 73 113 54 693 392 50 264 727 140 600 209 480 477 424 246 478 798 408 708 798 427 122 50 341 869 124 800 755 444 239 268 549 17 364 197 803 565 637 555 613 554 381 588 200 536 609 470 204 397 719 921 6 131 501 90 959 439 703 371 133 100 540 431 722 974 410 28 251 705 304 97 150 422 886 684
577 55 254 634 759 166 111 221 373 752 473 785 565 58 98 740 60 31 632 871 951 744 327 307 870 296 534 339 634 383 133 113 543 577 77 781 318 480 693 528 240 531 944 830 821 651 672 815 185 682 498 76 772 932 661 602 658 990 51 474 495 633 577 547 768 796 212 680 845 821 375 535 247 986 80 546 870 303 583 601 111 344 861 788 186 850 836 812 271 549 481 413 847 143 553 335 903 307 575 210
539 667 846 418 945 394 777 503 529 173 59 393 562 120 678 396 823 645 339 482 12 286 890 608 355 788 159 694 344 174 204 562 32 54 415 838 799 518 17 618 660 582 542 79 871 146 160 766 340 341 262 886 91 222 943 847 931 255 491 799 717 590 669 516 586 851 802 763 669 885 950 167 356 559 542 124 521 57 736 333 560 836 943 916 142 739 533 346 445 12 456 697 59 283 54 862 24 791 861 547
628 86 298 188 131 551 902 503 673 729 570 170 94 938 389 33 234 172 55 176 220 976 173 867 354 329 675 685 331 118 271 613 547 716 210 87 528 656 41 874 582 845 703 661 154 202 60 474 365 377 188 561 704 972 443 515 180 689 536 45 39 387 756 373 629 689 45 552 919 840 732 595 54 743 944 900 660 754 890 503 758 450 865 628 693 660 835 429 789 644 549 627 302 970 301 338 635 943 864 827
469 166 816 100 427 753 984 249 565 576 732 640 540 840 696 677 141 386 560 412 873 290 149 814 505 67 294 262 920 938 827 85 579 47 650 14 588 396 963 87 696 98 942 333 899 364 187 36 892 537 291 192 941 236 308 186 147 734 299 614 81 941 852 89 751 775 263 39 498 153 747 622 746 306 285 139 102 444 110 942 75 618 97 964 750 165 645 688 879 291 940 417 180 156 828 177 877 340 568 464
876 155 499 996 272 671 848 163 835 374 805 255 573 889 482 153 133 452 924 375 121 831 134 96 387 440 968 351 108 364 145 72 876 778 9 851 840 740 436 65 564 620 375 945 276 948 561 756 870 950 858 504 482 186 716 52 904 591 576 68 134 440 869 560 692 678 175 14 809 837 72 465 624 515 24 106 538 457 937 152 729 772 346 431 250 461 181 615 163 69 109 339 597 849 847 450 27 495 253 126
816 89 72 335 183 862 503 344 454 934 243 884 641 835 935 907 853 688 367 86 680 591 800 971 693 125 401 265 44 684 310 200 321 996 164 457 407 456 278 661 923 448 505 484 52 922 393 644 749 405 668 905 413 924 678 346 760 235 39 368 589 435 23 602 464 630 288 904 729 271 441 966 482 208 300 422 203 916 26 128 119 579 120 788 995 39 854 821 166 389 176 233 936 795 717 491 512 130 471 441
652 110 399 151 363 839 729 547 68 546 211 963 165 432 311 633 709 710 798 804 882 501 866 540 636 321 660 982 198 181 938 612 757 74 170 104 689 901 663 636 863 559 999 258 899 304 508 974 965 661 604 201 692 48 21 277 627 464 17 560 22 748 585 260 723 120 373 586 833 960 705 322 736 477 206 42 460 13 750 898 447 64 387 214 258 883 657 936 835 629 367 859 331 51 708 867 218 110 479 396
137 38 384 931 27 694 913 109 44 285 162 108 243 57 357 101 508 335 865 500 395 770 559 72 47 213 270 190 191 933 928 138 897 531 934 319 953 653 54 419 615 997 84 573 831 670 184 566 619 6 54 705 288 945 589 511 510 928 225 686 904 915 140 973 517 530 958 331 812 221 11 375 841 314 341 984 906 164 557 312 932 203 109 172 460 435 427 469 246 121 231 921 741 210 153 528 28 398 143 600
725 744 157 465 441 393 793 589 46 301 232 627 904 861 27 803 414 986 960 978 252 793 764 96 839 25 258 249 899 529 65 365 421 217 365 189 250 947 906 236 324 847 763 252 939 391 294 268 55 922 423 879 795 559 5 789 198 246 83 175 716 985 939 757 526 599 641 899 103 249 291 497 787 390 159 423 215 645 720 741 116 110 557 849 311 563 713 268 848 701 517 337 866 209 710 53 488 105 76 641
614 656 69 398 183 90 746 70 611 24 342 387 670 16 161 442 938 834 100 733 830 645 421 173 560 855 631 715 858 690 601 585 771 316 611 435 585 906 876 824 266 981 298 940 850 524 188 665 939 645 562 540 911 786 14 670 301 826 236 916 405 865 168 794 314 791 776 69 989 995 784 810 648 907 794 574 969 693 411 161 749 623 154 976 501 955 778 939 661 580 259 604 484 435 472 479 803 870 887 209
964 398 533 247 917 220 437 958 258 905 408 653 243 261 800 849 794 903 299 59 915 571 522 684 893 812 439 334 599 293 948 734 432 655 575 329 713 420 257 775 937 627 599 31 640 824 122 147 923 150 501 571 698 327 150 922 27 721 747 957 309 797 412 621 913 288 906 84 997 61 11 699 507 138 925 479 142 457 494 877 878 520 441 408 240 194 905 692 465 111 771 461 377 136 765 396 108 360 368 719
989 719 321 466 856 798 138 502 155 505 463 209 703 2 19 107 136 504 779 812 732 592 143 958 323 777 733 969 252 870 768 146 799 615 675 109 53 985 809 867 865 47 715 18 962 341 419 193 155 560 895 741 257 987 9 338 29 687 466 636 465 752 585 717 869 845 985 390 141 440 926 961 579 642 209 569 321 265 614 501 484 315 588 39 471 981 568 471 828 335 671 710 520 581 509 939 185 89 637 417
711 258 90 462 239 640 163 753 624 813 991 271 844 176 853 225 130 311 49 826 429 287 283 74 821 434 74 27 239 798 579 281 289 548 729 304 665 203 543 212 300 667 102 59 758 335 995 380 713 766 18 246 388 618 929 154 768 324 481 150 961 695 354 295 516 214 583 932 808 954 314 596 116 306 218 20 962 344 603 643 542 895 8 299 497 733 473 828 178 31 609 947 317 120 695 849 486 622 596 277
230 349 917 580 165 862 49 644 711 830 507 784 908 251 287 370 859 168 948 422 362 36 112 687 229 224 695 212 855 93 525 572 99 739 379 373 301 820 771 485 776 976 862 849 694 524 282 198 398 522 469 24 119 720 86 163 136 980 856 981 235 159 196 459 894 920 267 107 181 261 180 431 719 926 356 825 675 214 163 69 591 553 547 493 651 789 314 893 689 138 63 957 872 232 180 781 360 225 472 816
314 398 566 911 777 266 751 702 17 822 906 604 854 808 545 601 550 629 388 870 877 950 786 454 471 927 846 846 341 182 809 281 252 975 824 525 839 693 959 914 522 878 292 459 949 554 283 484 201 771 140 893 678 536 182 642 554 166 677 529 640 585 450 480 390 556 232 517 572 279 347 977 262 490 816 59 785 212 270 618 619 556 617 126 107 723 377 5 164 132 501 837 925 929 870 935 653 0 244 327
93 451 899 278 419 108 627 106 162 660 669 422 592 193 566 626 906 723 922 686 540 803 545 645 995 411 23 56 652 14 830 353 693 353 415 520 315 349 228 531 501 291 332 57 630 215 158 925 621 90 177 802 547 611 211 317 805 827 35 851 107 190 604 390 74 493 119 658 583 573 128 795 690 6 469 192 764 484 642 377 384 870 468 437 779 62 390 275 114 42 7 103 164 474 118 280 763 810 57 865
188 887 653 915 935 167 593 628 141 507 589 406 666 70 515 358 876 223 738 57 316 84 115 768 262 190 50 324 168 991 890 268 354 443 817 668 75 104 221 925 933 252 876 461 9 942 464 181 435 561 828 311 648 599 562 936 264 391 669 381 875 629 484 257 479 962 124 453 780 871 961 606 367 935 316 355 736 875 641 505 535 285 914 99 36 859 871 418 90 294 635 150 888 611 262 923 302 86 586 780
686 195 467 450 821 424 106 375 658 545 968 42 455 98 591 112 681 761 429 834 435 86 147 887 973 194 832 666 746 468 965 614 162 71 374 849 255 752 181 406 700 812 692 897 367 575 196 480 598 562 191 150 860 8 340 57 741 169 405 359 484 481 530 886 814 383 762 837 645 693 324 407 937 234 430 643 251 32 81 675 2 662 296 47 816 955 687 464 59 930 964 417 161 102 231 692 989 464 923 903
331 802 190 651 725 547 388 139 275 648 389 156 238 495 700 125 82 811 975 149 337 164 77 492 272 797 68 968 408 103 36 144 334 794 742 870 268 257 496 429 306 222 143 852 142 396 844 668 964 286 141 424 382 272 532 754 565 567 497 685 211 844 793 942 772 322 480 706 770 149 729 351 517 795 575 736 168 289 110 605 197 938 152 71 119 266 684 375 759 576 4 680 489 774 603 697 972 817 278 62
288 978 400 149 730 481 106 575 987 612 419 77 600 964 749 151 308 311 192 5 254 683 270 371 232 446 102 878 694 787 638 470 226 272 274 905 410 914 675 33 133 500 938 100 974 706 352 519 817 29 886 190 856 870 327 476 717 411 520 916 266 925 416 471 762 87 32 328 125 331 958 110 930 930 577 89 226 403 989 121 647 473 557 32 591 316 121 417 773 555 913 81 555 45 604 854 120 198 714 867
290 499 853 48 22 933 591 750 821 789 89 676 513 114 94 895 233 668 105 337 575 939 309 948 353 239 944 350 959 580 865 792 763 322 238 470 740 658 645 888 486 968 542 570 540 850 157 166 512 759 2 253 504 200 652 929 952 781 363 456 281 359 790 28 962 297 236 404 929 278 41 794 642 788 457 933 768 779 147 812 769 552 174 665 33 537 17 457 3 410 158 388 995 346 787 194 41 857 48 519
584 440 106 361 564 370 455 529 722 210 796 646 455 907 87 50 198 777 182 438 992 298 781 324 243 879 91 766 977 967 749 464 398 182 349 540 896 466 540 667 998 17 659 621 928 201 395 14 854 743 386 454 23 398 533 948 870 958 973 11 116 601 225 506 70 782 371 181 71 687 789 409 112 455 246 67 265 361 619 577 977 676 658 706 66 645 46 102 500 96 771 391 69 124 184 690 260 201 485 810
192 566 394 683 454 26 976 865 430 825 250 200 197 931 948 700 535 333 794 583 752 859 462 569 670 48 588 245 159 165 28 637 228 407 976 752 316 73 83 473 374 855 104 813 839 6 873 622 887 681 781 529 119 345 554 89 395 576 942 496 497 63 522 880 352 741 682 475 78 100 504 881 374 568 491 435 413 355 852 148 186 680 639 392 317 649 600 376 61 235 767 467 978 943 368 277 826 577 850 331
836 812 68 59 16 543 729 245 699 831 742 537 636 563 550 409 31 312 291 849 760 301 521 832 541 654 701 762 717 269 891 833 303 656 812 218 169 755 141 717 16 572 813 396 219 491 492 304 649 194 457 828 991 315 685 468 520 201 161 399 668 174 341 844 292 372 52 248 140 390 835 99 14 647 676 269 163 397 103 844 518 174 560 225 956 454 738 201 843 447 816 124 3 299 437 893 853 274 456 608
395 392 686 232 169 949 892 870 324 672 298 473 817 689 974 880 111 907 682 339 882 133 492 639 668 604 533 247 929 953 293 946 220 90 662 315 877 316 638 498 186 80 613 228 572 722 437 485 306 440 10 529 65 469 900 448 94 279 404 417 685 81 588 872 867 932 391 276 147 741 974 770 486 56 684 955 303 317 852 739 945 319 581 578 869 243 56 300 514 756 816 451 479 623 960 326 52 275 878 780
622 450 416 12 840 635 844 32 351 977 490 545 334 941 267 164 856 447 351 244 111 784 753 621 946 141 195 879 915 627 408 425 450 439 937 802 520 933 602 962 591 726 488 974 626 174 359 181 289 768 671 237 797 263 129 891 593 686 699 883 143 335 18 320 348 335 243 746 264 377 669 416 661 212 834 927 337 719 429 654 278 520 692 898 190 899 861 754 611 215 644 943 806 254 753 752 433 848 604 64
646 415 316 322 319 13 548 448 416 637 816 204 762 789 187 505 676 592 909 184 827 585 341 508 585 68 304 807 518 839 255 591 913 310 50 788 694 588 418 205 289 321 989 452 239 511 170 96 391 512 98 352 646 858 901 99 903 518 751 916 878 815 273 127 927 408 860 654 547 265 746 298 914 302 759 83 710 577 326 350 996 126 507 190 131 458 847 513 191 308 309 80 366 728 339 954 335 963 733 29
257 449 814 456 133 384 312 954 71 735 121 54 55 102 997 333 200 5 39 932 341 850 208 470 420 966 356 220 283 375 461 415 964 637 454 556 572 768 407 454 675 817 435 641 48 92 816 721 231 319 788 724 441 831 350 670 652 583 860 598 153 462 962 920 266 108 481 306 181 940 850 888 944 851 545 559 348 798 50 201 363 4 719 587 667 165 904 359 26 528 265 785 655 501 616 574 407 366 890 765
235 301 15 247 237 861 431 596 144 110 443 750 716 817 473 195 830 832 491 185 532 744 191 154 602 903 379 505 793 644 107 574 113 427 189 87 108 636 603 277 770 929 777 166 930 161 124 538 585 273 90 684 741 848 107 216 665 365 679 986 907 925 848 696 514 720 875 368 701 86 737 500 386 543 37 334 139 814 867 526 846 987 295 164 962 184 223 611 822 83 669 56 455 508 620 961 232 524 959 298
58 59 899 800 374 957 239 461 641 598 49 578 106 708 648 585 209 804 696 363 642 773 895 710 456 331 818 205 694 425 253 108 654 450 185 893 458 253 430 572 162 333 919 770 587 62 354 553 567 303 176 288 446 594 180 337 639 495 88 602 572 968 213 874 290 892 994 295 66 748 353 366 633 889 375 680 633 598 338 580 603 742 193 512 657 449 758 315 126 892 255 758 690 88 518 442 802 1 738 928
562 384 923 895 208 561 204 750 709 111 901 678 41 67 399 857 93 173 374 721 346 347 112 45 738 499 632 266 777 825 878 521 730 652 601 157 804 722 459 582 875 654 373 927 271 321 95 161 809 231 749 595 440 483 577 256 592 13 783 403 986 483 36 646 120 384 296 275 189 702 933 482 306 479 991 361 938 449 463 153 984 381 624 198 4 300 77 723 345 680 288 985 599 806 314 149 98 497 895 452
962 364 557 565 330 310 916 59 666 142 894 284 737 85 208 20 820 454 411 822 687 938 523 628 754 242 991 192 348 971 87 798 623 169 594 37 156 217 141 886 547 475 534 660 567 780 274 705 658 830 203 341 667 876 512 714 951 762 484 293 442 322 722 721 609 351 177 65 756 470 857 940 327 199 324 635 980 3 319 215 124 97 804 150 814 257 75 530 34 870 305 271 66 608 162 642 83 473 524 885
101 409 706 63 987 93 455 164 386 0 216 493 756 797 574 294 416 3 417 507 802 608 184 380 644 323 660 341 943 196 900 889 123 827 588 410 564 143 687 8 580 448 234 65 532 35 281 551 615 430 180 430 813 311 583 457 694 221 400 503 295 130 145 905 321 52 964 794 784 884 987 614 731 759 410 662 165 751 165 922 686 936 238 661 954 881 483 842 94 154 523 902 682 506 940 56 34 654 161 240
408 645 102 745 912 804 263 156 969 981 352 482 143 25 476 628 95 375 763 830 22 911 964 389 914 878 847 232 973 397 377 87 108 868 189 965 185 877 508 206 2 819 737 568 645 279 147 843 14 478 135 12 379 112 992 395 164 793 621 196 852 177 44 800 897 55 262 222 629 820 124 524 722 547 555 408 230 76 133 152 323 949 913 139 553 581 570 897 178 214 180 192 772 380 961 362 518 519 292 487
955 581 826 181 35 225 74 413 430 841 921 462 971 349 851 169 346 13 508 348 967 544 270 911 135 42 517 90 74 476 491 339 27 178 187 452 660 971 226 788 258 29 148 294 167 212 472 594 497 594 332 548 262 892 452 143 815 555 760 345 949 238 274 892 533 390 743 697 598 99 749 866 779 262 815 324 466 536 768 479 82 708 127 331 8 399 929 291 865 497 248 344 294 266 841 915 840 591 942 664
151 815 180 456 147 91 546 54 146 354 123 822 785 406 63 807 119 236 763 571 616 27 226 940 566 997 236 324 192 499 714 962 784 603 458 8 71 597 913 972 78 646 217 399 53 268 555 145 46 725 410 907 523 24 525 425 641 214 350 563 712 909 285 733 877 992 626 562 413 942 253 895 193 111 512 874 967 440 930 38 973 394 1000 481 591 950 431 903 870 416 675 506 989 675 198 794 6 137 21 712
58 464 146 299 189 397 301 405 366 930 207 303 39 748 655 294 966 190 344 826 857 413 958 625 574 270 861 793 959 900 389 725 435 144 741 929 430 992 1000 468 166 707 183 505 406 682 70 676 49 796 339 534 472 146 680 476 999 369 235 275 578 520 209 137 533 989 665 15 30 979 671 106 812 887 513 580 122 304 908 467 687 472 498 171 783 876 514 318 340 534 898 225 174 20 654 406 198 266 168 625
528 160 915 450 673 27 320 591 890 682 693 851 610 556 751 722 163 138 893 384 30 370 680 151 505 477 285 377 423 434 266 130 706 1000 332 285 499 501 981 294 948 94 356 385 13 471 842 323 480 323 160 347 532 729 429 608 162 335 917 182 159 349 60 204 768 149 164 580 564 679 938 262 706 901 183 282 474 716 444 999 88 718 429 513 52 223 15 818 731 440 186 451 919 982 357 237 388 5 188 412
912 153 709 50 492 597 466 104 607 240 484 192 998 862 964 440 595 62 52 329 375 810 992 6 686 321 202 40 572 529 389 833 462 578 710 811 383 400 364 517 515 209 96 550 722 325 812 593 390 766 311 421 48 948 137 323 810 854 413 784 665 27 865 664 679 238 772 413 350 116 766 106 584 811 899 273 126 189 476 181 532 219 228 93 400 961 796 17 566 54 457 419 610 671 757 234 875 569 217 710
927 840 409 890 443 707 27 28 905 999 820 243 285 89 352 283 29 713 843 348 723 838 885 273 714 18 868 884 732 393 313 784 568 960 351 829 647 662 723 705 18 30 180 601 375 732 875 503 687 326 361 519 154 311 459 320 976 306 678 933 929 684 274 307 967 566 304 187 581 873 639 52 983 860 542 209 639 333 198 994 226 671 282 582 34 607 276 63 612 837 869 693 236 450 404 301 121 831 738 153
744 633 877 639 259 794 364 814 208 455 617 512 878 820 347 712 225 925 789 501 542 782 609 237 709 895 449 399 489 374 294 628 778 299 640 456 816 930 0 251 293 292 829 106 516 666 29 397 52 776 730 866 494 2 807 73 808 35 292 337 254 339 976 448 575 518 966 413 421 125 783 405 778 705 693 319 523 719 456 264 864 856 677 119 813 565 73 6 147 300 278 836 546 660 48 403 665 493 19 251
916 105 59 7 987 203 769 390 65 16 171 461 851 799 548 554 331 968 496 466 764 829 773 444 506 534 64 288 926 930 50 83 764 42 568 321 981 733 71 342 933 1 993 595 308 115 342 699 323 624 931 364 471 737 215 81 483 230 778 378 55 38 454 581 137 363 311 274 726 98 33 895 192 508 767 791 253 735 760 821 932 915 500 488 548 604 502 617 663 459 713 214 546 830 946 691 772 571 654 219
439 515 901 2 518 142 612 923 379 554 824 334 39 514 709 149 449 20 172 12 502 635 657 62 539 986 756 126 933 584 60 992 811 2 631 217 104 982 449 475 345 772 431 217 931 600 864 736 359 900 676 448 8 475 865 595 461 851 541 198 717 850 58 110 998 998 471 651 877 25 341 418 686 611 542 164 321 38 770 601 514 743 146 413 948 429 645 48 781 983 745 4 163 233 848 473 676 90 775 202
583 506 143 259 790 893 734 828 271 637 931 117 119 485 719 904 653 23 259 649 321 621 943 772 101 465 226 211 165 624 686 538 589 462 966 556 560 89 448 956 851 256 788 689 244 238 998 920 803 477 203 720 454 628 88 864 179 235 524 700 226 948 791 349 624 136 967 896 298 387 176 285 155 508 46 227 441 72 296 757 670 588 372 706 511 950 327 599 18 845 565 256 81 766 564 310 866 258 176 640
572 354 234 866 481 896 328 638 168 354 951 746 848 893 710 754 503 957 887 317 528 899 600 20 286 101 846 583 944 304 114 865 892 45 612 639 718 406 27 586 239 74 898 723 701 9 75 527 289 48 881 353 424 873 953 810 515 375 965 584 691 835 368 639 528 471 778 221 534 74 390 24 859 467 246 480 821 110 841 16 932 628 386 899 230 164 806 100 773 781 334 207 713 788 201 646 637 972 806 918
109 990 682 204 746 218 297 629 903 342 106 430 592 914 122 67 691 640 960 676 333 794 245 313 889 705 883 740 58 130 630 693 768 396 904 594 876 782 220 736 382 518 27 847 181 582 299 164 975 416 466 802 260 852 3 966 596 791 733 836 258 817 668 890 208 786 648 134 404 147 73 108 347 898 280 995 50 470 302 987 504 347 187 233 421 443 495 451 661 570 852 845 78 823 475 178 350 65 374 663
433 363 972 591 263 565 988 638 378 982 258 675 350 500 771 92 341 243 377 400 111 526 655 393 500 686 283 979 22 324 975 982 843 521 585 167 184 21 719 253 528 233 185 199 121 251 329 780 59 360 674 497 444 999 654 151 210 390 153 712 53 852 185 253 408 666 551 565 410 898 342 633 738 83 834 223 873 864 654 894 378 709 3 316 825 955 470 906 461 941 681 200 1000 503 604 99 89 674 319 248
402 889 752 631 142 797 934 810 690 338 338 742 133 359 195 597 599 165 47 570 555 49 171 618 277 627 444 69 405 257 78 872 932 394 192 531 227 528 259 119 855 734 665 548 386 658 296 363 815 39 361 357 370 854 557 764 923 824 232 428 505 244 837 823 680 253 413 736 465 879 742 786 166 79 247 976 44 917 714 783 734 400 193 709 189 782 753 999 120 435 327 585 677 305 707 377 658 184 307 134
289 433 766 329 540 727 185 956 564 848 285 341 217 912 21 894 262 423 369 980 100 902 672 383 819 90 558 390 613 165 451 647 737 290 372 970 95 465 393 212 73 4 195 779 925 182 28 179 791 167 700 498 233 747 886 844 61 804 676 96 593 497 758 89 566 145 4 876 750 32 60 274 476 240 370 887 146 117 251 342 708 693 524 497 35 230 153 610 880 431 159 66 689 957 907 236 173 97 687 513
376 532 543 642 123 878 301 209 652 623 882 371 492 763 518 777 230 721 808 45 654 735 675 489 122 233 852 504 698 513 309 808 926 849 794 939 565 90 560 858 127 702 232 241 28 48 371 658 365 761 655 379 170 558 424 653 1 152 797 851 714 596 526 839 195 574 210 979 802 390 507 691 467 220 103 886 155 479 988 631 290 78 430 185 491 310 178 404 36 623 171 461 259 52 63 37 318 519 514 293
876 845 652 46 800 433 956 816 687 630 190 729 786 546 501 907 429 396 429 667 413 839 71 565 962 990 183 829 909 144 717 564 407 558 536 513 43 718 376 472 873 11 563 145 142 116 763 133 679 620 42 265 295 281 20 56 393 549 714 938 466 634 542 427 231 478 938 323 271 47 282 370 929 167 377 857 844 195 487 887 464 222 431 413 271 723 278 638 435 127 386 645 696 424 617 361 294 873 402 928
714 616 705 547 526 36 577 771 153 124 246 82 435 239 260 433 737 113 58 115 784 395 403 150 138 709 259 444 85 887 24 664 158 360 132 791 451 431 229 566 537 293 288 752 789 742 1000 986 0 371 87 257 658 848 738 879 509 124 970 641 704 599 227 935 906 799 877 899 844 751 988 492 211 257 119 809 695 752 830 33 662 251 57 105 177 852 297 186 905 291 262 31 198 782 303 695 187 619 952 674
591 268 625 874 424 883 758 525 505 351 70 541 184 658 114 462 136 396 976 620 765 138 366 359 613 789 821 15 206 730 560 156 43 346 166 663 528 374 948 280 933 18 906 958 944 491 611 189 647 333 107 707 423 349 801 434 899 399 674 600 445 545 511 454 942 639 166 277 138 424 624 580 560 990 421 335 318 848 42 761 676 320 836 438 320 940 552 50 726 712 403 741 448 514 945 937 34 28 347 233
658 826 813 424 320 877 707 312 563 821 202 575 612 367 927 367 461 572 729 332 515 923 543 638 166 863 410 521 527 889 72 677 391 901 538 112 452 322 486 581 512 656 412 701 535 687 939 873 218 714 777 228 578 862 843 290 632 684 673 95 408 130 547 836 194 580 528 216 7 198 144 200 483 822 300 950 602 182 283 536 917 412 100 155 278 703 254 789 832 936 145 869 418 769 404 162 40 473 221 831
353 733 896 857 654 793 984 732 0 882 880 366 218 977 717 860 59 409 124 323 548 302 319 656 584 759 27 872 342 399 253 709 60 291 328 866 397 905 242 642 675 434 831 119 277 502 967 120 417 900 315 712 281 946 969 20 689 313 177 844 229 219 986 919 330 948 790 260 96 472 843 919 126 603 957 167 838 760 10 535 449 929 809 238 797 317 671 663 544 529 254 86 642 708 908 450 619 829 570 73
672 401 579 962 75 169 626 671 91 109 842 951 471 392 826 166 755 207 890 33 706 612 289 51 357 991 629 690 85 895 647 578 680 3 318 378 729 29 378 325 322 153 542 238 70 891 489 569 239 74 295 500 916 116 411 197 833 53 558 88 0 645 274 339 861 812 568 377 260 32 606 843 23 770 790 911 703 614 273 234 754 372 583 705 1000 425 681 509 920 656 769 555 431 736 489 146 84 164 226 379
14 26 269 842 669 347 470 933 90 965 589 546 843 335 39 196 290 310 464 544 0 246 544 676 940 204 383 420 936 411 79 820 92 413 618 512 581 222 297 71 755 743 487 216 272 547 231 922 291 794 667 327 473 480 809 867 922 172 661 577 990 232 93 162 122 206 533 629 372 635 894 80 343 607 381 720 697 64 441 68 583 870 847 584 527 405 926 182 258 463 867 171 777 159 383 936 127 787 604 964
43 315 0 363 83 760 50 7 791 966 463 30 536 495 605 272 198 366 614 791 843 929 385 792 245 524 278 765 548 170 978 921 448 944 684 497 844 344 367 539 865 51 169 220 415 72 913 354 320 85 666 922 852 623 681 293 425 635 740 626 488 878 280 32 384 850 282 478 499 68 229 503 469 918 48 13 484 465 146 137 304 22 340 560 75 175 626 786 477 64 602 356 961 614 960 943 63 240 33 638
287 681 676 151 113 149 971 225 10 38 384 414 50 619 745 597 476 466 783 886 192 541 894 630 303 754 158 678 765 980 441 912 116 509 32 398 702 679 302 580 37 404 794 692 301 334 76 495 34 794 971 304 94 477 453 568 564 828 911 619 641 433 932 302 9 8 141 486 820 396 233 20 723 886 152 835 706 896 895 662 367 740 919 594 304 170 817 224 331 611 237 998 916 302 536 104 163 354 577 32
750 943 691 909 447 247 119 489 43 202 468 408 958 287 599 918 488 865 97 726 178 146 629 245 502 850 383 583 933 591 623 265 1000 647 989 526 765 249 845 753 724 170 920 416 170 329 430 33 496 479 715 943 877 472 941 684 536 957 662 63 180 814 316 79 554 434 674 958 471 20 351 756 112 274 442 717 702 911 927 814 141 221 563 801 244 934 35 508 356 448 247 317 168 397 379 111 125 650 400 154
691 316 869 902 600 794 19 508 561 901 167 106 529 759 161 811 337 564 610 92 77 379 283 318 146 748 318 660 970 782 460 518 947 809 143 522 60 667 791 248 106 737 901 150 628 647 467 21 617 60 859 910 147 138 605 120 935 177 534 893 992 807 410 916 917 117 2 703 153 628 110 962 75 894 768 178 955 232 566 410 583 326 584 3 178 497 345 824 140 833 155 899 703 593 804 738 680 827 884 891
940 950 726 274 669 795 428 567 712 267 206 968 186 259 179 88 949 781 812 674 58 271 969 281 693 274 29 837 904 192 698 719 27 584 369 401 254 352 931 98 687 144 28 236 550 476 871 328 502 920 169 142 49 110 119 13 227 756 267 232 776 814 706 834 319 456 238 27 547 506 623 191 218 793 297 190 23 322 478 260 779 35 954 513 637 515 976 544 809 264 346 535 360 858 577 69 237 346 170 532
239 777 340 750 593 128 658 521 779 898 976 817 66 455 326 51 225 711 568 487 552 816 174 775 705 268 588 144 779 642 219 955 36 248 825 636 83 98 587 915 466 138 84 289 945 741 626 460 166 718 613 667 678 390 524 507 317 160 291 651 468 668 608 399 483 446 716 505 143 539 5 659 634 397 308 996 344 975 796 462 825 351 466 311 197 752 534 652 934 963 699 384 391 849 74 174 754 943 192 40
41 1 973 867 922 187 559 355 781 861 460 477 750 320 304 202 815 244 321 297 48 509 443 922 705 913 5 712 699 932 931 307 809 973 552 880 373 984 666 206 337 480 146 339 704 128 843 44 458 52 101 439 776 864 851 975 61 393 437 356 779 745 424 451 6 915 287 957 298 852 799 436 871 660 763 506 414 335 240 141 968 67 722 546 612 421 896 391 683 869 735 271 333 143 773 792 360 171 245 664
716 823 35 433 906 873 164 909 906 953 65 549 970 395 295 324 526 749 884 270 766 423 371 792 622 35 231 218 754 522 228 752 815 201 819 343 104 579 932 229 365 978 454 67 188 139 971 971 704 931 308 959 65 43 935 14 646 598 648 50 431 927 750 943 791 511 54 777 437 187 507 803 527 53 272 923 230 240 889 479 151 249 329 60 700 963 858 629 934 653 637 485 467 300 428 300 571 29 761 609
758 536 767 913 704 649 105 501 13 364 455 135 838 99 416 475 168 891 644 243 756 803 841 602 802 20 818 362 351 54 697 248 526 222 209 292 581 362 370 704 1 489 887 910 919 21 953 246 703 698 374 37 43 59 732 920 821 288 843 104 192 936 935 202 460 290 89 662 969 399 391 266 516 785 221 317 964 225 712 870 895 588 860 630 510 707 365 649 197 720 498 257 16 900 459 532 499 218 493 656
801 112 744 995 993 752 175 292 320 582 942 256 596 274 867 210 274 417 332 238 372 623 62 827 54 722 12 494 621 551 890 395 145 860 458 878 578 813 778 601 17 506 613 276 105 722 609 208 65 610 191 850 937 859 294 450 328 121 153 442 217 674 231 563 651 338 72 97 568 608 174 399 108 808 354 867 69 432 553 952 378 135 715 926 123 689 60 389 394 371 152 522 93 414 105 1000 48 206 970 21
896 796 244 248 907 366 812 703 457 729 389 933 637 608 112 558 900 827 668 313 492 909 50 425 203 985 17 315 26 738 961 382 184 228 939 614 587 747 225 4 102 793 472 824 852 639 189 734 650 849 128 452 175 189 824 426 107 641 718 471 736 432 20 829 418 684 756 426 816 468 631 456 56 994 274 744 339 450 915 688 925 2 310 331 634 195 86 191 511 287 816 768 853 971 447 4 0 6 302 389
674 652 778 577 218 619 910 980 457 964 903 591 634 460 632 131 803 503 978 843 597 170 90 847 18 35 600 612 635 870 958 376 437 774 412 158 420 39 993 40 830 379 695 655 2 218 419 539 578 712 818 261 22 534 606 333 812 548 968 600 105 177 800 456 983 329 813 10 707 284 462 136 657 409 464 396 432 775 143 372 411 886 508 804 493 962 53 844 130 842 728 120 710 534 425 588 488 454 58 371
657 370 929 178 346 657 196 503 945 899 945 682 530 618 757 819 768 54 34 775 45 808 322 26 123 68 38 73 424 945 558 516 445 547 658 912 658 299 890 965 379 491 950 156 500 297 814 422 719 807 392 749 339 538 332 195 930 747 707 692 350 92 849 706 164 407 857 907 953 890 384 647 131 469 449 120 187 625 398 444 561 690 521 856 194 121 938 601 94 284 20 575 584 939 735 776 307 39 94 806
245 491 610 624 632 124 630 986 341 217 890 236 33 299 489 36 767 591 377 338 586 838 246 613 226 925 68 332 335 396 635 919 894 522 678 432 910 644 652 499 190 591 481 965 288 785 719 989 952 655 211 701 915 187 580 268 457 507 482 979 463 149 581 348 743 68 609 231 247 947 386 805 718 316 114 390 110 438 380 273 768 295 156 986 760 321 644 318 555 859 778 270 435 965 340 602 693 34 758 408
448 121 890 56 66 831 2 815 368 89 385 970 629 996 609 265 318 373 675 568 178 464 535 224 625 909 440 109 321 36 475 193 611 757 623 548 676 38 71 125 750 254 367 719 682 978 768 243 133 995 92 629 640 141 805 752 906 1 756 358 5 407 958 956 465 962 944 38 794 464 244 702 835 654 489 503 621 240 764 133 210 354 3 187 829 566 564 674 876 766 734 851 282 988 781 241 931 150 132 88
72 456 614 968 387 554 417 667 538 596 949 927 178 727 462 36 290 232 387 457 125 692 108 847 208 76 53 973 373 81 819 814 709 964 907 686 798 133 674 687 139 198 687 955 983 637 855 371 75 161 871 345 285 401 403 232 80 649 546 71 276 394 555 558 744 720 494 413 166 753 958 431 136 963 576 193 435 150 988 372 804 227 208 533 749 655 584 797 985 53 399 517 131 770 879 453 762 623 76 553
240 551 890 512 194 227 539 327 350 72 753 795 395 253 421 185 300 41 704 522 153 493 896 997 554 3 775 296 7 745 552 780 145 319 703 402 813 486 931 108 530 356 742 989 225 124 627 404 607 940 748 734 715 945 450 527 887 308 702 983 116 123 930 370 652 30 643 733 709 453 160 271 645 978 941 754 493 480 452 101 167 403 493 268 726 557 20 927 371 394 284 199 953 247 400 365 70 220 474 297
72 114 393 309 875 325 334 670 554 981 17 495 767 477 470 408 48 497 721 623 295 508 230 951 467 883 7 353 28 798 193 642 824 826 623 113 880 773 648 321 156 721 50 336 177 526 915 721 494 691 473 264 156 757 228 246 273 266 493 149 604 925 382 267 906 784 933 530 529 472 360 157 679 107 350 690 102 394 153 549 224 254 522 268 757 986 933 254 714 638 727 931 220 927 443 122 358 864 433 115
652 467 950 16 56 574 425 617 942 671 402 15 184 790 379 627 600 424 223 669 835 144 915 982 320 810 762 293 380 371 347 797 496 50 956 713 77 784 156 322 323 132 736 148 869 244 426 662 521 725 772 694 352 646 648 52 236 791 753 454 928 992 721 774 896 556 176 567 752 552 905 934 541 116 506 697 239 434 553 363 641 350 123 74 781 869 450 180 903 717 646 928 241 858 874 688 538 839 441 215
322 543 966 977 775 492 393 699 766 311 119 256 330 13 988 442 301 113 160 302 307 45 199 178 146 958 856 381 320 209 989 176 235 564 704 146 521 999 175 642 232 409 817 956 198 737 55 814 272 856 621 107 180 511 908 926 923 25 554 176 389 720 360 815 552 776 701 597 167 195 385 363 222 77 524 743 400 234 974 317 405 402 4 872 981 771 195 565 579 912 976 488 233 303 197 941 344 1000 393 87
195 973 821 552 184 520 227 32 410 532 147 992 946 248 228 641 396 670 836 460 889 569 542 813 18 79 410 323 476 85 490 418 836 825 183 405 596 918 51 517 966 586 820 629 356 752 732 707 478 620 392 155 271 317 910 636 540 184 261 987 306 692 144 303 881 712 434 889 726 86 541 580 157 907 740 950 894 864 895 884 652 719 536 98 994 689 180 862 868 396 683 196 213 427 338 640 568 438 477 242
203 829 925 226 983 911 948 409 854 218 847 157 144 30 751 400 429 570 344 456 905 280 903 812 237 272 304 680 450 597 511 730 126 920 464 113 21 889 416 630 731 544 784 334 357 57 769 644 601 533 188 381 7 697 709 739 34 206 718 856 76 716 592 985 869 849 471 781 602 42 698 775 915 774 266 342 998 536 750 525 989 855 63 540 44 501 594 606 430 900 906 780 134 540 46 666 986 256 714 750
99 950 726 587 855 378 809 212 480 361 973 90 871 566 866 984 125 256 93 145 295 633 255 463 300 565 882 199 764 999 139 530 989 165 39 990 23 871 589 159 767 221 145 339 978 861 772 456 331 392 251 588 759 33 345 826 262 656 134 305 620 488 873 965 824 614 316 407 84 550 343 639 192 117 721 156 950 841 211 33 673 935 912 57 780 917 317 224 175 383 883 461 480 695 693 848 786 914 699 450
726 945 727 335 127 458 618 757 499 892 714 448 479 601 895 796 126 680 10 238 584 573 847 628 489 135 376 221 856 572 336 245 230 924 101 823 343 568 838 429 940 600 362 341 232 269 883 566 942 729 452 117 611 371 862 166 941 161 138 325 397 999 650 176 963 623 362 255 546 401 911 325 403 484 324 650 420 774 102 325 706 245 223 77 768 479 157 220 859 857 473 357 498 942 59 844 503 571 119 560
587 951 418 209 1 711 901 39 476 67 739 549 232 253 561 78 835 365 312 151 365 157 645 341 500 262 954 997 530 569 77 575 924 375 170 770 872 372 564 271 618 290 304 41 49 403 134 279 845 900 1000 849 880 141 434 446 695 41 849 884 127 665 174 788 593 498 390 13 686 966 433 459 985 10 981 840 92 859 396 791 927 107 22 424 927 596 493 737 295 618 521 967 23 63 532 256 606 311 114 77
244 179 968 706 340 682 251 682 632 435 905 554 318 792 66 5 212 289 382 155 447 995 690 497 694 996 357 805 92 820 305 754 405 389 71 416 263 156 410 910 69 280 347 501 396 690 905 591 948 469 514 552 952 957 499 358 510 465 322 457 229 273 292 540 530 418 689 231 562 476 65 266 871 920 968 586 535 59 466 790 678 227 869 391 814 767 802 783 642 349 240 918 379 889 969 277 642 618 145 454
531 621 315 472 642 799 933 213 857 412 88 372 928 943 93 441 0 28 207 697 636 274 381 329 482 502 431 641 810 349 309 116 757 527 507 738 671 548 605 800 848 19 60 555 311 142 261 126 264 127 242 143 389 566 729 373 67 334 32 252 183 430 730 158 356 88 719 853 695 957 92 414 877 205 368 578 211 29 496 330 699 943 985 788 598 680 208 946 286 744 160 314 503 729 165 241 818 561 817 764
411 106 626 310 543 501 206 682 192 951 414 429 540 725 278 114 277 721 791 469 731 723 298 583 410 893 851 409 60 834 90 705 983 655 338 143 535 953 573 179 698 352 466 889 613 396 962 147 71 462 953 809 692 703 612 556 70 320 99 118 688 642 55 965 954 690 360 424 258 241 647 879 256 53 500 156 642 291 849 558 833 61 2 400 938 40 889 754 454 440 971 283 641 994 820 489 360 458 609 79
218 148 879 712 381 742 433 928 536 664 306 938 307 241 540 297 192 500 551 698 230 889 791 122 949 49 653 969 773 847 490 797 25 126 679 390 352 942 967 620 891 608 761 851 381 589 751 682 771 441 996 992 131 171 942 867 101 212 965 7 995 771 139 106 551 325 932 800 571 820 807 279 458 406 217 128 695 490 901 43 526 832 485 938 249 487 413 813 530 216 219 768 188 302 967 664 745 111 714 575
601 782 780 857 824 693 172 511 6 874 389 538 802 488 462 204 320 956 213 110 967 544 744 781 153 424 417 584 505 227 297 198 867 242 521 28 113 337 572 997 976 995 333 661 977 966 693 741 987 844 413 638 177 592 662 764 244 946 316 775 148 205 458 878 139 237 476 372 695 975 272 112 214 730 894 832 600 999 736 400 834 309 72 146 472 732 485 547 653 904 227 23 137 824 914 52 273 859 546 547
647 746 126 39 649 1 317 308 916 753 50 492 208 18 731 365 433 411 834 567 730 417 154 626 36 571 724 545 108 670 41 456 3 567 198 771 136 917 24 296 882 647 913 612 37 322 479 711 140 676 798 595 348 277 4 828 391 351 614 27 841 390 455 855 836 542 791 444 352 697 478 61 89 967 62 276 906 851 891 456 377 382 380 182 904 452 425 227 682 66 54 801 422 805 51 436 60 8 160 635
874 299 923 796 598 653 989 614 105 0 956 976 366 269 960 4 412 366 697 404 56 521 870 603 919 508 253 830 756 246 390 614 775 535 558 289 660 215 640 150 288 936 490 508 35 633 632 782 637 442 993 778 123 907 991 652 735 143 98 946 368 907 429 605 736 966 231 928 620 790 818 692 850 181 687 153 252 119 688 181 459 566 497 904 227 359 105 229 93 989 26 186 999 813 693 885 712 251 126 490
377 522 700 147 567 906 831 137 518 721 964 365 887 498 830 979 182 889 914 702 832 948 785 917 360 713 593 695 856 9 960 37 676 585 162 901 715 607 748 219 838 382 200 609 899 528 892 572 441 195 117 318 85 66 957 257 608 381 843 402 223 935 318 545 234 265 83 324 172 746 209 404 806 797 696 246 482 862 244 758 503 141 964 794 530 728 745 642 535 669 882 184 323 1000 519 497 94 43 817 283
726 413 427 34 17 945 400 921 441 697 774 877 91 60 501 907 571 573 223 810 59 157 709 930 704 368 896 31 168 48 383 902 109 986 268 158 693 703 867 459 824 198 671 439 687 754 499 9 255 67 656 801 314 705 545 433 408 971 992 663 297 239 825 235 584 322 496 687 653 354 646 196 668 159 556 561 17 424 297 532 225 483 166 909 194 212 871 985 40 374 362 43 493 787 341 60 270 241 81 661
562 664 26 500 542 564 557 434 300 983 937 914 7 713 924 513 518 683 921 766 543 397 186 740 237 238 944 514 331 203 76 253 467 714 60 627 489 6 756 299 208 776 292 33 796 560 676 498 99 722 773 115 859 800 224 858 907 122 377 942 920 269 783 688 497 742 646 166 72 250 750 306 138 28 421 279 903 518 163 921 532 96 717 64 475 830 506 354 642 244 66 663 717 911 391 802 818 233 968 323
657 211 403 95 789 14 460 130 700 379 537 97 91 555 620 143 743 530 789 735 1000 980 332 727 861 588 632 353 82 682 97 815 1 70 658 473 21 487 320 609 681 581 927 568 15 572 781 613 566 589 955 392 368 678 294 996 106 710 883 822 870 879 891 108 472 328 248 161 287 100 578 775 904 762 309 897 18 10 388 663 48 453 327 435 654 560 56 287 968 843 916 955 671 961 878 132 565 828 680 932
164 164 556 674 963 110 421 607 593 690 13 991 48 203 865 190 625 333 293 633 357 581 473 540 320 673 914 772 617 249 537 792 915 71 822 560 890 122 548 917 414 757 809 802 929 706 442 643 249 35 174 237 545 257 765 909 471 354 459 614 669 864 864 894 758 637 72 446 398 510 685 536 620 757 582 283 575 92 690 445 83 963 642 274 252 462 207 596 807 546 805 476 615 336 262 108 206 69 39 254
891 688 808 247 107 100 789 599 972 308 687 829 815 581 960 153 300 794 678 136 352 388 460 311 106 556 214 955 869 908 28 355 213 466 882 713 743 509 744 727 323 430 930 934 621 116 949 180 857 872 581 423 261 211 92 420 121 132 283 540 955 982 188 803 930 11 644 631 171 184 969 590 27 946 153 524 830 382 124 136 38 26 846 723 716 487 854 986 794 152 470 953 803 10 762 588 504 745 812 266
883 209 738 984 14 958 629 720 526 79 683 952 209 33 284 740 856 264 756 489 742 770 976 943 292 576 379 931 192 687 749 74 303 777 272 929 941 203 805 663 691 575 5 937 192 894 406 879 192 773 11 958 23 6 108 926 887 723 233 603 538 686 397 397 969 608 123 863 993 278 708 163 797 932 62 259 707 594 852 975 186 647 679 360 593 239 541 96 867 291 945 576 130 276 253 577 320 765 450 305
387 281 553 943 819 879 420 617 712 598 970 94 230 8 609 805 245 828 189 275 107 731 70 251 602 179 826 481 852 353 109 170 248 799 773 277 774 770 508 981 606 933 946 599 803 576 466 766 807 252 951 253 100 920 488 567 388 668 151 182 170 53 423 344 516 676 803 543 336 584 463 178 120 43 469 723 548 4 381 326 210 118 125 188 86 503 118 813 981 495 64 188 365 569 651 706 321 355 892 811
410 620 713 736 690 757 960 723 534 260 964 935 343 738 473 771 265 590 223 739 202 844 952 426 282 575 274 564 553 457 359 577 94 199 937 323 876 360 805 13 290 394 53 295 617 417 956 64 485 466 942 957 403 759 155 872 922 107 180 915 869 801 174 257 286 510 584 795 509 769 694 447 80 608 158 565 936 814 835 317 610 795 339 314 818 758 848 284 441 161 848 455 718 482 898 718 25 530 899 909
120 926 594 408 859 51 973 769 684 768 759 943 77 44 669 353 476 810 541 636 465 620 217 284 401 425 712 768 232 787 604 283 397 190 419 688 798 357 316 931 934 438 862 253 501 393 793 143 870 931 546 374 893 904 396 230 47 940 51 542 722 223 657 487 4 640 105 19 233 8 152 352 227 193 211 734 841 553 140 571 216 238 464 72 95 464 221 696 571 646 665 469 30 548 953 58 47 875 258 503
400 602 215 954 416 745 26 798 186 263 114 45 323 273 725 693 842 929 482 368 864 987 927 408 95 440 951 252 746 355 535 144 71 822 289 985 504 638 242 776 234 614 146 389 151 426 768 639 386 782 746 719 394 747 635 640 534 39 829 961 933 577 304 46 582 397 188 1000 336 353 634 646 343 825 497 913 667 239 266 400 648 940 552 344 941 821 502 234 86 137 301 687 270 909 10 38 979 47 549 688
786 214 532 402 628 425 770 544 433 806 502 644 93 505 704 175 46 508 357 796 866 885 199 262 260 980 668 664 197 562 594 531 705 78 502 334 324 450 151 684 883 880 261 533 915 988 15 976 197 671 429 77 607 455 453 410 598 606 906 679 556 0 858 562 810 794 680 720 92 994 133 774 769 295 545 787 469 36 766 625 624 514 916 418 607 325 598 677 458 395 292 521 411 809 925 549 293 659 203 263
188 42 22 373 839 374 79 714 198 926 12 358 57 268 559 389 106 984 561 508 448 544 982 513 110 133 124 918 572 484 130 726 685 682 719 861 149 988 478 966 778 339 528 607 945 354 634 87 829 68 618 507 884 136 518 24 15 336 414 848 331 292 784 68 170 174 174 578 900 948 61 27 466 321 569 617 109 23 631 203 240 975 752 583 345 97 392 793 520 444 388 600 710 722 412 704 249 654 626 95
7 776 275 923 197 269 300 282 627 75 861 107 557 260 784 718 824 761 956 88 317 803 146 832 667 243 78 993 652 170 588 950 107 144 201 854 255 10 970 405 89 606 790 345 25 23 625 533 170 694 832 943 746 387 148 858 871 603 460 227 10 682 695 490 419 591 352 50 386 674 709 910 26 612 405 883 38 654 233 937 80 941 734 794 329 953 522 23 743 762 39 623 764 327 75 528 526 733 309 885
299 242 792 867 833 734 365 333 640 627 571 662 64 118 756 638 350 213 989 443 104 847 40 834 944 206 261 267 21 953 56 112 107 220 68 273 600 703 932 148 121 182 945 812 907 797 967 107 849 519 257 899 874 589 315 492 64 332 857 20 353 991 707 794 76 584 512 75 656 512 152 87 498 200 455 503 106 639 633 445 138 755 719 822 347 386 644 808 114 840 240 179 221 794 430 92 300 123 293 81
553 299 185 125 924 866 527 541 465 470 297 122 109 937 993 139 314 670 523 932 114 538 260 514 538 328 760 328 907 402 708 86 384 333 87 801 774 291 158 887 437 825 312 248 500 715 894 688 905 339 428 753 853 630 528 294 724 676 875 561 500 484 718 300 707 834 20 109 937 902 89 532 679 730 192 751 181 665 136 271 245 654 236 887 276 624 321 854 415 913 457 172 59 519 417 57 935 478 967 407
628 233 137 659 455 282 41 131 519 825 985 866 995 627 207 469 954 478 609 288 381 148 175 361 557 912 82 495 128 789 629 111 244 443 932 429 694 154 200 114 200 479 668 828 269 943 686 417 191 614 235 260 412 880 483 6 566 206 867 537 58 946 226 128 684 844 835 622 501 778 141 141 617 310 102 489 129 306 87 374 1 982 791 224 124 96 696 394 582 684 999 606 581 138 401 844 304 510 309 919
970 643 312 146 740 349 7 775 759 538 623 491 514 891 619 697 391 581 111 646 957 466 737 188 533 450 420 936 937 321 219 934 598 319 725 781 875 23 865 612 713 141 122 865 160 830 524 60 863 820 794 265 567 837 40 30 361 93 652 803 529 334 925 95 738 442 594 95 604 897 828 845 859 18 576 615 98 97 819 201 148 878 166 730 36 46 371 880 673 197 408 180 205 170 686 328 41 406 217 360
892 843 990 914 410 309 739 120 883 66 632 752 274 846 815 387 75 585 780 80 673 445 720 896 227 554 927 90 133 978 207 516 450 543 285 757 684 473 931 525 328 891 892 762 978 536 129 335 395 412 717 423 133 427 683 562 118 803 227 963 421 244 61 228 672 377 404 226 573 856 669 496 467 854 889 282 95 411 363 649 502 884 83 410 487 836 149 926 893 25 600 93 788 659 303 182 453 991 419 175
688 944 314 409 819 498 1 899 313 189 77 806 263 492 726 146 403 703 366 72 470 235 27 614 708 571 385 346 339 679 703 704 208 702 591 829 420 849 829 506 842 968 187 297 73 14 876 660 526 484 864 131 133 744 581 132 346 704 838 119 798 963 170 681 509 869 687 79 641 724 38 180 935 758 719 950 961 520 539 306 381 975 257 270 241 207 632 715 458 265 379 180 766 954 462 982 771 394 210 171
236 874 883 312 446 109 822 416 694 843 687 633 25 86 629 709 758 547 473 353 814 289 867 442 947 612 179 542 122 671 259 265 443 836 524 26 921 959 177 937 806 561 934 328 409 140 610 484 62 680 984 888 904 425 239 981 593 380 644 485 361 561 635 642 924 774 674 130 666 825 283 334 258 61 662 952 150 902 372 675 835 792 960 142 446 376 68 115 874 245 450 19 596 73 712 92 201 227 734 278
4 550 849 432 850 658 62 673 692 322 686 682 82 550 416 901 18 122 398 10 831 412 962 754 646 624 15 164 435 116 505 200 830 139 183 31 958 576 734 146 636 412 191 14 962 415 87 483 564 845 274 431 856 323 592 874 518 603 436 0 496 903 813 727 291 363 502 51 55 489 101 333 940 921 943 406 912 627 854 143 240 439 447 28 826 119 927 339 777 135 69 184 791 156 456 838 147 75 721 178
499 171 335 186 900 690 971 277 491 784 157 236 477 739 864 761 542 884 241 501 862 915 439 517 621 769 332 380 228 109 233 193 863 882 27 403 475 706 96 59 122 409 436 794 119 94 23 33 970 134 831 116 188 65 16 436 740 742 164 410 799 538 132 291 906 148 350 445 760 864 763 18 826 613 57 635 374 857 939 6 124 536 251 350 369 55 517 571 401 400 185 724 585 223 108 204 927 508 726 940
110 870 23 156 895 534 347 293 105 831 983 333 128 330 669 533 856 619 446 81 62 599 597 885 450 429 56 100 379 673 26 215 442 901 354 104 260 449 542 830 73 217 465 357 323 377 19 229 226 400 244 488 881 16 837 163 950 584 555 117 586 532 119 499 232 220 415 185 401 892 133 624 373 830 634 805 64 505 406 625 697 949 191 333 527 701 936 66 126 424 270 277 795 739 57 367 97 577 387 162
454 871 317 79 755 960 502 246 241 173 432 390 654 84 325 248 954 207 80 714 615 36 218 500 539 905 109 510 452 14 942 656 140 332 769 830 720 41 240 643 813 193 318 414 129 949 0 96 473 78 969 192 39 654 278 215 456 73 19 385 738 408 910 891 417 943 512 239 430 810 626 835 78 94 160 416 874 42 752 920 537 373 480 443 83 15 435 185 171 526 578 531 170 682 256 405 754 772 596 322
814 234 380 942 553 415 842 832 583 491 632 929 6 841 10 409 91 167 155 621 772 283 122 837 578 399 762 260 86 278 771 348 632 465 528 997 299 962 408 394 585 75 77 938 269 639 980 662 384 438 785 565 518 242 717 884 948 753 418 630 120 182 245 920 294 958 761 590 256 153 299 237 132 198 629 583 394 929 422 909 823 496 135 460 517 735 295 415 673 303 413 49 625 380 500 961 706 610 638 947
683 979 67 713 903 530 769 981 529 966 27 52 133 535 800 899 452 452 40 85 75 926 398 318 135 69 834 459 992 707 638 673 59 903 828 851 707 130 16 867 771 242 678 389 766 317 635 86 734 374 744 406 115 139 946 833 394 714 13 506 537 395 250 882 612 683 541 766 343 298 14 474 124 942 192 904 16 46 802 295 969 462 100 959 406 845 627 322 219 923 985 33 601 87 81 554 192 305 320 929
0 854 601 218 808 94 999 857 668 75 642 547 107 739 297 879 816 117 906 199 905 654 155 405 130 351 473 392 900 722 375 250 212 254 152 383 7 908 309 998 857 425 386 740 430 644 703 354 249 796 977 611 833 21 206 972 411 817 389 588 987 99 423 965 374 407 542 151 730 27 450 762 700 236 481 897 890 119 531 719 39 169 242 832 196 200 915 23 304 885 730 543 829 170 433 314 247 347 854 524
900 462 170 524 858 137 812 33 719 365 964 891 37 164 761 661 503 249 693 693 32 349 765 364 292 193 951 348 503 961 990 785 83 671 534 548 414 289 945 514 316 441 733 59 112 359 363 11 624 544 11 487 872 990 437 85 377 90 608 783 733 920 503 161 664 363 616 189 491 553 37 399 508 373 420 298 234 36 723 991 979 273 550 757 762 683 755 804 545 431 594 520 848 826 138 971 239 237 597 112
108 69 413 346 193 414 276 104 702 865 15 934 605 372 316 679 732 259 356 540 433 281 850 230 600 225 805 755 355 634 799 378 806 943 375 320 551 211 824 194 783 777 648 100 14 864 121 431 19 156 29 370 426 466 428 697 948 226 703 726 273 294 452 8 232 392 591 233 794 601 431 868 7 45 289 216 947 444 855 999 826 946 661 614 636 832 930 907 266 535 302 747 520 399 205 392 171 189 40 328
215 463 667 667 680 823 528 673 182 154 843 721 893 578 568 934 939 702 104 515 669 905 855 216 566 79 17 897 584 873 393 20 984 388 34 263 457 953 101 759 491 318 602 227 587 468 259 100 63 780 195 214 531 512 454 28 260 920 658 343 746 503 985 142 807 775 827 151 683 49 737 849 329 543 76 487 677 400 29 757 930 20 25 403 547 335 487 856 98 618 819 762 585 24 62 916 875 296 946 357
423 679 877 161 636 706 745 64 582 628 841 718 23 915 516 861 612 611 335 369 107 19 256 341 546 579 89 489 351 869 399 837 250 714 784 699 336 472 764 600 723 690 834 458 636 775 332 961 492 790 39 355 928 409 317 524 71 431 635 749 821 965 137 567 194 32 42 228 927 512 767 278 391 605 999 176 201 238 551 235 36 958 495 97 39 784 449 341 698 136 278 292 780 358 163 862 498 259 891 57
644 420 666 763 933 960 488 662 663 993 721 816 847 433 820 256 249 298 179 298 364 465 700 346 687 92 464 320 913 632 212 63 480 743 710 775 126 877 982 818 573 220 629 527 336 472 256 751 532 546 425 38 312 806 226 474 924 991 667 455 751 258 947 241 862 580 322 474 241 881 186 796 956 80 917 714 341 769 448 141 489 59 473 425 384 706 693 398 42 271 782 686 932 872 254 363 554 853 921 76
980 719 632 807 15 987 1 443 550 569 628 100 97 703 146 87 508 88 341 28 589 987 914 413 152 658 546 627 219 999 698 1 444 437 57 447 185 3 809 70 177 421 319 398 199 681 888 840 889 230 647 77 544 53 681 264 422 412 385 399 518 423 631 331 763 859 815 858 428 414 105 651 267 140 606 200 19 692 483 480 276 857 922 44 641 868 581 711 236 181 276 36 593 241 831 704 320 466 261 285
206 984 171 410 232 288 970 573 618 303 456 72 479 908 616 420 551 431 938 790 679 235 613 933 233 625 56 687 354 797 504 933 45 67 6 362 259 563 271 619 301 20 52 821 557 556 787 572 739 430 364 249 981 432 87 483 624 41 56 168 101 118 876 408 310 609 427 568 965 922 660 424 978 633 516 573 864 217 400 550 167 796 594 687 845 860 360 758 297 332 588 398 611 707 391 280 425 873 148 3
878 85 450 694 494 594 939 770 756 879 621 302 201 922 175 594 440 286 590 749 257 24 59 522 420 929 949 210 132 512 957 178 271 500 130 794 362 511 841 569 283 538 683 993 286 617 636 106 471 615 378 796 464 115 276 854 868 273 47 312 125 637 968 956 622 723 854 383 454 342 778 761 804 218 369 90 397 415 693 669 607 825 998 761 431 576 814 522 956 791 467 227 399 795 419 179 25 155 493 9
348 925 577 986 856 446 329 468 321 261 114 20 863 98 19 455 300 254 365 968 408 170 409 30 142 571 794 76 581 616 471 908 411 83 830 751 523 861 818 947 729 120 392 245 315 394 991 416 4 613 915 324 128 276 331 640 953 249 318 511 614 460 127 650 876 55 3 859 287 26 431 345 188 486 33 805 967 958 620 141 37 803 197 524 780 601 738 824 35 583 263 476 574 520 327 8 16 709 385 411
681 889 556 741 451 964 524 916 695 311 709 120 836 394 992 892 452 697 661 128 827 912 882 926 182 652 1000 5 136 201 153 249 792 524 363 666 212 855 306 952 69 182 844 875 892 465 266 18 870 959 321 571 551 800 318 35 611 771 257 547 171 315 81 943 960 811 113 81 438 61 270 764 739 34 964 987 572 645 302 578 444 203 690 422 666 447 3 339 916 208 543 295 291 646 691 300 684 800 719 397
55 447 45 799 93 618 501 51 945 822 906 401 447 291 180 673 77 245 250 715 32 182 752 654 940 605 788 119 799 443 397 308 824 888 242 698 28 444 855 99 186 649 69 4 371 225 226 507 519 759 42 443 332 522 476 199 378 962 791 457 847 557 444 581 565 452 128 46 560 131 99 879 946 914 619 916 687 638 703 976 573 424 775 118 246 544 210 952 576 224 780 165 318 507 508 653 753 368 546 165
621 187 567 110 496 564 19 180 108 508 260 536 629 547 632 401 518 627 885 274 797 399 893 196 910 23 551 25 822 452 89 540 293 608 989 646 458 976 83 212 973 284 357 53 783 284 477 746 981 256 171 149 242 785 148 843 982 934 141 623 910 579 964 8 133 120 450 649 483 129 681 571 247 574 85 38 740 716 980 764 84 590 235 307 100 444 969 32 808 809 143 965 843 958 196 135 960 376 323 297
29 85 841 215 327 172 695 984 794 294 140 600 369 53 838 960 93 160 211 583 889 449 893 979 317 810 316 570 14 607 419 265 313 539 746 407 653 574 446 140 767 114 795 346 737 748 868 70 612 270 357 474 87 998 684 905 7 348 64 828 47 453 64 782 195 731 360 923 698 319 284 706 365 820 848 353 778 898 632 375 743 275 582 204 283 769 247 3 163 86 335 119 662 995 111 630 575 660 444 780
89 81 822 128 265 49 377 426 997 671 738 537 71 56 476 77 839 752 648 853 154 727 613 161 442 879 123 899 766 466 868 693 21 502 229 506 378 199 798 874 582 751 358 240 373 406 380 901 489 621 432 847 518 859 987 384 668 646 79 659 433 652 39 83 705 713 376 909 998 483 881 99 169 316 104 824 47 755 738 453 461 96 123 97 869 581 182 733 614 854 956 920 197 930 878 548 140 769 144 631
830 507 64 174 338 689 171 690 678 33 976 685 810 856 36 225 523 921 608 327 446 702 457 807 430 684 217 728 555 526 252 184 549 296 553 965 194 886 224 785 474 402 218 720 57 314 343 994 601 471 790 37 81 177 589 891 235 368 949 26 50 45 239 722 139 864 360 227 876 620 444 848 419 870 596 749 190 73 355 168 373 415 58 750 939 945 846 129 262 983 234 946 750 368 281 13 534 727 479 472
337 252 848 423 164 540 187 385 716 431 310 380 358 436 485 515 252 15 729 387 414 300 393 940 373 819 417 762 647 543 620 320 689 101 338 285 976 638 762 923 941 97 491 939 890 883 157 777 339 937 394 949 1000 92 91 460 523 167 219 67 333 30 578 870 771 867 495 554 122 206 65 23 666 718 80 462 438 668 591 599 373 200 797 40 921 684 389 48 907 397 873 248 560 374 523 625 344 158 722 63
635 930 720 692 233 468 139 159 65 102 69 331 114 657 14 334 915 69 911 959 503 701 754 925 922 576 747 283 380 448 267 391 40 885 915 567 516 146 275 985 747 326 249 916 371 129 958 716 321 918 615 625 642 646 499 210 340 368 816 202 17 87 880 14 528 580 629 130 95 330 15 810 392 307 602 800 185 330 317 441 735 522 47 995 147 934 240 321 87 723 701 190 602 625 753 341 443 879 861 667
490 617 497 641 905 459 217 812 708 880 454 351 86 436 717 315 641 307 684 315 831 505 440 668 463 513 797 42 93 383 423 241 893 722 971 59 380 585 150 994 347 388 375 377 5 463 828 839 655 637 265 650 116 244 865 660 155 15 743 637 414 230 824 418 526 487 645 740 573 597 803 347 178 934 577 268 80 860 627 29 705 615 659 905 348 197 385 803 795 668 556 163 894 362 661 416 432 528 675 161
677 383 24 710 729 241 254 54 878 740 477 244 884 201 805 600 833 962 571 977 251 915 0 212 947 922 526 257 553 778 458 486 543 9 238 793 909 759 994 784 206 754 568 869 332 532 435 305 421 984 285 781 601 871 386 255 705 198 877 945 262 191 520 356 690 505 101 32 480 525 109 862 915 340 361 823 743 595 954 177 429 416 684 548 599 343 31 73 383 528 798 241 133 161 980 390 908 481 621 564
987 740 668 874 157 653 59 639 226 967 496 574 792 97 221 324 317 510 633 5 47 788 275 189 848 209 557 693 537 60 976 561 660 823 710 488 937 401 578 780 15 543 62 252 875 14 77 805 535 941 136 611 572 882 229 601 391 923 808 753 361 758 292 334 273 377 132 516 829 290 911 928 255 658 728 644 4 546 268 466 38 699 385 889 802 838 49 365 548 623 738 897 311 336 335 149 994 940 938 648
189 321 176 850 856 631 500 329 538 136 557 984 148 618 883 358 90 20 219 918 730 997 706 366 475 687 170 773 5 523 60 289 705 771 32 772 406 142 261 247 33 304 42 354 168 682 807 566 773 897 259 101 946 868 188 188 339 141 394 657 414 626 422 876 287 157 674 639 590 453 654 344 434 57 261 681 929 610 519 317 730 15 20 115 934 96 446 239 584 755 350 687 518 176 674 354 962 714 59 568
588 54 911 683 842 147 815 412 386 853 295 537 856 821 429 307 168 608 929 916 583 764 2 98 642 138 260 582 408 385 861 361 309 84 262 930 415 552 457 84 500 663 210 576 719 684 799 23 187 301 347 981 592 601 280 662 285 592 798 553 841 268 332 621 484 377 322 840 678 114 579 430 676 388 942 801 748 112 300 407 729 165 159 839 633 849 571 249 885 249 53 319 567 375 880 99 281 583 336 434
722 114 487 810 587 29 309 77 979 718 583 67 928 411 947 819 176 857 530 872 549 992 114 941 306 549 922 924 118 92 381 272 262 435 942 648 583 523 509 882 578 712 210 47 981 277 735 687 442 302 658 853 90 397 323 693 773 142 102 387 838 324 79 820 698 796 723 658 653 948 506 437 635 386 211 752 524 693 574 909 830 761 812 998 814 598 873 994 358 240 456 478 477 299 788 135 414 839 488 230
141 641 113 231 757 246 353 815 17 835 136 903 746 892 792 500 922 309 779 493 769 868 94 306 883 877 30 148 945 279 64 760 818 185 702 921 714 633 695 209 463 884 509 794 718 917 838 429 674 77 944 798 841 414 874 733 176 780 703 760 956 682 740 214 559 214 511 64 500 248 461 497 628 725 223 48 239 247 558 771 509 484 442 665 121 812 548 911 683 653 60 913 834 849 672 640 704 421 324 519
231 65 383 145 532 495 769 516 269 567 578 190 532 866 787 198 267 171 61 176 795 34 584 39 490 511 66 253 746 732 167 896 171 271 806 149 760 664 698 882 417 70 372 88 923 801 742 267 92 94 469 404 73 511 172 70 690 921 486 604 817 825 537 555 509 59 141 994 335 652 906 658 43 710 374 287 528 525 566 203 614 602 522 435 808 842 284 339 837 147 1 428 468 253 574 315 604 742 859 392
265 449 86 36 712 381 360 822 719 287 71 297 673 206 360 562 465 929 808 694 820 484 80 590 244 311 421 516 891 256 270 215 232 321 650 370 231 6 237 497 536 259 190 656 251 174 990 833 136 889 291 352 200 527 261 831 310 384 289 949 413 852 930 535 707 846 965 212 307 60 512 157 988 454 600 262 699 457 274 161 311 948 298 307 389 321 518 782 796 858 938 810 676 651 996 411 793 524 111 75
627 188 644 921 370 991 881 359 992 16 38 383 258 937 671 536 191 393 45 622 786 937 721 807 358 360 727 100 646 887 50 252 802 47 631 550 636 571 189 482 359 297 831 735 27 365 700 279 140 650 730 258 844 797 977 544 705 251 837 889 912 922 862 90 744 125 585 472 136 464 32 68 216 243 53 62 388 428 65 585 261 349 705 628 449 778 647 222 454 106 786 835 225 646 980 87 249 679 464 605
329 750 536 567 950 164 736 887 953 166 382 168 564 262 809 213 495 805 94 494 144 913 354 662 503 567 958 957 969 280 410 220 611 414 643 518 886 961 917 406 829 337 70 155 726 782 559 530 731 269 408 513 140 803 202 113 756 746 25 823 386 431 359 9 675 164 296 340 137 944 207 555 125 288 810 818 708 179 967 843 724 122 871 111 501 515 47 356 163 43 788 975 423 972 304 493 378 967 424 979
182 85 876 956 537 309 689 344 231 396 924 999 345 47 486 491 376 526 972 796 31 295 399 786 427 272 78 423 186 275 46 130 953 602 594 824 429 937 91 318 50 487 643 449 935 289 36 64 37 607 682 749 384 723 723 627 152 755 965 865 607 328 461 46 842 70 99 748 837 287 242 242 525 618 548 917 718 701 682 973 160 127 961 697 307 146 37 452 256 2 773 205 505 367 543 477 354 862 353 25
772 466 639 627 427 571 753 246 322 172 343 651 180 861 442 983 399 342 901 553 939 588 313 163 159 203 532 917 886 209 216 207 92 390 216 892 336 534 291 544 353 918 608 814 860 290 309 787 169 318 245 400 710 853 371 545 577 309 69 242 519 746 265 453 896 525 882 528 642 657 280 959 262 549 797 424 293 643 821 505 607 960 968 661 605 199 388 425 680 741 318 407 228 372 30 950 143 827 631 621
440 171 200 581 722 676 158 391 860 888 336 464 476 675 781 403 424 655 284 257 195 524 918 484 482 965 541 488 958 662 913 537 782 268 253 597 744 508 98 498 866 856 125 846 882 73 934 220 812 112 213 575 590 411 52 457 30 110 267 405 941 865 447 571 827 997 814 348 2 663 110 229 42 241 384 664 503 270 718 651 521 679 311 374 153 235 282 698 786 440 505 570 343 508 899 534 855 166 366 985
481 141 731 421 344 902 968 245 350 774 294 390 624 371 838 747 143 766 211 791 552 619 817 477 742 809 326 459 478 488 821 493 490 178 491 407 461 780 526 360 533 306 407 786 941 998 562 692 526 985 216 885 718 160 672 250 998 370 120 498 493 513 298 664 671 629 829 792 5 173 917 330 673 158 413 994 443 517 243 249 721 338 118 697 275 760 917 120 393 222 216 439 624 940 687 338 142 665 222 157
281 15 199 974 610 689 28 487 909 873 15 851 146 379 159 132 45 324 447 517 42 889 620 82 705 957 719 50 497 771 366 654 209 476 750 240 933 692 137 61 46 226 957 128 231 448 250 549 287 570 934 484 857 287 835 105 820 868 5 377 178 402 770 975 298 529 372 0 204 455 603 74 909 721 924 758 282 359 390 500 930 942 137 116 31 415 516 736 627 5 986 740 690 475 604 283 512 465 364 811
442 933 875 263 792 717 788 103 343 986 599 135 543 791 67 392 741 24 845 65 723 574 859 154 413 801 19 747 696 625 230 121 676 324 820 507 772 64 740 729 812 407 239 435 835 707 297 710 536 550 374 802 490 685 306 922 800 84 849 865 961 151 335 673 226 970 355 379 945 846 745 667 175 854 664 928 618 442 326 909 22 134 980 597 364 269 141 767 395 401 452 651 747 407 733 723 339 488 206 299
289 456 44 372 446 966 457 978 288 838 317 280 963 556 368 985 992 565 717 824 79 535 641 742 123 151 607 580 359 484 775 808 100 654 641 266 569 137 244 826 308 947 834 232 148 922 158 837 987 607 21 469 307 825 493 388 626 791 732 757 109 769 553 496 898 490 427 198 847 601 853 900 920 577 988 90 432 803 902 660 772 723 835 399 284 77 245 358 314 757 451 94 941 407 904 528 66 323 697 880
573 117 967 641 882 717 621 27 343 901 888 967 139 89 975 229 973 291 80 806 93 944 337 909 238 926 925 256 972 741 373 787 507 86 30 546 856 164 65 969 569 410 786 457 264 577 248 645 311 143 98 686 797 631 543 947 207 735 500 24 617 598 603 206 869 78 306 540 677 970 772 711 528 415 666 267 400 648 606 913 436 247 712 125 88 634 885 86 26 568 886 196 566 698 885 786 327 758 433 272
541 290 700 605 724 988 4 548 275 148 461 218 999 329 841 449 425 615 21 942 914 930 19 573 389 610 671 119 912 586 989 340 57 183 204 775 636 835 964 919 658 320 180 392 424 441 610 75 590 660 447 542 8 7 697 850 803 439 896 958 573 421 618 643 17 286 642 381 904 892 287 713 176 399 115 69 836 848 96 765 318 849 908 353 242 271 170 527 303 640 277 700 907 522 162 495 591 364 877 956
331 225 196 427 663 798 710 47 218 59 501 94 716 458 528 968 430 399 80 810 599 258 62 370 928 259 788 850 206 276 584 640 901 926 430 643 779 203 101 140 470 888 748 172 612 514 305 702 248 628 514 543 803 90 305 887 771 395 81 884 27 12 906 404 504 705 399 981 883 26 462 630 863 879 35 321 100 187 793 157 972 936 507 194 273 266 845 609 738 158 159 23 581 885 178 59 329 366 974 647
705 118 779 345 712 831 34 686 372 143 887 904 451 319 317 701 445 2 699 411 133 302 928 506 667 988 95 93 604 429 20 740 449 831 562 835 456 622 90 488 771 163 606 973 510 752 634 482 406 496 278 39 739 149 605 879 920 601 960 192 511 131 129 87 122 596 382 669 769 124 760 102 901 451 488 690 393 851 963 168 87 329 535 928 702 289 299 691 679 86 62 642 443 148 886 168 347 987 840 620
487 993 529 39 647 560 500 847 963 699 611 564 844 641 466 204 231 502 860 158 717 521 166 665 940 110 938 456 163 887 556 219 967 160 782 30 433 434 703 831 659 721 806 295 159 439 826 333 511 586 782 976 775 645 906 550 465 374 750 407 1 1000 248 570 833 85 157 941 191 555 636 487 624 749 274 88 300 372 899 348 183 90 679 764 336 269 176 655 834 919 447 315 289 123 316 830 354 347 424 278
444 354 803 420 748 425 467 240 565 51 226 547 256 678 380 32 846 321 539 943 211 939 391 408 714 735 234 441 314 486 134 87 473 352 330 628 377 989 107 631 506 637 963 238 968 32 954 970 118 720 357 993 872 785 280 304 359 897 537 730 214 231 831 375 967 978 836 653 337 986 254 31 400 78 552 410 806 66 571 649 318 397 114 3 919 567 96 773 477 19 934 949 504 603 513 756 354 545 503 679
194 358 116 263 256 878 574 746 723 506 491 247 322 16 722 39 285 799 287 498 28 586 693 885 295 97 205 178 134 74 978 195 282 371 438 254 574 969 823 107 348 540 753 642 535 347 944 701 641 96 463 229 120 504 862 606 641 459 432 109 606 23 67 526 606 395 862 162 438 327 151 770 957 792 629 266 831 588 705 324 774 816 53 237 781 205 656 474 973 4 105 102 567 233 432 175 94 27 841 716
586 136 71 882 915 411 353 941 871 969 627 163 996 248 571 799 570 212 89 388 599 966 648 985 603 819 714 925 79 175 860 72 649 97 386 54 806 36 928 140 325 499 784 483 220 117 73 541 754 663 496 975 840 754 619 66 13 491 493 718 271 312 783 479 447 208 201 678 203 914 165 560 312 155 900 465 441 827 883 679 950 431 847 769 693 265 510 277 385 671 237 350 77 619 829 663 351 829 460 377
599 246 832 420 157 3 677 8 437 800 613 330 532 202 151 890 613 464 919 348 8 77 59 784 636 321 750 883 836 15 270 578 537 517 884 77 443 560 892 570 118 212 119 737 772 512 738 789 658 238 880 945 211 539 112 714 186 816 352 159 753 363 601 72 866 711 226 779 32 699 944 667 793 87 109 315 477 535 681 76 586 580 473 925 144 8 516 873 904 574 752 934 720 155 403 670 581 961 351 88
985 842 460 263 332 855 108 55 12 960 918 798 158 811 920 582 676 847 415 23 354 756 955 731 671 486 91 186 604 149 808 583 845 139 699 676 640 443 794 689 645 968 683 89 555 336 55 9 242 555 751 772 880 48 369 478 300 128 753 263 910 399 7 854 377 588 487 989 240 548 752 815 954 576 502 622 880 297 922 775 75 595 50 38 886 272 359 245 456 766 470 238 607 168 309 966 524 197 687 714
528 722 385 982 414 924 192 449 822 886 424 553 362 634 84 259 201 238 282 335 944 348 836 555 763 562 644 632 196 78 62 11 617 812 98 995 809 205 322 109 90 836 498 61 117 305 387 385 832 227 620 14 502 23 342 756 821 642 212 36 815 995 873 292 616 858 135 851 105 545 924 205 397 617 186 158 872 668 40 392 882 602 545 126 577 20 49 96 350 176 285 610 743 693 368 711 707 847 228 1
59 693 690 56 199 909 487 836 112 697 467 917 526 489 45 744 918 944 408 787 613 904 809 433 896 617 32 100 540 262 487 598 710 150 724 785 460 364 633 665 943 256 120 128 335 242 441 127 362 465 725 481 484 939 482 784 166 539 877 229 150 925 161 570 620 99 373 339 929 805 991 888 683 938 19 66 228 806 146 530 690 834 398 612 201 363 611 788 972 463 722 553 397 621 26 229 54 491 671 845
887 790 125 329 939 193 795 404 502 538 632 529 859 545 398 581 313 3 715 456 650 679 848 623 661 676 427 824 603 140 379 202 492 149 929 712 719 445 880 62 584 176 824 990 173 339 29 548 581 520 998 30 339 32 705 678 206 123 611 522 678 26 446 466 182 217 680 131 687 435 474 229 464 927 892 907 770 563 153 974 541 140 704 10 540 132 406 559 410 27 482 901 276 821 565 256 414 375 471 646
510 884 782 388 655 771 845 836 266 578 829 491 616 624 534 950 350 715 456 883 429 882 954 42 383 592 21 289 444 249 353 799 155 845 626 975 807 621 1000 35 457 81 593 67 441 250 684 431 171 830 174 981 97 194 514 420 207 685 876 847 702 403 223 254 218 106 953 330 747 625 22 285 478 999 802 608 25 916 319 940 723 874 265 280 545 817 388 841 23 306 795 44 125 254 852 107 586 29 339 705
595 15 71 966 387 982 355 554 883 450 274 595 343 877 39 924 246 827 238 105 482 554 137 757 906 952 998 854 175 602 736 131 985 794 456 291 590 956 385 377 697 970 496 25 168 973 893 349 363 797 762 28 634 613 440 912 479 856 236 832 33 293 418 995 969 764 403 560 885 546 437 620 825 153 680 995 605 969 420 588 732 45 624 773 485 498 543 571 452 795 367 935 910 76 601 420 706 740 697 160
284 636 954 510 48 553 55 23 934 298 526 212 499 228 868 859 935 524 368 44 342 682 891 181 531 220 248 969 786 512 956 317 328 362 354 928 544 885 688 480 521 29 32 602 515 192 714 605 482 757 58 12 908 87 345 609 72 51 849 105 53 334 452 687 927 694 117 953 813 274 612 245 941 902 537 321 45 359 673 621 864 420 962 163 806 515 759 204 328 625 451 973 448 650 790 173 997 220 99 965
668 213 148 646 323 56 265 839 235 799 859 39 404 811 496 375 778 852 816 197 832 800 706 883 133 234 231 706 895 465 156 518 828 44 776 4 102 726 487 557 575 460 461 955 841 278 747 650 966 811 181 560 66 252 495 489 627 254 897 973 154 905 783 8 538 858 701 216 964 756 716 622 350 797 151 989 172 939 505 204 886 790 405 89 863 987 339 405 958 697 217 471 233 140 667 248 311 254 342 515
780 593 222 467 351 905 451 626 401 526 517 300 156 92 262 177 636 968 5 625 953 973 838 195 473 226 829 414 128 80 774 830 64 797 829 483 434 537 423 417 0 550 362 801 925 570 461 870 121 425 6 48 423 546 447 794 119 334 938 63 542 945 289 619 33 825 6 31 923 212 810 329 168 365 943 114 801 310 738 263 321 243 175 579 682 30 625 284 514 69 142 313 434 180 395 963 654 755 337 623
925 801 719 161 666 413 768 40 789 491 744 523 2 902 889 505 566 114 86 390 455 207 981 428 505 924 598 91 584 145 276 799 488 679 487 550 515 851 4 265 10 796 937 306 140 640 717 962 742 972 453 155 62 356 674 423 133 122 401 783 894 785 391 246 190 658 646 336 276 782 30 89 240 320 967 641 261 877 938 685 115 173 896 816 924 296 873 119 395 100 803 721 17 130 981 792 389 135 65 471
930 10 461 137 749 474 137 464 621 793 529 9 113 95 741 302 824 362 261 407 914 299 977 641 339 405 659 576 103 781 130 372 536 376 296 395 240 222 207 822 865 296 279 220 476 301 572 406 605 698 283 767 16 416 46 558 250 493 537 258 366 728 892 11 132 523 392 251 224 791 584 977 660 68 646 226 942 415 678 154 711 69 527 955 837 53 688 59 876 246 44 140 121 455 91 286 83 563 256 245
827 484 988 603 57 916 342 787 904 853 669 482 948 612 61 100 12 378 34 196 847 969 336 998 697 806 782 998 602 237 418 268 522 376 642 2 37 724 352 521 492 130 338 125 129 763 615 37 455 232 208 803 422 113 133 504 219 339 346 826 79 834 329 308 24 792 469 440 399 614 580 569 727 433 208 794 908 931 591 987 505 837 796 521 917 783 301 39 167 383 552 679 213 311 822 948 23 48 107 818
368 641 770 767 529 307 878 516 978 901 15 892 831 328 793 499 535 73 474 796 90 843 591 163 836 297 788 129 337 344 59 185 782 326 906 612 710 615 615 490 346 641 392 251 214 748 517 592 702 529 305 622 109 733 930 782 620 633 665 979 314 331 940 310 78 492 298 587 883 606 942 668 484 808 81 478 313 507 476 867 253 10 609 598 525 433 958 891 933 686 921 61 390 234 744 918 489 234 605 242
989 685 985 112 138 479 520 78 312 6 531 868 143 691 45 422 275 256 604 71 176 185 40 165 229 854 515 703 849 652 16 888 356 361 455 512 936 211 930 76 991 464 244 200 313 243 469 492 130 75 663 797 665 592 168 870 431 789 596 9 278 973 52 522 973 793 0 43 86 956 0 684 333 291 223 109 547 934 458 282 747 960 236 611 828 37 7 69 732 609 803 583 578 970 709 490 198 143 835 899
624 204 295 445 488 965 861 242 447 157 89 369 52 526 268 908 463 902 825 95 25 690 7 483 431 500 712 776 745 99 790 274 72 55 15 885 144 485 126 588 700 617 305 139 875 940 927 302 413 196 902 52 368 706 870 536 719 857 893 626 297 969 691 165 12 893 718 786 118 802 70 630 477 101 106 395 619 833 287 319 971 40 251 453 44 925 866 772 146 2 63 897 23 881 362 239 12 427 304 144
879 960 836 480 654 652 779 668 648 692 325 886 488 942 801 253 385 814 710 857 727 105 306 708 535 566 41 979 765 728 737 672 255 885 176 587 5 817 2 929 436 907 707 421 702 416 453 524 906 210 609 302 868 232 422 120 253 355 138 181 526 545 132 66 640 265 945 462 855 469 923 547 210 902 387 590 846 839 617 604 82 974 305 966 15 517 325 994 125 630 538 480 65 247 903 266 847 531 900 441
9 794 0 931 654 741 82 666 33 223 297 506 74 857 837 472 349 678 56 591 229 541 68 960 860 619 974 619 776 409 379 467 804 104 145 430 884 37 258 14 699 215 905 909 621 164 730 947 507 116 426 255 262 710 94 607 227 987 262 881 466 158 719 713 187 854 216 535 827 260 159 430 670 639 630 986 599 37 607 322 842 590 51 474 21 417 561 483 343 125 9 839 829 571 216 39 409 117 861 5
974 140 689 842 913 213 117 69 287 385 796 191 534 385 711 343 322 780 174 52 21 710 47 971 239 146 94 836 550 131 989 508 770 20 117 42 537 635 978 983 927 142 627 286 515 389 768 364 487 517 8 617 263 83 877 626 310 991 533 660 28 329 536 791 693 733 417 282 364 952 378 684 98 418 398 963 41 253 807 329 700 746 720 968 94 484 25 890 357 346 944 679 531 507 736 629 945 207 314 131
813 880 970 886 200 130 737 696 667 691 793 193 330 707 668 742 733 519 436 151 466 244 558 793 42 5 646 501 738 756 68 921 457 684 295 573 348 155 333 964 584 637 436 294 183 385 191 820 101 206 323 869 325 931 403 506 975 552 779 163 949 487 410 846 33 686 1000 780 550 943 567 872 48 867 772 717 326 569 497 132 992 521 317 731 951 261 778 351 159 298 953 515 834 101 284 367 801 703 899 557
508 440 453 890 379 391 167 418 31 879 566 978 288 392 426 725 704 446 229 127 978 539 421 28 955 206 852 979 763 598 313 986 106 441 365 649 695 344 8 643 194 255 934 542 314 569 851 396 773 111 218 145 9 149 384 598 4 162 705 412 253 132 649 231 965 487 190 632 449 359 327 158 722 693 958 753 162 14 928 643 230 744 875 627 544 18 73 901 206 209 935 76 127 252 176 819 597 736 29 280
647 67 509 146 226 710 141 872 40 190 374 434 619 535 881 413 3 128 209 319 825 760 832 153 220 637 389 7 475 787 531 894 296 783 474 833 371 183 645 408 952 81 626 496 443 67 156 118 610 125 78 589 54 562 556 787 5 551 110 896 604 898 465 385 682 242 174 441 410 328 52 553 770 448 7 616 370 702 88 554 633 384 502 938 5 966 886 362 273 889 284 142 947 620 903 325 223 919 106 521
827 347 307 810 156 459 695 992 535 394 414 615 580 501 895 463 249 942 352 935 278 913 56 43 703 578 159 974 936 289 305 651 110 301 512 800 835 332 252 204 935 140 784 237 513 485 944 839 233 918 568 676 66 121 168 225 622 488 884 517 143 760 359 289 828 970 615 742 893 4 514 659 304 963 255 425 182 916 714 831 718 333 798 732 633 703 477 77 476 200 35 268 335 468 369 239 718 756 567 357
808 996 258 787 963 176 237 686 699 453 624 950 44 338 555 735 799 107 427 582 354 754 645 395 972 383 418 883 344 555 181 553 153 813 476 496 500 591 680 115 536 232 261 244 33 628 967 385 546 262 21 445 424 758 40 434 257 517 839 795 180 702 68 917 629 344 912 109 491 438 205 559 717 344 600 607 901 772 206 899 729 544 49 587 953 183 347 383 859 188 616 698 998 948 718 191 165 74 92 900
658 512 432 292 709 265 837 563 149 716 103 419 906 379 785 421 483 719 634 772 715 235 909 848 831 875 187 152 71 918 64 577 982 485 618 228 502 866 626 870 63 301 22 881 886 906 656 804 736 207 525 587 882 27 111 80 421 419 501 696 130 396 791 104 390 215 858 602 883 652 716 850 876 263 645 866 414 989 271 586 159 477 117 812 401 928 859 253 574 404 664 950 50 178 911 875 703 585 592 929
590 678 183 697 545 385 511 472 563 247 928 471 952 634 879 805 691 976 966 258 515 95 242 114 409 853 461 90 814 857 782 89 184 447 897 971 543 346 55 658 14 515 242 664 83 11 149 688 904 352 430 164 967 998 194 882 250 261 157 414 800 817 915 632 152 508 363 752 854 664 482 546 963 62 701 970 967 361 54 926 651 670 730 306 635 809 659 614 312 837 804 287 892 223 207 620 791 166 872 313
94 298 616 681 647 779 427 545 661 164 331 574 49 800 788 351 331 847 594 517 175 123 74 575 377 261 981 303 999 990 559 687 101 963 556 419 890 482 301 973 165 430 328 129 281 488 141 120 181 170 2 281 725 694 167 484 417 501 283 729 203 711 171 352 447 462 526 461 389 935 801 920 563 524 500 564 696 641 780 773 327 340 899 531 1 160 622 270 383 232 474 259 621 852 480 510 937 271 740 544
429 679 357 380 612 302 991 121 941 397 278 406 505 192 277 188 919 365 572 676 108 830 905 139 180 728 552 340 87 16 273 259 94 705 812 36 82 710 320 323 288 116 858 698 433 19 109 701 268 896 729 860 880 364 667 767 826 419 334 16 266 280 867 991 816 974 763 638 619 329 359 651 628 921 89 40 508 248 525 716 57 142 908 575 843 620 136 712 560 348 643 35 717 277 958 868 420 215 497 678
429 591 421 474 188 265 497 240 291 759 708 74 168 889 601 258 454 583 217 855 131 192 696 719 517 468 475 269 546 232 387 214 391 309 138 824 749 481 694 898 771 17 68 319 464 690 233 786 309 761 159 433 611 289 754 585 443 685 463 978 512 418 223 808 606 420 155 384 834 526 570 256 704 806 75 328 218 223 971 819 573 924 924 367 6 557 181 102 422 903 84 500 646 996 336 296 134 426 494 692
264 805 409 784 810 853 166 153 523 474 102 497 569 483 518 486 670 769 930 104 317 402 424 801 462 566 228 481 247 833 3 628 630 369 840 265 818 853 888 443 218 926 587 880 494 783 769 975 299 747 442 755 462 39 192 922 342 588 892 457 774 875 538 543 146 259 603 448 609 231 996 979 172 339 535 752 994 156 206 601 432 776 457 938 196 416 251 889 802 476 352 213 27 150 289 547 713 171 200 723
940 113 713 384 328 859 953 922 481 68 630 252 225 777 710 738 869 701 824 193 855 556 923 60 682 212 488 417 122 82 862 644 226 860 647 605 18 569 539 909 636 116 139 436 644 759 509 382 536 885 683 235 823 425 554 250 81 255 336 396 305 758 552 675 952 697 765 56 350 628 949 551 115 619 295 850 64 426 283 904 242 404 774 639 30 380 322 909 488 394 252 734 5 520 344 739 475 834 747 702
709 209 199 650 585 241 79 276 709 361 539 368 354 237 625 679 128 485 826 258 846 42 144 496 127 628 81 915 702 164 482 132 316 880 180 102 770 350 526 999 620 791 882 484 905 626 359 304 884 93 827 279 706 478 220 171 41 839 1 348 474 121 171 568 214 579 209 816 499 101 585 385 168 256 997 28 434 283 289 122 494 976 672 968 133 739 306 76 688 74 643 165 281 16 302 356 930 583 893 0
280 778 663 783 602 788 292 169 336 883 198 865 505 342 119 124 947 563 603 324 788 19 503 625 324 813 595 143 952 751 924 689 341 824 175 648 620 716 221 254 449 862 184 277 332 38 435 932 98 513 788 312 747 79 185 522 201 568 406 523 834 936 567 738 7 525 995 750 847 790 181 416 237 65 216 114 993 478 424 917 129 477 857 692 998 267 258 403 479 638 25 877 578 602 573 845 123 457 804 276
952 902 668 191 957 970 15 111 881 255 146 897 581 263 430 532 799 111 969 961 636 950 2 882 782 471 142 316 707 543 217 778 403 591 460 159 164 819 32 395 566 12 652 54 650 404 669 731 187 818 895 560 287 565 455 599 841 516 725 369 214 916 488 213 177 766 318 511 28 787 930 731 932 193 381 388 187 115 972 301 907 153 745 35 744 645 575 512 898 861 264 165 952 398 766 748 64 982 842 195
1000 197 438 989 23 344 675 386 651 409 12 700 585 845 587 577 552 180 511 251 313 931 924 77 121 626 39 811 649 6 87 549 475 16 7 179 358 49 541 762 126 904 278 695 122 986 987 433 677 4 649 837 803 753 564 592 183 868 859 56 106 156 684 348 689 566 747 221 840 547 26 387 171 801 563 250 785 132 77 768 191 823 708 833 184 376 177 886 230 614 406 53 143 151 296 958 829 346 823 129
828 19 120 614 688 383 402 344 272 573 446 421 216 258 974 298 481 846 263 386 366 571 769 236 541 741 612 810 737 772 432 1000 983 759 829 192 521 820 69 574 277 312 143 75 924 150 51 103 526 852 312 304 411 275 473 402 735 579 351 68 909 784 371 178 596 139 966 858 4 882 756 982 847 386 740 728 584 928 288 718 232 717 995 828 889 444 46 100 949 72 235 749 105 830 93 806 624 275 397 382
962 863 905 953 935 103 392 639 193 664 355 188 379 161 647 738 556 293 512 299 690 696 20 993 885 510 101 339 842 291 80 508 376 80 30 161 900 898 831 983 359 557 622 684 227 777 18 517 320 758 795 864 13 316 127 361 907 737 919 320 441 596 163 609 402 862 364 917 895 42 928 693 275 699 239 995 885 572 32 472 465 100 418 668 644 45 373 379 323 327 166 315 808 89 541 853 556 361 163 813
965 14 860 401 689 441 821 335 808 176 419 699 887 138 563 382 835 740 299 83 892 835 330 499 348 547 572 971 372 781 933 131 230 889 259 87 974 794 335 213 477 489 263 883 659 815 595 163 745 126 747 886 640 233 256 927 491 467 458 826 66 426 582 269 607 995 821 802 78 598 768 694 787 39 33 771 514 498 195 419 432 859 968 916 737 660 84 614 863 81 521 230 445 134 414 576 845 601 595 244
842 99 273 571 128 853 57 597 825 559 937 286 406 4 95 934 818 641 848 100 163 51 173 891 610 598 852 471 191 492 395 139 193 203 961 879 44 647 628 570 973 951 206 711 0 49 0 735 208 481 300 905 198 815 674 137 176 934 661 426 653 470 224 806 989 183 59 577 404 730 891 477 200 479 96 244 369 372 972 634 531 178 327 190 452 446 778 339 311 567 827 818 82 167 937 527 993 832 355 306
329 265 602 378 954 600 338 300 177 786 265 182 702 237 737 330 218 497 401 95 365 160 629 418 16 813 70 603 227 637 718 293 225 416 348 125 624 911 315 991 125 321 797 70 321 238 247 425 908 501 380 551 53 442 674 152 34 63 366 171 844 608 205 676 161 379 250 593 546 987 563 647 246 884 797 50 50 278 311 840 789 384 148 353 129 289 846 98 879 22 923 11 820 733 627 195 45 297 74 784
294 871 805 447 556 41 633 379 234 295 845 342 50 138 608 995 681 563 204 221 554 359 821 852 285 99 82 168 900 15 16 700 933 585 343 257 142 990 256 939 676 422 746 89 367 371 928 324 746 289 273 226 616 215 402 569 218 205 225 322 272 189 520 179 620 790 44 477 643 741 257 673 387 830 854 841 190 786 610 289 996 621 588 825 877 499 904 701 396 285 165 470 498 829 636 267 628 652 162 904
523 34 523 408 852 819 719 599 597 116 531 105 613 511 221 555 195 395 717 936 707 3 710 109 299 431 786 212 113 783 157 46 46 288 114 225 855 985 75 465 270 968 453 167 493 824 869 260 729 560 866 401 104 97 853 907 646 676 125 326 708 645 219 279 658 327 820 993 685 145 696 859 56 572 298 471 332 444 81 497 965 469 534 910 405 58 926 177 858 656 392 729 372 647 284 78 206 337 81 979
370 117 843 636 881 687 427 275 753 944 9 362 479 497 903 839 957 487 392 904 36 770 898 153 640 642 343 130 475 816 282 269 631 1 491 824 974 793 726 580 147 804 781 704 395 818 718 160 610 691 421 789 820 629 863 599 42 494 69 529 198 894 164 766 527 339 705 941 86 627 123 480 871 297 816 634 140 885 46 812 773 30 785 794 452 775 76 334 867 140 918 115 608 791 27 782 427 459 734 798
339 240 262 264 931 783 425 592 331 222 954 734 189 596 404 683 98 844 442 857 505 731 997 772 311 341 616 208 307 403 858 38 952 35 99 155 518 968 342 328 762 42 391 872 486 912 319 405 986 63 134 315 773 302 831 716 691 364 299 924 56 784 205 123 488 319 480 907 881 835 21 526 785 525 319 911 401 843 719 782 294 59 197 39 504 43 245 378 325 731 60 931 668 213 172 841 269 707 480 762
576 968 362 157 9 282 354 873 8 144 505 535 762 472 403 220 183 456 532 549 957 530 840 33 428 414 865 548 550 526 939 849 941 586 342 695 112 791 542 516 987 57 503 497 277 796 416 318 880 374 439 88 538 362 970 316 187 103 554 113 706 451 348 903 235 429 819 256 81 510 231 715 354 599 880 791 949 842 940 977 334 479 63 122 17 227 234 596 118 24 977 565 49 515 422 187 842 801 406 396
699 488 480 248 765 1 900 947 356 178 456 657 813 340 329 779 635 732 826 972 389 543 36 836 365 174 357 801 673 955 454 855 961 941 210 21 854 539 323 450 828 242 793 310 703 639 803 487 68 362 689 69 921 130 878 921 253 480 438 129 645 831 487 539 352 250 235 410 499 848 942 765 692 609 175 521 164 49 53 521 973 637 675 512 866 493 721 601 717 111 589 151 857 74 480 654 279 901 320 729
176 147 30 40 902 199 987 317 317 97 498 872 771 92 551 240 665 250 300 126 469 653 608 547 625 756 473 470 89 462 408 119 70 568 777 323 170 686 277 916 386 32 286 150 207 187 210 484 783 329 228 506 907 823 421 880 979 698 372 388 59 37 146 415 502 887 645 457 214 165 935 926 888 793 801 977 730 143 531 769 369 82 333 968 280 211 786 298 33 217 45 470 676 169 600 845 668 966 355 946
903 283 806 645 811 35 784 48 472 354 955 336 330 11 467 905 876 271 355 3 985 853 152 877 596 451 143 767 632 35 978 1000 118 449 74 76 928 453 206 399 300 163 751 656 665 749 478 961 976 801 379 354 743 765 833 723 428 546 430 112 17 704 15 904 192 881 264 877 488 894 911 666 53 241 52 243 831 809 280 9 616 29 104 560 915 80 584 967 166 97 718 232 519 177 24 516 824 31 258 423
146 984 338 341 488 152 559 376 608 939 521 368 47 991 481 624 430 709 297 704 467 332 876 531 201 34 105 714 689 397 117 330 699 681 781 0 193 181 438 9 92 26 306 239 239 722 492 408 743 130 63 863 12 798 888 46 538 540 754 857 320 615 17 478 12 909 186 287 968 187 129 771 334 605 966 418 78 763 672 596 879 910 6 963 371 85 898 619 89 0 534 606 584 536 689 418 538 575 623 412
366 687 570 419 202 239 428 306 392 133 252 601 425 933 624 807 292 118 849 306 789 563 92 798 552 741 443 503 249 453 589 73 374 471 304 374 779 492 542 190 67 262 733 434 486 19 529 209 697 110 186 806 398 838 894 598 702 279 573 434 677 397 310 5 855 881 80 75 74 676 904 294 386 913 156 305 297 409 773 776 795 593 82 272 908 584 838 138 967 517 173 785 377 36 916 484 18 886 101 898
688 435 714 554 637 332 354 83 724 499 290 186 497 918 478 710 564 420 995 889 906 596 538 998 827 241 47 731 62 313 136 33 410 361 930 765 114 849 851 355 562 879 397 906 253 641 32 634 834 626 821 452 921 723 495 186 705 849 307 816 154 374 881 264 716 979 379 122 491 277 74 948 165 667 961 535 347 11 405 64 255 601 251 24 852 979 3 273 855 272 238 665 637 89 410 191 750 754 196 524
962 89 962 580 84 434 550 884 764 867 259 881 441 517 65 543 624 639 671 836 383 395 792 215 285 420 603 264 421 359 273 669 172 440 556 864 289 459 43 471 11 839 458 819 632 627 631 941 199 666 358 663 501 742 669 764 563 791 739 511 466 4 677 364 341 270 244 946 829 808 1 362 660 344 300 188 562 773 82 174 921 550 627 325 222 739 86 747 342 182 635 650 847 638 488 373 896 733 278 972
414 120 432 20 784 293 607 83 124 925 321 447 851 87 500 993 659 683 69 639 241 902 766 479 141 47 301 40 237 685 42 721 593 867 786 24 689 972 555 880 312 930 384 517 676 216 884 681 874 705 317 594 832 333 19 61 568 14 647 299 769 965 746 587 978 443 15 321 912 209 67 17 704 772 314 446 639 578 519 912 648 586 235 665 89 617 746 109 149 544 435 581 805 896 185 985 527 523 227 940
956 81 486 534 993 397 873 229 46 908 931 109 991 902 440 842 813 977 440 716 385 656 121 500 830 260 598 446 759 590 288 490 722 111 913 664 485 878 331 725 599 590 528 487 85 273 591 331 819 951 346 104 41 244 907 198 289 491 603 638 957 491 400 137 325 31 518 915 551 152 475 662 422 240 625 374 797 460 626 222 514 272 956 874 745 592 78 272 459 88 485 679 973 780 517 618 56 548 849 106
663 168 748 297 316 280 1000 559 345 569 741 311 127 734 412 145 503 894 191 176 3 959 98 390 103 408 755 169 931 324 129 309 833 588 405 56 846 501 455 106 135 295 465 721 360 29 991 862 387 277 934 143 815 743 547 155 201 302 354 922 87 699 624 567 277 806 73 147 572 514 459 17 680 611 553 731 966 178 174 565 695 843 135 131 537 350 998 911 249 746 169 41 588 899 947 535 487 753 230 328
106 566 400 497 560 657 863 956 1 72 853 740 772 287 921 831 305 554 699 322 658 810 575 6 930 427 654 472 33 242 444 749 221 661 212 501 923 177 452 124 83 862 339 466 218 686 281 983 571 896 610 119 746 645 26 623 619 224 400 119 329 894 505 619 3 27 821 409 809 995 606 164 192 364 729 429 853 952 774 174 309 734 859 999 454 498 656 366 67 887 635 84 587 181 824 496 566 36 712 475
691 662 339 282 656 863 265 699 146 506 902 643 500 479 373 447 544 870 527 121 324 21 407 633 508 927 691 969 705 520 159 546 734 689 774 672 260 75 770 909 52 862 629 533 653 428 74 726 620 40 25 928 599 100 519 307 770 688 945 706 342 852 446 748 113 946 518 452 86 820 49 43 956 467 951 371 429 939 610 607 274 631 33 949 13 124 229 684 846 278 246 817 934 185 221 179 638 785 977 33
426 673 203 919 837 183 956 664 995 708 794 930 983 649 210 540 92 241 821 858 113 880 457 557 26 170 947 400 525 193 239 952 340 0 915 70 956 332 629 202 609 882 14 790 566 675 788 854 801 413 132 446 382 691 435 299 417 353 209 528 393 611 678 225 69 7 529 458 966 778 514 260 977 799 599 26 573 622 577 858 699 657 139 450 695 297 201 53 505 436 677 313 407 422 175 527 750 851 932 888
611 92 606 357 286 112 899 755 813 229 59 975 287 381 262 364 644 248 827 230 977 253 88 241 529 897 847 934 410 321 494 516 860 390 575 313 354 9 142 18 682 954 534 1000 725 295 472 447 53 519 848 788 908 132 201 959 747 769 766 758 20 322 100 251 554 660 713 494 237 24 809 901 227 213 58 493 695 530 410 921 565 906 214 567 100 754 870 485 35 661 8 786 816 117 593 111 963 618 977 272
800 687 919 823 173 213 928 85 539 101 868 955 997 951 737 367 741 453 847 985 609 991 951 341 392 664 627 679 61 245 293 310 399 36 704 182 20 6 68 784 45 200 929 869 686 788 608 224 309 597 513 34 205 450 349 966 277 257 869 94 323 358 173 824 770 961 255 908 190 862 46 139 409 44 939 315 474 900 99 596 22 362 515 751 711 322 198 345 746 465 146 1 609 644 387 443 232 4 155 956
231 939 276 717 249 188 363 798 369 740 567 955 135 480 192 15 133 654 995 780 546 748 22 133 667 782 248 6 674 481 989 662 271 78 729 411 419 356 471 512 96 568 284 600 191 493 534 421 172 965 451 622 309 333 52 822 445 804 706 405 185 340 522 778 369 445 486 43 22 947 651 129 239 678 220 91 570 646 360 678 90 402 885 9 529 801 159 282 645 819 922 411 993 926 314 788 878 977 621 561
467 111 649 171 682 503 350 393 377 387 661 318 194 960 879 155 6 11 688 134 797 751 61 127 47 740 540 498 688 833 946 448 337 836 147 344 16 521 25 691 495 488 48 939 955 283 585 927 870 282 790 190 357 288 121 376 42 610 119 748 781 489 400 646 154 325 942 824 106 83 749 978 766 745 510 85 378 72 635 722 790 768 945 384 826 951 121 66 953 1 812 878 748 485 822 553 556 224 420 792
842 727 563 601 139 432 950 770 362 852 845 386 963 175 849 45 528 448 911 230 964 139 827 268 390 613 549 194 569 583 459 434 990 219 24 423 929 984 1 450 966 360 758 713 902 799 433 229 941 75 881 843 771 248 548 746 558 818 877 832 881 117 730 392 522 331 491 71 406 117 367 946 835 815 102 535 791 7 282 162 409 943 403 295 475 896 252 510 909 907 996 638 467 294 223 843 722 935 147 926
969 222 689 916 996 134 281 868 408 15 442 275 99 150 370 612 232 792 600 736 922 583 517 422 924 877 623 858 467 277 101 363 429 610 549 137 520 587 281 494 966 400 736 678 825 980 405 268 56 969 374 343 372 596 935 847 781 667 21 33 820 169 410 773 760 609 97 935 958 520 882 957 957 985 145 871 684 434 477 654 157 270 899 796 918 722 752 255 238 2 874 772 51 915 914 387 634 565 714 440
744 461 145 7 918 641 54 5 682 636 332 300 297 865 621 834 479 377 804 935 165 681 247 223 473 596 296 923 759 476 908 147 955 506 191 151 490 235 191 420 499 814 170 825 184 31 890 140 77 769 573 39 952 140 158 932 119 14 305 274 760 888 118 660 33 363 128 684 872 757 242 618 663 494 49 354 155 450 232 199 165 867 40 873 862 66 37 141 469 446 964 35 663 950 260 579 482 679 684 313
199 936 616 54 498 112 939 810 597 848 701 914 464 529 71 699 479 697 524 815 717 543 917 741 147 899 703 291 45 58 185 761 592 316 974 19 265 206 966 732 113 942 97 422 299 982 616 196 821 909 529 669 208 870 702 587 732 666 986 682 145 209 3 32 395 904 238 993 604 939 844 811 979 750 716 473 947 33 69 25 243 632 552 421 928 373 161 880 260 962 339 185 571 23 364 775 807 481 179 189
60 523 884 935 351 211 499 72 135 658 873 173 879 995 747 313 932 41 906 865 649 714 73 9 972 191 193 113 776 889 570 444 339 107 785 973 451 293 183 69 683 332 220 615 404 117 791 16 408 694 505 684 94 411 44 714 508 33 938 366 159 432 858 347 973 806 1 513 977 282 7 156 775 231 962 475 711 285 518 426 195 550 887 915 344 610 140 805 258 536 381 844 454 515 648 429 984 358 685 793
789 936 482 27 742 121 582 701 230 757 97 608 65 834 774 530 189 603 848 629 965 732 310 304 837 40 265 365 938 713 581 672 69 165 883 811 364 202 300 248 317 425 580 134 931 215 250 930 896 30 978 933 801 867 563 739 537 739 127 561 646 497 786 999 2 679 651 43 416 482 442 457 59 985 679 415 417 10 649 392 489 622 254 75 748 626 685 413 396 206 451 967 453 28 515 624 561 914 869 487
552 583 739 570 429 131 217 262 783 886 27 947 201 487 217 980 519 784 681 863 414 579 137 932 492 39 269 977 842 324 160 376 280 763 391 945 853 491 861 675 716 166 6 782 788 662 382 166 49 268 350 396 251 112 539 234 754 319 247 34 82 306 290 966 218 819 86 305 754 2 315 852 635 159 821 386 720 186 333 955 155 416 405 236 531 712 503 272 712 343 713 120 807 883 122 254 375 878 302 611
550 4 416 224 611 156 392 155 830 176 33 974 509 22 805 154 951 732 443 39 262 827 161 447 659 676 710 530 59 518 61 158 718 531 28 84 120 877 959 121 177 174 841 87 579 832 808 52 645 780 577 326 994 234 931 449 535 212 380 54 50 51 419 180 523 470 273 971 16 655 184 737 461 582 963 813 614 571 19 955 617 354 374 959 866 747 252 116 367 211 972 594 383 931 418 967 231 667 343 1000
798 956 673 806 986 252 989 133 750 28 783 991 424 203 219 483 201 991 845 660 620 341 307 263 804 307 406 749 308 869 231 506 830 413 419 212 224 990 320 524 130 819 510 59 375 91 111 702 269 708 814 825 693 4 41 295 292 971 308 268 418 296 824 469 463 681 305 351 560 146 51 902 970 256 940 768 561 424 466 812 449 132 7 194 300 404 876 169 371 232 598 623 273 26 779 510 907 220 869 461
745 651 446 758 666 494 162 88 907 482 752 926 386 195 320 724 722 351 118 681 493 411 762 4 314 249 883 245 811 89 812 701 291 68 920 295 965 596 185 957 215 668 713 237 260 536 919 714 118 655 955 642 338 681 748 315 401 586 634 365 101 520 684 97 635 926 602 275 75 38 350 887 101 346 588 280 878 624 958 655 914 272 777 976 506 941 211 334 945 158 665 58 605 848 614 484 593 731 582 264
904 325 794 432 272 479 507 367 691 819 825 190 636 865 98 216 782 523 667 580 542 584 366 698 93 293 19 828 209 163 189 537 266 880 589 787 152 694 566 414 19 966 813 891 457 29 511 70 428 160 476 638 508 721 506 381 536 159 747 328 651 721 361 128 703 695 408 24 810 413 23 780 702 509 810 198 917 973 349 608 574 413 123 211 985 758 788 248 386 22 752 235 221 280 824 824 106 586 819 447
490 186 663 633 568 185 216 679 326 981 786 972 206 532 493 508 24 341 508 390 636 296 256 38 862 35 634 228 501 922 352 114 492 315 770 410 910 41 976 100 958 434 282 346 157 117 868 16 440 169 128 489 108 167 396 942 94 789 973 681 345 983 173 710 245 937 668 448 861 496 811 841 905 923 472 794 125 802 321 849 511 191 34 147 803 866 888 554 852 168 532 434 411 176 918 587 675 219 375 588
620 356 83 240 459 234 198 660 321 665 146 698 26 297 978 21 849 491 836 771 621 950 283 514 867 978 629 945 85 104 953 133 611 895 800 841 257 969 298 531 782 264 222 139 159 234 176 55 278 286 630 646 577 191 613 703 750 791 640 904 126 95 879 409 64 753 391 558 271 6 445 850 522 845 14 891 870 731 942 831 434 693 11 916 931 232 670 749 119 926 568 607 974 682 218 393 948 811 990 110
699 885 171 299 135 747 716 803 149 814 135 591 199 214 172 315 747 203 242 184 863 389 271 542 568 96 866 825 517 114 171 975 926 749 476 200 281 919 513 933 291 66 674 77 245 195 82 986 937 426 386 44 355 234 388 360 391 809 740 225 352 297 227 434 371 337 483 112 917 468 117 702 753 100 280 583 908 156 139 732 919 343 472 593 892 645 252 936 688 774 888 261 100 108 767 248 350 36 699 536
690 180 523 716 673 573 443 19 74 961 806 474 372 568 359 288 383 531 148 633 749 660 961 145 769 288 979 946 674 275 990 349 88 950 167 277 311 724 421 458 170 229 30 156 32 797 201 172 17 663 786 980 261 793 934 145 878 709 40 414 595 201 21 88 540 501 830 914 416 209 942 757 786 46 217 408 703 819 596 903 778 488 786 889 842 652 560 102 584 754 884 728 445 290 219 775 942 920 620 399
822 300 769 408 906 384 596 323 116 374 807 384 428 838 744 448 518 791 916 953 475 852 737 592 69 330 165 637 360 79 246 469 88 545 383 661 303 820 976 774 589 845 492 818 286 710 437 409 4 168 46 205 986 568 731 367 203 212 925 912 954 50 476 432 744 924 747 221 651 507 256 934 302 500 940 484 387 484 781 787 718 945 824 173 555 879 62 993 439 1000 973 926 532 312 590 539 42 562 836 68
970 635 457 836 853 596 176 325 779 395 662 929 779 870 588 302 614 379 731 343 943 378 467 434 982 622 241 429 522 44 755 455 556 863 988 886 774 960 503 176 914 819 574 39 272 901 815 219 329 119 701 904 678 17 596 793 254 292 83 650 918 19 699 270 319 115 848 859 794 20 805 501 507 673 450 28 136 610 984 306 824 367 966 402 247 158 243 209 372 339 634 169 972 447 240 443 596 569 670 872
563 817 206 673 332 490 417 517 882 526 627 72 478 108 273 813 29 664 944 968 684 329 186 131 376 751 222 826 811 854 970 969 211 359 136 67 444 52 115 286 268 160 534 747 39 572 704 752 31 19 490 446 409 92 767 975 185 843 409 949 377 600 417 967 903 740 894 162 99 96 662 138 589 407 600 825 922 776 632 396 633 250 866 108 383 222 326 349 211 582 411 858 133 738 431 358 855 935 965 433
503 121 295 126 115 447 95 318 420 322 701 6 952 735 468 322 897 174 601 82 904 328 969 719 717 612 398 444 269 903 533 662 201 802 553 572 390 521 31 524 510 868 157 291 986 121 574 12 635 678 891 328 589 532 709 397 424 736 267 38 285 832 20 558 555 907 808 609 266 234 551 615 166 867 836 341 278 724 884 793 532 30 285 24 42 501 964 639 932 949 717 461 790 190 898 896 392 509 652 897
168 434 958 830 897 136 201 257 530 296 52 453 996 507 405 589 728 269 213 544 585 816 765 362 539 106 806 672 695 874 878 398 206 135 968 953 162 485 136 911 391 431 174 812 686 789 985 870 67 529 599 101 789 117 708 300 378 936 899 791 731 531 615 435 268 142 422 407 688 83 855 272 435 769 458 764 452 402 634 254 226 980 980 824 157 258 608 983 590 599 153 867 157 236 797 356 154 622 103 35
197 850 759 765 76 511 526 995 158 637 742 930 966 390 559 742 772 689 667 474 558 92 232 785 754 80 38 417 133 122 658 914 712 339 195 601 186 384 940 222 306 719 134 966 503 221 871 809 611 105 698 724 66 253 48 381 32 863 455 181 909 648 899 134 530 81 291 110 487 535 636 618 189 579 595 258 897 606 110 179 989 751 237 789 984 453 478 844 674 187 407 961 498 820 113 801 899 480 790 699
794 29 42 974 363 316 311 94 273 535 657 429 880 809 199 368 129 721 419 705 366 854 817 639 968 727 367 436 146 305 459 942 196 986 931 796 560 742 423 407 762 328 195 859 893 90 726 606 699 629 183 588 700 772 20 809 414 128 592 53 900 909 66 667 439 197 64 404 815 18 911 134 30 553 526 386 739 664 451 46 985 173 330 827 871 450 224 573 689 838 915 288 203 258 180 779 324 664 472 966
580 75 458 818 134 185 884 648 362 738 149 421 545 760 989 137 989 584 903 907 701 526 590 614 683 16 242 256 384 418 175 60 656 990 797 618 489 318 70 552 987 961 274 542 325 738 944 717 828 326 750 228 390 5 13 327 863 615 877 472 861 309 16 160 881 219 29 183 14 851 626 905 843 228 854 765 329 311 734 668 969 789 761 581 996 868 826 978 350 599 372 63 471 315 18 660 333 401 930 369
90 341 269 513 32 139 938 443 299 230 693 435 255 532 912 497 250 119 328 510 510 364 98 876 895 724 645 599 467 922 518 265 736 783 321 209 102 164 508 923 610 826 582 776 97 951 76 804 944 590 892 215 882 44 645 245 593 416 615 712 560 867 970 890 379 527 579 442 411 966 96 810 877 317 274 73 258 317 450 192 490 663 107 91 355 470 905 230 696 655 551 269 922 843 781 516 779 749 373 720
317 573 439 110 276 371 308 600 294 580 512 520 285 622 817 843 654 174 828 561 417 929 38 517 499 343 814 315 258 597 354 484 231 966 617 326 361 385 199 384 290 211 62 742 705 936 341 489 182 976 471 511 501 21 190 783 773 661 839 877 278 997 109 282 920 497 680 288 862 541 735 13 68 378 320 494 13 683 70 609 735 81 767 397 192 490 330 189 412 55 609 599 288 877 175 432 802 955 914 211
107 226 870 201 167 178 466 688 561 237 671 863 560 968 425 869 810 252 552 681 645 809 879 853 87 89 219 619 933 746 46 864 801 946 795 408 834 560 752 565 134 996 794 15 842 700 413 111 802 608 975 958 296 20 151 575 450 727 191 233 977 283 420 836 224 281 713 250 19 544 196 239 740 609 42 649 697 864 414 241 870 285 536 285 587 387 830 338 809 585 115 360 618 101 882 830 606 460 666 593
843 801 358 14 480 1000 409 49 960 122 396 622 560 132 818 892 430 885 224 67 747 488 690 87 35 274 224 900 793 409 846 73 99 649 651 404 150 208 523 642 678 484 625 93 271 124 390 252 588 492 975 13 69 200 992 760 16 611 767 299 787 751 803 994 374 225 914 29 297 390 827 720 934 762 422 326 183 500 197 862 797 931 925 235 17 118 484 448 772 880 906 16 841 623 821 597 344 528 123 240
556 520 955 307 275 603 871 951 711 27 425 229 699 618 217 986 722 75 112 842 676 849 337 426 67 835 101 906 166 579 676 568 341 889 735 251 366 723 779 442 609 366 540 636 462 299 968 71 462 404 856 1000 779 981 787 513 18 11 835 617 367 716 530 304 248 890 410 473 792 349 907 219 936 652 678 448 528 489 875 445 583 536 776 299 955 88 549 888 824 628 352 73 974 45 946 717 489 622 752 44
358 115 210 960 178 707 391 458 67 66 700 82 245 219 612 422 187 468 995 180 43 507 625 929 67 924 60 431 786 655 88 264 979 343 22 131 690 363 106 115 273 214 819 199 315 572 212 224 265 354 1000 550 599 857 213 383 541 873 204 962 55 540 611 525 333 1000 698 618 994 243 565 400 114 259 578 810 896 407 320 843 384 728 27 803 475 391 380 555 215 716 544 150 629 817 713 591 548 220 506 112
498 284 37 888 579 956 823 99 185 46 158 889 192 132 218 272 974 309 44 651 96 755 999 388 513 708 665 483 688 22 944 932 936 837 410 648 228 18 881 991 251 63 71 607 292 802 850 129 348 336 706 956 310 377 949 562 304 527 894 530 697 536 168 488 808 309 961 937 582 920 209 178 360 685 286 278 686 681 781 890 663 68 54 237 22 114 949 1 748 658 78 869 759 490 278 167 790 114 639 358
460 527 77 539 692 167 831 386 401 151 224 160 98 28 574 848 56 481 825 791 43 613 711 353 55 1000 226 134 701 554 28 741 594 185 664 304 782 482 494 299 741 392 694 936 456 680 852 33 124 299 16 368 807 800 210 107 227 616 944 888 188 947 836 868 378 110 51 670 590 147 567 771 516 20 737 632 656 400 272 103 347 285 220 797 267 150 459 50 298 9 691 823 755 927 683 952 336 803 410 345
488 389 520 850 608 840 365 300 668 776 287 85 663 302 607 724 331 643 652 110 697 513 937 237 349 26 453 400 590 395 133 606 826 705 676 734 320 111 198 35 673 779 462 285 381 318 623 284 378 5 812 277 915 625 625 31 958 733 618 424 492 43 730 581 101 542 480 242 835 6 28 398 737 856 43 218 930 616 222 204 1 40 574 662 186 970 495 13 206 779 343 575 642 609 572 2 371 403 72 249
147 31 627 659 767 364 396 827 647 160 826 263 881 931 945 279 938 968 960 459 69 597 31 935 699 884 125 59 616 853 437 923 463 619 332 911 247 913 816 856 290 931 385 899 743 488 802 826 960 787 640 635 680 138 906 339 800 429 52 620 44 73 5 703 290 738 876 616 518 622 88 344 639 888 297 383 83 525 393 390 767 647 825 388 33 580 474 102 228 996 369 565 811 431 80 460 291 322 971 893
159 786 787 735 255 710 674 569 305 111 476 165 60 912 43 648 773 136 952 966 829 299 294 794 108 940 517 826 156 479 252 630 823 941 189 918 65 336 401 462 175 892 976 577 298 919 307 999 768 16 801 988 766 496 331 270 143 582 144 385 825 134 603 350 15 114 848 862 773 159 381 564 775 353 636 343 382 515 682 692 350 232 370 301 205 119 904 280 862 204 935 8 603 54 627 57 368 931 582 438
793 839 348 215 627 977 407 459 419 6 225 904 412 663 602 267 869 756 199 567 610 603 81 242 692 401 881 181 380 846 280 569 214 566 741 177 479 873 483 300 38 764 789 489 178 916 723 620 214 880 982 989 64 847 100 29 91 583 68 481 598 786 158 672 38 759 239 997 175 964 866 645 608 407 955 850 295 384 50 25 645 387 995 147 127 38 725 899 963 990 698 930 495 750 204 482 765 229 942 815
452 920 436 936 843 160 493 474 239 209 886 357 808 467 734 330 391 892 14 76 199 375 909 529 320 747 780 945 97 627 502 446 579 565 940 820 888 476 209 73 211 675 852 997 413 315 902 675 399 332 829 300 714 26 48 501 587 844 56 580 85 352 877 314 419 213 953 372 523 360 813 151 114 702 840 807 601 711 225 119 198 8 312 796 417 130 833 455 625 824 419 435 506 339 113 10 137 109 592 387
466 839 973 774 92 268 780 463 902 275 18 53 925 836 574 321 294 91 52 339 455 61 936 655 207 577 144 772 108 451 697 445 582 607 924 736 55 500 8 606 897 211 35 922 891 942 498 887 793 907 223 891 392 796 872 15 477 360 63 616 216 701 924 447 999 463 142 358 946 75 689 928 585 327 203 766 880 721 194 769 245 531 593 455 456 389 756 276 407 703 122 106 420 557 501 435 594 907 781 171
538 830 993 507 311 608 560 349 950 999 532 699 593 117 299 337 523 964 869 601 396 480 783 398 547 506 424 233 534 116 917 37 282 963 436 719 818 129 920 327 568 166 336 801 194 429 900 927 966 150 257 216 730 926 277 80 604 938 280 432 0 999 683 770 718 652 91 618 36 59 322 253 116 469 667 47 768 331 532 325 214 345 60 167 303 36 719 550 99 603 807 662 880 114 728 857 110 708 686 915
539 469 509 425 42 110 574 116 816 865 925 940 150 15 181 795 147 573 353 692 895 422 527 223 385 245 466 233 794 587 610 418 11 122 948 861 178 975 711 47 507 340 728 720 379 292 889 832 821 951 979 533 440 85 26 89 610 304 272 284 760 994 31 220 27 992 824 136 82 28 355 827 249 685 740 421 879 21 105 248 589 516 954 929 786 449 40 102 1 810 257 504 233 890 103 517 876 416 976 640
121 254 104 430 627 302 968 340 342 877 1 175 331 577 769 477 872 66 271 855 160 263 513 729 12 933 461 32 225 137 919 313 468 119 137 266 263 336 36 805 118 869 682 170 435 67 389 104 248 453 639 902 119 451 405 319 320 1000 489 149 896 934 891 235 921 634 534 217 502 975 23 63 222 364 227 70 843 528 176 661 917 552 338 751 489 459 131 890 652 799 745 435 583 333 961 522 735 375 779 314
437 368 197 516 55 532 133 300 869 286 447 49 201 853 680 66 789 526 66 142 210 845 706 894 771 744 548 728 235 984 472 375 295 538 992 482 1 694 376 462 165 862 776 504 910 661 345 262 493 817 739 265 800 849 542 979 946 937 470 588 984 21 678 366 402 88 730 534 934 838 656 541 372 597 935 147 419 927 363 610 384 100 828 959 345 931 977 765 179 381 80 986 103 319 785 785 832 379 122 930
713 628 640 757 254 302 745 789 829 495 771 805 499 363 278 25 131 719 275 551 259 221 698 759 156 376 716 484 395 263 959 68 835 584 526 792 2 838 34 788 459 832 384 819 934 724 284 349 792 604 115 188 124 284 407 399 179 228 264 516 980 288 908 45 75 882 215 334 358 677 519 70 310 780 172 655 118 248 835 348 898 561 223 739 908 965 391 429 605 318 940 848 144 5 949 634 689 981 869 299
813 458 306 636 792 130 982 258 251 63 226 595 727 516 377 435 769 359 973 962 700 888 202 883 474 131 849 395 756 202 636 880 519 3 625 6 305 531 81 366 327 360 364 611 129 685 496 35 790 278 395 730 900 943 829 74 740 448 309 291 913 390 357 628 308 921 515 679 11 742 577 584 952 838 275 929 197 190 226 731 972 918 363 611 367 75 92 37 730 285 270 395 726 252 351 114 1000 11 156 909
958 710 947 217 883 844 196 595 167 643 469 252 525 668 97 570 78 236 618 103 503 619 241 457 375 518 122 647 526 311 826 791 902 322 355 282 658 186 96 479 391 327 509 565 9 257 420 272 874 210 11 581 598 169 709 261 151 631 507 669 516 913 281 582 980 698 601 246 579 898 290 409 663 954 235 195 727 996 144 67 103 20 126 994 817 481 379 803 414 429 360 376 97 425 4 882 388 887 167 413
828 231 997 530 955 41 779 408 876 603 982 926 612 990 696 649 922 656 39 976 839 568 248 393 89 28 497 571 753 408 40 324 883 806 409 225 429 325 30 452 101 887 572 353 787 753 406 537 217 263 361 192 937 377 258 44 606 343 872 669 126 413 208 37 126 670 144 388 110 310 763 478 502 246 957 869 939 988 171 121 151 862 463 955 103 489 397 530 129 574 836 675 411 554 742 702 538 669 520 809
337 646 119 55 559 418 277 232 737 191 554 524 757 539 423 693 266 761 253 969 871 700 869 651 62 2 486 536 150 850 101 998 137 484 268 701 373 278 981 588 416 86 226 573 147 8 508 342 73 919 829 865 604 502 379 87 924 849 365 35 714 958 16 492 337 879 761 928 122 310 726 914 223 540 57 646 952 11 550 458 318 126 836 614 999 842 710 693 770 143 919 362 660 290 401 813 524 983 323 7
952 721 92 750 698 194 139 865 87 833 946 478 234 486 165 256 36 655 984 265 161 743 945 489 190 89 597 785 629 134 153 98 547 926 753 34 452 759 768 346 591 509 656 267 68 977 88 988 426 855 42 986 507 33 636 608 849 653 151 709 100 912 446 738 168 181 820 475 845 541 798 978 575 229 0 184 994 547 316 273 853 260 998 149 577 845 473 368 968 723 484 280 627 393 645 937 88 512 84 574
980 614 529 425 662 309 224 502 307 813 887 994 457 784 268 880 273 815 688 27 804 315 572 75 973 292 739 551 209 17 644 61 478 320 700 708 632 565 362 654 723 881 137 389 987 940 580 752 46 203 261 250 479 701 636 242 517 669 146 61 257 669 592 332 632 807 410 982 573 460 437 822 425 392 293 71 69 891 311 307 32 482 946 879 529 228 221 54 282 16 991 375 789 336 314 904 181 778 215 98
512 883 475 669 135 256 452 468 149 463 363 95 621 970 728 146 483 988 925 305 807 878 279 512 815 46 462 435 213 199 655 680 667 439 949 805 87 484 115 203 592 595 22 388 717 841 666 855 624 123 798 477 103 187 309 680 705 965 248 142 709 481 85 509 282 745 290 604 988 23 209 626 617 629 81 981 905 154 701 533 655 119 340 116 46 795 6 921 631 806 799 767 430 906 232 491 837 976 352 26
486 870 450 933 961 894 259 74 931 23 559 201 83 402 90 724 104 705 268 609 882 669 770 948 824 911 493 531 479 506 955 547 425 679 176 518 894 53 895 482 430 164 515 324 163 296 390 424 927 439 801 182 705 961 61 170 481 531 145 510 533 481 770 652 821 896 182 227 798 324 388 930 48 575 527 43 553 526 839 263 171 211 642 455 792 399 58 197 267 153 768 311 608 899 244 811 857 767 182 605
455 557 906 972 387 133 829 851 910 424 782 563 971 853 84 427 462 906 203 411 351 193 18 463 603 617 941 445 883 754 894 971 414 206 22 187 849 749 685 912 750 866 79 823 470 239 756 381 742 36 1 338 70 655 967 560 500 512 357 589 596 702 236 364 79 401 287 526 220 431 832 959 535 808 16 416 241 536 594 5 535 940 918 259 710 823 319 350 62 360 746 18 32 820 609 671 108 412 207 709
317 254 255 519 552 219 746 332 210 43 316 871 203 696 598 249 275 252 739 142 187 657 254 665 0 861 909 841 430 539 221 276 574 402 994 751 121 338 851 331 238 788 35 685 254 130 675 291 980 893 135 372 739 493 366 42 157 386 31 67 353 856 87 710 185 265 499 777 996 636 191 487 617 935 757 914 891 945 671 569 582 935 446 905 925 801 864 487 889 307 963 642 443 678 882 174 246 615 235 301
728 460 892 720 694 631 423 370 762 774 61 939 722 491 301 936 970 762 798 31 428 606 212 972 175 644 651 32 387 147 568 968 391 300 159 119 777 204 679 4 812 949 288 612 734 573 915 491 623 564 411 716 434 33 127 784 410 759 340 330 560 86 787 700 123 4 591 643 140 917 207 533 726 968 437 145 333 11 607 957 397 66 177 15 749 758 404 556 60 448 573 420 333 22 319 97 622 743 820 384
359 936 375 452 250 911 284 781 874 49 698 428 704 47 904 225 764 735 918 339 436 453 862 679 73 700 78 242 701 449 456 585 928 286 726 256 475 223 806 416 296 560 309 390 167 583 920 697 594 39 396 74 940 179 731 980 325 811 194 870 151 134 239 313 760 177 691 147 17 844 813 167 771 651 399 728 479 378 921 540 998 611 299 623 962 559 690 336 286 181 925 879 154 481 594 674 587 472 604 469
423 439 50 181 849 670 898 506 412 91 258 115 104 901 539 451 294 531 394 319 698 346 717 582 71 740 87 957 651 783 301 653 645 954 43 976 270 788 812 474 953 306 450 1 747 496 161 422 217 4 852 676 729 333 577 467 925 280 41 742 64 418 526 328 854 975 285 337 535 3 417 677 848 357 41 231 200 417 965 786 180 358 21 525 354 956 579 781 599 263 787 635 828 808 795 744 813 468 167 418
653 832 945 923 610 597 252 785 550 486 885 871 325 415 963 253 108 957 475 549 832 417 670 206 464 662 532 949 717 941 553 280 852 791 495 606 505 195 815 670 440 615 460 186 354 591 792 539 783 465 22 214 972 973 59 41 627 438 379 141 848 803 132 363 563 522 547 668 938 140 830 589 586 486 936 334 882 310 232 201 237 353 136 907 59 262 618 135 1 245 935 844 809 660 778 691 880 597 84 557
462 588 423 147 438 281 120 513 661 860 747 768 827 514 130 593 387 253 159 356 874 376 889 654 709 47 870 351 858 910 153 62 994 509 40 793 83 681 761 902 378 518 235 899 410 616 977 655 108 664 807 136 691 175 341 197 601 989 193 127 748 784 4 396 934 649 816 90 929 745 447 125 75 415 380 955 28 341 984 639 821 672 49 966 218 383 496 37 370 11 349 175 955 824 51 228 0 857 143 330
671 518 774 419 466 342 438 177 935 664 126 692 861 604 938 480 982 261 849 749 265 723 327 39 755 127 295 826 963 613 656 853 845 966 880 630 98 86 651 86 757 300 563 151 712 914 700 320 494 866 184 363 287 932 738 821 627 762 472 453 283 251 451 217 29 526 722 854 169 138 615 266 944 741 447 645 116 18 517 943 130 486 704 846 413 798 6 936 585 179 359 671 819 974 538 140 926 739 665 200
7 397 341 170 950 117 176 347 737 517 496 859 945 650 934 21 413 532 75 917 954 980 502 462 55 369 404 472 342 469 399 908 434 846 271 30 53 597 793 905 127 182 971 444 293 671 899 911 844 859 971 303 682 163 146 764 542 791 61 403 658 625 283 971 428 675 781 130 776 152 892 385 657 184 778 372 52 70 772 504 258 207 101 340 408 224 580 263 386 659 401 770 624 403 608 596 513 56 74 691
110 466 436 398 164 468 507 760 769 479 890 645 953 731 293 20 16 290 972 808 888 892 771 147 662 39 314 835 32 862 315 247 833 798 307 0 538 44 785 20 681 863 91 891 504 576 51 132 722 484 97 244 587 408 205 72 301 508 251 192 277 476 415 453 284 218 155 283 995 604 899 352 434 612 976 155 223 462 392 257 425 958 988 146 535 75 591 779 439 604 362 273 331 270 951 508 730 631 646 186
693 236 730 859 666 133 490 942 650 560 724 681 973 904 2 710 230 910 826 572 994 953 90 986 407 645 730 65 463 41 750 87 945 453 418 867 411 570 298 967 560 142 153 192 772 941 897 837 253 774 913 195 349 885 516 787 502 870 58 724 375 288 126 136 94 581 656 679 81 47 557 725 108 351 60 849 517 764 690 651 594 848 189 209 967 412 552 573 492 270 863 117 840 165 459 143 514 90 155 663
167 797 888 175 912 162 547 32 744 943 637 862 962 687 732 314 770 382 487 34 855 557 758 12 802 321 416 159 765 243 215 564 995 280 499 649 611 422 989 258 863 770 47 881 541 416 460 985 163 930 735 356 437 785 708 227 596 371 416 794 37 364 185 861 332 6 198 605 147 375 325 968 529 627 188 393 883 483 480 443 547 42 762 279 112 437 602 352 392 530 574 443 476 785 743 837 789 513 214 188
604 887 79 240 788 845 278 771 584 422 541 77 201 419 984 888 416 916 566 465 591 415 457 947 42 419 836 418 321 125 57 661 683 710 846 142 976 488 854 339 37 730 275 150 453 898 33 369 716 702 880 215 375 289 315 938 92 648 331 778 379 326 435 440 162 257 226 39 587 711 124 987 109 434 886 39 391 1 128 874 135 274 843 290 690 391 437 466 606 156 342 241 909 586 165 639 796 128 576 581
224 135 530 127 654 638 769 265 284 377 445 583 252 299 679 770 682 625 160 20 782 246 847 282 728 531 145 635 869 346 970 718 265 546 272 251 200 139 904 782 573 429 613 260 384 942 508 52 669 298 411 770 234 363 657 658 797 543 918 402 563 327 101 862 573 726 462 732 428 751 923 728 576 209 408 99 281 615 162 374 758 190 893 564 457 510 214 523 842 828 361 840 310 151 23 962 720 650 262 542
198 372 200 729 765 95 862 325 868 986 11 80 848 353 52 734 977 627 14 259 257 859 956 911 732 623 243 932 436 873 526 753 954 866 466 2 223 590 723 373 4 958 346 817 644 792 408 693 51 343 47 331 967 275 933 519 114 734 160 488 106 213 17 49 594 987 368 703 833 343 966 696 407 845 952 990 657 505 771 592 625 827 443 237 80 712 587 659 99 80 967 71 212 436 294 81 929 370 769 611
985 317 20 860 466 458 505 574 477 468 170 856 468 387 263 35 863 530 760 532 354 262 294 447 867 252 578 490 544 571 745 102 229 945 60 23 777 835 38 501 163 264 544 315 609 534 281 498 721 100 253 986 994 397 814 744 621 321 631 223 793 632 949 46 836 463 889 835 472 805 286 988 128 218 620 650 473 166 811 361 736 946 881 760 741 884 608 436 55 412 583 58 496 443 343 535 792 497 39 761
403 134 575 452 686 258 355 85 393 737 34 836 779 993 261 735 775 99 537 468 107 706 650 290 425 525 56 422 971 340 976 301 830 641 249 700 43 389 644 236 822 544 260 439 896 425 7 596 531 122 285 795 194 915 336 336 840 539 394 523 993 283 494 776 869 264 688 129 865 155 835 48 961 782 220 772 617 309 550 546 79 603 62 594 735 460 155 384 891 851 597 580 578 231 292 55 976 554 516 763
731 734 403 948 539 945 78 640 414 319 346 108 240 186 37 320 889 733 256 286 272 175 539 426 928 237 488 126 276 666 685 646 413 323 300 869 281 800 413 316 355 611 762 776 108 171 874 312 844 327 471 562 324 277 134 467 340 194 407 957 19 537 959 555 308 20 707 515 560 837 248 40 194 914 184 103 876 629 727 323 277 689 684 708 922 36 480 416 64 198 697 740 773 163 828 826 528 131 562 924
96 117 759 938 322 99 222 101 117 428 757 377 700 80 308 747 564 55 380 843 768 166 72 216 252 607 360 453 738 851 921 158 770 397 342 113 421 481 790 129 214 47 59 91 765 4 352 886 649 873 674 112 41 621 168 95 339 744 418 639 350 443 127 573 740 382 711 372 659 478 320 909 403 273 629 12 960 31 244 658 563 327 733 381 126 557 184 915 614 749 804 717 655 23 996 696 980 467 146 362
736 598 37 362 787 39 442 608 868 812 361 308 438 923 952 887 361 235 181 550 157 66 950 707 985 412 368 938 965 832 626 818 338 831 926 866 397 198 149 602 464 31 856 419 560 451 620 795 481 920 928 938 486 547 6 1000 610 812 149 549 711 541 586 449 140 144 95 186 978 99 634 562 83 705 554 536 891 247 229 440 394 943 846 56 827 883 48 55 61 255 382 917 520 868 727 592 899 111 172 713
970 247 703 726 97 361 217 798 900 217 65 9 111 343 309 14 590 178 434 384 305 193 291 222 432 378 297 663 685 456 908 364 548 364 111 888 682 86 449 431 72 101 709 865 363 913 312 759 345 520 163 903 346 60 870 918 192 271 385 63 623 353 918 392 101 214 399 345 814 462 580 191 135 879 106 303 329 237 937 277 821 504 239 975 214 786 381 463 500 640 42 290 822 971 420 628 368 23 168 104
42 491 674 601 302 699 232 978 565 700 283 492 389 405 904 557 860 216 921 690 804 21 730 669 24 646 961 73 265 12 415 101 565 551 568 88 64 814 856 237 58 149 113 318 379 840 811 551 681 198 391 317 49 603 115 238 340 634 2 876 945 673 693 935 261 619 324 649 522 62 979 132 689 142 909 988 30 437 20 198 755 690 842 800 215 118 604 202 598 641 858 266 774 459 315 594 983 95 103 681
554 883 101 442 560 245 115 894 364 1000 2 358 594 643 496 288 14 433 318 811 703 117 224 211 437 325 756 981 4 841 474 563 288 680 30 916 307 129 793 712 244 432 301 473 960 776 8 410 45 505 157 975 598 728 774 100 848 748 942 341 306 935 560 479 708 948 453 693 902 168 105 954 535 717 814 766 38 72 913 118 671 238 46 899 172 679 395 383 7 14 851 692 942 256 750 260 815 294 835 945
603 504 143 659 147 487 478 844 811 228 971 972 625 395 189 167 922 115 609 718 21 599 702 484 722 196 598 174 303 82 517 187 37 915 920 329 339 772 730 350 923 532 465 247 126 131 188 351 438 968 191 566 262 497 98 917 92 406 222 775 93 970 993 60 647 87 934 160 454 311 956 789 104 17 356 79 738 437 552 558 320 129 951 331 557 348 1000 773 396 38 648 496 211 574 842 300 768 592 536 217
485 480 557 320 935 698 657 90 217 590 234 58 263 432 321 623 118 698 900 128 22 286 782 416 988 555 64 461 51 966 717 901 165 872 616 340 577 514 277 506 660 301 508 260 219 96 952 214 532 763 272 818 362 483 423 374 415 61 366 470 177 633 568 857 347 645 695 444 414 683 633 776 705 926 52 761 511 827 525 365 820 315 625 463 411 575 941 771 35 304 889 192 542 476 93 307 119 291 627 507
821 159 143 979 386 188 331 238 159 953 120 477 38 662 382 709 200 282 914 840 139 270 524 814 396 167 660 961 54 17 359 999 683 612 275 373 123 885 397 635 851 841 356 724 4 423 289 238 109 499 29 756 190 644 725 387 506 351 328 637 806 442 294 532 974 930 403 812 977 516 685 652 480 283 665 595 334 993 699 925 670 750 834 236 40 97 211 882 494 413 70 455 40 173 948 725 92 900 217 696
463 758 672 813 284 742 698 883 579 199 875 409 422 285 428 289 993 332 329 68 583 488 533 297 429 1 972 354 976 936 193 46 937 97 112 303 779 934 119 1000 388 878 429 841 561 771 861 577 385 885 635 888 189 928 470 413 24 387 476 501 941 602 49 306 602 585 584 442 336 630 37 274 392 248 846 347 58 964 344 814 932 487 288 451 221 363 966 720 512 904 556 248 820 174 688 701 0 973 168 23
558 513 180 217 643 683 776 532 681 850 423 413 885 46 678 190 393 854 752 132 597 412 290 923 776 31 214 86 91 15 71 264 844 140 690 449 835 772 988 594 22 630 267 593 82 770 916 360 813 929 862 297 730 802 743 691 895 983 74 598 388 810 166 93 450 934 499 326 11 815 271 381 279 836 401 310 789 524 870 653 883 768 165 462 78 602 60 177 182 997 860 243 44 550 363 105 126 899 764 234
602 939 255 765 358 722 196 757 89 959 854 788 518 337 263 450 390 483 370 441 55 305 951 103 747 432 7 249 410 441 803 929 853 830 188 779 461 614 965 38 436 119 823 48 890 581 367 725 598 430 540 955 289 711 918 567 581 239 26 387 48 606 358 742 637 496 891 325 124 160 544 293 116 626 617 249 812 383 796 624 546 332 598 447 516 113 403 36 930 16 398 484 162 891 290 358 886 407 188 696
958 160 76 997 257 637 450 465 8 526 919 104 408 687 728 770 736 901 179 441 871 787 535 126 315 967 352 348 254 955 605 587 299 878 805 496 35 991 871 866 98 354 319 106 834 917 608 62 448 578 146 423 733 239 346 631 411 503 105 842 838 75 546 932 383 254 471 1000 286 537 940 687 894 428 480 681 256 550 422 162 329 690 441 126 351 914 367 444 57 734 991 849 304 232 281 112 542 754 351 586
675 364 946 679 760 630 504 460 232 224 500 266 101 352 994 649 729 486 608 625 188 167 204 391 914 608 356 690 839 902 623 443 932 568 112 371 695 11 297 575 708 34 735 326 448 535 248 114 231 414 393 862 74 203 116 469 259 513 672 729 331 289 514 960 42 603 733 874 469 171 727 750 896 251 226 6 43 307 440 434 335 133 447 691 44 200 590 378 76 616 51 289 522 706 993 58 406 698 336 85
828 128 304 614 670 82 567 552 2 153 368 263 687 80 993 713 316 555 1 222 936 54 543 708 395 176 770 447 136 176 333 144 838 751 317 212 921 58 162 844 520 908 913 551 687 998 725 499 671 136 56 769 662 168 814 527 30 39 194 749 774 619 877 952 258 137 768 522 159 992 844 452 506 248 282 956 447 562 322 264 607 515 940 210 154 367 912 195 594 795 647 185 475 518 490 948 164 745 131 880
991 669 68 151 428 970 528 295 949 494 149 39 347 580 293 782 402 765 211 708 231 786 242 142 894 95 807 198 887 996 988 664 310 33 575 259 202 268 924 566 241 917 572 475 34 937 685 120 522 220 337 298 724 628 247 177 441 133 351 981 154 175 94 195 913 908 641 62 326 624 47 820 542 167 86 397 782 908 577 530 26 243 564 343 673 787 494 588 313 420 427 890 541 46 577 819 389 500 634 758
873 392 141 748 455 7 299 704 503 102 24 880 28 297 475 907 783 233 397 722 759 469 963 433 592 301 711 697 662 500 424 7 584 339 915 110 911 689 962 678 974 753 212 70 195 984 665 57 989 255 998 482 451 318 523 616 370 374 528 393 211 198 841 496 526 197 981 349 353 626 705 354 194 89 590 830 293 744 845 747 896 84 365 749 651 724 736 663 853 387 356 261 170 255 191 497 671 375 712 362
182 440 859 83 834 708 646 816 389 942 34 725 778 770 235 615 554 194 260 26 404 106 100 247 860 847 350 472 861 900 285 727 682 818 276 611 74 308 743 701 463 461 868 816 514 500 42 310 428 347 143 417 747 970 646 586 33 440 78 884 106 835 480 629 13 194 94 32 375 716 193 205 410 701 140 103 999 521 775 466 209 736 257 561 926 727 25 223 793 706 422 137 346 826 185 367 664 296 582 198
591 900 814 370 68 759 83 887 747 181 916 982 794 799 554 56 992 588 447 239 183 116 505 362 840 127 508 671 266 980 146 309 576 640 480 620 869 14 919 32 314 84 905 748 241 723 833 463 764 72 444 246 181 340 96 220 227 530 108 247 228 656 573 17 253 568 765 397 376 247 259 690 330 143 528 409 847 696 164 984 475 74 888 319 395 523 817 529 832 421 312 410 794 673 656 784 136 292 118 664
852 929 999 153 530 44 424 615 674 750 907 109 245 884 387 977 122 726 227 730 345 188 706 359 649 573 285 316 729 108 870 464 403 152 503 30 800 932 6 875 964 76 778 998 454 701 34 935 525 818 464 204 696 134 776 453 912 442 861 925 283 347 800 313 954 119 264 273 604 191 428 697 551 679 785 58 768 597 632 418 517 285 285 478 508 386 208 243 73 253 704 237 448 38 143 448 360 506 318 645
589 601 567 275 939 622 154 814 917 390 6 712 250 945 148 568 287 688 734 828 734 293 275 566 360 898 421 619 622 859 838 835 207 6 270 535 409 420 276 211 168 571 911 282 426 221 563 640 558 539 633 848 377 923 294 560 880 330 209 232 109 491 13 200 909 296 183 830 459 152 429 387 551 443 470 495 856 540 838 398 790 11 906 533 38 84 130 41 381 893 212 703 813 400 451 343 483 575 88 13
807 719 986 197 312 276 822 458 639 547 991 567 179 757 712 408 659 980 439 801 470 580 639 744 775 364 882 482 270 62 468 731 322 792 865 892 960 507 716 170 234 559 645 813 16 267 385 237 499 414 512 597 299 267 488 216 932 479 823 337 315 924 210 462 146 640 319 718 81 958 769 550 275 975 422 907 146 615 652 228 244 974 323 641 836 228 799 3 990 445 697 685 731 355 622 206 685 609 269 642
423 648 630 36 296 930 374 93 583 979 594 17 680 617 379 864 406 726 164 657 454 216 541 386 930 706 19 888 180 459 234 939 510 430 256 812 984 781 765 285 305 338 9 396 712 79 238 253 904 203 104 517 601 586 582 679 74 880 636 885 153 573 416 754 261 123 999 576 369 424 370 116 695 428 441 635 621 20 337 214 513 271 696 891 731 791 404 450 651 346 212 991 934 533 43 115 391 295 696 732
422 503 25 642 690 720 454 377 386 197 918 244 877 547 399 182 415 465 218 421 275 214 749 526 247 355 62 636 365 692 910 365 315 279 299 687 376 833 461 976 235 380 727 68 122 757 897 747 238 384 943 129 251 372 599 776 564 804 584 2 35 322 55 845 910 975 840 376 617 922 10 199 149 924 347 586 241 32 950 827 162 643 392 169 152 412 327 30 772 668 377 281 580 872 929 164 604 314 282 156
159 200 958 442 854 46 61 410 825 882 828 328 724 903 185 299 91 822 910 573 866 6 583 940 598 483 849 88 542 900 563 545 828 753 791 791 144 248 404 87 661 31 847 612 229 373 62 261 255 21 467 411 925 481 310 38 658 140 138 879 613 987 490 837 105 609 971 595 229 599 596 402 386 104 642 406 499 996 966 78 818 654 109 896 837 251 932 211 762 738 668 780 537 206 813 856 970 800 139 267
912 935 764 77 405 981 246 732 557 566 816 138 956 49 966 110 99 626 438 789 925 394 424 569 806 910 722 184 46 659 804 197 523 583 507 987 42 455 406 488 888 327 65 9 954 200 996 233 911 12 919 16 558 175 924 617 666 931 364 182 405 568 361 185 130 272 49 857 803 513 454 163 858 55 396 125 831 371 827 451 732 201 342 826 83 62 154 847 927 488 180 532 715 454 230 476 428 713 849 95
546 269 817 768 711 715 71 127 758 814 783 576 25 311 671 2 714 172 819 592 772 144 529 951 487 492 254 658 6 479 143 492 86 400 110 544 858 462 66 241 134 537 773 363 35 271 354 988 607 907 571 63 654 675 347 404 735 452 318 535 426 353 606 971 110 456 443 668 597 21 78 570 105 821 95 12 549 251 486 818 664 476 106 604 763 944 335 196 849 271 909 660 507 238 353 957 171 871 286 749
67 457 327 866 205 43 96 878 549 565 865 948 773 608 216 508 185 584 373 490 645 323 316 25 537 754 844 243 33 752 300 709 550 335 625 174 144 18 736 170 173 583 80 818 17 17 391 8 554 142 438 529 369 143 565 391 530 952 141 740 943 657 280 372 633 792 816 945 326 150 813 259 777 1 841 964 430 148 340 704 233 591 138 666 121 728 379 554 432 387 474 224 940 392 215 252 518 109 634 579
827 687 20 206 711 443 916 20 70 446 483 493 392 821 71 281 523 546 673 921 562 777 880 298 262 506 117 368 824 873 607 116 928 616 43 296 754 199 422 988 578 386 798 215 298 15 809 718 362 365 51 673 949 685 166 564 985 119 873 547 617 487 921 73 991 444 568 886 971 462 503 234 520 797 10 506 294 243 484 908 180 987 905 452 82 861 855 706 764 779 527 207 318 708 181 841 495 171 769 905
473 236 882 837 288 711 473 591 485 612 938 374 250 982 24 916 565 536 532 431 466 22 95 2 215 598 721 464 551 858 875 153 560 502 629 316 456 196 528 11 639 655 237 954 216 831 30 673 222 711 899 241 954 528 551 335 674 964 608 888 417 889 575 169 130 587 226 32 910 538 179 99 687 719 715 246 847 353 281 164 302 784 542 795 660 909 441 194 862 104 414 263 144 988 87 445 757 344 434 742
867 785 388 185 956 399 715 915 475 607 202 873 24 230 719 957 588 227 699 835 869 810 244 229 729 799 466 536 4 861 160 368 875 239 244 604 234 236 870 872 265 2 914 66 80 119 298 218 971 896 308 218 275 794 528 909 650 112 918 125 551 455 541 116 932 917 490 568 721 835 280 321 647 518 410 359 375 423 346 727 420 104 242 719 269 802 226 1 446 197 308 287 676 436 987 466 352 513 8 463
989 907 528 665 291 449 539 624 553 223 625 288 364 634 914 171 99 17 780 43 655 470 467 580 438 970 941 252 661 989 622 297 960 715 21 722 200 294 324 807 541 591 316 893 327 529 895 329 727 614 398 472 790 881 519 746 323 128 694 551 473 47 402 129 206 187 980 983 72 354 343 856 529 532 229 280 488 350 594 224 571 563 893 669 57 99 789 67 639 295 484 650 806 380 20 765 795 526 227 708
16 450 180 855 163 392 781 849 118 466 19 554 352 820 660 104 673 449 370 68 208 321 135 292 404 309 138 241 686 57 245 699 86 591 158 384 249 224 30 875 332 228 225 990 22 864 981 664 504 642 365 175 869 259 482 212 84 305 362 923 205 637 327 294 565 299 270 219 691 803 308 740 783 353 106 509 271 39 837 605 171 86 739 27 150 121 686 695 249 649 155 604 795 105 130 387 960 708 3 20
30 169 34 16 39 442 952 784 698 181 198 577 121 66 257 12 812 139 90 25 239 981 399 674 589 110 277 711 840 742 572 137 370 417 452 974 256 373 919 468 834 865 567 847 641 580 601 15 612 58 874 580 880 847 281 135 729 672 698 866 638 891 725 97 775 400 439 143 257 114 369 890 520 254 498 958 537 602 991 703 718 244 42 749 930 240 61 517 541 408 849 342 591 817 687 374 310 241 501 15
718 714 687 874 478 921 541 977 224 810 229 192 410 197 165 350 608 796 146 213 259 260 838 263 949 908 531 531 765 558 44 895 403 29 392 209 404 21 467 750 29 703 603 638 44 157 250 892 511 89 152 245 992 133 149 540 429 407 974 365 161 753 493 97 650 374 486 819 276 589 449 557 189 952 366 605 652 337 50 953 51 498 372 815 58 383 793 166 984 284 713 994 925 429 730 87 785 738 775 71
695 906 194 794 217 651 538 308 519 724 154 108 470 89 491 30 494 695 262 826 371 267 112 240 483 484 973 380 273 616 658 943 109 583 597 692 660 285 172 254 77 389 22 876 565 924 700 956 993 683 842 156 183 141 791 493 974 637 651 258 326 882 464 967 629 369 623 998 1000 109 199 487 767 45 97 782 921 949 972 34 46 43 290 332 572 722 305 813 117 764 658 894 20 321 722 344 444 892 375 758
942 644 842 720 86 278 31 720 854 781 421 926 756 796 379 338 31 30 53 714 404 245 455 163 404 374 653 102 421 197 672 336 792 755 735 596 136 800 163 834 369 526 187 802 226 604 6 266 396 792 282 851 508 173 486 424 827 150 964 82 160 110 746 193 637 503 447 723 808 450 375 737 852 27 429 834 622 351 237 314 723 248 178 297 458 558 2 247 738 959 789 775 891 171 329 465 942 624 670 439
205 279 845 313 16 821 64 659 495 376 893 145 529 459 23 292 239 588 959 197 301 132 46 823 67 692 101 957 30 561 148 315 271 514 813 60 786 733 733 818 71 95 108 976 810 348 640 375 942 643 487 141 667 585 698 654 706 425 677 92 185 307 169 223 517 130 980 522 675 739 999 491 779 333 665 795 830 555 744 241 492 653 847 137 802 236 93 544 714 42 119 507 563 796 322 560 145 163 978 802
340 60 398 652 592 521 970 552 410 702 697 195 438 490 236 697 564 456 222 954 3 954 536 178 409 200 655 930 246 596 327 307 254 664 587 489 248 815 296 863 104 306 41 91 278 920 653 848 18 8 710 632 605 238 843 208 214 405 654 634 568 234 949 658 336 597 887 145 109 426 577 631 368 452 115 548 249 762 640 721 787 108 743 886 66 268 979 257 888 432 406 312 913 386 442 949 218 925 776 719
102 54 315 99 573 987 97 787 699 606 766 420 832 147 898 899 358 688 78 311 704 505 754 484 938 748 431 300 409 767 272 922 55 157 280 745 595 884 339 661 988 260 430 465 892 960 505 659 15 384 868 214 831 6 731 511 923 9 320 123 281 846 141 195 969 208 419 635 63 371 350 151 506 358 82 575 825 643 139 663 317 240 871 263 995 300 935 109 525 104 444 673 335 793 509 993 106 167 831 987
169 483 697 746 107 343 779 213 195 112 625 895 104 949 478 312 214 459 156 134 54 324 904 146 196 465 947 300 839 399 404 316 216 621 158 670 1 525 911 723 378 828 814 528 561 212 896 441 253 279 512 224 672 769 31 416 280 66 26 237 521 719 680 120 157 608 522 552 567 320 524 352 891 240 36 784 396 869 881 459 524 853 134 745 828 238 944 928 296 863 986 862 129 980 434 342 587 202 844 569
196 196 73 711 487 573 938 395 205 349 193 319 302 292 172 405 835 955 145 342 391 671 353 943 172 552 577 605 673 174 747 488 273 50 526 322 100 68 223 716 852 781 641 46 6 543 407 922 426 108 20 658 908 753 251 322 472 887 122 662 450 892 894 133 269 491 97 424 400 766 653 880 222 23 803 700 289 352 988 311 877 76 787 133 654 339 790 231 228 691 240 372 152 885 129 355 893 849 802 308
261 806 224 574 752 690 308 319 310 19 41 634 328 369 58 98 284 175 469 124 712 66 894 829 458 506 493 689 175 718 57 306 485 507 269 110 590 766 717 713 772 853 403 74 949 615 527 726 709 175 993 432 25 398 80 769 578 642 49 277 754 695 900 718 865 746 195 593 409 464 833 469 137 25 753 373 661 1 624 862 47 492 816 844 564 775 809 704 518 144 444 459 61 74 214 482 992 976 208 196
796 311 814 499 391 494 389 796 730 998 217 732 687 804 198 439 371 666 53 567 923 321 230 343 688 213 436 223 758 541 724 154 811 898 156 677 327 270 406 533 419 353 732 641 171 352 380 999 159 795 9 40 316 565 410 471 775 647 130 511 494 379 831 963 156 530 857 200 669 701 156 571 843 683 609 461 915 78 832 357 536 132 246 311 62 470 578 370 919 829 983 317 703 701 765 12 851 2 154 85
352 822 577 135 447 430 299 484 313 341 543 483 880 162 195 854 364 753 418 826 174 168 210 989 764 377 882 976 665 215 663 541 141 387 233 267 836 840 135 38 173 762 704 49 30 965 642 909 278 69 662 924 972 357 593 996 606 947 209 630 175 184 524 949 397 179 493 172 973 31 719 370 851 761 526 869 342 747 695 550 973 629 125 193 580 71 337 96 433 77 164 823 280 859 444 968 139 220 95 547
50 562 587 802 12 630 485 450 366 693 143 787 37 225 288 199 182 512 425 730 672 332 3 889 787 630 618 941 761 604 626 110 824 165 528 649 269 954 696 553 731 332 456 676 312 734 287 964 40 220 505 489 577 971 589 989 611 846 907 439 208 930 586 945 362 407 826 158 679 173 87 847 484 716 651 194 167 571 17 972 404 379 808 716 501 364 596 405 529 534 971 250 608 885 200 742 422 776 363 56
11 821 109 112 990 829 751 248 75 568 690 479 221 896 114 332 802 114 364 121 156 245 364 140 558 120 778 939 284 557 246 333 467 455 442 861 748 26 513 640 261 159 295 703 50 339 789 114 381 553 378 820 437 269 989 439 474 652 593 693 706 769 425 478 549 789 668 363 818 829 356 483 53 253 987 150 689 747 257 850 977 258 956 404 731 968 237 539 872 406 599 429 192 833 428 208 421 188 760 678
156 101 63 682 656 551 57 18 594 95 227 410 741 602 510 617 501 86 791 636 636 71 456 103 271 955 531 482 803 412 628 698 377 85 989 407 479 562 355 175 809 468 127 25 254 5 940 32 392 519 184 218 308 301 657 7 296 487 801 615 590 386 577 614 722 644 721 789 159 601 226 287 386 265 803 307 245 444 49 458 682 335 295 646 886 62 614 63 321 181 290 444 312 705 72 255 552 595 505 537
138 261 312 825 863 229 830 822 658 919 360 83 405 543 421 506 557 135 742 716 491 461 565 956 241 651 438 91 280 807 156 893 130 212 278 279 449 913 504 745 793 253 868 162 846 902 983 738 675 20 41 626 343 952 823 760 47 106 577 283 504 722 728 447 883 856 132 56 350 780 149 525 78 750 527 339 278 414 881 985 863 939 625 558 121 267 539 952 20 571 831 507 124 582 417 583 531 452 827 845
703 424 948 39 606 105 157 207 858 653 229 289 601 795 679 350 405 722 265 346 73 333 951 78 560 975 878 637 915 683 404 103 494 803 902 529 591 968 822 558 525 402 34 297 780 523 78 430 911 225 312 268 969 961 324 1 418 794 329 205 239 27 136 462 126 722 166 398 958 710 309 0 183 520 593 621 668 1 823 480 387 972 348 418 454 171 297 94 500 893 729 416 549 855 425 168 439 234 292 108
90 194 974 647 323 180 416 998 717 613 410 839 350 742 224 26 192 253 39 416 859 638 400 519 666 528 159 540 370 223 635 459 761 591 66 370 202 199 680 834 538 393 925 298 305 874 216 512 795 64 751 736 629 119 137 288 161 503 487 624 113 310 47 402 805 88 728 960 521 464 885 607 341 369 160 978 171 752 481 346 145 207 612 65 707 582 293 171 209 49 458 250 317 979 372 332 260 282 449 16
294 732 313 830 245 680 143 660 156 443 604 769 588 708 480 573 950 171 26 887 879 541 963 442 977 54 283 610 748 160 975 366 586 933 360 989 739 930 288 332 564 480 408 418 115 993 842 778 127 712 354 954 289 259 624 957 354 146 737 625 901 429 433 791 439 559 865 43 41 548 726 604 511 451 949 661 378 83 395 140 522 166 315 104 459 872 435 854 192 82 656 943 999 821 217 957 857 705 867 8
442 391 683 692 918 535 754 322 276 368 405 965 681 867 815 12 241 583 623 919 298 262 472 297 687 456 128 828 560 99 849 612 774 406 156 578 123 864 725 381 22 315 373 471 259 925 233 239 696 104 2 143 874 984 692 315 645 655 450 12 14 349 865 373 698 510 178 533 477 40 832 46 436 314 638 955 980 527 945 124 454 203 836 675 398 167 701 311 100 395 601 412 465 529 424 946 492 243 60 345
641 56 276 327 774 420 400 439 340 24 955 433 571 303 445 236 80 471 278 31 554 662 920 818 375 80 41 650 88 141 348 505 539 854 28 78 486 671 476 374 844 41 405 280 742 806 284 197 436 231 24 860 405 405 816 981 740 298 127 873 799 505 293 17 704 38 114 953 993 341 664 797 78 494 932 525 511 582 477 299 648 668 462 216 740 943 928 362 727 135 241 819 310 818 770 260 623 876 1 154
553 879 756 110 358 136 939 730 675 213 476 24 183 555 657 479 396 387 660 704 450 826 726 712 149 853 987 77 686 842 568 162 384 813 768 786 927 408 379 262 426 307 76 755 323 417 627 947 310 844 909 253 100 137 712 689 1 116 658 931 470 686 268 471 855 608 774 222 78 283 976 74 437 986 984 597 944 610 993 716 834 728 62 362 460 161 12 444 794 270 195 703 747 281 657 56 922 761 381 442
399 729 427 300 486 28 305 329 920 485 731 389 203 562 87 187 534 622 618 777 575 522 407 794 523 107 879 74 201 597 303 221 40 753 440 749 489 837 575 315 156 798 950 121 583 259 344 998 229 31 979 928 635 52 241 184 219 291 29 542 267 76 337 1000 170 635 468 517 978 470 302 189 148 651 915 774 573 312 69 981 536 815 156 782 365 692 614 744 538 474 549 873 845 190 608 912 138 678 702 20
776 639 810 801 481 506 510 873 472 629 353 684 622 195 418 597 373 879 472 323 785 993 797 152 115 770 371 170 33 412 365 638 896 929 598 463 161 773 193 486 816 695 344 266 810 1000 459 163 782 588 86 450 81 864 725 509 306 214 617 952 564 286 618 240 335 913 33 583 383 959 236 318 314 710 621 605 953 912 222 31 767 374 743 213 129 491 755 212 948 635 840 683 208 920 665 804 237 637 62 613
586 25 575 802 651 248 604 279 531 986 353 974 963 94 368 911 771 651 147 334 163 69 432 861 954 120 567 596 742 286 253 597 294 405 785 978 87 106 525 295 444 555 74 498 832 218 197 806 955 868 492 655 290 807 406 751 926 666 883 620 991 481 392 766 513 537 483 434 351 240 113 818 418 140 212 957 194 545 776 919 175 839 524 482 195 74 262 985 32 801 334 847 545 135 251 885 301 343 771 433
309 147 463 534 549 578 443 99 721 41 578 662 639 657 556 250 920 740 990 998 817 844 415 924 933 636 455 70 610 460 559 221 487 131 470 37 993 354 64 439 560 149 656 613 520 836 512 732 300 435 715 714 966 775 306 474 606 475 235 992 18 502 682 588 259 172 458 239 313 964 612 785 58 549 357 316 420 615 213 84 752 757 627 172 619 110 949 705 117 369 881 579 817 673 152 252 746 504 597 328
647 971 604 118 610 798 604 845 129 391 231 962 697 439 419 407 431 135 251 897 482 679 759 165 409 533 673 125 72 369 642 860 986 54 851 747 872 406 615 450 658 981 646 766 23 27 504 39 313 95 929 451 961 429 757 685 704 712 171 191 94 976 865 962 876 567 655 402 681 403 804 693 676 307 142 477 444 777 173 189 705 517 839 70 937 189 174 120 278 991 921 207 41 617 556 441 363 952 459 781
867 808 960 324 836 841 546 179 168 227 731 495 9 639 685 35 623 732 331 781 119 592 680 69 423 159 660 514 839 356 288 715 655 41 859 375 512 81 486 434 35 654 998 101 372 19 269 81 874 518 16 890 791 735 594 888 570 722 366 166 87 332 416 441 220 868 57 919 411 586 5 345 859 752 538 98 944 601 288 433 105 945 610 650 670 141 920 108 718 968 103 163 227 822 295 888 717 745 311 221
207 842 924 771 22 827 999 362 950 626 549 491 299 596 663 485 700 26 746 511 382 743 906 634 977 304 880 435 115 381 659 526 184 424 785 277 710 109 199 245 293 216 914 328 506 967 978 144 764 692 578 471 665 615 1 618 970 755 793 604 950 295 919 181 607 575 251 762 246 410 685 561 412 944 211 158 538 958 399 128 940 350 978 959 426 693 242 97 29 698 908 882 655 108 39 173 651 592 520 543
709 634 623 112 163 510 871 497 812 65 331 591 925 261 52 128 44 944 256 876 946 322 526 494 771 452 722 320 444 906 428 844 953 173 768 46 802 968 575 183 579 18 944 283 425 592 923 548 799 808 852 705 797 704 568 819 206 993 275 964 308 838 991 485 525 463 535 460 835 395 532 77 96 55 507 642 607 921 970 585 809 228 975 178 701 459 102 181 126 252 167 571 490 54 912 389 300 26 628 219
353 32 835 18 671 673 746 912 644 139 747 49 377 304 42 219 126 59 478 160 754 228 794 786 308 373 0 946 789 958 344 776 21 150 475 277 560 752 57 357 115 827 8 894 138 552 526 198 744 142 711 130 880 26 467 717 338 513 288 683 627 924 850 271 529 948 211 62 157 980 455 170 83 440 0 470 824 17 524 784 692 507 700 323 979 741 247 990 422 264 532 629 632 316 545 752 688 345 831 369
656 987 200 883 335 504 756 464 527 996 578 343 409 594 873 34 262 456 734 749 869 434 727 377 785 85 230 679 519 247 218 826 416 99 253 912 461 332 854 183 234 68 111 681 665 562 297 577 707 423 121 903 601 520 460 307 817 557 490 147 468 388 300 533 78 58 37 209 771 96 662 563 6 650 246 258 75 517 695 325 818 82 419 306 523 595 522 321 777 751 454 657 248 267 246 372 591 630 779 646
532 635 633 200 28 578 510 475 879 365 242 897 871 831 715 392 587 760 119 372 70 738 993 202 743 811 664 538 220 940 465 808 427 759 831 630 217 701 583 810 363 6 594 447 147 577 227 162 583 458 624 926 763 394 672 573 930 35 896 867 264 311 828 628 164 403 440 671 963 748 173 900 165 613 719 164 521 983 93 538 573 646 191 264 5 320 47 868 533 186 313 701 313 319 253 601 359 343 706 256
515 200 35 157 962 822 860 133 286 585 822 561 508 80 991 271 111 620 421 89 648 639 932 757 643 747 995 145 53 299 756 215 233 280 185 951 936 287 189 833 490 617 721 478 23 645 424 725 45 61 390 243 227 881 201 574 916 500 187 954 958 672 314 318 509 819 28 628 207 354 795 61 491 607 0 837 839 22 923 532 955 548 912 255 988 418 593 105 163 61 194 35 8 36 672 998 414 889 286 289
287 626 994 360 852 147 685 409 582 386 812 246 231 786 369 253 453 415 104 617 375 376 882 959 448 412 165 801 250 284 947 935 772 491 692 964 631 735 593 402 267 706 953 903 98 32 708 593 925 853 13 172 724 480 997 130 455 387 904 465 321 200 570 451 590 589 774 928 897 49 283 100 547 880 700 642 72 257 506 104 65 355 343 398 190 453 77 119 21 17 697 401 996 700 521 812 774 713 475 264
335 917 537 160 775 403 746 594 148 703 451 537 612 148 834 653 591 900 554 682 595 116 766 837 294 233 379 753 49 547 32 581 526 620 741 222 6 165 370 965 775 882 945 90 508 67 398 467 62 489 703 327 790 222 632 249 125 617 330 46 335 698 122 302 10 279 357 840 997 354 856 583 305 308 957 597 964 438 562 231 524 273 183 876 509 518 503 586 684 998 792 15 92 211 896 909 625 942 101 614
25 261 780 825 531 356 326 178 764 428 102 474 745 830 467 490 26 602 405 5 413 247 723 652 471 218 22 972 384 489 782 947 744 632 53 981 404 394 195 986 326 346 442 452 535 742 104 206 312 864 712 118 106 819 736 772 812 156 532 630 289 762 303 731 854 875 888 385 844 212 540 332 69 369 418 744 922 915 110 330 741 47 29 274 294 634 260 382 944 140 633 879 487 899 116 38 78 194 453 962
920 788 600 195 1 364 225 685 965 161 412 780 577 615 414 70 16 642 197 593 480 271 235 982 402 36 157 798 717 471 642 115 343 717 268 546 973 675 811 408 633 500 740 887 996 973 431 273 111 456 758 82 375 155 393 88 885 847 427 784 977 816 218 106 520 890 508 422 52 947 876 184 259 726 505 676 153 469 98 368 498 722 902 495 407 559 690 54 748 925 14 947 657 353 789 87 970 116 247 819
881 552 897 570 210 638 585 831 150 671 794 678 933 751 362 126 725 755 931 751 701 224 970 20 745 280 410 433 833 74 430 767 527 278 220 363 751 69 199 843 538 454 15 581 999 707 153 532 909 347 677 134 866 825 842 77 367 143 279 858 431 353 533 754 930 430 109 93 17 973 650 562 176 660 263 509 468 258 470 272 753 45 764 210 197 83 414 740 99 223 706 901 319 89 767 653 336 876 984 340
686 373 267 646 189 170 911 550 532 365 584 888 24 129 962 929 97 441 629 525 393 349 362 294 415 646 483 115 922 969 958 236 332 199 991 851 3 813 413 3 385 365 304 843 561 417 834 268 960 705 473 593 620 299 985 781 76 803 354 890 612 113 313 267 540 174 321 485 449 317 523 374 931 444 756 966 666 613 742 225 921 961 306 36 273 890 23 54 773 725 485 738 291 471 3 20 508 496 717 497
90 815 48 401 662 107 70 732 50 102 134 467 577 661 550 348 43 822 503 974 762 384 694 214 301 214 505 244 3 441 442 790 880 588 745 25 446 662 922 394 277 170 4 190 652 934 238 694 295 966 776 76 446 929 413 154 601 681 578 582 534 644 859 576 989 857 601 751 583 480 716 906 593 106 580 842 572 840 356 8 390 491 253 442 207 199 224 604 566 817 504 201 599 462 553 431 678 300 963 965
703 781 303 35 9 419 214 183 504 248 941 905 329 35 377 28 221 742 868 812 467 850 875 296 126 371 127 838 175 200 322 162 964 374 686 884 695 229 677 889 699 188 736 385 470 354 110 571 291 806 376 374 603 16 39 84 851 976 281 963 852 513 204 706 224 967 392 174 562 165 993 89 519 284 207 265 861 389 403 373 745 675 634 662 300 117 616 218 629 415 634 584 845 128 210 132 705 478 694 686
869 12 47 997 563 938 22 439 864 897 103 667 482 363 305 645 613 858 454 955 307 605 791 359 597 574 971 929 5 574 698 134 409 495 708 696 489 540 96 260 336 443 860 680 994 6 239 459 806 927 987 780 508 893 100 591 758 102 644 745 875 283 179 829 826 664 779 98 675 409 493 621 602 117 471 713 300 397 856 341 287 517 865 494 930 73 745 105 629 481 83 310 804 265 360 938 395 425 893 996
16 437 24 672 925 328 850 507 388 82 804 343 171 147 527 243 369 567 430 41 992 206 469 69 211 114 505 544 250 160 288 429 399 351 658 545 95 629 982 397 610 609 156 412 933 86 184 698 424 803 337 368 166 839 89 621 329 198 369 636 621 489 346 624 287 329 66 537 601 0 214 511 977 785 556 518 165 695 714 208 908 499 959 277 953 936 603 654 650 601 203 536 764 254 110 950 148 547 984 185
800 853 724 509 391 972 701 746 469 995 961 953 98 666 943 256 671 189 513 489 596 337 198 291 269 506 637 172 240 401 885 786 466 368 733 248 92 467 529 787 596 455 904 128 381 542 95 472 232 249 442 178 84 150 75 36 450 730 274 434 885 482 457 710 116 289 702 849 298 572 680 524 127 447 965 672 935 30 711 246 295 84 748 449 827 998 329 667 548 288 785 117 68 185 213 819 542 180 316 14
668 242 1000 806 414 420 449 654 557 803 159 842 848 274 500 714 355 296 62 629 538 971 399 164 457 253 88 146 271 581 398 12 203 114 722 486 14 323 925 68 415 787 448 102 209 824 4 469 938 561 101 738 889 262 516 125 327 60 604 190 889 460 971 927 582 317 117 977 303 247 466 79 375 212 535 232 276 435 54 926 575 548 126 749 209 898 827 137 88 286 954 986 591 394 175 756 184 67 721 340
1 825 838 20 53 439 833 439 209 77 177 84 657 247 160 909 164 646 25 40 357 993 362 913 740 369 264 75 397 583 622 824 656 485 801 573 260 686 348 187 157 291 597 819 440 929 970 132 167 408 654 457 786 418 166 305 760 820 239 977 866 108 994 637 836 393 952 856 489 998 943 805 805 76 453 805 539 172 879 905 572 919 48 710 760 523 514 281 266 187 860 404 926 565 783 584 699 705 489 496
800 29 588 181 535 611 131 354 148 399 131 489 684 739 297 471 516 264 173 465 346 1 781 413 61 370 453 502 10 738 512 109 271 441 22 615 38 378 221 734 153 526 643 993 309 909 957 648 939 831 355 563 957 567 899 298 882 895 128 638 977 815 32 970 20 2 646 124 821 826 193 953 454 708 159 51 83 45 442 94 262 871 609 94 976 247 985 174 307 399 842 191 593 219 555 385 436 471 164 474
673 985 182 448 973 847 481 645 340 466 689 605 653 286 697 299 364 29 552 684 970 103 690 28 449 145 270 188 560 635 801 892 77 521 464 363 629 525 491 986 657 271 794 780 45 76 867 114 733 163 913 432 552 640 62 930 177 244 418 71 579 226 405 700 581 160 3 512 199 956 782 195 870 872 952 186 243 778 171 616 857 309 65 213 93 568 943 201 695 20 594 310 736 25 159 480 781 904 255 389
789 54 170 145 261 178 113 531 947 436 889 297 620 539 317 932 576 354 954 969 967 436 233 743 898 280 319 358 344 298 708 178 275 954 672 908 266 453 779 260 998 415 903 186 940 924 7 409 827 961 444 715 311 984 693 72 589 342 82 699 505 909 202 262 333 1 738 863 700 581 189 840 73 724 54 69 330 582 178 175 526 14 768 3 466 185 647 34 463 246 931 768 974 601 662 401 950 688 583 178
324 605 282 670 71 426 748 839 507 105 301 592 795 56 464 259 606 712 865 470 117 576 179 880 319 708 950 260 392 664 125 819 698 873 679 167 820 356 238 751 519 825 297 307 945 526 89 74 255 742 340 262 499 131 901 780 729 236 545 725 259 510 687 712 219 441 767 7 353 619 17 674 180 298 990 787 792 276 202 854 120 881 847 476 69 216 337 620 664 641 685 693 634 582 851 111 123 801 433 607
138 240 803 36 658 330 727 213 435 85 613 829 765 921 29 102 339 80 404 823 781 870 575 105 422 870 364 667 978 510 110 352 205 812 507 983 706 192 100 852 791 711 233 420 520 475 273 569 739 440 505 202 794 775 163 996 969 29 955 342 52 423 679 374 859 88 65 443 520 695 23 692 913 774 219 144 421 781 8 414 290 521 925 831 161 15 755 906 235 702 657 526 626 416 975 10 797 98 18 644
385 376 943 221 558 986 412 232 931 578 714 722 139 309 914 940 717 989 833 691 160 934 662 618 672 589 92 275 359 196 844 880 51 412 996 294 8 148 515 920 723 801 693 563 431 624 647 683 15 336 118 111 251 468 251 380 246 429 970 97 833 228 180 76 591 8 279 211 438 579 647 982 424 604 790 462 849 279 407 753 632 997 736 687 873 719 709 668 139 798 679 820 199 290 888 876 426 646 39 736
592 125 167 342 868 550 56 867 829 785 610 871 13 43 430 381 261 122 621 864 362 389 572 88 939 182 878 516 513 788 872 334 501 36 835 224 774 999 358 918 631 89 900 26 764 355 546 67 102 351 637 653 950 739 244 424 689 804 262 990 677 520 27 952 976 300 952 617 684 888 195 155 998 389 429 343 757 655 538 803 721 487 377 811 674 129 736 668 812 714 900 527 722 135 824 484 874 432 553 999
975 358 981 247 937 797 977 824 92 297 241 177 403 313 271 844 155 189 261 677 547 476 720 330 959 768 330 727 310 426 708 869 217 426 787 161 60 343 532 778 546 795 473 856 348 666 651 427 664 451 431 832 165 316 286 568 357 322 306 89 52 498 428 167 190 599 615 412 844 875 470 65 280 412 892 69 319 769 647 788 185 355 664 528 753 619 677 41 198 336 821 973 874 856 197 737 26 239 935 614
169 924 751 537 851 226 347 640 241 980 641 455 959 666 568 744 722 669 470 933 745 488 628 41 133 899 916 664 293 724 171 139 66 436 814 293 22 232 24 728 958 899 564 216 464 626 131 406 682 917 359 499 940 167 462 433 124 101 385 618 452 316 456 133 837 495 250 542 10 616 643 18 825 664 874 882 814 23 292 630 81 37 283 692 898 807 925 259 906 179 256 14 829 830 836 643 606 330 171 930
205 71 363 461 45 124 919 138 970 334 450 884 962 667 80 12 305 332 758 817 840 821 31 879 817 295 266 215 301 870 643 389 486 229 743 558 129 899 885 967 122 509 95 790 757 584 114 487 627 310 657 463 674 770 22 724 534 579 68 582 70 13 988 257 524 974 575 851 153 910 473 736 119 218 612 789 673 642 736 295 942 380 381 705 606 100 337 332 166 282 664 433 744 34 448 174 46 921 852 602
342 10 533 348 771 516 39 735 51 578 263 74 349 152 240 896 112 851 76 440 916 868 552 55 563 937 357 609 119 524 526 325 261 685 762 391 835 272 545 208 884 378 788 505 737 963 431 360 42 809 107 738 50 264 315 433 105 441 549 37 152 813 603 348 670 694 259 995 102 276 575 145 50 174 519 705 439 202 988 816 10 625 111 166 435 35 771 432 776 180 781 619 490 92 301 485 724 932 293 248
680 332 841 400 879 274 840 122 92 943 1000 804 838 264 247 134 69 477 111 76 469 837 180 161 671 690 134 705 278 749 117 950 569 350 630 82 468 891 194 642 165 673 648 994 692 934 496 627 934 637 440 646 666 331 214 80 8 320 400 124 819 805 93 393 354 110 800 834 271 878 187 628 463 505 24 348 252 556 452 802 98 688 959 468 879 115 661 896 812 826 203 338 803 152 313 339 678 414 287 823
288 58 128 571 325 113 363 272 193 387 563 734 764 338 10 731 385 155 938 767 293 487 408 231 960 414 656 225 698 789 34 368 695 44 90 112 838 825 749 738 776 550 849 287 967 923 514 599 975 490 152 656 669 244 934 464 713 165 660 886 591 14 65 596 175 79 265 295 836 896 201 660 803 748 628 581 28 632 632 820 487 715 661 654 953 67 208 981 338 696 46 455 425 920 238 278 808 504 32 996
936 92 378 857 192 472 752 752 448 543 30 350 782 540 920 967 510 478 906 791 877 908 6 411 391 796 965 453 573 556 360 565 502 558 643 924 757 749 117 291 942 442 655 134 913 189 256 214 182 773 667 73 720 340 685 826 324 949 157 810 613 24 344 55 814 951 712 580 494 120 306 153 357 5 287 693 623 132 681 515 902 245 283 149 897 255 364 205 741 149 540 251 330 266 767 840 18 953 180 447
267 262 819 70 89 445 11 663 214 138 425 444 785 810 177 631 53 941 195 295 512 84 544 31 844 766 871 388 358 451 470 977 771 223 61 195 392 51 862 903 545 586 233 779 158 510 122 944 75 576 157 479 411 821 648 706 862 37 105 712 299 754 8 143 101 616 681 62 796 238 107 501 2 261 826 980 593 696 391 466 790 499 704 189 421 270 860 980 850 825 362 977 76 932 311 260 816 140 190 679
599 967 267 2 327 978 433 119 523 543 879 923 570 902 704 123 753 503 412 475 659 836 788 350 756 947 860 249 162 865 22 872 650 961 993 832 908 690 948 861 939 729 409 444 232 130 202 501 491 685 410 363 782 686 877 399 40 546 834 87 36 911 213 475 592 375 185 849 620 501 960 889 912 782 217 39 144 623 237 8 989 784 166 68 516 334 111 52 28 837 297 27 340 600 94 205 639 669 592 74
666 60 523 988 993 121 156 333 753 987 333 145 767 671 269 52 474 137 542 242 585 751 351 805 360 537 170 254 89 132 938 583 616 291 277 973 611 234 83 675 479 419 919 663 183 385 91 501 386 929 709 465 924 387 251 94 163 498 592 585 81 410 790 676 728 68 711 993 25 533 783 775 306 620 182 671 643 121 846 453 152 990 664 404 82 30 117 287 799 215 927 279 649 936 584 417 729 132 941 41
564 393 505 411 731 757 29 268 841 172 625 267 873 970 690 372 615 887 367 635 267 39 584 275 676 110 882 154 71 14 6 597 840 675 518 8 779 627 408 169 138 607 593 207 316 563 330 152 452 238 251 384 253 504 454 406 847 411 458 96 9 924 405 217 682 171 131 135 174 14 496 350 553 290 471 105 768 720 665 202 870 988 323 715 472 353 429 619 196 256 60 59 748 28 738 352 133 664 164 749
149 231 684 453 756 515 72 201 781 819 546 535 466 629 543 49 785 300 762 454 596 703 584 491 274 580 212 123 171 697 325 770 592 184 807 362 847 287 441 440 430 344 59 82 613 942 686 609 138 295 518 339 564 963 725 921 527 542 32 547 673 76 245 329 408 375 356 98 863 430 92 807 534 46 718 352 374 969 822 511 250 806 178 542 679 205 206 728 91 610 436 236 513 818 148 442 837 703 718 532
302 710 52 832 719 926 568 49 711 398 35 458 740 290 950 517 838 265 203 911 322 417 486 12 493 536 75 114 246 149 847 212 248 760 887 854 842 969 897 711 753 195 784 980 856 565 250 142 655 585 188 808 1 887 778 364 211 320 153 920 843 18 507 356 795 546 614 91 778 676 698 816 292 519 642 197 176 274 514 586 713 93 285 375 187 851 279 7 410 608 719 755 433 930 633 887 628 760 978 332
195 752 172 299 488 862 995 782 419 383 114 308 381 690 522 494 894 328 713 877 27 431 340 541 766 46 568 220 856 459 870 229 517 806 50 356 486 179 963 269 713 473 289 698 451 70 924 645 442 24 640 959 592 7 668 209 698 709 616 626 930 795 885 429 208 42 805 170 706 542 362 670 997 423 645 360 204 674 5 434 210 438 735 956 994 356 668 796 169 409 899 877 326 381 0 355 355 167 737 172
445 820 141 68 178 464 9 527 760 798 922 801 167 268 604 798 869 265 201 517 855 155 345 763 74 469 101 770 74 29 703 184 907 365 724 294 803 992 449 304 285 974 322 989 999 614 182 147 982 798 494 215 708 835 897 706 825 848 240 127 422 936 769 3 719 209 983 61 668 116 584 594 93 477 391 493 782 159 569 283 995 69 24 83 867 592 165 592 561 215 686 635 980 902 666 772 781 298 6 1
532 614 575 842 462 357 838 443 305 665 719 801 518 97 152 705 10 924 661 16 453 169 903 229 227 388 510 745 471 548 371 442 271 795 778 671 289 839 359 698 50 901 680 772 371 882 197 750 289 338 457 590 317 780 947 220 645 332 614 294 41 719 172 845 331 740 299 173 210 990 6 530 928 91 734 273 564 116 80 451 21 358 970 980 280 98 602 386 245 62 712 110 151 224 931 279 385 907 878 297
410 791 668 480 238 139 234 809 275 1000 251 901 702 767 962 264 377 657 106 103 959 182 950 591 926 621 562 538 544 391 826 147 171 369 85 191 80 37 309 411 692 930 398 622 709 435 466 252 839 875 808 721 609 18 681 830 258 139 608 966 893 350 173 156 41 329 414 292 834 209 78 756 12 822 303 231 223 303 740 66 445 173 722 293 176 440 13 268 441 350 782 344 1 697 991 153 363 879 57 660
826 877 500 520 47 804 711 679 241 452 820 863 593 258 118 572 849 427 142 418 304 602 698 566 494 403 320 457 504 88 751 105 131 243 888 141 818 247 531 196 600 861 9 113 60 336 428 39 687 449 672 297 684 872 33 111 230 846 658 801 945 296 793 820 140 422 155 572 958 776 874 989 1000 657 442 82 581 945 330 589 860 730 509 740 870 639 715 313 537 886 860 710 333 684 702 418 19 619 55 357
693 606 799 596 781 73 907 826 736 534 487 871 192 13 141 44 156 650 473 362 662 818 145 408 681 63 108 286 315 902 545 420 520 753 635 652 857 451 522 756 338 402 556 645 675 38 431 335 286 961 442 216 336 317 277 481 537 663 683 891 944 804 541 91 616 382 919 117 955 728 879 250 620 572 318 655 417 848 111 229 354 488 875 620 398 964 952 255 819 673 43 225 304 245 217 406 931 32 479 290
622 493 48 315 177 888 929 697 552 207 946 129 830 698 934 510 175 78 329 319 845 52 389 869 624 911 763 221 391 710 417 45 367 190 577 503 994 907 353 379 918 232 531 236 639 725 730 556 838 369 436 650 178 935 688 5 344 342 364 766 43 756 153 313 810 776 334 677 350 855 156 230 857 164 30 375 797 165 901 125 894 172 450 396 330 566 468 536 260 508 539 777 324 159 582 164 515 840 911 137
837 415 682 508 683 156 977 410 296 41 733 743 556 714 476 203 597 937 772 273 799 492 166 866 30 934 508 845 702 681 781 953 102 825 866 515 67 224 451 139 907 935 271 32 765 785 50 253 320 448 284 218 339 899 593 28 355 839 393 269 693 850 233 510 185 353 965 516 712 344 982 110 27 581 245 592 705 83 913 972 616 21 665 773 546 828 639 346 738 134 216 543 67 116 554 630 260 942 40 301
280 814 264 240 919 246 494 706 274 233 320 153 148 11 374 784 146 734 954 753 204 193 946 475 10 962 959 502 192 445 365 774 192 795 665 952 388 914 179 959 479 752 933 962 505 158 848 403 970 669 602 168 994 832 733 136 747 868 310 250 530 890 392 246 233 941 462 468 802 885 422 341 355 687 193 53 884 660 594 575 703 52 263 546 31 672 355 468 876 757 405 893 269 822 8 822 786 960 661 473
746 897 362 263 965 796 900 15 401 606 677 138 853 587 929 653 362 610 577 635 306 272 570 869 440 252 394 899 739 795 654 878 422 830 794 601 999 63 409 542 565 121 29 286 406 961 728 647 31 950 672 524 103 778 311 275 340 272 733 303 826 60 241 293 418 923 833 542 477 307 22 36 253 891 440 372 817 550 865 708 281 207 147 924 259 246 78 94 314 121 39 14 375 647 224 513 694 921 285 302
990 757 118 875 888 973 845 680 187 7 531 51 2 120 156 573 125 672 519 26 972 954 235 361 493 951 20 725 441 369 143 356 504 330 540 971 934 174 230 338 498 561 841 467 958 578 867 333 279 226 925 79 792 599 881 97 115 328 258 569 452 154 403 256 603 56 483 69 594 466 676 328 457 399 29 523 768 324 829 324 694 588 644 264 888 291 307 495 206 994 81 860 656 691 418 831 232 951 924 373
125 923 333 143 254 859 647 489 196 853 686 703 389 699 352 594 298 311 770 778 778 720 982 595 59 664 928 542 139 77 191 679 204 590 94 110 514 870 714 313 947 133 70 929 114 484 879 707 839 293 780 820 738 110 841 64 959 911 159 471 245 606 965 822 732 439 636 601 146 763 988 717 997 717 188 910 75 93 185 814 306 412 990 76 356 134 599 158 858 197 706 985 276 489 109 20 108 341 971 617
346 876 253 243 596 79 873 297 330 568 181 171 614 414 590 385 580 495 900 644 543 899 958 230 276 363 298 445 898 901 280 185 232 659 500 508 491 86 64 471 227 64 271 766 108 236 777 746 355 216 596 674 109 156 484 461 886 310 854 937 988 477 91 386 557 379 983 993 757 730 342 567 368 108 383 510 258 746 137 513 88 637 872 617 563 727 486 733 854 508 476 96 35 743 262 833 158 82 842 626
991 590 357 225 946 156 851 69 938 754 320 510 747 909 629 395 550 284 854 955 313 715 510 197 263 182 786 518 913 74 312 732 273 451 713 645 691 332 246 286 771 882 340 845 851 934 695 108 805 592 683 689 19 870 282 635 933 352 406 179 126 454 295 746 907 804 921 232 29 71 856 655 397 54 207 965 322 12 615 994 834 69 496 69 769 508 565 572 494 413 846 186 74 855 334 190 225 115 85 712
64 556 963 933 587 535 118 655 508 242 832 124 667 963 48 931 624 787 417 304 280 625 733 131 425 293 780 65 768 382 567 469 278 406 213 993 706 111 60 705 694 150 922 197 156 379 292 772 636 339 75 822 821 31 751 221 126 463 159 915 549 777 455 868 989 870 330 748 411 331 619 92 297 993 322 245 400 93 349 508 420 196 477 770 596 767 820 630 541 785 906 894 620 854 818 194 929 83 94 536
551 172 416 197 608 274 88 700 152 685 94 873 194 113 43 291 392 318 579 746 66 148 916 68 894 396 426 956 660 957 676 374 717 191 669 791 773 418 709 869 141 361 730 548 780 26 294 811 850 752 479 891 420 447 273 826 116 43 101 66 719 958 211 628 73 460 953 573 215 190 251 167 152 371 438 1000 381 874 549 691 78 344 334 45 521 78 430 373 502 207 570 414 338 296 376 999 317 19 711 918
842 389 551 909 730 751 950 957 690 800 807 983 643 302 917 401 743 910 727 152 26 538 790 839 877 80 876 731 19 480 670 1 190 809 651 912 75 560 815 958 21 179 928 230 124 911 255 39 492 127 935 871 341 248 311 434 771 694 49 247 493 526 330 154 774 121 914 999 718 397 828 636 98 935 553 607 68 446 68 12 866 758 508 804 79 186 207 568 144 622 925 739 11 747 663 577 822 986 306 460
970 931 478 40 879 519 572 628 843 401 704 778 764 513 516 439 287 532 673 349 897 237 331 164 444 860 428 746 933 331 137 444 82 182 150 916 504 220 107 245 887 738 247 314 434 789 185 463 702 262 551 728 653 3 325 304 978 768 32 573 133 237 518 749 724 870 406 647 999 325 342 954 810 49 896 357 330 507 236 825 510 854 59 855 567 811 59 891 414 111 959 774 678 415 831 89 722 348 266 894
434 138 544 696 793 671 161 171 407 30 836 884 379 451 762 46 713 246 943 552 200 253 955 54 566 224 679 152 782 970 641 66 144 177 320 86 274 547 280 684 808 697 929 863 758 247 83 145 261 684 654 242 446 936 548 90 989 746 802 24 457 485 662 115 449 728 610 833 746 93 901 935 759 38 952 421 418 433 188 794 876 880 356 560 262 469 710 644 244 363 546 849 158 81 401 503 395 500 957 157
825 820 619 899 859 442 561 944 239 333 884 234 991 207 167 85 665 446 270 759 474 988 93 846 185 357 714 57 957 734 64 602 965 816 889 715 310 155 671 905 871 838 409 87 175 661 212 575 276 341 877 744 437 552 372 248 110 370 275 714 71 957 348 897 661 672 590 682 247 142 795 942 428 972 588 157 772 855 833 650 418 494 965 852 471 181 153 294 731 131 26 6 68 135 525 459 903 992 568 819
764 631 892 955 195 592 640 444 932 670 537 386 437 359 363 597 78 801 351 193 810 139 448 441 776 337 281 731 907 50 901 643 601 21 646 498 736 468 925 120 492 437 721 501 665 485 696 840 195 942 315 827 929 900 732 88 332 814 29 338 753 281 967 575 695 698 463 0 111 387 85 420 756 158 392 709 798 25 933 808 857 289 694 687 194 928 992 10 277 320 375 556 255 989 108 436 943 208 4 961
756 353 912 406 109 119 89 455 810 744 9 951 729 317 418 472 17 736 926 251 4 886 774 193 81 264 54 207 923 398 278 450 345 187 645 259 831 305 446 787 332 178 122 600 175 405 745 305 823 827 664 707 162 315 769 9 951 102 681 539 976 774 131 932 223 12 728 143 68 64 90 659 24 829 134 254 190 70 684 596 497 214 131 9 506 738 241 471 738 660 736 402 473 323 444 238 420 289 973 454
211 92 230 487 393 806 990 285 381 837 465 802 24 594 626 691 287 547 858 992 215 503 869 474 807 77 674 995 127 359 376 215 534 624 370 719 774 833 45 325 314 248 300 70 659 352 472 992 518 891 605 169 889 483 692 391 151 708 631 819 90 796 981 789 378 976 760 131 628 827 502 799 881 304 956 69 698 528 83 843 258 135 271 564 655 138 367 31 112 733 600 683 338 421 436 79 268 907 456 599
405 619 493 510 798 415 312 531 198 830 868 43 44 828 850 519 162 97 375 655 918 873 336 880 40 239 598 238 906 312 977 256 348 448 438 265 913 858 70 830 789 830 723 273 947 917 31 7 571 158 498 4 457 273 359 913 335 130 426 286 796 496 49 587 606 701 219 560 620 579 4 500 17 144 330 532 758 111 117 5 196 138 621 161 801 514 861 369 918 916 427 68 745 662 311 339 240 79 184 91
97 739 855 705 51 423 172 795 710 925 994 772 115 211 651 53 513 171 775 639 217 642 237 750 970 825 146 635 68 592 903 155 29 809 333 134 716 453 146 568 458 813 158 645 124 748 829 718 44 319 151 130 811 29 478 423 666 288 963 63 293 484 635 383 811 555 665 473 553 335 134 294 13 266 166 312 442 135 695 105 813 556 235 916 742 21 536 581 564 534 405 757 67 804 702 322 515 899 722 704
790 14 191 719 587 339 623 776 524 93 487 789 64 293 938 992 548 955 896 290 169 416 441 903 912 58 277 709 891 582 811 756 391 970 366 656 493 653 234 209 185 481 383 154 690 969 850 5 706 688 490 829 663 70 351 895 633 215 36 903 233 770 753 908 482 728 132 243 380 11 264 718 757 434 931 635 307 532 985 499 662 730 411 69 605 240 179 648 957 516 577 346 121 736 187 53 536 376 597 134
519 198 276 573 313 428 890 315 554 447 814 177 415 878 368 460 427 796 446 953 635 711 395 497 125 175 382 277 380 704 413 767 263 303 972 642 704 97 546 283 640 188 828 161 986 321 84 167 643 289 0 336 68 69 512 740 604 416 952 79 877 866 292 809 639 286 771 120 373 623 154 65 619 311 590 934 551 669 232 642 730 360 189 359 709 67 104 49 892 977 231 175 253 671 64 440 348 346 733 777
791 260 878 738 540 748 654 679 510 625 204 748 194 774 33 482 61 321 782 703 218 73 436 814 578 478 571 549 126 802 32 901 315 528 182 980 429 595 75 472 493 847 167 550 704 186 181 751 410 143 498 655 831 257 949 943 231 327 327 865 795 433 463 897 65 788 849 96 125 177 530 137 369 737 404 586 914 770 752 548 118 268 331 716 855 839 418 382 456 126 211 209 99 3 367 142 690 496 823 138
892 651 892 914 190 264 63 362 113 165 533 528 56 329 69 388 506 964 400 690 698 258 285 763 840 53 779 572 557 254 744 752 939 559 741 668 350 873 703 637 297 104 470 343 737 673 735 842 696 880 712 684 216 207 28 511 536 454 354 2 137 816 224 666 143 326 526 351 458 574 206 408 367 576 39 697 831 357 246 357 507 718 505 547 248 729 711 962 354 708 699 775 694 175 967 930 939 826 235 734
426 890 443 303 639 236 923 303 229 465 262 182 805 682 711 379 778 58 550 327 764 220 808 984 790 796 961 929 624 408 36 945 140 204 121 311 189 461 338 644 659 300 864 812 249 911 734 408 917 744 413 217 182 138 962 949 339 994 316 720 664 517 558 352 35 995 427 726 157 342 665 525 897 631 954 178 779 792 20 584 146 7 642 696 367 12 777 648 770 173 464 61 29 545 889 183 206 228 79 528
430 401 602 107 69 780 97 997 383 8 408 469 522 463 861 808 322 594 80 150 717 600 195 939 676 803 549 733 728 558 756 373 701 296 733 427 145 648 660 740 529 8 202 762 464 168 205 742 936 494 85 383 221 841 117 415 673 577 765 525 766 410 565 685 945 709 487 666 566 873 665 261 299 51 97 287 506 277 898 442 614 433 757 304 188 275 859 332 88 781 879 567 490 353 972 443 427 362 368 213
129 918 701 835 469 937 460 754 309 240 481 448 610 929 331 144 947 746 921 774 811 786 675 195 159 768 386 977 950 244 728 724 553 555 932 675 687 562 801 779 376 243 287 165 151 126 950 325 643 721 792 510 38 594 185 455 73 841 216 888 841 177 755 809 613 451 580 370 377 299 267 164 117 979 821 303 577 494 463 530 680 38 393 286 871 245 572 184 385 760 967 82 95 70 259 126 781 817 964 136
125 82 632 66 834 954 205 364 274 1000 170 156 613 105 397 496 132 122 487 760 827 302 482 816 218 540 859 508 778 12 87 663 230 133 96 18 158 394 837 353 273 675 226 303 710 656 587 164 269 97 861 728 472 623 989 633 517 167 202 384 296 553 170 546 888 9 381 783 540 197 965 196 699 176 630 330 841 154 478 279 362 95 33 929 837 73 448 559 31 287 751 436 313 394 551 541 376 374 484 491
1000 165 553 523 231 405 871 147 969 426 624 751 971 77 253 700 82 42 48 390 812 355 114 985 116 329 81 631 749 381 722 606 993 775 866 356 938 530 659 590 46 392 884 162 937 430 971 602 513 666 575 672 366 475 644 609 199 973 638 23 964 6 337 308 500 960 388 170 902 234 606 146 111 721 435 20 654 396 202 700 176 474 64 354 70 50 931 450 225 474 683 709 136 168 834 842 614 148 654 370
625 940 885 173 892 418 291 976 463 208 222 453 328 470 212 578 287 965 298 683 793 606 969 501 137 585 605 131 203 674 469 225 207 31 765 149 435 909 811 272 33 990 905 756 998 44 375 335 504 480 741 789 595 254 784 189 884 449 483 4 904 275 514 691 673 916 177 40 699 911 310 263 307 396 744 639 435 1000 677 411 709 374 492 66 469 878 883 580 679 78 715 776 333 437 633 985 594 889 513 252
11 648 190 521 809 956 959 472 898 960 355 777 269 164 707 824 106 675 128 278 781 217 261 746 790 99 808 61 727 792 424 593 480 265 887 789 829 995 269 146 339 721 427 665 690 273 202 689 353 856 329 223 481 447 564 32 830 819 915 830 298 131 991 34 621 560 60 339 269 168 614 791 882 688 122 782 58 949 557 451 619 482 320 902 854 208 798 157 203 202 972 738 684 388 399 233 673 656 387 782
910 795 944 765 453 260 816 874 279 924 736 908 903 133 837 315 979 115 684 667 19 806 332 195 706 766 45 76 429 514 366 844 236 35 708 206 774 252 474 958 130 109 360 162 228 406 90 398 171 307 48 722 913 544 31 189 277 604 199 245 623 530 99 316 261 852 674 106 476 441 385 658 784 314 710 665 586 897 612 643 941 979 902 365 700 945 326 294 263 9 577 456 319 242 803 30 260 214 141 318
891 886 55 87 665 270 68 502 32 430 580 438 41 426 102 2 151 456 15 315 570 821 95 16 114 122 824 172 816 316 456 595 972 171 438 845 998 168 485 668 41 124 625 557 330 379 11 878 517 289 844 585 121 712 604 13 144 961 467 703 16 175 1 73 114 479 123 954 893 692 250 340 887 530 750 931 790 685 350 364 994 190 514 677 48 243 249 169 330 821 277 57 682 559 686 916 681 903 427 104
961 580 666 373 791 150 221 789 887 443 320 2 406 884 336 184 387 848 15 49 561 413 12 213 665 541 295 723 605 132 809 313 853 959 430 753 534 233 970 826 640 764 671 462 149 627 556 614 13 171 54 537 591 273 999 838 589 401 367 4 461 588 113 552 994 422 719 646 164 353 191 336 728 291 672 534 924 889 872 112 261 172 13 93 981 796 172 939 799 52 105 887 357 85 723 183 329 3 3 86
277 191 121 910 240 608 780 473 571 783 295 346 635 431 237 351 347 168 889 687 146 468 116 328 469 316 966 542 170 268 652 462 717 463 670 884 87 259 646 305 595 226 971 300 741 653 732 245 963 181 248 749 461 906 756 87 206 385 250 39 512 139 923 671 782 1 499 952 760 667 870 220 873 52 318 397 395 879 695 993 580 601 785 420 42 460 361 134 196 709 352 872 34 800 379 19 260 727 885 24
960 565 928 52 877 678 187 323 617 306 652 827 852 782 678 27 900 140 347 283 535 677 740 730 534 798 63 992 134 360 160 496 976 344 397 299 520 356 487 714 406 959 910 984 177 547 561 668 525 85 129 34 16 939 108 709 1 93 203 276 876 411 868 245 978 87 399 786 74 480 145 723 296 133 214 568 297 841 8 865 848 412 6 939 560 110 234 532 236 570 184 555 241 871 729 935 47 192 163 447
778 807 667 807 583 993 411 60 412 993 79 755 96 486 946 902 870 538 637 168 454 276 548 932 297 89 314 386 973 206 2 311 683 159 972 342 578 278 729 108 470 559 44 734 453 837 601 62 89 555 907 34 650 826 362 23 996 255 888 125 422 170 538 195 519 753 620 603 156 823 624 46 707 45 987 494 738 598 698 765 885 95 149 301 404 191 706 52 512 504 328 290 128 396 894 69 759 30 803 526
42 537 180 44 396 154 92 440 178 482 506 191 950 84 120 686 332 569 165 368 970 653 355 330 765 134 170 4 959 513 870 270 463 468 206 591 992 311 652 765 324 117 537 417 164 53 161 416 877 318 143 229 336 980 873 553 762 35 503 533 395 781 927 1 954 838 712 199 266 602 192 447 945 620 718 837 711 129 326 399 416 874 301 767 146 821 338 704 896 521 310 823 731 389 385 522 533 134 687 763
541 575 189 727 333 443 359 439 439 779 432 504 109 606 228 310 854 706 418 217 140 745 427 7 145 140 517 101 29 840 335 667 81 790 640 373 833 161 309 711 876 487 946 689 569 660 166 692 896 512 470 660 346 204 44 978 913 1 86 314 525 274 272 879 234 138 504 355 504 463 799 148 855 358 74 903 162 938 329 913 940 929 429 59 797 152 390 314 159 965 524 851 82 846 691 441 865 216 167 29
51 111 491 90 27 754 10 273 420 684 332 995 998 667 372 102 871 595 747 837 896 848 522 419 110 777 355 702 10 263 499 456 443 889 863 533 848 884 967 191 663 772 370 895 728 855 892 484 203 624 844 150 296 676 833 600 364 719 200 629 37 150 578 685 885 856 639 187 272 126 196 174 318 831 236 706 818 748 24 252 645 920 200 15 705 813 11 927 931 479 377 362 288 66 146 641 547 829 826 601
527 732 32 359 200 663 942 901 193 923 16 90 868 754 958 470 527 40 820 571 578 659 986 117 670 464 891 231 371 470 744 157 725 938 344 615 52 532 462 167 566 731 266 555 130 314 796 500 128 573 185 158 688 304 191 104 206 381 517 913 611 312 793 386 509 446 987 941 30 490 102 583 411 994 919 342 153 376 488 346 761 532 528 881 327 287 607 172 21 420 879 816 241 966 124 401 326 983 102 145
216 472 827 634 998 240 680 164 425 655 912 712 986 131 468 35 688 455 553 46 304 178 359 841 814 981 106 392 114 966 56 452 140 932 107 24 869 59 859 722 667 838 238 803 929 957 378 731 109 167 631 64 660 813 128 936 985 319 75 197 372 851 680 454 413 626 153 391 594 442 989 945 970 338 341 622 605 841 683 631 242 837 166 946 938 408 817 118 55 143 538 849 295 84 489 569 181 312 115 308
402 929 445 16 864 500 66 509 867 643 697 818 812 216 340 171 869 197 225 741 112 503 37 112 326 701 943 215 601 363 609 734 67 200 586 751 47 935 545 997 227 815 738 762 78 409 339 222 731 456 129 225 375 229 626 514 430 406 263 305 254 324 638 866 358 114 307 324 612 974 528 706 805 198 281 295 617 40 435 503 771 296 844 522 592 962 76 440 729 217 532 815 835 779 440 709 87 671 825 420
785 495 213 523 57 405 166 894 886 531 186 262 193 180 72 746 796 425 793 980 593 925 30 858 361 21 376 884 156 326 793 613 415 890 640 514 760 105 831 416 900 288 939 328 234 358 361 723 288 853 185 641 542 979 920 480 982 731 839 114 942 513 76 658 348 477 654 362 736 525 6 203 355 210 113 6 583 91 652 561 185 946 292 984 904 821 766 451 243 775 856 956 818 192 740 744 479 818 541 717
404 929 193 145 885 486 426 366 659 985 661 673 649 461 588 273 813 204 302 413 147 477 811 83 821 922 497 641 95 934 790 352 261 250 391 247 635 750 572 988 560 135 395 464 653 416 767 41 229 435 11 807 821 600 829 736 31 778 10 495 198 718 665 651 203 680 614 717 47 589 672 655 871 703 2 863 769 242 368 298 444 506 849 405 622 492 473 877 52 422 723 587 766 720 284 883 991 155 299 507
590 729 134 849 777 932 459 79 254 494 76 193 330 649 928 928 627 404 655 709 848 577 222 912 1000 252 476 925 322 855 833 605 796 688 623 783 873 865 667 53 511 701 2 838 857 723 912 532 227 829 344 126 982 827 486 904 456 716 710 462 549 708 481 222 347 499 754 304 975 652 284 620 583 830 343 252 527 17 525 241 558 694 269 150 781 771 580 272 782 690 505 35 446 604 365 183 45 994 406 325
362 620 330 681 35 513 705 307 848 488 894 228 735 845 729 96 473 518 179 263 709 416 511 130 354 50 174 94 950 866 135 80 551 363 43 703 366 41 595 618 538 946 527 526 968 282 48 641 860 481 610 700 398 266 63 739 399 141 385 493 741 504 500 573 84 783 168 104 515 373 458 394 618 356 15 749 155 941 628 836 236 923 358 293 382 319 318 171 900 644 765 46 902 631 8 754 964 179 877 906
981 252 694 91 140 513 763 842 217 228 730 294 737 735 132 391 650 760 402 783 221 184 61 304 144 805 870 820 172 659 289 834 301 557 411 834 115 236 587 493 321 285 205 550 54 337 257 49 251 401 206 313 115 143 752 108 299 902 994 72 136 392 558 448 747 270 732 21 980 970 466 585 780 859 596 789 566 879 774 104 273 956 74 925 684 456 501 851 600 641 559 838 880 1000 958 572 989 216 446 756
73 362 210 925 39 682 457 200 610 674 387 178 394 18 774 717 876 487 188 884 247 92 671 182 863 722 789 104 636 461 928 370 239 909 486 568 358 515 426 616 297 451 122 874 209 753 621 583 452 223 299 925 1 89 612 350 749 12 114 802 493 812 988 231 280 788 66 399 652 411 216 269 509 551 967 814 1 271 370 273 233 26 135 753 307 726 353 696 787 904 489 287 361 806 714 644 28 508 781 679
501 552 894 263 129 754 769 581 449 410 131 873 123 846 169 710 546 683 314 145 13 190 988 450 713 882 258 551 515 590 424 268 471 571 102 176 579 70 322 951 334 922 676 684 883 905 697 660 763 230 395 171 383 969 371 910 893 496 864 668 167 42 780 769 943 553 417 385 964 170 119 681 452 575 725 136 663 341 540 198 366 149 411 476 793 790 233 833 966 691 930 239 178 792 52 75 221 402 644 16
255 202 673 178 743 551 868 948 556 415 224 678 576 40 790 373 58 569 607 194 110 63 773 829 326 880 926 209 955 87 86 175 307 633 243 991 263 788 853 446 754 678 765 908 914 399 426 240 466 289 202 347 26 215 796 24 405 133 524 865 742 963 193 996 880 238 324 148 764 694 820 141 992 832 53 634 314 986 80 498 832 882 585 335 96 724 309 874 21 176 747 635 740 232 684 252 936 663 118 321
886 409 208 991 41 329 330 837 896 298 789 829 524 395 186 922 985 69 248 627 265 509 709 468 376 818 413 510 783 595 867 53 119 517 965 305 63 403 436 325 759 476 395 427 636 272 742 833 59 444 737 394 843 427 663 601 141 204 307 233 497 871 997 297 464 937 209 498 200 470 53 174 285 751 64 853 390 687 216 362 214 853 688 348 553 343 265 397 786 748 636 392 734 640 297 345 64 289 562 966
351 339 503 663 934 342 701 54 640 842 997 925 282 610 938 783 830 833 531 348 469 988 548 195 379 868 513 82 281 249 407 583 415 356 892 588 319 470 753 4 801 17 700 651 741 582 747 271 735 124 178 477 742 826 996 504 388 76 386 406 183 571 873 277 112 375 457 801 304 526 96 3 29 891 112 885 947 291 96 442 353 414 42 313 616 231 553 87 171 246 74 778 270 808 450 405 772 273 992 658
220 963 597 409 707 952 46 872 339 158 4 409 128 384 890 909 761 163 847 380 473 253 551 341 195 805 407 891 727 103 117 166 835 923 560 959 613 273 146 613 128 245 259 768 473 783 474 532 536 145 910 401 737 715 901 109 930 904 400 982 465 447 454 597 199 39 336 292 142 267 110 481 143 280 497 501 474 385 640 306 976 202 883 554 798 24 239 287 674 937 968 367 752 2 492 567 422 425 104 789
668 700 509 397 329 244 655 893 519 553 235 790 19 867 767 87 26 409 803 481 999 788 924 63 913 268 569 181 189 812 968 210 401 648 761 509 779 901 290 654 939 389 749 932 224 647 689 172 579 160 630 164 689 378 91 951 196 800 512 61 279 842 556 186 754 41 719 227 545 250 266 948 277 699 302 712 613 291 960 667 259 397 895 59 925 171 226 145 482 733 908 882 749 475 711 965 87 793 456 815
516 393 424 318 476 717 93 902 742 987 23 327 999 255 120 505 43 12 635 358 120 973 528 697 803 744 416 262 696 768 888 934 135 270 486 938 187 814 462 886 905 229 433 154 480 725 716 280 370 764 830 220 445 164 466 713 996 744 656 78 359 614 708 268 649 195 601 262 311 58 547 161 968 542 148 13 847 50 108 473 283 998 624 558 609 451 456 443 30 256 736 520 826 199 744 912 921 837 672 207
757 958 511 303 104 414 936 312 65 416 795 249 20 169 460 69 612 301 985 129 299 170 103 603 360 269 900 875 812 583 221 192 142 478 433 503 906 439 680 22 568 289 927 879 532 624 185 410 802 525 400 93 659 575 551 1000 221 821 495 531 20 431 601 908 960 879 735 320 760 158 672 505 594 814 916 4 185 736 506 676 781 999 90 518 291 856 724 673 749 930 521 214 530 986 284 271 868 103 444 342
857 944 337 500 418 356 408 872 224 273 98 83 163 522 989 81 25 296 218 23 262 630 841 806 166 220 230 322 751 128 850 222 672 51 594 828 392 452 381 387 713 466 753 621 778 54 88 733 671 986 746 425 910 6 427 912 570 785 529 715 986 478 895 589 943 544 995 785 752 631 668 473 955 713 335 513 749 476 221 234 669 486 161 331 363 993 460 520 478 747 109 900 183 568 944 578 488 659 426 951
157 551 273 875 544 45 278 912 979 346 898 441 606 748 72 554 974 618 163 522 24 6 45 71 76 955 349 504 421 800 684 906 982 945 269 368 386 447 363 766 717 307 358 734 901 803 572 162 20 820 271 752 276 692 538 396 158 812 986 980 214 408 340 804 805 992 573 905 12 183 20 158 694 543 99 696 627 316 686 774 994 833 399 173 870 304 109 56 66 362 110 924 486 886 510 393 852 240 562 492
283 951 50 233 772 186 858 507 986 742 910 281 888 771 337 893 522 339 722 255 170 363 118 660 629 800 234 646 784 322 548 634 488 131 588 155 289 626 624 425 217 736 592 622 705 292 56 493 206 717 346 977 694 824 759 648 505 219 132 533 232 43 425 131 654 50 241 440 160 906 486 720 227 562 647 242 438 678 62 554 438 200 217 148 814 578 222 575 424 704 167 89 33 47 848 906 690 7 77 273
402 360 387 524 179 64 306 346 905 865 116 896 141 581 34 96 582 495 492 618 180 985 800 28 313 380 826 623 136 87 125 711 960 297 149 904 722 395 129 716 27 13 215 933 175 114 560 399 903 372 933 24 15 726 711 133 883 261 420 730 911 335 224 140 836 475 154 955 276 463 643 869 697 129 485 10 540 177 723 865 693 444 943 880 100 343 528 685 409 667 184 277 120 990 681 336 774 125 795 282
362 844 411 251 174 516 267 708 25 804 519 195 619 123 707 422 655 345 483 170 343 723 397 177 84 200 807 967 296 648 393 172 1 211 288 357 795 537 474 250 232 743 64 338 894 411 12 299 856 442 890 453 505 84 411 890 207 593 339 251 696 492 336 150 465 436 916 667 577 868 218 780 799 290 760 217 326 359 285 332 186 406 933 100 991 515 463 97 704 563 747 702 135 99 687 385 309 743 279 781
759 800 227 663 615 471 374 771 276 262 358 19 751 962 958 794 717 945 511 314 735 893 217 11 136 769 658 212 771 297 405 672 569 304 792 286 520 323 160 847 313 249 425 87 821 144 655 991 173 457 521 626 887 827 995 978 549 137 41 940 550 970 655 908 970 83 957 865 707 484 225 972 877 390 784 552 953 431 424 602 564 994 585 242 687 954 3 95 2 356 300 522 195 441 63 564 438 544 400 989
397 611 519 244 587 842 265 781 426 508 287 138 87 596 58 646 797 394 261 559 90 524 265 319 685 244 635 249 996 431 698 2 134 566 295 349 131 879 605 554 670 189 387 899 881 783 816 726 396 615 655 135 955 739 910 94 555 420 621 545 561 118 746 897 760 89 168 117 460 805 521 888 229 825 645 619 405 269 143 106 285 528 388 160 300 415 585 707 996 511 544 289 226 839 343 675 909 130 905 715
760 834 969 778 307 466 899 947 850 582 486 302 47 380 119 190 192 855 751 441 163 638 699 934 343 417 702 727 983 679 789 250 33 565 864 867 951 445 331 720 933 486 928 402 573 889 974 675 563 601 174 855 202 144 303 933 706 136 146 289 640 546 225 460 213 340 437 220 60 545 85 825 740 818 598 94 42 256 236 289 866 326 994 623 200 171 136 841 546 708 822 891 687 579 99 214 589 208 359 775
476 540 369 529 732 37 729 231 529 184 44 916 679 377 8 563 885 592 244 598 2 613 111 588 295 486 22 891 731 349 902 729 146 678 95 387 182 358 438 668 916 287 615 84 467 1 576 846 545 890 901 426 818 353 574 37 228 11 241 344 423 347 844 3 450 590 267 335 365 320 34 754 462 981 855 632 562 52 443 726 549 522 729 206 41 311 726 190 212 930 180 989 880 802 630 379 707 397 727 831
109 802 741 97 844 895 555 952 956 452 981 563 759 31 683 703 121 309 171 814 81 226 914 969 341 232 791 740 378 924 173 527 897 844 643 870 49 329 255 814 110 771 676 460 873 216 133 624 488 429 289 77 851 509 32 645 490 120 151 191 410 738 829 77 979 286 914 303 446 551 496 433 33 871 414 189 402 959 106 190 604 514 331 49 971 204 189 788 329 264 325 784 425 822 317 244 77 166 467 670
899 736 391 224 217 899 541 293 299 668 133 139 806 972 685 808 484 741 837 624 511 238 307 86 517 248 365 677 607 923 616 899 45 851 472 171 698 179 183 812 310 154 581 801 128 515 868 350 727 471 595 342 968 393 564 88 244 862 119 37 322 540 782 91 854 279 899 122 772 99 142 265 427 820 779 17 573 361 925 662 872 886 343 658 211 826 217 774 547 56 694 735 95 245 335 463 145 454 972 982
200 338 444 164 748 628 774 366 516 690 308 432 208 389 278 296 489 887 397 752 835 423 634 263 133 538 475 103 569 95 23 30 964 237 749 981 119 722 169 882 776 224 41 85 534 242 264 337 426 811 432 797 593 748 323 924 602 67 267 323 904 389 693 868 598 952 775 200 568 47 786 140 99 198 649 234 487 708 108 17 301 744 932 860 807 800 83 177 705 309 231 188 23 993 771 897 562 52 85 385
770 979 803 330 33 331 325 759 882 839 1000 560 100 341 760 590 653 414 568 404 106 724 346 424 951 558 488 927 683 40 1000 17 997 178 912 866 665 220 522 209 26 264 560 458 374 655 605 998 745 7 167 351 29 971 107 345 539 795 510 245 860 642 825 863 643 490 776 5 750 105 350 277 517 312 330 926 514 19 374 742 875 567 65 937 355 994 971 476 601 331 990 10 427 446 964 9 101 232 526 847
544 677 404 86 463 754 850 998 720 776 411 839 896 877 528 591 806 130 371 991 661 347 649 523 881 990 972 219 787 174 505 126 791 686 890 364 710 747 731 964 511 211 315 665 576 163 458 376 430 517 242 476 213 692 91 234 14 325 831 418 793 493 123 579 27 315 169 604 261 937 738 419 804 318 898 804 629 205 972 810 823 514 700 174 938 453 161 601 164 337 402 392 544 345 469 426 631 184 341 911
153 479 325 751 740 506 354 652 2 201 737 38 312 795 358 170 636 257 900 917 455 987 837 461 557 23 816 883 980 258 5 567 343 200 398 957 894 67 592 526 963 558 859 107 411 417 565 769 944 183 84 609 504 616 958 894 4 39 272 419 450 746 287 351 3 276 850 953 149 157 592 297 312 558 370 44 610 671 806 670 450 424 158 358 41 591 300 512 913 937 371 524 353 910 259 232 542 9 257 670
71 212 124 10 441 887 874 443 978 223 546 167 953 906 227 311 143 166 765 392 853 586 341 606 289 619 22 894 908 467 248 23 17 438 729 993 411 385 919 106 899 881 559 584 598 776 712 812 49 505 200 923 647 134 791 231 134 485 611 724 252 238 898 60 388 609 325 843 613 188 306 108 39 905 43 699 153 909 663 658 635 85 849 974 238 925 544 305 998 636 565 92 753 139 104 147 593 128 642 99
277 263 250 854 221 100 34 438 354 263 279 728 239 181 316 16 522 69 64 36 468 815 8 405 88 347 953 299 583 209 236 861 753 683 628 218 123 138 820 988 53 641 875 236 272 662 595 713 12 87 157 808 294 903 125 633 259 238 736 493 694 314 520 933 893 606 495 873 777 34 921 618 235 143 168 382 767 480 124 210 520 528 775 545 636 370 933 835 73 955 161 486 708 760 203 760 377 841 374 187
811 793 795 722 635 612 619 765 43 686 416 724 997 772 718 747 610 530 770 436 167 798 215 471 70 555 463 394 19 318 521 640 230 186 610 473 382 596 455 103 577 204 580 170 478 440 650 129 448 646 453 315 546 187 899 428 909 378 506 816 189 864 654 263 363 478 124 628 897 269 445 457 461 489 984 584 971 942 211 19 130 293 422 724 431 465 345 383 621 373 5 887 187 163 731 878 260 941 585 846
253 643 254 859 542 293 248 473 654 47 56 469 490 10 451 668 724 598 269 911 887 519 717 406 441 551 555 619 747 78 954 838 868 640 978 306 730 752 902 607 184 203 203 447 780 728 138 605 388 466 79 953 472 63 857 892 381 16 951 276 441 671 474 246 752 393 228 779 837 968 157 246 100 776 751 76 933 179 481 447 203 56 738 943 66 641 86 236 363 16 766 743 229 541 939 716 931 891 785 486
853 314 329 744 730 184 436 72 296 371 126 872 284 60 428 753 390 93 193 498 920 285 820 180 724 818 467 630 753 271 612 876 156 410 72 214 639 774 33 69 276 367 83 915 57 353 792 975 209 824 438 756 387 884 788 974 813 748 258 920 903 452 388 107 748 809 433 93 332 335 992 247 481 985 373 912 562 331 186 171 788 246 209 75 254 769 265 253 38 306 619 936 565 767 306 225 57 706 756 913
134 967 72 974 663 219 627 649 390 419 691 716 426 600 906 741 112 592 732 244 813 561 559 991 200 766 222 359 70 128 174 926 341 755 258 615 376 355 227 414 841 449 72 944 606 577 225 178 137 489 252 371 728 420 115 874 552 929 797 779 960 873 16 854 457 177 703 270 808 825 527 647 203 215 509 215 253 592 459 583 5 597 166 416 648 739 457 937 674 138 162 505 243 529 898 188 834 959 550 278
916 679 358 148 135 640 122 345 469 610 339 167 708 716 295 471 838 122 825 766 346 249 626 984 104 26 659 97 972 748 648 560 563 42 78 426 378 268 773 626 368 499 152 903 976 314 723 145 502 885 97 438 830 651 332 969 102 36 64 852 184 973 546 953 995 485 867 42 760 139 135 659 553 557 634 307 321 499 195 711 356 27 514 675 179 604 675 701 174 383 564 820 622 639 363 985 567 674 292 754
954 420 915 785 432 125 550 776 52 142 118 782 109 420 193 758 0 190 933 238 452 624 510 760 342 471 686 825 212 420 444 182 770 192 105 967 846 202 193 233 663 848 128 230 786 530 950 288 544 895 931 408 838 368 698 479 259 939 623 388 136 239 349 394 95 376 27 229 806 754 461 655 887 549 270 555 894 120 242 902 137 275 888 730 865 722 136 780 754 297 565 857 264 506 818 665 890 142 654 870
797 274 395 750 652 68 769 793 797 372 918 830 336 91 538 482 439 215 48 453 861 398 292 797 468 460 954 988 503 367 422 387 179 14 353 128 618 157 378 303 625 47 397 519 793 827 270 839 708 920 430 123 650 815 950 309 360 526 600 685 736 183 669 155 416 857 630 882 594 656 801 447 902 799 676 239 519 600 37 876 704 716 298 16 76 751 392 202 605 140 359 374 265 510 956 246 231 615 325 500
568 234 60 292 412 628 318 72 688 408 394 504 920 703 395 874 115 492 132 253 701 963 959 748 579 931 43 753 12 653 289 779 396 86 955 206 475 552 803 772 165 981 799 377 62 556 643 925 553 511 864 561 269 584 488 461 779 308 733 566 158 342 238 208 564 147 59 629 333 916 423 684 480 494 448 787 440 175 595 150 71 503 651 992 346 196 513 617 537 629 115 935 115 114 754 893 63 20 405 351
369 31 469 840 413 361 422 636 618 973 887 770 46 909 617 994 466 468 189 553 787 492 656 214 205 564 588 669 664 304 289 671 995 89 687 182 599 816 815 868 27 914 391 251 43 661 198 832 820 695 540 708 443 114 58 950 152 733 1000 893 727 560 224 402 793 180 375 23 953 226 961 718 412 847 12 312 835 730 705 375 605 175 151 831 493 723 914 684 359 359 821 826 547 112 935 584 76 389 261 595
234 624 317 187 665 861 223 628 494 68 775 804 26 198 36 532 880 934 746 235 137 186 169 99 873 968 733 518 474 519 731 997 564 75 114 15 517 324 155 169 849 286 478 5 662 309 223 95 75 72 83 129 998 906 321 766 870 435 320 637 413 483 105 52 177 854 491 611 634 317 681 498 328 937 430 625 0 713 822 775 371 382 611 414 747 481 823 224 125 379 178 277 263 230 974 833 920 820 698 397
324 494 621 6 368 198 960 81 394 934 313 378 497 36 811 228 824 961 492 788 484 969 129 425 357 131 166 884 159 887 353 513 40 87 258 531 324 970 740 735 32 695 302 471 771 443 913 952 433 949 864 690 241 721 540 792 977 856 935 723 761 214 565 14 231 159 728 287 768 599 810 829 172 802 185 211 243 690 182 65 521 336 649 477 527 209 366 732 919 163 610 331 302 943 299 853 681 707 614 855
38 220 461 429 440 524 406 350 471 958 494 990 740 15 696 296 314 449 807 553 800 715 630 973 847 77 846 375 611 212 240 89 525 671 139 591 538 769 415 191 176 244 532 841 708 255 642 677 590 89 105 188 43 939 348 108 421 207 744 421 646 856 346 562 637 413 559 144 280 46 792 567 774 472 512 927 573 199 239 742 767 605 367 390 647 118 757 987 910 374 855 411 200 628 754 14 983 148 445 91
707 19 13 523 163 547 272 756 275 637 183 200 600 733 88 63 250 604 663 706 93 277 398 980 583 793 925 71 371 168 959 373 552 279 963 992 589 205 647 77 442 750 19 927 466 412 392 321 604 897 195 834 22 106 326 109 259 611 396 624 604 274 242 932 253 331 621 573 274 644 712 550 4 784 645 328 720 372 246 547 797 789 246 272 487 117 209 214 454 409 549 450 22 408 179 369 532 422 746 926
61 303 213 421 493 543 63 484 157 722 372 873 601 203 830 213 514 513 837 475 332 213 977 319 508 864 986 448 337 994 517 837 321 843 450 750 853 508 65 625 90 566 328 135 692 364 702 936 754 507 486 740 700 717 314 162 761 371 52 26 882 130 93 146 801 706 140 994 872 991 565 357 579 394 258 853 370 694 435 284 810 9 195 316 544 915 401 492 729 272 634 399 930 758 922 352 171 33 750 809
394 214 794 871 293 265 617 110 817 870 256 403 313 747 733 976 650 723 483 613 905 808 537 690 899 671 415 352 765 911 7 920 819 182 206 275 754 271 118 56 888 192 996 929 237 371 890 612 488 711 810 72 197 116 276 326 449 537 292 665 543 40 79 645 941 766 200 142 127 600 242 213 398 797 3 232 635 590 627 415 433 253 454 234 723 468 995 889 557 488 87 470 350 438 349 84 365 133 702 84
367 686 961 606 952 653 563 730 56 735 795 841 53 467 579 48 180 327 763 616 333 526 17 938 551 87 572 568 170 167 938 595 913 903 374 555 174 478 288 994 826 918 450 333 198 673 586 817 906 286 149 383 586 159 547 73 399 255 866 17 628 526 745 553 835 980 946 547 828 473 241 527 840 337 799 720 840 371 932 828 712 804 938 522 589 179 111 517 400 540 573 293 725 771 204 314 37 887 706 473
542 18 292 293 540 452 222 131 101 829 928 429 983 348 657 45 527 173 725 531 593 478 123 209 695 101 791 297 331 221 485 504 744 948 347 628 704 895 908 777 330 747 130 718 591 621 920 449 136 49 396 689 366 502 730 184 413 75 501 406 568 854 558 696 202 874 810 182 337 362 777 228 107 1000 922 205 506 745 921 376 642 755 950 508 460 71 696 700 451 375 491 926 328 770 273 801 492 812 180 134
924 673 388 449 185 8 884 945 777 320 585 155 614 201 206 611 847 142 363 424 645 191 397 485 327 388 108 408 1000 321 212 50 774 31 771 690 909 328 274 490 784 287 820 186 519 110 594 984 889 17 356 571 298 723 177 886 622 765 754 820 47 288 972 167 592 494 189 44 453 404 321 714 753 77 677 567 745 63 242 975 922 738 95 331 926 8 945 313 201 330 384 813 274 230 596 291 789 923 661 805
710 302 409 767 392 525 927 777 142 503 870 156 181 992 754 891 790 288 488 1000 638 228 997 144 383 125 858 78 650 246 8 1000 607 492 968 232 586 140 453 449 308 154 937 388 373 272 922 938 864 90 836 964 318 265 1 474 640 430 992 238 880 400 81 444 497 351 941 300 116 905 589 519 419 816 195 730 278 479 474 547 961 548 722 615 442 208 59 293 209 467 663 569 104 438 774 363 783 991 538 205
625 991 980 363 183 475 721 447 93 216 761 694 995 912 714 415 402 209 451 805 966 127 224 634 594 423 360 118 27 282 867 347 560 632 982 229 707 740 591 635 851 135 20 155 855 367 415 997 900 85 572 922 872 869 340 773 659 470 114 589 546 477 389 250 808 284 724 459 23 303 106 557 439 384 45 449 128 987 155 187 445 587 352 47 759 525 25 8 167 81 356 757 492 877 238 133 618 687 370 285
554 965 299 25 40 775 205 883 289 272 693 301 719 917 818 547 743 526 716 233 924 659 808 291 516 951 344 891 407 54 820 803 758 354 89 748 110 71 571 692 521 177 271 38 469 383 702 516 145 672 599 905 707 94 132 949 790 186 892 476 736 461 520 780 190 825 987 40 253 54 435 525 743 15 772 941 984 916 760 356 40 74 214 627 259 967 450 451 947 349 238 511 344 799 146 512 297 445 436 28
711 811 602 932 845 292 677 995 925 539 623 975 692 953 157 462 588 555 800 128 285 608 314 361 581 713 386 492 398 225 30 130 47 103 853 701 47 300 164 888 1000 243 689 341 138 351 961 873 581 735 972 424 692 561 46 878 953 273 678 932 583 892 223 266 305 518 809 258 737 914 427 370 820 560 59 907 695 579 8 761 973 505 839 449 968 785 993 390 40 659 663 503 262 338 98 579 749 272 347 242
981 507 772 942 196 530 909 88 287 37 424 962 466 676 907 83 667 112 463 366 670 891 210 37 288 284 507 701 83 881 406 931 916 754 405 707 253 373 556 166 838 482 228 247 568 603 526 95 732 115 385 80 484 160 844 820 520 437 149 485 745 246 195 727 349 709 28 381 592 959 490 619 573 553 810 550 411 750 100 823 552 72 678 493 566 734 982 325 826 827 146 726 468 832 411 922 898 194 801 61
715 454 326 928 229 489 972 387 968 564 846 251 233 660 492 996 962 9 67 875 315 607 936 467 18 392 507 340 587 794 745 331 265 952 233 519 83 361 247 150 171 248 54 331 891 710 944 843 946 372 661 229 824 713 684 656 725 261 192 817 473 824 657 978 192 379 270 362 493 314 361 915 170 432 555 950 324 940 982 559 207 813 793 672 44 243 95 49 313 425 48 239 224 706 78 107 142 808 540 247
867 313 685 638 133 717 598 989 548 326 667 670 407 952 165 435 691 511 412 93 62 143 21 250 939 181 759 808 420 273 785 236 332 486 183 5 217 801 799 844 559 389 494 535 326 317 304 722 690 32 541 985 958 759 618 700 718 393 607 631 746 598 711 339 414 626 155 316 66 647 591 698 599 257 126 598 797 185 546 49 130 534 306 32 583 352 40 483 673 987 794 333 435 549 125 611 68 975 722 60
4 6 265 804 853 558 165 83 412 176 435 259 857 486 446 214 744 615 322 930 668 51 513 782 312 530 669 682 232 472 432 899 708 676 152 939 191 650 326 964 630 115 682 319 785 166 344 733 911 393 104 982 441 212 615 333 529 116 224 362 500 169 572 131 343 806 141 823 723 859 781 28 869 325 121 420 83 974 465 830 625 562 466 586 679 415 593 272 823 362 376 89 841 38 532 500 938 944 285 145
852 196 595 865 968 579 936 701 768 240 427 144 681 108 952 109 429 886 222 472 905 273 481 598 307 694 715 923 836 211 803 734 689 98 710 172 302 233 644 424 120 123 72 150 5 365 460 299 579 47 321 484 223 874 965 457 814 849 414 236 874 967 19 645 157 726 368 889 922 123 1000 134 732 524 682 945 775 392 409 877 978 243 699 931 407 433 87 475 280 136 257 164 165 302 825 532 839 581 414 273
84 304 357 695 228 219 313 162 372 278 469 16 493 79 477 817 53 200 287 872 876 296 445 873 66 881 673 129 631 106 475 266 137 797 54 678 261 731 125 793 511 496 230 253 582 815 25 917 182 308 911 128 127 993 432 52 310 619 249 953 204 486 674 643 933 101 530 208 750 487 96 497 102 42 559 992 884 114 285 83 958 184 906 376 269 463 338 628 410 253 644 821 270 298 123 870 75 610 792 634
337 508 601 680 58 283 967 928 400 256 237 963 783 105 332 270 742 795 476 862 516 670 567 422 846 981 262 820 737 43 171 449 716 109 451 267 378 657 739 894 285 763 256 385 62 799 628 209 410 883 41 199 544 559 962 646 213 178 322 743 641 54 73 345 37 614 508 451 197 471 478 719 171 700 274 632 45 176 143 566 856 849 52 785 20 897 306 984 551 781 544 362 431 482 950 50 992 878 231 168
77 771 999 971 750 75 930 621 920 334 611 294 791 693 418 1000 930 434 351 21 350 449 632 248 765 35 205 507 56 647 601 310 315 514 133 527 18 555 205 451 621 668 241 727 11 620 338 975 664 468 211 139 382 906 16 194 169 251 306 254 568 158 324 489 795 177 354 5 582 443 164 409 979 22 987 282 626 243 82 390 348 637 560 527 70 957 366 427 362 918 780 5 679 814 238 894 154 845 818 222
107 840 81 928 569 999 383 362 9 316 383 569 871 437 66 40 623 399 900 817 603 271 65 865 106 527 452 54 884 652 845 136 725 676 217 481 101 733 656 823 426 261 82 108 257 899 649 728 175 375 605 702 624 865 933 433 715 275 286 746 155 513 832 734 885 491 269 191 716 773 374 943 867 15 547 199 359 657 200 227 288 622 50 842 650 738 499 506 135 725 422 264 871 51 152 895 858 686 413 205
62 16 431 909 229 57 423 265 330 708 782 968 763 707 638 231 616 185 238 870 16 514 306 119 844 953 795 819 974 25 281 479 930 104 914 257 473 733 883 412 622 568 333 193 256 285 577 1000 142 708 211 413 822 850 152 482 532 662 278 949 916 380 186 424 566 60 260 644 822 934 516 815 652 881 722 144 500 787 685 932 548 818 412 35 48 63 125 532 370 785 994 101 391 380 322 663 329 381 513 219
8 569 869 78 482 721 360 355 195 762 993 64 803 943 271 263 664 671 786 625 561 663 783 929 743 675 821 513 697 231 298 421 349 126 479 160 612 866 311 125 206 566 561 185 8 290 526 43 697 876 524 339 292 652 608 802 67 555 380 954 676 856 741 101 762 583 580 201 889 420 442 244 886 912 945 485 915 530 120 602 442 994 572 325 220 143 504 339 245 931 850 710 763 120 314 681 245 244 741 127
804 95 133 146 738 939 903 386 169 1 434 977 888 199 699 240 836 388 359 405 309 930 15 267 80 269 730 746 387 291 359 579 311 917 850 706 151 905 940 26 506 349 95 910 226 644 270 106 674 662 927 818 799 752 50 184 982 607 14 728 111 869 539 283 147 724 233 927 117 242 504 824 187 255 496 305 73 135 585 883 123 356 563 396 296 420 899 796 630 160 957 329 475 535 749 812 491 241 36 151
315 60 418 552 395 320 178 275 174 731 730 200 647 714 777 118 181 954 889 36 469 40 410 281 257 892 619 288 265 482 377 543 611 622 883 43 132 645 238 960 482 565 757 182 127 685 343 465 17 988 291 278 122 542 415 629 642 716 143 518 824 414 395 986 200 164 612 905 253 16 183 524 919 498 125 938 769 396 553 267 733 273 285 94 537 283 739 144 398 710 535 742 12 820 214 253 143 519 287 297
971 551 756 866 559 36 366 583 305 645 627 77 135 321 269 770 339 198 737 60 401 523 515 194 350 73 88 449 284 857 166 204 912 977 953 661 12 620 56 580 623 470 614 474 561 593 486 512 844 691 872 907 365 295 72 635 52 457 476 118 925 532 500 705 255 153 814 535 902 517 570 618 498 911 170 837 979 994 914 577 758 851 691 405 179 414 746 747 790 928 178 551 221 946 976 774 145 750 31 265
590 773 75 828 483 966 328 751 91 925 675 544 594 269 484 238 592 204 589 143 143 111 556 349 968 231 189 280 533 784 982 121 784 859 749 251 362 597 876 166 860 131 404 999 528 826 15 976 11 29 708 832 588 716 202 830 221 491 408 199 510 730 704 987 287 693 361 857 647 258 224 613 337 327 307 401 492 818 583 890 354 543 430 552 215 816 249 399 74 490 580 544 495 333 424 424 245 170 134 339
104 107 33 277 500 834 150 106 861 210 661 541 580 621 342 543 600 702 892 972 953 474 687 555 952 565 873 359 88 814 128 66 969 624 936 22 64 286 498 707 237 839 552 543 978 55 589 122 874 223 230 198 347 584 663 125 891 630 522 788 843 741 25 664 371 153 537 629 686 382 507 816 236 141 5 572 645 254 824 759 868 176 866 342 346 213 840 550 863 767 272 326 640 682 866 774 308 328 610 605
902 715 520 195 179 492 227 997 973 978 161 186 225 865 251 659 651 951 816 597 9 189 957 810 576 271 640 936 970 503 481 453 112 312 614 248 160 151 727 114 57 704 13 196 372 409 247 503 570 752 665 674 416 160 236 155 34 41 790 328 703 369 366 695 167 594 221 615 165 286 586 450 195 986 251 592 941 660 39 951 991 660 5 254 665 759 580 369 266 892 694 33 829 17 343 234 408 243 844 726
505 464 337 617 365 751 496 274 650 898 517 848 538 933 405 919 521 788 214 550 792 898 939 702 533 863 570 694 871 409 876 36 506 236 944 369 388 685 318 371 119 181 154 393 290 428 697 955 985 305 962 622 178 618 748 914 671 259 255 633 464 558 142 342 954 942 995 696 360 527 339 668 286 436 277 622 61 815 94 329 852 953 599 6 738 689 804 658 480 364 188 328 180 840 718 660 86 891 873 7
551 911 443 102 970 235 78 574 873 979 34 160 380 215 605 709 638 485 869 979 689 360 707 691 248 74 763 889 241 644 988 108 191 799 989 569 642 834 21 684 752 762 300 323 378 527 536 44 571 303 738 613 246 356 253 810 346 973 150 245 831 728 464 589 203 243 891 815 798 904 367 10 29 834 962 27 999 936 119 936 741 9 756 421 886 233 294 726 244 39 193 903 889 245 250 913 543 579 930 182
204 320 881 455 705 15 358 796 541 621 242 555 192 918 394 864 961 918 618 501 459 373 166 154 533 523 568 209 925 128 61 17 711 947 310 15 71 110 150 60 791 474 109 572 770 422 860 145 17 871 992 316 421 96 983 589 191 921 641 150 238 999 496 490 915 807 61 723 189 221 185 621 360 685 335 857 941 438 935 103 372 158 256 626 452 789 836 279 19 971 977 424 124 154 132 28 776 945 909 725
126 948 662 832 334 86 25 610 186 998 2 209 987 441 232 624 286 196 101 127 676 433 72 805 864 735 194 543 253 659 712 684 31 459 704 423 181 2 519 481 408 516 378 954 268 782 897 114 659 842 732 948 556 366 947 475 546 226 663 145 642 84 408 29 450 607 741 25 138 539 17 979 177 45 560 618 311 294 193 493 584 904 297 825 257 636 304 886 188 397 831 431 0 207 624 446 861 702 634 84
16 450 180 915 100 702 810 470 754 251 674 277 8 975 84 971 982 850 811 329 594 157 438 461 355 375 880 886 257 216 929 480 791 149 373 591 500 260 124 27 38 761 429 736 113 615 615 162 37 81 898 725 235 288 937 899 770 194 167 164 203 38 307 236 972 93 770 325 654 214 734 503 543 98 857 899 514 695 966 362 931 784 744 806 956 729 66 937 813 621 347 219 16 271 441 729 13 23 806 150
779 427 410 397 675 93 676 607 819 511 284 894 302 566 356 685 632 875 714 460 810 746 475 535 901 8 974 805 38 896 982 647 982 963 287 363 973 316 792 567 85 333 897 28 515 294 706 187 183 529 18 812 968 802 47 720 855 168 457 819 564 543 904 190 842 386 84 81 178 70 731 533 261 480 623 447 143 731 194 930 865 638 142 688 518 291 515 482 146 657 137 782 149 899 640 458 12 504 344 768
646 339 701 220 698 536 176 275 237 874 810 629 664 452 171 711 834 234 500 789 271 659 350 704 891 953 797 29 172 738 464 880 964 474 949 133 173 511 713 211 521 685 980 405 144 154 379 205 32 285 542 202 987 724 920 724 349 501 524 315 832 550 211 597 718 754 987 812 971 19 63 643 124 677 51 404 515 426 432 353 964 814 964 953 826 360 705 641 813 375 644 339 799 769 173 670 256 70 702 731
445 389 576 367 843 893 61 583 709 30 659 221 749 778 454 242 329 535 815 754 414 858 86 898 364 779 948 441 914 1000 580 398 467 782 997 735 822 707 826 64 103 950 87 529 392 941 181 981 948 977 283 858 620 90 57 910 860 50 158 303 680 77 609 774 377 567 644 935 592 858 493 416 694 308 365 738 516 266 83 781 462 273 297 902 542 845 972 890 106 992 863 602 163 8 246 14 432 283 45 809
337 130 53 986 210 317 895 370 676 604 61 582 860 233 931 433 135 726 237 836 803 631 682 790 94 937 356 458 780 626 671 326 453 11 445 402 434 381 980 917 825 598 742 178 604 914 384 733 50 647 472 830 234 248 187 488 347 436 413 948 188 574 591 659 517 426 999 336 880 902 746 302 316 858 185 608 377 576 721 547 79 329 908 597 735 581 429 235 204 812 136 87 807 615 737 514 565 185 958 557
666 496 602 613 822 277 871 482 533 921 368 653 690 59 346 911 995 986 959 457 290 703 766 760 992 678 286 998 899 686 445 860 645 830 608 632 668 303 492 314 68 210 673 635 247 188 279 26 141 10 666 838 334 503 63 954 18 121 955 269 292 621 659 753 729 328 828 74 663 129 306 625 954 319 423 747 390 205 234 221 694 930 630 429 206 976 986 192 499 861 125 775 652 639 531 287 243 180 826 875
68 643 352 235 941 367 388 223 398 24 558 426 29 916 171 114 330 84 368 650 893 142 735 361 976 616 892 890 276 23 302 281 551 430 570 933 640 514 543 798 530 812 158 673 11 528 592 370 843 368 57 88 999 496 404 187 945 482 70 790 154 901 891 192 337 763 194 609 699 787 770 991 48 374 606 290 50 372 880 718 850 219 290 863 767 163 919 778 294 73 528 915 689 636 686 792 17 891 266 184
469 31 916 216 123 616 190 897 140 555 342 11 153 404 7 454 112 181 623 356 835 130 365 474 220 986 784 225 450 858 441 897 487 33 857 909 22 486 512 227 650 959 45 718 915 493 326 472 286 599 981 988 52 642 947 679 787 916 791 978 674 503 975 499 346 700 372 394 343 380 677 787 499 887 284 305 422 683 566 399 479 635 21 790 71 214 768 762 196 308 594 416 797 7 96 794 893 254 220 235
426 534 45 63 640 195 745 5 480 478 648 180 85 998 291 18 768 516 642 68 203 100 355 950 566 14 21 343 745 46 568 780 183 136 203 635 876 931 366 212 358 987 305 320 697 299 149 942 304 964 41 666 580 58 384 503 232 439 111 761 137 807 89 221 104 385 123 510 88 204 819 752 602 895 381 594 389 323 503 278 659 92 197 246 516 666 177 670 514 356 202 525 423 82 546 766 16 878 206 755
548 427 396 356 256 155 158 798 143 227 140 723 833 147 67 190 431 394 250 691 257 481 807 531 836 347 427 551 620 807 320 211 981 112 708 294 748 336 435 390 50 177 552 835 480 383 710 68 329 575 503 534 882 505 502 420 722 583 730 869 13 648 52 751 139 153 95 983 69 119 912 274 914 918 307 551 38 444 348 724 421 185 524 644 133 939 406 78 17 57 538 520 309 97 761 637 545 11 635 74
673 167 483 277 212 855 955 257 124 796 397 188 46 950 494 183 335 364 648 31 173 554 613 209 342 291 360 549 750 725 939 128 368 252 748 167 175 91 816 515 975 105 941 751 770 864 125 420 185 921 612 177 865 686 354 677 831 117 50 94 797 540 440 680 254 578 864 600 897 906 3 757 143 995 164 110 8 986 356 236 160 302 4 119 603 369 964 991 469 96 148 943 577 656 937 934 110 58 537 184
33 244 978 632 977 542 324 901 529 939 518 508 570 908 108 532 747 316 140 646 673 91 263 73 897 379 321 64 242 572 494 49 723 188 599 837 439 377 650 655 686 458 273 357 896 578 27 914 987 749 701 262 155 866 89 159 380 173 523 103 933 116 845 280 981 413 969 365 159 368 149 562 710 897 344 240 745 455 597 211 676 19 961 730 963 923 154 614 189 129 705 714 570 259 754 17 384 218 132 949
159 196 613 703 969 373 483 88 667 98 250 649 845 652 140 856 549 58 606 467 389 245 246 8 280 113 224 118 26 349 852 98 358 618 228 31 795 143 240 865 884 717 814 333 166 237 187 775 362 310 374 811 15 755 754 51 777 640 627 619 503 190 426 602 791 478 737 158 78 405 827 59 601 624 211 744 754 189 525 710 490 57 489 25 351 106 630 6 333 716 595 220 762 257 544 463 413 19 224 881
128 741 85 73 283 716 978 50 535 478 934 528 342 914 439 774 897 381 532 97 258 188 107 670 333 556 554 127 31 21 996 599 729 762 131 289 546 157 904 85 750 465 198 804 101 295 693 156 57 620 197 246 245 5 813 939 206 227 113 124 832 543 787 475 654 739 752 54 374 561 694 158 797 316 266 461 31 119 285 253 86 505 349 261 404 130 755 210 972 573 542 444 105 631 323 399 374 257 166 672
662 256 481 31 157 177 947 422 945 339 142 530 950 530 111 256 275 730 981 294 267 689 529 19 71 342 730 563 518 392 588 66 602 163 713 928 584 154 58 670 608 103 559 128 168 228 627 891 825 649 243 739 675 916 677 782 929 687 731 745 843 628 237 528 614 693 433 376 314 862 525 682 325 429 405 611 292 121 922 405 782 674 410 192 195 537 333 295 306 756 845 469 862 293 584 635 769 921 463 206
343 509 207 832 241 951 177 655 555 913 318 368 822 814 236 229 200 586 451 95 716 782 11 135 298 663 374 511 984 568 176 182 218 407 313 679 82 967 716 995 587 61 621 529 902 622 467 706 288 58 625 235 399 406 952 143 375 690 273 535 599 77 597 190 739 151 722 940 539 54 878 68 421 35 267 751 710 326 803 712 600 380 539 162 747 908 28 511 75 650 977 513 261 957 20 16 723 383 277 824
630 510 541 753 505 137 978 327 772 939 506 892 522 842 619 480 138 102 196 649 32 954 661 867 732 383 352 414 553 749 867 404 536 575 384 600 530 585 389 820 982 805 725 571 648 44 111 519 285 145 857 795 839 189 378 585 913 245 746 219 752 150 228 917 330 605 537 409 919 833 617 167 167 756 674 916 903 277 195 810 992 764 377 199 100 500 254 9 530 65 250 434 568 141 469 217 480 573 79 913
476 83 786 996 486 762 621 78 85 143 665 940 440 242 732 106 952 437 645 714 193 676 849 143 159 500 807 939 708 868 824 312 738 435 574 70 460 648 42 311 815 61 318 122 50 407 95 948 399 864 962 983 710 993 762 96 974 308 199 141 53 892 728 324 945 94 603 430 233 305 304 272 781 275 153 523 558 991 788 325 331 656 803 36 278 926 148 538 998 788 629 103 944 661 784 965 47 192 883 773
802 698 108 7 135 403 611 149 40 477 783 363 892 3 651 986 948 924 654 675 572 90 534 692 494 277 211 1000 262 841 987 742 449 257 581 559 461 794 859 792 55 826 535 778 132 545 506 715 684 484 48 983 690 757 113 528 297 630 80 484 849 682 121 608 495 190 474 485 198 21 256 748 379 227 513 362 832 231 685 663 705 259 869 906 137 200 291 640 298 49 587 596 652 722 196 604 533 807 766 170
130 365 873 790 175 724 39 867 31 697 678 443 86 538 114 897 647 763 184 122 481 185 117 74 788 489 764 699 529 253 108 293 760 504 319 214 473 914 244 931 790 585 606 732 251 73 432 904 415 521 557 432 958 15 193 871 693 806 341 168 859 493 25 25 585 429 311 793 375 854 757 154 820 819 778 440 297 636 74 467 346 764 56 604 687 474 279 462 972 622 433 24 417 851 311 983 334 626 771 920
958 190 411 389 102 48 96 664 700 374 645 186 287 712 174 842 682 609 89 637 975 793 716 378 653 138 841 467 974 863 822 332 783 58 937 293 655 411 988 399 650 768 366 921 840 727 73 44 48 596 733 404 667 979 146 139 997 731 191 599 784 972 716 937 754 922 547 222 834 970 197 413 355 584 74 539 163 941 152 802 957 854 247 77 282 135 78 192 952 222 374 165 515 115 214 856 288 979 253 49
444 739 426 270 918 463 459 210 565 978 879 573 155 378 577 981 881 472 992 942 525 474 206 725 817 323 64 579 653 459 509 932 440 218 641 53 256 671 944 88 715 346 530 480 263 214 327 812 592 71 227 4 285 713 969 626 462 355 495 767 774 698 852 425 63 708 330 853 156 466 871 777 701 966 97 395 381 376 312 111 695 517 715 325 769 424 695 738 846 380 108 592 670 733 562 722 10 716 639 836
752 351 313 882 101 409 678 576 415 707 29 290 411 240 26 618 652 948 815 558 83 762 869 715 841 991 989 990 621 986 121 424 842 18 429 649 881 324 733 886 695 697 872 151 628 925 405 394 464 228 667 904 295 749 465 616 981 729 784 953 482 669 549 322 985 441 957 343 209 12 113 471 734 164 565 73 128 917 194 299 493 832 565 514 689 793 533 232 723 16 114 154 195 82 160 160 1 813 524 278
217 342 936 754 302 267 510 941 935 826 732 240 495 631 46 493 389 794 934 327 978 822 70 575 908 782 113 382 576 589 743 213 595 516 411 6 327 24 613 814 606 568 255 379 348 889 903 182 485 308 719 641 965 549 458 657 452 909 292 76 267 1000 663 651 730 895 332 992 444 412 849 835 622 170 832 834 792 63 130 857 838 260 362 278 640 578 912 789 18 485 110 175 384 942 440 684 392 449 721 260
762 100 336 400 581 219 447 45 306 156 483 676 373 916 1000 315 249 216 321 575 343 906 571 444 651 785 137 936 840 453 423 868 310 895 353 636 280 700 275 551 651 554 981 616 540 138 586 662 73 336 835 508 620 858 418 489 435 193 964 110 331 839 369 364 466 278 374 38 784 824 827 507 66 90 714 174 813 142 12 88 560 502 117 4 562 474 63 14 336 603 305 886 339 625 524 649 685 329 798 423
226 292 550 851 243 809 674 799 57 196 917 511 778 768 744 106 609 36 578 778 754 224 19 613 872 638 461 796 751 363 469 444 210 913 659 612 603 247 185 348 518 117 574 874 460 644 324 12 561 25 960 692 896 34 945 97 154 196 979 716 71 443 620 78 995 240 8 887 809 37 372 637 194 848 904 929 271 338 186 138 736 395 676 201 328 692 897 246 141 280 111 434 34 15 511 584 97 575 323 188
314 562 557 580 71 745 413 3 184 890 417 313 312 775 665 435 396 592 309 535 75 427 507 533 262 339 17 876 369 535 831 233 273 727 5 493 212 169 130 304 840 229 221 789 163 733 11 620 377 930 348 638 165 284 661 394 155 234 903 420 17 968 658 916 346 566 31 743 979 762 530 662 679 841 267 524 302 182 331 540 761 194 752 476 678 314 679 440 237 191 23 457 314 532 460 758 515 923 381 388
351 947 640 786 411 376 591 696 53 422 113 774 495 674 426 370 305 578 757 712 180 754 264 502 7 986 436 633 242 576 263 721 959 974 243 572 287 224 142 351 649 969 750 204 735 346 771 280 989 829 643 544 931 519 46 962 370 28 398 683 29 822 798 402 737 880 238 68 885 175 280 201 2 785 309 512 655 379 222 324 585 619 815 363 809 143 963 88 159 794 514 218 508 723 502 916 681 286 244 927
